0.000000000000000000e+00,0.000000000000000000e+00,0.000000000000000000e+00,0.000000000000000000e+00,0.000000000000000000e+00,0.000000000000000000e+00,0.000000000000000000e+00,0.000000000000000000e+00,0.000000000000000000e+00,0.000000000000000000e+00,0.000000000000000000e+00,0.000000000000000000e+00,0.000000000000000000e+00,0.000000000000000000e+00,0.000000000000000000e+00,0.000000000000000000e+00,0.000000000000000000e+00,0.000000000000000000e+00,0.000000000000000000e+00,0.000000000000000000e+00,0.000000000000000000e+00,0.000000000000000000e+00,0.000000000000000000e+00,0.000000000000000000e+00,0.000000000000000000e+00,0.000000000000000000e+00,0.000000000000000000e+00,0.000000000000000000e+00,0.000000000000000000e+00,0.000000000000000000e+00,0.000000000000000000e+00,0.000000000000000000e+00,0.000000000000000000e+00,0.000000000000000000e+00,0.000000000000000000e+00,0.000000000000000000e+00,0.000000000000000000e+00,0.000000000000000000e+00,0.000000000000000000e+00,0.000000000000000000e+00,0.000000000000000000e+00,0.000000000000000000e+00,0.000000000000000000e+00,0.000000000000000000e+00,0.000000000000000000e+00,0.000000000000000000e+00,0.000000000000000000e+00,0.000000000000000000e+00,0.000000000000000000e+00,0.000000000000000000e+00,0.000000000000000000e+00,0.000000000000000000e+00,0.000000000000000000e+00,0.000000000000000000e+00,0.000000000000000000e+00,0.000000000000000000e+00,0.000000000000000000e+00,0.000000000000000000e+00,0.000000000000000000e+00,0.000000000000000000e+00,0.000000000000000000e+00,0.000000000000000000e+00,0.000000000000000000e+00,0.000000000000000000e+00,0.000000000000000000e+00,0.000000000000000000e+00,0.000000000000000000e+00,0.000000000000000000e+00,0.000000000000000000e+00,0.000000000000000000e+00,0.000000000000000000e+00,0.000000000000000000e+00,0.000000000000000000e+00,0.000000000000000000e+00,0.000000000000000000e+00,0.000000000000000000e+00,0.000000000000000000e+00,0.000000000000000000e+00,0.000000000000000000e+00,0.000000000000000000e+00,0.000000000000000000e+00,0.000000000000000000e+00,0.000000000000000000e+00,0.000000000000000000e+00,0.000000000000000000e+00,0.000000000000000000e+00,0.000000000000000000e+00,0.000000000000000000e+00,0.000000000000000000e+00,0.000000000000000000e+00,0.000000000000000000e+00,0.000000000000000000e+00,0.000000000000000000e+00,0.000000000000000000e+00,0.000000000000000000e+00,0.000000000000000000e+00,0.000000000000000000e+00,0.000000000000000000e+00,0.000000000000000000e+00,0.000000000000000000e+00
0.000000000000000000e+00,1.000000000000000000e+00,1.000000000000000000e+00,1.000000000000000000e+00,1.000000000000000000e+00,1.000000000000000000e+00,1.000000000000000000e+00,1.000000000000000000e+00,1.000000000000000000e+00,1.000000000000000000e+00,1.000000000000000000e+00,1.000000000000000000e+00,1.000000000000000000e+00,1.000000000000000000e+00,1.000000000000000000e+00,1.000000000000000000e+00,1.000000000000000000e+00,1.000000000000000000e+00,1.000000000000000000e+00,1.000000000000000000e+00,1.000000000000000000e+00,1.000000000000000000e+00,1.000000000000000000e+00,1.000000000000000000e+00,1.000000000000000000e+00,1.000000000000000000e+00,1.000000000000000000e+00,1.000000000000000000e+00,1.000000000000000000e+00,1.000000000000000000e+00,1.000000000000000000e+00,1.000000000000000000e+00,1.000000000000000000e+00,1.000000000000000000e+00,1.000000000000000000e+00,1.000000000000000000e+00,-1.000000000000000000e+00,1.000000000000000000e+00,1.000000000000000000e+00,1.000000000000000000e+00,1.000000000000000000e+00,1.000000000000000000e+00,-1.000000000000000000e+00,1.000000000000000000e+00,1.000000000000000000e+00,1.000000000000000000e+00,1.000000000000000000e+00,-1.000000000000000000e+00,1.000000000000000000e+00,1.000000000000000000e+00,-1.000000000000000000e+00,1.000000000000000000e+00,1.000000000000000000e+00,-1.000000000000000000e+00,1.000000000000000000e+00,1.000000000000000000e+00,1.000000000000000000e+00,1.000000000000000000e+00,1.000000000000000000e+00,-1.000000000000000000e+00,1.000000000000000000e+00,1.000000000000000000e+00,1.000000000000000000e+00,1.000000000000000000e+00,1.000000000000000000e+00,1.000000000000000000e+00,-1.000000000000000000e+00,-1.000000000000000000e+00,1.000000000000000000e+00,-1.000000000000000000e+00,1.000000000000000000e+00,1.000000000000000000e+00,1.000000000000000000e+00,-1.000000000000000000e+00,-1.000000000000000000e+00,1.000000000000000000e+00,1.000000000000000000e+00,1.000000000000000000e+00,-1.000000000000000000e+00,1.000000000000000000e+00,1.000000000000000000e+00,1.000000000000000000e+00,-1.000000000000000000e+00,1.000000000000000000e+00,1.000000000000000000e+00,-1.000000000000000000e+00,1.000000000000000000e+00,1.000000000000000000e+00,1.000000000000000000e+00,-1.000000000000000000e+00,-9.767635533733624031e-01,1.000000000000000000e+00,1.000000000000000000e+00,-1.000000000000000000e+00,1.000000000000000000e+00,-1.000000000000000000e+00,-1.000000000000000000e+00,1.000000000000000000e+00,1.000000000000000000e+00,1.000000000000000000e+00
0.000000000000000000e+00,0.000000000000000000e+00,1.000000000000000000e+00,1.000000000000000000e+00,1.000000000000000000e+00,1.000000000000000000e+00,1.000000000000000000e+00,1.000000000000000000e+00,1.000000000000000000e+00,1.000000000000000000e+00,1.000000000000000000e+00,1.000000000000000000e+00,1.000000000000000000e+00,1.000000000000000000e+00,1.000000000000000000e+00,1.000000000000000000e+00,1.000000000000000000e+00,1.000000000000000000e+00,1.000000000000000000e+00,1.000000000000000000e+00,1.000000000000000000e+00,1.000000000000000000e+00,1.000000000000000000e+00,1.000000000000000000e+00,1.000000000000000000e+00,1.000000000000000000e+00,1.000000000000000000e+00,1.000000000000000000e+00,1.000000000000000000e+00,1.000000000000000000e+00,1.000000000000000000e+00,1.000000000000000000e+00,1.000000000000000000e+00,1.000000000000000000e+00,1.000000000000000000e+00,1.000000000000000000e+00,-4.590211989922404756e-01,1.000000000000000000e+00,1.000000000000000000e+00,1.000000000000000000e+00,1.000000000000000000e+00,1.000000000000000000e+00,-1.000000000000000000e+00,1.000000000000000000e+00,1.000000000000000000e+00,1.000000000000000000e+00,1.000000000000000000e+00,-1.000000000000000000e+00,1.000000000000000000e+00,1.000000000000000000e+00,-1.000000000000000000e+00,1.000000000000000000e+00,1.000000000000000000e+00,-1.000000000000000000e+00,1.000000000000000000e+00,1.000000000000000000e+00,1.000000000000000000e+00,1.000000000000000000e+00,1.000000000000000000e+00,-1.000000000000000000e+00,1.000000000000000000e+00,1.000000000000000000e+00,1.000000000000000000e+00,1.000000000000000000e+00,1.000000000000000000e+00,1.000000000000000000e+00,-1.000000000000000000e+00,-1.000000000000000000e+00,1.000000000000000000e+00,-1.000000000000000000e+00,1.000000000000000000e+00,1.000000000000000000e+00,1.000000000000000000e+00,-7.203490980253384190e-01,-1.000000000000000000e+00,1.000000000000000000e+00,1.000000000000000000e+00,1.000000000000000000e+00,-1.000000000000000000e+00,1.000000000000000000e+00,1.000000000000000000e+00,9.982084666281075894e-03,-1.000000000000000000e+00,1.000000000000000000e+00,1.000000000000000000e+00,-1.000000000000000000e+00,1.000000000000000000e+00,1.000000000000000000e+00,1.000000000000000000e+00,8.427705502942960461e-03,1.000000000000000000e+00,1.000000000000000000e+00,1.000000000000000000e+00,-1.000000000000000000e+00,1.000000000000000000e+00,-1.000000000000000000e+00,-1.000000000000000000e+00,1.000000000000000000e+00,1.000000000000000000e+00,1.000000000000000000e+00
0.000000000000000000e+00,0.000000000000000000e+00,0.000000000000000000e+00,1.000000000000000000e+00,1.000000000000000000e+00,1.000000000000000000e+00,1.000000000000000000e+00,1.000000000000000000e+00,1.000000000000000000e+00,1.000000000000000000e+00,1.000000000000000000e+00,1.000000000000000000e+00,1.000000000000000000e+00,1.000000000000000000e+00,1.000000000000000000e+00,1.000000000000000000e+00,1.000000000000000000e+00,1.000000000000000000e+00,1.000000000000000000e+00,1.000000000000000000e+00,1.000000000000000000e+00,1.000000000000000000e+00,1.000000000000000000e+00,1.000000000000000000e+00,1.000000000000000000e+00,1.000000000000000000e+00,1.000000000000000000e+00,1.000000000000000000e+00,1.000000000000000000e+00,1.000000000000000000e+00,1.000000000000000000e+00,1.000000000000000000e+00,1.000000000000000000e+00,1.000000000000000000e+00,1.000000000000000000e+00,1.000000000000000000e+00,-1.572139661336144356e-02,1.000000000000000000e+00,1.000000000000000000e+00,1.000000000000000000e+00,1.000000000000000000e+00,1.000000000000000000e+00,-1.000000000000000000e+00,1.000000000000000000e+00,1.000000000000000000e+00,1.000000000000000000e+00,1.000000000000000000e+00,-1.000000000000000000e+00,1.000000000000000000e+00,1.000000000000000000e+00,-1.000000000000000000e+00,1.000000000000000000e+00,1.000000000000000000e+00,1.000000000000000000e+00,1.000000000000000000e+00,1.000000000000000000e+00,1.000000000000000000e+00,1.000000000000000000e+00,1.000000000000000000e+00,-1.000000000000000000e+00,1.000000000000000000e+00,1.000000000000000000e+00,1.000000000000000000e+00,1.000000000000000000e+00,1.000000000000000000e+00,1.000000000000000000e+00,-1.000000000000000000e+00,-1.000000000000000000e+00,1.000000000000000000e+00,-1.000000000000000000e+00,1.000000000000000000e+00,1.000000000000000000e+00,1.000000000000000000e+00,1.000000000000000000e+00,-1.000000000000000000e+00,1.000000000000000000e+00,1.000000000000000000e+00,1.000000000000000000e+00,-1.000000000000000000e+00,1.000000000000000000e+00,1.000000000000000000e+00,1.000000000000000000e+00,-1.000000000000000000e+00,1.000000000000000000e+00,1.000000000000000000e+00,-1.000000000000000000e+00,1.000000000000000000e+00,1.000000000000000000e+00,9.236495629152892128e-01,1.000000000000000000e+00,1.000000000000000000e+00,1.000000000000000000e+00,1.000000000000000000e+00,-1.000000000000000000e+00,1.000000000000000000e+00,-1.000000000000000000e+00,-1.000000000000000000e+00,1.000000000000000000e+00,1.000000000000000000e+00,1.000000000000000000e+00
0.000000000000000000e+00,0.000000000000000000e+00,0.000000000000000000e+00,0.000000000000000000e+00,1.000000000000000000e+00,1.000000000000000000e+00,1.000000000000000000e+00,1.000000000000000000e+00,1.000000000000000000e+00,1.000000000000000000e+00,1.000000000000000000e+00,1.000000000000000000e+00,1.000000000000000000e+00,1.000000000000000000e+00,1.000000000000000000e+00,1.000000000000000000e+00,1.000000000000000000e+00,1.000000000000000000e+00,1.000000000000000000e+00,1.000000000000000000e+00,1.000000000000000000e+00,1.000000000000000000e+00,1.000000000000000000e+00,1.000000000000000000e+00,1.000000000000000000e+00,1.000000000000000000e+00,1.000000000000000000e+00,1.000000000000000000e+00,1.000000000000000000e+00,1.000000000000000000e+00,1.000000000000000000e+00,1.000000000000000000e+00,1.000000000000000000e+00,1.000000000000000000e+00,1.000000000000000000e+00,1.000000000000000000e+00,-1.000000000000000000e+00,1.000000000000000000e+00,1.000000000000000000e+00,1.000000000000000000e+00,1.000000000000000000e+00,1.000000000000000000e+00,-1.000000000000000000e+00,1.000000000000000000e+00,1.000000000000000000e+00,1.000000000000000000e+00,4.479114018624721916e-01,-1.000000000000000000e+00,1.000000000000000000e+00,1.000000000000000000e+00,-1.000000000000000000e+00,1.000000000000000000e+00,1.000000000000000000e+00,1.000000000000000000e+00,1.000000000000000000e+00,1.000000000000000000e+00,1.000000000000000000e+00,1.000000000000000000e+00,1.000000000000000000e+00,-1.000000000000000000e+00,1.000000000000000000e+00,1.000000000000000000e+00,1.000000000000000000e+00,1.000000000000000000e+00,1.000000000000000000e+00,1.000000000000000000e+00,-1.000000000000000000e+00,-1.000000000000000000e+00,1.000000000000000000e+00,-1.000000000000000000e+00,1.000000000000000000e+00,1.000000000000000000e+00,1.000000000000000000e+00,4.403193599880460551e-01,7.716763864002355033e-01,1.000000000000000000e+00,1.000000000000000000e+00,1.000000000000000000e+00,-1.130843938469225096e-01,1.000000000000000000e+00,1.000000000000000000e+00,1.000000000000000000e+00,-1.000000000000000000e+00,1.000000000000000000e+00,1.000000000000000000e+00,-1.000000000000000000e+00,1.000000000000000000e+00,1.000000000000000000e+00,1.000000000000000000e+00,-3.952137528271322531e-02,1.000000000000000000e+00,1.000000000000000000e+00,1.000000000000000000e+00,-1.000000000000000000e+00,-1.618591573122907523e-01,-1.000000000000000000e+00,-1.000000000000000000e+00,1.000000000000000000e+00,1.000000000000000000e+00,1.000000000000000000e+00
0.000000000000000000e+00,0.000000000000000000e+00,0.000000000000000000e+00,0.000000000000000000e+00,0.000000000000000000e+00,1.000000000000000000e+00,9.412892985605245677e-01,1.000000000000000000e+00,1.000000000000000000e+00,1.000000000000000000e+00,1.000000000000000000e+00,1.000000000000000000e+00,1.000000000000000000e+00,1.000000000000000000e+00,1.000000000000000000e+00,1.000000000000000000e+00,1.000000000000000000e+00,1.000000000000000000e+00,1.000000000000000000e+00,1.000000000000000000e+00,1.000000000000000000e+00,1.000000000000000000e+00,1.000000000000000000e+00,1.000000000000000000e+00,1.000000000000000000e+00,1.000000000000000000e+00,1.000000000000000000e+00,1.000000000000000000e+00,1.000000000000000000e+00,1.000000000000000000e+00,1.000000000000000000e+00,1.000000000000000000e+00,1.000000000000000000e+00,1.000000000000000000e+00,1.000000000000000000e+00,1.000000000000000000e+00,-2.665936167781211563e-01,1.000000000000000000e+00,1.000000000000000000e+00,1.000000000000000000e+00,1.000000000000000000e+00,1.000000000000000000e+00,-1.000000000000000000e+00,1.000000000000000000e+00,1.000000000000000000e+00,1.000000000000000000e+00,1.000000000000000000e+00,-1.000000000000000000e+00,1.000000000000000000e+00,1.000000000000000000e+00,-1.000000000000000000e+00,1.000000000000000000e+00,1.000000000000000000e+00,9.773480266086951307e-01,1.000000000000000000e+00,1.000000000000000000e+00,1.000000000000000000e+00,1.000000000000000000e+00,1.000000000000000000e+00,-1.000000000000000000e+00,1.000000000000000000e+00,1.000000000000000000e+00,1.000000000000000000e+00,1.000000000000000000e+00,1.000000000000000000e+00,1.000000000000000000e+00,-1.000000000000000000e+00,-1.000000000000000000e+00,1.000000000000000000e+00,-1.000000000000000000e+00,1.000000000000000000e+00,1.000000000000000000e+00,1.000000000000000000e+00,7.172957478316595026e-01,-3.726590971232234817e-01,1.000000000000000000e+00,1.000000000000000000e+00,1.000000000000000000e+00,-6.750972664799858025e-01,1.000000000000000000e+00,1.000000000000000000e+00,8.369116956737661095e-01,-1.000000000000000000e+00,1.000000000000000000e+00,1.000000000000000000e+00,-1.000000000000000000e+00,1.000000000000000000e+00,1.000000000000000000e+00,1.000000000000000000e+00,6.026708361812248560e-01,1.000000000000000000e+00,1.000000000000000000e+00,1.000000000000000000e+00,-1.000000000000000000e+00,6.673483689926523743e-01,-1.000000000000000000e+00,-1.000000000000000000e+00,1.000000000000000000e+00,1.000000000000000000e+00,1.000000000000000000e+00
0.000000000000000000e+00,0.000000000000000000e+00,0.000000000000000000e+00,0.000000000000000000e+00,0.000000000000000000e+00,0.000000000000000000e+00,1.000000000000000000e+00,1.000000000000000000e+00,1.000000000000000000e+00,1.000000000000000000e+00,1.000000000000000000e+00,1.000000000000000000e+00,1.000000000000000000e+00,1.000000000000000000e+00,1.000000000000000000e+00,1.000000000000000000e+00,1.000000000000000000e+00,1.000000000000000000e+00,1.000000000000000000e+00,1.000000000000000000e+00,1.000000000000000000e+00,1.000000000000000000e+00,1.000000000000000000e+00,1.000000000000000000e+00,1.000000000000000000e+00,1.000000000000000000e+00,1.000000000000000000e+00,1.000000000000000000e+00,1.000000000000000000e+00,1.000000000000000000e+00,1.000000000000000000e+00,1.000000000000000000e+00,1.000000000000000000e+00,1.000000000000000000e+00,1.000000000000000000e+00,1.000000000000000000e+00,-1.000000000000000000e+00,1.000000000000000000e+00,1.000000000000000000e+00,1.000000000000000000e+00,1.000000000000000000e+00,1.000000000000000000e+00,-1.000000000000000000e+00,1.000000000000000000e+00,1.000000000000000000e+00,7.217927754985478117e-01,-3.825243445582997559e-01,-1.000000000000000000e+00,1.000000000000000000e+00,1.000000000000000000e+00,-1.000000000000000000e+00,1.000000000000000000e+00,1.000000000000000000e+00,8.935507173777936796e-01,1.000000000000000000e+00,1.000000000000000000e+00,1.000000000000000000e+00,1.000000000000000000e+00,1.000000000000000000e+00,-1.000000000000000000e+00,1.000000000000000000e+00,1.000000000000000000e+00,1.000000000000000000e+00,1.000000000000000000e+00,1.000000000000000000e+00,1.000000000000000000e+00,-1.000000000000000000e+00,-1.000000000000000000e+00,1.000000000000000000e+00,-1.000000000000000000e+00,1.000000000000000000e+00,1.000000000000000000e+00,1.000000000000000000e+00,-1.265631223056983834e-01,6.894343864380350628e-02,1.000000000000000000e+00,1.000000000000000000e+00,1.000000000000000000e+00,1.114332310942500320e-01,9.815142351814213351e-01,1.000000000000000000e+00,9.941076300778515229e-01,-1.000000000000000000e+00,1.000000000000000000e+00,1.000000000000000000e+00,-1.000000000000000000e+00,1.000000000000000000e+00,1.000000000000000000e+00,1.000000000000000000e+00,-2.761356947099480319e-01,1.000000000000000000e+00,1.000000000000000000e+00,1.000000000000000000e+00,-1.000000000000000000e+00,-4.284843379745003622e-01,-1.000000000000000000e+00,-8.686514812293733012e-01,1.000000000000000000e+00,1.000000000000000000e+00,1.000000000000000000e+00
0.000000000000000000e+00,0.000000000000000000e+00,0.000000000000000000e+00,0.000000000000000000e+00,0.000000000000000000e+00,0.000000000000000000e+00,0.000000000000000000e+00,1.000000000000000000e+00,1.000000000000000000e+00,1.000000000000000000e+00,1.000000000000000000e+00,1.000000000000000000e+00,1.000000000000000000e+00,1.000000000000000000e+00,1.000000000000000000e+00,1.000000000000000000e+00,1.000000000000000000e+00,1.000000000000000000e+00,1.000000000000000000e+00,1.000000000000000000e+00,1.000000000000000000e+00,1.000000000000000000e+00,1.000000000000000000e+00,1.000000000000000000e+00,1.000000000000000000e+00,1.000000000000000000e+00,1.000000000000000000e+00,1.000000000000000000e+00,1.000000000000000000e+00,1.000000000000000000e+00,1.000000000000000000e+00,1.000000000000000000e+00,1.000000000000000000e+00,1.000000000000000000e+00,1.000000000000000000e+00,1.000000000000000000e+00,-5.102246139932191671e-01,1.000000000000000000e+00,1.000000000000000000e+00,1.000000000000000000e+00,1.000000000000000000e+00,1.000000000000000000e+00,-1.000000000000000000e+00,1.000000000000000000e+00,1.000000000000000000e+00,5.527283327821679304e-01,6.536702629982152901e-01,-1.000000000000000000e+00,1.000000000000000000e+00,1.000000000000000000e+00,-1.000000000000000000e+00,1.000000000000000000e+00,1.000000000000000000e+00,1.000000000000000000e+00,1.000000000000000000e+00,1.000000000000000000e+00,1.000000000000000000e+00,1.000000000000000000e+00,9.667568726825175318e-01,-1.000000000000000000e+00,1.000000000000000000e+00,1.000000000000000000e+00,1.000000000000000000e+00,1.000000000000000000e+00,1.000000000000000000e+00,9.596223626497167869e-01,-1.000000000000000000e+00,-9.594277314921497712e-01,1.000000000000000000e+00,-7.110600637373060140e-01,1.000000000000000000e+00,1.000000000000000000e+00,1.000000000000000000e+00,1.000000000000000000e+00,6.134151638495030645e-02,1.000000000000000000e+00,1.000000000000000000e+00,1.000000000000000000e+00,1.952851790703814538e-01,4.538338570485798695e-01,1.000000000000000000e+00,1.000000000000000000e+00,-8.206244575328716095e-01,1.000000000000000000e+00,1.000000000000000000e+00,-1.000000000000000000e+00,1.000000000000000000e+00,5.179272444931197761e-01,4.682132499645761947e-01,7.252184093012661315e-01,1.000000000000000000e+00,1.000000000000000000e+00,1.000000000000000000e+00,-1.000000000000000000e+00,-1.797807788790697359e-01,-1.000000000000000000e+00,-1.000000000000000000e+00,1.000000000000000000e+00,1.000000000000000000e+00,1.000000000000000000e+00
0.000000000000000000e+00,0.000000000000000000e+00,0.000000000000000000e+00,0.000000000000000000e+00,0.000000000000000000e+00,0.000000000000000000e+00,0.000000000000000000e+00,0.000000000000000000e+00,1.000000000000000000e+00,8.493451349136663664e-01,8.236036577798354630e-01,1.000000000000000000e+00,1.000000000000000000e+00,1.000000000000000000e+00,9.041775888609997480e-01,1.000000000000000000e+00,1.000000000000000000e+00,1.000000000000000000e+00,1.000000000000000000e+00,1.000000000000000000e+00,1.000000000000000000e+00,1.000000000000000000e+00,1.000000000000000000e+00,1.000000000000000000e+00,1.000000000000000000e+00,1.000000000000000000e+00,1.000000000000000000e+00,1.000000000000000000e+00,1.000000000000000000e+00,1.000000000000000000e+00,9.343260434633611222e-01,1.000000000000000000e+00,9.751332522293215677e-01,1.000000000000000000e+00,1.000000000000000000e+00,1.000000000000000000e+00,2.469115426283505221e-01,1.000000000000000000e+00,1.000000000000000000e+00,1.000000000000000000e+00,1.000000000000000000e+00,1.000000000000000000e+00,1.952822182668448314e-01,1.000000000000000000e+00,1.000000000000000000e+00,8.037127700468076341e-01,1.000000000000000000e+00,9.163368917727662821e-02,1.000000000000000000e+00,1.000000000000000000e+00,-9.530916456258704539e-01,1.000000000000000000e+00,1.000000000000000000e+00,1.000000000000000000e+00,1.000000000000000000e+00,1.000000000000000000e+00,1.000000000000000000e+00,1.000000000000000000e+00,7.988637672606802020e-01,-6.316909106654594597e-01,1.000000000000000000e+00,1.000000000000000000e+00,1.000000000000000000e+00,1.000000000000000000e+00,1.000000000000000000e+00,2.635385242553469065e-01,-1.000000000000000000e+00,-7.950246888266083722e-01,1.000000000000000000e+00,-1.000000000000000000e+00,9.883409886851931558e-01,1.000000000000000000e+00,1.000000000000000000e+00,5.673279094304990444e-01,1.000000000000000000e+00,1.000000000000000000e+00,1.000000000000000000e+00,1.000000000000000000e+00,-1.389597787761578419e-02,7.192796646319218334e-01,1.000000000000000000e+00,4.161809435386667477e-01,-3.567486926429936367e-01,1.000000000000000000e+00,1.000000000000000000e+00,-1.000000000000000000e+00,1.000000000000000000e+00,3.709910343010786038e-01,9.316456699736087588e-01,4.582033362731394166e-01,1.000000000000000000e+00,1.000000000000000000e+00,1.000000000000000000e+00,-1.000000000000000000e+00,1.980120413158639736e-01,-1.000000000000000000e+00,-3.238717393139325940e-01,1.000000000000000000e+00,1.000000000000000000e+00,1.000000000000000000e+00
0.000000000000000000e+00,0.000000000000000000e+00,0.000000000000000000e+00,0.000000000000000000e+00,0.000000000000000000e+00,0.000000000000000000e+00,0.000000000000000000e+00,0.000000000000000000e+00,0.000000000000000000e+00,1.000000000000000000e+00,9.753840006735405854e-01,1.000000000000000000e+00,1.000000000000000000e+00,1.000000000000000000e+00,1.000000000000000000e+00,1.000000000000000000e+00,1.000000000000000000e+00,1.000000000000000000e+00,1.000000000000000000e+00,1.000000000000000000e+00,1.000000000000000000e+00,1.000000000000000000e+00,1.000000000000000000e+00,1.000000000000000000e+00,1.000000000000000000e+00,1.000000000000000000e+00,1.000000000000000000e+00,1.000000000000000000e+00,1.000000000000000000e+00,1.000000000000000000e+00,9.215855534896186807e-01,1.000000000000000000e+00,1.000000000000000000e+00,1.000000000000000000e+00,1.000000000000000000e+00,1.000000000000000000e+00,-3.886990512752011018e-01,1.000000000000000000e+00,1.000000000000000000e+00,1.000000000000000000e+00,1.000000000000000000e+00,1.000000000000000000e+00,-1.000000000000000000e+00,1.000000000000000000e+00,1.000000000000000000e+00,8.199874202676955548e-01,2.483391627302450055e-01,-1.000000000000000000e+00,1.000000000000000000e+00,1.000000000000000000e+00,-1.000000000000000000e+00,1.000000000000000000e+00,1.000000000000000000e+00,1.975236112069730376e-01,1.000000000000000000e+00,1.000000000000000000e+00,1.000000000000000000e+00,1.000000000000000000e+00,1.000000000000000000e+00,-1.000000000000000000e+00,1.000000000000000000e+00,1.000000000000000000e+00,1.000000000000000000e+00,1.000000000000000000e+00,1.000000000000000000e+00,9.135591062206572799e-01,-1.000000000000000000e+00,-1.000000000000000000e+00,1.000000000000000000e+00,-1.000000000000000000e+00,1.000000000000000000e+00,1.000000000000000000e+00,1.000000000000000000e+00,-1.958406266866959955e-01,-2.483428993350948744e-02,1.000000000000000000e+00,1.000000000000000000e+00,1.000000000000000000e+00,-5.455109686531924851e-01,1.000000000000000000e+00,1.000000000000000000e+00,3.004152866196366234e-01,-1.000000000000000000e+00,1.000000000000000000e+00,1.000000000000000000e+00,-1.000000000000000000e+00,1.000000000000000000e+00,9.853896309241588769e-01,9.485615532834718033e-01,-2.206637157112333048e-01,9.073252983066402155e-01,1.000000000000000000e+00,1.000000000000000000e+00,-1.000000000000000000e+00,3.815365720421095008e-01,-1.000000000000000000e+00,-6.881328745874821795e-01,1.000000000000000000e+00,1.000000000000000000e+00,1.000000000000000000e+00
0.000000000000000000e+00,0.000000000000000000e+00,0.000000000000000000e+00,0.000000000000000000e+00,0.000000000000000000e+00,0.000000000000000000e+00,0.000000000000000000e+00,0.000000000000000000e+00,0.000000000000000000e+00,0.000000000000000000e+00,1.000000000000000000e+00,1.000000000000000000e+00,1.000000000000000000e+00,1.000000000000000000e+00,1.000000000000000000e+00,1.000000000000000000e+00,1.000000000000000000e+00,1.000000000000000000e+00,1.000000000000000000e+00,1.000000000000000000e+00,1.000000000000000000e+00,1.000000000000000000e+00,1.000000000000000000e+00,1.000000000000000000e+00,1.000000000000000000e+00,1.000000000000000000e+00,1.000000000000000000e+00,1.000000000000000000e+00,1.000000000000000000e+00,1.000000000000000000e+00,6.871471466360031810e-01,1.000000000000000000e+00,1.000000000000000000e+00,1.000000000000000000e+00,1.000000000000000000e+00,1.000000000000000000e+00,-3.592384580010565820e-01,1.000000000000000000e+00,1.000000000000000000e+00,1.000000000000000000e+00,1.000000000000000000e+00,1.000000000000000000e+00,-1.000000000000000000e+00,1.000000000000000000e+00,1.000000000000000000e+00,9.511520877231003368e-01,3.237054254744021198e-01,-1.000000000000000000e+00,1.000000000000000000e+00,1.000000000000000000e+00,-1.000000000000000000e+00,1.000000000000000000e+00,1.000000000000000000e+00,-1.775035425184099125e-01,1.000000000000000000e+00,1.000000000000000000e+00,1.000000000000000000e+00,1.000000000000000000e+00,1.000000000000000000e+00,-1.000000000000000000e+00,1.000000000000000000e+00,1.000000000000000000e+00,1.000000000000000000e+00,1.000000000000000000e+00,1.000000000000000000e+00,8.047353478552902173e-01,-1.000000000000000000e+00,-1.000000000000000000e+00,1.000000000000000000e+00,-1.000000000000000000e+00,8.226039514686246390e-01,1.000000000000000000e+00,1.000000000000000000e+00,-5.257461203242124181e-01,-6.762747095303467404e-02,1.000000000000000000e+00,1.000000000000000000e+00,1.000000000000000000e+00,-6.520225270483701596e-01,1.000000000000000000e+00,1.000000000000000000e+00,2.877517238166654029e-02,-1.000000000000000000e+00,1.000000000000000000e+00,1.000000000000000000e+00,-1.000000000000000000e+00,1.000000000000000000e+00,1.000000000000000000e+00,1.000000000000000000e+00,-3.382082676661622433e-01,9.249489602701812530e-01,1.000000000000000000e+00,1.000000000000000000e+00,-1.000000000000000000e+00,5.684385420376549813e-01,-1.000000000000000000e+00,-2.476401138482737796e-01,1.000000000000000000e+00,1.000000000000000000e+00,1.000000000000000000e+00
0.000000000000000000e+00,0.000000000000000000e+00,0.000000000000000000e+00,0.000000000000000000e+00,0.000000000000000000e+00,0.000000000000000000e+00,0.000000000000000000e+00,0.000000000000000000e+00,0.000000000000000000e+00,0.000000000000000000e+00,0.000000000000000000e+00,1.000000000000000000e+00,1.000000000000000000e+00,1.000000000000000000e+00,8.879893760115911139e-01,1.000000000000000000e+00,1.000000000000000000e+00,1.000000000000000000e+00,1.000000000000000000e+00,1.000000000000000000e+00,1.000000000000000000e+00,1.000000000000000000e+00,1.000000000000000000e+00,1.000000000000000000e+00,1.000000000000000000e+00,1.000000000000000000e+00,1.000000000000000000e+00,1.000000000000000000e+00,1.000000000000000000e+00,1.000000000000000000e+00,9.213222289343454552e-01,1.000000000000000000e+00,1.000000000000000000e+00,1.000000000000000000e+00,1.000000000000000000e+00,1.000000000000000000e+00,-3.458929425190261919e-01,1.000000000000000000e+00,1.000000000000000000e+00,1.000000000000000000e+00,1.000000000000000000e+00,1.000000000000000000e+00,-8.543120557593473219e-01,1.000000000000000000e+00,1.000000000000000000e+00,5.045403828807537572e-01,3.399417772753774436e-01,-1.000000000000000000e+00,1.000000000000000000e+00,1.000000000000000000e+00,-8.746438875469080276e-01,1.000000000000000000e+00,1.000000000000000000e+00,5.496433464261247792e-01,1.000000000000000000e+00,1.000000000000000000e+00,1.000000000000000000e+00,1.000000000000000000e+00,8.525002277147581964e-01,-1.000000000000000000e+00,1.000000000000000000e+00,1.000000000000000000e+00,1.000000000000000000e+00,1.000000000000000000e+00,1.000000000000000000e+00,5.722469459483999765e-01,-1.000000000000000000e+00,-1.000000000000000000e+00,1.000000000000000000e+00,-1.000000000000000000e+00,1.000000000000000000e+00,1.000000000000000000e+00,1.000000000000000000e+00,2.649323222044481785e-01,1.683238106527205902e-01,1.000000000000000000e+00,1.000000000000000000e+00,1.000000000000000000e+00,-5.041193407789566067e-02,7.403174550453744951e-01,1.000000000000000000e+00,4.622158246591868691e-01,-9.569183273279021629e-01,1.000000000000000000e+00,1.000000000000000000e+00,-1.000000000000000000e+00,1.000000000000000000e+00,5.454450152165150056e-01,7.241780215578590418e-01,5.938297214839481641e-02,1.000000000000000000e+00,1.000000000000000000e+00,1.000000000000000000e+00,-1.000000000000000000e+00,1.671508500224626326e-02,-1.000000000000000000e+00,-3.084612703870111550e-01,1.000000000000000000e+00,1.000000000000000000e+00,9.745665850791712659e-01
0.000000000000000000e+00,0.000000000000000000e+00,0.000000000000000000e+00,0.000000000000000000e+00,0.000000000000000000e+00,0.000000000000000000e+00,0.000000000000000000e+00,0.000000000000000000e+00,0.000000000000000000e+00,0.000000000000000000e+00,0.000000000000000000e+00,0.000000000000000000e+00,1.000000000000000000e+00,8.996084848469119155e-01,5.630049444076001830e-01,9.161553537163504846e-01,7.808614263307868120e-01,8.716049136930982266e-01,1.000000000000000000e+00,9.107810425218907380e-01,7.955422706185746318e-01,7.951139664052793155e-01,1.000000000000000000e+00,1.000000000000000000e+00,1.000000000000000000e+00,1.000000000000000000e+00,6.736648801278505294e-01,1.000000000000000000e+00,1.000000000000000000e+00,1.000000000000000000e+00,3.776551888464086404e-01,6.811757767984105705e-01,6.200662850610703103e-01,1.000000000000000000e+00,1.000000000000000000e+00,1.000000000000000000e+00,2.261314621117723744e-01,1.000000000000000000e+00,8.882939721855547255e-01,1.000000000000000000e+00,1.000000000000000000e+00,1.000000000000000000e+00,2.270401023661349493e-01,1.000000000000000000e+00,1.000000000000000000e+00,5.393055231522463355e-01,5.328814349951374041e-01,-1.770510191635288333e-01,1.000000000000000000e+00,1.000000000000000000e+00,-7.101663712990478050e-01,1.000000000000000000e+00,1.000000000000000000e+00,6.108083366861286612e-01,9.543583753096681610e-01,1.000000000000000000e+00,1.000000000000000000e+00,1.000000000000000000e+00,5.770922745233058038e-01,-5.097959825893542130e-01,1.000000000000000000e+00,1.000000000000000000e+00,1.000000000000000000e+00,1.000000000000000000e+00,8.123362020754407720e-01,1.253559002539762768e-01,-7.434986142319700564e-01,-6.933795928186087254e-01,9.962783909882072519e-01,-1.000000000000000000e+00,2.034707172853623125e-01,1.000000000000000000e+00,1.000000000000000000e+00,1.000450395661465486e-01,9.771162625209308672e-01,1.000000000000000000e+00,1.000000000000000000e+00,8.895844777692903937e-01,-1.936233466243853230e-01,7.916049473727795327e-01,1.000000000000000000e+00,1.393618713637418891e-02,-4.699646162747986300e-01,1.000000000000000000e+00,1.000000000000000000e+00,-1.000000000000000000e+00,1.000000000000000000e+00,3.547745661397163630e-01,7.917404603961240017e-01,-2.555643947953279219e-02,1.000000000000000000e+00,1.000000000000000000e+00,1.000000000000000000e+00,-1.000000000000000000e+00,1.895232335810053959e-01,-1.000000000000000000e+00,-1.307440919600297291e-01,1.000000000000000000e+00,1.000000000000000000e+00,8.331690049272247878e-01
0.000000000000000000e+00,0.000000000000000000e+00,0.000000000000000000e+00,0.000000000000000000e+00,0.000000000000000000e+00,0.000000000000000000e+00,0.000000000000000000e+00,0.000000000000000000e+00,0.000000000000000000e+00,0.000000000000000000e+00,0.000000000000000000e+00,0.000000000000000000e+00,0.000000000000000000e+00,1.000000000000000000e+00,4.708244890237528457e-01,7.698085179266047628e-01,6.436017949874934807e-01,6.422388615710080684e-01,1.000000000000000000e+00,8.589103601963690160e-01,7.513144529000027605e-01,6.548218318303743457e-01,1.000000000000000000e+00,9.030579181242076592e-01,1.000000000000000000e+00,1.000000000000000000e+00,7.194199918559590623e-01,9.159743948329335250e-01,1.000000000000000000e+00,1.000000000000000000e+00,1.000000000000000000e+00,4.480183963833786476e-01,4.777355174444571917e-01,1.000000000000000000e+00,1.000000000000000000e+00,1.000000000000000000e+00,5.378429433016292116e-02,8.766695104013180195e-01,9.242117858364721217e-01,1.000000000000000000e+00,9.096998098877848715e-01,1.000000000000000000e+00,-1.360963367441520577e-01,1.000000000000000000e+00,1.000000000000000000e+00,1.444776888518705116e-01,9.576504019000748880e-01,3.049543370913067042e-01,1.000000000000000000e+00,1.000000000000000000e+00,2.433383152865509769e-01,7.073047457026733209e-01,6.661616578203847228e-01,8.613449352831732408e-01,3.027019540906832895e-01,1.000000000000000000e+00,9.079431266453716898e-01,8.344988324512166988e-01,1.680081484271918335e-01,-1.000000000000000000e+00,1.000000000000000000e+00,8.023245048346896446e-01,1.000000000000000000e+00,1.000000000000000000e+00,6.041571942478803914e-01,-5.153788082402595283e-02,-7.900037491202938078e-02,1.369626825897063416e-01,1.000000000000000000e+00,-2.540874851853575644e-01,7.575453070161269897e-01,1.000000000000000000e+00,1.000000000000000000e+00,1.000000000000000000e+00,1.854389309037796640e-01,5.342055294330955162e-01,9.668270607561034735e-01,4.395980091316306071e-01,2.988692918745058935e-01,3.387847322369383907e-01,1.000000000000000000e+00,5.308061590891228754e-01,1.812220533899926156e-02,4.271920726906183741e-01,1.000000000000000000e+00,-1.000000000000000000e+00,1.000000000000000000e+00,-3.270786070232749310e-02,7.927084274281766263e-02,8.178650062291887846e-01,1.000000000000000000e+00,1.000000000000000000e+00,1.000000000000000000e+00,-5.855734961237216707e-01,-3.241819666123645083e-02,-1.000000000000000000e+00,1.225554577400578549e-01,1.000000000000000000e+00,5.196945004234394538e-01,3.505646457616621858e-01
0.000000000000000000e+00,0.000000000000000000e+00,0.000000000000000000e+00,0.000000000000000000e+00,0.000000000000000000e+00,0.000000000000000000e+00,0.000000000000000000e+00,0.000000000000000000e+00,0.000000000000000000e+00,0.000000000000000000e+00,0.000000000000000000e+00,0.000000000000000000e+00,0.000000000000000000e+00,0.000000000000000000e+00,1.000000000000000000e+00,1.000000000000000000e+00,1.000000000000000000e+00,1.000000000000000000e+00,1.000000000000000000e+00,1.000000000000000000e+00,8.855379532776195273e-01,1.000000000000000000e+00,6.095268979111129193e-01,1.000000000000000000e+00,1.000000000000000000e+00,1.000000000000000000e+00,1.000000000000000000e+00,1.000000000000000000e+00,1.000000000000000000e+00,1.000000000000000000e+00,8.784954284202638464e-01,1.000000000000000000e+00,1.000000000000000000e+00,1.000000000000000000e+00,1.000000000000000000e+00,1.000000000000000000e+00,-9.610504345814027127e-01,1.000000000000000000e+00,1.000000000000000000e+00,1.000000000000000000e+00,1.000000000000000000e+00,1.000000000000000000e+00,-1.000000000000000000e+00,1.000000000000000000e+00,1.000000000000000000e+00,1.946721206601652043e-01,-6.935651213332666432e-01,-1.000000000000000000e+00,1.000000000000000000e+00,1.000000000000000000e+00,-1.000000000000000000e+00,1.000000000000000000e+00,1.000000000000000000e+00,4.765938143158191531e-01,1.000000000000000000e+00,1.000000000000000000e+00,1.000000000000000000e+00,1.000000000000000000e+00,6.939446788831793445e-01,-1.000000000000000000e+00,1.000000000000000000e+00,1.000000000000000000e+00,-2.527932668504599342e-02,1.000000000000000000e+00,1.000000000000000000e+00,9.458112686468137520e-01,-1.000000000000000000e+00,-1.000000000000000000e+00,1.000000000000000000e+00,-7.910111330055747958e-01,1.000000000000000000e+00,1.000000000000000000e+00,1.000000000000000000e+00,-2.720244431051340728e-01,2.002890000686458755e-02,1.000000000000000000e+00,1.000000000000000000e+00,1.000000000000000000e+00,2.669120563704490690e-01,3.194177396317768869e-01,1.000000000000000000e+00,6.114508431040713843e-01,-1.000000000000000000e+00,1.000000000000000000e+00,1.000000000000000000e+00,-1.000000000000000000e+00,1.000000000000000000e+00,5.669657908952319136e-01,7.980151543125422187e-01,-4.208489742686096213e-01,1.000000000000000000e+00,1.000000000000000000e+00,1.000000000000000000e+00,-1.000000000000000000e+00,-5.841176456804091366e-01,-1.000000000000000000e+00,-4.971823408117284071e-01,1.000000000000000000e+00,1.000000000000000000e+00,1.000000000000000000e+00
0.000000000000000000e+00,0.000000000000000000e+00,0.000000000000000000e+00,0.000000000000000000e+00,0.000000000000000000e+00,0.000000000000000000e+00,0.000000000000000000e+00,0.000000000000000000e+00,0.000000000000000000e+00,0.000000000000000000e+00,0.000000000000000000e+00,0.000000000000000000e+00,0.000000000000000000e+00,0.000000000000000000e+00,0.000000000000000000e+00,1.000000000000000000e+00,8.711673371269273991e-01,8.356864065746091308e-01,1.000000000000000000e+00,1.000000000000000000e+00,7.702390483559468093e-01,9.628225820839795279e-01,8.427070974474757392e-01,1.000000000000000000e+00,1.000000000000000000e+00,1.000000000000000000e+00,9.188338614051266839e-01,1.000000000000000000e+00,1.000000000000000000e+00,1.000000000000000000e+00,6.591381896566995691e-01,7.829008740228016183e-01,7.950718511700918256e-01,1.000000000000000000e+00,1.000000000000000000e+00,1.000000000000000000e+00,-2.905170631817240445e-01,1.000000000000000000e+00,1.000000000000000000e+00,1.000000000000000000e+00,1.000000000000000000e+00,1.000000000000000000e+00,-5.378314433431078401e-01,1.000000000000000000e+00,1.000000000000000000e+00,2.877370850240581479e-01,8.633070295324193899e-02,-6.839552252416133404e-01,1.000000000000000000e+00,1.000000000000000000e+00,-9.061238019771590269e-01,1.000000000000000000e+00,1.000000000000000000e+00,5.741472207668166794e-01,7.836778984258185865e-01,1.000000000000000000e+00,1.000000000000000000e+00,1.000000000000000000e+00,4.689651874097775508e-01,-1.000000000000000000e+00,1.000000000000000000e+00,1.000000000000000000e+00,1.000000000000000000e+00,1.000000000000000000e+00,1.000000000000000000e+00,4.034128842471685905e-01,-1.000000000000000000e+00,-8.168873513658013730e-01,1.000000000000000000e+00,-8.475055948454983668e-01,8.344934544567111923e-01,1.000000000000000000e+00,1.000000000000000000e+00,1.222337493600029051e-01,3.365962206672144519e-01,1.000000000000000000e+00,1.000000000000000000e+00,1.000000000000000000e+00,1.300519605107947618e-01,4.983306030475418980e-01,1.000000000000000000e+00,3.829895219196617906e-01,-6.382678640217808175e-01,1.000000000000000000e+00,1.000000000000000000e+00,-1.000000000000000000e+00,1.000000000000000000e+00,3.174741033172067128e-01,6.083243700529206155e-01,9.958040342617820867e-04,1.000000000000000000e+00,1.000000000000000000e+00,1.000000000000000000e+00,-1.000000000000000000e+00,-1.739099866509053460e-01,-1.000000000000000000e+00,-2.044054478601207148e-01,1.000000000000000000e+00,1.000000000000000000e+00,8.584083912824084228e-01
0.000000000000000000e+00,0.000000000000000000e+00,0.000000000000000000e+00,0.000000000000000000e+00,0.000000000000000000e+00,0.000000000000000000e+00,0.000000000000000000e+00,0.000000000000000000e+00,0.000000000000000000e+00,0.000000000000000000e+00,0.000000000000000000e+00,0.000000000000000000e+00,0.000000000000000000e+00,0.000000000000000000e+00,0.000000000000000000e+00,0.000000000000000000e+00,1.000000000000000000e+00,1.000000000000000000e+00,1.000000000000000000e+00,1.000000000000000000e+00,1.000000000000000000e+00,9.384152335404909451e-01,1.000000000000000000e+00,1.000000000000000000e+00,1.000000000000000000e+00,8.074654180498148648e-01,1.000000000000000000e+00,1.000000000000000000e+00,1.000000000000000000e+00,1.000000000000000000e+00,4.373758411440231142e-01,7.768425403291654430e-01,7.882481153199301094e-01,1.000000000000000000e+00,1.000000000000000000e+00,1.000000000000000000e+00,-1.909998672468116721e-01,1.000000000000000000e+00,1.000000000000000000e+00,1.000000000000000000e+00,1.000000000000000000e+00,1.000000000000000000e+00,-9.271239720822427310e-01,1.000000000000000000e+00,1.000000000000000000e+00,6.642992623128984864e-01,2.596316384241978414e-01,-1.000000000000000000e+00,1.000000000000000000e+00,1.000000000000000000e+00,-5.928804813530287321e-01,1.000000000000000000e+00,1.000000000000000000e+00,-2.158150876149021735e-01,1.000000000000000000e+00,1.000000000000000000e+00,1.000000000000000000e+00,1.000000000000000000e+00,1.000000000000000000e+00,-1.000000000000000000e+00,1.000000000000000000e+00,1.000000000000000000e+00,7.005206754243392675e-01,1.000000000000000000e+00,1.000000000000000000e+00,6.593393313947338852e-01,-1.000000000000000000e+00,-8.865329178835974488e-01,1.000000000000000000e+00,-1.000000000000000000e+00,6.903684851459457317e-01,7.322132516752222209e-01,1.000000000000000000e+00,-2.423949398138607048e-01,-3.767803078275984707e-01,1.000000000000000000e+00,1.000000000000000000e+00,5.305247041722143120e-01,-6.555294182344690856e-01,9.010791631476264829e-01,1.000000000000000000e+00,1.122509772804696909e-01,-1.000000000000000000e+00,1.000000000000000000e+00,1.000000000000000000e+00,-1.000000000000000000e+00,1.000000000000000000e+00,7.863847503621790302e-01,5.677363366720882265e-01,-2.618817218176425765e-01,4.097940075791146608e-01,1.000000000000000000e+00,1.000000000000000000e+00,-1.000000000000000000e+00,5.243075890560120467e-01,-1.000000000000000000e+00,-5.163056828407674992e-01,1.000000000000000000e+00,6.756793819482052044e-01,5.443690382167447606e-01
0.000000000000000000e+00,0.000000000000000000e+00,0.000000000000000000e+00,0.000000000000000000e+00,0.000000000000000000e+00,0.000000000000000000e+00,0.000000000000000000e+00,0.000000000000000000e+00,0.000000000000000000e+00,0.000000000000000000e+00,0.000000000000000000e+00,0.000000000000000000e+00,0.000000000000000000e+00,0.000000000000000000e+00,0.000000000000000000e+00,0.000000000000000000e+00,0.000000000000000000e+00,1.000000000000000000e+00,1.000000000000000000e+00,1.000000000000000000e+00,1.000000000000000000e+00,6.254883850072123774e-01,1.000000000000000000e+00,1.000000000000000000e+00,1.000000000000000000e+00,5.301360783114794639e-01,8.569849812005656542e-01,1.000000000000000000e+00,1.000000000000000000e+00,1.000000000000000000e+00,2.056276450087511365e-01,5.168993383761765203e-01,5.128097583937514248e-01,1.000000000000000000e+00,1.000000000000000000e+00,1.000000000000000000e+00,3.536977167780572806e-01,9.122322385809396028e-01,6.909439132583763410e-01,1.000000000000000000e+00,1.000000000000000000e+00,1.000000000000000000e+00,-2.209120783882013439e-01,1.000000000000000000e+00,1.000000000000000000e+00,8.694228763820642802e-01,8.619003612144625626e-01,-1.000000000000000000e+00,1.000000000000000000e+00,6.511902690189089737e-01,-8.567639265376116031e-02,9.366775061512716549e-01,1.000000000000000000e+00,-3.573175432987565903e-01,1.000000000000000000e+00,1.000000000000000000e+00,1.000000000000000000e+00,9.065908475265619382e-01,1.000000000000000000e+00,-6.602452128540711174e-01,1.000000000000000000e+00,9.997621486977271710e-01,1.000000000000000000e+00,1.000000000000000000e+00,1.000000000000000000e+00,3.405952651359873684e-01,-1.000000000000000000e+00,-6.355527193200681824e-01,1.000000000000000000e+00,-1.000000000000000000e+00,2.975212872906634817e-02,-8.105409779197528253e-02,1.000000000000000000e+00,-2.208699888918123355e-01,-3.566236002777569136e-01,1.000000000000000000e+00,1.000000000000000000e+00,-7.638155805733347348e-02,-9.780712871999991398e-01,1.000000000000000000e+00,1.000000000000000000e+00,-3.144955790936851403e-01,-1.000000000000000000e+00,1.000000000000000000e+00,1.000000000000000000e+00,-1.000000000000000000e+00,1.000000000000000000e+00,8.125191091446860581e-01,4.833243737128441464e-01,8.161886323281050681e-02,-2.449479558509460309e-01,1.000000000000000000e+00,1.000000000000000000e+00,-1.000000000000000000e+00,9.833222703589951097e-01,-1.000000000000000000e+00,-5.276595801604050395e-01,1.000000000000000000e+00,7.671775842962040848e-01,2.331216405833531902e-01
0.000000000000000000e+00,0.000000000000000000e+00,0.000000000000000000e+00,0.000000000000000000e+00,0.000000000000000000e+00,0.000000000000000000e+00,0.000000000000000000e+00,0.000000000000000000e+00,0.000000000000000000e+00,0.000000000000000000e+00,0.000000000000000000e+00,0.000000000000000000e+00,0.000000000000000000e+00,0.000000000000000000e+00,0.000000000000000000e+00,0.000000000000000000e+00,0.000000000000000000e+00,0.000000000000000000e+00,1.000000000000000000e+00,7.021175705084998775e-01,6.763855590296719011e-01,4.990456011563842442e-01,8.955225719179659150e-01,7.045040355792064890e-01,1.000000000000000000e+00,8.044232306288674472e-01,6.059163930695996569e-01,5.906549265961090756e-01,1.000000000000000000e+00,1.000000000000000000e+00,7.512896204976499126e-01,3.156358177735688053e-01,3.788647854783400160e-01,8.210042997395662345e-01,1.000000000000000000e+00,1.000000000000000000e+00,-1.154138606885630851e-02,5.498835478018762046e-01,7.203895041831132051e-01,1.000000000000000000e+00,7.656641197546739663e-01,1.000000000000000000e+00,-4.082078427472439763e-01,1.000000000000000000e+00,1.000000000000000000e+00,1.872631750379457616e-01,6.394278579908736493e-01,-1.070869226997221008e-01,1.000000000000000000e+00,7.647892448852506853e-01,6.918988704864158235e-02,6.416844780796949754e-01,6.272954224153195479e-01,4.043331929149479587e-01,2.488790167842141465e-01,9.280258563643325465e-01,5.767295046452080021e-01,3.396829244055796226e-01,3.030692476852041017e-01,-7.973521421118430208e-01,1.000000000000000000e+00,6.730946537759160408e-01,8.200909544504032533e-01,1.000000000000000000e+00,7.604153069430165113e-01,1.754669338661546396e-01,-3.698868542472120713e-01,1.773652949787883903e-01,8.846469817338423747e-01,-2.361273332356486621e-01,7.601523825036149429e-01,8.808134133889160555e-01,1.000000000000000000e+00,7.501758474420689993e-01,-3.863913117764389282e-01,6.625463462546229421e-01,7.114947570113341335e-01,2.516071774262298999e-01,-1.388683190456621412e-02,2.287152785072869843e-01,1.000000000000000000e+00,3.738175486738219422e-01,-5.508034096874078744e-02,6.414900214449712479e-01,8.641386712994174601e-01,-8.906833166441200378e-01,1.000000000000000000e+00,1.162378587085813875e-01,-6.004517857192080005e-02,5.142792200655085244e-01,6.788531493572647069e-01,1.000000000000000000e+00,7.151176433199583071e-01,-3.895048701478163178e-01,1.219327003787298580e-01,-1.000000000000000000e+00,-2.022871902302733060e-01,9.603534951911226747e-01,1.969415965094306331e-01,1.509933103752650885e-01
0.000000000000000000e+00,0.000000000000000000e+00,0.000000000000000000e+00,0.000000000000000000e+00,0.000000000000000000e+00,0.000000000000000000e+00,0.000000000000000000e+00,0.000000000000000000e+00,0.000000000000000000e+00,0.000000000000000000e+00,0.000000000000000000e+00,0.000000000000000000e+00,0.000000000000000000e+00,0.000000000000000000e+00,0.000000000000000000e+00,0.000000000000000000e+00,0.000000000000000000e+00,0.000000000000000000e+00,0.000000000000000000e+00,1.000000000000000000e+00,9.918698651642482433e-01,5.384142192639898017e-01,1.000000000000000000e+00,9.174222733700218013e-01,1.000000000000000000e+00,5.079840816003148296e-01,8.315635621847915493e-01,8.053386006525127261e-01,1.000000000000000000e+00,1.000000000000000000e+00,4.550632856114704139e-01,4.193236649158785800e-01,4.612610348622937506e-01,1.000000000000000000e+00,1.000000000000000000e+00,1.000000000000000000e+00,6.745172991367319459e-02,7.174942365744031436e-01,7.295997873774199283e-01,1.000000000000000000e+00,1.000000000000000000e+00,1.000000000000000000e+00,-6.707536109429915738e-01,1.000000000000000000e+00,1.000000000000000000e+00,5.118966823531992949e-01,6.274434149097229962e-01,-9.923424441962659381e-01,1.000000000000000000e+00,7.445630867604546843e-01,1.179276609148577487e-01,8.166926878550514468e-01,1.000000000000000000e+00,-4.356154698735855701e-01,7.003181745747789622e-01,8.413663972078249120e-01,9.340935188264029021e-01,6.735093884693458266e-01,9.536047258883281197e-01,-1.000000000000000000e+00,1.000000000000000000e+00,1.000000000000000000e+00,5.160007171550557992e-01,1.000000000000000000e+00,1.000000000000000000e+00,3.491678675209270444e-01,-9.207926883117756311e-01,-3.495679774032516285e-01,1.000000000000000000e+00,-9.078785118734067350e-01,3.383862811110832092e-01,1.861974289274093974e-01,1.000000000000000000e+00,9.701615024947965460e-02,-7.753990723351033010e-01,1.000000000000000000e+00,9.153374518440141605e-01,-9.044118284593678780e-02,-6.964628798168622792e-01,8.454467120394157931e-01,1.000000000000000000e+00,-6.505811410682774132e-02,-9.315280032688352252e-01,1.000000000000000000e+00,1.000000000000000000e+00,-1.000000000000000000e+00,1.000000000000000000e+00,6.268033233687191341e-01,2.109715791200388324e-01,1.104473168165279739e-01,1.483021767311408223e-01,1.000000000000000000e+00,1.000000000000000000e+00,-1.000000000000000000e+00,7.159272637904746661e-01,-1.000000000000000000e+00,-2.396815008401448621e-01,8.153356369480576626e-01,-7.198347920661034294e-02,6.148488624983326073e-03
0.000000000000000000e+00,0.000000000000000000e+00,0.000000000000000000e+00,0.000000000000000000e+00,0.000000000000000000e+00,0.000000000000000000e+00,0.000000000000000000e+00,0.000000000000000000e+00,0.000000000000000000e+00,0.000000000000000000e+00,0.000000000000000000e+00,0.000000000000000000e+00,0.000000000000000000e+00,0.000000000000000000e+00,0.000000000000000000e+00,0.000000000000000000e+00,0.000000000000000000e+00,0.000000000000000000e+00,0.000000000000000000e+00,0.000000000000000000e+00,1.000000000000000000e+00,2.472963882547982439e-01,1.000000000000000000e+00,5.578936821750674069e-01,8.222909467099629444e-01,2.236718477570025787e-01,4.856700107143731016e-01,6.969000435743046840e-01,1.000000000000000000e+00,8.609230780894384649e-01,1.896052311476708330e-01,1.413680853755949485e-01,1.538504777914973809e-01,1.000000000000000000e+00,5.964574899792074447e-01,1.000000000000000000e+00,4.526213366747484090e-01,2.136204127025251587e-01,2.551081233100196966e-01,6.476101325270117171e-01,7.669942237067349788e-01,5.755761379089942009e-01,-1.782958323130847123e-01,1.000000000000000000e+00,6.997877543150500257e-01,6.850713211931667157e-01,1.000000000000000000e+00,-3.418528903981714051e-01,1.000000000000000000e+00,1.843495654685830820e-01,4.653623690941693924e-01,3.619559132827837589e-01,1.000000000000000000e+00,-4.791971741606783075e-01,5.880932963192083696e-01,2.433778293286309458e-01,7.986317569249573589e-01,8.746132342134224635e-02,9.181803107171228051e-01,-2.508898899997017429e-01,1.000000000000000000e+00,4.319650271363879024e-01,9.956108382888257946e-01,1.000000000000000000e+00,9.404830380872503115e-01,1.754904050742288335e-01,-4.148267833323229237e-01,2.503296168867987226e-01,7.126680764641515342e-01,-1.000000000000000000e+00,1.156611846209947697e-01,-2.675025464590847779e-01,7.105585735714924356e-01,1.667704595153751967e-01,-7.456351470225281997e-01,1.000000000000000000e+00,2.362702912151389556e-01,-6.614200328068285950e-01,-9.540727037886982398e-01,9.060199792935220708e-01,1.000000000000000000e+00,-1.720578763270158296e-01,-5.017381660786031095e-01,1.000000000000000000e+00,6.067955976380139393e-01,-8.627798430975818222e-01,5.538665016607593472e-01,5.553052489804389813e-01,5.703477863929989899e-02,2.197438779262683717e-01,-1.482151398720343849e-01,1.000000000000000000e+00,3.004680775532720394e-01,-7.151402787234080183e-01,1.000000000000000000e+00,-6.933017535691411437e-01,-2.838426164206858116e-01,-9.183421495004100155e-02,-3.898703101700846108e-01,-2.258102480171838566e-01
0.000000000000000000e+00,0.000000000000000000e+00,0.000000000000000000e+00,0.000000000000000000e+00,0.000000000000000000e+00,0.000000000000000000e+00,0.000000000000000000e+00,0.000000000000000000e+00,0.000000000000000000e+00,0.000000000000000000e+00,0.000000000000000000e+00,0.000000000000000000e+00,0.000000000000000000e+00,0.000000000000000000e+00,0.000000000000000000e+00,0.000000000000000000e+00,0.000000000000000000e+00,0.000000000000000000e+00,0.000000000000000000e+00,0.000000000000000000e+00,0.000000000000000000e+00,1.000000000000000000e+00,3.342483476447746238e-01,1.000000000000000000e+00,1.000000000000000000e+00,9.311970548687400484e-01,9.138346520389996064e-01,8.663245992046649802e-01,1.000000000000000000e+00,1.000000000000000000e+00,6.094741021375907897e-01,8.211211271992967520e-01,8.566415298883334195e-01,9.687345649714759199e-01,1.000000000000000000e+00,1.000000000000000000e+00,-7.036638507996716418e-01,1.000000000000000000e+00,1.000000000000000000e+00,1.000000000000000000e+00,1.000000000000000000e+00,1.000000000000000000e+00,-1.000000000000000000e+00,1.000000000000000000e+00,1.000000000000000000e+00,9.203870359800483958e-02,-6.064120591680498551e-01,-1.000000000000000000e+00,1.000000000000000000e+00,1.000000000000000000e+00,-1.000000000000000000e+00,1.000000000000000000e+00,9.794068101709525465e-01,4.699455243490495149e-01,6.367701253700186470e-01,1.000000000000000000e+00,7.747145513088555813e-01,1.000000000000000000e+00,3.921334647673428431e-01,-1.000000000000000000e+00,1.000000000000000000e+00,1.000000000000000000e+00,-8.345506592739164453e-02,1.000000000000000000e+00,1.000000000000000000e+00,6.953903074279563779e-01,-1.000000000000000000e+00,-1.000000000000000000e+00,1.000000000000000000e+00,-3.407103052577737934e-01,1.000000000000000000e+00,1.000000000000000000e+00,1.000000000000000000e+00,-2.063885860437203734e-01,1.635798543198943300e-01,1.000000000000000000e+00,1.000000000000000000e+00,1.000000000000000000e+00,2.460738890063661477e-01,5.037225318549776176e-03,1.000000000000000000e+00,5.040271010345117597e-01,-6.784186414771402607e-01,1.000000000000000000e+00,1.000000000000000000e+00,-1.000000000000000000e+00,1.000000000000000000e+00,3.137757796975454982e-01,5.103423318121562691e-01,-3.409571323949681099e-01,6.152200864136221359e-01,1.000000000000000000e+00,1.000000000000000000e+00,-1.000000000000000000e+00,-4.842539128297814743e-01,-1.000000000000000000e+00,-4.266942434876949131e-01,1.000000000000000000e+00,1.000000000000000000e+00,9.437490400908778998e-01
0.000000000000000000e+00,0.000000000000000000e+00,0.000000000000000000e+00,0.000000000000000000e+00,0.000000000000000000e+00,0.000000000000000000e+00,0.000000000000000000e+00,0.000000000000000000e+00,0.000000000000000000e+00,0.000000000000000000e+00,0.000000000000000000e+00,0.000000000000000000e+00,0.000000000000000000e+00,0.000000000000000000e+00,0.000000000000000000e+00,0.000000000000000000e+00,0.000000000000000000e+00,0.000000000000000000e+00,0.000000000000000000e+00,0.000000000000000000e+00,0.000000000000000000e+00,0.000000000000000000e+00,1.000000000000000000e+00,2.906270748023628281e-01,5.376665274291982932e-01,3.314918719501674937e-01,2.261254685068349868e-01,4.680408323608915011e-01,9.238838028396205715e-01,4.576968332413925422e-01,3.053827781688416843e-01,-1.012677439954673062e-02,2.707962194179931639e-03,6.510865120350980417e-01,4.708832427999373738e-01,1.000000000000000000e+00,4.913371322703464772e-01,7.472843990616107046e-02,4.834927405755894136e-02,3.595013018076613776e-01,2.827861363394811867e-01,1.000000000000000000e+00,2.809027568584523959e-01,4.806230546408877258e-01,5.257879142292414265e-01,3.950002164196270704e-01,1.000000000000000000e+00,4.187475366311355640e-01,1.000000000000000000e+00,1.046238162000316940e-01,6.035036952880624694e-01,9.233591768970116076e-03,4.596243872265937114e-01,5.750342040155711348e-02,2.205963675487774001e-01,9.900577165938546920e-02,4.639139071825546523e-01,2.670223135449442328e-02,4.337937995407105118e-01,3.032131039154051591e-02,4.350028951546261458e-01,-8.028057819407921625e-02,1.000000000000000000e+00,1.000000000000000000e+00,3.351929734849121711e-01,-1.439907031291228767e-01,1.905749555398489337e-01,4.949901071060407443e-01,2.381200420403149776e-01,-5.290032163738893622e-01,1.172122720783333287e-02,-1.001870855880585554e-01,1.000000000000000000e+00,5.835608781384563626e-01,-3.110759183584129173e-01,2.192346853559650754e-01,-4.089108355582552617e-02,-5.362077926992616650e-01,-4.009167994905382115e-01,5.070886037802903035e-01,4.371606496232389172e-01,-6.147419862910910582e-02,4.689978825292806519e-02,3.688426983011171001e-01,3.595166076228225593e-01,-4.296614616337579573e-01,1.422888958543564730e-01,1.462192117499191146e-01,-8.638821379227665243e-02,5.972638217362925550e-01,1.516769510824442224e-01,8.014326569504516273e-01,-5.954473825773398676e-02,-2.135191865297603186e-01,6.477516521109638603e-01,-5.099489058334521346e-02,-6.101836352552834908e-02,2.480292634617120573e-02,-1.246459216246015023e-01,-2.033146897007338527e-01
0.000000000000000000e+00,0.000000000000000000e+00,0.000000000000000000e+00,0.000000000000000000e+00,0.000000000000000000e+00,0.000000000000000000e+00,0.000000000000000000e+00,0.000000000000000000e+00,0.000000000000000000e+00,0.000000000000000000e+00,0.000000000000000000e+00,0.000000000000000000e+00,0.000000000000000000e+00,0.000000000000000000e+00,0.000000000000000000e+00,0.000000000000000000e+00,0.000000000000000000e+00,0.000000000000000000e+00,0.000000000000000000e+00,0.000000000000000000e+00,0.000000000000000000e+00,0.000000000000000000e+00,0.000000000000000000e+00,1.000000000000000000e+00,1.000000000000000000e+00,6.688986538778268764e-01,8.551264507171468798e-01,8.244849474342482720e-01,1.000000000000000000e+00,1.000000000000000000e+00,4.768422106714721997e-01,5.633736669007713971e-01,6.084956874205802446e-01,1.000000000000000000e+00,1.000000000000000000e+00,1.000000000000000000e+00,-2.261592793576355509e-01,9.712768779275424702e-01,9.614747022173111279e-01,1.000000000000000000e+00,1.000000000000000000e+00,1.000000000000000000e+00,-7.734932106130628648e-01,1.000000000000000000e+00,1.000000000000000000e+00,3.324390318278058198e-01,1.658948044951530920e-01,-1.000000000000000000e+00,1.000000000000000000e+00,9.752791699280637383e-01,-3.749031799250852615e-01,1.000000000000000000e+00,1.000000000000000000e+00,-1.089226612018552448e-01,6.709937785456969728e-01,1.000000000000000000e+00,8.878394192520594475e-01,8.985145681160913167e-01,7.475018947684830550e-01,-1.000000000000000000e+00,1.000000000000000000e+00,1.000000000000000000e+00,3.866666692499106661e-01,1.000000000000000000e+00,1.000000000000000000e+00,4.329069734125028934e-01,-1.000000000000000000e+00,-6.764439946388571823e-01,1.000000000000000000e+00,-8.830155420424291579e-01,5.029254879274308587e-01,6.809507235110590084e-01,1.000000000000000000e+00,-3.780481096661196527e-02,-5.232146043547715175e-01,1.000000000000000000e+00,1.000000000000000000e+00,4.474851577682561476e-01,-3.097912254278742394e-01,6.189641703149711960e-01,1.000000000000000000e+00,1.045512394587923555e-01,-9.006448763022317783e-01,1.000000000000000000e+00,1.000000000000000000e+00,-1.000000000000000000e+00,1.000000000000000000e+00,5.089010005187128982e-01,3.346866351833870379e-01,-1.197859629937608056e-02,3.307248286184733543e-01,1.000000000000000000e+00,1.000000000000000000e+00,-1.000000000000000000e+00,2.113171857333379366e-01,-1.000000000000000000e+00,-3.343625089996533628e-01,1.000000000000000000e+00,5.028605323402896010e-01,3.368442649870436179e-01
0.000000000000000000e+00,0.000000000000000000e+00,0.000000000000000000e+00,0.000000000000000000e+00,0.000000000000000000e+00,0.000000000000000000e+00,0.000000000000000000e+00,0.000000000000000000e+00,0.000000000000000000e+00,0.000000000000000000e+00,0.000000000000000000e+00,0.000000000000000000e+00,0.000000000000000000e+00,0.000000000000000000e+00,0.000000000000000000e+00,0.000000000000000000e+00,0.000000000000000000e+00,0.000000000000000000e+00,0.000000000000000000e+00,0.000000000000000000e+00,0.000000000000000000e+00,0.000000000000000000e+00,0.000000000000000000e+00,0.000000000000000000e+00,1.000000000000000000e+00,5.981884307551855740e-01,5.690391686807750871e-01,4.501201053550089037e-01,9.222160218965774758e-01,1.000000000000000000e+00,5.839993059696481081e-01,2.893783829308474442e-01,3.334112516253449066e-01,6.198310971556061366e-01,1.000000000000000000e+00,1.000000000000000000e+00,-1.156553316802639286e-01,5.340582713369630419e-01,6.167337759207173198e-01,9.213269601447657831e-01,6.974479442003567176e-01,1.000000000000000000e+00,-4.824155734045955657e-01,1.000000000000000000e+00,8.548061447215922204e-01,1.283206230130872760e-01,3.991707118851955394e-01,-4.190034844842404071e-01,1.000000000000000000e+00,7.312054131403247226e-01,1.874770681846180675e-01,5.268294619748120633e-01,6.972020023954667023e-01,7.858704801128096884e-02,2.485184857529192659e-01,7.019661673220504161e-01,4.970917090988488662e-01,5.121760633065451929e-01,3.641508980227555203e-01,-9.540866528666257507e-01,1.000000000000000000e+00,6.661297802037035032e-01,4.723763480428040951e-01,1.000000000000000000e+00,6.374010183555697262e-01,1.546564577913239202e-01,-3.837112177926859102e-01,-1.285323231158082002e-01,7.931734418617367721e-01,-1.392378735480369056e-01,4.768686654611292153e-01,4.080594170225572137e-01,9.424955578582165927e-01,4.416274453781963150e-01,-3.831732793389954206e-01,1.000000000000000000e+00,5.913187319057113811e-01,1.009079758887683614e-01,-4.433710073694058923e-02,2.869287530500916894e-01,1.000000000000000000e+00,2.417392936779771406e-01,-4.011998643174872758e-01,4.464919390958945744e-01,8.711909137310079876e-01,-9.474313512204606269e-01,9.428433946011014477e-01,1.726011417285835681e-01,7.377252144859163668e-03,3.223506526973077824e-01,5.829938848645003224e-01,9.847766577455138171e-01,7.575414570300501582e-01,-5.340872492609827216e-01,1.418122964143479492e-01,-1.000000000000000000e+00,-4.867486373685579043e-02,8.377078430397244535e-01,1.022467017934278605e-01,7.147996663650321714e-02
0.000000000000000000e+00,0.000000000000000000e+00,0.000000000000000000e+00,0.000000000000000000e+00,0.000000000000000000e+00,0.000000000000000000e+00,0.000000000000000000e+00,0.000000000000000000e+00,0.000000000000000000e+00,0.000000000000000000e+00,0.000000000000000000e+00,0.000000000000000000e+00,0.000000000000000000e+00,0.000000000000000000e+00,0.000000000000000000e+00,0.000000000000000000e+00,0.000000000000000000e+00,0.000000000000000000e+00,0.000000000000000000e+00,0.000000000000000000e+00,0.000000000000000000e+00,0.000000000000000000e+00,0.000000000000000000e+00,0.000000000000000000e+00,0.000000000000000000e+00,1.000000000000000000e+00,3.248148222977711441e-01,3.695914269743324487e-01,5.058897368617236712e-01,9.519917017586750907e-01,8.671180538300073959e-01,2.141749233522246554e-01,2.496634283433729062e-01,4.696968859089983295e-01,1.000000000000000000e+00,1.000000000000000000e+00,-7.851876494023328490e-02,4.596952593997101211e-01,5.774680042730588880e-01,7.929740645865543947e-01,2.720702966493736552e-01,1.000000000000000000e+00,5.194553015123682532e-02,1.000000000000000000e+00,1.000000000000000000e+00,-1.797277785773232495e-01,4.366997841270722214e-01,5.849206131308345435e-01,1.000000000000000000e+00,8.320639313221700473e-01,1.522615797017308481e-01,3.098451343877985376e-01,-6.897945626227561244e-02,1.000000000000000000e+00,-1.386703907944335790e-01,1.000000000000000000e+00,2.600014404750669583e-01,3.962108695869990815e-01,-3.209700777925561521e-01,-5.167906051105356502e-01,7.034922059819322948e-01,1.904360596756371204e-01,1.000000000000000000e+00,1.000000000000000000e+00,8.338987673523078070e-02,-1.270776787492291782e-01,2.714208871694888114e-01,2.280126700491600655e-01,3.413872838181727376e-01,5.208435997210399959e-01,6.707280616507786952e-01,1.000000000000000000e+00,1.000000000000000000e+00,1.000000000000000000e+00,3.928666526634370104e-01,-2.764858155265088602e-01,4.992607279386244157e-01,5.081361612754596857e-01,6.865657893892680441e-01,-2.992425797298142731e-01,5.257711992466852502e-01,5.999547006120035109e-01,4.248215465323940121e-01,-1.052300328083684844e-01,6.110850947419484980e-01,-4.035332806189972366e-01,7.715083821252997076e-01,-3.465314564085707483e-01,-1.636703849621088114e-01,7.877505530146794444e-01,1.000000000000000000e+00,4.667914796343982098e-01,5.190686418748088338e-01,4.470346883072360417e-02,-4.608978260679871819e-01,-6.916342057314973646e-01,5.320000803051473659e-02,1.000000000000000000e+00,7.583553394223027100e-01,3.130571921766096555e-01
0.000000000000000000e+00,0.000000000000000000e+00,0.000000000000000000e+00,0.000000000000000000e+00,0.000000000000000000e+00,0.000000000000000000e+00,0.000000000000000000e+00,0.000000000000000000e+00,0.000000000000000000e+00,0.000000000000000000e+00,0.000000000000000000e+00,0.000000000000000000e+00,0.000000000000000000e+00,0.000000000000000000e+00,0.000000000000000000e+00,0.000000000000000000e+00,0.000000000000000000e+00,0.000000000000000000e+00,0.000000000000000000e+00,0.000000000000000000e+00,0.000000000000000000e+00,0.000000000000000000e+00,0.000000000000000000e+00,0.000000000000000000e+00,0.000000000000000000e+00,0.000000000000000000e+00,1.000000000000000000e+00,5.682588158813759449e-01,1.000000000000000000e+00,1.000000000000000000e+00,6.171106920292870335e-01,5.280922436630387518e-01,6.032764186701904396e-01,6.898143446737646789e-01,1.000000000000000000e+00,1.000000000000000000e+00,-4.260408644260875732e-01,8.904379410878064949e-01,9.830627883468162631e-01,1.000000000000000000e+00,1.000000000000000000e+00,1.000000000000000000e+00,-1.000000000000000000e+00,1.000000000000000000e+00,1.000000000000000000e+00,2.443131747835149137e-01,1.309902466487594952e-01,-1.000000000000000000e+00,1.000000000000000000e+00,9.789558124547577123e-01,-1.089861355003884091e-01,9.825414466025753635e-01,1.000000000000000000e+00,-3.375087818423989638e-01,5.552593012130951911e-01,9.328351282210177731e-01,7.264400324089653749e-01,8.807668205222536351e-01,8.310277007282229622e-01,-1.000000000000000000e+00,1.000000000000000000e+00,1.000000000000000000e+00,-1.949330459745346189e-01,1.000000000000000000e+00,1.000000000000000000e+00,4.814358923840688642e-01,-1.000000000000000000e+00,-7.849345030620473729e-01,1.000000000000000000e+00,-1.939953992470936917e-01,6.872144590060614844e-01,2.407798725656625782e-01,8.596976719697150271e-01,8.442415636866781523e-03,-9.779938192359899363e-01,1.000000000000000000e+00,1.000000000000000000e+00,2.033631195706084582e-01,-1.768334683759948400e-01,3.523734802970686641e-01,1.000000000000000000e+00,1.520942830312775329e-01,-1.000000000000000000e+00,9.816183570215152310e-01,1.000000000000000000e+00,-1.000000000000000000e+00,1.000000000000000000e+00,5.297651250142468848e-01,1.513161368121215544e-01,2.066047764171579371e-01,-6.807921131144095347e-03,1.000000000000000000e+00,1.000000000000000000e+00,-1.000000000000000000e+00,1.815390117984886642e-01,-1.000000000000000000e+00,-1.955591339632553605e-01,1.000000000000000000e+00,6.472064188443030774e-01,1.463810158230420821e-01
0.000000000000000000e+00,0.000000000000000000e+00,0.000000000000000000e+00,0.000000000000000000e+00,0.000000000000000000e+00,0.000000000000000000e+00,0.000000000000000000e+00,0.000000000000000000e+00,0.000000000000000000e+00,0.000000000000000000e+00,0.000000000000000000e+00,0.000000000000000000e+00,0.000000000000000000e+00,0.000000000000000000e+00,0.000000000000000000e+00,0.000000000000000000e+00,0.000000000000000000e+00,0.000000000000000000e+00,0.000000000000000000e+00,0.000000000000000000e+00,0.000000000000000000e+00,0.000000000000000000e+00,0.000000000000000000e+00,0.000000000000000000e+00,0.000000000000000000e+00,0.000000000000000000e+00,0.000000000000000000e+00,1.000000000000000000e+00,1.000000000000000000e+00,6.355398865613141046e-01,-1.248169280108189366e-01,3.200979883962163930e-01,2.362100313778824623e-01,1.000000000000000000e+00,3.197746658484160731e-01,6.156937800715622799e-01,3.948541086278233858e-01,5.887343144498674574e-01,2.370650178928330465e-01,5.913144552260582998e-01,6.592946307731246680e-01,1.000000000000000000e+00,4.031334128315226528e-01,5.732974901785163890e-01,1.000000000000000000e+00,5.923361564386052658e-01,5.299061541643367290e-01,-1.349121661273303685e-01,1.000000000000000000e+00,3.172483338668747876e-01,-2.416848471956635491e-01,4.282220725345632917e-01,7.557801075155474724e-01,-7.200907719304401079e-03,7.736832228997926331e-01,1.000000000000000000e+00,1.000000000000000000e+00,7.570978828479710820e-01,6.431443776349421437e-01,1.257134186379318397e-01,4.634422668014666624e-01,4.291505619461117305e-01,1.000000000000000000e+00,9.918744589040502380e-01,4.780561547612908746e-01,-5.608768842475469682e-03,-3.758696337119263875e-01,-4.578267414918695821e-01,3.725217165961656751e-01,-1.000000000000000000e+00,-2.835826892841900038e-01,-2.494152265368104401e-02,1.000000000000000000e+00,-2.920402588798764465e-01,5.963551860723912412e-01,7.927003089801842872e-01,5.804038143585034115e-01,4.175923426983756820e-02,-5.183117983511756899e-01,7.735098727912883554e-01,1.000000000000000000e+00,-3.013303198348916134e-01,-4.969046664048371031e-01,8.102077907508958843e-01,8.702825174149031451e-01,-1.000000000000000000e+00,1.928569402610698924e-01,3.991162568885991413e-01,6.098365674455439311e-01,-1.424897421323697289e-01,2.692401683723526506e-01,6.450982860861449453e-01,9.280766477641063661e-01,-1.000000000000000000e+00,5.747082506862803974e-01,-1.000000000000000000e+00,-2.150227092052749145e-02,1.000000000000000000e+00,8.313360169187083981e-01,3.644775007509512554e-01
0.000000000000000000e+00,0.000000000000000000e+00,0.000000000000000000e+00,0.000000000000000000e+00,0.000000000000000000e+00,0.000000000000000000e+00,0.000000000000000000e+00,0.000000000000000000e+00,0.000000000000000000e+00,0.000000000000000000e+00,0.000000000000000000e+00,0.000000000000000000e+00,0.000000000000000000e+00,0.000000000000000000e+00,0.000000000000000000e+00,0.000000000000000000e+00,0.000000000000000000e+00,0.000000000000000000e+00,0.000000000000000000e+00,0.000000000000000000e+00,0.000000000000000000e+00,0.000000000000000000e+00,0.000000000000000000e+00,0.000000000000000000e+00,0.000000000000000000e+00,0.000000000000000000e+00,0.000000000000000000e+00,0.000000000000000000e+00,1.000000000000000000e+00,3.735924531464051013e-01,6.389415458205079112e-02,1.537074513915193952e-01,1.352075703943443619e-01,4.576695166411353100e-01,2.490517628927843286e-01,5.232691925781475240e-01,2.197012677826645222e-01,3.186974805463523852e-01,1.550239888095568397e-01,4.632631656469328174e-01,4.266991543082211402e-01,8.410961640131965344e-01,8.204413129898437129e-02,2.203822371106811395e-01,5.365942740613943718e-01,3.199659257375387367e-01,3.938997656504181211e-01,-2.808824000563400203e-01,8.568984737548075437e-01,1.918343587705747255e-01,1.281791906647948009e-01,2.284503345236761906e-01,6.078337911400057969e-01,-1.642916317971303830e-01,3.929784160563041251e-01,3.747150730035744837e-01,4.805482610148343325e-01,4.473629521324092306e-01,5.240967936073102074e-01,-1.602380936134078226e-01,4.185412371367623896e-01,2.379240403873872645e-01,7.098893203726605039e-01,9.115532633430013520e-01,3.850466052693013452e-01,1.132751580952335614e-02,-2.737550827941208076e-01,-2.936295904463959716e-01,2.856833889970025742e-01,-4.375868214326178451e-01,-1.840135000476403049e-01,-2.614160367690507858e-01,1.000000000000000000e+00,-6.540495565362861030e-02,-1.724077627049471276e-02,9.661354903817328532e-01,3.290893325456499263e-01,-1.456679536395184826e-01,-3.832319187339802147e-01,3.962259937005985777e-01,6.992884691538311381e-01,-2.294533994263459054e-01,-4.386031471642287127e-01,4.976404189952298718e-01,5.425493672372114773e-01,-6.678709291940575499e-01,1.632025531021458475e-01,2.911792339607139346e-01,2.016146680811358727e-01,9.736001464077144452e-02,-1.301819882975823461e-01,5.972379241825498397e-01,3.778282910197506284e-01,-6.379123995097275568e-01,4.307469779852599601e-01,-4.104738533526325339e-01,-6.522892194400245480e-02,5.222466299933176126e-01,4.285222984005630509e-01,3.806349073970319991e-02
0.000000000000000000e+00,0.000000000000000000e+00,0.000000000000000000e+00,0.000000000000000000e+00,0.000000000000000000e+00,0.000000000000000000e+00,0.000000000000000000e+00,0.000000000000000000e+00,0.000000000000000000e+00,0.000000000000000000e+00,0.000000000000000000e+00,0.000000000000000000e+00,0.000000000000000000e+00,0.000000000000000000e+00,0.000000000000000000e+00,0.000000000000000000e+00,0.000000000000000000e+00,0.000000000000000000e+00,0.000000000000000000e+00,0.000000000000000000e+00,0.000000000000000000e+00,0.000000000000000000e+00,0.000000000000000000e+00,0.000000000000000000e+00,0.000000000000000000e+00,0.000000000000000000e+00,0.000000000000000000e+00,0.000000000000000000e+00,0.000000000000000000e+00,1.000000000000000000e+00,4.552051831599374654e-01,2.856680810343917853e-01,3.086131985843384440e-01,5.630460676339194004e-01,9.933282212987875059e-01,1.000000000000000000e+00,-1.813703139154196342e-01,4.564894477055610467e-01,5.703526246753036766e-01,7.347167279631414694e-01,6.251646543280519053e-01,8.599342435362673509e-01,-4.842292124497263872e-01,1.000000000000000000e+00,7.578648222913212384e-01,7.607749171645281083e-02,1.632780837652873795e-01,-3.866205328681009412e-01,1.000000000000000000e+00,6.621261096183885808e-01,-3.086833861123718797e-02,5.164028974239796010e-01,5.037321804970731343e-01,8.126533647772955782e-02,2.189986931441653129e-01,7.166746584267479347e-01,4.348418335878559970e-01,3.870529395441210108e-01,2.025802291933898602e-01,-7.951454534217363701e-01,1.000000000000000000e+00,6.786862647354838796e-01,2.566732187521565400e-01,1.000000000000000000e+00,5.468565493094262875e-01,1.913529109350270707e-01,-3.986529467675380412e-01,-1.231161843403274225e-01,7.214894398099119810e-01,-1.563872003575114689e-01,5.023496343683498955e-01,5.429682325324987069e-01,4.279370319304069414e-01,3.221352322174030336e-01,-2.200014358187626917e-01,6.426933172083234558e-01,5.788200783622612366e-01,2.283434495145895415e-01,1.938711325477836256e-02,2.192646632371188786e-01,1.000000000000000000e+00,2.771908832080907104e-01,-2.967058227495499856e-01,4.005944348370564234e-01,7.029000872950715850e-01,-8.193168810041996375e-01,8.345148429271996848e-01,1.394427416783287077e-01,6.340816834568309412e-02,1.153122412137888575e-01,6.639191766244691983e-01,8.301187383969954592e-01,7.476105740077173545e-01,-4.123703106677881758e-01,2.140649196897876846e-02,-1.000000000000000000e+00,-1.163794339940349247e-02,7.276097906382475999e-01,3.871618998811322127e-02,1.534720968493015480e-01
0.000000000000000000e+00,0.000000000000000000e+00,0.000000000000000000e+00,0.000000000000000000e+00,0.000000000000000000e+00,0.000000000000000000e+00,0.000000000000000000e+00,0.000000000000000000e+00,0.000000000000000000e+00,0.000000000000000000e+00,0.000000000000000000e+00,0.000000000000000000e+00,0.000000000000000000e+00,0.000000000000000000e+00,0.000000000000000000e+00,0.000000000000000000e+00,0.000000000000000000e+00,0.000000000000000000e+00,0.000000000000000000e+00,0.000000000000000000e+00,0.000000000000000000e+00,0.000000000000000000e+00,0.000000000000000000e+00,0.000000000000000000e+00,0.000000000000000000e+00,0.000000000000000000e+00,0.000000000000000000e+00,0.000000000000000000e+00,0.000000000000000000e+00,0.000000000000000000e+00,1.000000000000000000e+00,1.549160999180125911e-02,1.290804404739012423e-01,-5.721003613211995270e-02,1.000000000000000000e+00,8.658134024056559630e-01,-1.451310010768230019e-01,7.948043020961610694e-02,4.654015623930434775e-01,5.931585126858485157e-01,3.372150330447063610e-02,1.000000000000000000e+00,-2.896943075571538628e-01,1.000000000000000000e+00,2.611770498232993676e-01,-3.480754878961128118e-01,3.333697416381743439e-01,3.935730835164361618e-01,1.000000000000000000e+00,5.521419523029377219e-01,4.619917699699083169e-01,1.729633076287860616e-01,-1.575692886769466949e-01,7.966860099503041415e-01,-4.891434685599093113e-01,2.605200704593124694e-01,-2.937814979291405448e-01,-1.529573614532858949e-01,-3.915055034038446014e-01,-5.912336498084828085e-01,6.993414089864454786e-01,5.405920444097553693e-03,4.548676909485227515e-01,1.000000000000000000e+00,8.825240027404962495e-02,2.629262152316444879e-03,3.279315444580768180e-01,6.078724486236024571e-01,2.986181010418679227e-01,1.000000000000000000e+00,8.877484736560818934e-01,8.022229155405933287e-01,1.000000000000000000e+00,1.000000000000000000e+00,-2.310149367297744394e-01,-2.642906814429352158e-01,2.287732518707037144e-01,3.047212297425686556e-01,5.704015886750298803e-01,-6.249954039730628574e-01,-1.703240042124853915e-01,6.873915212640381300e-01,5.615270801837016768e-01,-1.932573928992666612e-01,9.319642272376561787e-02,3.507305916695289127e-01,9.621690901501677162e-01,-4.029522713653854171e-01,-6.430477922310776639e-01,8.822479163438005090e-01,6.448190088336058778e-01,5.413007252580606110e-01,-1.670798582122652864e-01,4.799820107808182579e-01,-3.870181975040126177e-01,-7.211425533402122945e-02,-2.035005309185829725e-01,5.063608677726910701e-01,2.935758379527381168e-02,-5.322971397098224394e-02
0.000000000000000000e+00,0.000000000000000000e+00,0.000000000000000000e+00,0.000000000000000000e+00,0.000000000000000000e+00,0.000000000000000000e+00,0.000000000000000000e+00,0.000000000000000000e+00,0.000000000000000000e+00,0.000000000000000000e+00,0.000000000000000000e+00,0.000000000000000000e+00,0.000000000000000000e+00,0.000000000000000000e+00,0.000000000000000000e+00,0.000000000000000000e+00,0.000000000000000000e+00,0.000000000000000000e+00,0.000000000000000000e+00,0.000000000000000000e+00,0.000000000000000000e+00,0.000000000000000000e+00,0.000000000000000000e+00,0.000000000000000000e+00,0.000000000000000000e+00,0.000000000000000000e+00,0.000000000000000000e+00,0.000000000000000000e+00,0.000000000000000000e+00,0.000000000000000000e+00,0.000000000000000000e+00,1.000000000000000000e+00,9.191640905143613205e-01,1.000000000000000000e+00,1.000000000000000000e+00,8.117429996298761719e-01,-8.065675735928008461e-01,1.000000000000000000e+00,1.000000000000000000e+00,1.000000000000000000e+00,1.000000000000000000e+00,1.000000000000000000e+00,-9.725242276895793569e-01,1.000000000000000000e+00,1.000000000000000000e+00,2.242401006935401120e-01,-1.000000000000000000e+00,-1.000000000000000000e+00,1.000000000000000000e+00,1.000000000000000000e+00,-1.000000000000000000e+00,1.000000000000000000e+00,1.000000000000000000e+00,-1.095091528629451721e-01,1.000000000000000000e+00,1.000000000000000000e+00,1.000000000000000000e+00,1.000000000000000000e+00,6.989542967095402348e-01,-1.000000000000000000e+00,1.000000000000000000e+00,1.000000000000000000e+00,-4.746952502757722514e-01,1.000000000000000000e+00,1.000000000000000000e+00,6.535385175447413486e-01,-1.000000000000000000e+00,-1.000000000000000000e+00,1.000000000000000000e+00,-8.537027023995242825e-01,4.392685952899500479e-01,1.000000000000000000e+00,9.158430204616796466e-01,-1.000000000000000000e+00,6.573132980217397670e-01,1.000000000000000000e+00,1.000000000000000000e+00,1.000000000000000000e+00,7.125133418956093589e-02,4.075605072400010354e-01,1.000000000000000000e+00,-2.128923894870080394e-03,-1.000000000000000000e+00,1.000000000000000000e+00,1.000000000000000000e+00,-1.000000000000000000e+00,1.000000000000000000e+00,6.283146388487147460e-01,1.000000000000000000e+00,-1.000000000000000000e+00,6.435567685628020840e-01,9.588833278908629465e-01,1.000000000000000000e+00,-1.000000000000000000e+00,-4.265519359444440717e-01,-1.000000000000000000e+00,9.301183846955123069e-02,1.000000000000000000e+00,1.000000000000000000e+00,1.000000000000000000e+00
0.000000000000000000e+00,0.000000000000000000e+00,0.000000000000000000e+00,0.000000000000000000e+00,0.000000000000000000e+00,0.000000000000000000e+00,0.000000000000000000e+00,0.000000000000000000e+00,0.000000000000000000e+00,0.000000000000000000e+00,0.000000000000000000e+00,0.000000000000000000e+00,0.000000000000000000e+00,0.000000000000000000e+00,0.000000000000000000e+00,0.000000000000000000e+00,0.000000000000000000e+00,0.000000000000000000e+00,0.000000000000000000e+00,0.000000000000000000e+00,0.000000000000000000e+00,0.000000000000000000e+00,0.000000000000000000e+00,0.000000000000000000e+00,0.000000000000000000e+00,0.000000000000000000e+00,0.000000000000000000e+00,0.000000000000000000e+00,0.000000000000000000e+00,0.000000000000000000e+00,0.000000000000000000e+00,0.000000000000000000e+00,1.000000000000000000e+00,7.724701644434313064e-01,1.000000000000000000e+00,1.000000000000000000e+00,-1.000000000000000000e+00,1.000000000000000000e+00,1.000000000000000000e+00,1.000000000000000000e+00,1.000000000000000000e+00,1.000000000000000000e+00,-1.000000000000000000e+00,1.000000000000000000e+00,1.000000000000000000e+00,-5.294295208797894850e-03,-1.000000000000000000e+00,-1.000000000000000000e+00,1.000000000000000000e+00,1.000000000000000000e+00,-1.000000000000000000e+00,1.000000000000000000e+00,1.000000000000000000e+00,1.851352817304579290e-01,7.185072156496283835e-01,1.000000000000000000e+00,7.637767561919422965e-01,1.000000000000000000e+00,4.878160089367215568e-01,-1.000000000000000000e+00,1.000000000000000000e+00,1.000000000000000000e+00,-8.580716213005566972e-01,1.000000000000000000e+00,1.000000000000000000e+00,8.674752550352489155e-01,-1.000000000000000000e+00,-1.000000000000000000e+00,1.000000000000000000e+00,-2.949686087151873193e-01,1.000000000000000000e+00,1.000000000000000000e+00,1.000000000000000000e+00,-6.106410575410927688e-01,-8.362897948688602368e-02,1.000000000000000000e+00,1.000000000000000000e+00,1.000000000000000000e+00,2.753407201294167939e-01,7.008748555325863827e-03,1.000000000000000000e+00,4.138234726084171200e-01,-1.000000000000000000e+00,1.000000000000000000e+00,1.000000000000000000e+00,-1.000000000000000000e+00,1.000000000000000000e+00,4.550241362020420177e-01,6.058743848478189697e-01,-6.159469853095760339e-01,3.602236839221852893e-01,1.000000000000000000e+00,1.000000000000000000e+00,-1.000000000000000000e+00,-6.991771134701341150e-01,-1.000000000000000000e+00,-5.170893594700753937e-01,1.000000000000000000e+00,1.000000000000000000e+00,9.798476738310664125e-01
0.000000000000000000e+00,0.000000000000000000e+00,0.000000000000000000e+00,0.000000000000000000e+00,0.000000000000000000e+00,0.000000000000000000e+00,0.000000000000000000e+00,0.000000000000000000e+00,0.000000000000000000e+00,0.000000000000000000e+00,0.000000000000000000e+00,0.000000000000000000e+00,0.000000000000000000e+00,0.000000000000000000e+00,0.000000000000000000e+00,0.000000000000000000e+00,0.000000000000000000e+00,0.000000000000000000e+00,0.000000000000000000e+00,0.000000000000000000e+00,0.000000000000000000e+00,0.000000000000000000e+00,0.000000000000000000e+00,0.000000000000000000e+00,0.000000000000000000e+00,0.000000000000000000e+00,0.000000000000000000e+00,0.000000000000000000e+00,0.000000000000000000e+00,0.000000000000000000e+00,0.000000000000000000e+00,0.000000000000000000e+00,0.000000000000000000e+00,1.000000000000000000e+00,2.774540254856607269e-01,8.532314983557768295e-01,3.035718391760610091e-01,3.552763031490745460e-01,2.048863766898536276e-01,4.252376011307081316e-01,5.859481601164695519e-01,5.816882818999440374e-01,1.453686156574769128e-01,7.201824980961950562e-01,9.303782199004106968e-01,4.927758519914983704e-01,6.114728841625459710e-01,-5.386960965444147903e-03,8.907191583624787246e-01,2.943888351426502403e-01,-1.990874304218966800e-02,2.984319330158066719e-01,6.016953427827121947e-01,-1.105154418009963307e-01,5.642825235933894845e-01,6.668102107260923672e-01,8.296170484133229550e-01,3.524713186684761967e-01,4.904397343469673043e-01,-5.871012592610875408e-02,5.844945398335575915e-01,4.210044925211111622e-01,1.000000000000000000e+00,1.000000000000000000e+00,4.840874037326081125e-01,2.325735166467458523e-02,-2.231432332238784400e-01,-4.306769336017615690e-02,4.448727106372494799e-01,-1.000000000000000000e+00,-1.068518796665922643e-01,1.230293565535595657e-01,4.465276756163592542e-01,-7.912053278240264650e-03,8.685607095953117029e-02,3.407997119201641167e-01,3.107627847192661052e-01,-1.659500336307700719e-01,-4.774415978631192936e-01,8.218456749572248254e-01,1.000000000000000000e+00,-1.299161781542136351e-01,-3.187791022818674547e-01,6.389145324776766000e-01,6.614237783817228378e-01,-9.935956767410075718e-01,1.839301812822454751e-01,3.358530506596866805e-01,3.802928976220067425e-01,-6.130229648124379399e-02,4.847278383959265358e-01,7.884647917050786603e-01,6.476894223303102383e-01,-6.509140588799107174e-01,5.412679171947026857e-01,-8.921484636278969038e-01,-8.952579916315062461e-03,4.445836486705198598e-01,1.801381110654457071e-03,1.420436455530187936e-01
0.000000000000000000e+00,0.000000000000000000e+00,0.000000000000000000e+00,0.000000000000000000e+00,0.000000000000000000e+00,0.000000000000000000e+00,0.000000000000000000e+00,0.000000000000000000e+00,0.000000000000000000e+00,0.000000000000000000e+00,0.000000000000000000e+00,0.000000000000000000e+00,0.000000000000000000e+00,0.000000000000000000e+00,0.000000000000000000e+00,0.000000000000000000e+00,0.000000000000000000e+00,0.000000000000000000e+00,0.000000000000000000e+00,0.000000000000000000e+00,0.000000000000000000e+00,0.000000000000000000e+00,0.000000000000000000e+00,0.000000000000000000e+00,0.000000000000000000e+00,0.000000000000000000e+00,0.000000000000000000e+00,0.000000000000000000e+00,0.000000000000000000e+00,0.000000000000000000e+00,0.000000000000000000e+00,0.000000000000000000e+00,0.000000000000000000e+00,0.000000000000000000e+00,1.000000000000000000e+00,5.471964043755611629e-01,-1.393839618124918800e-01,2.164906027697710011e-01,4.089919530760270372e-01,5.049601642496585052e-01,2.247643230387066093e-01,9.214105175647692159e-01,-2.826583823670072992e-01,8.276047925745911860e-01,3.940885327104875491e-01,-1.211983018562687170e-01,2.777131548861709251e-02,-4.087153034101481675e-03,7.609700412029201111e-01,3.717324197362075755e-01,-1.061090758058056416e-01,3.342900328148725730e-01,6.943165999715143755e-02,4.028437371894835750e-01,-1.063346567330318015e-01,4.045609802664759669e-01,-1.940927881165847857e-02,3.370526482488321596e-02,-1.291249431807672543e-01,-3.716270503826884508e-01,6.274621654893927092e-01,2.843309799884988776e-01,1.160687498364901538e-01,6.397205625878020774e-01,2.456254574725555417e-01,1.485464385567299428e-01,-1.424915194748970215e-01,1.644892250917250887e-01,3.564659395025435162e-01,3.767445151428174821e-01,6.007623693959792677e-01,6.779553321929548959e-01,1.000000000000000000e+00,4.499895965391155772e-01,-7.954484449331017393e-02,1.400816790172609017e-01,3.982339455180332610e-01,4.125316261757830949e-01,2.419393694289332652e-01,-2.523886017325358555e-01,4.815418517994415337e-01,3.690099797277648919e-01,1.765016321956186518e-01,1.875300176492263882e-01,1.889445861721099351e-01,-9.495653709262473138e-03,9.118555126729502858e-01,-1.170937523733908137e-01,-2.084252465969463619e-01,2.745488922918938868e-01,2.773618613808008782e-01,5.185152583274721394e-01,1.874028982431966139e-01,8.494859637045561185e-02,-2.204880225007042338e-01,-4.243268638723651787e-01,-2.172752165369926936e-01,4.523558443465313106e-01,1.362316416959456211e-01,1.257395123202973697e-01
0.000000000000000000e+00,0.000000000000000000e+00,0.000000000000000000e+00,0.000000000000000000e+00,0.000000000000000000e+00,0.000000000000000000e+00,0.000000000000000000e+00,0.000000000000000000e+00,0.000000000000000000e+00,0.000000000000000000e+00,0.000000000000000000e+00,0.000000000000000000e+00,0.000000000000000000e+00,0.000000000000000000e+00,0.000000000000000000e+00,0.000000000000000000e+00,0.000000000000000000e+00,0.000000000000000000e+00,0.000000000000000000e+00,0.000000000000000000e+00,0.000000000000000000e+00,0.000000000000000000e+00,0.000000000000000000e+00,0.000000000000000000e+00,0.000000000000000000e+00,0.000000000000000000e+00,0.000000000000000000e+00,0.000000000000000000e+00,0.000000000000000000e+00,0.000000000000000000e+00,0.000000000000000000e+00,0.000000000000000000e+00,0.000000000000000000e+00,0.000000000000000000e+00,0.000000000000000000e+00,1.000000000000000000e+00,5.948074507943997696e-02,1.779678781475276805e-01,2.425423124915924711e-01,4.101046004665144240e-01,3.396430151816434151e-01,5.873381171564246994e-01,-1.991010828971749580e-01,6.589640665061935465e-01,4.201180566251043746e-01,1.028717769115797959e-01,5.202808404086577410e-01,4.173890638609976250e-02,9.532786575979994570e-01,3.477030430269369421e-01,2.929533753185990519e-01,1.600835192121379535e-01,3.417874292315303819e-01,1.314645940525465588e-03,9.704977271784526183e-02,1.798604118947796926e-01,3.002172611497099242e-01,1.133160581270366146e-01,1.892105057192462469e-01,-5.096379490837461557e-01,6.242796316959909886e-01,2.865105780368776278e-01,3.691995058502022808e-01,1.000000000000000000e+00,3.007586388651091736e-01,-1.283387016504729597e-02,-3.012901802770931448e-02,2.406439440227955695e-01,4.505617738276155304e-01,-3.778618143883895053e-01,1.953472753374554116e-01,2.884879827224820503e-01,6.807437187639818754e-01,4.842776338651905710e-01,-4.687279304987096995e-01,3.278894562450804240e-01,1.790303364984742462e-01,-1.584282644765311054e-01,-8.058957721472313762e-02,3.438291871788402565e-01,5.775898442612948935e-01,9.690046542087274450e-02,-8.699121454466066106e-02,1.432733699437968855e-01,4.528650193183851869e-01,-5.724158794814249163e-01,3.732161889404401189e-01,8.805505858721003609e-02,-5.810059299647493680e-02,3.212668444081371311e-01,4.763685839386067045e-01,7.067667709739994253e-01,2.356242267832580617e-01,-1.476705498234465175e-01,1.721955730113793048e-01,-3.489236259243599925e-01,5.972768870200828584e-02,2.167651093271414087e-01,-3.424387155868233168e-01,-1.234361609891975603e-01
0.000000000000000000e+00,0.000000000000000000e+00,0.000000000000000000e+00,0.000000000000000000e+00,0.000000000000000000e+00,0.000000000000000000e+00,0.000000000000000000e+00,0.000000000000000000e+00,0.000000000000000000e+00,0.000000000000000000e+00,0.000000000000000000e+00,0.000000000000000000e+00,0.000000000000000000e+00,0.000000000000000000e+00,0.000000000000000000e+00,0.000000000000000000e+00,0.000000000000000000e+00,0.000000000000000000e+00,0.000000000000000000e+00,0.000000000000000000e+00,0.000000000000000000e+00,0.000000000000000000e+00,0.000000000000000000e+00,0.000000000000000000e+00,0.000000000000000000e+00,0.000000000000000000e+00,0.000000000000000000e+00,0.000000000000000000e+00,0.000000000000000000e+00,0.000000000000000000e+00,0.000000000000000000e+00,0.000000000000000000e+00,0.000000000000000000e+00,0.000000000000000000e+00,0.000000000000000000e+00,0.000000000000000000e+00,1.000000000000000000e+00,-3.770828738301170713e-01,-5.754505980967127288e-01,-3.698911928443091579e-01,-2.404137451856297181e-01,3.726538514886583719e-01,1.000000000000000000e+00,-8.313944717038689314e-01,6.912655385527267634e-04,5.292874026380931518e-01,1.000000000000000000e+00,9.575727928963586599e-01,1.965279131997183792e-01,-5.024188697009792648e-01,7.656039073293868791e-01,-4.781472032519141213e-01,1.154186298688198165e-01,-6.530315163458721983e-02,1.983031150712749602e-01,-3.312086289168397202e-01,3.749334956413273856e-01,-3.180824897935518036e-01,3.226826672325361356e-01,1.000000000000000000e+00,-7.821491961123121506e-01,-7.182380264936596426e-01,1.000000000000000000e+00,1.827009131840579281e-01,-2.278449180510968286e-01,-4.006836092869203170e-01,7.722847715760464693e-01,7.603339158737384418e-01,-4.192871323668857508e-01,-6.138395396079963096e-01,-6.876310355855043133e-01,-7.113975117043194185e-01,1.000000000000000000e+00,3.508671520379929576e-01,3.288637314350264518e-01,-7.014015972324962878e-01,-4.954707651321175188e-01,-8.488440132540272520e-01,-7.544885853674840881e-01,6.247933191240641060e-01,-5.368252729104361354e-01,-4.299673238874116565e-01,3.117039346092944085e-01,1.441058601719417964e-01,-2.214022575045529739e-01,9.733456462118840469e-02,-8.723767008818611446e-01,1.109733571322601003e-01,-5.276553133175736210e-02,3.813804899397013060e-01,-1.359874255136410692e-01,2.064520923340522340e-01,-7.139365820810334995e-01,-1.881047126639548428e-02,9.980270874761466571e-01,7.777847309065782921e-01,-4.624686949870203401e-02,-6.378160325238354522e-01,-3.479343365867617610e-01,-3.515564588153593517e-01
0.000000000000000000e+00,0.000000000000000000e+00,0.000000000000000000e+00,0.000000000000000000e+00,0.000000000000000000e+00,0.000000000000000000e+00,0.000000000000000000e+00,0.000000000000000000e+00,0.000000000000000000e+00,0.000000000000000000e+00,0.000000000000000000e+00,0.000000000000000000e+00,0.000000000000000000e+00,0.000000000000000000e+00,0.000000000000000000e+00,0.000000000000000000e+00,0.000000000000000000e+00,0.000000000000000000e+00,0.000000000000000000e+00,0.000000000000000000e+00,0.000000000000000000e+00,0.000000000000000000e+00,0.000000000000000000e+00,0.000000000000000000e+00,0.000000000000000000e+00,0.000000000000000000e+00,0.000000000000000000e+00,0.000000000000000000e+00,0.000000000000000000e+00,0.000000000000000000e+00,0.000000000000000000e+00,0.000000000000000000e+00,0.000000000000000000e+00,0.000000000000000000e+00,0.000000000000000000e+00,0.000000000000000000e+00,0.000000000000000000e+00,1.000000000000000000e+00,6.834497242778184711e-01,9.506760859218926774e-01,8.236617156770972281e-01,1.000000000000000000e+00,-3.153072317843329531e-01,8.336168968905596222e-01,1.000000000000000000e+00,8.539612070851040904e-02,-4.031435549144065100e-01,-7.717069593617990053e-01,9.571245859892496544e-01,7.879116423788525836e-01,-7.536633832015862122e-01,7.270923314255474112e-01,7.036702029796563229e-01,5.555024571314410436e-02,5.878783970730334651e-01,1.000000000000000000e+00,6.889505567411934317e-01,1.000000000000000000e+00,3.738590763866706523e-01,-8.467609927629096145e-01,8.866638558376097601e-01,1.000000000000000000e+00,1.251239276807613043e-01,5.474208242271565439e-01,4.783903544492129067e-01,1.829876289665810229e-01,-9.268854744983778815e-01,-1.000000000000000000e+00,6.679775507491344522e-01,-5.513058355840747549e-01,9.285995990049789039e-02,5.177075904155065134e-01,1.000000000000000000e+00,-5.158158978394895566e-01,4.375453610451273123e-01,1.000000000000000000e+00,1.000000000000000000e+00,7.217454807654922755e-01,2.001990303841223728e-01,2.956405905560581804e-01,1.000000000000000000e+00,-4.639175245264912095e-02,-8.344078257545879396e-01,5.073340903840540816e-01,1.000000000000000000e+00,-1.000000000000000000e+00,6.770141044120278062e-01,2.653722761246258277e-01,7.144992712022265602e-01,-3.400988091480683928e-01,4.767442363604783018e-01,2.937293950520779018e-01,1.000000000000000000e+00,-1.000000000000000000e+00,-2.711444100999950146e-01,-1.000000000000000000e+00,2.555244606020690701e-01,1.000000000000000000e+00,1.000000000000000000e+00,6.392202868100460567e-01
0.000000000000000000e+00,0.000000000000000000e+00,0.000000000000000000e+00,0.000000000000000000e+00,0.000000000000000000e+00,0.000000000000000000e+00,0.000000000000000000e+00,0.000000000000000000e+00,0.000000000000000000e+00,0.000000000000000000e+00,0.000000000000000000e+00,0.000000000000000000e+00,0.000000000000000000e+00,0.000000000000000000e+00,0.000000000000000000e+00,0.000000000000000000e+00,0.000000000000000000e+00,0.000000000000000000e+00,0.000000000000000000e+00,0.000000000000000000e+00,0.000000000000000000e+00,0.000000000000000000e+00,0.000000000000000000e+00,0.000000000000000000e+00,0.000000000000000000e+00,0.000000000000000000e+00,0.000000000000000000e+00,0.000000000000000000e+00,0.000000000000000000e+00,0.000000000000000000e+00,0.000000000000000000e+00,0.000000000000000000e+00,0.000000000000000000e+00,0.000000000000000000e+00,0.000000000000000000e+00,0.000000000000000000e+00,0.000000000000000000e+00,0.000000000000000000e+00,1.000000000000000000e+00,1.000000000000000000e+00,7.948148199350365539e-01,1.000000000000000000e+00,-9.402162531677266122e-01,1.000000000000000000e+00,1.000000000000000000e+00,-1.902498991780081639e-01,-5.384286392984460878e-01,-8.361684480037426814e-01,1.000000000000000000e+00,9.313423140905933151e-01,-6.486380575884158617e-01,9.219288217975639688e-01,4.726947541554631371e-01,4.125534169582815158e-01,1.055026313109628383e-01,1.000000000000000000e+00,1.827346460160880204e-01,5.358230668241544814e-01,1.059033851511559203e-02,-1.000000000000000000e+00,1.000000000000000000e+00,1.000000000000000000e+00,-3.849016778285526685e-01,1.000000000000000000e+00,7.732448776978495530e-01,4.987250342472502318e-01,-8.938600265512243181e-01,-5.043862835790837718e-01,9.335907345801217616e-01,2.584607854021219731e-01,1.000000000000000000e+00,1.000000000000000000e+00,1.000000000000000000e+00,1.533240053306631212e-01,-1.924771266896920796e-01,1.000000000000000000e+00,1.000000000000000000e+00,9.895881729833144735e-01,3.938049322989486400e-01,-2.767022276399058178e-01,1.000000000000000000e+00,5.869057629392588904e-01,-3.126369935517789855e-01,6.195509817722570922e-01,7.726161512707001577e-01,-5.783825901700376804e-01,1.000000000000000000e+00,3.424257674418157427e-02,6.762428485849986994e-03,-2.126137520592096333e-02,4.639248548225383129e-01,9.660897465543279994e-01,1.000000000000000000e+00,-4.232331274035511792e-01,-5.389484479836612607e-01,-1.000000000000000000e+00,-3.783527100646353891e-01,1.000000000000000000e+00,5.677305701898364143e-01,4.892572241385440002e-01
0.000000000000000000e+00,0.000000000000000000e+00,0.000000000000000000e+00,0.000000000000000000e+00,0.000000000000000000e+00,0.000000000000000000e+00,0.000000000000000000e+00,0.000000000000000000e+00,0.000000000000000000e+00,0.000000000000000000e+00,0.000000000000000000e+00,0.000000000000000000e+00,0.000000000000000000e+00,0.000000000000000000e+00,0.000000000000000000e+00,0.000000000000000000e+00,0.000000000000000000e+00,0.000000000000000000e+00,0.000000000000000000e+00,0.000000000000000000e+00,0.000000000000000000e+00,0.000000000000000000e+00,0.000000000000000000e+00,0.000000000000000000e+00,0.000000000000000000e+00,0.000000000000000000e+00,0.000000000000000000e+00,0.000000000000000000e+00,0.000000000000000000e+00,0.000000000000000000e+00,0.000000000000000000e+00,0.000000000000000000e+00,0.000000000000000000e+00,0.000000000000000000e+00,0.000000000000000000e+00,0.000000000000000000e+00,0.000000000000000000e+00,0.000000000000000000e+00,0.000000000000000000e+00,1.000000000000000000e+00,6.538714125059372773e-01,1.000000000000000000e+00,-4.858382681826834970e-01,1.000000000000000000e+00,8.806057353195929638e-01,3.807030109236890503e-02,-3.229945863019215158e-02,-5.455399676946749432e-01,1.000000000000000000e+00,6.630838440198720818e-01,-2.398663333715376211e-01,6.170885479177891098e-01,5.635138589476912374e-01,2.425669280194243105e-01,2.203223529294435212e-01,8.543032757148651957e-01,3.439861120978803810e-01,5.260430901427616268e-01,2.494783311099567358e-01,-7.870034760143459485e-01,1.000000000000000000e+00,6.857079771971583693e-01,2.648632076680126901e-01,1.000000000000000000e+00,6.432180492477438394e-01,2.726081731162713906e-01,-5.852760926926331431e-01,-4.094195934227032874e-01,6.555602295381223188e-01,3.164996734900349384e-02,5.184948223469320050e-01,5.364869106133122179e-01,1.000000000000000000e+00,1.519196337324399682e-01,-2.035692000611635799e-01,1.000000000000000000e+00,7.511233095240569257e-01,4.830423448365322447e-01,8.830057016090898936e-02,4.356467364932748235e-03,1.000000000000000000e+00,2.524417832291095398e-01,-3.767338975361761433e-01,5.673403760872992585e-01,7.288019356858264075e-01,-5.849928524982239697e-01,1.000000000000000000e+00,1.356835134407884391e-01,2.985145453593608320e-02,1.927624312607968404e-01,1.412976153931504719e-01,9.323275203814594958e-01,7.462074617073688465e-01,-5.413941926865251109e-01,-1.225653895266270860e-01,-9.646914057457151026e-01,-3.190867281705265790e-01,1.000000000000000000e+00,6.264090100282179163e-01,2.651278846045689308e-01
0.000000000000000000e+00,0.000000000000000000e+00,0.000000000000000000e+00,0.000000000000000000e+00,0.000000000000000000e+00,0.000000000000000000e+00,0.000000000000000000e+00,0.000000000000000000e+00,0.000000000000000000e+00,0.000000000000000000e+00,0.000000000000000000e+00,0.000000000000000000e+00,0.000000000000000000e+00,0.000000000000000000e+00,0.000000000000000000e+00,0.000000000000000000e+00,0.000000000000000000e+00,0.000000000000000000e+00,0.000000000000000000e+00,0.000000000000000000e+00,0.000000000000000000e+00,0.000000000000000000e+00,0.000000000000000000e+00,0.000000000000000000e+00,0.000000000000000000e+00,0.000000000000000000e+00,0.000000000000000000e+00,0.000000000000000000e+00,0.000000000000000000e+00,0.000000000000000000e+00,0.000000000000000000e+00,0.000000000000000000e+00,0.000000000000000000e+00,0.000000000000000000e+00,0.000000000000000000e+00,0.000000000000000000e+00,0.000000000000000000e+00,0.000000000000000000e+00,0.000000000000000000e+00,0.000000000000000000e+00,1.000000000000000000e+00,5.209232929441434123e-01,-6.377520279614994347e-01,1.000000000000000000e+00,9.026329476033456700e-01,3.658278961547369312e-01,-4.467955598198829203e-02,-1.000000000000000000e+00,1.000000000000000000e+00,5.568278908925539117e-01,-4.024991033420928233e-01,7.526759157299405256e-01,1.000000000000000000e+00,-4.825180169922840823e-01,6.720026629838676824e-01,7.837605109846739193e-01,7.306843205749783410e-01,6.803256759383052854e-01,7.219349515851284371e-01,-8.727243262727041317e-01,1.000000000000000000e+00,1.000000000000000000e+00,-1.642582076762300891e-01,1.000000000000000000e+00,9.349914223582840300e-01,3.894132932379368861e-01,-1.000000000000000000e+00,-7.326745826711260623e-01,9.347859698288056851e-01,-9.474118031069145296e-01,1.615125759015300089e-01,1.875978957483045440e-01,2.572322505352159783e-01,-4.502243545770571731e-01,-3.637494408542297220e-01,1.000000000000000000e+00,8.315487641591006174e-01,1.966988886507390344e-01,-4.584089649589347948e-01,6.456586342394199374e-01,1.000000000000000000e+00,-1.248321208876493754e-01,-9.134711459027314850e-01,9.854025895688495185e-01,9.865629408844709403e-01,-1.000000000000000000e+00,8.844078548920152327e-01,5.634694336220137378e-01,4.625905625886428396e-01,-3.846825920543117117e-01,5.372301599735116590e-02,1.000000000000000000e+00,1.000000000000000000e+00,-1.000000000000000000e+00,3.237672356235568039e-01,-1.000000000000000000e+00,-1.112775215470014623e-01,7.622063388687277952e-01,1.794085012825547276e-01,2.516627392333982693e-01
0.000000000000000000e+00,0.000000000000000000e+00,0.000000000000000000e+00,0.000000000000000000e+00,0.000000000000000000e+00,0.000000000000000000e+00,0.000000000000000000e+00,0.000000000000000000e+00,0.000000000000000000e+00,0.000000000000000000e+00,0.000000000000000000e+00,0.000000000000000000e+00,0.000000000000000000e+00,0.000000000000000000e+00,0.000000000000000000e+00,0.000000000000000000e+00,0.000000000000000000e+00,0.000000000000000000e+00,0.000000000000000000e+00,0.000000000000000000e+00,0.000000000000000000e+00,0.000000000000000000e+00,0.000000000000000000e+00,0.000000000000000000e+00,0.000000000000000000e+00,0.000000000000000000e+00,0.000000000000000000e+00,0.000000000000000000e+00,0.000000000000000000e+00,0.000000000000000000e+00,0.000000000000000000e+00,0.000000000000000000e+00,0.000000000000000000e+00,0.000000000000000000e+00,0.000000000000000000e+00,0.000000000000000000e+00,0.000000000000000000e+00,0.000000000000000000e+00,0.000000000000000000e+00,0.000000000000000000e+00,0.000000000000000000e+00,1.000000000000000000e+00,1.444896638311118364e-01,2.699993673566397634e-01,3.304615389610256471e-01,-7.784480079388046356e-03,1.710857810679428659e-01,1.931689097131234489e-01,3.729511211931839099e-01,1.780271570551651972e-01,2.132642552339589215e-02,9.430299611713413577e-02,4.959608296048842457e-03,3.275137393839449018e-01,2.787576493965972669e-03,3.152280923702409088e-01,8.048944663511078956e-02,1.810665199832116878e-01,-2.754876749628634020e-02,-1.000146137499543716e-02,1.451340567451587793e-01,-2.368722490610995768e-02,5.080854750261464270e-01,1.856548992560488609e-01,2.223204308114514263e-02,-5.776087067378854467e-02,3.827155015059162391e-02,-1.093653333278938114e-02,2.837966899496436463e-02,1.928188466834782622e-01,1.276197838375328353e-01,1.957830220180006020e-01,1.000000000000000000e+00,2.700301469803121357e-01,2.442348676844794397e-01,-9.814506279833448699e-03,1.851232264108657322e-01,1.615519454662046606e-01,1.832615657856938307e-01,-1.440650324475699906e-01,1.244297258484694801e-01,9.514256041997654068e-02,1.244676397858977129e-01,6.081589575218721011e-02,1.705296792319004606e-01,-8.536023903604045282e-02,1.895879990408146087e-01,-8.217846467570201485e-02,-1.149615457669176007e-02,2.739714793650561697e-01,1.596477551737465750e-01,1.255350513016064429e-01,1.209897828756746618e-01,-4.803783071722993875e-02,-9.427742170702128888e-02,-1.034700343457063965e-01,4.732216987189373676e-03,4.954495461103921583e-01,5.114702582259845753e-01,1.341049133064499410e-01
0.000000000000000000e+00,0.000000000000000000e+00,0.000000000000000000e+00,0.000000000000000000e+00,0.000000000000000000e+00,0.000000000000000000e+00,0.000000000000000000e+00,0.000000000000000000e+00,0.000000000000000000e+00,0.000000000000000000e+00,0.000000000000000000e+00,0.000000000000000000e+00,0.000000000000000000e+00,0.000000000000000000e+00,0.000000000000000000e+00,0.000000000000000000e+00,0.000000000000000000e+00,0.000000000000000000e+00,0.000000000000000000e+00,0.000000000000000000e+00,0.000000000000000000e+00,0.000000000000000000e+00,0.000000000000000000e+00,0.000000000000000000e+00,0.000000000000000000e+00,0.000000000000000000e+00,0.000000000000000000e+00,0.000000000000000000e+00,0.000000000000000000e+00,0.000000000000000000e+00,0.000000000000000000e+00,0.000000000000000000e+00,0.000000000000000000e+00,0.000000000000000000e+00,0.000000000000000000e+00,0.000000000000000000e+00,0.000000000000000000e+00,0.000000000000000000e+00,0.000000000000000000e+00,0.000000000000000000e+00,0.000000000000000000e+00,0.000000000000000000e+00,1.000000000000000000e+00,-8.317452690977475971e-01,9.444283088716758090e-02,1.491750671742028966e-01,5.252481251513866356e-01,9.565993136711596900e-01,-4.155695904587389800e-01,-3.006644573848202828e-01,2.566435697315478381e-01,-4.361971592255849961e-01,-3.230197884565724209e-01,3.331763816861335048e-01,1.556217732035426737e-02,5.990626120529625107e-03,1.299183868910339934e-01,2.758362593416343808e-02,-1.125935903021079570e-01,9.093814907222120825e-01,-9.741765919503995175e-01,-6.724386263827158983e-01,1.000000000000000000e+00,-8.170780067635837751e-01,-5.354275534119464774e-01,-4.262097944628598922e-01,6.816411049403495737e-01,2.598433447860790668e-01,-6.173849623766405337e-01,-1.239501837061562223e-01,-5.459353760877203587e-01,-3.302280251180474413e-01,9.064434949910054051e-01,1.605499707950517052e-01,8.260583835933189567e-01,-8.570663024061142554e-01,-3.577494913484062233e-01,-2.600468492443026025e-01,3.069768569680873718e-03,1.020837742710025420e-01,-7.272020038952473620e-01,-2.229894211867570752e-01,3.943274411509137267e-01,-2.938035227586288101e-01,-1.897228172121215306e-01,1.759789487667796914e-01,-9.110104103691841759e-01,-1.690748811719484379e-01,1.160136064073814394e-01,2.690696184444211214e-01,1.396575030784877602e-01,-5.827762966833637259e-01,-3.544652494020685829e-01,1.175674983041829907e-01,1.995833021486796421e-01,5.843830203555514524e-01,2.127809060351818493e-01,3.944262467949236767e-02,4.792334719010534760e-01,3.406242363895034542e-02
0.000000000000000000e+00,0.000000000000000000e+00,0.000000000000000000e+00,0.000000000000000000e+00,0.000000000000000000e+00,0.000000000000000000e+00,0.000000000000000000e+00,0.000000000000000000e+00,0.000000000000000000e+00,0.000000000000000000e+00,0.000000000000000000e+00,0.000000000000000000e+00,0.000000000000000000e+00,0.000000000000000000e+00,0.000000000000000000e+00,0.000000000000000000e+00,0.000000000000000000e+00,0.000000000000000000e+00,0.000000000000000000e+00,0.000000000000000000e+00,0.000000000000000000e+00,0.000000000000000000e+00,0.000000000000000000e+00,0.000000000000000000e+00,0.000000000000000000e+00,0.000000000000000000e+00,0.000000000000000000e+00,0.000000000000000000e+00,0.000000000000000000e+00,0.000000000000000000e+00,0.000000000000000000e+00,0.000000000000000000e+00,0.000000000000000000e+00,0.000000000000000000e+00,0.000000000000000000e+00,0.000000000000000000e+00,0.000000000000000000e+00,0.000000000000000000e+00,0.000000000000000000e+00,0.000000000000000000e+00,0.000000000000000000e+00,0.000000000000000000e+00,0.000000000000000000e+00,1.000000000000000000e+00,2.773636077151683255e-01,4.279176137848340368e-03,5.372422733955742324e-02,-1.203974743998622032e-01,4.942102335185971640e-01,2.894495862064382363e-01,-3.073647824055046954e-02,2.558127982310591797e-01,9.389960386628992683e-02,1.871533751505738974e-01,2.745275820263997843e-02,3.542637765223006774e-01,1.305767415763093575e-01,3.948643541220540898e-02,2.378207369946166300e-02,-3.061615738565485190e-01,6.442164243615962071e-01,2.281992509377232525e-01,4.151671182615679356e-02,8.715968328087787542e-01,2.932800045346340423e-01,1.303693088661809218e-01,-1.601870250027562781e-01,1.863091676154674317e-02,2.943998142229458104e-01,2.323617312606895968e-01,4.459770371685765067e-01,3.188691525911116487e-01,-1.652070683635504383e-02,2.459613710271954801e-01,-1.397174070922712341e-01,5.385178981505740065e-02,2.005163740196122257e-01,1.497093185185116027e-01,1.080784303945493685e-01,-1.102111678252558069e-01,5.398854306482586685e-01,2.533371914973234218e-01,2.514042465108078453e-02,1.862538485917285547e-01,2.007796358318424124e-01,-1.604951514788076627e-01,5.220829258484858126e-01,-2.271574612971370439e-03,-6.205431591521277240e-02,1.306690704638583944e-01,2.548671072645805058e-01,3.804016372696178983e-01,2.773805932439213362e-01,-3.737180509830892450e-02,-8.222863491064145991e-02,-4.778383414747310876e-01,-7.584010867532413325e-02,3.268922023837185220e-01,1.267051687961017747e-01,9.305029265928564663e-02
0.000000000000000000e+00,0.000000000000000000e+00,0.000000000000000000e+00,0.000000000000000000e+00,0.000000000000000000e+00,0.000000000000000000e+00,0.000000000000000000e+00,0.000000000000000000e+00,0.000000000000000000e+00,0.000000000000000000e+00,0.000000000000000000e+00,0.000000000000000000e+00,0.000000000000000000e+00,0.000000000000000000e+00,0.000000000000000000e+00,0.000000000000000000e+00,0.000000000000000000e+00,0.000000000000000000e+00,0.000000000000000000e+00,0.000000000000000000e+00,0.000000000000000000e+00,0.000000000000000000e+00,0.000000000000000000e+00,0.000000000000000000e+00,0.000000000000000000e+00,0.000000000000000000e+00,0.000000000000000000e+00,0.000000000000000000e+00,0.000000000000000000e+00,0.000000000000000000e+00,0.000000000000000000e+00,0.000000000000000000e+00,0.000000000000000000e+00,0.000000000000000000e+00,0.000000000000000000e+00,0.000000000000000000e+00,0.000000000000000000e+00,0.000000000000000000e+00,0.000000000000000000e+00,0.000000000000000000e+00,0.000000000000000000e+00,0.000000000000000000e+00,0.000000000000000000e+00,0.000000000000000000e+00,1.000000000000000000e+00,1.586290811543052126e-01,1.297498520684156331e-01,1.478887400882059446e-03,7.132838092394604423e-01,4.533738329400802125e-01,-3.227354118023504359e-01,3.625418824179506561e-01,3.340463297007416066e-01,2.727407805718552458e-01,3.362594221969160135e-01,8.759760295932530472e-01,5.184310892228405354e-01,5.899246028620024340e-01,1.695010837364855916e-01,-2.055118770181644239e-01,4.856889518131988770e-01,4.383572941461917338e-01,8.029904876685227677e-01,5.135683196155076402e-01,2.927915641228413524e-01,3.307446433418551740e-02,-2.994090778980721956e-01,-3.288379683023184841e-01,3.217160823846069717e-01,-5.079622283194110688e-01,1.195849020295022547e-01,4.572403624304509639e-01,1.000000000000000000e+00,-1.375046742941347239e-02,3.546707005937985713e-01,5.323569660972331530e-01,4.990325402659075427e-01,3.249218590144681840e-01,7.963620045788752377e-02,2.840781695922177108e-01,1.000000000000000000e+00,7.237203302880033939e-02,-2.180717774260573782e-01,3.714017383183551013e-01,6.475480389355120492e-01,-7.288193353253848983e-01,4.230685736344040326e-01,8.839950448545587369e-02,3.359666035172370613e-01,3.620200636887029727e-02,4.621443138653889005e-01,3.691212880289806986e-01,7.475597788899474017e-01,-5.036862481756326781e-01,-2.548024827302973125e-02,-8.899546491480621047e-01,2.652977509679196183e-02,9.941541689115475089e-01,7.131209568112549801e-01,3.778572724345908851e-01
0.000000000000000000e+00,0.000000000000000000e+00,0.000000000000000000e+00,0.000000000000000000e+00,0.000000000000000000e+00,0.000000000000000000e+00,0.000000000000000000e+00,0.000000000000000000e+00,0.000000000000000000e+00,0.000000000000000000e+00,0.000000000000000000e+00,0.000000000000000000e+00,0.000000000000000000e+00,0.000000000000000000e+00,0.000000000000000000e+00,0.000000000000000000e+00,0.000000000000000000e+00,0.000000000000000000e+00,0.000000000000000000e+00,0.000000000000000000e+00,0.000000000000000000e+00,0.000000000000000000e+00,0.000000000000000000e+00,0.000000000000000000e+00,0.000000000000000000e+00,0.000000000000000000e+00,0.000000000000000000e+00,0.000000000000000000e+00,0.000000000000000000e+00,0.000000000000000000e+00,0.000000000000000000e+00,0.000000000000000000e+00,0.000000000000000000e+00,0.000000000000000000e+00,0.000000000000000000e+00,0.000000000000000000e+00,0.000000000000000000e+00,0.000000000000000000e+00,0.000000000000000000e+00,0.000000000000000000e+00,0.000000000000000000e+00,0.000000000000000000e+00,0.000000000000000000e+00,0.000000000000000000e+00,0.000000000000000000e+00,1.000000000000000000e+00,9.702597454294509260e-01,-3.583283185557795125e-01,7.831860409687978475e-01,-3.199096086421569507e-01,1.830749244218091432e-01,1.267335454753739654e-01,1.000000000000000000e+00,-8.569663265952999209e-01,9.656605690924349172e-01,1.222326758798978064e-01,1.000000000000000000e+00,2.209423976771993925e-01,1.000000000000000000e+00,5.228027401927509699e-01,3.808535325834641605e-01,1.107089208809635683e-01,1.000000000000000000e+00,1.000000000000000000e+00,7.149302390344782765e-01,2.645799040850019962e-02,-4.395301683936717607e-01,-1.977721933734792326e-01,2.466716575163823699e-01,-1.000000000000000000e+00,-7.019169776761504664e-01,-1.000000000000000000e+00,-8.156296514665746511e-02,-6.610958872072729697e-01,-2.015795816157148757e-01,8.212936814227650428e-01,-1.582409668971158576e-02,-9.085430305009158936e-01,-1.000000000000000000e+00,1.000000000000000000e+00,1.000000000000000000e+00,-7.559791978799055290e-01,-7.278819830584887240e-01,1.000000000000000000e+00,4.685610920536077972e-01,-1.000000000000000000e+00,-4.162560329125204461e-01,7.837564985274660945e-01,5.750822921330089876e-01,-2.786874587921367441e-01,-6.479311091696740021e-01,9.023416519325465623e-01,3.480877393577549439e-01,-1.000000000000000000e+00,1.000000000000000000e+00,-4.054750233789669034e-01,-8.730294464471338722e-02,-2.763934365222888156e-01,4.579628667692278027e-02,-1.225014313243135561e-01
0.000000000000000000e+00,0.000000000000000000e+00,0.000000000000000000e+00,0.000000000000000000e+00,0.000000000000000000e+00,0.000000000000000000e+00,0.000000000000000000e+00,0.000000000000000000e+00,0.000000000000000000e+00,0.000000000000000000e+00,0.000000000000000000e+00,0.000000000000000000e+00,0.000000000000000000e+00,0.000000000000000000e+00,0.000000000000000000e+00,0.000000000000000000e+00,0.000000000000000000e+00,0.000000000000000000e+00,0.000000000000000000e+00,0.000000000000000000e+00,0.000000000000000000e+00,0.000000000000000000e+00,0.000000000000000000e+00,0.000000000000000000e+00,0.000000000000000000e+00,0.000000000000000000e+00,0.000000000000000000e+00,0.000000000000000000e+00,0.000000000000000000e+00,0.000000000000000000e+00,0.000000000000000000e+00,0.000000000000000000e+00,0.000000000000000000e+00,0.000000000000000000e+00,0.000000000000000000e+00,0.000000000000000000e+00,0.000000000000000000e+00,0.000000000000000000e+00,0.000000000000000000e+00,0.000000000000000000e+00,0.000000000000000000e+00,0.000000000000000000e+00,0.000000000000000000e+00,0.000000000000000000e+00,0.000000000000000000e+00,0.000000000000000000e+00,1.000000000000000000e+00,5.980132582415437215e-01,5.957089910898714091e-01,-7.043806646392564152e-02,6.846138207621206284e-01,-2.489789822691068910e-01,1.193917749244487181e-01,4.042685241349682629e-02,5.490184383663740397e-02,-1.965586501337470982e-01,2.792400733509369237e-01,-1.576424893472742617e-01,2.178235099199965774e-01,1.979101525231493630e-01,1.115661444668323080e-02,-3.739717995352621061e-01,1.000000000000000000e+00,8.120581571219882555e-01,1.975698010069366559e-02,-2.658789826101244924e-01,4.638352042435440747e-01,5.727845105419518967e-01,-4.705289928346791800e-02,-3.033408022666156389e-01,-1.522562161461300800e-01,-2.887789343200789505e-01,6.751643656614871869e-01,5.765480235918282181e-01,-2.617513323611503906e-01,-2.967389488835480149e-01,-3.290276840968121563e-01,-6.469758514971384322e-01,-2.374954015801017670e-01,3.675565007276945795e-01,-1.967593354055936772e-01,-9.412552843201649200e-02,1.995657872928970067e-01,-2.915473087220323348e-02,7.703170888047455866e-02,-1.651879015980956822e-01,-3.086946506803669998e-01,2.809838511725875829e-02,-1.386074252150369113e-01,5.848192024226960273e-01,1.760253783482514656e-01,3.571781190700390463e-01,-3.069666500262688835e-01,5.809774784472888226e-02,4.907117666459480665e-01,3.767344693223421692e-01,1.026191124111038161e-01,-2.231255500129573910e-01,-2.280255226016247305e-01,-2.987700069657860946e-01
0.000000000000000000e+00,0.000000000000000000e+00,0.000000000000000000e+00,0.000000000000000000e+00,0.000000000000000000e+00,0.000000000000000000e+00,0.000000000000000000e+00,0.000000000000000000e+00,0.000000000000000000e+00,0.000000000000000000e+00,0.000000000000000000e+00,0.000000000000000000e+00,0.000000000000000000e+00,0.000000000000000000e+00,0.000000000000000000e+00,0.000000000000000000e+00,0.000000000000000000e+00,0.000000000000000000e+00,0.000000000000000000e+00,0.000000000000000000e+00,0.000000000000000000e+00,0.000000000000000000e+00,0.000000000000000000e+00,0.000000000000000000e+00,0.000000000000000000e+00,0.000000000000000000e+00,0.000000000000000000e+00,0.000000000000000000e+00,0.000000000000000000e+00,0.000000000000000000e+00,0.000000000000000000e+00,0.000000000000000000e+00,0.000000000000000000e+00,0.000000000000000000e+00,0.000000000000000000e+00,0.000000000000000000e+00,0.000000000000000000e+00,0.000000000000000000e+00,0.000000000000000000e+00,0.000000000000000000e+00,0.000000000000000000e+00,0.000000000000000000e+00,0.000000000000000000e+00,0.000000000000000000e+00,0.000000000000000000e+00,0.000000000000000000e+00,0.000000000000000000e+00,1.000000000000000000e+00,-2.329867431539708045e-01,-1.166435491472800068e-01,2.771271010581556893e-01,-3.494291600809503739e-01,-4.693172276326149639e-01,4.709530640397455170e-01,-2.311158152094250351e-01,-5.108653518119355558e-02,-9.509081767170145250e-02,-2.079319891481049287e-01,-3.345305039390031876e-01,4.846628171310629618e-01,-5.274884760215556856e-01,-4.659311601674929748e-01,6.873022839069539147e-01,-3.907545381369327830e-01,-4.233320342361457378e-01,-2.909627834395679402e-01,6.511236548570323857e-01,5.217823720906694662e-01,-3.817626217513233056e-01,2.059236292615521380e-01,6.571553430740562085e-03,1.634887860399608650e-01,4.641476255167747977e-01,5.256079305191261319e-01,3.293177991887219491e-01,-9.411459363239434994e-01,-3.718144746129765643e-01,-1.204643213714415018e-01,2.555577067539249736e-01,-1.397903930164009212e-01,-7.344497993851210049e-01,1.275672674514634619e-01,5.816305098832998954e-01,-4.221726015275532595e-01,-2.373246322200361635e-01,3.985829346522611893e-01,-4.114767323512136254e-01,-3.026067027440136892e-01,-1.454720179396159496e-01,4.075578958039102195e-01,3.762045034887139816e-01,-3.569210918850523329e-01,-4.233839171440778593e-01,4.652800445586808831e-01,-6.336589075179652197e-02,4.936996460952484123e-01,1.935225371206505951e-01,-1.153289512826868035e-01,-3.204391259989584212e-02,-5.162894643914722054e-02
0.000000000000000000e+00,0.000000000000000000e+00,0.000000000000000000e+00,0.000000000000000000e+00,0.000000000000000000e+00,0.000000000000000000e+00,0.000000000000000000e+00,0.000000000000000000e+00,0.000000000000000000e+00,0.000000000000000000e+00,0.000000000000000000e+00,0.000000000000000000e+00,0.000000000000000000e+00,0.000000000000000000e+00,0.000000000000000000e+00,0.000000000000000000e+00,0.000000000000000000e+00,0.000000000000000000e+00,0.000000000000000000e+00,0.000000000000000000e+00,0.000000000000000000e+00,0.000000000000000000e+00,0.000000000000000000e+00,0.000000000000000000e+00,0.000000000000000000e+00,0.000000000000000000e+00,0.000000000000000000e+00,0.000000000000000000e+00,0.000000000000000000e+00,0.000000000000000000e+00,0.000000000000000000e+00,0.000000000000000000e+00,0.000000000000000000e+00,0.000000000000000000e+00,0.000000000000000000e+00,0.000000000000000000e+00,0.000000000000000000e+00,0.000000000000000000e+00,0.000000000000000000e+00,0.000000000000000000e+00,0.000000000000000000e+00,0.000000000000000000e+00,0.000000000000000000e+00,0.000000000000000000e+00,0.000000000000000000e+00,0.000000000000000000e+00,0.000000000000000000e+00,0.000000000000000000e+00,1.000000000000000000e+00,2.883765731849389224e-01,1.596155462254979784e-01,2.638859609072491397e-01,4.237532505439882136e-01,-1.099459237692525584e-02,1.446666955811022892e-01,2.302094442426786125e-01,2.641699701091675401e-01,1.694146369874772462e-01,2.763802484279921923e-01,-4.046049253632808540e-01,6.794759721191502289e-01,2.615607232612338628e-01,3.506141453898561910e-01,1.000000000000000000e+00,3.954723089031103589e-01,7.504756512504558164e-02,-2.058745230855666963e-01,5.966692905945682190e-02,4.157666917577548249e-01,-1.459749259442122693e-01,2.287841792358360771e-01,1.418526156218899714e-01,8.501763277384173367e-01,2.742332120627359315e-01,-3.400508135379494146e-01,5.893509381767804145e-01,2.906432387094796121e-01,-5.663253069366321751e-02,-1.319555363271138482e-01,1.967698150159582771e-01,6.768789472654611616e-01,6.548161816503034194e-02,-1.769317211222507791e-01,3.271170681867800467e-01,3.907331654185867698e-01,-4.514603803941917293e-01,5.519754042188038667e-01,1.307532822267487571e-01,-5.492319211588158473e-02,2.667671335741184091e-01,1.050990855106021665e-01,6.885598815606623901e-01,2.598909400709923934e-01,-2.554561786934819168e-01,1.986100414549775428e-01,-4.062637153462695938e-01,-1.111861633455364234e-01,3.133692407794226864e-01,6.123426510086117658e-02,-3.792368764718831442e-02
0.000000000000000000e+00,0.000000000000000000e+00,0.000000000000000000e+00,0.000000000000000000e+00,0.000000000000000000e+00,0.000000000000000000e+00,0.000000000000000000e+00,0.000000000000000000e+00,0.000000000000000000e+00,0.000000000000000000e+00,0.000000000000000000e+00,0.000000000000000000e+00,0.000000000000000000e+00,0.000000000000000000e+00,0.000000000000000000e+00,0.000000000000000000e+00,0.000000000000000000e+00,0.000000000000000000e+00,0.000000000000000000e+00,0.000000000000000000e+00,0.000000000000000000e+00,0.000000000000000000e+00,0.000000000000000000e+00,0.000000000000000000e+00,0.000000000000000000e+00,0.000000000000000000e+00,0.000000000000000000e+00,0.000000000000000000e+00,0.000000000000000000e+00,0.000000000000000000e+00,0.000000000000000000e+00,0.000000000000000000e+00,0.000000000000000000e+00,0.000000000000000000e+00,0.000000000000000000e+00,0.000000000000000000e+00,0.000000000000000000e+00,0.000000000000000000e+00,0.000000000000000000e+00,0.000000000000000000e+00,0.000000000000000000e+00,0.000000000000000000e+00,0.000000000000000000e+00,0.000000000000000000e+00,0.000000000000000000e+00,0.000000000000000000e+00,0.000000000000000000e+00,0.000000000000000000e+00,0.000000000000000000e+00,1.000000000000000000e+00,-1.568881113988054021e-01,5.508238647690772982e-01,3.406466863026315073e-01,3.971277508284633551e-01,8.685511743228752080e-02,1.000000000000000000e+00,3.593142727086171551e-01,7.434009440733068130e-01,-8.846981721787570974e-02,-1.000000000000000000e+00,1.000000000000000000e+00,7.965532232422527503e-01,2.055986133950638839e-01,1.000000000000000000e+00,3.187699801168412117e-01,1.115350834784948064e-01,-3.165674321365050115e-01,-4.498294214879169917e-01,7.030560301222846808e-01,1.579035703215604380e-01,5.078560639598919124e-01,8.181749098708167578e-01,7.488872846309512221e-01,4.294550688754537604e-01,9.861132767000942156e-02,8.257014777199079836e-01,7.834635254059496567e-01,6.288758072394025067e-01,5.109884329644501788e-01,-1.516175328838265980e-02,1.000000000000000000e+00,4.273726851936022753e-01,-3.218125280566406787e-01,3.236039679320333595e-02,9.543949006937315627e-01,-9.633137679179472057e-01,8.876569525186284171e-01,-5.145208574606060375e-02,1.112042599192806236e-01,1.874372883352593000e-01,1.000000000000000000e+00,5.165662252882345928e-01,1.000000000000000000e+00,-4.459178704314706310e-01,-4.927871676894688413e-01,-1.000000000000000000e+00,1.435622023237007328e-01,1.000000000000000000e+00,4.240928522091532704e-01,3.395157973969873400e-01
0.000000000000000000e+00,0.000000000000000000e+00,0.000000000000000000e+00,0.000000000000000000e+00,0.000000000000000000e+00,0.000000000000000000e+00,0.000000000000000000e+00,0.000000000000000000e+00,0.000000000000000000e+00,0.000000000000000000e+00,0.000000000000000000e+00,0.000000000000000000e+00,0.000000000000000000e+00,0.000000000000000000e+00,0.000000000000000000e+00,0.000000000000000000e+00,0.000000000000000000e+00,0.000000000000000000e+00,0.000000000000000000e+00,0.000000000000000000e+00,0.000000000000000000e+00,0.000000000000000000e+00,0.000000000000000000e+00,0.000000000000000000e+00,0.000000000000000000e+00,0.000000000000000000e+00,0.000000000000000000e+00,0.000000000000000000e+00,0.000000000000000000e+00,0.000000000000000000e+00,0.000000000000000000e+00,0.000000000000000000e+00,0.000000000000000000e+00,0.000000000000000000e+00,0.000000000000000000e+00,0.000000000000000000e+00,0.000000000000000000e+00,0.000000000000000000e+00,0.000000000000000000e+00,0.000000000000000000e+00,0.000000000000000000e+00,0.000000000000000000e+00,0.000000000000000000e+00,0.000000000000000000e+00,0.000000000000000000e+00,0.000000000000000000e+00,0.000000000000000000e+00,0.000000000000000000e+00,0.000000000000000000e+00,0.000000000000000000e+00,1.000000000000000000e+00,-4.107157735861027836e-01,-7.908554943475268112e-04,-8.544121691943779018e-02,-1.966033767895437601e-01,-5.494118432222951931e-01,-4.458300456309147869e-02,-2.663224117525960777e-01,7.660414805137090444e-02,-3.687021910162475297e-03,-1.268601456061698163e-01,-4.920350163805787824e-01,6.473875059242170105e-01,8.688866460588440255e-01,-1.616536957297763644e-01,-2.871039132723794407e-01,6.449515898438706873e-01,5.914090656676428415e-01,-1.459370815986428538e-01,2.303880939361267477e-01,-1.777474698207856529e-01,-5.625700597906003741e-01,2.730512843385014821e-02,6.826349849205468612e-01,-3.911806784676321036e-01,-2.826537481427568443e-01,-4.980080312679829313e-01,-7.613298909980960039e-01,-1.456004192189824797e-01,1.261442630164076317e-01,-7.720623125523967678e-01,-2.591529061636905010e-02,1.591317697070899206e-01,-3.578029117328938025e-01,-1.142970735744849309e-01,1.442036080515991525e-01,-5.570686517600471621e-01,-6.649506566774379679e-02,-3.667036754463753878e-01,6.159124099043811196e-01,1.777492897849893283e-01,9.127302418647317839e-02,-5.731140522340514298e-01,2.338207452700771238e-01,4.018806499630183104e-01,6.494990272996363778e-01,1.638179062350099413e-01,-4.744542871644781834e-01,-5.349403916686531479e-01,-4.850107628476774679e-01
0.000000000000000000e+00,0.000000000000000000e+00,0.000000000000000000e+00,0.000000000000000000e+00,0.000000000000000000e+00,0.000000000000000000e+00,0.000000000000000000e+00,0.000000000000000000e+00,0.000000000000000000e+00,0.000000000000000000e+00,0.000000000000000000e+00,0.000000000000000000e+00,0.000000000000000000e+00,0.000000000000000000e+00,0.000000000000000000e+00,0.000000000000000000e+00,0.000000000000000000e+00,0.000000000000000000e+00,0.000000000000000000e+00,0.000000000000000000e+00,0.000000000000000000e+00,0.000000000000000000e+00,0.000000000000000000e+00,0.000000000000000000e+00,0.000000000000000000e+00,0.000000000000000000e+00,0.000000000000000000e+00,0.000000000000000000e+00,0.000000000000000000e+00,0.000000000000000000e+00,0.000000000000000000e+00,0.000000000000000000e+00,0.000000000000000000e+00,0.000000000000000000e+00,0.000000000000000000e+00,0.000000000000000000e+00,0.000000000000000000e+00,0.000000000000000000e+00,0.000000000000000000e+00,0.000000000000000000e+00,0.000000000000000000e+00,0.000000000000000000e+00,0.000000000000000000e+00,0.000000000000000000e+00,0.000000000000000000e+00,0.000000000000000000e+00,0.000000000000000000e+00,0.000000000000000000e+00,0.000000000000000000e+00,0.000000000000000000e+00,0.000000000000000000e+00,1.000000000000000000e+00,7.004601074302554409e-01,-6.433638538032950861e-03,4.047901967242485410e-01,9.624414055911751920e-01,3.390463314199683165e-01,4.605044993583413682e-01,3.252517571940148344e-01,-7.809424154674536878e-01,1.000000000000000000e+00,1.000000000000000000e+00,-5.370393299290872058e-01,9.269690261956723409e-01,8.847449286541784197e-01,5.925365112068633477e-01,-1.000000000000000000e+00,-6.869508216599241601e-01,9.164878002658110034e-01,-1.833462942288582864e-01,6.253008614035299173e-01,8.046260253980332955e-01,8.204685807518584673e-01,-3.935937129614299756e-01,-2.535890077546747515e-02,1.000000000000000000e+00,1.000000000000000000e+00,9.187694173704346046e-01,-1.272805852065173604e-01,2.079806897250153965e-03,1.000000000000000000e+00,1.990833395234195835e-01,-5.164931948348426838e-01,1.000000000000000000e+00,6.591914710171468128e-01,-7.531836470981554399e-01,1.000000000000000000e+00,3.156950639924212543e-01,2.440256983785421274e-01,-5.206775328517629919e-01,-2.277038534981832424e-02,1.000000000000000000e+00,1.000000000000000000e+00,-7.009904568378690914e-01,-1.889026878663376818e-01,-1.000000000000000000e+00,-5.359830700774812495e-01,9.339521672455092238e-01,4.402525078549993642e-01,4.917120296024178328e-01
0.000000000000000000e+00,0.000000000000000000e+00,0.000000000000000000e+00,0.000000000000000000e+00,0.000000000000000000e+00,0.000000000000000000e+00,0.000000000000000000e+00,0.000000000000000000e+00,0.000000000000000000e+00,0.000000000000000000e+00,0.000000000000000000e+00,0.000000000000000000e+00,0.000000000000000000e+00,0.000000000000000000e+00,0.000000000000000000e+00,0.000000000000000000e+00,0.000000000000000000e+00,0.000000000000000000e+00,0.000000000000000000e+00,0.000000000000000000e+00,0.000000000000000000e+00,0.000000000000000000e+00,0.000000000000000000e+00,0.000000000000000000e+00,0.000000000000000000e+00,0.000000000000000000e+00,0.000000000000000000e+00,0.000000000000000000e+00,0.000000000000000000e+00,0.000000000000000000e+00,0.000000000000000000e+00,0.000000000000000000e+00,0.000000000000000000e+00,0.000000000000000000e+00,0.000000000000000000e+00,0.000000000000000000e+00,0.000000000000000000e+00,0.000000000000000000e+00,0.000000000000000000e+00,0.000000000000000000e+00,0.000000000000000000e+00,0.000000000000000000e+00,0.000000000000000000e+00,0.000000000000000000e+00,0.000000000000000000e+00,0.000000000000000000e+00,0.000000000000000000e+00,0.000000000000000000e+00,0.000000000000000000e+00,0.000000000000000000e+00,0.000000000000000000e+00,0.000000000000000000e+00,1.000000000000000000e+00,-7.157454762418393734e-01,5.789765971068643324e-01,2.310730925530412039e-01,5.736185684485467506e-01,4.981558245519913108e-01,7.900489602764612096e-01,-5.713111784100423085e-01,7.779090753623660870e-01,6.604612400937901473e-01,3.058157477758638356e-03,1.000000000000000000e+00,6.732202617009245271e-01,2.176520302715455324e-01,-7.312117110414894094e-01,-5.072948371105256982e-01,6.402526284443779137e-01,-9.300012093593510443e-01,-2.282029296075899494e-01,-3.612209442828725470e-01,1.979395059825508896e-01,-4.855409702980707509e-01,-4.474720009385608765e-01,1.000000000000000000e+00,4.679776278198740092e-01,-2.455416098917236611e-01,-6.992518602381462278e-01,7.382311573419353401e-01,1.000000000000000000e+00,-3.561075331889200779e-01,-8.944388727190610844e-01,7.509949249734776400e-01,7.056620466592212759e-01,-1.000000000000000000e+00,3.079017205933640700e-01,5.609435969763097996e-01,3.415440963426502607e-01,-3.205020881376862696e-01,-2.500257238905949642e-01,8.112163763923121440e-01,6.580889110666493513e-01,-9.297030170761919621e-01,6.236526452525525954e-01,-8.037243056191736290e-01,-6.979873864688165841e-02,1.829655072287290352e-01,-1.198690314721727879e-01,-3.423111738041376834e-02
0.000000000000000000e+00,0.000000000000000000e+00,0.000000000000000000e+00,0.000000000000000000e+00,0.000000000000000000e+00,0.000000000000000000e+00,0.000000000000000000e+00,0.000000000000000000e+00,0.000000000000000000e+00,0.000000000000000000e+00,0.000000000000000000e+00,0.000000000000000000e+00,0.000000000000000000e+00,0.000000000000000000e+00,0.000000000000000000e+00,0.000000000000000000e+00,0.000000000000000000e+00,0.000000000000000000e+00,0.000000000000000000e+00,0.000000000000000000e+00,0.000000000000000000e+00,0.000000000000000000e+00,0.000000000000000000e+00,0.000000000000000000e+00,0.000000000000000000e+00,0.000000000000000000e+00,0.000000000000000000e+00,0.000000000000000000e+00,0.000000000000000000e+00,0.000000000000000000e+00,0.000000000000000000e+00,0.000000000000000000e+00,0.000000000000000000e+00,0.000000000000000000e+00,0.000000000000000000e+00,0.000000000000000000e+00,0.000000000000000000e+00,0.000000000000000000e+00,0.000000000000000000e+00,0.000000000000000000e+00,0.000000000000000000e+00,0.000000000000000000e+00,0.000000000000000000e+00,0.000000000000000000e+00,0.000000000000000000e+00,0.000000000000000000e+00,0.000000000000000000e+00,0.000000000000000000e+00,0.000000000000000000e+00,0.000000000000000000e+00,0.000000000000000000e+00,0.000000000000000000e+00,0.000000000000000000e+00,1.000000000000000000e+00,-3.633149252862559186e-01,4.349471974041499989e-01,-2.351899807250692753e-01,-1.443929197158604905e-01,-5.637400063646640369e-01,2.270148148308950287e-01,-1.550901979170975220e-01,-2.942343412539856762e-01,6.798552894032222627e-01,-3.348615454921728962e-01,-2.633977610342603803e-01,-1.086340105985627441e-01,4.460416472907313690e-01,3.559329976257060157e-01,-2.299864712639161368e-01,7.694890644513080469e-01,4.712471479701320631e-01,7.447246096914992286e-01,1.000000000000000000e+00,6.847169321069456194e-01,5.406437305490607859e-01,-9.100312212714708471e-01,6.258639718005756802e-02,5.364364553675107228e-01,6.404834013768088141e-01,-6.368674896403804242e-01,-5.673356384316241563e-01,4.704982247296970455e-01,7.702130398736085626e-01,-2.609121184846974195e-01,-1.720158224399328251e-01,5.889220183384088481e-01,4.484994873862354070e-01,-4.687815518723716934e-01,-2.867696306389231342e-01,5.064705567704299582e-01,4.406909054040540341e-01,-1.420680782370668804e-01,-1.682522572066005306e-01,5.044799706595388677e-01,-5.636621683293563390e-01,1.667567165090962089e-01,-2.027650971640902744e-01,5.958837490731503372e-01,5.863894172140249328e-01,2.478830668435883233e-01
0.000000000000000000e+00,0.000000000000000000e+00,0.000000000000000000e+00,0.000000000000000000e+00,0.000000000000000000e+00,0.000000000000000000e+00,0.000000000000000000e+00,0.000000000000000000e+00,0.000000000000000000e+00,0.000000000000000000e+00,0.000000000000000000e+00,0.000000000000000000e+00,0.000000000000000000e+00,0.000000000000000000e+00,0.000000000000000000e+00,0.000000000000000000e+00,0.000000000000000000e+00,0.000000000000000000e+00,0.000000000000000000e+00,0.000000000000000000e+00,0.000000000000000000e+00,0.000000000000000000e+00,0.000000000000000000e+00,0.000000000000000000e+00,0.000000000000000000e+00,0.000000000000000000e+00,0.000000000000000000e+00,0.000000000000000000e+00,0.000000000000000000e+00,0.000000000000000000e+00,0.000000000000000000e+00,0.000000000000000000e+00,0.000000000000000000e+00,0.000000000000000000e+00,0.000000000000000000e+00,0.000000000000000000e+00,0.000000000000000000e+00,0.000000000000000000e+00,0.000000000000000000e+00,0.000000000000000000e+00,0.000000000000000000e+00,0.000000000000000000e+00,0.000000000000000000e+00,0.000000000000000000e+00,0.000000000000000000e+00,0.000000000000000000e+00,0.000000000000000000e+00,0.000000000000000000e+00,0.000000000000000000e+00,0.000000000000000000e+00,0.000000000000000000e+00,0.000000000000000000e+00,0.000000000000000000e+00,0.000000000000000000e+00,1.000000000000000000e+00,6.831642437914582366e-01,1.000000000000000000e+00,8.695192694565062608e-01,9.612086590772539463e-01,-9.363774278125712447e-02,4.911559888609879354e-01,6.926660123882133480e-01,2.861988579917596476e-01,7.106352528600154983e-01,5.957747980906772378e-01,1.236115307678878061e-01,-8.625075857152355585e-01,-9.748540265018618145e-01,4.615907185051060235e-01,-1.000000000000000000e+00,-6.130567768452527266e-01,-5.552073230125210701e-01,-3.110043407077767719e-01,-1.000000000000000000e+00,1.686745838107779061e-01,1.000000000000000000e+00,4.834248208036036609e-01,-2.147336553580682927e-01,-8.120049157080325708e-01,1.000000000000000000e+00,1.000000000000000000e+00,-6.741280338873548716e-01,-1.000000000000000000e+00,8.791520183298631164e-01,9.202265099675260851e-01,-1.000000000000000000e+00,-2.509730755944754033e-01,7.267935725095531208e-01,9.217117519451450969e-01,-7.113457400846752154e-01,-2.118810133310989330e-01,4.510058826937703436e-01,1.000000000000000000e+00,-1.000000000000000000e+00,7.310935651678688307e-01,-1.000000000000000000e+00,2.734574037814614944e-01,5.135739600539053207e-01,4.603307985050129614e-01,2.522173618711135989e-01
0.000000000000000000e+00,0.000000000000000000e+00,0.000000000000000000e+00,0.000000000000000000e+00,0.000000000000000000e+00,0.000000000000000000e+00,0.000000000000000000e+00,0.000000000000000000e+00,0.000000000000000000e+00,0.000000000000000000e+00,0.000000000000000000e+00,0.000000000000000000e+00,0.000000000000000000e+00,0.000000000000000000e+00,0.000000000000000000e+00,0.000000000000000000e+00,0.000000000000000000e+00,0.000000000000000000e+00,0.000000000000000000e+00,0.000000000000000000e+00,0.000000000000000000e+00,0.000000000000000000e+00,0.000000000000000000e+00,0.000000000000000000e+00,0.000000000000000000e+00,0.000000000000000000e+00,0.000000000000000000e+00,0.000000000000000000e+00,0.000000000000000000e+00,0.000000000000000000e+00,0.000000000000000000e+00,0.000000000000000000e+00,0.000000000000000000e+00,0.000000000000000000e+00,0.000000000000000000e+00,0.000000000000000000e+00,0.000000000000000000e+00,0.000000000000000000e+00,0.000000000000000000e+00,0.000000000000000000e+00,0.000000000000000000e+00,0.000000000000000000e+00,0.000000000000000000e+00,0.000000000000000000e+00,0.000000000000000000e+00,0.000000000000000000e+00,0.000000000000000000e+00,0.000000000000000000e+00,0.000000000000000000e+00,0.000000000000000000e+00,0.000000000000000000e+00,0.000000000000000000e+00,0.000000000000000000e+00,0.000000000000000000e+00,0.000000000000000000e+00,1.000000000000000000e+00,3.979823213685020344e-01,5.680858666349036801e-01,-4.727886505803014644e-03,-1.966359521992179227e-01,3.407735809667889471e-01,4.468456242063710837e-01,4.336958172391829902e-01,2.732216601684264723e-01,1.449964563452058042e-01,6.609189056422021258e-02,-2.749427085295821360e-01,-4.829280976308452100e-01,2.428056328224149629e-01,-4.185645981707861868e-02,1.832766516817031788e-01,4.926203854151781081e-01,6.802976753295475465e-01,-8.172366933670410782e-02,6.181997314046203673e-01,3.355688822350756939e-01,5.396486814137635424e-01,5.557182734419605641e-01,1.921317314667734255e-01,-4.127046432231364081e-03,8.536476314581817881e-01,1.177499189556293763e-01,-1.407828951856316957e-01,2.367815932716054450e-01,5.597418102817557362e-01,-5.810998109172784698e-01,3.978613801806952233e-01,1.894232285323760659e-02,3.385658818708727757e-01,-1.289771982692778929e-01,4.858332836454246628e-01,1.065985532521869644e-01,7.638895745903540035e-01,-4.314973619997911625e-01,-2.167361772047134427e-01,-8.684244187171764606e-01,7.414427190252437239e-02,1.000000000000000000e+00,7.319359555295443798e-01,4.493279864359964182e-01
0.000000000000000000e+00,0.000000000000000000e+00,0.000000000000000000e+00,0.000000000000000000e+00,0.000000000000000000e+00,0.000000000000000000e+00,0.000000000000000000e+00,0.000000000000000000e+00,0.000000000000000000e+00,0.000000000000000000e+00,0.000000000000000000e+00,0.000000000000000000e+00,0.000000000000000000e+00,0.000000000000000000e+00,0.000000000000000000e+00,0.000000000000000000e+00,0.000000000000000000e+00,0.000000000000000000e+00,0.000000000000000000e+00,0.000000000000000000e+00,0.000000000000000000e+00,0.000000000000000000e+00,0.000000000000000000e+00,0.000000000000000000e+00,0.000000000000000000e+00,0.000000000000000000e+00,0.000000000000000000e+00,0.000000000000000000e+00,0.000000000000000000e+00,0.000000000000000000e+00,0.000000000000000000e+00,0.000000000000000000e+00,0.000000000000000000e+00,0.000000000000000000e+00,0.000000000000000000e+00,0.000000000000000000e+00,0.000000000000000000e+00,0.000000000000000000e+00,0.000000000000000000e+00,0.000000000000000000e+00,0.000000000000000000e+00,0.000000000000000000e+00,0.000000000000000000e+00,0.000000000000000000e+00,0.000000000000000000e+00,0.000000000000000000e+00,0.000000000000000000e+00,0.000000000000000000e+00,0.000000000000000000e+00,0.000000000000000000e+00,0.000000000000000000e+00,0.000000000000000000e+00,0.000000000000000000e+00,0.000000000000000000e+00,0.000000000000000000e+00,0.000000000000000000e+00,1.000000000000000000e+00,7.149483245513589269e-01,6.487149607255472405e-01,-1.542436380892571179e-01,4.520721716268222834e-01,4.405319444326593614e-01,8.613242468718096401e-01,1.000000000000000000e+00,3.896418439337898665e-01,-6.390035979729122295e-02,-3.428945362198023705e-01,-5.162415530750689152e-01,3.781697212926736218e-01,-1.000000000000000000e+00,-4.165241998894353981e-01,-2.991158803050914528e-01,-1.691187618678095805e-02,-3.648557068623061728e-01,1.570691130635453736e-01,8.617011272974084424e-01,3.188983326642695348e-01,-2.732761676493818959e-01,-4.734947217633944661e-01,9.046962826685034376e-01,1.000000000000000000e+00,-3.948009531215966872e-01,-6.879057067486248345e-01,4.682334345642780726e-01,8.797138589519550855e-01,-1.000000000000000000e+00,-2.276354015793330132e-01,4.585762734259445916e-01,6.499125491191972692e-01,-2.043226181191644120e-01,3.542766432758099326e-01,4.509584695593357728e-01,9.116440837987410672e-01,-9.403477578733817621e-01,5.501271837781946950e-01,-9.150422641150308678e-01,3.386866379916332881e-01,6.833553813115764708e-01,3.874912216374159502e-01,1.529020477427137370e-01
0.000000000000000000e+00,0.000000000000000000e+00,0.000000000000000000e+00,0.000000000000000000e+00,0.000000000000000000e+00,0.000000000000000000e+00,0.000000000000000000e+00,0.000000000000000000e+00,0.000000000000000000e+00,0.000000000000000000e+00,0.000000000000000000e+00,0.000000000000000000e+00,0.000000000000000000e+00,0.000000000000000000e+00,0.000000000000000000e+00,0.000000000000000000e+00,0.000000000000000000e+00,0.000000000000000000e+00,0.000000000000000000e+00,0.000000000000000000e+00,0.000000000000000000e+00,0.000000000000000000e+00,0.000000000000000000e+00,0.000000000000000000e+00,0.000000000000000000e+00,0.000000000000000000e+00,0.000000000000000000e+00,0.000000000000000000e+00,0.000000000000000000e+00,0.000000000000000000e+00,0.000000000000000000e+00,0.000000000000000000e+00,0.000000000000000000e+00,0.000000000000000000e+00,0.000000000000000000e+00,0.000000000000000000e+00,0.000000000000000000e+00,0.000000000000000000e+00,0.000000000000000000e+00,0.000000000000000000e+00,0.000000000000000000e+00,0.000000000000000000e+00,0.000000000000000000e+00,0.000000000000000000e+00,0.000000000000000000e+00,0.000000000000000000e+00,0.000000000000000000e+00,0.000000000000000000e+00,0.000000000000000000e+00,0.000000000000000000e+00,0.000000000000000000e+00,0.000000000000000000e+00,0.000000000000000000e+00,0.000000000000000000e+00,0.000000000000000000e+00,0.000000000000000000e+00,0.000000000000000000e+00,1.000000000000000000e+00,2.917347425664367777e-01,-4.013835178977177565e-01,1.809477765052944498e-01,4.690234000725232999e-01,1.661101490471912356e-01,1.263035196058372445e-01,4.073963096830251346e-02,-7.261236653427584342e-02,-4.010443681197972121e-01,-8.850965158694924506e-01,2.060523289337030106e-01,-3.403584306853742469e-01,-2.938871223758667828e-01,-1.118135497809230883e-01,2.421986603522996995e-01,-4.511346365284641946e-01,4.563566700047992364e-01,1.000000000000000000e+00,4.336238129465622704e-01,1.811911259120641271e-01,9.102379657542994384e-02,2.847324493619358687e-01,8.004415419824844058e-01,-2.376698554018224496e-01,-6.710115525615109044e-01,3.394590729115255084e-02,8.025686613722451401e-01,-1.000000000000000000e+00,-2.671289518634213378e-01,1.842957322957197719e-01,5.948030449708751055e-01,-2.454491014702654406e-01,3.341835284621768043e-01,-2.796018145242739061e-01,9.225284567272091785e-01,-7.515752111824023363e-01,-4.484837336429446653e-02,-8.388989564508438912e-01,5.393190795523481462e-01,9.876532945469616021e-01,8.358361521492009283e-01,3.243595323113395712e-01
0.000000000000000000e+00,0.000000000000000000e+00,0.000000000000000000e+00,0.000000000000000000e+00,0.000000000000000000e+00,0.000000000000000000e+00,0.000000000000000000e+00,0.000000000000000000e+00,0.000000000000000000e+00,0.000000000000000000e+00,0.000000000000000000e+00,0.000000000000000000e+00,0.000000000000000000e+00,0.000000000000000000e+00,0.000000000000000000e+00,0.000000000000000000e+00,0.000000000000000000e+00,0.000000000000000000e+00,0.000000000000000000e+00,0.000000000000000000e+00,0.000000000000000000e+00,0.000000000000000000e+00,0.000000000000000000e+00,0.000000000000000000e+00,0.000000000000000000e+00,0.000000000000000000e+00,0.000000000000000000e+00,0.000000000000000000e+00,0.000000000000000000e+00,0.000000000000000000e+00,0.000000000000000000e+00,0.000000000000000000e+00,0.000000000000000000e+00,0.000000000000000000e+00,0.000000000000000000e+00,0.000000000000000000e+00,0.000000000000000000e+00,0.000000000000000000e+00,0.000000000000000000e+00,0.000000000000000000e+00,0.000000000000000000e+00,0.000000000000000000e+00,0.000000000000000000e+00,0.000000000000000000e+00,0.000000000000000000e+00,0.000000000000000000e+00,0.000000000000000000e+00,0.000000000000000000e+00,0.000000000000000000e+00,0.000000000000000000e+00,0.000000000000000000e+00,0.000000000000000000e+00,0.000000000000000000e+00,0.000000000000000000e+00,0.000000000000000000e+00,0.000000000000000000e+00,0.000000000000000000e+00,0.000000000000000000e+00,1.000000000000000000e+00,-1.906541486346581826e-01,6.074263684782116313e-01,3.647877980786171648e-01,1.288727031669343326e-01,1.000000000000000000e+00,6.656205313166482229e-01,1.277579527130744130e-01,-6.766943994232599291e-01,-5.237357581217761959e-01,4.085924088524808262e-01,-1.000000000000000000e+00,-4.505515548569299922e-01,-8.369596073997671581e-01,-1.233701755903253150e-01,-6.540327754591930276e-01,-5.295624693103134772e-01,1.000000000000000000e+00,1.762253475377913436e-01,-6.057926212948943068e-01,-8.713741671580828019e-01,8.149447485285546966e-01,1.000000000000000000e+00,-5.762685468532392496e-01,-9.260476398010314414e-01,7.783799308115438853e-01,5.623176348819209913e-01,-1.000000000000000000e+00,-1.368703172527688805e-01,6.522300866704562328e-01,4.293916169977504138e-01,-2.861072505587085590e-01,-6.430719301343762462e-01,6.763762146225017480e-01,4.713664518615763299e-01,-9.456419742407670137e-01,8.572858925887931747e-01,-4.940451851722516552e-01,3.085811067565477628e-02,-3.426908315498519708e-02,1.208510414203305128e-01,-1.255599779865162746e-01
0.000000000000000000e+00,0.000000000000000000e+00,0.000000000000000000e+00,0.000000000000000000e+00,0.000000000000000000e+00,0.000000000000000000e+00,0.000000000000000000e+00,0.000000000000000000e+00,0.000000000000000000e+00,0.000000000000000000e+00,0.000000000000000000e+00,0.000000000000000000e+00,0.000000000000000000e+00,0.000000000000000000e+00,0.000000000000000000e+00,0.000000000000000000e+00,0.000000000000000000e+00,0.000000000000000000e+00,0.000000000000000000e+00,0.000000000000000000e+00,0.000000000000000000e+00,0.000000000000000000e+00,0.000000000000000000e+00,0.000000000000000000e+00,0.000000000000000000e+00,0.000000000000000000e+00,0.000000000000000000e+00,0.000000000000000000e+00,0.000000000000000000e+00,0.000000000000000000e+00,0.000000000000000000e+00,0.000000000000000000e+00,0.000000000000000000e+00,0.000000000000000000e+00,0.000000000000000000e+00,0.000000000000000000e+00,0.000000000000000000e+00,0.000000000000000000e+00,0.000000000000000000e+00,0.000000000000000000e+00,0.000000000000000000e+00,0.000000000000000000e+00,0.000000000000000000e+00,0.000000000000000000e+00,0.000000000000000000e+00,0.000000000000000000e+00,0.000000000000000000e+00,0.000000000000000000e+00,0.000000000000000000e+00,0.000000000000000000e+00,0.000000000000000000e+00,0.000000000000000000e+00,0.000000000000000000e+00,0.000000000000000000e+00,0.000000000000000000e+00,0.000000000000000000e+00,0.000000000000000000e+00,0.000000000000000000e+00,0.000000000000000000e+00,1.000000000000000000e+00,-7.079154425505498338e-01,-5.675338918953682921e-01,6.260168830328909362e-01,-7.839301778785544572e-01,-2.936731664248640739e-01,-1.497854818583038705e-01,3.821358470532503215e-01,3.017651080549555997e-01,-5.428984981491001838e-01,7.982975161464378466e-02,-2.242269173331136456e-01,-2.557275732111912170e-01,1.488756814824068742e-01,-7.051788197122581259e-02,5.229765582030816429e-01,-8.705700022424240903e-01,-3.642945070180585443e-01,-1.437348636468838148e-01,-1.309852117819949036e-01,-1.020539086947308549e-01,-5.832269384490816888e-01,-1.248225526850004763e-01,4.173007638416938447e-01,-1.147697938257050652e-02,-5.210671111199897121e-01,6.196409676717783421e-01,-5.141897445068528416e-01,-1.066216393687499098e-01,-1.169328178785178883e-02,1.022240567266718449e-02,-3.402340767729060689e-01,-3.911340950536002503e-01,-5.254131283993134227e-01,2.815171568746056008e-01,1.963275003427274179e-01,5.489688783978610154e-01,-9.568948240316420273e-02,-3.820374917782407564e-01,2.523693878780756683e-01,1.977262260326161786e-02
0.000000000000000000e+00,0.000000000000000000e+00,0.000000000000000000e+00,0.000000000000000000e+00,0.000000000000000000e+00,0.000000000000000000e+00,0.000000000000000000e+00,0.000000000000000000e+00,0.000000000000000000e+00,0.000000000000000000e+00,0.000000000000000000e+00,0.000000000000000000e+00,0.000000000000000000e+00,0.000000000000000000e+00,0.000000000000000000e+00,0.000000000000000000e+00,0.000000000000000000e+00,0.000000000000000000e+00,0.000000000000000000e+00,0.000000000000000000e+00,0.000000000000000000e+00,0.000000000000000000e+00,0.000000000000000000e+00,0.000000000000000000e+00,0.000000000000000000e+00,0.000000000000000000e+00,0.000000000000000000e+00,0.000000000000000000e+00,0.000000000000000000e+00,0.000000000000000000e+00,0.000000000000000000e+00,0.000000000000000000e+00,0.000000000000000000e+00,0.000000000000000000e+00,0.000000000000000000e+00,0.000000000000000000e+00,0.000000000000000000e+00,0.000000000000000000e+00,0.000000000000000000e+00,0.000000000000000000e+00,0.000000000000000000e+00,0.000000000000000000e+00,0.000000000000000000e+00,0.000000000000000000e+00,0.000000000000000000e+00,0.000000000000000000e+00,0.000000000000000000e+00,0.000000000000000000e+00,0.000000000000000000e+00,0.000000000000000000e+00,0.000000000000000000e+00,0.000000000000000000e+00,0.000000000000000000e+00,0.000000000000000000e+00,0.000000000000000000e+00,0.000000000000000000e+00,0.000000000000000000e+00,0.000000000000000000e+00,0.000000000000000000e+00,0.000000000000000000e+00,1.000000000000000000e+00,4.545367774297461305e-01,-2.505712158129202449e-01,1.000000000000000000e+00,5.777408872621422331e-01,2.687805375929365193e-01,-4.967756996532800007e-01,-1.440038647496958979e-01,5.327445515374784613e-01,-1.794462560326102324e-02,4.429826725541986532e-01,2.203203799286227171e-01,-6.770759302268826614e-03,6.502629656913391787e-02,-4.880029548904899483e-01,6.662472576054969675e-01,3.658670509675328586e-01,1.053363308549575550e-01,-6.189880733306437482e-02,5.652813212729741049e-02,9.630109700746367629e-01,1.699899726614748363e-01,-2.850981477537116171e-01,4.540019400647530290e-01,3.399120872462546017e-01,-3.726059212959221822e-01,7.894670394588502171e-01,1.802954012493326597e-01,-3.514086299660065110e-02,4.907078075429063824e-02,-7.328959157516975499e-03,7.389671881080673854e-01,4.176639235359386193e-01,-2.646663502980355909e-01,3.198843229104341573e-02,-6.429236185899686040e-01,-1.947408117348564116e-01,3.137194197358119663e-01,6.312761761966255436e-02,4.702567200182229679e-02
0.000000000000000000e+00,0.000000000000000000e+00,0.000000000000000000e+00,0.000000000000000000e+00,0.000000000000000000e+00,0.000000000000000000e+00,0.000000000000000000e+00,0.000000000000000000e+00,0.000000000000000000e+00,0.000000000000000000e+00,0.000000000000000000e+00,0.000000000000000000e+00,0.000000000000000000e+00,0.000000000000000000e+00,0.000000000000000000e+00,0.000000000000000000e+00,0.000000000000000000e+00,0.000000000000000000e+00,0.000000000000000000e+00,0.000000000000000000e+00,0.000000000000000000e+00,0.000000000000000000e+00,0.000000000000000000e+00,0.000000000000000000e+00,0.000000000000000000e+00,0.000000000000000000e+00,0.000000000000000000e+00,0.000000000000000000e+00,0.000000000000000000e+00,0.000000000000000000e+00,0.000000000000000000e+00,0.000000000000000000e+00,0.000000000000000000e+00,0.000000000000000000e+00,0.000000000000000000e+00,0.000000000000000000e+00,0.000000000000000000e+00,0.000000000000000000e+00,0.000000000000000000e+00,0.000000000000000000e+00,0.000000000000000000e+00,0.000000000000000000e+00,0.000000000000000000e+00,0.000000000000000000e+00,0.000000000000000000e+00,0.000000000000000000e+00,0.000000000000000000e+00,0.000000000000000000e+00,0.000000000000000000e+00,0.000000000000000000e+00,0.000000000000000000e+00,0.000000000000000000e+00,0.000000000000000000e+00,0.000000000000000000e+00,0.000000000000000000e+00,0.000000000000000000e+00,0.000000000000000000e+00,0.000000000000000000e+00,0.000000000000000000e+00,0.000000000000000000e+00,0.000000000000000000e+00,1.000000000000000000e+00,-7.510414995716970799e-01,4.855834054153125856e-01,4.824669905294092787e-01,3.409120963571884433e-01,-8.156589635886583034e-01,-6.115937002805637013e-01,7.142777531483549547e-01,-6.170972382852050186e-01,2.047543329166779391e-01,4.910716809339245592e-01,-2.163150477319442655e-01,-4.533108699111974005e-01,-1.403342695835627929e-01,1.000000000000000000e+00,6.855343003525145029e-01,4.549831169721854085e-01,-1.768428176604764090e-01,3.421024116290489747e-01,1.000000000000000000e+00,2.839836375169351519e-04,-6.317978498175189639e-01,5.020562046311695115e-01,6.826779319235692922e-01,-9.082631301636076016e-01,6.681116074254825898e-01,3.084360466735975304e-01,3.756608849638365388e-01,-5.893652721415585383e-01,2.751058804012707637e-01,4.973898404258658701e-01,9.026946935362180069e-01,-6.323239994467270142e-01,-3.237390833167894111e-02,-1.000000000000000000e+00,3.994638189549262752e-02,4.377012797789889831e-01,-2.510205878049611705e-01,2.573569577061277647e-01
0.000000000000000000e+00,0.000000000000000000e+00,0.000000000000000000e+00,0.000000000000000000e+00,0.000000000000000000e+00,0.000000000000000000e+00,0.000000000000000000e+00,0.000000000000000000e+00,0.000000000000000000e+00,0.000000000000000000e+00,0.000000000000000000e+00,0.000000000000000000e+00,0.000000000000000000e+00,0.000000000000000000e+00,0.000000000000000000e+00,0.000000000000000000e+00,0.000000000000000000e+00,0.000000000000000000e+00,0.000000000000000000e+00,0.000000000000000000e+00,0.000000000000000000e+00,0.000000000000000000e+00,0.000000000000000000e+00,0.000000000000000000e+00,0.000000000000000000e+00,0.000000000000000000e+00,0.000000000000000000e+00,0.000000000000000000e+00,0.000000000000000000e+00,0.000000000000000000e+00,0.000000000000000000e+00,0.000000000000000000e+00,0.000000000000000000e+00,0.000000000000000000e+00,0.000000000000000000e+00,0.000000000000000000e+00,0.000000000000000000e+00,0.000000000000000000e+00,0.000000000000000000e+00,0.000000000000000000e+00,0.000000000000000000e+00,0.000000000000000000e+00,0.000000000000000000e+00,0.000000000000000000e+00,0.000000000000000000e+00,0.000000000000000000e+00,0.000000000000000000e+00,0.000000000000000000e+00,0.000000000000000000e+00,0.000000000000000000e+00,0.000000000000000000e+00,0.000000000000000000e+00,0.000000000000000000e+00,0.000000000000000000e+00,0.000000000000000000e+00,0.000000000000000000e+00,0.000000000000000000e+00,0.000000000000000000e+00,0.000000000000000000e+00,0.000000000000000000e+00,0.000000000000000000e+00,0.000000000000000000e+00,1.000000000000000000e+00,2.439382337021659408e-01,-6.286160152316544458e-02,-1.585840725849503030e-01,2.755594106093413043e-01,1.908900732636752973e-01,-1.165699195558756729e-01,-5.837286917344558512e-02,-1.096560904612702003e-01,-5.850589804513409153e-02,7.681208128756802367e-01,2.480416554839122156e-01,2.543525386479991712e-01,-2.394744728009264856e-01,-3.921663205690933268e-02,-1.394236927806521420e-01,-3.089220787097142484e-02,1.069449112310823652e-01,-5.097211339040071121e-02,-4.008189419851142243e-03,1.419108996160701186e-01,5.093144979526698438e-03,5.293406709619712103e-02,-4.629357064923161902e-02,-1.509048047875692355e-01,-5.075106152926935760e-02,-1.624588612830333775e-02,2.801600713465591808e-01,1.860262653618369455e-01,6.244041242723810670e-02,-4.973953076842835969e-02,-3.989799795189039044e-02,1.624121894587084725e-01,5.343454659796672418e-02,-2.509259499751600661e-02,2.531960446680650567e-01,3.244269619629148727e-01,1.660228704016986773e-02
0.000000000000000000e+00,0.000000000000000000e+00,0.000000000000000000e+00,0.000000000000000000e+00,0.000000000000000000e+00,0.000000000000000000e+00,0.000000000000000000e+00,0.000000000000000000e+00,0.000000000000000000e+00,0.000000000000000000e+00,0.000000000000000000e+00,0.000000000000000000e+00,0.000000000000000000e+00,0.000000000000000000e+00,0.000000000000000000e+00,0.000000000000000000e+00,0.000000000000000000e+00,0.000000000000000000e+00,0.000000000000000000e+00,0.000000000000000000e+00,0.000000000000000000e+00,0.000000000000000000e+00,0.000000000000000000e+00,0.000000000000000000e+00,0.000000000000000000e+00,0.000000000000000000e+00,0.000000000000000000e+00,0.000000000000000000e+00,0.000000000000000000e+00,0.000000000000000000e+00,0.000000000000000000e+00,0.000000000000000000e+00,0.000000000000000000e+00,0.000000000000000000e+00,0.000000000000000000e+00,0.000000000000000000e+00,0.000000000000000000e+00,0.000000000000000000e+00,0.000000000000000000e+00,0.000000000000000000e+00,0.000000000000000000e+00,0.000000000000000000e+00,0.000000000000000000e+00,0.000000000000000000e+00,0.000000000000000000e+00,0.000000000000000000e+00,0.000000000000000000e+00,0.000000000000000000e+00,0.000000000000000000e+00,0.000000000000000000e+00,0.000000000000000000e+00,0.000000000000000000e+00,0.000000000000000000e+00,0.000000000000000000e+00,0.000000000000000000e+00,0.000000000000000000e+00,0.000000000000000000e+00,0.000000000000000000e+00,0.000000000000000000e+00,0.000000000000000000e+00,0.000000000000000000e+00,0.000000000000000000e+00,0.000000000000000000e+00,1.000000000000000000e+00,2.716676290277122430e-01,5.780626427293010516e-02,-6.967313857554445489e-02,4.307805118822585072e-02,2.330995888520569492e-01,3.466846015367175404e-02,1.395475322472815305e-01,-1.018342170991215767e-01,-7.374273381183162057e-02,1.730557942281422124e-01,-2.925278934333412906e-01,3.453398119871072813e-01,6.864439208194245134e-02,-1.687647565978016850e-01,-1.337778550471502570e-01,1.251592687232197243e-01,3.373880637073655708e-01,5.302619124988701416e-02,-1.615686893079769371e-01,1.717458849934629939e-01,1.883599550994572158e-01,-2.132505765332575187e-01,2.333386258919986633e-01,1.085882781809099917e-01,-7.778587644178905358e-02,1.620060311323673341e-01,5.711047139736181999e-02,4.294762931457106192e-01,1.128390131006342251e-01,-1.534972118394491158e-01,1.923230804881075617e-01,-2.310576319672398571e-01,-6.657433837818199640e-02,1.068332214805977759e-01,-5.812211631226670699e-02,-9.594498182424125721e-02
0.000000000000000000e+00,0.000000000000000000e+00,0.000000000000000000e+00,0.000000000000000000e+00,0.000000000000000000e+00,0.000000000000000000e+00,0.000000000000000000e+00,0.000000000000000000e+00,0.000000000000000000e+00,0.000000000000000000e+00,0.000000000000000000e+00,0.000000000000000000e+00,0.000000000000000000e+00,0.000000000000000000e+00,0.000000000000000000e+00,0.000000000000000000e+00,0.000000000000000000e+00,0.000000000000000000e+00,0.000000000000000000e+00,0.000000000000000000e+00,0.000000000000000000e+00,0.000000000000000000e+00,0.000000000000000000e+00,0.000000000000000000e+00,0.000000000000000000e+00,0.000000000000000000e+00,0.000000000000000000e+00,0.000000000000000000e+00,0.000000000000000000e+00,0.000000000000000000e+00,0.000000000000000000e+00,0.000000000000000000e+00,0.000000000000000000e+00,0.000000000000000000e+00,0.000000000000000000e+00,0.000000000000000000e+00,0.000000000000000000e+00,0.000000000000000000e+00,0.000000000000000000e+00,0.000000000000000000e+00,0.000000000000000000e+00,0.000000000000000000e+00,0.000000000000000000e+00,0.000000000000000000e+00,0.000000000000000000e+00,0.000000000000000000e+00,0.000000000000000000e+00,0.000000000000000000e+00,0.000000000000000000e+00,0.000000000000000000e+00,0.000000000000000000e+00,0.000000000000000000e+00,0.000000000000000000e+00,0.000000000000000000e+00,0.000000000000000000e+00,0.000000000000000000e+00,0.000000000000000000e+00,0.000000000000000000e+00,0.000000000000000000e+00,0.000000000000000000e+00,0.000000000000000000e+00,0.000000000000000000e+00,0.000000000000000000e+00,0.000000000000000000e+00,1.000000000000000000e+00,4.647491131661233288e-01,-8.873023516362760210e-01,-2.808321342933177700e-01,7.083278557179104595e-01,-5.226371181174659375e-01,3.834184815913315725e-01,4.113603239097730208e-02,1.222382392836444814e-01,-2.845880784519040363e-01,-7.873350208038546461e-01,1.000000000000000000e+00,4.945114757616734247e-01,1.499716424227599820e-02,-4.952352459577569199e-01,3.258311422769150645e-01,1.000000000000000000e+00,6.624752908192808529e-03,-5.553455969245197910e-01,1.000000000000000000e+00,3.904753408459784025e-01,-4.663765534145123404e-01,1.000000000000000000e+00,4.574866166460335726e-01,4.011623886643893300e-02,-1.373027229737046329e-01,-5.452393765732110875e-01,1.000000000000000000e+00,4.906128806899201500e-01,-5.858599436345405254e-01,3.488983588830862348e-01,-7.772763744445906342e-01,-5.688597375990280813e-01,2.088273676094411502e-01,7.651321483209727603e-02,4.197690531668909347e-02
0.000000000000000000e+00,0.000000000000000000e+00,0.000000000000000000e+00,0.000000000000000000e+00,0.000000000000000000e+00,0.000000000000000000e+00,0.000000000000000000e+00,0.000000000000000000e+00,0.000000000000000000e+00,0.000000000000000000e+00,0.000000000000000000e+00,0.000000000000000000e+00,0.000000000000000000e+00,0.000000000000000000e+00,0.000000000000000000e+00,0.000000000000000000e+00,0.000000000000000000e+00,0.000000000000000000e+00,0.000000000000000000e+00,0.000000000000000000e+00,0.000000000000000000e+00,0.000000000000000000e+00,0.000000000000000000e+00,0.000000000000000000e+00,0.000000000000000000e+00,0.000000000000000000e+00,0.000000000000000000e+00,0.000000000000000000e+00,0.000000000000000000e+00,0.000000000000000000e+00,0.000000000000000000e+00,0.000000000000000000e+00,0.000000000000000000e+00,0.000000000000000000e+00,0.000000000000000000e+00,0.000000000000000000e+00,0.000000000000000000e+00,0.000000000000000000e+00,0.000000000000000000e+00,0.000000000000000000e+00,0.000000000000000000e+00,0.000000000000000000e+00,0.000000000000000000e+00,0.000000000000000000e+00,0.000000000000000000e+00,0.000000000000000000e+00,0.000000000000000000e+00,0.000000000000000000e+00,0.000000000000000000e+00,0.000000000000000000e+00,0.000000000000000000e+00,0.000000000000000000e+00,0.000000000000000000e+00,0.000000000000000000e+00,0.000000000000000000e+00,0.000000000000000000e+00,0.000000000000000000e+00,0.000000000000000000e+00,0.000000000000000000e+00,0.000000000000000000e+00,0.000000000000000000e+00,0.000000000000000000e+00,0.000000000000000000e+00,0.000000000000000000e+00,0.000000000000000000e+00,1.000000000000000000e+00,-1.000000000000000000e+00,-5.281640776190595910e-01,9.085183321955286884e-01,4.429663535259363225e-03,9.218526879413322384e-01,6.425516685363658054e-01,-6.802117573371836423e-01,-7.927959953079976030e-01,-7.114771693943706676e-01,1.000000000000000000e+00,9.026223226252008125e-01,8.828169159538602484e-01,-4.165466250558697570e-01,-2.207871344079226084e-01,1.000000000000000000e+00,3.042534033533871307e-01,-5.330907837581123632e-01,1.000000000000000000e+00,-2.335055310879540977e-02,2.349157623854224164e-01,1.000000000000000000e+00,4.189560522692153399e-01,-1.081319579950683202e-01,-8.622461955802042111e-01,-9.698873380522972099e-01,1.000000000000000000e+00,5.189051792799820317e-01,-3.894002294007368747e-01,-1.111682920133539448e-01,-1.000000000000000000e+00,-1.000000000000000000e+00,-7.280036701955056033e-02,-3.100879874013571791e-01,2.878867944674740054e-01
0.000000000000000000e+00,0.000000000000000000e+00,0.000000000000000000e+00,0.000000000000000000e+00,0.000000000000000000e+00,0.000000000000000000e+00,0.000000000000000000e+00,0.000000000000000000e+00,0.000000000000000000e+00,0.000000000000000000e+00,0.000000000000000000e+00,0.000000000000000000e+00,0.000000000000000000e+00,0.000000000000000000e+00,0.000000000000000000e+00,0.000000000000000000e+00,0.000000000000000000e+00,0.000000000000000000e+00,0.000000000000000000e+00,0.000000000000000000e+00,0.000000000000000000e+00,0.000000000000000000e+00,0.000000000000000000e+00,0.000000000000000000e+00,0.000000000000000000e+00,0.000000000000000000e+00,0.000000000000000000e+00,0.000000000000000000e+00,0.000000000000000000e+00,0.000000000000000000e+00,0.000000000000000000e+00,0.000000000000000000e+00,0.000000000000000000e+00,0.000000000000000000e+00,0.000000000000000000e+00,0.000000000000000000e+00,0.000000000000000000e+00,0.000000000000000000e+00,0.000000000000000000e+00,0.000000000000000000e+00,0.000000000000000000e+00,0.000000000000000000e+00,0.000000000000000000e+00,0.000000000000000000e+00,0.000000000000000000e+00,0.000000000000000000e+00,0.000000000000000000e+00,0.000000000000000000e+00,0.000000000000000000e+00,0.000000000000000000e+00,0.000000000000000000e+00,0.000000000000000000e+00,0.000000000000000000e+00,0.000000000000000000e+00,0.000000000000000000e+00,0.000000000000000000e+00,0.000000000000000000e+00,0.000000000000000000e+00,0.000000000000000000e+00,0.000000000000000000e+00,0.000000000000000000e+00,0.000000000000000000e+00,0.000000000000000000e+00,0.000000000000000000e+00,0.000000000000000000e+00,0.000000000000000000e+00,1.000000000000000000e+00,7.228522327709729911e-01,-5.111266789636579322e-01,4.972283079447019083e-01,-1.388297226303956411e-01,-9.822548182858036048e-02,1.900607081496558104e-01,7.561706087583581759e-01,2.866346135974592868e-01,-1.000000000000000000e+00,-5.592422021316525438e-01,-3.039072071408563946e-01,2.481740306714711464e-01,-1.846684131067786727e-01,-1.000000000000000000e+00,1.377167892522433990e-01,6.659244341956511715e-01,-6.855460264389291458e-01,-4.018629904168165567e-01,5.934491552332298303e-01,-6.297873373969311572e-01,-3.829174229994922740e-01,-3.565361382518874578e-01,5.562707640099048279e-01,4.724801229008643855e-01,-4.360358059762866612e-01,-7.042753917163835364e-01,6.248758612152184311e-01,-4.005684019703438514e-02,8.222069227451915818e-01,1.507854281418397335e-01,-3.085397137237293474e-01,-3.183453623751569816e-01,-2.518421481284399688e-01
0.000000000000000000e+00,0.000000000000000000e+00,0.000000000000000000e+00,0.000000000000000000e+00,0.000000000000000000e+00,0.000000000000000000e+00,0.000000000000000000e+00,0.000000000000000000e+00,0.000000000000000000e+00,0.000000000000000000e+00,0.000000000000000000e+00,0.000000000000000000e+00,0.000000000000000000e+00,0.000000000000000000e+00,0.000000000000000000e+00,0.000000000000000000e+00,0.000000000000000000e+00,0.000000000000000000e+00,0.000000000000000000e+00,0.000000000000000000e+00,0.000000000000000000e+00,0.000000000000000000e+00,0.000000000000000000e+00,0.000000000000000000e+00,0.000000000000000000e+00,0.000000000000000000e+00,0.000000000000000000e+00,0.000000000000000000e+00,0.000000000000000000e+00,0.000000000000000000e+00,0.000000000000000000e+00,0.000000000000000000e+00,0.000000000000000000e+00,0.000000000000000000e+00,0.000000000000000000e+00,0.000000000000000000e+00,0.000000000000000000e+00,0.000000000000000000e+00,0.000000000000000000e+00,0.000000000000000000e+00,0.000000000000000000e+00,0.000000000000000000e+00,0.000000000000000000e+00,0.000000000000000000e+00,0.000000000000000000e+00,0.000000000000000000e+00,0.000000000000000000e+00,0.000000000000000000e+00,0.000000000000000000e+00,0.000000000000000000e+00,0.000000000000000000e+00,0.000000000000000000e+00,0.000000000000000000e+00,0.000000000000000000e+00,0.000000000000000000e+00,0.000000000000000000e+00,0.000000000000000000e+00,0.000000000000000000e+00,0.000000000000000000e+00,0.000000000000000000e+00,0.000000000000000000e+00,0.000000000000000000e+00,0.000000000000000000e+00,0.000000000000000000e+00,0.000000000000000000e+00,0.000000000000000000e+00,0.000000000000000000e+00,1.000000000000000000e+00,-1.430187126658475916e-01,1.953170781826231994e-01,2.507411847244004344e-01,2.477001266749511432e-01,4.055437303995170772e-01,7.500365652896848756e-01,-2.898844635029587113e-01,-1.000000000000000000e+00,-3.910543323770922508e-01,-2.812778318866333005e-01,-2.358203672569606033e-03,-1.043570945817755419e-01,-6.426349923865041225e-01,2.544447785889651370e-01,6.883314799432544984e-01,-2.025767173891502015e-01,-4.967551422826587681e-01,6.695359374603839786e-01,7.631619083463216102e-02,-2.487802276093093734e-01,-5.120597780217639450e-01,4.807547867123690422e-01,1.879167544333578688e-01,2.118940838480696809e-01,-7.502604677463609040e-01,6.763520873184536431e-01,1.209624536203816186e-01,6.297711865872144266e-01,-2.256306201902109343e-01,-6.991253969886680464e-01,-7.411060769499158152e-01,-3.103949021849666812e-01
0.000000000000000000e+00,0.000000000000000000e+00,0.000000000000000000e+00,0.000000000000000000e+00,0.000000000000000000e+00,0.000000000000000000e+00,0.000000000000000000e+00,0.000000000000000000e+00,0.000000000000000000e+00,0.000000000000000000e+00,0.000000000000000000e+00,0.000000000000000000e+00,0.000000000000000000e+00,0.000000000000000000e+00,0.000000000000000000e+00,0.000000000000000000e+00,0.000000000000000000e+00,0.000000000000000000e+00,0.000000000000000000e+00,0.000000000000000000e+00,0.000000000000000000e+00,0.000000000000000000e+00,0.000000000000000000e+00,0.000000000000000000e+00,0.000000000000000000e+00,0.000000000000000000e+00,0.000000000000000000e+00,0.000000000000000000e+00,0.000000000000000000e+00,0.000000000000000000e+00,0.000000000000000000e+00,0.000000000000000000e+00,0.000000000000000000e+00,0.000000000000000000e+00,0.000000000000000000e+00,0.000000000000000000e+00,0.000000000000000000e+00,0.000000000000000000e+00,0.000000000000000000e+00,0.000000000000000000e+00,0.000000000000000000e+00,0.000000000000000000e+00,0.000000000000000000e+00,0.000000000000000000e+00,0.000000000000000000e+00,0.000000000000000000e+00,0.000000000000000000e+00,0.000000000000000000e+00,0.000000000000000000e+00,0.000000000000000000e+00,0.000000000000000000e+00,0.000000000000000000e+00,0.000000000000000000e+00,0.000000000000000000e+00,0.000000000000000000e+00,0.000000000000000000e+00,0.000000000000000000e+00,0.000000000000000000e+00,0.000000000000000000e+00,0.000000000000000000e+00,0.000000000000000000e+00,0.000000000000000000e+00,0.000000000000000000e+00,0.000000000000000000e+00,0.000000000000000000e+00,0.000000000000000000e+00,0.000000000000000000e+00,0.000000000000000000e+00,1.000000000000000000e+00,-6.068573719177043913e-01,4.096067750411790387e-01,5.348562454040940439e-01,1.982144857092119072e-01,-5.721408802674157051e-02,-6.431359151243936090e-01,1.000000000000000000e+00,7.432067092531022823e-01,2.546950244238666561e-01,-3.107294698144464906e-01,4.373339436513635770e-01,1.000000000000000000e+00,9.121207367781866693e-02,-5.909590205697019538e-01,6.840683773094919928e-01,7.497241831702828874e-01,-1.000000000000000000e+00,1.000000000000000000e+00,3.704701628572295014e-01,1.381736097000456909e-01,-2.921146334211938145e-01,3.250002258883543105e-01,1.000000000000000000e+00,8.333996079068487495e-01,-5.974961797371471928e-01,1.389064398105840648e-01,-1.000000000000000000e+00,-1.575078213504643720e-01,3.343148959857555891e-01,-5.311672138778714691e-01,6.114633443947440489e-02
0.000000000000000000e+00,0.000000000000000000e+00,0.000000000000000000e+00,0.000000000000000000e+00,0.000000000000000000e+00,0.000000000000000000e+00,0.000000000000000000e+00,0.000000000000000000e+00,0.000000000000000000e+00,0.000000000000000000e+00,0.000000000000000000e+00,0.000000000000000000e+00,0.000000000000000000e+00,0.000000000000000000e+00,0.000000000000000000e+00,0.000000000000000000e+00,0.000000000000000000e+00,0.000000000000000000e+00,0.000000000000000000e+00,0.000000000000000000e+00,0.000000000000000000e+00,0.000000000000000000e+00,0.000000000000000000e+00,0.000000000000000000e+00,0.000000000000000000e+00,0.000000000000000000e+00,0.000000000000000000e+00,0.000000000000000000e+00,0.000000000000000000e+00,0.000000000000000000e+00,0.000000000000000000e+00,0.000000000000000000e+00,0.000000000000000000e+00,0.000000000000000000e+00,0.000000000000000000e+00,0.000000000000000000e+00,0.000000000000000000e+00,0.000000000000000000e+00,0.000000000000000000e+00,0.000000000000000000e+00,0.000000000000000000e+00,0.000000000000000000e+00,0.000000000000000000e+00,0.000000000000000000e+00,0.000000000000000000e+00,0.000000000000000000e+00,0.000000000000000000e+00,0.000000000000000000e+00,0.000000000000000000e+00,0.000000000000000000e+00,0.000000000000000000e+00,0.000000000000000000e+00,0.000000000000000000e+00,0.000000000000000000e+00,0.000000000000000000e+00,0.000000000000000000e+00,0.000000000000000000e+00,0.000000000000000000e+00,0.000000000000000000e+00,0.000000000000000000e+00,0.000000000000000000e+00,0.000000000000000000e+00,0.000000000000000000e+00,0.000000000000000000e+00,0.000000000000000000e+00,0.000000000000000000e+00,0.000000000000000000e+00,0.000000000000000000e+00,0.000000000000000000e+00,1.000000000000000000e+00,3.023400335927995952e-01,5.259650311535349343e-02,4.693689623947950446e-02,3.108450646764009950e-01,1.579440935587228534e-01,-2.722401511053662571e-01,-4.597656867061677283e-02,2.044848482960418268e-01,3.373311369549957250e-01,-5.735459815418438856e-01,-5.886420529173350680e-01,2.529820515194071695e-01,2.879946024046902142e-01,-2.352436167553692004e-01,-2.669369609831596657e-01,5.486852271994607788e-01,1.867350103502675163e-01,-2.428462805479533471e-01,-2.971081305457504707e-01,2.474558571043789235e-01,-3.678910005651617882e-02,-1.916198374927632064e-01,-2.553182559114068328e-01,3.450993369186688975e-01,-2.960635456873915716e-01,2.195418712223130009e-01,-9.568164990334299125e-02,1.217515326369447565e-01,2.742939952756472954e-01,1.846975581491399352e-03
0.000000000000000000e+00,0.000000000000000000e+00,0.000000000000000000e+00,0.000000000000000000e+00,0.000000000000000000e+00,0.000000000000000000e+00,0.000000000000000000e+00,0.000000000000000000e+00,0.000000000000000000e+00,0.000000000000000000e+00,0.000000000000000000e+00,0.000000000000000000e+00,0.000000000000000000e+00,0.000000000000000000e+00,0.000000000000000000e+00,0.000000000000000000e+00,0.000000000000000000e+00,0.000000000000000000e+00,0.000000000000000000e+00,0.000000000000000000e+00,0.000000000000000000e+00,0.000000000000000000e+00,0.000000000000000000e+00,0.000000000000000000e+00,0.000000000000000000e+00,0.000000000000000000e+00,0.000000000000000000e+00,0.000000000000000000e+00,0.000000000000000000e+00,0.000000000000000000e+00,0.000000000000000000e+00,0.000000000000000000e+00,0.000000000000000000e+00,0.000000000000000000e+00,0.000000000000000000e+00,0.000000000000000000e+00,0.000000000000000000e+00,0.000000000000000000e+00,0.000000000000000000e+00,0.000000000000000000e+00,0.000000000000000000e+00,0.000000000000000000e+00,0.000000000000000000e+00,0.000000000000000000e+00,0.000000000000000000e+00,0.000000000000000000e+00,0.000000000000000000e+00,0.000000000000000000e+00,0.000000000000000000e+00,0.000000000000000000e+00,0.000000000000000000e+00,0.000000000000000000e+00,0.000000000000000000e+00,0.000000000000000000e+00,0.000000000000000000e+00,0.000000000000000000e+00,0.000000000000000000e+00,0.000000000000000000e+00,0.000000000000000000e+00,0.000000000000000000e+00,0.000000000000000000e+00,0.000000000000000000e+00,0.000000000000000000e+00,0.000000000000000000e+00,0.000000000000000000e+00,0.000000000000000000e+00,0.000000000000000000e+00,0.000000000000000000e+00,0.000000000000000000e+00,0.000000000000000000e+00,1.000000000000000000e+00,8.681412749397015016e-01,3.431150276159348755e-01,5.193366362075548803e-01,-2.896600970481116866e-01,-2.766596161376779217e-01,2.335164324774011424e-01,5.022804854141191822e-01,4.135964788602255471e-01,-6.134543459922533470e-01,3.053517888188867491e-01,6.260590489013176940e-01,4.411976303409256839e-01,1.462888086228465723e-01,-1.562343067198064261e-01,5.424402695491528092e-01,1.000000000000000000e+00,-2.461280526820589509e-01,-4.219819304587750786e-01,2.931966312153083121e-01,1.236092363583075338e-01,4.498242926375941586e-01,-3.853903833862359907e-02,4.497235576496342313e-01,-4.244732600538004275e-01,-3.070458846491744276e-01,-3.873324631481702141e-01,1.688807361324274892e-01,3.191857663608604900e-02,1.273427770151007443e-01
0.000000000000000000e+00,0.000000000000000000e+00,0.000000000000000000e+00,0.000000000000000000e+00,0.000000000000000000e+00,0.000000000000000000e+00,0.000000000000000000e+00,0.000000000000000000e+00,0.000000000000000000e+00,0.000000000000000000e+00,0.000000000000000000e+00,0.000000000000000000e+00,0.000000000000000000e+00,0.000000000000000000e+00,0.000000000000000000e+00,0.000000000000000000e+00,0.000000000000000000e+00,0.000000000000000000e+00,0.000000000000000000e+00,0.000000000000000000e+00,0.000000000000000000e+00,0.000000000000000000e+00,0.000000000000000000e+00,0.000000000000000000e+00,0.000000000000000000e+00,0.000000000000000000e+00,0.000000000000000000e+00,0.000000000000000000e+00,0.000000000000000000e+00,0.000000000000000000e+00,0.000000000000000000e+00,0.000000000000000000e+00,0.000000000000000000e+00,0.000000000000000000e+00,0.000000000000000000e+00,0.000000000000000000e+00,0.000000000000000000e+00,0.000000000000000000e+00,0.000000000000000000e+00,0.000000000000000000e+00,0.000000000000000000e+00,0.000000000000000000e+00,0.000000000000000000e+00,0.000000000000000000e+00,0.000000000000000000e+00,0.000000000000000000e+00,0.000000000000000000e+00,0.000000000000000000e+00,0.000000000000000000e+00,0.000000000000000000e+00,0.000000000000000000e+00,0.000000000000000000e+00,0.000000000000000000e+00,0.000000000000000000e+00,0.000000000000000000e+00,0.000000000000000000e+00,0.000000000000000000e+00,0.000000000000000000e+00,0.000000000000000000e+00,0.000000000000000000e+00,0.000000000000000000e+00,0.000000000000000000e+00,0.000000000000000000e+00,0.000000000000000000e+00,0.000000000000000000e+00,0.000000000000000000e+00,0.000000000000000000e+00,0.000000000000000000e+00,0.000000000000000000e+00,0.000000000000000000e+00,0.000000000000000000e+00,1.000000000000000000e+00,8.330293877078195353e-01,3.234188186071135784e-01,1.349753649327232186e-01,-4.526814552379638257e-01,3.286463685985734906e-01,6.077057970398747067e-01,3.606022812858581950e-01,-2.579571317965081989e-01,3.098878066435762357e-01,3.846759093247378303e-01,3.911265742063264050e-01,2.418290726068746122e-02,5.946396586882567864e-02,8.027363080539125229e-02,7.184722282517015390e-01,-2.212554249536794193e-01,-9.654412217876034985e-02,1.343148878097713377e-02,5.049746334256978164e-01,1.780873549651223464e-01,1.812312531129956494e-01,2.567316779900634671e-01,-4.483340443093888350e-01,-3.562675461420798384e-01,-1.575819122527866989e-01,3.046858569844589359e-01,-1.036080026110682423e-01,2.380450808365462412e-01
0.000000000000000000e+00,0.000000000000000000e+00,0.000000000000000000e+00,0.000000000000000000e+00,0.000000000000000000e+00,0.000000000000000000e+00,0.000000000000000000e+00,0.000000000000000000e+00,0.000000000000000000e+00,0.000000000000000000e+00,0.000000000000000000e+00,0.000000000000000000e+00,0.000000000000000000e+00,0.000000000000000000e+00,0.000000000000000000e+00,0.000000000000000000e+00,0.000000000000000000e+00,0.000000000000000000e+00,0.000000000000000000e+00,0.000000000000000000e+00,0.000000000000000000e+00,0.000000000000000000e+00,0.000000000000000000e+00,0.000000000000000000e+00,0.000000000000000000e+00,0.000000000000000000e+00,0.000000000000000000e+00,0.000000000000000000e+00,0.000000000000000000e+00,0.000000000000000000e+00,0.000000000000000000e+00,0.000000000000000000e+00,0.000000000000000000e+00,0.000000000000000000e+00,0.000000000000000000e+00,0.000000000000000000e+00,0.000000000000000000e+00,0.000000000000000000e+00,0.000000000000000000e+00,0.000000000000000000e+00,0.000000000000000000e+00,0.000000000000000000e+00,0.000000000000000000e+00,0.000000000000000000e+00,0.000000000000000000e+00,0.000000000000000000e+00,0.000000000000000000e+00,0.000000000000000000e+00,0.000000000000000000e+00,0.000000000000000000e+00,0.000000000000000000e+00,0.000000000000000000e+00,0.000000000000000000e+00,0.000000000000000000e+00,0.000000000000000000e+00,0.000000000000000000e+00,0.000000000000000000e+00,0.000000000000000000e+00,0.000000000000000000e+00,0.000000000000000000e+00,0.000000000000000000e+00,0.000000000000000000e+00,0.000000000000000000e+00,0.000000000000000000e+00,0.000000000000000000e+00,0.000000000000000000e+00,0.000000000000000000e+00,0.000000000000000000e+00,0.000000000000000000e+00,0.000000000000000000e+00,0.000000000000000000e+00,0.000000000000000000e+00,1.000000000000000000e+00,1.561826515270785809e-01,8.555156108978652363e-02,-2.086462777400322627e-02,1.220122889562792051e-01,1.084710665235059102e-01,4.076265903278623176e-02,-6.665787242151011149e-02,-3.717580623280095087e-02,2.940594733332866154e-02,1.181243640976937237e-01,7.517656126527404170e-02,5.264681187776071997e-02,9.048289881462107456e-03,1.739961384884927131e-01,-4.739334172426442476e-02,-4.798669877996924321e-02,1.438694034290708690e-01,1.247901237664242151e-02,1.372008658652013324e-01,-1.529411611809299021e-02,-3.870033332688711369e-03,-3.122812353517754463e-02,4.271098071664273382e-02,-1.054743694494845868e-01,2.050664626236639587e-01,2.024458814210723379e-01,4.851880892021667724e-02
0.000000000000000000e+00,0.000000000000000000e+00,0.000000000000000000e+00,0.000000000000000000e+00,0.000000000000000000e+00,0.000000000000000000e+00,0.000000000000000000e+00,0.000000000000000000e+00,0.000000000000000000e+00,0.000000000000000000e+00,0.000000000000000000e+00,0.000000000000000000e+00,0.000000000000000000e+00,0.000000000000000000e+00,0.000000000000000000e+00,0.000000000000000000e+00,0.000000000000000000e+00,0.000000000000000000e+00,0.000000000000000000e+00,0.000000000000000000e+00,0.000000000000000000e+00,0.000000000000000000e+00,0.000000000000000000e+00,0.000000000000000000e+00,0.000000000000000000e+00,0.000000000000000000e+00,0.000000000000000000e+00,0.000000000000000000e+00,0.000000000000000000e+00,0.000000000000000000e+00,0.000000000000000000e+00,0.000000000000000000e+00,0.000000000000000000e+00,0.000000000000000000e+00,0.000000000000000000e+00,0.000000000000000000e+00,0.000000000000000000e+00,0.000000000000000000e+00,0.000000000000000000e+00,0.000000000000000000e+00,0.000000000000000000e+00,0.000000000000000000e+00,0.000000000000000000e+00,0.000000000000000000e+00,0.000000000000000000e+00,0.000000000000000000e+00,0.000000000000000000e+00,0.000000000000000000e+00,0.000000000000000000e+00,0.000000000000000000e+00,0.000000000000000000e+00,0.000000000000000000e+00,0.000000000000000000e+00,0.000000000000000000e+00,0.000000000000000000e+00,0.000000000000000000e+00,0.000000000000000000e+00,0.000000000000000000e+00,0.000000000000000000e+00,0.000000000000000000e+00,0.000000000000000000e+00,0.000000000000000000e+00,0.000000000000000000e+00,0.000000000000000000e+00,0.000000000000000000e+00,0.000000000000000000e+00,0.000000000000000000e+00,0.000000000000000000e+00,0.000000000000000000e+00,0.000000000000000000e+00,0.000000000000000000e+00,0.000000000000000000e+00,0.000000000000000000e+00,1.000000000000000000e+00,-1.071948718871870293e-01,-7.914681352623710309e-01,-1.609265626286454920e-01,-5.479634124482260504e-02,3.094922481680519311e-01,-2.865230417481174352e-01,-5.779867344115968697e-01,3.705729065220669805e-01,6.162423656944084893e-01,-3.185915873666477771e-01,-1.332486733280664748e-01,3.768438677884691224e-01,2.149268075814499968e-01,-3.233118356875532284e-01,-4.745418558162337597e-01,6.916732689120008715e-01,5.389852105469110644e-01,2.496937398277229159e-01,-4.210570524522061486e-01,5.261259147944348236e-01,-1.466202360384794290e-01,3.735731346067653336e-01,-6.634980787323763174e-02,3.247312155862920689e-03,-2.935478053915812624e-01,-1.812355066602333586e-01
0.000000000000000000e+00,0.000000000000000000e+00,0.000000000000000000e+00,0.000000000000000000e+00,0.000000000000000000e+00,0.000000000000000000e+00,0.000000000000000000e+00,0.000000000000000000e+00,0.000000000000000000e+00,0.000000000000000000e+00,0.000000000000000000e+00,0.000000000000000000e+00,0.000000000000000000e+00,0.000000000000000000e+00,0.000000000000000000e+00,0.000000000000000000e+00,0.000000000000000000e+00,0.000000000000000000e+00,0.000000000000000000e+00,0.000000000000000000e+00,0.000000000000000000e+00,0.000000000000000000e+00,0.000000000000000000e+00,0.000000000000000000e+00,0.000000000000000000e+00,0.000000000000000000e+00,0.000000000000000000e+00,0.000000000000000000e+00,0.000000000000000000e+00,0.000000000000000000e+00,0.000000000000000000e+00,0.000000000000000000e+00,0.000000000000000000e+00,0.000000000000000000e+00,0.000000000000000000e+00,0.000000000000000000e+00,0.000000000000000000e+00,0.000000000000000000e+00,0.000000000000000000e+00,0.000000000000000000e+00,0.000000000000000000e+00,0.000000000000000000e+00,0.000000000000000000e+00,0.000000000000000000e+00,0.000000000000000000e+00,0.000000000000000000e+00,0.000000000000000000e+00,0.000000000000000000e+00,0.000000000000000000e+00,0.000000000000000000e+00,0.000000000000000000e+00,0.000000000000000000e+00,0.000000000000000000e+00,0.000000000000000000e+00,0.000000000000000000e+00,0.000000000000000000e+00,0.000000000000000000e+00,0.000000000000000000e+00,0.000000000000000000e+00,0.000000000000000000e+00,0.000000000000000000e+00,0.000000000000000000e+00,0.000000000000000000e+00,0.000000000000000000e+00,0.000000000000000000e+00,0.000000000000000000e+00,0.000000000000000000e+00,0.000000000000000000e+00,0.000000000000000000e+00,0.000000000000000000e+00,0.000000000000000000e+00,0.000000000000000000e+00,0.000000000000000000e+00,0.000000000000000000e+00,1.000000000000000000e+00,-4.537031141152931824e-01,1.378719586365462213e-01,3.685189698641158085e-01,1.690947250927364587e-01,-1.625357575550796241e-01,-1.781049336661614732e-02,-1.085121194774986073e-02,1.601828715149935245e-01,-8.510849758854749370e-02,3.344978456751430962e-02,-8.577145907379868719e-03,-3.017379935620234654e-01,-1.359530578696465375e-01,2.222917059179750077e-01,-1.692369124415559201e-01,3.241847350633495495e-01,-5.075984839482328148e-01,1.724257921916458047e-01,-6.720724216531312467e-02,-1.560404115173067707e-01,-1.956366437082520116e-01,1.628499292587614611e-01,4.130835150046758830e-01,4.823884949681593870e-01,3.115337709610327410e-01
0.000000000000000000e+00,0.000000000000000000e+00,0.000000000000000000e+00,0.000000000000000000e+00,0.000000000000000000e+00,0.000000000000000000e+00,0.000000000000000000e+00,0.000000000000000000e+00,0.000000000000000000e+00,0.000000000000000000e+00,0.000000000000000000e+00,0.000000000000000000e+00,0.000000000000000000e+00,0.000000000000000000e+00,0.000000000000000000e+00,0.000000000000000000e+00,0.000000000000000000e+00,0.000000000000000000e+00,0.000000000000000000e+00,0.000000000000000000e+00,0.000000000000000000e+00,0.000000000000000000e+00,0.000000000000000000e+00,0.000000000000000000e+00,0.000000000000000000e+00,0.000000000000000000e+00,0.000000000000000000e+00,0.000000000000000000e+00,0.000000000000000000e+00,0.000000000000000000e+00,0.000000000000000000e+00,0.000000000000000000e+00,0.000000000000000000e+00,0.000000000000000000e+00,0.000000000000000000e+00,0.000000000000000000e+00,0.000000000000000000e+00,0.000000000000000000e+00,0.000000000000000000e+00,0.000000000000000000e+00,0.000000000000000000e+00,0.000000000000000000e+00,0.000000000000000000e+00,0.000000000000000000e+00,0.000000000000000000e+00,0.000000000000000000e+00,0.000000000000000000e+00,0.000000000000000000e+00,0.000000000000000000e+00,0.000000000000000000e+00,0.000000000000000000e+00,0.000000000000000000e+00,0.000000000000000000e+00,0.000000000000000000e+00,0.000000000000000000e+00,0.000000000000000000e+00,0.000000000000000000e+00,0.000000000000000000e+00,0.000000000000000000e+00,0.000000000000000000e+00,0.000000000000000000e+00,0.000000000000000000e+00,0.000000000000000000e+00,0.000000000000000000e+00,0.000000000000000000e+00,0.000000000000000000e+00,0.000000000000000000e+00,0.000000000000000000e+00,0.000000000000000000e+00,0.000000000000000000e+00,0.000000000000000000e+00,0.000000000000000000e+00,0.000000000000000000e+00,0.000000000000000000e+00,0.000000000000000000e+00,1.000000000000000000e+00,2.010877131152306041e-01,-1.398365409145767985e-02,-1.416933342535825757e-01,1.821007890373425586e-01,3.897484522500136994e-01,-1.331566479729625052e-01,-4.726375902940393448e-01,2.028383422662949909e-01,3.153355233919540868e-01,-3.706102821782344403e-01,1.762394239239973570e-01,2.000701679158283786e-01,1.465119399211764761e-01,-1.129451321211842052e-01,-2.426265410738792927e-01,2.085642733810778582e-01,3.119412020352093085e-01,-3.955988856610090365e-01,1.044153931080018666e-01,-3.033047219395653693e-01,-4.033900719580564391e-03,2.549878025330433728e-01,1.899613166858830637e-01,1.568379006739659826e-02
0.000000000000000000e+00,0.000000000000000000e+00,0.000000000000000000e+00,0.000000000000000000e+00,0.000000000000000000e+00,0.000000000000000000e+00,0.000000000000000000e+00,0.000000000000000000e+00,0.000000000000000000e+00,0.000000000000000000e+00,0.000000000000000000e+00,0.000000000000000000e+00,0.000000000000000000e+00,0.000000000000000000e+00,0.000000000000000000e+00,0.000000000000000000e+00,0.000000000000000000e+00,0.000000000000000000e+00,0.000000000000000000e+00,0.000000000000000000e+00,0.000000000000000000e+00,0.000000000000000000e+00,0.000000000000000000e+00,0.000000000000000000e+00,0.000000000000000000e+00,0.000000000000000000e+00,0.000000000000000000e+00,0.000000000000000000e+00,0.000000000000000000e+00,0.000000000000000000e+00,0.000000000000000000e+00,0.000000000000000000e+00,0.000000000000000000e+00,0.000000000000000000e+00,0.000000000000000000e+00,0.000000000000000000e+00,0.000000000000000000e+00,0.000000000000000000e+00,0.000000000000000000e+00,0.000000000000000000e+00,0.000000000000000000e+00,0.000000000000000000e+00,0.000000000000000000e+00,0.000000000000000000e+00,0.000000000000000000e+00,0.000000000000000000e+00,0.000000000000000000e+00,0.000000000000000000e+00,0.000000000000000000e+00,0.000000000000000000e+00,0.000000000000000000e+00,0.000000000000000000e+00,0.000000000000000000e+00,0.000000000000000000e+00,0.000000000000000000e+00,0.000000000000000000e+00,0.000000000000000000e+00,0.000000000000000000e+00,0.000000000000000000e+00,0.000000000000000000e+00,0.000000000000000000e+00,0.000000000000000000e+00,0.000000000000000000e+00,0.000000000000000000e+00,0.000000000000000000e+00,0.000000000000000000e+00,0.000000000000000000e+00,0.000000000000000000e+00,0.000000000000000000e+00,0.000000000000000000e+00,0.000000000000000000e+00,0.000000000000000000e+00,0.000000000000000000e+00,0.000000000000000000e+00,0.000000000000000000e+00,0.000000000000000000e+00,1.000000000000000000e+00,8.384361270425830792e-01,1.065016203401657029e-02,6.739904249460652343e-03,1.000000000000000000e+00,8.752034332700875385e-02,-4.253051473756487288e-01,6.395182683671685187e-01,6.482705835719538845e-01,-7.596751612284275978e-01,1.000000000000000000e+00,1.875099081187859840e-01,2.798064628661808273e-01,-4.042959514261437182e-01,2.105859628909138304e-01,6.190018490746359570e-01,9.332376669779738343e-01,-6.343807330384032550e-01,-2.430631127451912676e-01,-1.000000000000000000e+00,-2.592009363035897018e-01,1.000000000000000000e+00,5.194026075719936353e-01,4.507250930264776745e-01
0.000000000000000000e+00,0.000000000000000000e+00,0.000000000000000000e+00,0.000000000000000000e+00,0.000000000000000000e+00,0.000000000000000000e+00,0.000000000000000000e+00,0.000000000000000000e+00,0.000000000000000000e+00,0.000000000000000000e+00,0.000000000000000000e+00,0.000000000000000000e+00,0.000000000000000000e+00,0.000000000000000000e+00,0.000000000000000000e+00,0.000000000000000000e+00,0.000000000000000000e+00,0.000000000000000000e+00,0.000000000000000000e+00,0.000000000000000000e+00,0.000000000000000000e+00,0.000000000000000000e+00,0.000000000000000000e+00,0.000000000000000000e+00,0.000000000000000000e+00,0.000000000000000000e+00,0.000000000000000000e+00,0.000000000000000000e+00,0.000000000000000000e+00,0.000000000000000000e+00,0.000000000000000000e+00,0.000000000000000000e+00,0.000000000000000000e+00,0.000000000000000000e+00,0.000000000000000000e+00,0.000000000000000000e+00,0.000000000000000000e+00,0.000000000000000000e+00,0.000000000000000000e+00,0.000000000000000000e+00,0.000000000000000000e+00,0.000000000000000000e+00,0.000000000000000000e+00,0.000000000000000000e+00,0.000000000000000000e+00,0.000000000000000000e+00,0.000000000000000000e+00,0.000000000000000000e+00,0.000000000000000000e+00,0.000000000000000000e+00,0.000000000000000000e+00,0.000000000000000000e+00,0.000000000000000000e+00,0.000000000000000000e+00,0.000000000000000000e+00,0.000000000000000000e+00,0.000000000000000000e+00,0.000000000000000000e+00,0.000000000000000000e+00,0.000000000000000000e+00,0.000000000000000000e+00,0.000000000000000000e+00,0.000000000000000000e+00,0.000000000000000000e+00,0.000000000000000000e+00,0.000000000000000000e+00,0.000000000000000000e+00,0.000000000000000000e+00,0.000000000000000000e+00,0.000000000000000000e+00,0.000000000000000000e+00,0.000000000000000000e+00,0.000000000000000000e+00,0.000000000000000000e+00,0.000000000000000000e+00,0.000000000000000000e+00,0.000000000000000000e+00,1.000000000000000000e+00,4.282495749866024881e-01,-4.905009785266797318e-01,3.202078412710368527e-01,3.133821701505669632e-01,1.811187526353461308e-01,1.494889255954965912e-01,8.235769398831190025e-02,1.377574124925565469e-01,8.368519760484393055e-01,-1.856996239857305331e-01,4.081507314492679311e-02,-2.765292867080712536e-01,2.255853772574238081e-01,-1.584750708762896034e-03,3.938875739485644956e-01,3.455303940589880135e-02,-6.499712369700795245e-01,-5.408690590849762891e-01,-2.814898496386273874e-01,6.920998081444706962e-01,4.192110835027705318e-01,4.542571186774938541e-01
0.000000000000000000e+00,0.000000000000000000e+00,0.000000000000000000e+00,0.000000000000000000e+00,0.000000000000000000e+00,0.000000000000000000e+00,0.000000000000000000e+00,0.000000000000000000e+00,0.000000000000000000e+00,0.000000000000000000e+00,0.000000000000000000e+00,0.000000000000000000e+00,0.000000000000000000e+00,0.000000000000000000e+00,0.000000000000000000e+00,0.000000000000000000e+00,0.000000000000000000e+00,0.000000000000000000e+00,0.000000000000000000e+00,0.000000000000000000e+00,0.000000000000000000e+00,0.000000000000000000e+00,0.000000000000000000e+00,0.000000000000000000e+00,0.000000000000000000e+00,0.000000000000000000e+00,0.000000000000000000e+00,0.000000000000000000e+00,0.000000000000000000e+00,0.000000000000000000e+00,0.000000000000000000e+00,0.000000000000000000e+00,0.000000000000000000e+00,0.000000000000000000e+00,0.000000000000000000e+00,0.000000000000000000e+00,0.000000000000000000e+00,0.000000000000000000e+00,0.000000000000000000e+00,0.000000000000000000e+00,0.000000000000000000e+00,0.000000000000000000e+00,0.000000000000000000e+00,0.000000000000000000e+00,0.000000000000000000e+00,0.000000000000000000e+00,0.000000000000000000e+00,0.000000000000000000e+00,0.000000000000000000e+00,0.000000000000000000e+00,0.000000000000000000e+00,0.000000000000000000e+00,0.000000000000000000e+00,0.000000000000000000e+00,0.000000000000000000e+00,0.000000000000000000e+00,0.000000000000000000e+00,0.000000000000000000e+00,0.000000000000000000e+00,0.000000000000000000e+00,0.000000000000000000e+00,0.000000000000000000e+00,0.000000000000000000e+00,0.000000000000000000e+00,0.000000000000000000e+00,0.000000000000000000e+00,0.000000000000000000e+00,0.000000000000000000e+00,0.000000000000000000e+00,0.000000000000000000e+00,0.000000000000000000e+00,0.000000000000000000e+00,0.000000000000000000e+00,0.000000000000000000e+00,0.000000000000000000e+00,0.000000000000000000e+00,0.000000000000000000e+00,0.000000000000000000e+00,1.000000000000000000e+00,-7.156378902875626391e-01,-6.036952244057219863e-01,4.619817022977801835e-01,4.752153149029802459e-01,-6.667738723839269355e-01,-7.815483327408369318e-02,3.844011751696005952e-01,1.829392605441407527e-01,-4.958907500048024830e-01,-1.712164518912905886e-01,4.183630443518484565e-01,5.313935068007225038e-01,-5.998170008397019082e-01,5.490407251995467475e-02,5.123340473442956622e-01,-8.924995612418649138e-01,1.127268258624029712e-01,2.113219673902943241e-01,6.898399800403295368e-01,7.087723498958501400e-01,2.439373839251443021e-01
0.000000000000000000e+00,0.000000000000000000e+00,0.000000000000000000e+00,0.000000000000000000e+00,0.000000000000000000e+00,0.000000000000000000e+00,0.000000000000000000e+00,0.000000000000000000e+00,0.000000000000000000e+00,0.000000000000000000e+00,0.000000000000000000e+00,0.000000000000000000e+00,0.000000000000000000e+00,0.000000000000000000e+00,0.000000000000000000e+00,0.000000000000000000e+00,0.000000000000000000e+00,0.000000000000000000e+00,0.000000000000000000e+00,0.000000000000000000e+00,0.000000000000000000e+00,0.000000000000000000e+00,0.000000000000000000e+00,0.000000000000000000e+00,0.000000000000000000e+00,0.000000000000000000e+00,0.000000000000000000e+00,0.000000000000000000e+00,0.000000000000000000e+00,0.000000000000000000e+00,0.000000000000000000e+00,0.000000000000000000e+00,0.000000000000000000e+00,0.000000000000000000e+00,0.000000000000000000e+00,0.000000000000000000e+00,0.000000000000000000e+00,0.000000000000000000e+00,0.000000000000000000e+00,0.000000000000000000e+00,0.000000000000000000e+00,0.000000000000000000e+00,0.000000000000000000e+00,0.000000000000000000e+00,0.000000000000000000e+00,0.000000000000000000e+00,0.000000000000000000e+00,0.000000000000000000e+00,0.000000000000000000e+00,0.000000000000000000e+00,0.000000000000000000e+00,0.000000000000000000e+00,0.000000000000000000e+00,0.000000000000000000e+00,0.000000000000000000e+00,0.000000000000000000e+00,0.000000000000000000e+00,0.000000000000000000e+00,0.000000000000000000e+00,0.000000000000000000e+00,0.000000000000000000e+00,0.000000000000000000e+00,0.000000000000000000e+00,0.000000000000000000e+00,0.000000000000000000e+00,0.000000000000000000e+00,0.000000000000000000e+00,0.000000000000000000e+00,0.000000000000000000e+00,0.000000000000000000e+00,0.000000000000000000e+00,0.000000000000000000e+00,0.000000000000000000e+00,0.000000000000000000e+00,0.000000000000000000e+00,0.000000000000000000e+00,0.000000000000000000e+00,0.000000000000000000e+00,0.000000000000000000e+00,1.000000000000000000e+00,8.439607240098844221e-01,-4.372901315293587499e-01,-5.891851066055334707e-01,2.824741718971030546e-01,4.835093980474877706e-01,-9.841006952842814570e-01,-4.315264148647567355e-01,4.224894318081585110e-01,4.150683196503854311e-01,-2.927767524076459460e-01,1.555658065237389420e-01,3.438317678784281184e-01,3.809079501652636868e-01,-6.075410566487059461e-01,6.432879278423260239e-01,-3.832772093678908365e-01,2.434228005268813666e-01,-2.132367419526952079e-01,-5.504018268037436101e-01,-1.436734572266870069e-01
0.000000000000000000e+00,0.000000000000000000e+00,0.000000000000000000e+00,0.000000000000000000e+00,0.000000000000000000e+00,0.000000000000000000e+00,0.000000000000000000e+00,0.000000000000000000e+00,0.000000000000000000e+00,0.000000000000000000e+00,0.000000000000000000e+00,0.000000000000000000e+00,0.000000000000000000e+00,0.000000000000000000e+00,0.000000000000000000e+00,0.000000000000000000e+00,0.000000000000000000e+00,0.000000000000000000e+00,0.000000000000000000e+00,0.000000000000000000e+00,0.000000000000000000e+00,0.000000000000000000e+00,0.000000000000000000e+00,0.000000000000000000e+00,0.000000000000000000e+00,0.000000000000000000e+00,0.000000000000000000e+00,0.000000000000000000e+00,0.000000000000000000e+00,0.000000000000000000e+00,0.000000000000000000e+00,0.000000000000000000e+00,0.000000000000000000e+00,0.000000000000000000e+00,0.000000000000000000e+00,0.000000000000000000e+00,0.000000000000000000e+00,0.000000000000000000e+00,0.000000000000000000e+00,0.000000000000000000e+00,0.000000000000000000e+00,0.000000000000000000e+00,0.000000000000000000e+00,0.000000000000000000e+00,0.000000000000000000e+00,0.000000000000000000e+00,0.000000000000000000e+00,0.000000000000000000e+00,0.000000000000000000e+00,0.000000000000000000e+00,0.000000000000000000e+00,0.000000000000000000e+00,0.000000000000000000e+00,0.000000000000000000e+00,0.000000000000000000e+00,0.000000000000000000e+00,0.000000000000000000e+00,0.000000000000000000e+00,0.000000000000000000e+00,0.000000000000000000e+00,0.000000000000000000e+00,0.000000000000000000e+00,0.000000000000000000e+00,0.000000000000000000e+00,0.000000000000000000e+00,0.000000000000000000e+00,0.000000000000000000e+00,0.000000000000000000e+00,0.000000000000000000e+00,0.000000000000000000e+00,0.000000000000000000e+00,0.000000000000000000e+00,0.000000000000000000e+00,0.000000000000000000e+00,0.000000000000000000e+00,0.000000000000000000e+00,0.000000000000000000e+00,0.000000000000000000e+00,0.000000000000000000e+00,0.000000000000000000e+00,1.000000000000000000e+00,-2.531904859867553648e-02,-3.084754067784490905e-01,3.724160912350787389e-01,3.236005749019942312e-01,-4.947713736737580081e-01,2.773520689411891893e-01,1.979158002110155412e-01,2.229572608575566273e-01,-2.283788957007323039e-01,9.707660529929132420e-02,3.185984296397303961e-01,4.605217341964272237e-01,-3.652380332795245876e-01,1.247001785314770378e-01,-6.343460094878913269e-01,6.804131104513401994e-03,2.234596128720667818e-01,6.809771437451092591e-02,1.525921805900550543e-01
0.000000000000000000e+00,0.000000000000000000e+00,0.000000000000000000e+00,0.000000000000000000e+00,0.000000000000000000e+00,0.000000000000000000e+00,0.000000000000000000e+00,0.000000000000000000e+00,0.000000000000000000e+00,0.000000000000000000e+00,0.000000000000000000e+00,0.000000000000000000e+00,0.000000000000000000e+00,0.000000000000000000e+00,0.000000000000000000e+00,0.000000000000000000e+00,0.000000000000000000e+00,0.000000000000000000e+00,0.000000000000000000e+00,0.000000000000000000e+00,0.000000000000000000e+00,0.000000000000000000e+00,0.000000000000000000e+00,0.000000000000000000e+00,0.000000000000000000e+00,0.000000000000000000e+00,0.000000000000000000e+00,0.000000000000000000e+00,0.000000000000000000e+00,0.000000000000000000e+00,0.000000000000000000e+00,0.000000000000000000e+00,0.000000000000000000e+00,0.000000000000000000e+00,0.000000000000000000e+00,0.000000000000000000e+00,0.000000000000000000e+00,0.000000000000000000e+00,0.000000000000000000e+00,0.000000000000000000e+00,0.000000000000000000e+00,0.000000000000000000e+00,0.000000000000000000e+00,0.000000000000000000e+00,0.000000000000000000e+00,0.000000000000000000e+00,0.000000000000000000e+00,0.000000000000000000e+00,0.000000000000000000e+00,0.000000000000000000e+00,0.000000000000000000e+00,0.000000000000000000e+00,0.000000000000000000e+00,0.000000000000000000e+00,0.000000000000000000e+00,0.000000000000000000e+00,0.000000000000000000e+00,0.000000000000000000e+00,0.000000000000000000e+00,0.000000000000000000e+00,0.000000000000000000e+00,0.000000000000000000e+00,0.000000000000000000e+00,0.000000000000000000e+00,0.000000000000000000e+00,0.000000000000000000e+00,0.000000000000000000e+00,0.000000000000000000e+00,0.000000000000000000e+00,0.000000000000000000e+00,0.000000000000000000e+00,0.000000000000000000e+00,0.000000000000000000e+00,0.000000000000000000e+00,0.000000000000000000e+00,0.000000000000000000e+00,0.000000000000000000e+00,0.000000000000000000e+00,0.000000000000000000e+00,0.000000000000000000e+00,0.000000000000000000e+00,1.000000000000000000e+00,8.789268902162417074e-01,-2.624388075542463672e-01,-3.483345839294512691e-01,1.000000000000000000e+00,1.000000000000000000e+00,-5.959846690202894592e-01,-7.175020485890432065e-01,6.081053680789131333e-01,6.624492359708508138e-01,2.468831085141839909e-01,-2.422799213416179376e-01,8.708039348887182118e-01,-8.193737805651196693e-01,-1.522577042541729542e-01,-4.774423531294842427e-01,3.508809206830768024e-01,-2.286114850298319456e-02,1.633197173640087985e-01
0.000000000000000000e+00,0.000000000000000000e+00,0.000000000000000000e+00,0.000000000000000000e+00,0.000000000000000000e+00,0.000000000000000000e+00,0.000000000000000000e+00,0.000000000000000000e+00,0.000000000000000000e+00,0.000000000000000000e+00,0.000000000000000000e+00,0.000000000000000000e+00,0.000000000000000000e+00,0.000000000000000000e+00,0.000000000000000000e+00,0.000000000000000000e+00,0.000000000000000000e+00,0.000000000000000000e+00,0.000000000000000000e+00,0.000000000000000000e+00,0.000000000000000000e+00,0.000000000000000000e+00,0.000000000000000000e+00,0.000000000000000000e+00,0.000000000000000000e+00,0.000000000000000000e+00,0.000000000000000000e+00,0.000000000000000000e+00,0.000000000000000000e+00,0.000000000000000000e+00,0.000000000000000000e+00,0.000000000000000000e+00,0.000000000000000000e+00,0.000000000000000000e+00,0.000000000000000000e+00,0.000000000000000000e+00,0.000000000000000000e+00,0.000000000000000000e+00,0.000000000000000000e+00,0.000000000000000000e+00,0.000000000000000000e+00,0.000000000000000000e+00,0.000000000000000000e+00,0.000000000000000000e+00,0.000000000000000000e+00,0.000000000000000000e+00,0.000000000000000000e+00,0.000000000000000000e+00,0.000000000000000000e+00,0.000000000000000000e+00,0.000000000000000000e+00,0.000000000000000000e+00,0.000000000000000000e+00,0.000000000000000000e+00,0.000000000000000000e+00,0.000000000000000000e+00,0.000000000000000000e+00,0.000000000000000000e+00,0.000000000000000000e+00,0.000000000000000000e+00,0.000000000000000000e+00,0.000000000000000000e+00,0.000000000000000000e+00,0.000000000000000000e+00,0.000000000000000000e+00,0.000000000000000000e+00,0.000000000000000000e+00,0.000000000000000000e+00,0.000000000000000000e+00,0.000000000000000000e+00,0.000000000000000000e+00,0.000000000000000000e+00,0.000000000000000000e+00,0.000000000000000000e+00,0.000000000000000000e+00,0.000000000000000000e+00,0.000000000000000000e+00,0.000000000000000000e+00,0.000000000000000000e+00,0.000000000000000000e+00,0.000000000000000000e+00,0.000000000000000000e+00,1.000000000000000000e+00,-3.331093574025439374e-01,-5.890026312429056388e-01,9.511458493270583681e-01,1.412712808939644293e-01,-4.639519175289628650e-01,-4.625704872053734151e-01,4.739707308058038748e-01,2.542291890817462985e-01,-1.688234678488399754e-01,-6.924604365106821202e-01,8.385748846072105245e-01,-3.276510306453875865e-01,6.860052921777861634e-01,-2.254421379441090001e-01,-2.852340122413788426e-01,-1.676817750279845087e-01,-2.714279678279240063e-02
0.000000000000000000e+00,0.000000000000000000e+00,0.000000000000000000e+00,0.000000000000000000e+00,0.000000000000000000e+00,0.000000000000000000e+00,0.000000000000000000e+00,0.000000000000000000e+00,0.000000000000000000e+00,0.000000000000000000e+00,0.000000000000000000e+00,0.000000000000000000e+00,0.000000000000000000e+00,0.000000000000000000e+00,0.000000000000000000e+00,0.000000000000000000e+00,0.000000000000000000e+00,0.000000000000000000e+00,0.000000000000000000e+00,0.000000000000000000e+00,0.000000000000000000e+00,0.000000000000000000e+00,0.000000000000000000e+00,0.000000000000000000e+00,0.000000000000000000e+00,0.000000000000000000e+00,0.000000000000000000e+00,0.000000000000000000e+00,0.000000000000000000e+00,0.000000000000000000e+00,0.000000000000000000e+00,0.000000000000000000e+00,0.000000000000000000e+00,0.000000000000000000e+00,0.000000000000000000e+00,0.000000000000000000e+00,0.000000000000000000e+00,0.000000000000000000e+00,0.000000000000000000e+00,0.000000000000000000e+00,0.000000000000000000e+00,0.000000000000000000e+00,0.000000000000000000e+00,0.000000000000000000e+00,0.000000000000000000e+00,0.000000000000000000e+00,0.000000000000000000e+00,0.000000000000000000e+00,0.000000000000000000e+00,0.000000000000000000e+00,0.000000000000000000e+00,0.000000000000000000e+00,0.000000000000000000e+00,0.000000000000000000e+00,0.000000000000000000e+00,0.000000000000000000e+00,0.000000000000000000e+00,0.000000000000000000e+00,0.000000000000000000e+00,0.000000000000000000e+00,0.000000000000000000e+00,0.000000000000000000e+00,0.000000000000000000e+00,0.000000000000000000e+00,0.000000000000000000e+00,0.000000000000000000e+00,0.000000000000000000e+00,0.000000000000000000e+00,0.000000000000000000e+00,0.000000000000000000e+00,0.000000000000000000e+00,0.000000000000000000e+00,0.000000000000000000e+00,0.000000000000000000e+00,0.000000000000000000e+00,0.000000000000000000e+00,0.000000000000000000e+00,0.000000000000000000e+00,0.000000000000000000e+00,0.000000000000000000e+00,0.000000000000000000e+00,0.000000000000000000e+00,0.000000000000000000e+00,1.000000000000000000e+00,1.979674708147073636e-01,-2.594704106871696947e-01,7.511544341293596716e-01,3.858048071152608283e-01,1.462330654497789595e-01,-3.387289034163409873e-01,-5.486961847755971178e-01,9.001389329001640016e-01,3.240359574854835834e-01,-5.271629515035174407e-01,3.950479255073587881e-01,-5.915103965846811862e-01,-5.412307099133139010e-01,7.616252441116548588e-02,9.815047198250119453e-02,1.524973720383074605e-01
0.000000000000000000e+00,0.000000000000000000e+00,0.000000000000000000e+00,0.000000000000000000e+00,0.000000000000000000e+00,0.000000000000000000e+00,0.000000000000000000e+00,0.000000000000000000e+00,0.000000000000000000e+00,0.000000000000000000e+00,0.000000000000000000e+00,0.000000000000000000e+00,0.000000000000000000e+00,0.000000000000000000e+00,0.000000000000000000e+00,0.000000000000000000e+00,0.000000000000000000e+00,0.000000000000000000e+00,0.000000000000000000e+00,0.000000000000000000e+00,0.000000000000000000e+00,0.000000000000000000e+00,0.000000000000000000e+00,0.000000000000000000e+00,0.000000000000000000e+00,0.000000000000000000e+00,0.000000000000000000e+00,0.000000000000000000e+00,0.000000000000000000e+00,0.000000000000000000e+00,0.000000000000000000e+00,0.000000000000000000e+00,0.000000000000000000e+00,0.000000000000000000e+00,0.000000000000000000e+00,0.000000000000000000e+00,0.000000000000000000e+00,0.000000000000000000e+00,0.000000000000000000e+00,0.000000000000000000e+00,0.000000000000000000e+00,0.000000000000000000e+00,0.000000000000000000e+00,0.000000000000000000e+00,0.000000000000000000e+00,0.000000000000000000e+00,0.000000000000000000e+00,0.000000000000000000e+00,0.000000000000000000e+00,0.000000000000000000e+00,0.000000000000000000e+00,0.000000000000000000e+00,0.000000000000000000e+00,0.000000000000000000e+00,0.000000000000000000e+00,0.000000000000000000e+00,0.000000000000000000e+00,0.000000000000000000e+00,0.000000000000000000e+00,0.000000000000000000e+00,0.000000000000000000e+00,0.000000000000000000e+00,0.000000000000000000e+00,0.000000000000000000e+00,0.000000000000000000e+00,0.000000000000000000e+00,0.000000000000000000e+00,0.000000000000000000e+00,0.000000000000000000e+00,0.000000000000000000e+00,0.000000000000000000e+00,0.000000000000000000e+00,0.000000000000000000e+00,0.000000000000000000e+00,0.000000000000000000e+00,0.000000000000000000e+00,0.000000000000000000e+00,0.000000000000000000e+00,0.000000000000000000e+00,0.000000000000000000e+00,0.000000000000000000e+00,0.000000000000000000e+00,0.000000000000000000e+00,0.000000000000000000e+00,1.000000000000000000e+00,-1.000000000000000000e+00,8.897565783388394767e-02,2.806340285044749416e-01,5.126808219235967634e-01,-1.444382735877365875e-01,5.452064955859876605e-01,2.973532802561948407e-01,1.000000000000000000e+00,-8.122729916355733160e-01,9.012045415769168177e-02,-9.771000994045739851e-01,4.135077439888568129e-01,9.079057594305809387e-01,3.221875908269227762e-01,2.096959937185736422e-01
0.000000000000000000e+00,0.000000000000000000e+00,0.000000000000000000e+00,0.000000000000000000e+00,0.000000000000000000e+00,0.000000000000000000e+00,0.000000000000000000e+00,0.000000000000000000e+00,0.000000000000000000e+00,0.000000000000000000e+00,0.000000000000000000e+00,0.000000000000000000e+00,0.000000000000000000e+00,0.000000000000000000e+00,0.000000000000000000e+00,0.000000000000000000e+00,0.000000000000000000e+00,0.000000000000000000e+00,0.000000000000000000e+00,0.000000000000000000e+00,0.000000000000000000e+00,0.000000000000000000e+00,0.000000000000000000e+00,0.000000000000000000e+00,0.000000000000000000e+00,0.000000000000000000e+00,0.000000000000000000e+00,0.000000000000000000e+00,0.000000000000000000e+00,0.000000000000000000e+00,0.000000000000000000e+00,0.000000000000000000e+00,0.000000000000000000e+00,0.000000000000000000e+00,0.000000000000000000e+00,0.000000000000000000e+00,0.000000000000000000e+00,0.000000000000000000e+00,0.000000000000000000e+00,0.000000000000000000e+00,0.000000000000000000e+00,0.000000000000000000e+00,0.000000000000000000e+00,0.000000000000000000e+00,0.000000000000000000e+00,0.000000000000000000e+00,0.000000000000000000e+00,0.000000000000000000e+00,0.000000000000000000e+00,0.000000000000000000e+00,0.000000000000000000e+00,0.000000000000000000e+00,0.000000000000000000e+00,0.000000000000000000e+00,0.000000000000000000e+00,0.000000000000000000e+00,0.000000000000000000e+00,0.000000000000000000e+00,0.000000000000000000e+00,0.000000000000000000e+00,0.000000000000000000e+00,0.000000000000000000e+00,0.000000000000000000e+00,0.000000000000000000e+00,0.000000000000000000e+00,0.000000000000000000e+00,0.000000000000000000e+00,0.000000000000000000e+00,0.000000000000000000e+00,0.000000000000000000e+00,0.000000000000000000e+00,0.000000000000000000e+00,0.000000000000000000e+00,0.000000000000000000e+00,0.000000000000000000e+00,0.000000000000000000e+00,0.000000000000000000e+00,0.000000000000000000e+00,0.000000000000000000e+00,0.000000000000000000e+00,0.000000000000000000e+00,0.000000000000000000e+00,0.000000000000000000e+00,0.000000000000000000e+00,0.000000000000000000e+00,1.000000000000000000e+00,1.620255140916337933e-01,-2.418324106812418106e-01,-4.056753635673800984e-01,2.185763468568943935e-01,-3.501888073105628996e-01,-1.082985755375061310e-01,-6.376623076430572024e-01,5.395502770432798467e-01,-1.645462756546574867e-01,6.067268508479363165e-01,-3.573554117722968493e-01,-3.775775288245555861e-01,-6.938745271386828617e-02,-8.326653375991725781e-02
0.000000000000000000e+00,0.000000000000000000e+00,0.000000000000000000e+00,0.000000000000000000e+00,0.000000000000000000e+00,0.000000000000000000e+00,0.000000000000000000e+00,0.000000000000000000e+00,0.000000000000000000e+00,0.000000000000000000e+00,0.000000000000000000e+00,0.000000000000000000e+00,0.000000000000000000e+00,0.000000000000000000e+00,0.000000000000000000e+00,0.000000000000000000e+00,0.000000000000000000e+00,0.000000000000000000e+00,0.000000000000000000e+00,0.000000000000000000e+00,0.000000000000000000e+00,0.000000000000000000e+00,0.000000000000000000e+00,0.000000000000000000e+00,0.000000000000000000e+00,0.000000000000000000e+00,0.000000000000000000e+00,0.000000000000000000e+00,0.000000000000000000e+00,0.000000000000000000e+00,0.000000000000000000e+00,0.000000000000000000e+00,0.000000000000000000e+00,0.000000000000000000e+00,0.000000000000000000e+00,0.000000000000000000e+00,0.000000000000000000e+00,0.000000000000000000e+00,0.000000000000000000e+00,0.000000000000000000e+00,0.000000000000000000e+00,0.000000000000000000e+00,0.000000000000000000e+00,0.000000000000000000e+00,0.000000000000000000e+00,0.000000000000000000e+00,0.000000000000000000e+00,0.000000000000000000e+00,0.000000000000000000e+00,0.000000000000000000e+00,0.000000000000000000e+00,0.000000000000000000e+00,0.000000000000000000e+00,0.000000000000000000e+00,0.000000000000000000e+00,0.000000000000000000e+00,0.000000000000000000e+00,0.000000000000000000e+00,0.000000000000000000e+00,0.000000000000000000e+00,0.000000000000000000e+00,0.000000000000000000e+00,0.000000000000000000e+00,0.000000000000000000e+00,0.000000000000000000e+00,0.000000000000000000e+00,0.000000000000000000e+00,0.000000000000000000e+00,0.000000000000000000e+00,0.000000000000000000e+00,0.000000000000000000e+00,0.000000000000000000e+00,0.000000000000000000e+00,0.000000000000000000e+00,0.000000000000000000e+00,0.000000000000000000e+00,0.000000000000000000e+00,0.000000000000000000e+00,0.000000000000000000e+00,0.000000000000000000e+00,0.000000000000000000e+00,0.000000000000000000e+00,0.000000000000000000e+00,0.000000000000000000e+00,0.000000000000000000e+00,0.000000000000000000e+00,1.000000000000000000e+00,-1.129188831804023470e-02,-1.984965698777183818e-01,5.665229783339831987e-02,-1.191752799406309155e-01,5.940782017655251712e-01,1.229830842000635832e-01,2.520767955212626157e-02,-1.929623674449217896e-01,-3.092480605262034055e-01,-4.793771262827942192e-01,2.443398413939736613e-01,3.513556978491030186e-02,1.038424167143644911e-01
0.000000000000000000e+00,0.000000000000000000e+00,0.000000000000000000e+00,0.000000000000000000e+00,0.000000000000000000e+00,0.000000000000000000e+00,0.000000000000000000e+00,0.000000000000000000e+00,0.000000000000000000e+00,0.000000000000000000e+00,0.000000000000000000e+00,0.000000000000000000e+00,0.000000000000000000e+00,0.000000000000000000e+00,0.000000000000000000e+00,0.000000000000000000e+00,0.000000000000000000e+00,0.000000000000000000e+00,0.000000000000000000e+00,0.000000000000000000e+00,0.000000000000000000e+00,0.000000000000000000e+00,0.000000000000000000e+00,0.000000000000000000e+00,0.000000000000000000e+00,0.000000000000000000e+00,0.000000000000000000e+00,0.000000000000000000e+00,0.000000000000000000e+00,0.000000000000000000e+00,0.000000000000000000e+00,0.000000000000000000e+00,0.000000000000000000e+00,0.000000000000000000e+00,0.000000000000000000e+00,0.000000000000000000e+00,0.000000000000000000e+00,0.000000000000000000e+00,0.000000000000000000e+00,0.000000000000000000e+00,0.000000000000000000e+00,0.000000000000000000e+00,0.000000000000000000e+00,0.000000000000000000e+00,0.000000000000000000e+00,0.000000000000000000e+00,0.000000000000000000e+00,0.000000000000000000e+00,0.000000000000000000e+00,0.000000000000000000e+00,0.000000000000000000e+00,0.000000000000000000e+00,0.000000000000000000e+00,0.000000000000000000e+00,0.000000000000000000e+00,0.000000000000000000e+00,0.000000000000000000e+00,0.000000000000000000e+00,0.000000000000000000e+00,0.000000000000000000e+00,0.000000000000000000e+00,0.000000000000000000e+00,0.000000000000000000e+00,0.000000000000000000e+00,0.000000000000000000e+00,0.000000000000000000e+00,0.000000000000000000e+00,0.000000000000000000e+00,0.000000000000000000e+00,0.000000000000000000e+00,0.000000000000000000e+00,0.000000000000000000e+00,0.000000000000000000e+00,0.000000000000000000e+00,0.000000000000000000e+00,0.000000000000000000e+00,0.000000000000000000e+00,0.000000000000000000e+00,0.000000000000000000e+00,0.000000000000000000e+00,0.000000000000000000e+00,0.000000000000000000e+00,0.000000000000000000e+00,0.000000000000000000e+00,0.000000000000000000e+00,0.000000000000000000e+00,0.000000000000000000e+00,1.000000000000000000e+00,7.198735395759092714e-01,-8.568722424615816680e-01,-8.178325114885283131e-01,9.705129685586401100e-01,8.375318816255824528e-01,-1.000000000000000000e+00,1.000000000000000000e+00,-8.948465671700599477e-01,-2.362313874925967071e-04,-1.902727308183686794e-01,-2.839087390770348995e-01,-9.672839525445123265e-02
0.000000000000000000e+00,0.000000000000000000e+00,0.000000000000000000e+00,0.000000000000000000e+00,0.000000000000000000e+00,0.000000000000000000e+00,0.000000000000000000e+00,0.000000000000000000e+00,0.000000000000000000e+00,0.000000000000000000e+00,0.000000000000000000e+00,0.000000000000000000e+00,0.000000000000000000e+00,0.000000000000000000e+00,0.000000000000000000e+00,0.000000000000000000e+00,0.000000000000000000e+00,0.000000000000000000e+00,0.000000000000000000e+00,0.000000000000000000e+00,0.000000000000000000e+00,0.000000000000000000e+00,0.000000000000000000e+00,0.000000000000000000e+00,0.000000000000000000e+00,0.000000000000000000e+00,0.000000000000000000e+00,0.000000000000000000e+00,0.000000000000000000e+00,0.000000000000000000e+00,0.000000000000000000e+00,0.000000000000000000e+00,0.000000000000000000e+00,0.000000000000000000e+00,0.000000000000000000e+00,0.000000000000000000e+00,0.000000000000000000e+00,0.000000000000000000e+00,0.000000000000000000e+00,0.000000000000000000e+00,0.000000000000000000e+00,0.000000000000000000e+00,0.000000000000000000e+00,0.000000000000000000e+00,0.000000000000000000e+00,0.000000000000000000e+00,0.000000000000000000e+00,0.000000000000000000e+00,0.000000000000000000e+00,0.000000000000000000e+00,0.000000000000000000e+00,0.000000000000000000e+00,0.000000000000000000e+00,0.000000000000000000e+00,0.000000000000000000e+00,0.000000000000000000e+00,0.000000000000000000e+00,0.000000000000000000e+00,0.000000000000000000e+00,0.000000000000000000e+00,0.000000000000000000e+00,0.000000000000000000e+00,0.000000000000000000e+00,0.000000000000000000e+00,0.000000000000000000e+00,0.000000000000000000e+00,0.000000000000000000e+00,0.000000000000000000e+00,0.000000000000000000e+00,0.000000000000000000e+00,0.000000000000000000e+00,0.000000000000000000e+00,0.000000000000000000e+00,0.000000000000000000e+00,0.000000000000000000e+00,0.000000000000000000e+00,0.000000000000000000e+00,0.000000000000000000e+00,0.000000000000000000e+00,0.000000000000000000e+00,0.000000000000000000e+00,0.000000000000000000e+00,0.000000000000000000e+00,0.000000000000000000e+00,0.000000000000000000e+00,0.000000000000000000e+00,0.000000000000000000e+00,0.000000000000000000e+00,1.000000000000000000e+00,-7.813361625192503102e-01,2.082300049451558388e-01,-4.560185350265545945e-01,1.000000000000000000e+00,-9.451072367831466758e-01,1.876530129090586974e-01,-9.345833197327005903e-01,6.984855830495630968e-01,6.054463195833481581e-01,6.002458152321965557e-01,4.113494089405222986e-01
0.000000000000000000e+00,0.000000000000000000e+00,0.000000000000000000e+00,0.000000000000000000e+00,0.000000000000000000e+00,0.000000000000000000e+00,0.000000000000000000e+00,0.000000000000000000e+00,0.000000000000000000e+00,0.000000000000000000e+00,0.000000000000000000e+00,0.000000000000000000e+00,0.000000000000000000e+00,0.000000000000000000e+00,0.000000000000000000e+00,0.000000000000000000e+00,0.000000000000000000e+00,0.000000000000000000e+00,0.000000000000000000e+00,0.000000000000000000e+00,0.000000000000000000e+00,0.000000000000000000e+00,0.000000000000000000e+00,0.000000000000000000e+00,0.000000000000000000e+00,0.000000000000000000e+00,0.000000000000000000e+00,0.000000000000000000e+00,0.000000000000000000e+00,0.000000000000000000e+00,0.000000000000000000e+00,0.000000000000000000e+00,0.000000000000000000e+00,0.000000000000000000e+00,0.000000000000000000e+00,0.000000000000000000e+00,0.000000000000000000e+00,0.000000000000000000e+00,0.000000000000000000e+00,0.000000000000000000e+00,0.000000000000000000e+00,0.000000000000000000e+00,0.000000000000000000e+00,0.000000000000000000e+00,0.000000000000000000e+00,0.000000000000000000e+00,0.000000000000000000e+00,0.000000000000000000e+00,0.000000000000000000e+00,0.000000000000000000e+00,0.000000000000000000e+00,0.000000000000000000e+00,0.000000000000000000e+00,0.000000000000000000e+00,0.000000000000000000e+00,0.000000000000000000e+00,0.000000000000000000e+00,0.000000000000000000e+00,0.000000000000000000e+00,0.000000000000000000e+00,0.000000000000000000e+00,0.000000000000000000e+00,0.000000000000000000e+00,0.000000000000000000e+00,0.000000000000000000e+00,0.000000000000000000e+00,0.000000000000000000e+00,0.000000000000000000e+00,0.000000000000000000e+00,0.000000000000000000e+00,0.000000000000000000e+00,0.000000000000000000e+00,0.000000000000000000e+00,0.000000000000000000e+00,0.000000000000000000e+00,0.000000000000000000e+00,0.000000000000000000e+00,0.000000000000000000e+00,0.000000000000000000e+00,0.000000000000000000e+00,0.000000000000000000e+00,0.000000000000000000e+00,0.000000000000000000e+00,0.000000000000000000e+00,0.000000000000000000e+00,0.000000000000000000e+00,0.000000000000000000e+00,0.000000000000000000e+00,0.000000000000000000e+00,1.000000000000000000e+00,1.253031894217321585e-01,1.978633145367493240e-01,-4.848333894301543046e-01,4.486870299151317631e-01,-8.545227352895946871e-02,6.379305032585581570e-01,-7.104043435008097762e-02,1.989740790065835652e-01,3.273325151271696543e-01,-2.143492159229536675e-01
0.000000000000000000e+00,0.000000000000000000e+00,0.000000000000000000e+00,0.000000000000000000e+00,0.000000000000000000e+00,0.000000000000000000e+00,0.000000000000000000e+00,0.000000000000000000e+00,0.000000000000000000e+00,0.000000000000000000e+00,0.000000000000000000e+00,0.000000000000000000e+00,0.000000000000000000e+00,0.000000000000000000e+00,0.000000000000000000e+00,0.000000000000000000e+00,0.000000000000000000e+00,0.000000000000000000e+00,0.000000000000000000e+00,0.000000000000000000e+00,0.000000000000000000e+00,0.000000000000000000e+00,0.000000000000000000e+00,0.000000000000000000e+00,0.000000000000000000e+00,0.000000000000000000e+00,0.000000000000000000e+00,0.000000000000000000e+00,0.000000000000000000e+00,0.000000000000000000e+00,0.000000000000000000e+00,0.000000000000000000e+00,0.000000000000000000e+00,0.000000000000000000e+00,0.000000000000000000e+00,0.000000000000000000e+00,0.000000000000000000e+00,0.000000000000000000e+00,0.000000000000000000e+00,0.000000000000000000e+00,0.000000000000000000e+00,0.000000000000000000e+00,0.000000000000000000e+00,0.000000000000000000e+00,0.000000000000000000e+00,0.000000000000000000e+00,0.000000000000000000e+00,0.000000000000000000e+00,0.000000000000000000e+00,0.000000000000000000e+00,0.000000000000000000e+00,0.000000000000000000e+00,0.000000000000000000e+00,0.000000000000000000e+00,0.000000000000000000e+00,0.000000000000000000e+00,0.000000000000000000e+00,0.000000000000000000e+00,0.000000000000000000e+00,0.000000000000000000e+00,0.000000000000000000e+00,0.000000000000000000e+00,0.000000000000000000e+00,0.000000000000000000e+00,0.000000000000000000e+00,0.000000000000000000e+00,0.000000000000000000e+00,0.000000000000000000e+00,0.000000000000000000e+00,0.000000000000000000e+00,0.000000000000000000e+00,0.000000000000000000e+00,0.000000000000000000e+00,0.000000000000000000e+00,0.000000000000000000e+00,0.000000000000000000e+00,0.000000000000000000e+00,0.000000000000000000e+00,0.000000000000000000e+00,0.000000000000000000e+00,0.000000000000000000e+00,0.000000000000000000e+00,0.000000000000000000e+00,0.000000000000000000e+00,0.000000000000000000e+00,0.000000000000000000e+00,0.000000000000000000e+00,0.000000000000000000e+00,0.000000000000000000e+00,0.000000000000000000e+00,1.000000000000000000e+00,-1.567583181294887051e-01,2.862780770541679121e-01,6.271238870328640913e-02,-1.946250441459195513e-01,-3.710778825113809631e-01,3.590842121901796080e-01,3.073836293995720892e-01,-2.581162065631428804e-01,8.284653543068143389e-02
0.000000000000000000e+00,0.000000000000000000e+00,0.000000000000000000e+00,0.000000000000000000e+00,0.000000000000000000e+00,0.000000000000000000e+00,0.000000000000000000e+00,0.000000000000000000e+00,0.000000000000000000e+00,0.000000000000000000e+00,0.000000000000000000e+00,0.000000000000000000e+00,0.000000000000000000e+00,0.000000000000000000e+00,0.000000000000000000e+00,0.000000000000000000e+00,0.000000000000000000e+00,0.000000000000000000e+00,0.000000000000000000e+00,0.000000000000000000e+00,0.000000000000000000e+00,0.000000000000000000e+00,0.000000000000000000e+00,0.000000000000000000e+00,0.000000000000000000e+00,0.000000000000000000e+00,0.000000000000000000e+00,0.000000000000000000e+00,0.000000000000000000e+00,0.000000000000000000e+00,0.000000000000000000e+00,0.000000000000000000e+00,0.000000000000000000e+00,0.000000000000000000e+00,0.000000000000000000e+00,0.000000000000000000e+00,0.000000000000000000e+00,0.000000000000000000e+00,0.000000000000000000e+00,0.000000000000000000e+00,0.000000000000000000e+00,0.000000000000000000e+00,0.000000000000000000e+00,0.000000000000000000e+00,0.000000000000000000e+00,0.000000000000000000e+00,0.000000000000000000e+00,0.000000000000000000e+00,0.000000000000000000e+00,0.000000000000000000e+00,0.000000000000000000e+00,0.000000000000000000e+00,0.000000000000000000e+00,0.000000000000000000e+00,0.000000000000000000e+00,0.000000000000000000e+00,0.000000000000000000e+00,0.000000000000000000e+00,0.000000000000000000e+00,0.000000000000000000e+00,0.000000000000000000e+00,0.000000000000000000e+00,0.000000000000000000e+00,0.000000000000000000e+00,0.000000000000000000e+00,0.000000000000000000e+00,0.000000000000000000e+00,0.000000000000000000e+00,0.000000000000000000e+00,0.000000000000000000e+00,0.000000000000000000e+00,0.000000000000000000e+00,0.000000000000000000e+00,0.000000000000000000e+00,0.000000000000000000e+00,0.000000000000000000e+00,0.000000000000000000e+00,0.000000000000000000e+00,0.000000000000000000e+00,0.000000000000000000e+00,0.000000000000000000e+00,0.000000000000000000e+00,0.000000000000000000e+00,0.000000000000000000e+00,0.000000000000000000e+00,0.000000000000000000e+00,0.000000000000000000e+00,0.000000000000000000e+00,0.000000000000000000e+00,0.000000000000000000e+00,0.000000000000000000e+00,1.000000000000000000e+00,6.582842587453055505e-02,-1.806231916637244528e-01,2.258477527184732936e-01,-2.312408880884236351e-01,-4.611263469864996800e-01,4.801096801629858163e-02,-2.708635155702081576e-01,-9.028152034063130493e-02
0.000000000000000000e+00,0.000000000000000000e+00,0.000000000000000000e+00,0.000000000000000000e+00,0.000000000000000000e+00,0.000000000000000000e+00,0.000000000000000000e+00,0.000000000000000000e+00,0.000000000000000000e+00,0.000000000000000000e+00,0.000000000000000000e+00,0.000000000000000000e+00,0.000000000000000000e+00,0.000000000000000000e+00,0.000000000000000000e+00,0.000000000000000000e+00,0.000000000000000000e+00,0.000000000000000000e+00,0.000000000000000000e+00,0.000000000000000000e+00,0.000000000000000000e+00,0.000000000000000000e+00,0.000000000000000000e+00,0.000000000000000000e+00,0.000000000000000000e+00,0.000000000000000000e+00,0.000000000000000000e+00,0.000000000000000000e+00,0.000000000000000000e+00,0.000000000000000000e+00,0.000000000000000000e+00,0.000000000000000000e+00,0.000000000000000000e+00,0.000000000000000000e+00,0.000000000000000000e+00,0.000000000000000000e+00,0.000000000000000000e+00,0.000000000000000000e+00,0.000000000000000000e+00,0.000000000000000000e+00,0.000000000000000000e+00,0.000000000000000000e+00,0.000000000000000000e+00,0.000000000000000000e+00,0.000000000000000000e+00,0.000000000000000000e+00,0.000000000000000000e+00,0.000000000000000000e+00,0.000000000000000000e+00,0.000000000000000000e+00,0.000000000000000000e+00,0.000000000000000000e+00,0.000000000000000000e+00,0.000000000000000000e+00,0.000000000000000000e+00,0.000000000000000000e+00,0.000000000000000000e+00,0.000000000000000000e+00,0.000000000000000000e+00,0.000000000000000000e+00,0.000000000000000000e+00,0.000000000000000000e+00,0.000000000000000000e+00,0.000000000000000000e+00,0.000000000000000000e+00,0.000000000000000000e+00,0.000000000000000000e+00,0.000000000000000000e+00,0.000000000000000000e+00,0.000000000000000000e+00,0.000000000000000000e+00,0.000000000000000000e+00,0.000000000000000000e+00,0.000000000000000000e+00,0.000000000000000000e+00,0.000000000000000000e+00,0.000000000000000000e+00,0.000000000000000000e+00,0.000000000000000000e+00,0.000000000000000000e+00,0.000000000000000000e+00,0.000000000000000000e+00,0.000000000000000000e+00,0.000000000000000000e+00,0.000000000000000000e+00,0.000000000000000000e+00,0.000000000000000000e+00,0.000000000000000000e+00,0.000000000000000000e+00,0.000000000000000000e+00,0.000000000000000000e+00,0.000000000000000000e+00,1.000000000000000000e+00,-6.766403346873248736e-01,-1.076615310648105506e-01,-1.000000000000000000e+00,2.738927312517528967e-01,8.459019389067653494e-01,5.003190146545717365e-01,3.520666766451199248e-01
0.000000000000000000e+00,0.000000000000000000e+00,0.000000000000000000e+00,0.000000000000000000e+00,0.000000000000000000e+00,0.000000000000000000e+00,0.000000000000000000e+00,0.000000000000000000e+00,0.000000000000000000e+00,0.000000000000000000e+00,0.000000000000000000e+00,0.000000000000000000e+00,0.000000000000000000e+00,0.000000000000000000e+00,0.000000000000000000e+00,0.000000000000000000e+00,0.000000000000000000e+00,0.000000000000000000e+00,0.000000000000000000e+00,0.000000000000000000e+00,0.000000000000000000e+00,0.000000000000000000e+00,0.000000000000000000e+00,0.000000000000000000e+00,0.000000000000000000e+00,0.000000000000000000e+00,0.000000000000000000e+00,0.000000000000000000e+00,0.000000000000000000e+00,0.000000000000000000e+00,0.000000000000000000e+00,0.000000000000000000e+00,0.000000000000000000e+00,0.000000000000000000e+00,0.000000000000000000e+00,0.000000000000000000e+00,0.000000000000000000e+00,0.000000000000000000e+00,0.000000000000000000e+00,0.000000000000000000e+00,0.000000000000000000e+00,0.000000000000000000e+00,0.000000000000000000e+00,0.000000000000000000e+00,0.000000000000000000e+00,0.000000000000000000e+00,0.000000000000000000e+00,0.000000000000000000e+00,0.000000000000000000e+00,0.000000000000000000e+00,0.000000000000000000e+00,0.000000000000000000e+00,0.000000000000000000e+00,0.000000000000000000e+00,0.000000000000000000e+00,0.000000000000000000e+00,0.000000000000000000e+00,0.000000000000000000e+00,0.000000000000000000e+00,0.000000000000000000e+00,0.000000000000000000e+00,0.000000000000000000e+00,0.000000000000000000e+00,0.000000000000000000e+00,0.000000000000000000e+00,0.000000000000000000e+00,0.000000000000000000e+00,0.000000000000000000e+00,0.000000000000000000e+00,0.000000000000000000e+00,0.000000000000000000e+00,0.000000000000000000e+00,0.000000000000000000e+00,0.000000000000000000e+00,0.000000000000000000e+00,0.000000000000000000e+00,0.000000000000000000e+00,0.000000000000000000e+00,0.000000000000000000e+00,0.000000000000000000e+00,0.000000000000000000e+00,0.000000000000000000e+00,0.000000000000000000e+00,0.000000000000000000e+00,0.000000000000000000e+00,0.000000000000000000e+00,0.000000000000000000e+00,0.000000000000000000e+00,0.000000000000000000e+00,0.000000000000000000e+00,0.000000000000000000e+00,0.000000000000000000e+00,0.000000000000000000e+00,1.000000000000000000e+00,-3.795147333562652325e-01,8.431014473615814353e-01,-1.571780013347774396e-01,-6.123421538579710832e-01,-4.384771656729328781e-01,-1.930726795565389786e-01
0.000000000000000000e+00,0.000000000000000000e+00,0.000000000000000000e+00,0.000000000000000000e+00,0.000000000000000000e+00,0.000000000000000000e+00,0.000000000000000000e+00,0.000000000000000000e+00,0.000000000000000000e+00,0.000000000000000000e+00,0.000000000000000000e+00,0.000000000000000000e+00,0.000000000000000000e+00,0.000000000000000000e+00,0.000000000000000000e+00,0.000000000000000000e+00,0.000000000000000000e+00,0.000000000000000000e+00,0.000000000000000000e+00,0.000000000000000000e+00,0.000000000000000000e+00,0.000000000000000000e+00,0.000000000000000000e+00,0.000000000000000000e+00,0.000000000000000000e+00,0.000000000000000000e+00,0.000000000000000000e+00,0.000000000000000000e+00,0.000000000000000000e+00,0.000000000000000000e+00,0.000000000000000000e+00,0.000000000000000000e+00,0.000000000000000000e+00,0.000000000000000000e+00,0.000000000000000000e+00,0.000000000000000000e+00,0.000000000000000000e+00,0.000000000000000000e+00,0.000000000000000000e+00,0.000000000000000000e+00,0.000000000000000000e+00,0.000000000000000000e+00,0.000000000000000000e+00,0.000000000000000000e+00,0.000000000000000000e+00,0.000000000000000000e+00,0.000000000000000000e+00,0.000000000000000000e+00,0.000000000000000000e+00,0.000000000000000000e+00,0.000000000000000000e+00,0.000000000000000000e+00,0.000000000000000000e+00,0.000000000000000000e+00,0.000000000000000000e+00,0.000000000000000000e+00,0.000000000000000000e+00,0.000000000000000000e+00,0.000000000000000000e+00,0.000000000000000000e+00,0.000000000000000000e+00,0.000000000000000000e+00,0.000000000000000000e+00,0.000000000000000000e+00,0.000000000000000000e+00,0.000000000000000000e+00,0.000000000000000000e+00,0.000000000000000000e+00,0.000000000000000000e+00,0.000000000000000000e+00,0.000000000000000000e+00,0.000000000000000000e+00,0.000000000000000000e+00,0.000000000000000000e+00,0.000000000000000000e+00,0.000000000000000000e+00,0.000000000000000000e+00,0.000000000000000000e+00,0.000000000000000000e+00,0.000000000000000000e+00,0.000000000000000000e+00,0.000000000000000000e+00,0.000000000000000000e+00,0.000000000000000000e+00,0.000000000000000000e+00,0.000000000000000000e+00,0.000000000000000000e+00,0.000000000000000000e+00,0.000000000000000000e+00,0.000000000000000000e+00,0.000000000000000000e+00,0.000000000000000000e+00,0.000000000000000000e+00,0.000000000000000000e+00,1.000000000000000000e+00,2.940659114136174104e-02,2.349197793786097707e-02,-6.635969079171968321e-01,-5.323773422576456582e-01,-3.160817739539220628e-01
0.000000000000000000e+00,0.000000000000000000e+00,0.000000000000000000e+00,0.000000000000000000e+00,0.000000000000000000e+00,0.000000000000000000e+00,0.000000000000000000e+00,0.000000000000000000e+00,0.000000000000000000e+00,0.000000000000000000e+00,0.000000000000000000e+00,0.000000000000000000e+00,0.000000000000000000e+00,0.000000000000000000e+00,0.000000000000000000e+00,0.000000000000000000e+00,0.000000000000000000e+00,0.000000000000000000e+00,0.000000000000000000e+00,0.000000000000000000e+00,0.000000000000000000e+00,0.000000000000000000e+00,0.000000000000000000e+00,0.000000000000000000e+00,0.000000000000000000e+00,0.000000000000000000e+00,0.000000000000000000e+00,0.000000000000000000e+00,0.000000000000000000e+00,0.000000000000000000e+00,0.000000000000000000e+00,0.000000000000000000e+00,0.000000000000000000e+00,0.000000000000000000e+00,0.000000000000000000e+00,0.000000000000000000e+00,0.000000000000000000e+00,0.000000000000000000e+00,0.000000000000000000e+00,0.000000000000000000e+00,0.000000000000000000e+00,0.000000000000000000e+00,0.000000000000000000e+00,0.000000000000000000e+00,0.000000000000000000e+00,0.000000000000000000e+00,0.000000000000000000e+00,0.000000000000000000e+00,0.000000000000000000e+00,0.000000000000000000e+00,0.000000000000000000e+00,0.000000000000000000e+00,0.000000000000000000e+00,0.000000000000000000e+00,0.000000000000000000e+00,0.000000000000000000e+00,0.000000000000000000e+00,0.000000000000000000e+00,0.000000000000000000e+00,0.000000000000000000e+00,0.000000000000000000e+00,0.000000000000000000e+00,0.000000000000000000e+00,0.000000000000000000e+00,0.000000000000000000e+00,0.000000000000000000e+00,0.000000000000000000e+00,0.000000000000000000e+00,0.000000000000000000e+00,0.000000000000000000e+00,0.000000000000000000e+00,0.000000000000000000e+00,0.000000000000000000e+00,0.000000000000000000e+00,0.000000000000000000e+00,0.000000000000000000e+00,0.000000000000000000e+00,0.000000000000000000e+00,0.000000000000000000e+00,0.000000000000000000e+00,0.000000000000000000e+00,0.000000000000000000e+00,0.000000000000000000e+00,0.000000000000000000e+00,0.000000000000000000e+00,0.000000000000000000e+00,0.000000000000000000e+00,0.000000000000000000e+00,0.000000000000000000e+00,0.000000000000000000e+00,0.000000000000000000e+00,0.000000000000000000e+00,0.000000000000000000e+00,0.000000000000000000e+00,0.000000000000000000e+00,1.000000000000000000e+00,-8.339008147906931678e-02,-5.235274884975639198e-01,-1.812774025448291582e-01,-2.736445207660712642e-01
0.000000000000000000e+00,0.000000000000000000e+00,0.000000000000000000e+00,0.000000000000000000e+00,0.000000000000000000e+00,0.000000000000000000e+00,0.000000000000000000e+00,0.000000000000000000e+00,0.000000000000000000e+00,0.000000000000000000e+00,0.000000000000000000e+00,0.000000000000000000e+00,0.000000000000000000e+00,0.000000000000000000e+00,0.000000000000000000e+00,0.000000000000000000e+00,0.000000000000000000e+00,0.000000000000000000e+00,0.000000000000000000e+00,0.000000000000000000e+00,0.000000000000000000e+00,0.000000000000000000e+00,0.000000000000000000e+00,0.000000000000000000e+00,0.000000000000000000e+00,0.000000000000000000e+00,0.000000000000000000e+00,0.000000000000000000e+00,0.000000000000000000e+00,0.000000000000000000e+00,0.000000000000000000e+00,0.000000000000000000e+00,0.000000000000000000e+00,0.000000000000000000e+00,0.000000000000000000e+00,0.000000000000000000e+00,0.000000000000000000e+00,0.000000000000000000e+00,0.000000000000000000e+00,0.000000000000000000e+00,0.000000000000000000e+00,0.000000000000000000e+00,0.000000000000000000e+00,0.000000000000000000e+00,0.000000000000000000e+00,0.000000000000000000e+00,0.000000000000000000e+00,0.000000000000000000e+00,0.000000000000000000e+00,0.000000000000000000e+00,0.000000000000000000e+00,0.000000000000000000e+00,0.000000000000000000e+00,0.000000000000000000e+00,0.000000000000000000e+00,0.000000000000000000e+00,0.000000000000000000e+00,0.000000000000000000e+00,0.000000000000000000e+00,0.000000000000000000e+00,0.000000000000000000e+00,0.000000000000000000e+00,0.000000000000000000e+00,0.000000000000000000e+00,0.000000000000000000e+00,0.000000000000000000e+00,0.000000000000000000e+00,0.000000000000000000e+00,0.000000000000000000e+00,0.000000000000000000e+00,0.000000000000000000e+00,0.000000000000000000e+00,0.000000000000000000e+00,0.000000000000000000e+00,0.000000000000000000e+00,0.000000000000000000e+00,0.000000000000000000e+00,0.000000000000000000e+00,0.000000000000000000e+00,0.000000000000000000e+00,0.000000000000000000e+00,0.000000000000000000e+00,0.000000000000000000e+00,0.000000000000000000e+00,0.000000000000000000e+00,0.000000000000000000e+00,0.000000000000000000e+00,0.000000000000000000e+00,0.000000000000000000e+00,0.000000000000000000e+00,0.000000000000000000e+00,0.000000000000000000e+00,0.000000000000000000e+00,0.000000000000000000e+00,0.000000000000000000e+00,0.000000000000000000e+00,1.000000000000000000e+00,1.092207626665767928e-01,4.710425471729103725e-02,7.559149520372887392e-03
0.000000000000000000e+00,0.000000000000000000e+00,0.000000000000000000e+00,0.000000000000000000e+00,0.000000000000000000e+00,0.000000000000000000e+00,0.000000000000000000e+00,0.000000000000000000e+00,0.000000000000000000e+00,0.000000000000000000e+00,0.000000000000000000e+00,0.000000000000000000e+00,0.000000000000000000e+00,0.000000000000000000e+00,0.000000000000000000e+00,0.000000000000000000e+00,0.000000000000000000e+00,0.000000000000000000e+00,0.000000000000000000e+00,0.000000000000000000e+00,0.000000000000000000e+00,0.000000000000000000e+00,0.000000000000000000e+00,0.000000000000000000e+00,0.000000000000000000e+00,0.000000000000000000e+00,0.000000000000000000e+00,0.000000000000000000e+00,0.000000000000000000e+00,0.000000000000000000e+00,0.000000000000000000e+00,0.000000000000000000e+00,0.000000000000000000e+00,0.000000000000000000e+00,0.000000000000000000e+00,0.000000000000000000e+00,0.000000000000000000e+00,0.000000000000000000e+00,0.000000000000000000e+00,0.000000000000000000e+00,0.000000000000000000e+00,0.000000000000000000e+00,0.000000000000000000e+00,0.000000000000000000e+00,0.000000000000000000e+00,0.000000000000000000e+00,0.000000000000000000e+00,0.000000000000000000e+00,0.000000000000000000e+00,0.000000000000000000e+00,0.000000000000000000e+00,0.000000000000000000e+00,0.000000000000000000e+00,0.000000000000000000e+00,0.000000000000000000e+00,0.000000000000000000e+00,0.000000000000000000e+00,0.000000000000000000e+00,0.000000000000000000e+00,0.000000000000000000e+00,0.000000000000000000e+00,0.000000000000000000e+00,0.000000000000000000e+00,0.000000000000000000e+00,0.000000000000000000e+00,0.000000000000000000e+00,0.000000000000000000e+00,0.000000000000000000e+00,0.000000000000000000e+00,0.000000000000000000e+00,0.000000000000000000e+00,0.000000000000000000e+00,0.000000000000000000e+00,0.000000000000000000e+00,0.000000000000000000e+00,0.000000000000000000e+00,0.000000000000000000e+00,0.000000000000000000e+00,0.000000000000000000e+00,0.000000000000000000e+00,0.000000000000000000e+00,0.000000000000000000e+00,0.000000000000000000e+00,0.000000000000000000e+00,0.000000000000000000e+00,0.000000000000000000e+00,0.000000000000000000e+00,0.000000000000000000e+00,0.000000000000000000e+00,0.000000000000000000e+00,0.000000000000000000e+00,0.000000000000000000e+00,0.000000000000000000e+00,0.000000000000000000e+00,0.000000000000000000e+00,0.000000000000000000e+00,0.000000000000000000e+00,1.000000000000000000e+00,8.822385595736599306e-01,3.001399858375063401e-01
0.000000000000000000e+00,0.000000000000000000e+00,0.000000000000000000e+00,0.000000000000000000e+00,0.000000000000000000e+00,0.000000000000000000e+00,0.000000000000000000e+00,0.000000000000000000e+00,0.000000000000000000e+00,0.000000000000000000e+00,0.000000000000000000e+00,0.000000000000000000e+00,0.000000000000000000e+00,0.000000000000000000e+00,0.000000000000000000e+00,0.000000000000000000e+00,0.000000000000000000e+00,0.000000000000000000e+00,0.000000000000000000e+00,0.000000000000000000e+00,0.000000000000000000e+00,0.000000000000000000e+00,0.000000000000000000e+00,0.000000000000000000e+00,0.000000000000000000e+00,0.000000000000000000e+00,0.000000000000000000e+00,0.000000000000000000e+00,0.000000000000000000e+00,0.000000000000000000e+00,0.000000000000000000e+00,0.000000000000000000e+00,0.000000000000000000e+00,0.000000000000000000e+00,0.000000000000000000e+00,0.000000000000000000e+00,0.000000000000000000e+00,0.000000000000000000e+00,0.000000000000000000e+00,0.000000000000000000e+00,0.000000000000000000e+00,0.000000000000000000e+00,0.000000000000000000e+00,0.000000000000000000e+00,0.000000000000000000e+00,0.000000000000000000e+00,0.000000000000000000e+00,0.000000000000000000e+00,0.000000000000000000e+00,0.000000000000000000e+00,0.000000000000000000e+00,0.000000000000000000e+00,0.000000000000000000e+00,0.000000000000000000e+00,0.000000000000000000e+00,0.000000000000000000e+00,0.000000000000000000e+00,0.000000000000000000e+00,0.000000000000000000e+00,0.000000000000000000e+00,0.000000000000000000e+00,0.000000000000000000e+00,0.000000000000000000e+00,0.000000000000000000e+00,0.000000000000000000e+00,0.000000000000000000e+00,0.000000000000000000e+00,0.000000000000000000e+00,0.000000000000000000e+00,0.000000000000000000e+00,0.000000000000000000e+00,0.000000000000000000e+00,0.000000000000000000e+00,0.000000000000000000e+00,0.000000000000000000e+00,0.000000000000000000e+00,0.000000000000000000e+00,0.000000000000000000e+00,0.000000000000000000e+00,0.000000000000000000e+00,0.000000000000000000e+00,0.000000000000000000e+00,0.000000000000000000e+00,0.000000000000000000e+00,0.000000000000000000e+00,0.000000000000000000e+00,0.000000000000000000e+00,0.000000000000000000e+00,0.000000000000000000e+00,0.000000000000000000e+00,0.000000000000000000e+00,0.000000000000000000e+00,0.000000000000000000e+00,0.000000000000000000e+00,0.000000000000000000e+00,0.000000000000000000e+00,0.000000000000000000e+00,0.000000000000000000e+00,1.000000000000000000e+00,2.248460956069167349e-01
0.000000000000000000e+00,0.000000000000000000e+00,0.000000000000000000e+00,0.000000000000000000e+00,0.000000000000000000e+00,0.000000000000000000e+00,0.000000000000000000e+00,0.000000000000000000e+00,0.000000000000000000e+00,0.000000000000000000e+00,0.000000000000000000e+00,0.000000000000000000e+00,0.000000000000000000e+00,0.000000000000000000e+00,0.000000000000000000e+00,0.000000000000000000e+00,0.000000000000000000e+00,0.000000000000000000e+00,0.000000000000000000e+00,0.000000000000000000e+00,0.000000000000000000e+00,0.000000000000000000e+00,0.000000000000000000e+00,0.000000000000000000e+00,0.000000000000000000e+00,0.000000000000000000e+00,0.000000000000000000e+00,0.000000000000000000e+00,0.000000000000000000e+00,0.000000000000000000e+00,0.000000000000000000e+00,0.000000000000000000e+00,0.000000000000000000e+00,0.000000000000000000e+00,0.000000000000000000e+00,0.000000000000000000e+00,0.000000000000000000e+00,0.000000000000000000e+00,0.000000000000000000e+00,0.000000000000000000e+00,0.000000000000000000e+00,0.000000000000000000e+00,0.000000000000000000e+00,0.000000000000000000e+00,0.000000000000000000e+00,0.000000000000000000e+00,0.000000000000000000e+00,0.000000000000000000e+00,0.000000000000000000e+00,0.000000000000000000e+00,0.000000000000000000e+00,0.000000000000000000e+00,0.000000000000000000e+00,0.000000000000000000e+00,0.000000000000000000e+00,0.000000000000000000e+00,0.000000000000000000e+00,0.000000000000000000e+00,0.000000000000000000e+00,0.000000000000000000e+00,0.000000000000000000e+00,0.000000000000000000e+00,0.000000000000000000e+00,0.000000000000000000e+00,0.000000000000000000e+00,0.000000000000000000e+00,0.000000000000000000e+00,0.000000000000000000e+00,0.000000000000000000e+00,0.000000000000000000e+00,0.000000000000000000e+00,0.000000000000000000e+00,0.000000000000000000e+00,0.000000000000000000e+00,0.000000000000000000e+00,0.000000000000000000e+00,0.000000000000000000e+00,0.000000000000000000e+00,0.000000000000000000e+00,0.000000000000000000e+00,0.000000000000000000e+00,0.000000000000000000e+00,0.000000000000000000e+00,0.000000000000000000e+00,0.000000000000000000e+00,0.000000000000000000e+00,0.000000000000000000e+00,0.000000000000000000e+00,0.000000000000000000e+00,0.000000000000000000e+00,0.000000000000000000e+00,0.000000000000000000e+00,0.000000000000000000e+00,0.000000000000000000e+00,0.000000000000000000e+00,0.000000000000000000e+00,0.000000000000000000e+00,0.000000000000000000e+00,0.000000000000000000e+00,1.000000000000000000e+00
