1.000000000000000000e+00,-1.000000000000000000e+00,-1.000000000000000000e+00,-1.000000000000000000e+00,-1.000000000000000000e+00,-1.000000000000000000e+00,-1.000000000000000000e+00,-1.000000000000000000e+00,-1.000000000000000000e+00,-1.000000000000000000e+00,-1.000000000000000000e+00,-1.000000000000000000e+00,-1.000000000000000000e+00,-1.000000000000000000e+00,-1.000000000000000000e+00,-1.000000000000000000e+00,1.000000000000000000e+00,-1.000000000000000000e+00,-1.000000000000000000e+00,-1.000000000000000000e+00,-1.000000000000000000e+00,1.000000000000000000e+00,1.000000000000000000e+00,-1.000000000000000000e+00,1.000000000000000000e+00,-1.000000000000000000e+00,-1.000000000000000000e+00,-1.000000000000000000e+00,-4.613162240042531503e-01,1.000000000000000000e+00,1.000000000000000000e+00,-1.000000000000000000e+00,-1.000000000000000000e+00,-1.000000000000000000e+00,-1.000000000000000000e+00,-1.000000000000000000e+00,-1.000000000000000000e+00,-1.000000000000000000e+00,-1.000000000000000000e+00,-1.000000000000000000e+00,-1.000000000000000000e+00,-1.000000000000000000e+00,-1.000000000000000000e+00,1.000000000000000000e+00,-1.000000000000000000e+00,1.000000000000000000e+00,-1.000000000000000000e+00,-1.000000000000000000e+00,1.000000000000000000e+00,1.000000000000000000e+00,-1.000000000000000000e+00,-1.000000000000000000e+00,-1.000000000000000000e+00,1.000000000000000000e+00,-1.000000000000000000e+00,-1.000000000000000000e+00,-1.000000000000000000e+00,-1.000000000000000000e+00,-1.000000000000000000e+00,1.000000000000000000e+00,1.000000000000000000e+00,-1.000000000000000000e+00,1.000000000000000000e+00,1.000000000000000000e+00,-1.000000000000000000e+00,-1.000000000000000000e+00,-1.000000000000000000e+00,-1.000000000000000000e+00,-1.000000000000000000e+00,-1.000000000000000000e+00,-1.000000000000000000e+00,-1.000000000000000000e+00,1.000000000000000000e+00,-1.000000000000000000e+00,-1.000000000000000000e+00,1.000000000000000000e+00,1.000000000000000000e+00,1.000000000000000000e+00,-1.000000000000000000e+00,1.000000000000000000e+00,-1.000000000000000000e+00,1.000000000000000000e+00,-1.000000000000000000e+00,-1.000000000000000000e+00,-1.000000000000000000e+00,1.000000000000000000e+00,-1.000000000000000000e+00,-1.000000000000000000e+00,-1.000000000000000000e+00,-1.000000000000000000e+00,1.000000000000000000e+00,1.000000000000000000e+00,-1.000000000000000000e+00,-1.000000000000000000e+00,1.000000000000000000e+00,-1.000000000000000000e+00,-1.000000000000000000e+00,-1.000000000000000000e+00,-1.000000000000000000e+00,-1.000000000000000000e+00
0.000000000000000000e+00,1.000000000000000000e+00,1.000000000000000000e+00,1.000000000000000000e+00,1.000000000000000000e+00,1.000000000000000000e+00,1.000000000000000000e+00,1.000000000000000000e+00,1.000000000000000000e+00,1.000000000000000000e+00,1.000000000000000000e+00,1.000000000000000000e+00,1.000000000000000000e+00,1.000000000000000000e+00,1.000000000000000000e+00,1.000000000000000000e+00,-1.000000000000000000e+00,1.000000000000000000e+00,1.000000000000000000e+00,1.000000000000000000e+00,1.000000000000000000e+00,-1.000000000000000000e+00,-1.000000000000000000e+00,1.000000000000000000e+00,-1.000000000000000000e+00,1.000000000000000000e+00,1.000000000000000000e+00,1.000000000000000000e+00,-1.000000000000000000e+00,-1.000000000000000000e+00,-1.000000000000000000e+00,7.341818050550871222e-01,1.000000000000000000e+00,1.000000000000000000e+00,1.000000000000000000e+00,1.000000000000000000e+00,1.000000000000000000e+00,1.000000000000000000e+00,1.000000000000000000e+00,1.000000000000000000e+00,1.000000000000000000e+00,1.000000000000000000e+00,8.486665675801354780e-01,-1.000000000000000000e+00,-8.559089086669492419e-01,-1.000000000000000000e+00,1.000000000000000000e+00,1.000000000000000000e+00,-1.000000000000000000e+00,-1.000000000000000000e+00,1.000000000000000000e+00,1.000000000000000000e+00,-1.000000000000000000e+00,-1.000000000000000000e+00,1.000000000000000000e+00,1.000000000000000000e+00,1.000000000000000000e+00,1.000000000000000000e+00,1.000000000000000000e+00,-1.000000000000000000e+00,-1.000000000000000000e+00,1.000000000000000000e+00,-1.000000000000000000e+00,-1.000000000000000000e+00,1.000000000000000000e+00,1.000000000000000000e+00,1.000000000000000000e+00,1.000000000000000000e+00,1.000000000000000000e+00,1.000000000000000000e+00,1.000000000000000000e+00,1.000000000000000000e+00,-1.000000000000000000e+00,-3.778463582620284478e-01,-1.000000000000000000e+00,-1.000000000000000000e+00,-1.000000000000000000e+00,-1.000000000000000000e+00,1.000000000000000000e+00,-1.000000000000000000e+00,1.000000000000000000e+00,-1.000000000000000000e+00,1.000000000000000000e+00,1.000000000000000000e+00,1.000000000000000000e+00,-1.000000000000000000e+00,1.000000000000000000e+00,1.000000000000000000e+00,1.000000000000000000e+00,1.000000000000000000e+00,-1.000000000000000000e+00,-1.000000000000000000e+00,1.000000000000000000e+00,1.000000000000000000e+00,-1.000000000000000000e+00,-1.000000000000000000e+00,1.000000000000000000e+00,1.000000000000000000e+00,1.000000000000000000e+00,1.000000000000000000e+00
0.000000000000000000e+00,0.000000000000000000e+00,1.000000000000000000e+00,1.000000000000000000e+00,1.000000000000000000e+00,1.000000000000000000e+00,1.000000000000000000e+00,1.000000000000000000e+00,1.000000000000000000e+00,1.000000000000000000e+00,1.000000000000000000e+00,1.000000000000000000e+00,1.000000000000000000e+00,1.000000000000000000e+00,1.000000000000000000e+00,1.000000000000000000e+00,-1.000000000000000000e+00,1.000000000000000000e+00,1.000000000000000000e+00,1.000000000000000000e+00,1.000000000000000000e+00,-1.000000000000000000e+00,-1.000000000000000000e+00,1.000000000000000000e+00,-1.000000000000000000e+00,1.000000000000000000e+00,1.000000000000000000e+00,1.000000000000000000e+00,1.000000000000000000e+00,1.000000000000000000e+00,-1.000000000000000000e+00,1.000000000000000000e+00,1.000000000000000000e+00,1.000000000000000000e+00,1.000000000000000000e+00,1.000000000000000000e+00,1.000000000000000000e+00,1.000000000000000000e+00,1.000000000000000000e+00,1.000000000000000000e+00,1.000000000000000000e+00,1.000000000000000000e+00,1.000000000000000000e+00,-1.000000000000000000e+00,1.000000000000000000e+00,1.000000000000000000e+00,1.000000000000000000e+00,1.000000000000000000e+00,-1.000000000000000000e+00,-1.000000000000000000e+00,1.000000000000000000e+00,1.000000000000000000e+00,-7.520742258623533960e-01,-1.000000000000000000e+00,1.000000000000000000e+00,-9.919018542442991082e-01,1.000000000000000000e+00,1.000000000000000000e+00,1.000000000000000000e+00,-1.000000000000000000e+00,-1.000000000000000000e+00,1.000000000000000000e+00,-1.000000000000000000e+00,-1.000000000000000000e+00,1.000000000000000000e+00,1.000000000000000000e+00,1.000000000000000000e+00,1.000000000000000000e+00,1.000000000000000000e+00,1.000000000000000000e+00,1.000000000000000000e+00,1.000000000000000000e+00,-1.000000000000000000e+00,1.000000000000000000e+00,-1.000000000000000000e+00,-1.000000000000000000e+00,-1.000000000000000000e+00,1.000000000000000000e+00,1.000000000000000000e+00,-1.000000000000000000e+00,1.000000000000000000e+00,-1.000000000000000000e+00,1.000000000000000000e+00,1.000000000000000000e+00,1.000000000000000000e+00,-1.000000000000000000e+00,1.000000000000000000e+00,-8.203443504293530530e-01,1.000000000000000000e+00,1.000000000000000000e+00,-1.000000000000000000e+00,2.189570186441883864e-02,1.000000000000000000e+00,-1.000000000000000000e+00,1.000000000000000000e+00,-1.000000000000000000e+00,1.000000000000000000e+00,1.000000000000000000e+00,1.000000000000000000e+00,1.000000000000000000e+00
0.000000000000000000e+00,0.000000000000000000e+00,0.000000000000000000e+00,1.000000000000000000e+00,1.000000000000000000e+00,1.000000000000000000e+00,1.000000000000000000e+00,1.000000000000000000e+00,1.000000000000000000e+00,1.000000000000000000e+00,6.571787658598486903e-01,1.000000000000000000e+00,1.000000000000000000e+00,1.000000000000000000e+00,1.000000000000000000e+00,1.000000000000000000e+00,-1.000000000000000000e+00,1.000000000000000000e+00,1.000000000000000000e+00,1.000000000000000000e+00,1.000000000000000000e+00,-1.000000000000000000e+00,-1.000000000000000000e+00,1.000000000000000000e+00,-4.517423500915886403e-01,1.000000000000000000e+00,1.000000000000000000e+00,1.000000000000000000e+00,1.000000000000000000e+00,1.000000000000000000e+00,-1.000000000000000000e+00,1.000000000000000000e+00,1.000000000000000000e+00,1.000000000000000000e+00,1.000000000000000000e+00,1.000000000000000000e+00,1.000000000000000000e+00,1.000000000000000000e+00,1.000000000000000000e+00,1.000000000000000000e+00,1.000000000000000000e+00,1.000000000000000000e+00,1.000000000000000000e+00,-1.000000000000000000e+00,9.958952937411776896e-01,1.000000000000000000e+00,1.000000000000000000e+00,1.000000000000000000e+00,-1.000000000000000000e+00,-1.569968528237489225e-01,1.000000000000000000e+00,1.000000000000000000e+00,-2.771697916613533597e-01,-1.120512021917932782e-01,1.000000000000000000e+00,-1.000000000000000000e+00,1.000000000000000000e+00,1.000000000000000000e+00,1.000000000000000000e+00,-1.998751584300054729e-01,-1.000000000000000000e+00,1.000000000000000000e+00,-1.000000000000000000e+00,-1.000000000000000000e+00,1.000000000000000000e+00,1.000000000000000000e+00,1.000000000000000000e+00,1.000000000000000000e+00,1.103777405410672624e-01,1.000000000000000000e+00,1.000000000000000000e+00,1.000000000000000000e+00,-1.000000000000000000e+00,1.000000000000000000e+00,-1.000000000000000000e+00,-1.000000000000000000e+00,-1.000000000000000000e+00,1.000000000000000000e+00,1.000000000000000000e+00,-1.000000000000000000e+00,1.000000000000000000e+00,-1.000000000000000000e+00,1.000000000000000000e+00,1.000000000000000000e+00,1.000000000000000000e+00,-1.000000000000000000e+00,7.435634764035035094e-01,-9.361021211577295054e-01,1.000000000000000000e+00,1.000000000000000000e+00,-1.000000000000000000e+00,1.890105021375027006e-01,1.000000000000000000e+00,-1.000000000000000000e+00,1.000000000000000000e+00,-1.000000000000000000e+00,1.000000000000000000e+00,1.000000000000000000e+00,3.100769972628062421e-01,1.000000000000000000e+00
0.000000000000000000e+00,0.000000000000000000e+00,0.000000000000000000e+00,0.000000000000000000e+00,1.000000000000000000e+00,1.000000000000000000e+00,1.000000000000000000e+00,1.000000000000000000e+00,9.470736447301532079e-01,1.000000000000000000e+00,1.000000000000000000e+00,1.000000000000000000e+00,1.000000000000000000e+00,1.000000000000000000e+00,1.000000000000000000e+00,1.000000000000000000e+00,-1.000000000000000000e+00,1.000000000000000000e+00,1.000000000000000000e+00,1.000000000000000000e+00,1.000000000000000000e+00,-1.000000000000000000e+00,-1.000000000000000000e+00,8.764925284276310347e-01,-4.660090376735130380e-01,1.000000000000000000e+00,1.000000000000000000e+00,3.434685731149087484e-01,4.733104354965188554e-01,3.776492487731484271e-01,-1.000000000000000000e+00,7.215056545762310591e-01,1.000000000000000000e+00,1.000000000000000000e+00,1.000000000000000000e+00,1.000000000000000000e+00,1.000000000000000000e+00,1.000000000000000000e+00,1.000000000000000000e+00,1.000000000000000000e+00,1.000000000000000000e+00,1.000000000000000000e+00,6.634857812095202867e-01,-8.020227949705404091e-01,1.619762290061449450e-02,3.658355461010224796e-01,1.000000000000000000e+00,1.000000000000000000e+00,-5.530288922768732407e-01,-3.078066240463455672e-01,1.000000000000000000e+00,1.000000000000000000e+00,4.776775916308475534e-01,-8.606321071667406564e-01,1.000000000000000000e+00,-1.306652551764077297e-01,1.000000000000000000e+00,1.000000000000000000e+00,1.000000000000000000e+00,-4.342922490770096955e-01,-1.000000000000000000e+00,1.000000000000000000e+00,-1.000000000000000000e+00,-6.578170217204987180e-01,1.000000000000000000e+00,1.000000000000000000e+00,1.000000000000000000e+00,1.000000000000000000e+00,1.000000000000000000e+00,1.000000000000000000e+00,1.000000000000000000e+00,1.000000000000000000e+00,-1.000000000000000000e+00,1.000000000000000000e+00,-5.917049593317107448e-01,-1.000000000000000000e+00,-1.000000000000000000e+00,4.505136050432330397e-02,1.000000000000000000e+00,-1.000000000000000000e+00,1.000000000000000000e+00,-8.449193588694521306e-01,1.000000000000000000e+00,2.806947647288633996e-01,1.000000000000000000e+00,-7.928669597564136362e-01,8.446958350817941330e-01,-2.391168359688663481e-01,8.751299017619510456e-01,1.000000000000000000e+00,-1.000000000000000000e+00,3.105049956972619207e-02,1.000000000000000000e+00,-3.331168464353476688e-01,-1.534249813929790540e-01,-7.253456139105664002e-01,9.540106697900058164e-01,1.000000000000000000e+00,5.325616240038189009e-02,1.000000000000000000e+00
0.000000000000000000e+00,0.000000000000000000e+00,0.000000000000000000e+00,0.000000000000000000e+00,0.000000000000000000e+00,1.000000000000000000e+00,5.631480235577173143e-01,2.144675514821756668e-01,2.475852620070857490e-01,6.231993906416778417e-01,3.539462431810173615e-01,2.534664943474638221e-01,5.459715895260394136e-01,4.401112186825474892e-01,5.863963181550860826e-01,4.160120800730836010e-01,-1.168747190998885715e-01,5.064905467339266831e-01,8.978406064541265275e-02,3.190735136073399869e-01,4.207956041553794768e-01,-5.015012896294475109e-01,-1.190212299780776459e-02,7.844484082403244130e-02,-1.601068759967237132e-01,2.014797226369162142e-01,3.665166652461334107e-01,7.512862582264286104e-02,-2.882249153816350273e-01,-8.782665307066989113e-02,-1.159726507144888952e-01,2.630072800098327487e-02,5.361682785827112108e-01,3.496668884673836963e-01,1.578669138052262721e-01,5.164948088482897992e-01,6.279689307045376034e-02,4.563318282278341909e-01,2.597812088589344093e-01,3.621599687568859971e-01,1.836894267674700765e-01,8.416416987903060920e-02,2.771513634572882884e-02,-1.467360728839159634e-01,1.969184436089969070e-01,-3.793271839398897061e-02,1.216432061701152728e-01,3.884587174683780675e-01,-2.292220212872187260e-02,-3.586156899260948827e-01,2.403917029568931607e-01,1.671069809679968654e-01,-1.070778582503028459e-01,-5.354892303673998155e-01,1.343422558329570027e-01,1.350861588919155809e-01,3.079226214415905494e-01,4.751758172621469156e-01,1.031938284793303962e-01,5.176823071420882244e-02,-3.420709166631100695e-01,4.470089661200124520e-02,1.913324459620747639e-02,8.940363709390033997e-02,1.700450294920343997e-01,2.666955534357339994e-02,8.522974705605629309e-02,3.037722623826277779e-01,2.429612615359922623e-01,8.646277449675825177e-02,1.057839631334319963e-01,1.570801329121386258e-01,-2.759572702107117581e-01,1.144025367390457404e-01,-8.120126511574982109e-02,-3.854681735171509027e-01,-3.610970150601210404e-01,5.496125011860782117e-02,4.194519910225207870e-01,-3.339503579924266718e-01,1.998700185227323400e-01,-5.395842509205905219e-02,4.206897147910372281e-01,1.361360273111274222e-01,4.907317008480958642e-01,-1.376468986805131911e-01,7.989067770693807080e-02,8.777553801825851987e-02,5.373126016305509317e-02,1.808696393857844587e-01,-1.124031275431909005e-01,2.939964492834531984e-02,3.685269668264601339e-01,2.749332236072316582e-01,-1.257846785225553710e-01,3.356151344640786972e-04,1.294160003745049858e-01,2.432276021498705199e-01,2.805667192240306543e-02,3.480415603880645525e-01
0.000000000000000000e+00,0.000000000000000000e+00,0.000000000000000000e+00,0.000000000000000000e+00,0.000000000000000000e+00,0.000000000000000000e+00,1.000000000000000000e+00,3.112116673077249818e-01,5.669066316370278448e-03,8.968875280479569057e-01,7.732993639279592823e-01,2.494212225813684514e-01,6.721928795588434369e-01,6.670963878578997086e-01,7.323966011008340438e-01,3.001290169669112995e-01,-4.427916578760180966e-01,5.936785679530358628e-01,3.308819312189709844e-02,5.711125055850752030e-01,5.896877818557603179e-01,-6.478598182206256606e-01,2.083108293839861999e-02,6.768222984569259582e-02,-1.621629670221282349e-01,2.354981345627450706e-01,1.757893943383324054e-01,-6.581707528721116029e-02,-2.314689330205287054e-01,-1.901267189067036567e-02,-7.509757575068336244e-02,-8.790605987282450184e-02,6.929321816665725553e-01,4.480501311543086396e-01,2.961119661457592422e-01,5.960321586062562460e-01,1.063301246028225122e-01,7.162104741669819141e-01,3.555924126605021773e-01,2.114061448642673147e-01,2.943399603381190444e-01,1.662842913687312407e-01,-3.230322708678415311e-03,-4.229553151441919900e-02,6.507652520294462950e-02,-7.924766583981837642e-02,9.948752149231412933e-02,2.050368940933333939e-01,4.499278506075057166e-02,-3.928984563002280161e-01,2.141167220069617183e-01,1.903038859104549674e-01,1.161395977584739857e-02,-7.042612639761506310e-01,2.139137004469790215e-01,6.451062540883349683e-02,4.837745546857128431e-01,7.952802745515437088e-01,2.412221237212016645e-01,4.391267259521424576e-02,-7.852535019566393437e-01,-9.490831428785274915e-02,-9.980208428990278158e-02,1.472565685556618542e-01,3.007970539454268288e-01,1.258173803783829425e-01,-1.720297832961562023e-02,2.461663623406958601e-01,4.214844952555461544e-01,1.279248761849958449e-01,1.440782190754043290e-01,1.791469321793136282e-01,-4.483320101310329098e-01,1.888847052584035346e-01,-2.482349601859695429e-02,-8.106134961617010859e-01,-3.982533743160108775e-01,-3.776881516258980172e-03,6.436720773432575982e-01,-6.798128278759079102e-01,2.364467932278807860e-01,-1.214564642811192564e-02,5.675809445951166543e-01,-1.685660207360661078e-01,5.119884894836743694e-01,-8.707241200622437005e-02,9.480730471053375186e-02,-2.096720359542670123e-02,3.084719761543854022e-02,2.189695322117897747e-01,-1.886089016444623678e-01,1.869404209065708145e-01,5.615450045149285030e-01,2.052748222344129847e-01,-2.802489553811910450e-01,-2.552704358730606415e-01,2.024886506754176516e-02,2.434338387702933704e-01,-1.233963803831011480e-01,2.578590159566077067e-01
0.000000000000000000e+00,0.000000000000000000e+00,0.000000000000000000e+00,0.000000000000000000e+00,0.000000000000000000e+00,0.000000000000000000e+00,0.000000000000000000e+00,1.000000000000000000e+00,1.000000000000000000e+00,1.000000000000000000e+00,1.000000000000000000e+00,1.000000000000000000e+00,1.000000000000000000e+00,1.000000000000000000e+00,1.000000000000000000e+00,8.166906359741796795e-01,-7.011009185672878452e-01,1.000000000000000000e+00,1.000000000000000000e+00,1.000000000000000000e+00,1.000000000000000000e+00,-1.000000000000000000e+00,-8.341953213273926027e-01,5.785747902348050697e-01,-6.858154763190279501e-01,9.365438689778343706e-01,1.000000000000000000e+00,4.765671153310953034e-01,-7.188358986441715365e-03,3.775382363197822555e-02,-1.000000000000000000e+00,6.609222447442290038e-01,1.000000000000000000e+00,1.000000000000000000e+00,8.957407244875865704e-01,1.000000000000000000e+00,9.793773771032773245e-01,1.000000000000000000e+00,1.000000000000000000e+00,1.000000000000000000e+00,1.000000000000000000e+00,5.432521051387295685e-01,5.574617582758060186e-01,-8.063101982203195739e-01,3.605291418328046560e-02,8.578528835583577872e-02,1.000000000000000000e+00,1.000000000000000000e+00,-3.327338822152876019e-01,-3.266151517001799620e-01,1.000000000000000000e+00,1.000000000000000000e+00,2.376724673561464787e-02,-6.049800878044712116e-01,1.000000000000000000e+00,4.292599665084609328e-01,1.000000000000000000e+00,1.000000000000000000e+00,9.603432565589339331e-01,-5.816859030126758645e-01,-1.000000000000000000e+00,7.098745267751520593e-01,-9.574692276947817104e-01,-7.438021338552061046e-01,1.000000000000000000e+00,8.696962105532362042e-01,8.696529795732136359e-01,5.542807533501731276e-01,6.553445577800897093e-01,5.152725316308847114e-01,1.000000000000000000e+00,6.504064751654135002e-01,-1.000000000000000000e+00,3.899829899599680516e-01,-1.842889250864352541e-02,-5.293233943229569416e-01,-1.000000000000000000e+00,-2.173153955310396998e-02,9.499864900588624872e-01,-1.000000000000000000e+00,1.000000000000000000e+00,-4.584348491039390017e-01,1.000000000000000000e+00,9.136745663491714353e-01,1.000000000000000000e+00,-8.183863794179278006e-01,7.313034705466301411e-01,2.488512991643521133e-01,3.278092874627727693e-01,1.000000000000000000e+00,-1.000000000000000000e+00,-9.992315771942771041e-02,1.000000000000000000e+00,1.718472101239938016e-02,-1.068978060962490900e-01,-4.272164405154025950e-03,9.420854643144536134e-01,1.000000000000000000e+00,5.180833529123068937e-01,1.000000000000000000e+00
0.000000000000000000e+00,0.000000000000000000e+00,0.000000000000000000e+00,0.000000000000000000e+00,0.000000000000000000e+00,0.000000000000000000e+00,0.000000000000000000e+00,0.000000000000000000e+00,1.000000000000000000e+00,1.720004453964011359e-01,3.416820272625838428e-01,2.427259797888277337e-01,-2.878507991585711398e-02,4.603759676684833768e-01,5.095037569289869728e-01,4.866349201052216356e-01,2.651401706822891780e-01,5.076735727737397008e-01,5.215736316425340080e-01,1.539374753620749992e-01,7.956765188469833161e-02,1.112616447240591389e-02,1.767393836310869049e-01,9.299603840587535031e-02,-1.473902572492553076e-01,2.043134602880676276e-01,3.724674668981210468e-01,2.053196077129630648e-01,1.325916205925626590e-01,2.290381426885529283e-03,-2.369337916900635110e-01,4.206192062703839052e-01,2.551969700927789186e-01,1.795606210972634509e-01,3.345839832711326040e-02,5.712179419458901508e-01,1.491931895943789943e-01,1.949086820574779388e-01,1.590217397904039043e-01,4.303244057097271869e-01,2.845134134867390863e-01,9.567460661843430608e-03,1.744593070583786154e-01,-1.171328482694569129e-01,2.963336968827129728e-02,-5.754803250078351778e-02,1.974011534876795593e-01,5.169194245343747829e-01,1.933040027153568388e-02,1.032500821642246963e-01,4.526537579600330985e-01,3.144854640751670871e-01,8.518491107022534148e-02,9.383273999945043742e-02,3.717414283687608401e-01,3.472513339729398907e-01,2.289747869912359401e-01,1.172337220501843275e-01,1.581911310411715232e-01,-1.646082287803246891e-01,2.946592528838669622e-01,1.806196251484878668e-01,3.940556412667871322e-02,-2.818681348832421385e-01,3.154505400409555738e-01,1.997411519185109674e-01,2.496504310573157970e-01,-2.521506534307298500e-02,1.132753885776717900e-01,-2.820202161394547158e-02,3.174671019267516492e-01,1.799531453285159108e-02,-1.794821238323544288e-01,-5.781077727718724607e-02,2.510933927710925495e-01,6.406916666304345309e-01,1.450073734521292734e-01,-6.942408077557206403e-02,1.183481678284302729e-01,8.797910254535441787e-02,2.538089028016528026e-01,1.625539249453394064e-01,4.988721646035126911e-01,4.245763129606627828e-01,5.043379112620958171e-01,-1.107688860596021951e-01,3.256338045910083245e-01,2.774044663463703375e-01,-1.738152686638898964e-02,2.371198466181946851e-01,8.550390888136018275e-02,-1.663071801931405302e-01,-1.586520699720876323e-02,2.410391805372006924e-01,5.772385760460884557e-02,4.100926166838845255e-01,3.582575169548655736e-01,4.396285132645276761e-01,3.848041593060766430e-01,3.487406268083874661e-01
0.000000000000000000e+00,0.000000000000000000e+00,0.000000000000000000e+00,0.000000000000000000e+00,0.000000000000000000e+00,0.000000000000000000e+00,0.000000000000000000e+00,0.000000000000000000e+00,0.000000000000000000e+00,1.000000000000000000e+00,7.802921065124938105e-01,1.744419223403767816e-01,5.013285096539512598e-01,5.081029789849391687e-01,5.718204510272967278e-01,3.270878215297311903e-02,-2.536689812629085994e-01,4.777958537758944524e-01,-3.421904247639204893e-02,4.571456062958267896e-01,1.633155949939685547e-01,-5.868486702355899531e-01,2.347306767232666680e-01,4.947507509949350402e-02,-1.496948699998294496e-01,1.403257621523462118e-01,2.100677215336764492e-01,-3.831580524873205718e-02,-1.464896690860118811e-01,7.512797374759859481e-02,-9.530644617757462467e-02,4.066374945881545688e-02,4.458760836814932849e-01,2.603121507038003157e-01,2.232737298026709893e-01,5.356189898290895091e-01,9.076588679041733276e-02,4.809099468349702922e-01,1.985937448924828819e-01,4.459508281283708353e-02,2.316226353781277170e-01,1.630251157252353977e-01,3.634963076791916659e-02,-1.820250865255513065e-02,-6.151386568079997980e-02,-7.138336689414613578e-02,7.120460361004689147e-03,9.889739024083661623e-02,6.845766046527267112e-02,-2.850389017712842143e-01,1.662503314485405947e-01,2.057380661351056184e-01,7.485252003902950757e-02,-4.543405764249510703e-01,1.139872844701134841e-01,5.485267360458332547e-02,2.879213739283432716e-01,5.560854108589369238e-01,2.914031058464801593e-01,4.946612769215653904e-02,-5.733178478049245630e-01,-1.253470544718942314e-01,4.317573896111090437e-02,7.397670345853878116e-02,2.152511573313356519e-01,9.641949829837656583e-02,4.168384473040881444e-02,7.592916799899415703e-02,3.244934102681285570e-01,7.063672996361189393e-02,3.035030638122024338e-02,1.490843549189805606e-01,-3.360577492535586908e-01,1.499802770177872391e-01,-2.729649570023153296e-02,-3.797160413355028519e-01,-2.442521279266917089e-01,-5.544205232011947815e-02,6.248511171303716694e-01,-4.923350904487486246e-01,2.447525738776847315e-01,6.649796768127976508e-03,4.314741084838213947e-01,-1.534427264243306832e-01,4.556242530291540471e-01,-1.925407371802327627e-02,9.889129029559601269e-02,-7.795896426152598702e-02,6.740989282171690189e-02,2.025236728750468007e-01,-9.427750054961717141e-02,5.637344952162652578e-02,3.983409985289274591e-01,1.102075762857545049e-01,-1.941449033330354679e-01,-2.319906588369074762e-01,-1.098478334713084148e-01,1.893352381421870567e-01,6.284970279533218240e-02,2.038592535303961062e-01
0.000000000000000000e+00,0.000000000000000000e+00,0.000000000000000000e+00,0.000000000000000000e+00,0.000000000000000000e+00,0.000000000000000000e+00,0.000000000000000000e+00,0.000000000000000000e+00,0.000000000000000000e+00,0.000000000000000000e+00,1.000000000000000000e+00,9.491758225875956967e-02,1.865494515120690311e-01,4.342762555222414167e-01,4.311779587874512432e-01,6.607498976377165767e-02,-3.320826160307280284e-02,3.407633095715686400e-01,-7.488867482235306294e-02,2.507653069887359476e-01,2.169218787626421910e-02,-2.909379848586246542e-01,3.601159208490432029e-01,-7.177017785962100382e-02,-2.682384752241271375e-01,1.340499836278468415e-01,-4.650300256200391030e-02,-2.104302810733651719e-01,-1.669881461178579496e-01,-1.158778320519612964e-01,3.575521824561311152e-02,-3.502339203925096400e-02,1.261234532546494369e-01,-2.103665620153459190e-02,-2.031408156731338149e-02,3.057082926231206588e-01,-7.610924692212808762e-02,3.796625532644449796e-01,2.248411668613387038e-02,-1.331882109658940327e-01,6.537473461807105646e-02,-5.857985825457552587e-02,-1.299767888123535275e-01,-3.715694426962213442e-02,-3.051930438627456499e-01,-2.153540353271296282e-01,-1.673249784296377551e-01,9.986606140669340714e-02,2.251326581193581478e-01,-1.949383975219977083e-01,1.714411203780098480e-01,1.441323682037626563e-01,1.283413941119840307e-01,-3.328603157688183600e-01,-3.872571088342675882e-02,2.383170890546126575e-01,1.753538165966793683e-01,2.367909093161386369e-01,1.829906588101112286e-01,-2.904644228434522524e-01,-1.933898331105045332e-01,-2.839737429539467284e-01,1.213263994419387648e-01,-9.245774812422229150e-02,1.256746902467375249e-01,-3.251316404001776406e-02,-1.304071409615136512e-01,-2.840026919678843575e-01,3.210214325303533678e-01,-1.004168744179999434e-01,-1.361948108153708537e-01,-1.006150680609424614e-01,-4.857311496407964446e-01,-1.200628072762476711e-01,2.646799271093427941e-01,-2.070860056292658236e-01,-2.726521006642182998e-01,-2.557416385398922354e-01,3.884321238935737330e-01,-3.697941694295625581e-01,2.071381338796530192e-01,7.073288991413258231e-02,2.406733187707692789e-01,-1.662020114660889281e-01,1.920753753285871224e-01,-2.134647878068001714e-01,2.348037323216460304e-01,6.095839295085662968e-02,-1.618925206657497451e-01,-3.409845378944657140e-02,6.115327973154301155e-02,-1.412665258556485282e-01,1.409242588989412515e-01,8.384528700825251424e-02,-3.481033795949518006e-01,-1.247831304206054731e-01,-1.796584365333189492e-01,1.934948238883670568e-01,4.769720834793316627e-02,-1.278426184759727524e-01
0.000000000000000000e+00,0.000000000000000000e+00,0.000000000000000000e+00,0.000000000000000000e+00,0.000000000000000000e+00,0.000000000000000000e+00,0.000000000000000000e+00,0.000000000000000000e+00,0.000000000000000000e+00,0.000000000000000000e+00,0.000000000000000000e+00,1.000000000000000000e+00,7.220758989958477869e-01,1.000000000000000000e+00,1.000000000000000000e+00,1.000000000000000000e+00,-4.580656547256032884e-01,1.000000000000000000e+00,1.000000000000000000e+00,1.000000000000000000e+00,8.329867611600390020e-01,-7.701360223698660024e-01,-1.000000000000000000e+00,4.929306006904341508e-01,-3.576325458587377715e-01,6.975425108616222225e-01,1.000000000000000000e+00,5.202626569733526107e-01,1.410994134718606408e-01,3.766492622269313612e-02,-8.771010296815456853e-01,6.640694531865428685e-01,1.000000000000000000e+00,8.899831800333921628e-01,5.983054202422011247e-01,1.000000000000000000e+00,8.681866156309986371e-01,1.000000000000000000e+00,9.276322015039458746e-01,1.000000000000000000e+00,9.634735137840225727e-01,3.929342770131546980e-01,4.728888060802809989e-01,-5.478192311964225070e-01,3.183381813927079751e-01,1.846835844545251237e-01,1.000000000000000000e+00,1.000000000000000000e+00,-3.796937027878938831e-01,-1.274404471938876127e-01,9.661916993101762330e-01,7.988847343412416313e-01,-1.996110532462986567e-04,-2.527818288299475968e-01,1.000000000000000000e+00,2.806690484432013966e-01,1.000000000000000000e+00,1.000000000000000000e+00,8.200010134329852596e-01,-3.624768349311482396e-01,-8.248328970527143422e-01,8.796732914276580440e-01,-7.780368843955940417e-01,-5.939300140597507660e-01,1.000000000000000000e+00,6.651377875732646938e-01,8.726083220847790090e-01,8.737262167775131649e-01,2.888677292643735406e-01,4.481069837224690433e-01,1.000000000000000000e+00,5.014181016425529602e-01,-8.294258206193920735e-01,4.397134015646582683e-01,-1.410094502183834031e-01,3.152840517346332250e-02,-7.810859741902151931e-01,1.469767824266609846e-01,4.735464215973584912e-01,-1.000000000000000000e+00,1.000000000000000000e+00,-3.502813488635622696e-01,1.000000000000000000e+00,9.337985094149036103e-01,1.000000000000000000e+00,-5.443907698008678686e-01,5.874210439561518005e-01,2.410534375149457065e-01,3.829720720629514186e-01,1.000000000000000000e+00,-8.943495695037705362e-01,-2.545388617408532728e-01,1.000000000000000000e+00,4.961771469180970007e-02,1.302280284013086487e-01,1.435644018160731616e-01,9.707086085340719261e-01,9.501890023734704815e-01,3.476463832134445986e-01,1.000000000000000000e+00
0.000000000000000000e+00,0.000000000000000000e+00,0.000000000000000000e+00,0.000000000000000000e+00,0.000000000000000000e+00,0.000000000000000000e+00,0.000000000000000000e+00,0.000000000000000000e+00,0.000000000000000000e+00,0.000000000000000000e+00,0.000000000000000000e+00,0.000000000000000000e+00,1.000000000000000000e+00,6.126081889970473870e-01,7.520150761594354138e-01,4.392065938576684148e-01,-3.020663064122190988e-01,6.213311423742394757e-01,-6.610777741556023157e-02,4.577587147386955602e-01,8.140271096438335130e-01,-7.692498877042466265e-01,-4.192004478172574496e-03,6.630735276178902071e-02,-2.946369966288291953e-01,2.853912355357939301e-01,4.238362303952216137e-01,2.256087074542696691e-02,-6.048451997869137564e-01,-2.050841114776590923e-01,-5.778547892376022233e-02,-2.278478352492314118e-01,7.603713933274729442e-01,4.951865233884361062e-01,2.060357868957643501e-01,5.364826332383736407e-01,-2.791587906478972328e-02,6.963073845117929705e-01,3.713385690994140953e-01,3.350635805977839610e-01,1.541048651628967037e-01,8.987799618254999068e-02,-8.505844219444257115e-02,-2.859084002761676513e-01,2.937369290580653103e-01,-7.939158175104700510e-02,5.253956685505669494e-02,3.886770010683030518e-01,-1.897315385727945140e-03,-7.260582035139822032e-01,2.484047750328851056e-01,1.311127782034882117e-01,-2.353619877175332498e-01,-1.000000000000000000e+00,4.278892108104539321e-02,1.527698371470610494e-01,4.099913300092779544e-01,7.556815212581723396e-01,-5.866979537328093075e-03,4.898533113446809639e-02,-7.225644238745433379e-01,-8.342985630565015465e-02,3.640938424022835407e-02,2.725663144255079939e-01,8.478996047407325043e-02,-8.095987543837628031e-02,-2.119686997026016054e-02,3.941055258187280974e-01,4.107241496001935999e-01,1.215463058921359280e-01,5.300791405870337175e-02,2.153204616839495822e-01,-4.296841753397490637e-01,1.072487378867924834e-01,-1.819588412436050906e-01,-9.172604933890236012e-01,-7.378733300812965190e-01,6.642771287323227802e-02,6.671893696514034078e-01,-6.508104340983974501e-01,2.085331007195438402e-01,-2.028160762621079305e-01,4.926777199468806989e-01,8.298854131383810728e-02,5.530001505634591918e-01,-2.284674985374199607e-01,9.085242366044516196e-03,6.478973177965301200e-02,1.169552396221564504e-02,1.466137332303965590e-01,-1.785481619969066236e-01,9.294594905213142411e-02,6.166598092329613756e-01,4.658861649306876851e-01,-3.230227548838731644e-01,-2.067508526792356249e-01,-1.754962983346023200e-03,2.447286862805455043e-01,-1.281494523952699804e-01,4.449370250971182994e-01
0.000000000000000000e+00,0.000000000000000000e+00,0.000000000000000000e+00,0.000000000000000000e+00,0.000000000000000000e+00,0.000000000000000000e+00,0.000000000000000000e+00,0.000000000000000000e+00,0.000000000000000000e+00,0.000000000000000000e+00,0.000000000000000000e+00,0.000000000000000000e+00,0.000000000000000000e+00,1.000000000000000000e+00,4.337761389468784978e-01,7.223965777306416980e-01,-2.031187943098519966e-01,5.299565579601259735e-01,5.613105456351859951e-02,3.434850015951904090e-01,-2.314556288856559618e-01,7.636788090636813242e-02,-2.623087197969822468e-02,-3.118178855464670898e-02,5.698020138631774284e-04,1.497408446132738880e-01,9.947705947037073504e-02,-1.558770975074704468e-01,1.792111464200292215e-01,-4.131229674971133303e-02,2.888806939891456205e-01,1.281328297600727306e-01,3.773517232510396613e-01,2.079469906196112494e-01,-4.553940930477302917e-02,4.767329194376534462e-01,5.060362005047734646e-02,4.119421264706744634e-01,1.911638717002784038e-01,2.667843806604944801e-01,1.773696508734360355e-01,2.771456356571982971e-02,-9.510343750578065247e-02,6.763861315886926517e-02,-1.089677222624709785e-01,-1.354600882561897979e-01,-9.161518965458721742e-02,3.976928536723541852e-01,2.060133558403576537e-01,6.927848296547937934e-02,3.687034809930195278e-01,2.157246760629980831e-01,3.268187636328174217e-01,-1.500675007688531404e-01,2.185650291342038642e-01,1.932638871038275252e-01,3.147386223531611904e-01,3.573437844814336684e-01,2.045135196178607950e-01,-9.212313469902598528e-02,2.096902390579058750e-01,-1.347666775349099788e-01,1.619771573789947081e-03,4.102002054209610143e-02,3.484220343364807793e-01,1.175003627907271059e-01,-2.778093857188263655e-02,-8.071865586342154633e-03,3.742975558029060235e-01,-1.548175114171569666e-02,-2.388532865964632101e-02,-6.357659832387389798e-02,-1.379860184901064157e-01,-1.134258498748449279e-01,2.462442188213195549e-01,-1.498855788626074492e-01,-1.374018600451751559e-01,-2.164943140348537798e-01,4.767757783327459808e-01,-4.759463092961798564e-02,1.736666048897641257e-01,2.513619847321962308e-01,3.071357051310610875e-01,-2.859113808721968630e-01,2.693114707349636983e-01,-1.202964019138232261e-02,2.601272569741490681e-01,1.515828615648026900e-01,-1.023926090393701971e-01,4.487034435232156032e-02,1.012937430389315996e-01,-4.622748511634099111e-02,2.070298123048607275e-01,4.153877287853566802e-01,-1.868745689696555690e-01,1.878619817309052642e-01,-1.073986798535796726e-02,3.613684819321865138e-01,2.048007012111967978e-02,1.868942282115959863e-01
0.000000000000000000e+00,0.000000000000000000e+00,0.000000000000000000e+00,0.000000000000000000e+00,0.000000000000000000e+00,0.000000000000000000e+00,0.000000000000000000e+00,0.000000000000000000e+00,0.000000000000000000e+00,0.000000000000000000e+00,0.000000000000000000e+00,0.000000000000000000e+00,0.000000000000000000e+00,0.000000000000000000e+00,1.000000000000000000e+00,4.410821922980737164e-01,6.109813271307487637e-02,7.685719424960107959e-01,5.580025625427537106e-01,4.514620979043358351e-01,6.236203003543937529e-01,-3.250735912664759475e-01,2.300282558254157506e-01,1.482909971556353457e-01,-1.795581255267992560e-01,3.193149189259242848e-01,5.351285573690675035e-01,1.916317362977035255e-01,-3.531807601865526863e-02,4.408908450462212247e-02,-2.992433371048560109e-01,3.693911621563130132e-01,6.352060266604313554e-01,6.998619687536077327e-01,2.470154236971724704e-01,1.000000000000000000e+00,1.771120245460349740e-01,5.573384317331366855e-01,4.098732753279873964e-01,4.750819207049190029e-01,4.363484813926442052e-01,1.348697833781141997e-01,2.179500583508876821e-01,-1.534455186289836737e-01,2.042961510368465627e-01,-8.238408493258828069e-02,2.777400167604151537e-01,5.813486380299935918e-01,3.183678477866275225e-02,-1.121338840047043511e-01,5.619108204296017206e-01,3.538557660588302900e-01,1.225424865290375941e-02,-3.381167956414626863e-01,4.523743077500071985e-01,3.584464462736949297e-01,4.974608660470391519e-01,6.873021807433470354e-01,1.708822080433557711e-01,5.867452970134379858e-02,-8.610662764642861011e-03,1.280826005131339151e-01,5.046846705406623536e-03,-8.542356259719530165e-02,4.126243461574237159e-01,2.611925864493118143e-01,1.914988835272369572e-01,1.358311567923309315e-01,3.577551700520570366e-01,8.689744719077849289e-02,4.990442027172398154e-01,1.762556321498574274e-01,-2.814801095822684895e-01,1.191228595283387592e-01,2.275021747133525174e-01,1.008972449456570046e-02,7.204647779643087724e-02,-4.643777532714902546e-03,4.968113901505453733e-01,-2.650856356277779269e-01,1.968548906588639680e-01,1.995488550338475608e-01,8.718177281745288498e-01,5.397618168642076553e-01,7.898902619398402436e-01,-5.992300057471611902e-02,2.615842751958588064e-01,3.040675493212581237e-01,1.709318775168939403e-02,3.381382681323050754e-01,7.926474395875622581e-02,1.139417683876274290e-01,2.721836076858082376e-01,4.337256547881583879e-01,-7.303830589697779541e-02,3.881351073860997425e-01,4.055781750541286867e-01,5.728072441584245444e-01,2.431146686331908946e-01,5.243989593644277081e-01
0.000000000000000000e+00,0.000000000000000000e+00,0.000000000000000000e+00,0.000000000000000000e+00,0.000000000000000000e+00,0.000000000000000000e+00,0.000000000000000000e+00,0.000000000000000000e+00,0.000000000000000000e+00,0.000000000000000000e+00,0.000000000000000000e+00,0.000000000000000000e+00,0.000000000000000000e+00,0.000000000000000000e+00,0.000000000000000000e+00,1.000000000000000000e+00,-1.877122018586135921e-01,1.919194529344017408e-01,4.079806042426438288e-03,1.592941022479834878e-01,-4.287091502396596643e-01,-2.069200293151302328e-01,-1.621045632620919941e-01,2.964080791636994686e-03,1.849166901781254257e-01,1.141629060631646833e-02,6.418297689367090386e-02,-8.199286779103780176e-02,1.585874103971210147e-01,9.695621591187153498e-02,2.388765936257750411e-01,9.555455173796244261e-02,1.235829753908492534e-01,9.588800693938009934e-02,2.063591438095410333e-02,3.658268909818223613e-01,9.816948144691504952e-02,2.072810475364714744e-01,7.811610875590956071e-02,4.154566927053048309e-01,2.622740567032472506e-02,5.789153147077406858e-02,-9.041409599348803477e-03,2.545061947305383709e-01,1.232211373916400204e-01,1.576475547954309022e-03,3.790759695056088868e-02,3.162730364409701012e-01,5.714185336188175313e-02,4.939919751197357350e-02,9.721623700613764296e-02,5.824563323554270144e-02,1.705231947536072767e-01,-5.543022731301720796e-02,4.346134897412702591e-02,-2.434963302658893838e-02,1.845478829301075152e-01,7.538002960738024449e-02,2.841475096172854098e-01,1.952271389707634086e-01,2.287807322562349088e-01,6.641601837618338333e-02,6.673008501419485164e-03,9.872117331246982319e-02,7.874146822354542719e-02,6.812290216368743767e-02,3.166858287178232062e-02,3.628387753202506616e-01,1.031444996588359309e-01,6.510959464855252399e-02,3.936167253034876523e-02,6.580625161459730671e-03,9.250417139524430565e-02,2.880517360188523113e-01,1.377128774739258717e-02,-5.350879165734348519e-02,5.188504174480408626e-02,3.378849559117621387e-02,1.977881080388391721e-01,-1.221670165461787028e-01,4.859147282761884512e-02,2.319519537396780018e-01,1.550231827019306619e-01,-4.813400004093386364e-02,6.541828404972793720e-02,2.257325497437766004e-01,7.268782702988979549e-02,4.923232082395327149e-03,8.663164336357830064e-02,-2.106181846284762432e-02,1.206137818629814985e-02,2.643507624171516010e-02,2.335736525586826207e-01,7.800076945124360950e-02,-3.466514880683486260e-02,2.968700858535312293e-04,7.245015653960024116e-02,1.341314459063337183e-01,-1.949176381280131043e-01,2.162074725035417200e-01
0.000000000000000000e+00,0.000000000000000000e+00,0.000000000000000000e+00,0.000000000000000000e+00,0.000000000000000000e+00,0.000000000000000000e+00,0.000000000000000000e+00,0.000000000000000000e+00,0.000000000000000000e+00,0.000000000000000000e+00,0.000000000000000000e+00,0.000000000000000000e+00,0.000000000000000000e+00,0.000000000000000000e+00,0.000000000000000000e+00,0.000000000000000000e+00,1.000000000000000000e+00,-1.446582234932744793e-01,2.403680210602422429e-01,-5.763082282970368730e-01,8.503313134949550545e-01,5.604646576497944732e-01,6.815161771774806976e-01,-6.497806794857521884e-02,-3.890366071995376429e-01,7.273095331367719629e-02,1.588070073217393297e-01,2.513936684072035632e-01,-4.533817844115038409e-01,-3.791751496632985718e-01,-2.087969078889568009e-01,5.704416241981729446e-02,-3.554450533176376492e-01,-3.654815946033502377e-02,-3.141695178792561771e-01,-1.512588630674633894e-01,-4.005703294627847022e-01,-4.200017521822770883e-01,-1.666983756087260238e-01,-2.199038836972951882e-01,-1.544145359425402597e-01,-3.384078941853083111e-01,-9.732374177526014955e-03,-4.068095199053047839e-01,4.039078649534985632e-02,-1.685011851273490735e-01,-2.103648971972342518e-01,1.055880299738560790e-01,6.011914635896757619e-02,-1.135999628037928921e-01,1.500012254930441769e-01,-2.397043458844071162e-02,-3.745702918046820984e-01,4.687148764255184841e-02,-1.904219951913992959e-01,5.569905784677982030e-01,-3.547392715629180682e-01,-3.706393441425259727e-01,-7.351188038466576202e-01,-2.449558442496282684e-01,7.188691043650161649e-01,-1.069638651681262542e-01,4.430162890661058506e-01,-2.019139343302908118e-01,-2.971332744143295179e-01,-2.498804209083214656e-01,-7.844448746775897763e-02,-5.991052471079366670e-01,-1.184252451606675749e-01,-3.011592838723754495e-01,-2.699865966726788108e-02,-1.824463853428792970e-01,-4.758114734331257006e-02,-5.496752778692884922e-01,3.298462678363808243e-01,8.548635893220174475e-01,2.553709414277796075e-01,-1.042184358156536955e-01,-4.376164951469817543e-01,7.304124396907446526e-01,-1.929290551182303859e-01,3.767542494329348748e-03,-9.918902171573119875e-02,7.689185466959528314e-01,1.080334375578647921e-01,-3.943022085547051026e-01,5.609067070618256601e-02,4.712463519342307006e-01,-3.570287008475540036e-01,-1.802344669283815204e-01,5.604876230801906223e-01,-1.849619347631603905e-01,-6.974375807508149672e-01,4.658363370570515749e-01,2.051685341760496606e-02,7.126866487239115200e-01,1.823719568307501648e-01,1.100802312798415394e-01,5.230876557921627645e-01,-1.933254463054683570e-01
0.000000000000000000e+00,0.000000000000000000e+00,0.000000000000000000e+00,0.000000000000000000e+00,0.000000000000000000e+00,0.000000000000000000e+00,0.000000000000000000e+00,0.000000000000000000e+00,0.000000000000000000e+00,0.000000000000000000e+00,0.000000000000000000e+00,0.000000000000000000e+00,0.000000000000000000e+00,0.000000000000000000e+00,0.000000000000000000e+00,0.000000000000000000e+00,0.000000000000000000e+00,1.000000000000000000e+00,5.662627544554300618e-01,5.765096757426135810e-01,3.911840914909321953e-01,-1.056627145828113318e-01,-2.891718207481662195e-01,1.878644718244794343e-01,-1.885958692569601469e-01,3.762855966191194779e-01,6.048561750253955704e-01,1.701899053811709306e-01,1.512177104214382506e-01,2.520717625548403017e-03,-2.794918814866481638e-01,4.124691326214811604e-01,8.266621099212377866e-01,6.092980539361478876e-01,2.091902600477555385e-01,8.182728507234661164e-01,3.647457543910692102e-01,7.226855969319071482e-01,5.033768827626289299e-01,7.000731599422890250e-01,5.250988754274187320e-01,1.813742082951474988e-01,1.849835861347574884e-01,-2.319418598882636573e-01,2.056702590003587836e-02,-2.736109170588710282e-02,3.746659952222075596e-01,6.738253735608549233e-01,-7.141664753845897856e-03,5.954151890647174650e-02,6.463965273656082644e-01,4.740123752965358928e-01,1.708250546053002028e-01,-8.631184490374678442e-02,5.874293030495568724e-01,3.079853637349216355e-01,5.526094682967606087e-01,7.010139097072907166e-01,3.453450695594136866e-01,-1.098391121037460144e-01,-5.759405075384921302e-02,2.505763129605204087e-01,-2.476437333668607410e-01,-2.507060564988702889e-01,7.410357396183326895e-01,3.545450635539081907e-01,3.310055704318851655e-01,2.023189989328610938e-01,3.518316782438055124e-01,1.465183114210120152e-01,4.146693835642786818e-01,1.803469656233414320e-01,-3.873961903750812730e-01,1.175341215498584002e-01,1.537248507392270092e-01,3.637049414561211585e-02,-2.407990381483294806e-01,-1.053528861066062028e-01,4.745653080055630690e-01,-3.122833254470173125e-01,4.791992010194523477e-01,3.674137119772329096e-02,7.578148206023390676e-01,3.947822446513580275e-01,7.774476468290903997e-01,-2.416305633083404014e-01,3.777092891146149323e-01,2.343948406521782213e-01,6.311134259762574139e-02,4.593103886409979908e-01,-1.356895003035868963e-01,-8.363346347317975049e-02,4.008987015233476114e-01,2.952134155362066137e-01,-3.141342029409516234e-02,3.585495520561851057e-01,4.020986898584259506e-01,6.401653635886361826e-01,2.881011532555466381e-01,6.254039673684888001e-01
0.000000000000000000e+00,0.000000000000000000e+00,0.000000000000000000e+00,0.000000000000000000e+00,0.000000000000000000e+00,0.000000000000000000e+00,0.000000000000000000e+00,0.000000000000000000e+00,0.000000000000000000e+00,0.000000000000000000e+00,0.000000000000000000e+00,0.000000000000000000e+00,0.000000000000000000e+00,0.000000000000000000e+00,0.000000000000000000e+00,0.000000000000000000e+00,0.000000000000000000e+00,0.000000000000000000e+00,1.000000000000000000e+00,2.189700975614672640e-01,7.761767220866933048e-01,1.571043004617437566e-01,-1.688098413406012577e-01,2.845483681182762181e-01,-5.495111391575595305e-02,2.501668424033746674e-01,5.872221562485498980e-01,4.878231159182160326e-01,3.067759920881573121e-01,1.986573752874391252e-01,-6.362513915702612266e-01,5.508031496580065856e-01,4.316295433932130776e-01,6.419000855884939849e-01,3.124367525327807482e-01,5.407006732134758131e-01,3.928405017150509160e-01,2.104853282223044797e-01,3.955282103046382502e-01,5.933820875630141378e-01,5.229209577496155559e-01,1.913844180732161282e-01,4.610154007798059617e-01,-2.325160442839981911e-01,2.800994443499352227e-01,1.559282846486295671e-01,6.272633215434691989e-01,3.996260940631052305e-01,-2.414041429803030492e-01,2.830919293038309803e-01,4.520453186272862522e-01,3.391336473417050357e-01,-6.484843352469614464e-02,3.460684610012050300e-01,6.665351348797081688e-01,2.005098277717455024e-01,3.262500014970869389e-01,3.736774044233436287e-01,9.383172731349793960e-02,4.512665908760905148e-02,9.599834890104537444e-02,5.463274885471013365e-01,-2.940790593599802993e-01,-3.629884373877411141e-01,4.776010496622732360e-01,4.393822855496336555e-01,4.849319465870287615e-01,1.184044545876247051e-01,-5.450840427565278173e-02,1.807471633238457442e-01,8.313405341727164721e-01,2.591332000298790517e-01,-1.416304129371145047e-02,1.574021135390619719e-01,9.264149932709957180e-02,7.355904940259951896e-01,4.643372760490911411e-01,1.632567822195171436e-01,-1.111641994958202789e-01,1.777685266183361840e-02,1.841584700612360903e-01,4.739396181608672431e-02,7.230974491469251975e-01,9.643118947462374635e-01,6.388224506031975336e-01,-2.348989089319369894e-02,1.847193918557934467e-01,2.562540925182018592e-01,1.596176978138571512e-01,5.140856955484756075e-01,-9.359868364877492464e-02,9.588747907179508145e-02,2.568403830310974842e-02,8.805018973730860399e-02,3.445502208479663264e-01,4.914649713542075804e-01,7.019758798606087202e-01,4.518598967925289700e-01,4.072695005199564733e-01,6.476533054872966044e-01
0.000000000000000000e+00,0.000000000000000000e+00,0.000000000000000000e+00,0.000000000000000000e+00,0.000000000000000000e+00,0.000000000000000000e+00,0.000000000000000000e+00,0.000000000000000000e+00,0.000000000000000000e+00,0.000000000000000000e+00,0.000000000000000000e+00,0.000000000000000000e+00,0.000000000000000000e+00,0.000000000000000000e+00,0.000000000000000000e+00,0.000000000000000000e+00,0.000000000000000000e+00,0.000000000000000000e+00,0.000000000000000000e+00,1.000000000000000000e+00,-2.173280298417369083e-01,-6.670652224908191208e-01,-5.502065811039315024e-01,2.507604665820598044e-01,2.020658166154448154e-01,2.350875297305118905e-01,4.121470826238792240e-01,3.613324419605734496e-03,5.601014765936854767e-01,4.685729240664395223e-01,-1.938781092381092197e-01,4.293722976759497545e-01,9.347051452820921424e-01,6.806047403696181552e-01,5.559845370195064529e-01,1.000000000000000000e+00,6.626287996428728011e-01,8.962602431626534027e-01,5.702233790421848969e-01,6.711871744492549086e-01,6.385148720097587605e-01,4.981632910956045879e-01,2.983564334097470461e-01,2.169034155595922220e-01,4.435960058023842578e-02,1.343100599895234171e-01,5.529225547426199761e-01,4.109133371260257350e-01,-7.277329628726156296e-02,1.849048213839802335e-01,4.206093732848679156e-01,4.376817246165815023e-01,4.422103737666409629e-01,-7.638520060724333927e-02,7.086869044869429368e-01,-2.093710618343991026e-01,7.736072096466920511e-01,9.605746833916425365e-01,9.454265964534548372e-01,2.541385211506604902e-01,-6.352192261920581728e-01,3.183814635760502387e-01,-5.160670096173328725e-01,-4.136317804921196134e-02,8.289495580642791683e-01,5.825907529193387058e-01,3.755084743318920504e-01,6.389956568853436547e-01,3.786050991240823560e-01,3.908243224212223366e-01,5.446981272174805655e-01,3.647761779286169403e-01,-2.126033100928372832e-01,6.701626603670515214e-01,-1.043751095141437074e-01,-5.384365350471433942e-01,-1.013297087377047767e-01,6.063894192986625520e-02,8.020106910835661518e-01,-8.908430701046935463e-01,4.802634908552051995e-01,1.241534217631838077e-01,8.879681434476492941e-01,-1.052996719694088007e-01,6.654578283720176124e-01,2.783503890389369406e-01,2.348680640911975648e-01,-2.031639358385194383e-01,4.017095921675907233e-01,5.960434701346746245e-01,-5.134057306067637549e-01,2.099713003846638559e-01,8.791207326664238764e-01,-1.674306708955627110e-01,1.686737228586491361e-02,-2.586775970056034990e-01,2.320777316802847545e-01,4.685095880206322505e-01,-1.300842416443684091e-01,7.189227103605850822e-01
0.000000000000000000e+00,0.000000000000000000e+00,0.000000000000000000e+00,0.000000000000000000e+00,0.000000000000000000e+00,0.000000000000000000e+00,0.000000000000000000e+00,0.000000000000000000e+00,0.000000000000000000e+00,0.000000000000000000e+00,0.000000000000000000e+00,0.000000000000000000e+00,0.000000000000000000e+00,0.000000000000000000e+00,0.000000000000000000e+00,0.000000000000000000e+00,0.000000000000000000e+00,0.000000000000000000e+00,0.000000000000000000e+00,0.000000000000000000e+00,1.000000000000000000e+00,1.214421117138901607e-01,4.994298059449975985e-02,6.827789407233275654e-02,-2.050707256435836401e-01,1.294038505857693921e-01,1.569954041666327960e-01,1.902347851727173300e-01,-2.538012238800027576e-01,-1.623834952672960907e-01,-2.554708318200378248e-01,-3.611749958265093180e-03,1.872606888625768795e-01,2.107831031971034441e-01,6.170813458205627600e-02,-3.433149157195631435e-02,-4.567412497809816840e-02,7.037997968965101214e-02,1.404467710753585508e-01,4.629196223889673473e-02,1.043035093744652808e-01,-3.537550364710798784e-02,7.409839639947973788e-02,-2.364011853950269137e-01,1.027180812444881686e-01,-3.438753795320939437e-03,1.030326886321015212e-01,6.551776259981696715e-02,-9.350011553294515498e-02,-1.318658425965599512e-01,9.286443509412192765e-02,6.163864595388424822e-02,-2.297591455276576378e-01,-1.144046204927009897e-01,1.030487075001133707e-01,1.767839077789484514e-01,2.168694923377005937e-02,1.584839279110090149e-01,-2.646995040994306048e-01,-5.458240534134586874e-02,-1.132876180476506123e-01,6.621725024019588235e-02,-1.409265048189737614e-02,-8.304933012859813668e-02,7.372970560510726246e-02,4.523283392474658146e-03,5.069329880198721050e-02,-6.753180468807805370e-02,-1.157136728511728649e-02,-1.695352833161289235e-02,1.499555503916932264e-01,6.356799671044452427e-02,-1.588631518544350307e-01,-9.607017769473040480e-02,1.921087987742216632e-02,8.361971146547597655e-02,-3.026929204718699709e-02,4.329930053779737498e-02,-1.301987473899199055e-01,7.813326828381021716e-02,4.301987152908023915e-02,-1.503274899493768080e-01,1.191430937375586863e-01,4.024489782141955074e-01,2.458076337085004781e-01,-2.708156034765341613e-01,-1.109459590116157642e-02,1.448188353448109644e-01,-8.661058895527815049e-02,1.053261008086182754e-01,2.524703505649635374e-02,3.551534790800044139e-02,-7.628469599025608505e-02,1.756796339203791912e-01,3.060735616629112893e-02,2.018104381185951979e-01,1.788192787617582935e-01,8.955561181874897858e-02,1.944100103833473203e-01,7.455734985394964209e-02
0.000000000000000000e+00,0.000000000000000000e+00,0.000000000000000000e+00,0.000000000000000000e+00,0.000000000000000000e+00,0.000000000000000000e+00,0.000000000000000000e+00,0.000000000000000000e+00,0.000000000000000000e+00,0.000000000000000000e+00,0.000000000000000000e+00,0.000000000000000000e+00,0.000000000000000000e+00,0.000000000000000000e+00,0.000000000000000000e+00,0.000000000000000000e+00,0.000000000000000000e+00,0.000000000000000000e+00,0.000000000000000000e+00,0.000000000000000000e+00,0.000000000000000000e+00,1.000000000000000000e+00,-2.392444119222845306e-02,-5.817942942294448277e-02,-7.037858466544355540e-02,5.292854200764865284e-03,-5.761814859837583597e-02,4.255469584147206219e-02,1.335751892863671075e-01,-1.957048204931696733e-01,6.626539816831723828e-02,5.585499143101237129e-02,-1.741450699211743447e-01,-2.782765228375558980e-02,-2.700450842383545491e-01,-4.076690041966664069e-01,-1.237340674052196249e-01,-2.496446782656251695e-01,-4.716027960434118760e-02,-1.845041143832879538e-01,-3.710227447605544959e-02,-1.614176702018590981e-01,-6.737668681051221797e-02,-1.762151880916692503e-01,-1.948644738505783958e-01,-6.039562408141910255e-02,-1.427466687796747069e-01,-6.698388415964927345e-02,8.047285904803588852e-02,3.464650870158062501e-01,1.188363137961047089e-01,6.474503216922109124e-03,6.461133084460313203e-02,4.612110847696887506e-01,4.682467637824317547e-02,2.169188524653226646e-01,-2.273364445869586470e-01,-1.876212903970685963e-01,-4.187619457318600968e-01,-1.967342856827976882e-01,6.667384739878330357e-01,-6.301499215780433094e-02,1.788715935566614554e-02,-1.544920977998585909e-01,1.136361938620823742e-01,-3.047360990758631386e-02,-5.150716319480731775e-02,-5.107801498210167157e-01,-5.121501280376720977e-02,-1.545147415720569128e-01,-9.854492946319079461e-02,-1.741358297913066788e-01,1.236910952596610158e-01,-4.655477586591893480e-01,2.610258309011718181e-01,5.052191861706377685e-01,1.926731639843578814e-01,-2.059136021195367150e-01,-3.156036272404757481e-01,6.775846624632447801e-01,-7.571820995090702833e-02,1.822079231964037621e-02,-2.776069182832365256e-01,1.109834366238956621e-01,-1.243943849862114148e-01,-2.400519839836833813e-01,6.692483080475469803e-02,2.221279229795415089e-01,-2.537418646523824095e-01,-9.189702732497191662e-02,3.110358643288378411e-01,-1.168319597685136269e-01,-4.806681345991899446e-01,2.658663997619987174e-01,8.655786161389146527e-02,5.297270722829473533e-01,2.418923035073296257e-02,7.402120632579274606e-02,2.933403433116589798e-01,-1.793138067113545786e-01
0.000000000000000000e+00,0.000000000000000000e+00,0.000000000000000000e+00,0.000000000000000000e+00,0.000000000000000000e+00,0.000000000000000000e+00,0.000000000000000000e+00,0.000000000000000000e+00,0.000000000000000000e+00,0.000000000000000000e+00,0.000000000000000000e+00,0.000000000000000000e+00,0.000000000000000000e+00,0.000000000000000000e+00,0.000000000000000000e+00,0.000000000000000000e+00,0.000000000000000000e+00,0.000000000000000000e+00,0.000000000000000000e+00,0.000000000000000000e+00,0.000000000000000000e+00,0.000000000000000000e+00,1.000000000000000000e+00,-1.608182957189773221e-01,-1.593384077034604440e-01,-5.254833686898863210e-02,-1.512865843828703483e-01,-5.786009905234310025e-02,-3.002889482035796531e-01,-9.596198911622791372e-02,1.100844949983024595e-01,-8.525647491738019834e-02,-3.790082219490416571e-01,-9.558973269311875354e-02,-1.683591786977773619e-01,1.971483933187012649e-01,-4.017213349778114284e-01,-2.479230467140408622e-01,-2.375654755127544204e-01,-4.788209929522563302e-01,-1.926028274779558180e-01,-1.982395084566568044e-01,-1.095081969669710054e-01,3.756095784598662696e-02,1.859208750321475522e-03,-2.300675141351295194e-01,-3.994454391616534261e-01,-1.126131777892588476e-01,2.395535081302015701e-01,-2.355908309631013497e-01,-8.880134523764859206e-03,-1.078145471214373569e-01,-1.017072077458218426e-01,-3.303993505488405091e-01,-2.707011435645096942e-01,2.870812898909423372e-01,-1.830811674955694912e-01,-1.352497381134416532e-01,-3.423447959877057856e-01,5.756034780203170449e-03,3.125740938460197516e-01,-3.857875205419764031e-01,5.375387380263916270e-01,1.574789461091649079e-01,-4.509935590712610409e-01,-2.304061629850101822e-01,-2.877655010894675791e-01,-4.554543849335006001e-01,1.328839630863631882e-01,-2.517981713832472823e-01,-1.384889259257557903e-01,-1.761656636368659490e-01,6.324827265558595826e-03,-3.004431125340413233e-01,3.136539780409446920e-01,2.213593212826302503e-01,3.145989714117607972e-01,-1.005524540295005820e-01,1.279305321900053027e-01,2.658380044389929697e-01,-2.957094455572785163e-01,2.671902294191738636e-01,4.209106942786998429e-02,1.371126431300034518e-02,-6.433222468150308609e-04,8.587001964212769012e-02,-4.054449326334326649e-03,1.839711197828061973e-01,-2.599240791644763515e-01,-2.889571115852726524e-01,5.199929181252685995e-01,4.557662315359931743e-02,-3.408545967957350431e-01,3.947549316348969994e-01,-2.087475701126479954e-01,1.506578865913076326e-01,-1.787876363660783618e-01,-4.051554797749845963e-03,1.221399361758764290e-01,-2.813284447872466121e-01
0.000000000000000000e+00,0.000000000000000000e+00,0.000000000000000000e+00,0.000000000000000000e+00,0.000000000000000000e+00,0.000000000000000000e+00,0.000000000000000000e+00,0.000000000000000000e+00,0.000000000000000000e+00,0.000000000000000000e+00,0.000000000000000000e+00,0.000000000000000000e+00,0.000000000000000000e+00,0.000000000000000000e+00,0.000000000000000000e+00,0.000000000000000000e+00,0.000000000000000000e+00,0.000000000000000000e+00,0.000000000000000000e+00,0.000000000000000000e+00,0.000000000000000000e+00,0.000000000000000000e+00,0.000000000000000000e+00,1.000000000000000000e+00,2.389083060058677654e-01,4.916834178385429133e-01,1.000000000000000000e+00,1.000000000000000000e+00,9.426511002891659885e-01,1.000000000000000000e+00,-1.000000000000000000e+00,1.000000000000000000e+00,1.000000000000000000e+00,1.000000000000000000e+00,1.000000000000000000e+00,1.000000000000000000e+00,1.000000000000000000e+00,6.643421261620372498e-01,1.000000000000000000e+00,1.000000000000000000e+00,1.000000000000000000e+00,1.000000000000000000e+00,1.000000000000000000e+00,-4.350766120926844449e-01,9.437927073310721227e-01,8.649718935350890758e-01,1.000000000000000000e+00,6.197020045557599666e-01,-1.000000000000000000e+00,6.734689107466894642e-01,7.250105242493370961e-01,8.285177067657245598e-01,-2.564571321539780291e-01,9.861276802543842424e-01,1.000000000000000000e+00,-3.535017134977304631e-01,9.409093040192997304e-01,1.000000000000000000e+00,8.788573484378603418e-01,8.121264319785053143e-01,-1.000000000000000000e+00,1.000000000000000000e+00,-1.000000000000000000e+00,-7.469149852981078475e-01,1.000000000000000000e+00,1.000000000000000000e+00,1.000000000000000000e+00,1.000000000000000000e+00,-4.386880820859676566e-01,9.597234332107970056e-01,1.000000000000000000e+00,1.000000000000000000e+00,1.985038075672385660e-01,1.000000000000000000e+00,-7.380782673896972845e-01,8.683263047861888850e-01,7.702839392431644061e-01,8.986515266349766051e-01,-1.452948146930946316e-01,-7.434018438549019336e-01,6.958387168346988894e-01,-4.437320239406961631e-01,1.000000000000000000e+00,1.000000000000000000e+00,1.000000000000000000e+00,2.895018428061845173e-01,3.508968408733554450e-02,-9.821482992002839030e-02,1.000000000000000000e+00,1.000000000000000000e+00,-1.000000000000000000e+00,5.477442082636535536e-01,8.276051206381600522e-01,-7.614901996542748908e-01,1.000000000000000000e+00,4.636731572292096537e-01,1.000000000000000000e+00,7.531324312601368476e-01,6.823667147395557908e-01,1.000000000000000000e+00
0.000000000000000000e+00,0.000000000000000000e+00,0.000000000000000000e+00,0.000000000000000000e+00,0.000000000000000000e+00,0.000000000000000000e+00,0.000000000000000000e+00,0.000000000000000000e+00,0.000000000000000000e+00,0.000000000000000000e+00,0.000000000000000000e+00,0.000000000000000000e+00,0.000000000000000000e+00,0.000000000000000000e+00,0.000000000000000000e+00,0.000000000000000000e+00,0.000000000000000000e+00,0.000000000000000000e+00,0.000000000000000000e+00,0.000000000000000000e+00,0.000000000000000000e+00,0.000000000000000000e+00,0.000000000000000000e+00,0.000000000000000000e+00,1.000000000000000000e+00,-3.642009818018993039e-01,-1.509970140806907168e-01,-9.436167431495252889e-02,9.089112602341138381e-01,7.929730861816129961e-01,4.738400096655526195e-01,3.427370143359857457e-01,-1.393037963610147256e-01,3.022761394753959996e-01,2.879489192003876763e-01,5.697289423829590138e-01,3.742783830446517745e-01,-1.470335695940034049e-01,2.671466143494613879e-02,3.979623670685004111e-01,2.670495486099931995e-02,4.070085223416975984e-01,2.598898522706534764e-01,1.000000000000000000e+00,4.052382854991865568e-01,2.815203847701452378e-01,1.829696148466455341e-01,-6.436744598212182367e-02,-4.759813070623138825e-02,6.492211830325909094e-01,-2.698472564483475056e-01,-1.241647973429213653e-01,4.843321561322980195e-01,5.388537378775556386e-01,1.215171934889914263e-01,-6.642360396411683965e-01,1.149523254160613461e-01,4.791561032542120818e-02,6.615497251718625016e-01,1.000000000000000000e+00,5.676622755522949815e-01,2.769046219485448712e-01,-9.138140249369811063e-02,4.880454521450711680e-01,-5.982292150440039931e-03,3.413699696143218665e-01,9.606955395156907551e-02,9.092629507096565700e-01,-1.312342027752722295e-01,2.996674200400002985e-01,2.387083873957633051e-01,1.930313224759000468e-01,1.000000000000000000e+00,1.000000000000000000e+00,-2.417838926162437230e-01,-4.093713028699777490e-02,1.000000000000000000e+00,3.751662815810037910e-01,2.062509050809807898e-01,9.380576372014452768e-02,-3.533748165335944269e-01,6.634314834907885094e-01,4.738288096545294203e-02,-3.112281722652257554e-01,-2.161717990892393082e-01,1.000000000000000000e+00,-2.947016321777478631e-01,-4.020225980835091528e-01,5.048684392576892055e-01,6.960787954782814840e-03,6.607338920849188668e-02,5.724971306344966981e-01,2.950822455965435021e-01,-2.909302945247552730e-01,3.821815121450473085e-01,-1.191130876121201942e-01,6.041162138071923260e-02,-1.548059598738517062e-01,-5.730800371983630903e-01,2.904638317330287545e-01
0.000000000000000000e+00,0.000000000000000000e+00,0.000000000000000000e+00,0.000000000000000000e+00,0.000000000000000000e+00,0.000000000000000000e+00,0.000000000000000000e+00,0.000000000000000000e+00,0.000000000000000000e+00,0.000000000000000000e+00,0.000000000000000000e+00,0.000000000000000000e+00,0.000000000000000000e+00,0.000000000000000000e+00,0.000000000000000000e+00,0.000000000000000000e+00,0.000000000000000000e+00,0.000000000000000000e+00,0.000000000000000000e+00,0.000000000000000000e+00,0.000000000000000000e+00,0.000000000000000000e+00,0.000000000000000000e+00,0.000000000000000000e+00,0.000000000000000000e+00,1.000000000000000000e+00,1.000000000000000000e+00,5.963839626248261805e-01,-4.941604470506478775e-01,-6.400006258082459043e-01,-1.000000000000000000e+00,4.725684289796140414e-01,1.000000000000000000e+00,1.000000000000000000e+00,2.495344784451662135e-01,8.855610690494259973e-01,3.638470529490110406e-01,1.000000000000000000e+00,9.652103834196804621e-01,1.000000000000000000e+00,9.719927088956291650e-01,-1.037643955609358383e-02,2.727344886807553381e-01,-1.000000000000000000e+00,9.815387772408517425e-03,-1.569099191740161436e-01,7.711080970264948542e-01,1.000000000000000000e+00,-1.694732871038465427e-01,-4.251669790570946628e-01,1.000000000000000000e+00,8.858689335635793194e-01,-3.225070727489283140e-01,-5.642063790804416890e-01,1.000000000000000000e+00,1.000000000000000000e+00,9.134790257357124910e-01,1.000000000000000000e+00,-1.451066567798705020e-01,-1.000000000000000000e+00,-6.111045674591808474e-01,4.592551131524624242e-01,-5.004445660090534043e-01,-8.845537297440796420e-01,1.000000000000000000e+00,4.179784825010656735e-01,6.081070186611128303e-01,-2.593114689623947089e-01,5.463185120791467231e-01,8.570298009157845120e-02,9.043279236846717417e-01,2.524876772426710714e-01,-1.000000000000000000e+00,-6.359442603100964320e-01,4.031942900378523986e-01,2.670234422519167650e-01,-1.000000000000000000e+00,-2.817745357124684658e-01,3.196564862483012304e-01,-5.520305299897030338e-01,9.909114981971675062e-01,-5.331299427012092806e-01,1.000000000000000000e+00,1.000000000000000000e+00,1.000000000000000000e+00,-1.000000000000000000e+00,8.056021788218867830e-01,8.536395728574511788e-01,-2.673057660628989085e-01,8.884506500080577851e-01,-3.788068391674246915e-01,-4.523340538966877378e-01,3.830706229839190291e-01,7.909517526394825859e-01,-1.818426069092312358e-01,8.587030790852525630e-01,9.822145084096476353e-01,1.000000000000000000e+00,9.724262179244544946e-01,1.000000000000000000e+00
0.000000000000000000e+00,0.000000000000000000e+00,0.000000000000000000e+00,0.000000000000000000e+00,0.000000000000000000e+00,0.000000000000000000e+00,0.000000000000000000e+00,0.000000000000000000e+00,0.000000000000000000e+00,0.000000000000000000e+00,0.000000000000000000e+00,0.000000000000000000e+00,0.000000000000000000e+00,0.000000000000000000e+00,0.000000000000000000e+00,0.000000000000000000e+00,0.000000000000000000e+00,0.000000000000000000e+00,0.000000000000000000e+00,0.000000000000000000e+00,0.000000000000000000e+00,0.000000000000000000e+00,0.000000000000000000e+00,0.000000000000000000e+00,0.000000000000000000e+00,0.000000000000000000e+00,1.000000000000000000e+00,5.863404515796000194e-01,1.457110882109380612e-01,1.916653456309361236e-01,-7.492830366730928171e-01,6.145092393971912648e-01,6.906629531007895118e-01,8.734675374113757274e-01,3.564336239182278598e-01,8.764639644242036010e-01,4.644066361203892379e-01,3.504000081115502541e-01,5.243231641660326403e-01,8.169471788002227175e-01,5.570112094655986779e-01,2.738075494617671635e-01,5.018239875164893782e-01,-4.134935345116355632e-01,4.556752120610598755e-01,1.854840419871286172e-01,7.055428588490075814e-01,6.155474686408660689e-01,-2.832550632667701906e-01,8.232922852702591332e-02,6.003910178022787703e-01,4.068387276878915326e-01,-1.655707827935028742e-01,1.114824065378115930e-01,6.474025201034420141e-01,2.438543979271884932e-01,3.812767234836818564e-01,5.776486119728003743e-01,1.073455348633328144e-01,2.276254711343452530e-01,9.049642062219961924e-02,6.445757251310856306e-01,-2.302627829796382308e-01,-2.815633224566692627e-01,5.194397443419760396e-01,4.038246089199996613e-01,5.887266367131093192e-01,3.888606873911324979e-01,2.666529874837965386e-02,2.684144974289732755e-01,8.213227399009738194e-01,4.092688204445150690e-01,3.898965719398351550e-03,3.237218769994424372e-01,-9.479166853422868466e-02,5.272294069843782571e-01,2.051014574658446277e-01,2.245866939823253916e-01,1.562694847640258566e-01,-8.335468972963377965e-02,2.697830431841442000e-01,-7.289806310417003277e-02,8.398360713457968529e-01,1.000000000000000000e+00,8.686767283809789797e-01,-3.161911287126127623e-02,1.593577128491139028e-01,2.708843055894901153e-01,2.851387554095491939e-01,6.278414609975905281e-01,-1.214243379446310472e-01,7.219390488985664989e-02,2.205725619111465474e-01,1.985166450619310352e-01,3.468917153470817971e-01,5.902912354980790477e-01,7.307807684547198424e-01,5.750622192139250854e-01,4.723590766062210622e-01,9.443798720804581492e-01
0.000000000000000000e+00,0.000000000000000000e+00,0.000000000000000000e+00,0.000000000000000000e+00,0.000000000000000000e+00,0.000000000000000000e+00,0.000000000000000000e+00,0.000000000000000000e+00,0.000000000000000000e+00,0.000000000000000000e+00,0.000000000000000000e+00,0.000000000000000000e+00,0.000000000000000000e+00,0.000000000000000000e+00,0.000000000000000000e+00,0.000000000000000000e+00,0.000000000000000000e+00,0.000000000000000000e+00,0.000000000000000000e+00,0.000000000000000000e+00,0.000000000000000000e+00,0.000000000000000000e+00,0.000000000000000000e+00,0.000000000000000000e+00,0.000000000000000000e+00,0.000000000000000000e+00,0.000000000000000000e+00,1.000000000000000000e+00,1.055120861356187573e-01,2.713344933297045514e-01,-1.000000000000000000e+00,6.387014943419515589e-01,4.913961327879089458e-01,7.954137421003684150e-01,4.956293948704543761e-01,4.294526911959748450e-01,4.958814343358758925e-01,-1.298556188211155149e-01,4.651023465050669881e-01,6.319764383698140975e-01,5.996259466672181349e-01,2.974068048587983348e-01,7.518942747766542700e-01,-5.132925807524619799e-01,6.689218891525392507e-01,3.680117108808763637e-01,9.267622231544052624e-01,2.507300649778542168e-01,-5.949055192123722247e-01,1.724563584200820288e-01,3.655283606565459809e-01,3.045432528233273928e-01,-5.129144471635626035e-01,4.531354970296976870e-01,7.960474751330354204e-01,1.070659857967378031e-01,1.493884694217114395e-01,3.349607093460806873e-01,-2.191996511849337581e-01,3.508840173569268694e-01,-1.891393415742576023e-01,9.082926863083864433e-01,-3.355294237816189296e-01,-3.896510859814523164e-01,3.763316264556335056e-01,4.859449253950720582e-01,7.513696767431126133e-01,3.859767357276808197e-01,-3.896605770032466887e-01,2.818704474043203234e-01,1.000000000000000000e+00,5.262162717281568813e-01,2.018842812172340073e-01,3.467561270112889948e-01,-2.679039622916494778e-01,9.956696466477755747e-01,5.734792628747342746e-01,5.105006841022573516e-01,-4.485822026457620404e-01,2.228605772379714522e-01,1.198807829544922821e-01,-3.060329239278331004e-01,7.340963164778273597e-01,1.000000000000000000e+00,8.419710516771340414e-01,-4.519437383847750567e-02,-6.055777007760402425e-02,2.121722527753834575e-01,3.651303630149356771e-01,7.785459631023959881e-01,-1.880855071591730487e-01,2.177305880750866340e-01,-9.456279386272596621e-02,-2.463989119204133826e-02,7.143411703383858447e-01,6.353189975160086211e-01,1.000000000000000000e+00,3.318912047640928953e-01,6.792242253414201292e-01,9.018456050970701243e-01
0.000000000000000000e+00,0.000000000000000000e+00,0.000000000000000000e+00,0.000000000000000000e+00,0.000000000000000000e+00,0.000000000000000000e+00,0.000000000000000000e+00,0.000000000000000000e+00,0.000000000000000000e+00,0.000000000000000000e+00,0.000000000000000000e+00,0.000000000000000000e+00,0.000000000000000000e+00,0.000000000000000000e+00,0.000000000000000000e+00,0.000000000000000000e+00,0.000000000000000000e+00,0.000000000000000000e+00,0.000000000000000000e+00,0.000000000000000000e+00,0.000000000000000000e+00,0.000000000000000000e+00,0.000000000000000000e+00,0.000000000000000000e+00,0.000000000000000000e+00,0.000000000000000000e+00,0.000000000000000000e+00,0.000000000000000000e+00,1.000000000000000000e+00,6.251171447024955752e-01,-3.599444619660812066e-03,5.422811192103460520e-01,9.118024439929857394e-02,3.141766688479067371e-01,2.574683836416907234e-01,5.068386394558600516e-01,5.194101505732001689e-01,2.864144579429162354e-02,1.665784953278176272e-01,3.521377500841571528e-01,3.337571986657739687e-01,3.584386280579362483e-01,3.351625501678957009e-01,4.583487180857124255e-01,4.220534067687334301e-02,2.177687023484952966e-01,3.775095883080588077e-01,3.741022243443756917e-02,-5.734323121478763358e-02,7.482626627056879753e-01,1.387190438050242836e-01,1.698949524485306728e-01,5.215147336234355890e-01,7.466181985014958000e-01,4.932998477740297427e-01,-3.227085703707147091e-01,2.329791212902744546e-01,1.761755012631392447e-01,6.124544520219562527e-01,4.576707153403251072e-01,3.508842356225100878e-01,3.711016534208290696e-01,-3.327758219147550767e-01,-5.456387420306700597e-02,4.381641711410179107e-01,5.076355114158882520e-01,3.124835190997994339e-01,3.225006007618541615e-01,-3.775480231849370066e-02,2.514664498744609844e-01,4.476264898405734605e-01,1.684804597649937341e-01,5.111187939921867374e-01,5.156222534909403743e-01,-7.536496144959048404e-03,3.712623261664729779e-01,7.527878850540978828e-01,9.726523234896651549e-02,1.586193380407664444e-01,2.588118623635106072e-02,1.878863117939035335e-02,3.935831425166837483e-01,3.050583962876327604e-01,-1.953590003294991551e-02,5.737462792241315723e-02,6.759938755910498420e-01,6.516295367582677911e-02,-1.813903675666440340e-01,3.616252819944769104e-01,3.071817780083144767e-01,-9.665459884012631009e-02,2.378100828227272812e-01,1.669139785774144957e-01,-2.999037009160714362e-01,3.600898091871593265e-01,1.061916817630565169e-01,2.254242652312551110e-01,1.703540489965944260e-01,-5.205749477707319328e-02,3.774154109597587237e-01
0.000000000000000000e+00,0.000000000000000000e+00,0.000000000000000000e+00,0.000000000000000000e+00,0.000000000000000000e+00,0.000000000000000000e+00,0.000000000000000000e+00,0.000000000000000000e+00,0.000000000000000000e+00,0.000000000000000000e+00,0.000000000000000000e+00,0.000000000000000000e+00,0.000000000000000000e+00,0.000000000000000000e+00,0.000000000000000000e+00,0.000000000000000000e+00,0.000000000000000000e+00,0.000000000000000000e+00,0.000000000000000000e+00,0.000000000000000000e+00,0.000000000000000000e+00,0.000000000000000000e+00,0.000000000000000000e+00,0.000000000000000000e+00,0.000000000000000000e+00,0.000000000000000000e+00,0.000000000000000000e+00,0.000000000000000000e+00,0.000000000000000000e+00,1.000000000000000000e+00,-2.171380199978063530e-01,6.092257149457072085e-01,7.219015136383412357e-02,5.745997799403860240e-01,5.784858545957337617e-01,8.932730241457613740e-01,6.551469674806751353e-01,-4.704413138551391017e-03,2.077365404775975144e-01,3.842363674103799198e-01,3.757438142494642919e-01,5.833573600609001097e-01,5.655730300177819192e-01,6.989651794695586062e-01,3.836661148269289168e-01,3.607207354786401421e-01,5.667548422469682601e-01,-1.341665679217635132e-01,-2.024514585190577698e-01,6.311894257920455109e-01,-4.862334887587246857e-02,9.758693397882213516e-02,3.820691198672572231e-01,6.155868366398404845e-01,4.757215289635929323e-01,-5.923333495414853100e-01,2.810655621023855910e-01,3.528471417662259468e-01,8.120873692131658217e-01,1.000000000000000000e+00,5.006027878186774388e-02,5.230845421944236850e-01,-2.878349726384137885e-01,1.658530568836462105e-01,2.373803217930107179e-01,5.985012543433010368e-01,4.068597051002039167e-01,7.565135786486896219e-01,-1.293914757608733979e-01,4.242816047438374150e-01,7.387779342070858180e-01,4.189398652226095643e-01,7.593154716892048794e-01,1.000000000000000000e+00,-2.633327463271108448e-01,2.165186172687025568e-01,1.000000000000000000e+00,4.227252076246598711e-01,3.110738180576653744e-01,-2.969036588678034549e-01,-1.445219092312902409e-01,4.586931347541689519e-01,5.557121079112138373e-01,2.040767423769779543e-01,1.771550630481436295e-01,1.000000000000000000e+00,-1.805054173518129967e-01,-4.079250242851335528e-01,6.619946502859609394e-01,4.184507947929403948e-01,-1.486304009683425964e-01,5.632992282208192369e-01,4.002345839380877512e-01,-5.350079583915398063e-01,4.943702925597853737e-01,-1.672132623634552950e-01,2.907508621874364541e-01,4.688185163091589808e-02,-2.417025259796310999e-01,6.149953317768006578e-01
0.000000000000000000e+00,0.000000000000000000e+00,0.000000000000000000e+00,0.000000000000000000e+00,0.000000000000000000e+00,0.000000000000000000e+00,0.000000000000000000e+00,0.000000000000000000e+00,0.000000000000000000e+00,0.000000000000000000e+00,0.000000000000000000e+00,0.000000000000000000e+00,0.000000000000000000e+00,0.000000000000000000e+00,0.000000000000000000e+00,0.000000000000000000e+00,0.000000000000000000e+00,0.000000000000000000e+00,0.000000000000000000e+00,0.000000000000000000e+00,0.000000000000000000e+00,0.000000000000000000e+00,0.000000000000000000e+00,0.000000000000000000e+00,0.000000000000000000e+00,0.000000000000000000e+00,0.000000000000000000e+00,0.000000000000000000e+00,0.000000000000000000e+00,0.000000000000000000e+00,1.000000000000000000e+00,-3.196752277065004755e-01,-3.134914055563392532e-01,-3.527431212526405124e-01,-3.534622390368076794e-01,-1.304643398101211771e-01,-3.676842406277174846e-01,-2.798236518389149441e-02,-2.576806553326644877e-01,-1.438398927201014199e-01,-4.064476946753277087e-01,-1.834538544568323215e-01,-4.338032124175918991e-01,5.221213363823565823e-01,-1.691469344677918318e-01,-2.024661866372755858e-01,-6.360766252004810273e-01,2.691878049614700869e-02,3.702081194672861009e-01,-1.678433523897824436e-02,-2.080912030786738198e-01,-2.079166801791987318e-01,3.325482606858785051e-01,-2.105440157279168945e-01,-4.987527263725241577e-01,-4.725994883113125017e-02,-1.130956582563549667e-01,-2.542394516049927833e-01,3.733763846043073459e-02,1.150565067070643266e-01,5.563470806515041778e-01,-5.215411387114735620e-01,3.468166080362307113e-01,4.186201809130457030e-01,-3.046449639750868910e-01,-2.885869216121381697e-01,-4.640278119018163006e-01,1.025205402156922517e-03,2.096866185552079265e-01,-1.835607429956677694e-01,-6.672121051328997465e-01,-3.290974665263707299e-01,1.956652457333927786e-01,-8.684998642375045541e-02,1.738882138322521143e-01,-3.826447075117124785e-01,-3.781531582161390403e-02,-2.170202070475956979e-01,2.380812056254112130e-01,1.963099054997854420e-01,-2.256723477991779137e-01,4.191666956741963990e-01,-4.585830093624888026e-01,-8.581964193547612085e-01,-4.801462336562951072e-01,2.515417328216201787e-01,-3.297808574183345998e-02,-4.363578191123961003e-02,-2.228415772711166143e-01,-5.573988280398575190e-01,3.543875867343230790e-01,-1.284878708344182156e-02,-3.660795578410798966e-03,3.246912034464161101e-01,-3.337037814044161443e-01,-1.326399911773644968e-01,-5.063038034523913433e-01,-1.639995468790211575e-01,-4.562218458916961206e-01,-4.181068396562345746e-01
0.000000000000000000e+00,0.000000000000000000e+00,0.000000000000000000e+00,0.000000000000000000e+00,0.000000000000000000e+00,0.000000000000000000e+00,0.000000000000000000e+00,0.000000000000000000e+00,0.000000000000000000e+00,0.000000000000000000e+00,0.000000000000000000e+00,0.000000000000000000e+00,0.000000000000000000e+00,0.000000000000000000e+00,0.000000000000000000e+00,0.000000000000000000e+00,0.000000000000000000e+00,0.000000000000000000e+00,0.000000000000000000e+00,0.000000000000000000e+00,0.000000000000000000e+00,0.000000000000000000e+00,0.000000000000000000e+00,0.000000000000000000e+00,0.000000000000000000e+00,0.000000000000000000e+00,0.000000000000000000e+00,0.000000000000000000e+00,0.000000000000000000e+00,0.000000000000000000e+00,0.000000000000000000e+00,1.000000000000000000e+00,4.524481600639402856e-01,8.365724367221305524e-01,4.255496998024292932e-01,1.000000000000000000e+00,6.529621298199868029e-01,1.802038628245092033e-01,4.444946023523451695e-01,7.891434017506727683e-01,6.572428586424970964e-01,4.151337300781242079e-01,6.673968795448409486e-01,1.661582114610922201e-01,3.200803515212214956e-01,2.318033095529315746e-01,7.192636422841905963e-01,5.350594941072402966e-01,-1.900215393756896909e-01,7.154632307081152387e-01,5.756314721694123504e-01,4.617417343519471529e-01,2.970974174594377404e-01,7.474011517498534429e-01,8.435685827330366982e-01,6.338629598946284027e-02,4.111879992580784737e-01,4.477418687464281843e-01,5.317099149842402506e-01,5.363278146894376874e-01,6.176305467969720464e-01,6.747841358119350819e-01,-2.552354650588116169e-01,-2.997985222621940005e-01,6.955292576476886923e-01,6.892852788091252680e-01,6.281891256685713243e-01,4.158492808992703682e-01,-2.255363834668370343e-02,2.826753231416325174e-01,9.436451688124138926e-01,3.529998001235785110e-01,3.857966090132057269e-01,6.193020561370626842e-01,1.089022051419709508e-01,9.701554339453450915e-01,9.965686199902873410e-01,2.009757578874827588e-01,1.671463736920756060e-01,1.634928084533053549e-01,1.663477053900574432e-01,4.136111566311891363e-01,8.934800492296819385e-01,9.907853374295854110e-01,7.622275844154347002e-01,4.920752604400994712e-01,2.164166589674779428e-01,1.558386422552390516e-01,4.021837136356569697e-01,6.476047036887760955e-01,4.225749659599252472e-02,2.359978968289569989e-01,1.026829756443505964e-01,-1.619344259415158443e-02,5.365013654230743612e-01,7.149493150115415752e-01,7.512549338775019736e-01,6.049074580362486797e-01,4.360632498203916296e-01,8.423461295680122474e-01
0.000000000000000000e+00,0.000000000000000000e+00,0.000000000000000000e+00,0.000000000000000000e+00,0.000000000000000000e+00,0.000000000000000000e+00,0.000000000000000000e+00,0.000000000000000000e+00,0.000000000000000000e+00,0.000000000000000000e+00,0.000000000000000000e+00,0.000000000000000000e+00,0.000000000000000000e+00,0.000000000000000000e+00,0.000000000000000000e+00,0.000000000000000000e+00,0.000000000000000000e+00,0.000000000000000000e+00,0.000000000000000000e+00,0.000000000000000000e+00,0.000000000000000000e+00,0.000000000000000000e+00,0.000000000000000000e+00,0.000000000000000000e+00,0.000000000000000000e+00,0.000000000000000000e+00,0.000000000000000000e+00,0.000000000000000000e+00,0.000000000000000000e+00,0.000000000000000000e+00,0.000000000000000000e+00,0.000000000000000000e+00,1.000000000000000000e+00,6.713408234444983025e-01,3.867369929640162018e-01,6.513334261617853560e-01,4.438436998001510370e-01,7.137350277996532544e-01,5.908732512701060369e-01,7.281876417071609930e-01,5.710214482478594977e-01,2.913901250650119401e-01,2.639411997787800557e-01,-2.218237605816713032e-01,1.913174339491885978e-01,1.133096673595806736e-01,5.296013511684237729e-01,5.487456436637198065e-01,-1.974894268676770925e-01,-2.236472462483788184e-02,4.789518863499384604e-01,4.093708831262747316e-01,3.732583513585581436e-02,-1.706194913151053982e-01,6.564456897299431049e-01,7.425048283124092985e-02,5.904637049391651127e-01,8.024705341498556965e-01,3.385930303035113442e-01,3.173461547034901742e-02,-5.293467568824218317e-01,3.772390699207255338e-01,-4.297116036476476553e-01,-1.437852996280774009e-01,7.465751964604148139e-01,4.045590673223663503e-01,3.886576085820794280e-01,5.011701609607197572e-01,2.297434955109470267e-01,2.681013542888733281e-01,4.932403571808827158e-01,3.286252883434662708e-01,-3.221887519045434911e-01,2.662598652612591654e-01,-1.241606377873516603e-01,-2.938047734941924838e-01,-3.220322215806933897e-01,9.178454638411512323e-02,3.764352280677568663e-01,-4.329287120410536538e-01,4.593798222122265629e-01,-1.458687063673067830e-01,7.079577480652644583e-01,3.167161493751529666e-01,7.733793979337878488e-01,-2.102813726722645438e-01,1.986422677048997887e-01,8.293321886971152801e-02,2.003781430628938653e-01,5.771429654066175807e-01,-4.004340664387132653e-01,8.604160939262518737e-02,5.518808364921379273e-01,1.551592997924690909e-01,9.191465413947887131e-02,1.604873657221649874e-01,4.551407111811680561e-01,4.707697757139151507e-01,1.709177920701668296e-01,6.694509889401096814e-01
0.000000000000000000e+00,0.000000000000000000e+00,0.000000000000000000e+00,0.000000000000000000e+00,0.000000000000000000e+00,0.000000000000000000e+00,0.000000000000000000e+00,0.000000000000000000e+00,0.000000000000000000e+00,0.000000000000000000e+00,0.000000000000000000e+00,0.000000000000000000e+00,0.000000000000000000e+00,0.000000000000000000e+00,0.000000000000000000e+00,0.000000000000000000e+00,0.000000000000000000e+00,0.000000000000000000e+00,0.000000000000000000e+00,0.000000000000000000e+00,0.000000000000000000e+00,0.000000000000000000e+00,0.000000000000000000e+00,0.000000000000000000e+00,0.000000000000000000e+00,0.000000000000000000e+00,0.000000000000000000e+00,0.000000000000000000e+00,0.000000000000000000e+00,0.000000000000000000e+00,0.000000000000000000e+00,0.000000000000000000e+00,0.000000000000000000e+00,1.000000000000000000e+00,3.896269866663206738e-01,9.441555656680510333e-01,3.632388543745055376e-01,3.724556741986341790e-01,4.932069743033057341e-01,6.081233226649153112e-01,4.753642439901725192e-01,3.133432338464167688e-01,4.176798406965450683e-01,4.679400920891776949e-02,4.466037856998520406e-01,1.366364034515810399e-01,4.969908010497067208e-01,3.915971218620453165e-01,-1.367059140355208202e-01,2.285236921320516201e-01,4.069174669809150213e-01,2.681310762767432077e-01,2.083448582378727779e-02,1.009915544279994526e-01,5.319869145650759634e-01,7.416648349806333196e-02,4.121195771193921775e-01,7.160310778839321655e-01,1.621130303381697335e-01,5.857767620739638970e-01,2.473072632388776115e-01,4.052367814171656812e-01,-1.636120121913311187e-01,2.747709917331569648e-02,4.307413645810230785e-01,4.165814479428681105e-01,3.277881013024445123e-01,4.197361125647041113e-01,1.400758896744596915e-01,2.607612530616742474e-01,7.373420502406409227e-01,3.416457273043783105e-01,2.264560753825152484e-01,5.182359977515264005e-01,2.555035963670658841e-02,1.639261209232122096e-01,5.818914731337253565e-01,2.255615780429064687e-01,2.916643051646728435e-01,-6.679254150635575982e-02,-3.101679195709862794e-03,2.636034841634398718e-01,7.830214235588597305e-01,8.263543261044766775e-01,6.773227749511943063e-01,3.116703961904579434e-01,1.760756702499877147e-02,1.633992617540513115e-01,2.348024606935654457e-01,4.205201096298290531e-01,9.854049655843050148e-02,3.941394597449538462e-01,2.457095918561904013e-01,2.726235184758715735e-01,2.503750512219149460e-01,4.898400336624959550e-01,5.531019069646068154e-01,4.541534431208318345e-01,1.243264073020986793e-01,7.178072554920000847e-01
0.000000000000000000e+00,0.000000000000000000e+00,0.000000000000000000e+00,0.000000000000000000e+00,0.000000000000000000e+00,0.000000000000000000e+00,0.000000000000000000e+00,0.000000000000000000e+00,0.000000000000000000e+00,0.000000000000000000e+00,0.000000000000000000e+00,0.000000000000000000e+00,0.000000000000000000e+00,0.000000000000000000e+00,0.000000000000000000e+00,0.000000000000000000e+00,0.000000000000000000e+00,0.000000000000000000e+00,0.000000000000000000e+00,0.000000000000000000e+00,0.000000000000000000e+00,0.000000000000000000e+00,0.000000000000000000e+00,0.000000000000000000e+00,0.000000000000000000e+00,0.000000000000000000e+00,0.000000000000000000e+00,0.000000000000000000e+00,0.000000000000000000e+00,0.000000000000000000e+00,0.000000000000000000e+00,0.000000000000000000e+00,0.000000000000000000e+00,0.000000000000000000e+00,1.000000000000000000e+00,1.000000000000000000e+00,9.147724277603438425e-01,4.918611141870017356e-01,6.465111147078297371e-01,7.538452530214022618e-01,7.987498139162575450e-01,7.525055657788731756e-01,8.192003233535526396e-01,2.574562975298203549e-01,6.048029968385720823e-01,4.875855246180337832e-01,1.000000000000000000e+00,7.432980233353923827e-02,-5.434622234980089894e-01,2.669005572193992593e-01,1.349254854222162181e-01,3.334202164163313498e-01,4.472318558410389409e-03,2.293950008492165182e-01,9.110254290325447979e-01,-5.361145830311365712e-01,6.538189837210529598e-01,9.466372074685025506e-01,8.432161642570242810e-01,8.820112327227276339e-01,-1.000000000000000000e+00,8.669479298144755486e-01,-6.685297273505511617e-01,-4.258083774444858249e-02,6.462673605229026785e-01,8.077535082916594833e-01,7.178164655397978322e-01,1.000000000000000000e+00,-1.162111791805344047e-01,6.260298428860018305e-01,1.000000000000000000e+00,7.544774979792238101e-01,2.254528405111047296e-01,1.000000000000000000e+00,-5.215066441573456002e-01,-1.422415819832022754e-01,6.298247295209529195e-01,6.358388465075291984e-01,3.180121441485173062e-01,-8.441342569906273852e-01,2.325712066330526406e-01,-1.840242427648511661e-02,1.000000000000000000e+00,6.971061660655241132e-01,8.183936547279504481e-01,6.588266657521683056e-01,-1.516378316707293616e-01,-3.774096708596053062e-01,7.984145461143566935e-01,9.283534335823253603e-01,-6.728317337649851737e-01,6.418463506724982892e-01,7.907827944872779513e-01,-6.150691544904507424e-01,5.677118178629322331e-01,-2.745024782552737963e-01,7.077315165440670741e-01,2.230035865988636568e-01,-4.616394986662535754e-02,1.000000000000000000e+00
0.000000000000000000e+00,0.000000000000000000e+00,0.000000000000000000e+00,0.000000000000000000e+00,0.000000000000000000e+00,0.000000000000000000e+00,0.000000000000000000e+00,0.000000000000000000e+00,0.000000000000000000e+00,0.000000000000000000e+00,0.000000000000000000e+00,0.000000000000000000e+00,0.000000000000000000e+00,0.000000000000000000e+00,0.000000000000000000e+00,0.000000000000000000e+00,0.000000000000000000e+00,0.000000000000000000e+00,0.000000000000000000e+00,0.000000000000000000e+00,0.000000000000000000e+00,0.000000000000000000e+00,0.000000000000000000e+00,0.000000000000000000e+00,0.000000000000000000e+00,0.000000000000000000e+00,0.000000000000000000e+00,0.000000000000000000e+00,0.000000000000000000e+00,0.000000000000000000e+00,0.000000000000000000e+00,0.000000000000000000e+00,0.000000000000000000e+00,0.000000000000000000e+00,0.000000000000000000e+00,1.000000000000000000e+00,2.327511900794697053e-01,2.930706057201987735e-01,2.598833468144037262e-01,4.515704698639935732e-01,2.911036627949248334e-01,2.151121144469130553e-01,2.530722264298325141e-01,2.297703082297932464e-01,2.891374914067552648e-01,2.066290331924453688e-02,2.390013890383730633e-01,4.054880474033313864e-01,2.963361415273668004e-02,1.231185922445007797e-01,3.289446911131890805e-01,2.073375094151156950e-01,1.668933010172507503e-01,-6.293140550264364474e-02,3.238352752010877911e-01,7.514589113617936578e-02,3.548487142562806729e-01,4.401201370420078085e-01,3.381874091353749279e-01,4.445386156937020106e-01,2.775908006653412530e-01,1.798025353193532516e-01,4.808118826067266788e-02,8.579673816510531570e-02,2.287538746367853426e-01,2.783982655375002446e-01,1.683109500443754902e-01,3.715502388068005479e-01,2.057690212586062717e-01,1.402778621109639356e-01,4.318011578666638983e-01,1.779479401078627454e-01,1.613763867981772571e-01,4.436524193181521913e-01,1.021152645629090777e-01,9.504176246313350562e-02,4.606719065866983764e-01,1.143619768286141258e-01,4.335476760613555802e-01,-1.342179130749049099e-01,2.364629164792068482e-03,3.919665182469475040e-01,6.404669638398606812e-01,3.804100992064036735e-01,4.794245849889680611e-01,4.087318045608483996e-01,1.015316883060712744e-01,1.013309444837388329e-01,1.822239622654531765e-01,2.207373504103397888e-01,1.355556141196809228e-01,2.462074209925805002e-01,2.511158980255520645e-01,2.081807121357637513e-01,7.027186141052188528e-02,2.692503371852087435e-01,2.974176732834712400e-01,3.721166270904852635e-01,1.813445664110877042e-02,4.738849586606803665e-01
0.000000000000000000e+00,0.000000000000000000e+00,0.000000000000000000e+00,0.000000000000000000e+00,0.000000000000000000e+00,0.000000000000000000e+00,0.000000000000000000e+00,0.000000000000000000e+00,0.000000000000000000e+00,0.000000000000000000e+00,0.000000000000000000e+00,0.000000000000000000e+00,0.000000000000000000e+00,0.000000000000000000e+00,0.000000000000000000e+00,0.000000000000000000e+00,0.000000000000000000e+00,0.000000000000000000e+00,0.000000000000000000e+00,0.000000000000000000e+00,0.000000000000000000e+00,0.000000000000000000e+00,0.000000000000000000e+00,0.000000000000000000e+00,0.000000000000000000e+00,0.000000000000000000e+00,0.000000000000000000e+00,0.000000000000000000e+00,0.000000000000000000e+00,0.000000000000000000e+00,0.000000000000000000e+00,0.000000000000000000e+00,0.000000000000000000e+00,0.000000000000000000e+00,0.000000000000000000e+00,0.000000000000000000e+00,1.000000000000000000e+00,4.588821162226602302e-01,5.637785132273418487e-01,8.862562718145317042e-01,7.377664737047093801e-01,6.405170009961611566e-01,6.661476468726426070e-01,1.529888291911861153e-01,2.528167632642875362e-01,4.476039077385873255e-01,1.000000000000000000e+00,2.400452784624406699e-01,-4.304449579056854325e-01,6.362542197020721879e-01,3.050118251807103498e-01,4.163439257828746576e-01,2.929774691969890821e-01,7.248199172004874402e-01,9.402012838833323505e-01,-4.456443131406491731e-01,5.653658243785333326e-01,6.371845220473898452e-01,9.339521342762833189e-01,4.974554215116392397e-01,-4.339827514160711774e-01,8.956386112102613373e-01,-8.064124289163019377e-01,-3.091237945190130065e-01,9.006154274236156665e-01,8.029841771555881191e-01,7.738657910734055845e-01,8.504480747298376331e-01,-1.299384332023913180e-01,5.556305597686167497e-01,9.643077917381220887e-01,5.571076459008494908e-01,2.064909505931411815e-01,9.825167672406694974e-01,-3.641805047971092280e-01,2.018941372820679259e-01,3.789184339055730044e-01,3.556961497475377154e-01,1.774837770246329993e-01,-5.790094486597827661e-01,4.376709166850816235e-01,-4.688329684292576183e-02,7.789662180356469179e-01,5.149419325640246514e-01,5.837471743826767590e-01,4.408833591360971083e-01,8.840546593506463935e-02,-2.986998499153097342e-01,7.057009815830000976e-01,8.645225497418504990e-01,-6.774809679189987000e-01,2.465975775630918909e-01,6.421040382065430485e-01,-6.834170437019935207e-01,5.701496000886377979e-01,-5.633253397645895943e-02,6.498131314870351227e-01,3.418486928009688008e-01,6.169574761784450689e-02,9.481113431387327983e-01
0.000000000000000000e+00,0.000000000000000000e+00,0.000000000000000000e+00,0.000000000000000000e+00,0.000000000000000000e+00,0.000000000000000000e+00,0.000000000000000000e+00,0.000000000000000000e+00,0.000000000000000000e+00,0.000000000000000000e+00,0.000000000000000000e+00,0.000000000000000000e+00,0.000000000000000000e+00,0.000000000000000000e+00,0.000000000000000000e+00,0.000000000000000000e+00,0.000000000000000000e+00,0.000000000000000000e+00,0.000000000000000000e+00,0.000000000000000000e+00,0.000000000000000000e+00,0.000000000000000000e+00,0.000000000000000000e+00,0.000000000000000000e+00,0.000000000000000000e+00,0.000000000000000000e+00,0.000000000000000000e+00,0.000000000000000000e+00,0.000000000000000000e+00,0.000000000000000000e+00,0.000000000000000000e+00,0.000000000000000000e+00,0.000000000000000000e+00,0.000000000000000000e+00,0.000000000000000000e+00,0.000000000000000000e+00,0.000000000000000000e+00,1.000000000000000000e+00,5.022122658583995092e-01,7.140995506301053286e-01,4.388152371466524926e-01,2.019881124175640641e-01,3.808612677909555683e-02,-1.076900781426618284e-02,-4.397156665901266748e-02,-4.789399944159727918e-02,2.991493310855373178e-01,5.861371786044600185e-01,4.538223104315905476e-02,-1.076153693177156478e-01,4.418263317986191874e-01,3.905927355114122146e-01,2.297505602795689994e-01,-3.651496319479049513e-01,4.063221229683462443e-01,1.379784798366925636e-01,6.581421538663864146e-01,8.165940873167245595e-01,5.617958120960555579e-01,-8.490554285129953138e-02,-4.141628691947559227e-01,1.139985446397727281e-01,-3.163588602018111984e-01,-9.880429826316497466e-02,6.798277529454275214e-01,2.839816829677924703e-01,1.834316515331302355e-01,3.688307953808385720e-01,4.465216872123802805e-01,1.970783652634484906e-01,2.543075890105605530e-01,1.632163190400126584e-01,-5.472677927650093643e-01,3.208252040594122279e-01,7.525544603505754382e-02,-4.912323683648534556e-01,-4.608987316705220327e-01,-1.022936765618570332e-01,6.237655232163717978e-01,-7.474787286837304423e-01,5.161705717644203828e-01,4.927030185626767034e-02,6.933778072359669808e-01,4.278038375498764700e-02,6.301526590524807458e-01,-2.019183766459251295e-01,3.155733035123429731e-01,5.358144703850552248e-02,7.864733620083011467e-02,3.321774820864203392e-01,-2.998115292943588361e-01,-1.856039819835151802e-02,6.974607152245859698e-01,1.376546008180839498e-01,-2.313519153330380884e-01,-9.812598937116985554e-02,1.985794799195462756e-01,4.969094577472488727e-01,-9.603452521858156510e-02,5.146408868434805273e-01
0.000000000000000000e+00,0.000000000000000000e+00,0.000000000000000000e+00,0.000000000000000000e+00,0.000000000000000000e+00,0.000000000000000000e+00,0.000000000000000000e+00,0.000000000000000000e+00,0.000000000000000000e+00,0.000000000000000000e+00,0.000000000000000000e+00,0.000000000000000000e+00,0.000000000000000000e+00,0.000000000000000000e+00,0.000000000000000000e+00,0.000000000000000000e+00,0.000000000000000000e+00,0.000000000000000000e+00,0.000000000000000000e+00,0.000000000000000000e+00,0.000000000000000000e+00,0.000000000000000000e+00,0.000000000000000000e+00,0.000000000000000000e+00,0.000000000000000000e+00,0.000000000000000000e+00,0.000000000000000000e+00,0.000000000000000000e+00,0.000000000000000000e+00,0.000000000000000000e+00,0.000000000000000000e+00,0.000000000000000000e+00,0.000000000000000000e+00,0.000000000000000000e+00,0.000000000000000000e+00,0.000000000000000000e+00,0.000000000000000000e+00,0.000000000000000000e+00,1.000000000000000000e+00,1.000000000000000000e+00,9.842482228905327091e-01,5.527137047887965560e-01,6.421181094612309348e-01,-2.168137314871650123e-01,4.799893816760486542e-01,2.791797345273618336e-01,1.000000000000000000e+00,8.131622127532858180e-01,-3.721122541451136190e-01,2.812044308890956912e-01,7.891105922351927537e-01,6.505966284789855836e-01,7.433421131851970787e-02,1.351101730153380920e-01,1.000000000000000000e+00,1.027139482828265116e-01,8.957317842347579662e-01,1.000000000000000000e+00,5.112083529947151206e-01,4.200139359912648529e-01,-3.492324416810441701e-01,8.002361043392380857e-01,-6.997365932038812630e-01,-2.647005884774423778e-01,1.000000000000000000e+00,8.042645775016906695e-01,7.325544231132000705e-01,8.161932138432416162e-01,2.463181906424730949e-01,5.001939498432225184e-01,1.000000000000000000e+00,6.032927927026709991e-01,-1.491385944930089802e-01,7.244330344025695645e-01,-1.211088008708395836e-01,1.052398612844626831e-02,1.522323091927294259e-01,2.659165476444905196e-01,4.375730413528710061e-01,-5.061114205791080733e-01,5.284974572472770360e-01,-1.856812267776875719e-02,1.000000000000000000e+00,1.000000000000000000e+00,1.000000000000000000e+00,-1.171276780698336621e-02,2.321243410203615021e-01,1.825782917386123139e-01,4.116392843878677321e-01,9.643313661124084391e-01,-4.133153937372652797e-01,3.432533716391499845e-01,7.262798256572294830e-01,2.124993942229879695e-01,3.657821678348364136e-01,5.280448918194856622e-01,9.427645442799365005e-01,8.234566425743670148e-01,2.975345520574111391e-01,1.000000000000000000e+00
0.000000000000000000e+00,0.000000000000000000e+00,0.000000000000000000e+00,0.000000000000000000e+00,0.000000000000000000e+00,0.000000000000000000e+00,0.000000000000000000e+00,0.000000000000000000e+00,0.000000000000000000e+00,0.000000000000000000e+00,0.000000000000000000e+00,0.000000000000000000e+00,0.000000000000000000e+00,0.000000000000000000e+00,0.000000000000000000e+00,0.000000000000000000e+00,0.000000000000000000e+00,0.000000000000000000e+00,0.000000000000000000e+00,0.000000000000000000e+00,0.000000000000000000e+00,0.000000000000000000e+00,0.000000000000000000e+00,0.000000000000000000e+00,0.000000000000000000e+00,0.000000000000000000e+00,0.000000000000000000e+00,0.000000000000000000e+00,0.000000000000000000e+00,0.000000000000000000e+00,0.000000000000000000e+00,0.000000000000000000e+00,0.000000000000000000e+00,0.000000000000000000e+00,0.000000000000000000e+00,0.000000000000000000e+00,0.000000000000000000e+00,0.000000000000000000e+00,0.000000000000000000e+00,1.000000000000000000e+00,3.604384180858301034e-01,2.253652055238123120e-01,2.837542002349342507e-01,1.362543383261666241e-01,3.712941825328756607e-01,1.591490906648798387e-01,4.889550525098740330e-01,6.462841792092767212e-01,-1.695297285380029939e-01,1.776350786652400870e-01,3.325593092342878365e-01,2.821686392362635631e-01,9.029461208510763948e-02,1.283398063952737866e-01,4.362840939127861084e-01,2.478558073123828323e-02,4.164966933006519767e-01,3.627737527003569440e-01,4.015660912077670397e-01,3.377427075833007719e-01,1.877031234834713458e-01,4.934332816418580681e-01,-2.428851782483597566e-01,-8.460524179635067754e-02,4.466734201732804332e-01,3.440699721662048849e-01,3.917276947942859300e-01,6.932787689641222162e-01,3.503551970651754693e-02,2.438485907116996199e-01,5.069382726544094941e-01,2.372697589051225853e-01,8.813535046515261207e-02,5.565553365683495457e-01,-8.719759183688108317e-02,2.705468032872614947e-01,2.045761759987888007e-01,2.071193887687516055e-01,1.253359550440949766e-01,-1.648756275225103651e-01,2.425707067667826622e-01,1.875055471036683741e-01,5.519970966532062873e-01,5.626812888206936814e-01,5.102978862541560634e-01,1.836944939123797971e-01,1.355471841675152112e-01,1.052609360320131832e-01,2.661715980767442313e-01,3.440766733222682117e-01,-1.510379475587491360e-01,9.445874245785133849e-02,3.844118964638119085e-01,8.976900271794618913e-02,2.225686558458654096e-01,2.608589319539124096e-01,5.434491905388849631e-01,3.847445612631417711e-01,-4.030056389587546861e-03,7.107322164825851107e-01
0.000000000000000000e+00,0.000000000000000000e+00,0.000000000000000000e+00,0.000000000000000000e+00,0.000000000000000000e+00,0.000000000000000000e+00,0.000000000000000000e+00,0.000000000000000000e+00,0.000000000000000000e+00,0.000000000000000000e+00,0.000000000000000000e+00,0.000000000000000000e+00,0.000000000000000000e+00,0.000000000000000000e+00,0.000000000000000000e+00,0.000000000000000000e+00,0.000000000000000000e+00,0.000000000000000000e+00,0.000000000000000000e+00,0.000000000000000000e+00,0.000000000000000000e+00,0.000000000000000000e+00,0.000000000000000000e+00,0.000000000000000000e+00,0.000000000000000000e+00,0.000000000000000000e+00,0.000000000000000000e+00,0.000000000000000000e+00,0.000000000000000000e+00,0.000000000000000000e+00,0.000000000000000000e+00,0.000000000000000000e+00,0.000000000000000000e+00,0.000000000000000000e+00,0.000000000000000000e+00,0.000000000000000000e+00,0.000000000000000000e+00,0.000000000000000000e+00,0.000000000000000000e+00,0.000000000000000000e+00,1.000000000000000000e+00,5.382098452103641906e-01,7.153289852797521942e-01,-2.045051418059710691e-01,2.363557971842020766e-01,2.796042984703407952e-01,9.888277086419743345e-01,5.100896124133118548e-01,-3.556474479906731601e-01,4.669864102306973686e-01,6.967288179329824693e-01,6.459879550606656418e-01,1.772583778951736522e-01,4.510539133818572965e-01,1.000000000000000000e+00,5.571634418060487232e-02,7.399020755014118489e-01,1.000000000000000000e+00,5.912230093859499602e-01,1.975348982440062462e-01,-4.644241820626379691e-01,7.724017978388586503e-01,-6.717234248860584067e-01,-4.628910434650402306e-01,1.000000000000000000e+00,8.635378235031391236e-01,7.761792034891860093e-01,4.175122586215567200e-01,1.228088330444030846e-01,4.245707560842773565e-01,1.000000000000000000e+00,5.334668778139376455e-01,-1.426960846908772174e-01,5.011834104104742060e-01,-3.377783675019943588e-02,4.567232586404209593e-01,4.222862285976370367e-01,1.949141567071449865e-01,3.092172064916784424e-01,-3.934623954325178197e-01,5.128074054486957412e-01,2.741631567023686267e-02,1.000000000000000000e+00,8.694798051987918663e-01,1.000000000000000000e+00,7.366249553571191377e-02,3.050180151390982086e-01,1.116687065538824880e-01,4.228032622537520879e-01,9.987665643936888271e-01,-4.286186193579422099e-01,2.538665499190544961e-01,4.651367492631834355e-01,-8.037348072885616701e-02,4.574201190000440342e-01,4.169075505182074370e-01,8.730978737898873465e-01,7.047125233496260854e-01,5.081148821804887250e-01,1.000000000000000000e+00
0.000000000000000000e+00,0.000000000000000000e+00,0.000000000000000000e+00,0.000000000000000000e+00,0.000000000000000000e+00,0.000000000000000000e+00,0.000000000000000000e+00,0.000000000000000000e+00,0.000000000000000000e+00,0.000000000000000000e+00,0.000000000000000000e+00,0.000000000000000000e+00,0.000000000000000000e+00,0.000000000000000000e+00,0.000000000000000000e+00,0.000000000000000000e+00,0.000000000000000000e+00,0.000000000000000000e+00,0.000000000000000000e+00,0.000000000000000000e+00,0.000000000000000000e+00,0.000000000000000000e+00,0.000000000000000000e+00,0.000000000000000000e+00,0.000000000000000000e+00,0.000000000000000000e+00,0.000000000000000000e+00,0.000000000000000000e+00,0.000000000000000000e+00,0.000000000000000000e+00,0.000000000000000000e+00,0.000000000000000000e+00,0.000000000000000000e+00,0.000000000000000000e+00,0.000000000000000000e+00,0.000000000000000000e+00,0.000000000000000000e+00,0.000000000000000000e+00,0.000000000000000000e+00,0.000000000000000000e+00,0.000000000000000000e+00,1.000000000000000000e+00,9.175633603637680658e-01,6.085705250691764157e-01,5.764263194460294004e-01,6.172849776556484924e-01,1.000000000000000000e+00,6.217861791540790078e-02,-5.180941665222000836e-01,7.265853836706720470e-01,1.639854107830497343e-01,3.965798889402168959e-01,4.126329782662633283e-01,6.785442138672374002e-01,1.000000000000000000e+00,-8.316892018410968479e-01,7.289741666943730936e-01,1.000000000000000000e+00,1.000000000000000000e+00,1.000000000000000000e+00,-6.795465246929196512e-01,9.936131984329236166e-01,-8.241068238578324046e-01,7.486744977222174746e-02,9.041684536381373594e-01,1.000000000000000000e+00,8.458244453221508419e-01,1.000000000000000000e+00,-9.088899010107773235e-02,7.918955496083158740e-01,1.000000000000000000e+00,8.489746295019999778e-01,6.549947521918214610e-01,1.000000000000000000e+00,-6.264181180100988344e-01,-1.508954813824167629e-01,9.146023594973299309e-01,6.483572284911870431e-01,5.758555144288286520e-01,-7.968522708015312039e-01,2.414367522472124494e-01,2.082981026512791822e-01,1.000000000000000000e+00,4.294193960399445564e-01,7.447944743407763912e-01,1.000000000000000000e+00,-1.767092376841346568e-01,-5.923637411694366861e-01,1.000000000000000000e+00,1.000000000000000000e+00,-6.899807447426394846e-01,7.594699368947603890e-01,9.779155784762606496e-01,-7.727678993195032930e-01,7.445893452178946603e-01,-2.563639246388290105e-01,6.440773511524372497e-01,2.672189625233823973e-01,-1.798266433689556520e-01,1.000000000000000000e+00
0.000000000000000000e+00,0.000000000000000000e+00,0.000000000000000000e+00,0.000000000000000000e+00,0.000000000000000000e+00,0.000000000000000000e+00,0.000000000000000000e+00,0.000000000000000000e+00,0.000000000000000000e+00,0.000000000000000000e+00,0.000000000000000000e+00,0.000000000000000000e+00,0.000000000000000000e+00,0.000000000000000000e+00,0.000000000000000000e+00,0.000000000000000000e+00,0.000000000000000000e+00,0.000000000000000000e+00,0.000000000000000000e+00,0.000000000000000000e+00,0.000000000000000000e+00,0.000000000000000000e+00,0.000000000000000000e+00,0.000000000000000000e+00,0.000000000000000000e+00,0.000000000000000000e+00,0.000000000000000000e+00,0.000000000000000000e+00,0.000000000000000000e+00,0.000000000000000000e+00,0.000000000000000000e+00,0.000000000000000000e+00,0.000000000000000000e+00,0.000000000000000000e+00,0.000000000000000000e+00,0.000000000000000000e+00,0.000000000000000000e+00,0.000000000000000000e+00,0.000000000000000000e+00,0.000000000000000000e+00,0.000000000000000000e+00,0.000000000000000000e+00,1.000000000000000000e+00,5.454627821568266283e-02,6.607233301056522068e-01,5.025638383109538587e-01,1.000000000000000000e+00,2.208916092330040770e-01,-5.732654279300600786e-01,6.163366621039062521e-01,3.574420009596931957e-01,4.088479701426424584e-01,-5.477013269958288383e-02,7.872465461733467729e-01,1.000000000000000000e+00,-2.325153532282392965e-01,4.206884145576506584e-01,6.105851530978222419e-01,5.019745661921291013e-01,8.456109920402367086e-01,-1.362227029730619654e-01,1.000000000000000000e+00,-5.205469512168667823e-01,-3.158319352422055415e-01,6.516815040145822469e-01,8.625246732258095017e-01,8.837907948822518733e-01,7.596680138879198241e-01,-3.151128708667077505e-01,5.122914203033837044e-01,1.000000000000000000e+00,6.898967759974639069e-01,5.074659697359588106e-01,1.000000000000000000e+00,-3.023842300834351793e-01,9.039693334776380818e-01,1.000000000000000000e+00,5.980895749335226608e-01,-8.445269040930362958e-02,-1.136038738435434792e-01,1.095087519513202601e-01,1.124639193918345326e-01,1.000000000000000000e+00,1.000000000000000000e+00,8.870334813697637877e-01,6.302662166748601580e-01,-6.085911206900748716e-02,-5.125102495000750241e-02,7.075120190200372416e-01,9.644395194126644810e-01,-2.967834605417520311e-01,5.308547809974749621e-01,2.353898780572443450e-01,-4.142846228157234800e-01,8.496324707343811955e-01,4.595342491428062726e-01,1.000000000000000000e+00,4.019792510496035809e-01,4.340239779249915886e-01,1.000000000000000000e+00
0.000000000000000000e+00,0.000000000000000000e+00,0.000000000000000000e+00,0.000000000000000000e+00,0.000000000000000000e+00,0.000000000000000000e+00,0.000000000000000000e+00,0.000000000000000000e+00,0.000000000000000000e+00,0.000000000000000000e+00,0.000000000000000000e+00,0.000000000000000000e+00,0.000000000000000000e+00,0.000000000000000000e+00,0.000000000000000000e+00,0.000000000000000000e+00,0.000000000000000000e+00,0.000000000000000000e+00,0.000000000000000000e+00,0.000000000000000000e+00,0.000000000000000000e+00,0.000000000000000000e+00,0.000000000000000000e+00,0.000000000000000000e+00,0.000000000000000000e+00,0.000000000000000000e+00,0.000000000000000000e+00,0.000000000000000000e+00,0.000000000000000000e+00,0.000000000000000000e+00,0.000000000000000000e+00,0.000000000000000000e+00,0.000000000000000000e+00,0.000000000000000000e+00,0.000000000000000000e+00,0.000000000000000000e+00,0.000000000000000000e+00,0.000000000000000000e+00,0.000000000000000000e+00,0.000000000000000000e+00,0.000000000000000000e+00,0.000000000000000000e+00,0.000000000000000000e+00,1.000000000000000000e+00,1.780834670118858487e-01,5.676232194479397669e-02,-1.318014974141818174e-01,-3.502834890406030660e-02,1.454903357212594672e-01,3.479529843996754246e-01,-2.807966323191775637e-01,-1.270506022206981112e-01,4.339529782933106983e-01,1.770043994329245363e-01,-1.196004162484928940e-01,-4.129974155964792337e-01,7.604355786511299287e-02,-1.033956949784069559e-02,5.529181610787312628e-01,8.651358538588959091e-01,4.861547164136172383e-01,-6.177534401101469202e-02,1.559388467333549522e-01,4.685773759895486279e-01,-1.372305940739569352e-01,1.225013509572996095e-01,-1.353864861107044737e-01,6.038379357228516042e-01,3.714182894553557518e-02,9.781044919555750838e-02,-7.344147620026146572e-02,-1.941987886225155380e-03,5.930580646690617463e-01,7.898338553935506656e-01,-2.146289685303869738e-02,-1.282970049646260102e-01,7.607393575487619852e-01,1.723982023269741704e-01,2.948349140703790949e-01,-1.044714784896849527e-03,-2.660544707723673796e-01,6.609092459851815260e-01,-1.951645835306484167e-02,-5.115306909146449810e-01,-2.101285799830442946e-01,9.023569319741491235e-01,-1.733705490107305403e-01,-3.097884887040228685e-01,2.359071178083978759e-01,-2.116029862431893782e-01,2.216723868162099320e-01,3.850018900781480569e-01,2.394105777208885288e-01,-1.149212379764746744e-01,5.382552290381129728e-02,-2.264006269068430388e-01,-1.566785048270549208e-01,-1.429281747626256482e-01,-5.538619573958418751e-01,-7.230333007896873505e-03
0.000000000000000000e+00,0.000000000000000000e+00,0.000000000000000000e+00,0.000000000000000000e+00,0.000000000000000000e+00,0.000000000000000000e+00,0.000000000000000000e+00,0.000000000000000000e+00,0.000000000000000000e+00,0.000000000000000000e+00,0.000000000000000000e+00,0.000000000000000000e+00,0.000000000000000000e+00,0.000000000000000000e+00,0.000000000000000000e+00,0.000000000000000000e+00,0.000000000000000000e+00,0.000000000000000000e+00,0.000000000000000000e+00,0.000000000000000000e+00,0.000000000000000000e+00,0.000000000000000000e+00,0.000000000000000000e+00,0.000000000000000000e+00,0.000000000000000000e+00,0.000000000000000000e+00,0.000000000000000000e+00,0.000000000000000000e+00,0.000000000000000000e+00,0.000000000000000000e+00,0.000000000000000000e+00,0.000000000000000000e+00,0.000000000000000000e+00,0.000000000000000000e+00,0.000000000000000000e+00,0.000000000000000000e+00,0.000000000000000000e+00,0.000000000000000000e+00,0.000000000000000000e+00,0.000000000000000000e+00,0.000000000000000000e+00,0.000000000000000000e+00,0.000000000000000000e+00,0.000000000000000000e+00,1.000000000000000000e+00,2.562884287648583559e-01,5.070384209739307035e-01,3.901205455416901779e-01,-3.022599706791745389e-01,-6.112883698671159327e-02,7.555716103507031933e-02,-2.816580040949750313e-02,-3.042178492320727901e-01,-1.857049688373677843e-01,3.044752814217239756e-01,-1.478618146830674995e-01,2.227155715303510419e-01,2.997936187754358661e-01,-1.690286864299980069e-02,9.675239760256700849e-01,2.268208237158383656e-01,5.570017796256352405e-01,5.981659145866496941e-02,3.623651998486501769e-01,-1.871566845983406446e-01,2.072600320855114975e-01,2.895626696385313892e-01,9.659075437226823935e-01,-1.590998474115431216e-01,2.756310708629022277e-01,7.361259757208745702e-01,3.915145629410969885e-01,6.215016262424092330e-01,7.556601310180808273e-01,-3.012568880417648143e-01,1.556400117347159773e-01,7.299707942588333776e-01,6.255947564140099670e-01,1.603959865941306101e-02,7.560036810911796579e-02,-3.131592130280992370e-01,2.562197251642298057e-01,5.788298880790514467e-01,8.776943288057654780e-01,4.537427700352185678e-01,6.586094474405898014e-01,-2.801518309520908967e-01,6.289057228612618400e-02,3.857779856254858752e-01,2.362872654227191893e-01,7.387215407224757835e-02,5.309259918683607582e-01,2.309750592879235287e-01,2.622871794630467490e-01,4.008241182033686067e-01,2.887929557609746900e-01,6.331534128630361691e-01,1.273287982794517326e-01,-1.502954391440153303e-01,7.627779437484744074e-01
0.000000000000000000e+00,0.000000000000000000e+00,0.000000000000000000e+00,0.000000000000000000e+00,0.000000000000000000e+00,0.000000000000000000e+00,0.000000000000000000e+00,0.000000000000000000e+00,0.000000000000000000e+00,0.000000000000000000e+00,0.000000000000000000e+00,0.000000000000000000e+00,0.000000000000000000e+00,0.000000000000000000e+00,0.000000000000000000e+00,0.000000000000000000e+00,0.000000000000000000e+00,0.000000000000000000e+00,0.000000000000000000e+00,0.000000000000000000e+00,0.000000000000000000e+00,0.000000000000000000e+00,0.000000000000000000e+00,0.000000000000000000e+00,0.000000000000000000e+00,0.000000000000000000e+00,0.000000000000000000e+00,0.000000000000000000e+00,0.000000000000000000e+00,0.000000000000000000e+00,0.000000000000000000e+00,0.000000000000000000e+00,0.000000000000000000e+00,0.000000000000000000e+00,0.000000000000000000e+00,0.000000000000000000e+00,0.000000000000000000e+00,0.000000000000000000e+00,0.000000000000000000e+00,0.000000000000000000e+00,0.000000000000000000e+00,0.000000000000000000e+00,0.000000000000000000e+00,0.000000000000000000e+00,0.000000000000000000e+00,1.000000000000000000e+00,1.000000000000000000e+00,-2.766840650814755276e-01,-1.000000000000000000e+00,8.106588147878605044e-01,-2.805161986806267715e-01,1.382299760357852680e-01,-1.119495423413345986e-01,1.000000000000000000e+00,9.880643756003493205e-01,-1.000000000000000000e+00,2.685662031196204835e-01,3.370493530025333029e-01,8.511424072329903945e-01,1.000000000000000000e+00,-9.245287784398080744e-01,1.000000000000000000e+00,-1.000000000000000000e+00,-1.693230458454187681e-01,6.232732088149822713e-01,9.658891741688332422e-01,1.000000000000000000e+00,1.000000000000000000e+00,-8.702686942015394056e-01,9.046531854982332588e-01,1.000000000000000000e+00,9.826214933403008001e-01,9.923101952495451128e-01,1.000000000000000000e+00,-1.000000000000000000e+00,3.633242156984176074e-01,8.941525585251731689e-01,1.000000000000000000e+00,-5.326517715191881885e-01,-4.465824925196001938e-01,1.360107552159458000e-01,-4.071095305764361183e-01,4.378467225839013932e-01,9.673567913824367981e-01,2.942688408485764628e-01,9.525446268624179202e-01,-5.231411289608858262e-01,-7.286305399725726550e-01,1.000000000000000000e+00,1.000000000000000000e+00,-1.000000000000000000e+00,6.640176513944568981e-01,6.443299989379732695e-01,-1.000000000000000000e+00,1.000000000000000000e+00,-3.397492998075301029e-01,9.482250702309683588e-01,-2.333482765307495210e-01,-1.007984717653286899e-01,1.000000000000000000e+00
0.000000000000000000e+00,0.000000000000000000e+00,0.000000000000000000e+00,0.000000000000000000e+00,0.000000000000000000e+00,0.000000000000000000e+00,0.000000000000000000e+00,0.000000000000000000e+00,0.000000000000000000e+00,0.000000000000000000e+00,0.000000000000000000e+00,0.000000000000000000e+00,0.000000000000000000e+00,0.000000000000000000e+00,0.000000000000000000e+00,0.000000000000000000e+00,0.000000000000000000e+00,0.000000000000000000e+00,0.000000000000000000e+00,0.000000000000000000e+00,0.000000000000000000e+00,0.000000000000000000e+00,0.000000000000000000e+00,0.000000000000000000e+00,0.000000000000000000e+00,0.000000000000000000e+00,0.000000000000000000e+00,0.000000000000000000e+00,0.000000000000000000e+00,0.000000000000000000e+00,0.000000000000000000e+00,0.000000000000000000e+00,0.000000000000000000e+00,0.000000000000000000e+00,0.000000000000000000e+00,0.000000000000000000e+00,0.000000000000000000e+00,0.000000000000000000e+00,0.000000000000000000e+00,0.000000000000000000e+00,0.000000000000000000e+00,0.000000000000000000e+00,0.000000000000000000e+00,0.000000000000000000e+00,0.000000000000000000e+00,0.000000000000000000e+00,1.000000000000000000e+00,2.816191011543792144e-01,-4.888900827916836112e-01,3.309329680513936611e-01,2.977461491694725626e-01,3.261152574566947848e-01,-8.499722667705301993e-02,4.437007265398541511e-01,8.196666337971351135e-01,-2.141799388225824330e-01,4.386907604273643790e-01,5.033337976517525680e-01,4.626847288006311620e-01,3.109398403323849203e-01,-4.458077424088914831e-01,8.782761937166446709e-01,-6.411017896994807286e-01,-3.403010477384993404e-01,6.186417822350597229e-01,6.082652609163645696e-01,7.073966226480231656e-01,6.668116855024570633e-01,-2.170687115918691068e-01,4.447323619367770098e-01,1.000000000000000000e+00,5.173096460051245238e-01,8.858203595008588838e-02,6.667238723424707691e-01,-3.253623039568173114e-01,3.370187241467444417e-01,3.185563351671950594e-01,4.174210856454182439e-01,-9.870311210138120461e-02,-4.041744270337485623e-01,3.066343183371366687e-01,-1.916995560886928240e-01,7.550160705284828522e-01,9.308882422039600479e-01,6.277951724336086059e-01,1.675031141089326214e-01,3.593563867972295739e-02,-7.573309640156972167e-02,5.357218565010621880e-01,7.726126806615299936e-01,-5.707652933024459641e-01,2.130276365658657078e-01,3.990542363501884404e-01,-4.463382734410571429e-01,5.420694530893612750e-01,1.152854969672492402e-01,7.806024458801790189e-01,3.060482323700976504e-01,2.021249494816576286e-01,8.727740535034570479e-01
0.000000000000000000e+00,0.000000000000000000e+00,0.000000000000000000e+00,0.000000000000000000e+00,0.000000000000000000e+00,0.000000000000000000e+00,0.000000000000000000e+00,0.000000000000000000e+00,0.000000000000000000e+00,0.000000000000000000e+00,0.000000000000000000e+00,0.000000000000000000e+00,0.000000000000000000e+00,0.000000000000000000e+00,0.000000000000000000e+00,0.000000000000000000e+00,0.000000000000000000e+00,0.000000000000000000e+00,0.000000000000000000e+00,0.000000000000000000e+00,0.000000000000000000e+00,0.000000000000000000e+00,0.000000000000000000e+00,0.000000000000000000e+00,0.000000000000000000e+00,0.000000000000000000e+00,0.000000000000000000e+00,0.000000000000000000e+00,0.000000000000000000e+00,0.000000000000000000e+00,0.000000000000000000e+00,0.000000000000000000e+00,0.000000000000000000e+00,0.000000000000000000e+00,0.000000000000000000e+00,0.000000000000000000e+00,0.000000000000000000e+00,0.000000000000000000e+00,0.000000000000000000e+00,0.000000000000000000e+00,0.000000000000000000e+00,0.000000000000000000e+00,0.000000000000000000e+00,0.000000000000000000e+00,0.000000000000000000e+00,0.000000000000000000e+00,0.000000000000000000e+00,1.000000000000000000e+00,3.661423587642603783e-02,-3.875575101647904096e-03,6.075018817271544691e-01,3.509570501934462516e-01,9.436810347651805597e-02,-1.962700570142212886e-01,3.891706708163854556e-01,4.043109810146206518e-01,4.694926361178113350e-01,3.516369865012091700e-01,2.132331813870831094e-01,1.740055645216290192e-02,5.440084572848271627e-01,2.532622798370451900e-01,1.588767246729129098e-02,-9.842853557901080908e-02,4.103102304510355958e-01,1.845930166804586881e-01,2.357071498157263245e-01,4.283161866794409356e-01,2.595590891469353734e-01,5.631370715002161770e-02,3.389076184472257780e-01,5.641107383370109335e-02,-1.506716426607013770e-01,1.245592339318438435e-01,2.144508820196657228e-01,2.898563342959126765e-01,-2.799735856639518072e-02,-7.699676438437059144e-03,2.848100061971791108e-01,1.521101469490184323e-03,2.675283039372272631e-01,2.787269211764940025e-01,6.459568949827206863e-01,5.840931128193330713e-01,6.536100485022240392e-01,-9.531067106182904147e-02,3.396743570221259501e-01,4.058504378660601764e-01,-5.226849228970197395e-03,2.003700914602308814e-01,8.205597965970741481e-02,-9.821483962832534831e-02,2.637135757970597294e-01,5.671857632269236005e-01,-1.917171915967826393e-02,5.682255220292121711e-01,5.032355237787043967e-01,6.194752296767307431e-01,1.485532000370884120e-01,6.210039706718025743e-01
0.000000000000000000e+00,0.000000000000000000e+00,0.000000000000000000e+00,0.000000000000000000e+00,0.000000000000000000e+00,0.000000000000000000e+00,0.000000000000000000e+00,0.000000000000000000e+00,0.000000000000000000e+00,0.000000000000000000e+00,0.000000000000000000e+00,0.000000000000000000e+00,0.000000000000000000e+00,0.000000000000000000e+00,0.000000000000000000e+00,0.000000000000000000e+00,0.000000000000000000e+00,0.000000000000000000e+00,0.000000000000000000e+00,0.000000000000000000e+00,0.000000000000000000e+00,0.000000000000000000e+00,0.000000000000000000e+00,0.000000000000000000e+00,0.000000000000000000e+00,0.000000000000000000e+00,0.000000000000000000e+00,0.000000000000000000e+00,0.000000000000000000e+00,0.000000000000000000e+00,0.000000000000000000e+00,0.000000000000000000e+00,0.000000000000000000e+00,0.000000000000000000e+00,0.000000000000000000e+00,0.000000000000000000e+00,0.000000000000000000e+00,0.000000000000000000e+00,0.000000000000000000e+00,0.000000000000000000e+00,0.000000000000000000e+00,0.000000000000000000e+00,0.000000000000000000e+00,0.000000000000000000e+00,0.000000000000000000e+00,0.000000000000000000e+00,0.000000000000000000e+00,0.000000000000000000e+00,1.000000000000000000e+00,-1.521952362300077743e-01,1.116464738994327327e-01,-1.743203891376565451e-01,6.166787611715777162e-01,-6.112516846895503786e-01,-8.089120094961452789e-01,5.636150667270805048e-01,-1.728228061687711870e-01,-2.457056833111447292e-01,-1.886936129808626794e-01,-3.773241033761686181e-01,1.000000000000000000e+00,-1.000000000000000000e+00,9.338428786196800724e-01,4.273206313643929666e-01,-4.833804505388603068e-01,-5.946950125816573562e-01,-9.565462745814095058e-01,-9.985073907683065242e-01,7.607627943763046741e-01,-5.853486068272621967e-01,-1.000000000000000000e+00,-7.700160186288286246e-01,-1.877262225657226336e-01,-7.988789654492896020e-01,9.335480498501971258e-01,-3.171921287895205221e-01,-8.856231572218475900e-02,-8.105296172085518780e-01,7.588055782191452936e-01,3.856891044136743774e-01,-3.052594666344680685e-01,8.381861787863343904e-01,-3.981013870177535496e-01,-1.000000000000000000e+00,-5.138931452845689751e-01,4.441916298408466607e-02,3.295552539481264587e-01,3.139322800993624152e-01,-7.767785397213066156e-01,-1.000000000000000000e+00,1.000000000000000000e+00,-2.744068210214904990e-01,-3.446647002707283192e-01,9.266986781937397444e-01,-9.463877006627317012e-01,1.556882641321420679e-01,-9.549676396815407475e-01,1.357766482369302807e-01,-2.978555071915960917e-01,-8.886317555428137061e-01
0.000000000000000000e+00,0.000000000000000000e+00,0.000000000000000000e+00,0.000000000000000000e+00,0.000000000000000000e+00,0.000000000000000000e+00,0.000000000000000000e+00,0.000000000000000000e+00,0.000000000000000000e+00,0.000000000000000000e+00,0.000000000000000000e+00,0.000000000000000000e+00,0.000000000000000000e+00,0.000000000000000000e+00,0.000000000000000000e+00,0.000000000000000000e+00,0.000000000000000000e+00,0.000000000000000000e+00,0.000000000000000000e+00,0.000000000000000000e+00,0.000000000000000000e+00,0.000000000000000000e+00,0.000000000000000000e+00,0.000000000000000000e+00,0.000000000000000000e+00,0.000000000000000000e+00,0.000000000000000000e+00,0.000000000000000000e+00,0.000000000000000000e+00,0.000000000000000000e+00,0.000000000000000000e+00,0.000000000000000000e+00,0.000000000000000000e+00,0.000000000000000000e+00,0.000000000000000000e+00,0.000000000000000000e+00,0.000000000000000000e+00,0.000000000000000000e+00,0.000000000000000000e+00,0.000000000000000000e+00,0.000000000000000000e+00,0.000000000000000000e+00,0.000000000000000000e+00,0.000000000000000000e+00,0.000000000000000000e+00,0.000000000000000000e+00,0.000000000000000000e+00,0.000000000000000000e+00,0.000000000000000000e+00,1.000000000000000000e+00,1.501085651639362251e-01,1.799545925375619360e-01,5.155915092755292140e-01,1.000000000000000000e+00,4.926615451898521125e-01,-2.364945163183231613e-01,8.611478911345424314e-02,5.226225733220226516e-02,4.415389821837029660e-01,4.652793485557757402e-01,7.927673107755176529e-01,3.895696647196918438e-01,-3.351122508717370163e-01,-1.727776262480030522e-01,5.351217662156894095e-01,5.146501289643617971e-01,3.224442102854079284e-01,1.326936195071958258e-01,-1.399448899194850326e-01,1.856860171254307024e-01,4.272759686051617600e-01,1.046053680589980051e-01,5.893184500586794439e-01,4.454423884562054292e-01,1.163974277499314341e-01,7.113058836121693984e-01,9.423749242276575622e-01,3.426230829907399300e-02,-1.030060294106693586e-01,3.925273680489586581e-01,-1.658119718111685306e-02,4.065443613613309859e-01,1.511124652603097751e-01,1.743322765736090019e-01,2.594563090440906578e-02,5.371187701236024292e-01,6.150624515920380397e-02,-8.742222480836196741e-02,2.703947883007296604e-01,2.776430952095913507e-01,8.854602591297477954e-02,1.978716362886219216e-01,-1.060166299853919775e-01,-2.767984207818829923e-01,4.660464281542840981e-01,4.328804259469042348e-01,2.976556385978164077e-01,1.913371195234417343e-01,1.011690693450038314e-01,2.709113811221215973e-01
0.000000000000000000e+00,0.000000000000000000e+00,0.000000000000000000e+00,0.000000000000000000e+00,0.000000000000000000e+00,0.000000000000000000e+00,0.000000000000000000e+00,0.000000000000000000e+00,0.000000000000000000e+00,0.000000000000000000e+00,0.000000000000000000e+00,0.000000000000000000e+00,0.000000000000000000e+00,0.000000000000000000e+00,0.000000000000000000e+00,0.000000000000000000e+00,0.000000000000000000e+00,0.000000000000000000e+00,0.000000000000000000e+00,0.000000000000000000e+00,0.000000000000000000e+00,0.000000000000000000e+00,0.000000000000000000e+00,0.000000000000000000e+00,0.000000000000000000e+00,0.000000000000000000e+00,0.000000000000000000e+00,0.000000000000000000e+00,0.000000000000000000e+00,0.000000000000000000e+00,0.000000000000000000e+00,0.000000000000000000e+00,0.000000000000000000e+00,0.000000000000000000e+00,0.000000000000000000e+00,0.000000000000000000e+00,0.000000000000000000e+00,0.000000000000000000e+00,0.000000000000000000e+00,0.000000000000000000e+00,0.000000000000000000e+00,0.000000000000000000e+00,0.000000000000000000e+00,0.000000000000000000e+00,0.000000000000000000e+00,0.000000000000000000e+00,0.000000000000000000e+00,0.000000000000000000e+00,0.000000000000000000e+00,0.000000000000000000e+00,1.000000000000000000e+00,5.830204017228819424e-01,1.720203202723231406e-01,3.354276738385182643e-02,7.860991047437870805e-01,6.535333607738800232e-01,5.714821265012265394e-01,6.801146156639750195e-01,9.605397123457157238e-02,-2.773564411342911984e-01,5.201968087226237492e-01,2.975735190851668266e-01,-1.344811563719603975e-01,-4.077435652986344250e-01,7.867118251311786548e-01,4.120131466396833586e-01,3.913844668675959815e-01,-1.149929704629783916e-01,4.097415880724462056e-01,5.695644903921744800e-02,6.721183114596995800e-01,1.189383827204088112e-01,-3.095973775470000078e-01,-2.168385998888894550e-01,4.536142230922034502e-01,5.840759599299406579e-01,5.996635237217089187e-02,-1.994699452058151246e-01,4.180438273337244159e-01,6.345850707037202498e-02,3.924406405093782690e-01,1.930253146951763921e-01,1.000000000000000000e+00,8.975411113386165818e-01,9.593540961002781087e-01,-2.939797286201911719e-01,5.419041027856940085e-01,5.849002101866148662e-01,-8.401087922575228850e-02,5.000924508898353382e-01,1.409094618539850075e-01,-1.317141969222076769e-01,1.042554158579307583e-01,6.772583609059192877e-01,2.648913482059812516e-02,9.152382732708176372e-01,6.391331394840139568e-01,9.392342898662416895e-01,6.111028831836065045e-01,7.760928094484366158e-01
0.000000000000000000e+00,0.000000000000000000e+00,0.000000000000000000e+00,0.000000000000000000e+00,0.000000000000000000e+00,0.000000000000000000e+00,0.000000000000000000e+00,0.000000000000000000e+00,0.000000000000000000e+00,0.000000000000000000e+00,0.000000000000000000e+00,0.000000000000000000e+00,0.000000000000000000e+00,0.000000000000000000e+00,0.000000000000000000e+00,0.000000000000000000e+00,0.000000000000000000e+00,0.000000000000000000e+00,0.000000000000000000e+00,0.000000000000000000e+00,0.000000000000000000e+00,0.000000000000000000e+00,0.000000000000000000e+00,0.000000000000000000e+00,0.000000000000000000e+00,0.000000000000000000e+00,0.000000000000000000e+00,0.000000000000000000e+00,0.000000000000000000e+00,0.000000000000000000e+00,0.000000000000000000e+00,0.000000000000000000e+00,0.000000000000000000e+00,0.000000000000000000e+00,0.000000000000000000e+00,0.000000000000000000e+00,0.000000000000000000e+00,0.000000000000000000e+00,0.000000000000000000e+00,0.000000000000000000e+00,0.000000000000000000e+00,0.000000000000000000e+00,0.000000000000000000e+00,0.000000000000000000e+00,0.000000000000000000e+00,0.000000000000000000e+00,0.000000000000000000e+00,0.000000000000000000e+00,0.000000000000000000e+00,0.000000000000000000e+00,0.000000000000000000e+00,1.000000000000000000e+00,3.729574053551489854e-01,4.536007903277625153e-01,1.000000000000000000e+00,5.258026495923653343e-01,9.319557152059789740e-01,1.000000000000000000e+00,7.428483404218885200e-01,-2.528054668913142788e-01,-1.092455812050945052e-01,6.960580748620209812e-01,-6.144559894804624278e-01,-7.929770095990175127e-01,1.000000000000000000e+00,9.116062668704438821e-01,8.789008676577957369e-01,1.999566775232105853e-01,3.908143543844747048e-01,3.046528515379146596e-01,1.000000000000000000e+00,4.053089415261468820e-01,-5.965345732208789942e-01,2.575646095633250532e-01,2.907303830696885139e-01,8.544810702146663495e-01,7.410329597156346815e-02,-1.473069103710649419e-01,5.391188717684287646e-01,-3.790384863277469485e-01,9.466189901066546231e-01,7.638481042915021280e-02,1.000000000000000000e+00,1.000000000000000000e+00,1.000000000000000000e+00,-3.742647997987728625e-01,7.279558722082627442e-01,4.055926482899405161e-01,2.260064692401581865e-01,1.000000000000000000e+00,-3.252912786706333437e-01,-1.498503078835199398e-01,5.061185740794629240e-01,2.469551620520192281e-01,2.698091580738520290e-01,7.828412227774723675e-01,9.376003392372723733e-01,1.000000000000000000e+00,8.637045672116878681e-01,1.000000000000000000e+00
0.000000000000000000e+00,0.000000000000000000e+00,0.000000000000000000e+00,0.000000000000000000e+00,0.000000000000000000e+00,0.000000000000000000e+00,0.000000000000000000e+00,0.000000000000000000e+00,0.000000000000000000e+00,0.000000000000000000e+00,0.000000000000000000e+00,0.000000000000000000e+00,0.000000000000000000e+00,0.000000000000000000e+00,0.000000000000000000e+00,0.000000000000000000e+00,0.000000000000000000e+00,0.000000000000000000e+00,0.000000000000000000e+00,0.000000000000000000e+00,0.000000000000000000e+00,0.000000000000000000e+00,0.000000000000000000e+00,0.000000000000000000e+00,0.000000000000000000e+00,0.000000000000000000e+00,0.000000000000000000e+00,0.000000000000000000e+00,0.000000000000000000e+00,0.000000000000000000e+00,0.000000000000000000e+00,0.000000000000000000e+00,0.000000000000000000e+00,0.000000000000000000e+00,0.000000000000000000e+00,0.000000000000000000e+00,0.000000000000000000e+00,0.000000000000000000e+00,0.000000000000000000e+00,0.000000000000000000e+00,0.000000000000000000e+00,0.000000000000000000e+00,0.000000000000000000e+00,0.000000000000000000e+00,0.000000000000000000e+00,0.000000000000000000e+00,0.000000000000000000e+00,0.000000000000000000e+00,0.000000000000000000e+00,0.000000000000000000e+00,0.000000000000000000e+00,0.000000000000000000e+00,1.000000000000000000e+00,5.367279686243277004e-01,2.440609043157536129e-01,-2.313722096466013234e-01,3.265191769178953374e-01,2.179963195671935361e-01,9.027157700970160903e-01,2.748941237452684483e-01,6.428929374622628368e-01,-1.475330699135928847e-01,-1.350430703754799677e-01,1.086393630800034926e-01,5.219950389555246817e-01,3.727969601105396436e-01,-2.776932490443708226e-02,1.151231037453950001e-01,3.644293497723496977e-01,9.084198454316050331e-02,-1.245601855545884484e-01,-1.198690503507649358e-01,3.117577309809961839e-01,3.602666127911883232e-01,2.951882001545365064e-01,-2.088705947201913160e-02,4.712936969048907576e-01,-3.003557763663453062e-01,6.695499441362883219e-01,-7.501338778105409721e-02,1.280940334971807093e-01,7.170477493341251840e-01,1.434853482974620120e-01,-8.658885656041053203e-01,-1.197727265768255001e-01,6.821268689124001527e-01,2.722746242115057780e-01,-2.094310378493009772e-01,1.319165953975136585e-01,-1.533026039307216516e-02,1.026841165567370651e-01,7.336049277354875220e-02,3.183016035595934157e-01,-6.792967276166854418e-02,-7.404719244275140277e-02,-5.369866844102858666e-02,-2.753968768556850910e-01,2.564944425685713458e-01,-2.897637287591623978e-01,6.436042489361085139e-02
0.000000000000000000e+00,0.000000000000000000e+00,0.000000000000000000e+00,0.000000000000000000e+00,0.000000000000000000e+00,0.000000000000000000e+00,0.000000000000000000e+00,0.000000000000000000e+00,0.000000000000000000e+00,0.000000000000000000e+00,0.000000000000000000e+00,0.000000000000000000e+00,0.000000000000000000e+00,0.000000000000000000e+00,0.000000000000000000e+00,0.000000000000000000e+00,0.000000000000000000e+00,0.000000000000000000e+00,0.000000000000000000e+00,0.000000000000000000e+00,0.000000000000000000e+00,0.000000000000000000e+00,0.000000000000000000e+00,0.000000000000000000e+00,0.000000000000000000e+00,0.000000000000000000e+00,0.000000000000000000e+00,0.000000000000000000e+00,0.000000000000000000e+00,0.000000000000000000e+00,0.000000000000000000e+00,0.000000000000000000e+00,0.000000000000000000e+00,0.000000000000000000e+00,0.000000000000000000e+00,0.000000000000000000e+00,0.000000000000000000e+00,0.000000000000000000e+00,0.000000000000000000e+00,0.000000000000000000e+00,0.000000000000000000e+00,0.000000000000000000e+00,0.000000000000000000e+00,0.000000000000000000e+00,0.000000000000000000e+00,0.000000000000000000e+00,0.000000000000000000e+00,0.000000000000000000e+00,0.000000000000000000e+00,0.000000000000000000e+00,0.000000000000000000e+00,0.000000000000000000e+00,0.000000000000000000e+00,1.000000000000000000e+00,3.058896121567341586e-01,-1.895144699485175888e-01,-9.269364587764380992e-02,-1.501746686107419959e-01,2.156656373508309410e-01,2.055817744686354864e-01,4.514232862045050032e-01,3.636636942780239190e-01,-3.094200599302067145e-01,-2.856202696420792053e-01,3.636125851550185972e-01,3.423201253781816278e-01,3.134654669308082342e-01,-9.234125252119087038e-03,-2.791905378746665223e-01,1.222900141727797790e-01,2.988067944989972746e-01,8.545680384374125527e-02,3.833194086404074774e-01,2.568026007512348996e-01,-8.274608187417311841e-03,7.217188473490037115e-01,5.947577006644966247e-01,4.389756246580446553e-02,-3.450615484999370874e-01,3.379689374888093512e-01,3.483039466160318953e-02,7.764712808361971808e-02,-5.783171458844699186e-02,2.656031167634850254e-01,-6.461851909038977826e-02,2.155472357636391556e-01,6.074821239265919791e-03,-9.083999944940467086e-02,2.067943318699721200e-01,2.408023841130241260e-01,-2.586768688259957066e-02,3.323682192948759079e-02,-2.052452616209553549e-01,-3.927445763056827688e-01,4.355721206351166885e-01,2.844440610017142657e-01,2.358676912210056209e-01,3.161652052526185003e-02,2.006735449510583524e-01,1.357251893579468627e-01
0.000000000000000000e+00,0.000000000000000000e+00,0.000000000000000000e+00,0.000000000000000000e+00,0.000000000000000000e+00,0.000000000000000000e+00,0.000000000000000000e+00,0.000000000000000000e+00,0.000000000000000000e+00,0.000000000000000000e+00,0.000000000000000000e+00,0.000000000000000000e+00,0.000000000000000000e+00,0.000000000000000000e+00,0.000000000000000000e+00,0.000000000000000000e+00,0.000000000000000000e+00,0.000000000000000000e+00,0.000000000000000000e+00,0.000000000000000000e+00,0.000000000000000000e+00,0.000000000000000000e+00,0.000000000000000000e+00,0.000000000000000000e+00,0.000000000000000000e+00,0.000000000000000000e+00,0.000000000000000000e+00,0.000000000000000000e+00,0.000000000000000000e+00,0.000000000000000000e+00,0.000000000000000000e+00,0.000000000000000000e+00,0.000000000000000000e+00,0.000000000000000000e+00,0.000000000000000000e+00,0.000000000000000000e+00,0.000000000000000000e+00,0.000000000000000000e+00,0.000000000000000000e+00,0.000000000000000000e+00,0.000000000000000000e+00,0.000000000000000000e+00,0.000000000000000000e+00,0.000000000000000000e+00,0.000000000000000000e+00,0.000000000000000000e+00,0.000000000000000000e+00,0.000000000000000000e+00,0.000000000000000000e+00,0.000000000000000000e+00,0.000000000000000000e+00,0.000000000000000000e+00,0.000000000000000000e+00,0.000000000000000000e+00,1.000000000000000000e+00,-3.758739488382887607e-03,5.480057435327948534e-01,6.585115246298297587e-01,4.186178195413235992e-01,1.506266435390458125e-01,-2.103672255804883151e-01,6.653653493133956376e-01,-5.565951763192730217e-01,-3.357920598116211908e-01,8.278030310700170702e-01,6.742042553041441844e-01,6.152207292229374680e-01,3.782554661436342558e-01,2.879987819935527632e-02,3.247849345473057814e-01,9.383513880530481854e-01,3.891221154893792500e-01,1.325541743983602201e-02,3.341348691925909442e-01,-2.308546809469935387e-02,4.146479748517224451e-01,3.568808724231659624e-01,1.914635706302491580e-01,1.381325745341744626e-01,-1.633422404387846194e-01,3.527253633937481592e-01,6.966862691754817372e-03,8.827026330572182999e-01,6.095168300369262493e-01,7.775630063901849409e-01,9.846861793133140917e-02,2.282562084458709117e-01,8.686419926235061650e-02,3.379584052502386804e-01,7.632809027210843977e-01,-3.546469137719810427e-01,1.777953367767324822e-01,3.060414606521609238e-01,-4.589419550114303553e-02,4.242875254142431385e-01,3.798137038362003892e-01,7.245923769074598120e-01,5.330000176942739643e-01,3.740269382351435468e-01,8.146656107859243656e-01
0.000000000000000000e+00,0.000000000000000000e+00,0.000000000000000000e+00,0.000000000000000000e+00,0.000000000000000000e+00,0.000000000000000000e+00,0.000000000000000000e+00,0.000000000000000000e+00,0.000000000000000000e+00,0.000000000000000000e+00,0.000000000000000000e+00,0.000000000000000000e+00,0.000000000000000000e+00,0.000000000000000000e+00,0.000000000000000000e+00,0.000000000000000000e+00,0.000000000000000000e+00,0.000000000000000000e+00,0.000000000000000000e+00,0.000000000000000000e+00,0.000000000000000000e+00,0.000000000000000000e+00,0.000000000000000000e+00,0.000000000000000000e+00,0.000000000000000000e+00,0.000000000000000000e+00,0.000000000000000000e+00,0.000000000000000000e+00,0.000000000000000000e+00,0.000000000000000000e+00,0.000000000000000000e+00,0.000000000000000000e+00,0.000000000000000000e+00,0.000000000000000000e+00,0.000000000000000000e+00,0.000000000000000000e+00,0.000000000000000000e+00,0.000000000000000000e+00,0.000000000000000000e+00,0.000000000000000000e+00,0.000000000000000000e+00,0.000000000000000000e+00,0.000000000000000000e+00,0.000000000000000000e+00,0.000000000000000000e+00,0.000000000000000000e+00,0.000000000000000000e+00,0.000000000000000000e+00,0.000000000000000000e+00,0.000000000000000000e+00,0.000000000000000000e+00,0.000000000000000000e+00,0.000000000000000000e+00,0.000000000000000000e+00,0.000000000000000000e+00,1.000000000000000000e+00,1.261010052793224388e-02,4.236486759817053444e-02,-6.727075509582093327e-01,-7.363201719559362424e-01,6.923972065256347452e-01,-2.953077436423745539e-01,4.391950566610313134e-01,-3.490001466333669256e-01,6.948313781312003001e-02,-2.189164712757452613e-01,-1.303341479863767138e-01,-8.479304409379448959e-01,3.393154011173835083e-01,-3.806309329896582772e-01,-4.607642235636071754e-02,-2.911898091405581424e-01,-5.850359904968326363e-01,-9.120760667966365531e-01,6.720462538049479795e-01,6.831566550525428605e-01,-1.995462573158104658e-01,-4.307735974054255901e-01,1.890031918252692332e-03,4.878895552157507809e-01,1.257103493102391112e-01,8.509099561843087856e-02,2.956127924313313726e-01,7.406945888884515217e-01,4.780687035272137009e-01,-7.791939305839508112e-01,4.433405167253245405e-01,7.764067159177562294e-01,-6.140575112643491540e-01,-1.300946569153484111e-01,5.973850641221862823e-01,-3.862389282229001797e-01,-4.972532401401851820e-01,9.412248145599654281e-01,-3.380803179657862478e-01,8.881471533528570994e-01,2.050687858266241059e-01,5.685808898124393718e-01,6.579203986097857948e-01,-4.057318916435707912e-02
0.000000000000000000e+00,0.000000000000000000e+00,0.000000000000000000e+00,0.000000000000000000e+00,0.000000000000000000e+00,0.000000000000000000e+00,0.000000000000000000e+00,0.000000000000000000e+00,0.000000000000000000e+00,0.000000000000000000e+00,0.000000000000000000e+00,0.000000000000000000e+00,0.000000000000000000e+00,0.000000000000000000e+00,0.000000000000000000e+00,0.000000000000000000e+00,0.000000000000000000e+00,0.000000000000000000e+00,0.000000000000000000e+00,0.000000000000000000e+00,0.000000000000000000e+00,0.000000000000000000e+00,0.000000000000000000e+00,0.000000000000000000e+00,0.000000000000000000e+00,0.000000000000000000e+00,0.000000000000000000e+00,0.000000000000000000e+00,0.000000000000000000e+00,0.000000000000000000e+00,0.000000000000000000e+00,0.000000000000000000e+00,0.000000000000000000e+00,0.000000000000000000e+00,0.000000000000000000e+00,0.000000000000000000e+00,0.000000000000000000e+00,0.000000000000000000e+00,0.000000000000000000e+00,0.000000000000000000e+00,0.000000000000000000e+00,0.000000000000000000e+00,0.000000000000000000e+00,0.000000000000000000e+00,0.000000000000000000e+00,0.000000000000000000e+00,0.000000000000000000e+00,0.000000000000000000e+00,0.000000000000000000e+00,0.000000000000000000e+00,0.000000000000000000e+00,0.000000000000000000e+00,0.000000000000000000e+00,0.000000000000000000e+00,0.000000000000000000e+00,0.000000000000000000e+00,1.000000000000000000e+00,1.000000000000000000e+00,8.764300887538913898e-01,2.318878496374535969e-01,-4.536037620271435866e-01,4.768510061021225543e-01,-5.180403206732907551e-01,-8.847522515010197708e-02,9.124464973016965796e-01,6.650480304345762761e-01,4.666820919607399532e-01,7.990448866997285071e-01,4.402674520282461312e-01,4.052760575211116212e-01,8.567582709870208424e-01,3.889987671505901745e-01,-2.785774186067940250e-01,6.500093817630587800e-01,3.252545812427818511e-02,-3.599897379676050835e-01,-4.154098429034675031e-04,1.364749292926725477e-01,7.628778032590478597e-01,-8.579974613968509578e-01,4.814109354936851326e-01,2.743244869230573313e-01,1.000000000000000000e+00,2.830677149438623474e-01,9.607639004724363163e-01,2.280597746214722277e-01,3.577362170811906883e-01,7.250357093393788865e-02,3.549936173934823969e-01,6.711839190382186127e-01,-4.416532327955410842e-01,2.507641159568436695e-01,9.078170317533803546e-01,1.444815678410008852e-01,3.561604297729598079e-02,4.805631000632745037e-02,6.199973001571933429e-01,7.251773531813646700e-01,-8.429266093474370447e-02,9.859400849359680752e-01
0.000000000000000000e+00,0.000000000000000000e+00,0.000000000000000000e+00,0.000000000000000000e+00,0.000000000000000000e+00,0.000000000000000000e+00,0.000000000000000000e+00,0.000000000000000000e+00,0.000000000000000000e+00,0.000000000000000000e+00,0.000000000000000000e+00,0.000000000000000000e+00,0.000000000000000000e+00,0.000000000000000000e+00,0.000000000000000000e+00,0.000000000000000000e+00,0.000000000000000000e+00,0.000000000000000000e+00,0.000000000000000000e+00,0.000000000000000000e+00,0.000000000000000000e+00,0.000000000000000000e+00,0.000000000000000000e+00,0.000000000000000000e+00,0.000000000000000000e+00,0.000000000000000000e+00,0.000000000000000000e+00,0.000000000000000000e+00,0.000000000000000000e+00,0.000000000000000000e+00,0.000000000000000000e+00,0.000000000000000000e+00,0.000000000000000000e+00,0.000000000000000000e+00,0.000000000000000000e+00,0.000000000000000000e+00,0.000000000000000000e+00,0.000000000000000000e+00,0.000000000000000000e+00,0.000000000000000000e+00,0.000000000000000000e+00,0.000000000000000000e+00,0.000000000000000000e+00,0.000000000000000000e+00,0.000000000000000000e+00,0.000000000000000000e+00,0.000000000000000000e+00,0.000000000000000000e+00,0.000000000000000000e+00,0.000000000000000000e+00,0.000000000000000000e+00,0.000000000000000000e+00,0.000000000000000000e+00,0.000000000000000000e+00,0.000000000000000000e+00,0.000000000000000000e+00,0.000000000000000000e+00,1.000000000000000000e+00,3.655374253343789404e-01,3.502415280212797244e-01,-3.813947027285320979e-01,2.545975580338283306e-01,-2.980638609372134873e-01,3.081210545485913582e-02,6.326078433489698005e-01,4.386459215265964828e-01,2.763302250930450565e-01,3.895573039120536207e-01,3.496972435255287226e-01,2.857323717448061462e-01,5.917617373372894285e-01,3.541196358673504574e-01,-1.432201917383050249e-01,4.404674639150723547e-01,-1.152143399566982543e-02,-3.671122722135418681e-01,9.478176811308683392e-02,1.033893898882954632e-01,6.092752580213555147e-01,-4.803551952567701178e-01,2.409538017149978339e-01,1.155490472826654624e-01,8.611296278535899296e-01,3.213214186617782131e-01,7.694475299149315939e-01,1.225793285585598941e-01,1.142743975939125439e-01,3.811085222506802733e-02,2.150191557918481045e-01,5.050757160768798437e-01,-1.541795517394965453e-01,3.331038508178097990e-01,5.403606468292989629e-01,2.052501454568257944e-01,4.052940212330821690e-02,1.384027407482492922e-01,3.629780294141851660e-01,4.720888560046658244e-01,5.747051929080210925e-02,6.572140722933677015e-01
0.000000000000000000e+00,0.000000000000000000e+00,0.000000000000000000e+00,0.000000000000000000e+00,0.000000000000000000e+00,0.000000000000000000e+00,0.000000000000000000e+00,0.000000000000000000e+00,0.000000000000000000e+00,0.000000000000000000e+00,0.000000000000000000e+00,0.000000000000000000e+00,0.000000000000000000e+00,0.000000000000000000e+00,0.000000000000000000e+00,0.000000000000000000e+00,0.000000000000000000e+00,0.000000000000000000e+00,0.000000000000000000e+00,0.000000000000000000e+00,0.000000000000000000e+00,0.000000000000000000e+00,0.000000000000000000e+00,0.000000000000000000e+00,0.000000000000000000e+00,0.000000000000000000e+00,0.000000000000000000e+00,0.000000000000000000e+00,0.000000000000000000e+00,0.000000000000000000e+00,0.000000000000000000e+00,0.000000000000000000e+00,0.000000000000000000e+00,0.000000000000000000e+00,0.000000000000000000e+00,0.000000000000000000e+00,0.000000000000000000e+00,0.000000000000000000e+00,0.000000000000000000e+00,0.000000000000000000e+00,0.000000000000000000e+00,0.000000000000000000e+00,0.000000000000000000e+00,0.000000000000000000e+00,0.000000000000000000e+00,0.000000000000000000e+00,0.000000000000000000e+00,0.000000000000000000e+00,0.000000000000000000e+00,0.000000000000000000e+00,0.000000000000000000e+00,0.000000000000000000e+00,0.000000000000000000e+00,0.000000000000000000e+00,0.000000000000000000e+00,0.000000000000000000e+00,0.000000000000000000e+00,0.000000000000000000e+00,1.000000000000000000e+00,3.714461075884574193e-01,-2.689597821559051027e-01,2.894605898844472280e-01,-3.606185843770669530e-01,-8.604890331777099305e-03,4.581144475463885257e-01,4.239312056978437049e-01,2.853527476048419720e-01,6.737170663019995676e-01,8.768264402841910443e-02,3.100803969630358536e-01,2.806948221564623536e-01,2.176783052241257344e-01,7.953989211319852093e-02,8.074780155612952814e-01,-1.679300000495183576e-01,-2.093275599230839390e-01,1.552712693644228426e-01,1.168915108520211105e-01,4.440081075752284612e-01,-6.623592688797570460e-01,2.922426977900391409e-01,2.358716944209405530e-01,4.149837946980232672e-01,-2.788043738042198516e-01,1.752202074639576668e-01,5.154041574629053546e-01,1.065506578791243497e-01,-3.542720122704018926e-01,4.490746157519645565e-01,3.154944840671334294e-01,-4.160101584357225879e-01,1.230438518975361106e-01,6.431038239755666464e-01,-5.154626967599580389e-01,1.096306727867875780e-01,-4.158742866833663454e-01,7.641079888580026847e-02,1.376412539044899741e-01,-3.066515837638623676e-01,4.040115166685353532e-01
0.000000000000000000e+00,0.000000000000000000e+00,0.000000000000000000e+00,0.000000000000000000e+00,0.000000000000000000e+00,0.000000000000000000e+00,0.000000000000000000e+00,0.000000000000000000e+00,0.000000000000000000e+00,0.000000000000000000e+00,0.000000000000000000e+00,0.000000000000000000e+00,0.000000000000000000e+00,0.000000000000000000e+00,0.000000000000000000e+00,0.000000000000000000e+00,0.000000000000000000e+00,0.000000000000000000e+00,0.000000000000000000e+00,0.000000000000000000e+00,0.000000000000000000e+00,0.000000000000000000e+00,0.000000000000000000e+00,0.000000000000000000e+00,0.000000000000000000e+00,0.000000000000000000e+00,0.000000000000000000e+00,0.000000000000000000e+00,0.000000000000000000e+00,0.000000000000000000e+00,0.000000000000000000e+00,0.000000000000000000e+00,0.000000000000000000e+00,0.000000000000000000e+00,0.000000000000000000e+00,0.000000000000000000e+00,0.000000000000000000e+00,0.000000000000000000e+00,0.000000000000000000e+00,0.000000000000000000e+00,0.000000000000000000e+00,0.000000000000000000e+00,0.000000000000000000e+00,0.000000000000000000e+00,0.000000000000000000e+00,0.000000000000000000e+00,0.000000000000000000e+00,0.000000000000000000e+00,0.000000000000000000e+00,0.000000000000000000e+00,0.000000000000000000e+00,0.000000000000000000e+00,0.000000000000000000e+00,0.000000000000000000e+00,0.000000000000000000e+00,0.000000000000000000e+00,0.000000000000000000e+00,0.000000000000000000e+00,0.000000000000000000e+00,1.000000000000000000e+00,3.705124246304309921e-01,2.315272551297151704e-01,7.084066006317998876e-02,3.750546400647588041e-01,-5.049288510209038600e-02,2.081102041672860115e-01,9.719178195538194509e-02,6.777883481830193624e-01,-6.211254773786772237e-02,2.054556834947358634e-01,2.983827458573108382e-01,2.353192749338554324e-01,6.402103403562481310e-01,8.312247059884434464e-01,-1.814659241190495209e-01,7.602706865747024291e-03,7.880473687646264436e-01,3.514866612357654962e-01,1.859383545576628327e-01,7.768702959352875859e-02,-2.704801928756579987e-01,4.017221569411948412e-01,2.159945186850843746e-01,2.200139686542217643e-01,1.265734431789439784e-01,7.660284905531549171e-01,-2.630360952076615244e-01,-1.849190277247675651e-01,3.361843123301593850e-01,7.029728739187551811e-02,1.898576802615050407e-01,4.850934056183481835e-01,1.905036077699429897e-01,-2.354919235845562980e-02,2.682117121085420552e-01,8.360040246685586374e-02,1.667341311280828575e-01,-1.706522032635708272e-02,-2.627704220771934218e-01,3.419811544314059204e-01
0.000000000000000000e+00,0.000000000000000000e+00,0.000000000000000000e+00,0.000000000000000000e+00,0.000000000000000000e+00,0.000000000000000000e+00,0.000000000000000000e+00,0.000000000000000000e+00,0.000000000000000000e+00,0.000000000000000000e+00,0.000000000000000000e+00,0.000000000000000000e+00,0.000000000000000000e+00,0.000000000000000000e+00,0.000000000000000000e+00,0.000000000000000000e+00,0.000000000000000000e+00,0.000000000000000000e+00,0.000000000000000000e+00,0.000000000000000000e+00,0.000000000000000000e+00,0.000000000000000000e+00,0.000000000000000000e+00,0.000000000000000000e+00,0.000000000000000000e+00,0.000000000000000000e+00,0.000000000000000000e+00,0.000000000000000000e+00,0.000000000000000000e+00,0.000000000000000000e+00,0.000000000000000000e+00,0.000000000000000000e+00,0.000000000000000000e+00,0.000000000000000000e+00,0.000000000000000000e+00,0.000000000000000000e+00,0.000000000000000000e+00,0.000000000000000000e+00,0.000000000000000000e+00,0.000000000000000000e+00,0.000000000000000000e+00,0.000000000000000000e+00,0.000000000000000000e+00,0.000000000000000000e+00,0.000000000000000000e+00,0.000000000000000000e+00,0.000000000000000000e+00,0.000000000000000000e+00,0.000000000000000000e+00,0.000000000000000000e+00,0.000000000000000000e+00,0.000000000000000000e+00,0.000000000000000000e+00,0.000000000000000000e+00,0.000000000000000000e+00,0.000000000000000000e+00,0.000000000000000000e+00,0.000000000000000000e+00,0.000000000000000000e+00,0.000000000000000000e+00,1.000000000000000000e+00,-5.862382384278697761e-02,2.557428579344189767e-01,7.902944920059587486e-02,-7.605066607067360873e-02,-4.154311245392310753e-02,-8.392124386439672734e-02,-8.346868434759643907e-02,4.227813900025553795e-02,-1.034331066599973453e-01,-3.388656323143424826e-02,-1.355981028075953776e-01,3.215954573724736365e-01,3.508430373376218280e-03,2.693604971210794008e-01,4.464061425196217403e-01,4.712546770607905500e-01,-7.642694645023945244e-02,-1.572549929982517206e-02,4.979308259840277695e-01,-1.988985606772593340e-01,3.801631495713488906e-01,-3.521798408584142503e-02,2.429201907935311378e-01,-3.811437047118339250e-02,2.003708363104608481e-01,4.104164386882552806e-02,2.044560005685065740e-01,-1.127206483925465713e-01,-1.973613096073979500e-01,4.669139313009900705e-01,1.860010963641707885e-02,-2.627938417080499245e-01,3.322514555110342438e-01,2.730663024605048395e-02,4.903834760933919457e-01,4.996276021292471448e-02,1.542651584462854664e-01,3.433060351173639058e-02,1.586490038479123829e-02
0.000000000000000000e+00,0.000000000000000000e+00,0.000000000000000000e+00,0.000000000000000000e+00,0.000000000000000000e+00,0.000000000000000000e+00,0.000000000000000000e+00,0.000000000000000000e+00,0.000000000000000000e+00,0.000000000000000000e+00,0.000000000000000000e+00,0.000000000000000000e+00,0.000000000000000000e+00,0.000000000000000000e+00,0.000000000000000000e+00,0.000000000000000000e+00,0.000000000000000000e+00,0.000000000000000000e+00,0.000000000000000000e+00,0.000000000000000000e+00,0.000000000000000000e+00,0.000000000000000000e+00,0.000000000000000000e+00,0.000000000000000000e+00,0.000000000000000000e+00,0.000000000000000000e+00,0.000000000000000000e+00,0.000000000000000000e+00,0.000000000000000000e+00,0.000000000000000000e+00,0.000000000000000000e+00,0.000000000000000000e+00,0.000000000000000000e+00,0.000000000000000000e+00,0.000000000000000000e+00,0.000000000000000000e+00,0.000000000000000000e+00,0.000000000000000000e+00,0.000000000000000000e+00,0.000000000000000000e+00,0.000000000000000000e+00,0.000000000000000000e+00,0.000000000000000000e+00,0.000000000000000000e+00,0.000000000000000000e+00,0.000000000000000000e+00,0.000000000000000000e+00,0.000000000000000000e+00,0.000000000000000000e+00,0.000000000000000000e+00,0.000000000000000000e+00,0.000000000000000000e+00,0.000000000000000000e+00,0.000000000000000000e+00,0.000000000000000000e+00,0.000000000000000000e+00,0.000000000000000000e+00,0.000000000000000000e+00,0.000000000000000000e+00,0.000000000000000000e+00,0.000000000000000000e+00,1.000000000000000000e+00,-6.085594125649687047e-01,-3.206908112547510736e-01,5.528288550796028877e-01,6.042280717601550277e-01,7.702537823223158941e-01,8.055304741524353940e-01,-3.490263098982138157e-01,4.549856289086761651e-01,1.000000000000000000e+00,5.257792899160473876e-01,2.990570559725186373e-01,7.638709108581853702e-01,-3.962060330156000898e-01,5.888889741123454202e-01,4.833784563408400348e-01,5.029303744686445254e-01,-2.602772279424033774e-01,-1.842629452166669735e-01,2.452778245920227973e-01,-1.496141341547933545e-01,6.445837437816005489e-01,1.000000000000000000e+00,5.656842078331461021e-01,2.760907068020876376e-01,-2.068060666161934333e-02,-7.068445300668037279e-02,5.910920496180503969e-01,7.488777084799767003e-01,-5.080918317569610432e-01,2.138434819799710507e-01,3.115216310746939388e-01,-4.497197576049424828e-01,6.798992251038643575e-01,2.312953567280081890e-01,8.668757492359601136e-01,2.630198914215355899e-01,2.117959851218415290e-01,9.370601525904498352e-01
0.000000000000000000e+00,0.000000000000000000e+00,0.000000000000000000e+00,0.000000000000000000e+00,0.000000000000000000e+00,0.000000000000000000e+00,0.000000000000000000e+00,0.000000000000000000e+00,0.000000000000000000e+00,0.000000000000000000e+00,0.000000000000000000e+00,0.000000000000000000e+00,0.000000000000000000e+00,0.000000000000000000e+00,0.000000000000000000e+00,0.000000000000000000e+00,0.000000000000000000e+00,0.000000000000000000e+00,0.000000000000000000e+00,0.000000000000000000e+00,0.000000000000000000e+00,0.000000000000000000e+00,0.000000000000000000e+00,0.000000000000000000e+00,0.000000000000000000e+00,0.000000000000000000e+00,0.000000000000000000e+00,0.000000000000000000e+00,0.000000000000000000e+00,0.000000000000000000e+00,0.000000000000000000e+00,0.000000000000000000e+00,0.000000000000000000e+00,0.000000000000000000e+00,0.000000000000000000e+00,0.000000000000000000e+00,0.000000000000000000e+00,0.000000000000000000e+00,0.000000000000000000e+00,0.000000000000000000e+00,0.000000000000000000e+00,0.000000000000000000e+00,0.000000000000000000e+00,0.000000000000000000e+00,0.000000000000000000e+00,0.000000000000000000e+00,0.000000000000000000e+00,0.000000000000000000e+00,0.000000000000000000e+00,0.000000000000000000e+00,0.000000000000000000e+00,0.000000000000000000e+00,0.000000000000000000e+00,0.000000000000000000e+00,0.000000000000000000e+00,0.000000000000000000e+00,0.000000000000000000e+00,0.000000000000000000e+00,0.000000000000000000e+00,0.000000000000000000e+00,0.000000000000000000e+00,0.000000000000000000e+00,1.000000000000000000e+00,4.452789495455880542e-01,-8.559210333281545013e-01,-5.742293366623941742e-01,-5.885758875881451635e-01,-4.450196325975010470e-01,1.939705636899756447e-01,-4.397531184367232115e-01,-6.185941614863720295e-01,-3.871287212085184892e-01,1.815391960889151113e-01,-3.879802307321104093e-01,4.001862906602687842e-01,2.148956877935105925e-01,3.430094355262643391e-01,-1.749198474701611772e-01,1.673059702049785602e-01,6.424293837518375572e-01,-5.145360777873424496e-01,5.052451960605403025e-01,-3.174596399237187838e-01,-1.104133718927179375e-01,-2.291571695794417940e-01,1.694881081806486611e-01,-7.641548638826704820e-02,2.924350296688977280e-01,-4.481854223877321797e-01,-7.174349362343861447e-01,9.329213326154693897e-01,-1.234334826047758273e-02,-5.186470144977228802e-01,7.585435844987629128e-01,-3.921645457843078719e-01,3.017901079237525486e-01,-4.240415434888631929e-01,-1.030749525328215482e-01,-2.497469373726715278e-02,-5.259056826346527602e-01
0.000000000000000000e+00,0.000000000000000000e+00,0.000000000000000000e+00,0.000000000000000000e+00,0.000000000000000000e+00,0.000000000000000000e+00,0.000000000000000000e+00,0.000000000000000000e+00,0.000000000000000000e+00,0.000000000000000000e+00,0.000000000000000000e+00,0.000000000000000000e+00,0.000000000000000000e+00,0.000000000000000000e+00,0.000000000000000000e+00,0.000000000000000000e+00,0.000000000000000000e+00,0.000000000000000000e+00,0.000000000000000000e+00,0.000000000000000000e+00,0.000000000000000000e+00,0.000000000000000000e+00,0.000000000000000000e+00,0.000000000000000000e+00,0.000000000000000000e+00,0.000000000000000000e+00,0.000000000000000000e+00,0.000000000000000000e+00,0.000000000000000000e+00,0.000000000000000000e+00,0.000000000000000000e+00,0.000000000000000000e+00,0.000000000000000000e+00,0.000000000000000000e+00,0.000000000000000000e+00,0.000000000000000000e+00,0.000000000000000000e+00,0.000000000000000000e+00,0.000000000000000000e+00,0.000000000000000000e+00,0.000000000000000000e+00,0.000000000000000000e+00,0.000000000000000000e+00,0.000000000000000000e+00,0.000000000000000000e+00,0.000000000000000000e+00,0.000000000000000000e+00,0.000000000000000000e+00,0.000000000000000000e+00,0.000000000000000000e+00,0.000000000000000000e+00,0.000000000000000000e+00,0.000000000000000000e+00,0.000000000000000000e+00,0.000000000000000000e+00,0.000000000000000000e+00,0.000000000000000000e+00,0.000000000000000000e+00,0.000000000000000000e+00,0.000000000000000000e+00,0.000000000000000000e+00,0.000000000000000000e+00,0.000000000000000000e+00,1.000000000000000000e+00,-7.020823511653769833e-01,-3.006000676070826327e-01,-5.115954610089246124e-01,6.126515059244806993e-01,1.759314707817778434e-01,-5.589443999049249941e-03,-4.278062027829430125e-01,-4.486968978147151677e-02,6.892407517435051867e-01,4.871461451713197666e-01,-1.615655924180962599e-01,-9.161031636421389512e-01,3.688282008743915541e-01,2.416751534640892152e-01,5.069255092870812440e-01,9.902115837148744992e-02,-6.223753598404724308e-01,5.408619965871852564e-01,-2.536230183146945261e-01,-8.086577715997748106e-01,-3.623790883676755170e-01,8.780464932332634476e-01,-4.499803340337124036e-01,-2.701571056265785753e-01,6.333020914298739812e-02,-5.379212752444969547e-01,4.226975816671529884e-01,5.337520310259690204e-01,2.317534243721707243e-01,4.005110919819097615e-01,-2.000652082194711578e-01,-3.295916889353037726e-01,-4.653158531343549176e-01,-3.592425445333554679e-01,-7.873232072715183882e-01,-1.703801219796748923e-01
0.000000000000000000e+00,0.000000000000000000e+00,0.000000000000000000e+00,0.000000000000000000e+00,0.000000000000000000e+00,0.000000000000000000e+00,0.000000000000000000e+00,0.000000000000000000e+00,0.000000000000000000e+00,0.000000000000000000e+00,0.000000000000000000e+00,0.000000000000000000e+00,0.000000000000000000e+00,0.000000000000000000e+00,0.000000000000000000e+00,0.000000000000000000e+00,0.000000000000000000e+00,0.000000000000000000e+00,0.000000000000000000e+00,0.000000000000000000e+00,0.000000000000000000e+00,0.000000000000000000e+00,0.000000000000000000e+00,0.000000000000000000e+00,0.000000000000000000e+00,0.000000000000000000e+00,0.000000000000000000e+00,0.000000000000000000e+00,0.000000000000000000e+00,0.000000000000000000e+00,0.000000000000000000e+00,0.000000000000000000e+00,0.000000000000000000e+00,0.000000000000000000e+00,0.000000000000000000e+00,0.000000000000000000e+00,0.000000000000000000e+00,0.000000000000000000e+00,0.000000000000000000e+00,0.000000000000000000e+00,0.000000000000000000e+00,0.000000000000000000e+00,0.000000000000000000e+00,0.000000000000000000e+00,0.000000000000000000e+00,0.000000000000000000e+00,0.000000000000000000e+00,0.000000000000000000e+00,0.000000000000000000e+00,0.000000000000000000e+00,0.000000000000000000e+00,0.000000000000000000e+00,0.000000000000000000e+00,0.000000000000000000e+00,0.000000000000000000e+00,0.000000000000000000e+00,0.000000000000000000e+00,0.000000000000000000e+00,0.000000000000000000e+00,0.000000000000000000e+00,0.000000000000000000e+00,0.000000000000000000e+00,0.000000000000000000e+00,0.000000000000000000e+00,1.000000000000000000e+00,5.559748814270840667e-01,4.701760672255190232e-01,2.122923654798121174e-01,1.442292175411837574e-01,2.472308145191024209e-01,4.943422790353288465e-01,2.445522898397187728e-01,-2.501642022569002255e-01,2.440988296628004706e-01,3.167528287267495218e-02,1.427635315702508179e-01,-7.069999271605933999e-02,-7.029175365794343433e-02,2.012195029730488305e-01,-2.435633038375185633e-01,5.360407015868408065e-01,-7.144549274977572695e-02,5.706261900504535634e-01,2.749943980919827835e-01,6.204545630776181486e-01,-2.060545642795339472e-01,3.096060525173816025e-01,4.920481608792738604e-02,1.976421475183586796e-01,6.205993396597401235e-01,-3.582320922671107799e-01,-2.426072198612802197e-02,3.490974581488609507e-01,-1.155871672003586509e-01,2.132228797811218379e-01,2.959642466380213999e-01,4.363096626391544941e-01,5.012988178511316173e-01,3.140366813009182190e-01,5.426808983445071677e-01
0.000000000000000000e+00,0.000000000000000000e+00,0.000000000000000000e+00,0.000000000000000000e+00,0.000000000000000000e+00,0.000000000000000000e+00,0.000000000000000000e+00,0.000000000000000000e+00,0.000000000000000000e+00,0.000000000000000000e+00,0.000000000000000000e+00,0.000000000000000000e+00,0.000000000000000000e+00,0.000000000000000000e+00,0.000000000000000000e+00,0.000000000000000000e+00,0.000000000000000000e+00,0.000000000000000000e+00,0.000000000000000000e+00,0.000000000000000000e+00,0.000000000000000000e+00,0.000000000000000000e+00,0.000000000000000000e+00,0.000000000000000000e+00,0.000000000000000000e+00,0.000000000000000000e+00,0.000000000000000000e+00,0.000000000000000000e+00,0.000000000000000000e+00,0.000000000000000000e+00,0.000000000000000000e+00,0.000000000000000000e+00,0.000000000000000000e+00,0.000000000000000000e+00,0.000000000000000000e+00,0.000000000000000000e+00,0.000000000000000000e+00,0.000000000000000000e+00,0.000000000000000000e+00,0.000000000000000000e+00,0.000000000000000000e+00,0.000000000000000000e+00,0.000000000000000000e+00,0.000000000000000000e+00,0.000000000000000000e+00,0.000000000000000000e+00,0.000000000000000000e+00,0.000000000000000000e+00,0.000000000000000000e+00,0.000000000000000000e+00,0.000000000000000000e+00,0.000000000000000000e+00,0.000000000000000000e+00,0.000000000000000000e+00,0.000000000000000000e+00,0.000000000000000000e+00,0.000000000000000000e+00,0.000000000000000000e+00,0.000000000000000000e+00,0.000000000000000000e+00,0.000000000000000000e+00,0.000000000000000000e+00,0.000000000000000000e+00,0.000000000000000000e+00,0.000000000000000000e+00,1.000000000000000000e+00,8.079666053447065455e-01,7.143834296057695044e-01,-2.461481556696544157e-02,5.285363764473411941e-01,1.000000000000000000e+00,5.668119158924560530e-01,3.093095538560983737e-01,9.378687696967547005e-01,-1.293952071074047916e-01,5.421271226264305909e-01,8.849116264838886581e-01,3.229983705736341193e-01,2.525837462549654910e-01,-3.494860070851937839e-01,3.501419279618579461e-01,2.589007862750615785e-01,1.000000000000000000e+00,7.001907273615974869e-01,8.325200134127307416e-01,5.933300810380498502e-01,1.726598369685278245e-01,-1.172730784999073544e-01,6.358312516320907548e-01,9.587996357044390461e-01,-4.207623263468263652e-01,4.303905157465590103e-01,5.094423179273045443e-01,-3.810388946837284241e-01,6.412702302034523072e-01,2.997302142335306896e-01,8.375353618831352653e-01,5.563984591983563988e-01,2.539617298533842771e-01,1.000000000000000000e+00
0.000000000000000000e+00,0.000000000000000000e+00,0.000000000000000000e+00,0.000000000000000000e+00,0.000000000000000000e+00,0.000000000000000000e+00,0.000000000000000000e+00,0.000000000000000000e+00,0.000000000000000000e+00,0.000000000000000000e+00,0.000000000000000000e+00,0.000000000000000000e+00,0.000000000000000000e+00,0.000000000000000000e+00,0.000000000000000000e+00,0.000000000000000000e+00,0.000000000000000000e+00,0.000000000000000000e+00,0.000000000000000000e+00,0.000000000000000000e+00,0.000000000000000000e+00,0.000000000000000000e+00,0.000000000000000000e+00,0.000000000000000000e+00,0.000000000000000000e+00,0.000000000000000000e+00,0.000000000000000000e+00,0.000000000000000000e+00,0.000000000000000000e+00,0.000000000000000000e+00,0.000000000000000000e+00,0.000000000000000000e+00,0.000000000000000000e+00,0.000000000000000000e+00,0.000000000000000000e+00,0.000000000000000000e+00,0.000000000000000000e+00,0.000000000000000000e+00,0.000000000000000000e+00,0.000000000000000000e+00,0.000000000000000000e+00,0.000000000000000000e+00,0.000000000000000000e+00,0.000000000000000000e+00,0.000000000000000000e+00,0.000000000000000000e+00,0.000000000000000000e+00,0.000000000000000000e+00,0.000000000000000000e+00,0.000000000000000000e+00,0.000000000000000000e+00,0.000000000000000000e+00,0.000000000000000000e+00,0.000000000000000000e+00,0.000000000000000000e+00,0.000000000000000000e+00,0.000000000000000000e+00,0.000000000000000000e+00,0.000000000000000000e+00,0.000000000000000000e+00,0.000000000000000000e+00,0.000000000000000000e+00,0.000000000000000000e+00,0.000000000000000000e+00,0.000000000000000000e+00,0.000000000000000000e+00,1.000000000000000000e+00,7.120422893908040507e-01,-2.961521875587186936e-01,5.097014613201420463e-01,1.000000000000000000e+00,6.211213738177701060e-01,1.103667193096352639e-01,7.234746918496616219e-01,-3.734583689369788129e-01,8.533208825579007284e-01,4.117742225949899693e-01,4.280198381987228573e-01,-1.406738489482192156e-01,-3.042997180756631392e-01,5.105873100168915046e-01,-2.351070152462296781e-01,9.095706089364412605e-01,1.000000000000000000e+00,8.701678150693439306e-01,1.314529143432379976e-01,1.469443148392257092e-01,-3.677334832387033764e-02,6.523770334899672285e-01,1.000000000000000000e+00,-6.459600700928738171e-01,1.049430894216228510e-01,3.944081756884013079e-01,-4.916872593208874709e-01,7.525142683852050762e-01,3.028311388725443698e-01,9.861956497147601475e-01,4.693633299830115568e-01,5.023207828100930694e-01,1.000000000000000000e+00
0.000000000000000000e+00,0.000000000000000000e+00,0.000000000000000000e+00,0.000000000000000000e+00,0.000000000000000000e+00,0.000000000000000000e+00,0.000000000000000000e+00,0.000000000000000000e+00,0.000000000000000000e+00,0.000000000000000000e+00,0.000000000000000000e+00,0.000000000000000000e+00,0.000000000000000000e+00,0.000000000000000000e+00,0.000000000000000000e+00,0.000000000000000000e+00,0.000000000000000000e+00,0.000000000000000000e+00,0.000000000000000000e+00,0.000000000000000000e+00,0.000000000000000000e+00,0.000000000000000000e+00,0.000000000000000000e+00,0.000000000000000000e+00,0.000000000000000000e+00,0.000000000000000000e+00,0.000000000000000000e+00,0.000000000000000000e+00,0.000000000000000000e+00,0.000000000000000000e+00,0.000000000000000000e+00,0.000000000000000000e+00,0.000000000000000000e+00,0.000000000000000000e+00,0.000000000000000000e+00,0.000000000000000000e+00,0.000000000000000000e+00,0.000000000000000000e+00,0.000000000000000000e+00,0.000000000000000000e+00,0.000000000000000000e+00,0.000000000000000000e+00,0.000000000000000000e+00,0.000000000000000000e+00,0.000000000000000000e+00,0.000000000000000000e+00,0.000000000000000000e+00,0.000000000000000000e+00,0.000000000000000000e+00,0.000000000000000000e+00,0.000000000000000000e+00,0.000000000000000000e+00,0.000000000000000000e+00,0.000000000000000000e+00,0.000000000000000000e+00,0.000000000000000000e+00,0.000000000000000000e+00,0.000000000000000000e+00,0.000000000000000000e+00,0.000000000000000000e+00,0.000000000000000000e+00,0.000000000000000000e+00,0.000000000000000000e+00,0.000000000000000000e+00,0.000000000000000000e+00,0.000000000000000000e+00,0.000000000000000000e+00,1.000000000000000000e+00,-8.653419267148981797e-02,3.007397096691650229e-01,3.224721904749192625e-01,2.968641560077527330e-01,3.276800628249059155e-01,8.518683841078101837e-01,-3.681409442751633065e-01,-2.706562863428338961e-01,1.943231877470682212e-01,3.926326673657515864e-01,1.547524890654861929e-01,-3.177549565361336703e-01,4.002679928840577328e-02,1.125348562185200241e-01,2.827208212096208317e-01,1.295153350981120555e-01,2.118821641099763731e-01,4.909100485451518003e-01,-1.551112903097424112e-01,-2.328403683439992378e-01,4.283081829390053552e-01,2.283819036000347691e-01,-2.708468795187954914e-01,2.896777345235436174e-01,5.136967171554261968e-01,-1.962271674460468740e-01,2.380377274968128731e-01,-1.638885279637876669e-01,2.768604647669246632e-01,2.073151447368970848e-02,-3.359003762841511476e-01,5.006568104079855974e-01
0.000000000000000000e+00,0.000000000000000000e+00,0.000000000000000000e+00,0.000000000000000000e+00,0.000000000000000000e+00,0.000000000000000000e+00,0.000000000000000000e+00,0.000000000000000000e+00,0.000000000000000000e+00,0.000000000000000000e+00,0.000000000000000000e+00,0.000000000000000000e+00,0.000000000000000000e+00,0.000000000000000000e+00,0.000000000000000000e+00,0.000000000000000000e+00,0.000000000000000000e+00,0.000000000000000000e+00,0.000000000000000000e+00,0.000000000000000000e+00,0.000000000000000000e+00,0.000000000000000000e+00,0.000000000000000000e+00,0.000000000000000000e+00,0.000000000000000000e+00,0.000000000000000000e+00,0.000000000000000000e+00,0.000000000000000000e+00,0.000000000000000000e+00,0.000000000000000000e+00,0.000000000000000000e+00,0.000000000000000000e+00,0.000000000000000000e+00,0.000000000000000000e+00,0.000000000000000000e+00,0.000000000000000000e+00,0.000000000000000000e+00,0.000000000000000000e+00,0.000000000000000000e+00,0.000000000000000000e+00,0.000000000000000000e+00,0.000000000000000000e+00,0.000000000000000000e+00,0.000000000000000000e+00,0.000000000000000000e+00,0.000000000000000000e+00,0.000000000000000000e+00,0.000000000000000000e+00,0.000000000000000000e+00,0.000000000000000000e+00,0.000000000000000000e+00,0.000000000000000000e+00,0.000000000000000000e+00,0.000000000000000000e+00,0.000000000000000000e+00,0.000000000000000000e+00,0.000000000000000000e+00,0.000000000000000000e+00,0.000000000000000000e+00,0.000000000000000000e+00,0.000000000000000000e+00,0.000000000000000000e+00,0.000000000000000000e+00,0.000000000000000000e+00,0.000000000000000000e+00,0.000000000000000000e+00,0.000000000000000000e+00,0.000000000000000000e+00,1.000000000000000000e+00,-1.563150009981841837e-01,-2.661223300132217751e-01,-2.203809076672204603e-01,-5.589998051178414196e-01,-3.391563260389193757e-01,6.538392508323086494e-01,-7.642994265207543325e-01,-4.085145333652623889e-01,-5.516104436530884225e-01,1.000000000000000000e+00,-3.860597196240440621e-01,2.021578176645408842e-01,5.701050490362745693e-01,6.641423689366935390e-01,-5.883344803095021947e-01,5.127668252597659126e-01,-9.872169770429269076e-02,4.828321290719344017e-01,3.490537495531075840e-01,-4.050213816155432411e-01,-1.716877204502449128e-01,4.330889834069033273e-01,-2.711573377595249967e-02,4.265605630369891932e-01,9.852358815155083382e-01,-7.648361808967141240e-01,1.786146676508444664e-01,-3.188062633727091200e-01,6.741868760955943563e-01,-1.044687964510156580e-01,9.620751230003234122e-02
0.000000000000000000e+00,0.000000000000000000e+00,0.000000000000000000e+00,0.000000000000000000e+00,0.000000000000000000e+00,0.000000000000000000e+00,0.000000000000000000e+00,0.000000000000000000e+00,0.000000000000000000e+00,0.000000000000000000e+00,0.000000000000000000e+00,0.000000000000000000e+00,0.000000000000000000e+00,0.000000000000000000e+00,0.000000000000000000e+00,0.000000000000000000e+00,0.000000000000000000e+00,0.000000000000000000e+00,0.000000000000000000e+00,0.000000000000000000e+00,0.000000000000000000e+00,0.000000000000000000e+00,0.000000000000000000e+00,0.000000000000000000e+00,0.000000000000000000e+00,0.000000000000000000e+00,0.000000000000000000e+00,0.000000000000000000e+00,0.000000000000000000e+00,0.000000000000000000e+00,0.000000000000000000e+00,0.000000000000000000e+00,0.000000000000000000e+00,0.000000000000000000e+00,0.000000000000000000e+00,0.000000000000000000e+00,0.000000000000000000e+00,0.000000000000000000e+00,0.000000000000000000e+00,0.000000000000000000e+00,0.000000000000000000e+00,0.000000000000000000e+00,0.000000000000000000e+00,0.000000000000000000e+00,0.000000000000000000e+00,0.000000000000000000e+00,0.000000000000000000e+00,0.000000000000000000e+00,0.000000000000000000e+00,0.000000000000000000e+00,0.000000000000000000e+00,0.000000000000000000e+00,0.000000000000000000e+00,0.000000000000000000e+00,0.000000000000000000e+00,0.000000000000000000e+00,0.000000000000000000e+00,0.000000000000000000e+00,0.000000000000000000e+00,0.000000000000000000e+00,0.000000000000000000e+00,0.000000000000000000e+00,0.000000000000000000e+00,0.000000000000000000e+00,0.000000000000000000e+00,0.000000000000000000e+00,0.000000000000000000e+00,0.000000000000000000e+00,0.000000000000000000e+00,1.000000000000000000e+00,1.000000000000000000e+00,1.000000000000000000e+00,5.994408492132810018e-01,1.000000000000000000e+00,-9.230839601231262126e-01,-3.828992286609986251e-01,5.824085002639747266e-01,8.573572251152254964e-01,3.695642876749629102e-01,-1.000000000000000000e+00,3.524391535129886566e-01,-8.495250292961047112e-02,1.000000000000000000e+00,7.625409838312019462e-01,7.437714426206467611e-01,1.000000000000000000e+00,-2.364283415323360504e-01,-6.348463568035181970e-01,1.000000000000000000e+00,1.000000000000000000e+00,-1.000000000000000000e+00,7.378247443417016438e-01,1.000000000000000000e+00,-1.000000000000000000e+00,8.623213187510558875e-01,-4.349017634238672159e-01,9.097064091979772948e-01,2.370728214153416114e-01,-3.651479696416652376e-01,1.000000000000000000e+00
0.000000000000000000e+00,0.000000000000000000e+00,0.000000000000000000e+00,0.000000000000000000e+00,0.000000000000000000e+00,0.000000000000000000e+00,0.000000000000000000e+00,0.000000000000000000e+00,0.000000000000000000e+00,0.000000000000000000e+00,0.000000000000000000e+00,0.000000000000000000e+00,0.000000000000000000e+00,0.000000000000000000e+00,0.000000000000000000e+00,0.000000000000000000e+00,0.000000000000000000e+00,0.000000000000000000e+00,0.000000000000000000e+00,0.000000000000000000e+00,0.000000000000000000e+00,0.000000000000000000e+00,0.000000000000000000e+00,0.000000000000000000e+00,0.000000000000000000e+00,0.000000000000000000e+00,0.000000000000000000e+00,0.000000000000000000e+00,0.000000000000000000e+00,0.000000000000000000e+00,0.000000000000000000e+00,0.000000000000000000e+00,0.000000000000000000e+00,0.000000000000000000e+00,0.000000000000000000e+00,0.000000000000000000e+00,0.000000000000000000e+00,0.000000000000000000e+00,0.000000000000000000e+00,0.000000000000000000e+00,0.000000000000000000e+00,0.000000000000000000e+00,0.000000000000000000e+00,0.000000000000000000e+00,0.000000000000000000e+00,0.000000000000000000e+00,0.000000000000000000e+00,0.000000000000000000e+00,0.000000000000000000e+00,0.000000000000000000e+00,0.000000000000000000e+00,0.000000000000000000e+00,0.000000000000000000e+00,0.000000000000000000e+00,0.000000000000000000e+00,0.000000000000000000e+00,0.000000000000000000e+00,0.000000000000000000e+00,0.000000000000000000e+00,0.000000000000000000e+00,0.000000000000000000e+00,0.000000000000000000e+00,0.000000000000000000e+00,0.000000000000000000e+00,0.000000000000000000e+00,0.000000000000000000e+00,0.000000000000000000e+00,0.000000000000000000e+00,0.000000000000000000e+00,0.000000000000000000e+00,1.000000000000000000e+00,3.990069036157091742e-01,2.034114926963458414e-01,5.111183160253565116e-01,-6.719813708156859022e-02,5.088934766959202216e-01,6.402646126355331369e-01,3.384722578077249411e-01,6.854569893168026111e-03,-1.801114086046870510e-01,6.961688366679533169e-02,9.808810067473831829e-02,8.392792557573335310e-01,9.466094560592709373e-01,6.217155991115344005e-01,3.160733152472431917e-01,4.545532645456881737e-02,9.177435915400795896e-02,3.587971710809966241e-01,5.829378126599734644e-01,-1.693299343939828616e-01,3.119094327409784873e-01,1.980464611492612492e-01,-8.349943850033644810e-02,4.291417874617846628e-01,3.160085449939227797e-01,7.203674716182454363e-01,3.768577479629921512e-01,2.248158970229919562e-01,7.846758677174446861e-01
0.000000000000000000e+00,0.000000000000000000e+00,0.000000000000000000e+00,0.000000000000000000e+00,0.000000000000000000e+00,0.000000000000000000e+00,0.000000000000000000e+00,0.000000000000000000e+00,0.000000000000000000e+00,0.000000000000000000e+00,0.000000000000000000e+00,0.000000000000000000e+00,0.000000000000000000e+00,0.000000000000000000e+00,0.000000000000000000e+00,0.000000000000000000e+00,0.000000000000000000e+00,0.000000000000000000e+00,0.000000000000000000e+00,0.000000000000000000e+00,0.000000000000000000e+00,0.000000000000000000e+00,0.000000000000000000e+00,0.000000000000000000e+00,0.000000000000000000e+00,0.000000000000000000e+00,0.000000000000000000e+00,0.000000000000000000e+00,0.000000000000000000e+00,0.000000000000000000e+00,0.000000000000000000e+00,0.000000000000000000e+00,0.000000000000000000e+00,0.000000000000000000e+00,0.000000000000000000e+00,0.000000000000000000e+00,0.000000000000000000e+00,0.000000000000000000e+00,0.000000000000000000e+00,0.000000000000000000e+00,0.000000000000000000e+00,0.000000000000000000e+00,0.000000000000000000e+00,0.000000000000000000e+00,0.000000000000000000e+00,0.000000000000000000e+00,0.000000000000000000e+00,0.000000000000000000e+00,0.000000000000000000e+00,0.000000000000000000e+00,0.000000000000000000e+00,0.000000000000000000e+00,0.000000000000000000e+00,0.000000000000000000e+00,0.000000000000000000e+00,0.000000000000000000e+00,0.000000000000000000e+00,0.000000000000000000e+00,0.000000000000000000e+00,0.000000000000000000e+00,0.000000000000000000e+00,0.000000000000000000e+00,0.000000000000000000e+00,0.000000000000000000e+00,0.000000000000000000e+00,0.000000000000000000e+00,0.000000000000000000e+00,0.000000000000000000e+00,0.000000000000000000e+00,0.000000000000000000e+00,0.000000000000000000e+00,1.000000000000000000e+00,4.171303869977486811e-01,1.000000000000000000e+00,-8.045169307202145736e-01,-1.282575958828608038e-02,6.305669727637785993e-01,8.453511598899530188e-01,2.289771675672276352e-01,-7.574888399205793599e-01,2.663900635398074868e-01,-2.387510365386553424e-01,1.000000000000000000e+00,1.000000000000000000e+00,1.000000000000000000e+00,6.655377076149125992e-01,-2.627670381391558063e-01,-3.631759524628188074e-01,1.000000000000000000e+00,1.000000000000000000e+00,-7.912979602303721327e-01,7.025952510459926303e-01,8.405695288712630164e-01,-6.333829437000588758e-01,8.434066943009612682e-01,-5.802552446587344592e-02,9.837848079416617875e-01,2.831804620375975023e-01,1.303723582089014732e-01,1.000000000000000000e+00
0.000000000000000000e+00,0.000000000000000000e+00,0.000000000000000000e+00,0.000000000000000000e+00,0.000000000000000000e+00,0.000000000000000000e+00,0.000000000000000000e+00,0.000000000000000000e+00,0.000000000000000000e+00,0.000000000000000000e+00,0.000000000000000000e+00,0.000000000000000000e+00,0.000000000000000000e+00,0.000000000000000000e+00,0.000000000000000000e+00,0.000000000000000000e+00,0.000000000000000000e+00,0.000000000000000000e+00,0.000000000000000000e+00,0.000000000000000000e+00,0.000000000000000000e+00,0.000000000000000000e+00,0.000000000000000000e+00,0.000000000000000000e+00,0.000000000000000000e+00,0.000000000000000000e+00,0.000000000000000000e+00,0.000000000000000000e+00,0.000000000000000000e+00,0.000000000000000000e+00,0.000000000000000000e+00,0.000000000000000000e+00,0.000000000000000000e+00,0.000000000000000000e+00,0.000000000000000000e+00,0.000000000000000000e+00,0.000000000000000000e+00,0.000000000000000000e+00,0.000000000000000000e+00,0.000000000000000000e+00,0.000000000000000000e+00,0.000000000000000000e+00,0.000000000000000000e+00,0.000000000000000000e+00,0.000000000000000000e+00,0.000000000000000000e+00,0.000000000000000000e+00,0.000000000000000000e+00,0.000000000000000000e+00,0.000000000000000000e+00,0.000000000000000000e+00,0.000000000000000000e+00,0.000000000000000000e+00,0.000000000000000000e+00,0.000000000000000000e+00,0.000000000000000000e+00,0.000000000000000000e+00,0.000000000000000000e+00,0.000000000000000000e+00,0.000000000000000000e+00,0.000000000000000000e+00,0.000000000000000000e+00,0.000000000000000000e+00,0.000000000000000000e+00,0.000000000000000000e+00,0.000000000000000000e+00,0.000000000000000000e+00,0.000000000000000000e+00,0.000000000000000000e+00,0.000000000000000000e+00,0.000000000000000000e+00,0.000000000000000000e+00,1.000000000000000000e+00,6.020117069533358345e-01,-1.506989387637798494e-01,3.228605034389899764e-01,1.000000000000000000e+00,3.305086423452640587e-01,-4.418500012109868175e-02,4.843946923054175957e-01,-4.949440298442963071e-01,4.821978865870397146e-01,-6.517586940282799057e-02,1.455673698844368869e-01,-2.099579664056715200e-01,9.438087344286085756e-01,-3.248361198545340889e-01,-1.592910174322333949e-01,3.064723378924482655e-01,-6.453804407590360559e-02,3.151067261361772398e-01,4.649927925744303248e-01,-1.125166885189280291e-01,-1.352114719165470325e-02,4.033336326912945191e-01,2.265843262744937914e-01,1.057266013890277440e-01,-1.436208549921314803e-01,-2.355719804687281260e-01,2.200084876958261770e-01
0.000000000000000000e+00,0.000000000000000000e+00,0.000000000000000000e+00,0.000000000000000000e+00,0.000000000000000000e+00,0.000000000000000000e+00,0.000000000000000000e+00,0.000000000000000000e+00,0.000000000000000000e+00,0.000000000000000000e+00,0.000000000000000000e+00,0.000000000000000000e+00,0.000000000000000000e+00,0.000000000000000000e+00,0.000000000000000000e+00,0.000000000000000000e+00,0.000000000000000000e+00,0.000000000000000000e+00,0.000000000000000000e+00,0.000000000000000000e+00,0.000000000000000000e+00,0.000000000000000000e+00,0.000000000000000000e+00,0.000000000000000000e+00,0.000000000000000000e+00,0.000000000000000000e+00,0.000000000000000000e+00,0.000000000000000000e+00,0.000000000000000000e+00,0.000000000000000000e+00,0.000000000000000000e+00,0.000000000000000000e+00,0.000000000000000000e+00,0.000000000000000000e+00,0.000000000000000000e+00,0.000000000000000000e+00,0.000000000000000000e+00,0.000000000000000000e+00,0.000000000000000000e+00,0.000000000000000000e+00,0.000000000000000000e+00,0.000000000000000000e+00,0.000000000000000000e+00,0.000000000000000000e+00,0.000000000000000000e+00,0.000000000000000000e+00,0.000000000000000000e+00,0.000000000000000000e+00,0.000000000000000000e+00,0.000000000000000000e+00,0.000000000000000000e+00,0.000000000000000000e+00,0.000000000000000000e+00,0.000000000000000000e+00,0.000000000000000000e+00,0.000000000000000000e+00,0.000000000000000000e+00,0.000000000000000000e+00,0.000000000000000000e+00,0.000000000000000000e+00,0.000000000000000000e+00,0.000000000000000000e+00,0.000000000000000000e+00,0.000000000000000000e+00,0.000000000000000000e+00,0.000000000000000000e+00,0.000000000000000000e+00,0.000000000000000000e+00,0.000000000000000000e+00,0.000000000000000000e+00,0.000000000000000000e+00,0.000000000000000000e+00,0.000000000000000000e+00,1.000000000000000000e+00,-2.709500550719843859e-01,-7.766963774212712335e-02,5.072039334913406305e-01,3.502933351482299673e-01,1.811346464590302130e-01,-3.275789723107720985e-01,-1.353614144036849147e-02,2.300713371463525281e-01,3.171730757004847523e-01,2.494324771263558560e-01,1.807690424401267870e-01,6.313239588216303932e-01,-1.693394881820930176e-01,-2.850863862328179010e-01,4.457925576034377224e-01,2.234488221156922527e-01,-1.294188624689504574e-01,3.603698577972103134e-01,4.272562578301226655e-01,-3.447426510829414426e-01,2.569980171089205623e-01,-1.571476293894070453e-01,2.209506528418517246e-01,2.036243874904472562e-02,-3.043567264224079083e-01,4.486089707874678090e-01
0.000000000000000000e+00,0.000000000000000000e+00,0.000000000000000000e+00,0.000000000000000000e+00,0.000000000000000000e+00,0.000000000000000000e+00,0.000000000000000000e+00,0.000000000000000000e+00,0.000000000000000000e+00,0.000000000000000000e+00,0.000000000000000000e+00,0.000000000000000000e+00,0.000000000000000000e+00,0.000000000000000000e+00,0.000000000000000000e+00,0.000000000000000000e+00,0.000000000000000000e+00,0.000000000000000000e+00,0.000000000000000000e+00,0.000000000000000000e+00,0.000000000000000000e+00,0.000000000000000000e+00,0.000000000000000000e+00,0.000000000000000000e+00,0.000000000000000000e+00,0.000000000000000000e+00,0.000000000000000000e+00,0.000000000000000000e+00,0.000000000000000000e+00,0.000000000000000000e+00,0.000000000000000000e+00,0.000000000000000000e+00,0.000000000000000000e+00,0.000000000000000000e+00,0.000000000000000000e+00,0.000000000000000000e+00,0.000000000000000000e+00,0.000000000000000000e+00,0.000000000000000000e+00,0.000000000000000000e+00,0.000000000000000000e+00,0.000000000000000000e+00,0.000000000000000000e+00,0.000000000000000000e+00,0.000000000000000000e+00,0.000000000000000000e+00,0.000000000000000000e+00,0.000000000000000000e+00,0.000000000000000000e+00,0.000000000000000000e+00,0.000000000000000000e+00,0.000000000000000000e+00,0.000000000000000000e+00,0.000000000000000000e+00,0.000000000000000000e+00,0.000000000000000000e+00,0.000000000000000000e+00,0.000000000000000000e+00,0.000000000000000000e+00,0.000000000000000000e+00,0.000000000000000000e+00,0.000000000000000000e+00,0.000000000000000000e+00,0.000000000000000000e+00,0.000000000000000000e+00,0.000000000000000000e+00,0.000000000000000000e+00,0.000000000000000000e+00,0.000000000000000000e+00,0.000000000000000000e+00,0.000000000000000000e+00,0.000000000000000000e+00,0.000000000000000000e+00,0.000000000000000000e+00,1.000000000000000000e+00,6.700819162493849568e-01,3.540564404181670288e-01,-5.888650960077642660e-01,2.098470507179326372e-01,5.749614721243088145e-01,-9.885105254434325972e-02,6.202334297829499299e-01,2.455979670384039748e-01,8.720813478541877828e-02,1.488895682769552642e-01,-2.789925516793849702e-01,4.805999656929594299e-01,6.416645330010285475e-01,-6.531593246869535907e-01,-3.733437603838328234e-01,8.709524203033403023e-01,-2.300494730408224053e-01,-5.582735423763615090e-01,8.700487440158046759e-01,-4.306094236282341781e-01,8.008005578793239154e-01,-5.398103157819866132e-02,5.316307128008488370e-01,3.424939640010957742e-01,-3.138622601062642792e-01
0.000000000000000000e+00,0.000000000000000000e+00,0.000000000000000000e+00,0.000000000000000000e+00,0.000000000000000000e+00,0.000000000000000000e+00,0.000000000000000000e+00,0.000000000000000000e+00,0.000000000000000000e+00,0.000000000000000000e+00,0.000000000000000000e+00,0.000000000000000000e+00,0.000000000000000000e+00,0.000000000000000000e+00,0.000000000000000000e+00,0.000000000000000000e+00,0.000000000000000000e+00,0.000000000000000000e+00,0.000000000000000000e+00,0.000000000000000000e+00,0.000000000000000000e+00,0.000000000000000000e+00,0.000000000000000000e+00,0.000000000000000000e+00,0.000000000000000000e+00,0.000000000000000000e+00,0.000000000000000000e+00,0.000000000000000000e+00,0.000000000000000000e+00,0.000000000000000000e+00,0.000000000000000000e+00,0.000000000000000000e+00,0.000000000000000000e+00,0.000000000000000000e+00,0.000000000000000000e+00,0.000000000000000000e+00,0.000000000000000000e+00,0.000000000000000000e+00,0.000000000000000000e+00,0.000000000000000000e+00,0.000000000000000000e+00,0.000000000000000000e+00,0.000000000000000000e+00,0.000000000000000000e+00,0.000000000000000000e+00,0.000000000000000000e+00,0.000000000000000000e+00,0.000000000000000000e+00,0.000000000000000000e+00,0.000000000000000000e+00,0.000000000000000000e+00,0.000000000000000000e+00,0.000000000000000000e+00,0.000000000000000000e+00,0.000000000000000000e+00,0.000000000000000000e+00,0.000000000000000000e+00,0.000000000000000000e+00,0.000000000000000000e+00,0.000000000000000000e+00,0.000000000000000000e+00,0.000000000000000000e+00,0.000000000000000000e+00,0.000000000000000000e+00,0.000000000000000000e+00,0.000000000000000000e+00,0.000000000000000000e+00,0.000000000000000000e+00,0.000000000000000000e+00,0.000000000000000000e+00,0.000000000000000000e+00,0.000000000000000000e+00,0.000000000000000000e+00,0.000000000000000000e+00,0.000000000000000000e+00,1.000000000000000000e+00,5.586300325050453930e-01,1.057339959998998893e-02,-2.704887947591013142e-01,4.362747604885564012e-01,-5.740201079401026016e-03,1.603658537570413212e-01,1.486847245185058675e-01,6.174149673079405432e-01,1.764133291785360269e-01,4.119738037774826195e-02,1.110059783551001350e-01,2.131658696504954431e-01,-1.635979030442099094e-02,1.112999215965313482e-01,2.393334133628263471e-01,-6.607990839530215876e-02,-3.385075077355453321e-01,9.893416643841898561e-02,2.471586182515894126e-01,4.639167874082205101e-01,3.145920383904445283e-01,1.828767429923636445e-01,3.841776101088069661e-01,1.833096068295435033e-01
0.000000000000000000e+00,0.000000000000000000e+00,0.000000000000000000e+00,0.000000000000000000e+00,0.000000000000000000e+00,0.000000000000000000e+00,0.000000000000000000e+00,0.000000000000000000e+00,0.000000000000000000e+00,0.000000000000000000e+00,0.000000000000000000e+00,0.000000000000000000e+00,0.000000000000000000e+00,0.000000000000000000e+00,0.000000000000000000e+00,0.000000000000000000e+00,0.000000000000000000e+00,0.000000000000000000e+00,0.000000000000000000e+00,0.000000000000000000e+00,0.000000000000000000e+00,0.000000000000000000e+00,0.000000000000000000e+00,0.000000000000000000e+00,0.000000000000000000e+00,0.000000000000000000e+00,0.000000000000000000e+00,0.000000000000000000e+00,0.000000000000000000e+00,0.000000000000000000e+00,0.000000000000000000e+00,0.000000000000000000e+00,0.000000000000000000e+00,0.000000000000000000e+00,0.000000000000000000e+00,0.000000000000000000e+00,0.000000000000000000e+00,0.000000000000000000e+00,0.000000000000000000e+00,0.000000000000000000e+00,0.000000000000000000e+00,0.000000000000000000e+00,0.000000000000000000e+00,0.000000000000000000e+00,0.000000000000000000e+00,0.000000000000000000e+00,0.000000000000000000e+00,0.000000000000000000e+00,0.000000000000000000e+00,0.000000000000000000e+00,0.000000000000000000e+00,0.000000000000000000e+00,0.000000000000000000e+00,0.000000000000000000e+00,0.000000000000000000e+00,0.000000000000000000e+00,0.000000000000000000e+00,0.000000000000000000e+00,0.000000000000000000e+00,0.000000000000000000e+00,0.000000000000000000e+00,0.000000000000000000e+00,0.000000000000000000e+00,0.000000000000000000e+00,0.000000000000000000e+00,0.000000000000000000e+00,0.000000000000000000e+00,0.000000000000000000e+00,0.000000000000000000e+00,0.000000000000000000e+00,0.000000000000000000e+00,0.000000000000000000e+00,0.000000000000000000e+00,0.000000000000000000e+00,0.000000000000000000e+00,0.000000000000000000e+00,1.000000000000000000e+00,1.833526451909891219e-01,-7.853002899266891407e-03,3.304723758980147585e-01,-2.794837245895093747e-01,4.717322611419482170e-01,2.489225736511984366e-01,4.027649032499621140e-01,1.112326379641880719e-01,6.051327240613108005e-01,-9.462640985744967537e-02,2.598673595676478237e-02,1.540931895187792333e-01,5.925747335497193180e-02,3.312354099637111471e-01,3.491404254903121562e-01,-1.561889493156187747e-01,5.757941634994025865e-02,2.775955485217850849e-01,3.251373915787553748e-01,2.434967290160174047e-01,7.906719639796221111e-02,3.261898096792287260e-02,2.030622814438789447e-01
0.000000000000000000e+00,0.000000000000000000e+00,0.000000000000000000e+00,0.000000000000000000e+00,0.000000000000000000e+00,0.000000000000000000e+00,0.000000000000000000e+00,0.000000000000000000e+00,0.000000000000000000e+00,0.000000000000000000e+00,0.000000000000000000e+00,0.000000000000000000e+00,0.000000000000000000e+00,0.000000000000000000e+00,0.000000000000000000e+00,0.000000000000000000e+00,0.000000000000000000e+00,0.000000000000000000e+00,0.000000000000000000e+00,0.000000000000000000e+00,0.000000000000000000e+00,0.000000000000000000e+00,0.000000000000000000e+00,0.000000000000000000e+00,0.000000000000000000e+00,0.000000000000000000e+00,0.000000000000000000e+00,0.000000000000000000e+00,0.000000000000000000e+00,0.000000000000000000e+00,0.000000000000000000e+00,0.000000000000000000e+00,0.000000000000000000e+00,0.000000000000000000e+00,0.000000000000000000e+00,0.000000000000000000e+00,0.000000000000000000e+00,0.000000000000000000e+00,0.000000000000000000e+00,0.000000000000000000e+00,0.000000000000000000e+00,0.000000000000000000e+00,0.000000000000000000e+00,0.000000000000000000e+00,0.000000000000000000e+00,0.000000000000000000e+00,0.000000000000000000e+00,0.000000000000000000e+00,0.000000000000000000e+00,0.000000000000000000e+00,0.000000000000000000e+00,0.000000000000000000e+00,0.000000000000000000e+00,0.000000000000000000e+00,0.000000000000000000e+00,0.000000000000000000e+00,0.000000000000000000e+00,0.000000000000000000e+00,0.000000000000000000e+00,0.000000000000000000e+00,0.000000000000000000e+00,0.000000000000000000e+00,0.000000000000000000e+00,0.000000000000000000e+00,0.000000000000000000e+00,0.000000000000000000e+00,0.000000000000000000e+00,0.000000000000000000e+00,0.000000000000000000e+00,0.000000000000000000e+00,0.000000000000000000e+00,0.000000000000000000e+00,0.000000000000000000e+00,0.000000000000000000e+00,0.000000000000000000e+00,0.000000000000000000e+00,0.000000000000000000e+00,1.000000000000000000e+00,-2.480636123000626858e-01,-2.516181625404569355e-01,-2.897188475124473639e-01,7.005613257924481196e-03,5.109713629804736312e-01,8.620313763914562166e-01,3.512391342878740108e-01,9.445724913047319760e-01,-5.557512211161351745e-01,-3.760501422134879812e-01,8.140745468704988497e-01,5.080345825769165824e-01,-4.051824420924363679e-01,7.416033018999544923e-01,4.418994554258443008e-01,-4.977749991931186280e-01,7.571145151807989748e-01,-2.015195047388406990e-01,7.450434638986884739e-01,-2.211216457567647675e-01,-3.126655894119332868e-01,8.547802751571988988e-01
0.000000000000000000e+00,0.000000000000000000e+00,0.000000000000000000e+00,0.000000000000000000e+00,0.000000000000000000e+00,0.000000000000000000e+00,0.000000000000000000e+00,0.000000000000000000e+00,0.000000000000000000e+00,0.000000000000000000e+00,0.000000000000000000e+00,0.000000000000000000e+00,0.000000000000000000e+00,0.000000000000000000e+00,0.000000000000000000e+00,0.000000000000000000e+00,0.000000000000000000e+00,0.000000000000000000e+00,0.000000000000000000e+00,0.000000000000000000e+00,0.000000000000000000e+00,0.000000000000000000e+00,0.000000000000000000e+00,0.000000000000000000e+00,0.000000000000000000e+00,0.000000000000000000e+00,0.000000000000000000e+00,0.000000000000000000e+00,0.000000000000000000e+00,0.000000000000000000e+00,0.000000000000000000e+00,0.000000000000000000e+00,0.000000000000000000e+00,0.000000000000000000e+00,0.000000000000000000e+00,0.000000000000000000e+00,0.000000000000000000e+00,0.000000000000000000e+00,0.000000000000000000e+00,0.000000000000000000e+00,0.000000000000000000e+00,0.000000000000000000e+00,0.000000000000000000e+00,0.000000000000000000e+00,0.000000000000000000e+00,0.000000000000000000e+00,0.000000000000000000e+00,0.000000000000000000e+00,0.000000000000000000e+00,0.000000000000000000e+00,0.000000000000000000e+00,0.000000000000000000e+00,0.000000000000000000e+00,0.000000000000000000e+00,0.000000000000000000e+00,0.000000000000000000e+00,0.000000000000000000e+00,0.000000000000000000e+00,0.000000000000000000e+00,0.000000000000000000e+00,0.000000000000000000e+00,0.000000000000000000e+00,0.000000000000000000e+00,0.000000000000000000e+00,0.000000000000000000e+00,0.000000000000000000e+00,0.000000000000000000e+00,0.000000000000000000e+00,0.000000000000000000e+00,0.000000000000000000e+00,0.000000000000000000e+00,0.000000000000000000e+00,0.000000000000000000e+00,0.000000000000000000e+00,0.000000000000000000e+00,0.000000000000000000e+00,0.000000000000000000e+00,0.000000000000000000e+00,1.000000000000000000e+00,-4.819662100012654382e-01,9.964008260644850734e-02,4.234283750060588436e-01,5.570148130288538058e-01,-4.263386002966922383e-01,3.699956131624207445e-01,4.138318081527794789e-01,1.543710226057199153e-01,-6.637534746189809043e-02,9.704089978948592099e-02,6.146346618466262679e-02,8.771557901923404676e-02,1.874140333155269178e-01,5.509532801692066384e-01,3.183921463995478818e-01,-2.950373683254953749e-01,-1.540128219041120017e-01,-1.936046523716787315e-01,3.337260474942088662e-01,-2.262393450256067196e-01,3.139270763515461526e-01
0.000000000000000000e+00,0.000000000000000000e+00,0.000000000000000000e+00,0.000000000000000000e+00,0.000000000000000000e+00,0.000000000000000000e+00,0.000000000000000000e+00,0.000000000000000000e+00,0.000000000000000000e+00,0.000000000000000000e+00,0.000000000000000000e+00,0.000000000000000000e+00,0.000000000000000000e+00,0.000000000000000000e+00,0.000000000000000000e+00,0.000000000000000000e+00,0.000000000000000000e+00,0.000000000000000000e+00,0.000000000000000000e+00,0.000000000000000000e+00,0.000000000000000000e+00,0.000000000000000000e+00,0.000000000000000000e+00,0.000000000000000000e+00,0.000000000000000000e+00,0.000000000000000000e+00,0.000000000000000000e+00,0.000000000000000000e+00,0.000000000000000000e+00,0.000000000000000000e+00,0.000000000000000000e+00,0.000000000000000000e+00,0.000000000000000000e+00,0.000000000000000000e+00,0.000000000000000000e+00,0.000000000000000000e+00,0.000000000000000000e+00,0.000000000000000000e+00,0.000000000000000000e+00,0.000000000000000000e+00,0.000000000000000000e+00,0.000000000000000000e+00,0.000000000000000000e+00,0.000000000000000000e+00,0.000000000000000000e+00,0.000000000000000000e+00,0.000000000000000000e+00,0.000000000000000000e+00,0.000000000000000000e+00,0.000000000000000000e+00,0.000000000000000000e+00,0.000000000000000000e+00,0.000000000000000000e+00,0.000000000000000000e+00,0.000000000000000000e+00,0.000000000000000000e+00,0.000000000000000000e+00,0.000000000000000000e+00,0.000000000000000000e+00,0.000000000000000000e+00,0.000000000000000000e+00,0.000000000000000000e+00,0.000000000000000000e+00,0.000000000000000000e+00,0.000000000000000000e+00,0.000000000000000000e+00,0.000000000000000000e+00,0.000000000000000000e+00,0.000000000000000000e+00,0.000000000000000000e+00,0.000000000000000000e+00,0.000000000000000000e+00,0.000000000000000000e+00,0.000000000000000000e+00,0.000000000000000000e+00,0.000000000000000000e+00,0.000000000000000000e+00,0.000000000000000000e+00,0.000000000000000000e+00,1.000000000000000000e+00,-3.019695940959132296e-01,2.268838093342015194e-01,-3.309284746718653691e-01,1.944344736712194655e-01,-1.161357261327862905e-01,-1.762226106590931594e-03,-4.578627156173686874e-02,2.841800793309661177e-01,-2.495771285469835510e-01,-2.254025032017301367e-01,5.659810430063111353e-01,-3.892625426313954442e-03,-6.424012830614944658e-01,4.601890223378812816e-01,1.514908365449914862e-01,6.896994245613476959e-01,4.873487744445692549e-02,-1.484837522274585044e-03,3.078056753656187028e-01,-2.248120740072761248e-01
0.000000000000000000e+00,0.000000000000000000e+00,0.000000000000000000e+00,0.000000000000000000e+00,0.000000000000000000e+00,0.000000000000000000e+00,0.000000000000000000e+00,0.000000000000000000e+00,0.000000000000000000e+00,0.000000000000000000e+00,0.000000000000000000e+00,0.000000000000000000e+00,0.000000000000000000e+00,0.000000000000000000e+00,0.000000000000000000e+00,0.000000000000000000e+00,0.000000000000000000e+00,0.000000000000000000e+00,0.000000000000000000e+00,0.000000000000000000e+00,0.000000000000000000e+00,0.000000000000000000e+00,0.000000000000000000e+00,0.000000000000000000e+00,0.000000000000000000e+00,0.000000000000000000e+00,0.000000000000000000e+00,0.000000000000000000e+00,0.000000000000000000e+00,0.000000000000000000e+00,0.000000000000000000e+00,0.000000000000000000e+00,0.000000000000000000e+00,0.000000000000000000e+00,0.000000000000000000e+00,0.000000000000000000e+00,0.000000000000000000e+00,0.000000000000000000e+00,0.000000000000000000e+00,0.000000000000000000e+00,0.000000000000000000e+00,0.000000000000000000e+00,0.000000000000000000e+00,0.000000000000000000e+00,0.000000000000000000e+00,0.000000000000000000e+00,0.000000000000000000e+00,0.000000000000000000e+00,0.000000000000000000e+00,0.000000000000000000e+00,0.000000000000000000e+00,0.000000000000000000e+00,0.000000000000000000e+00,0.000000000000000000e+00,0.000000000000000000e+00,0.000000000000000000e+00,0.000000000000000000e+00,0.000000000000000000e+00,0.000000000000000000e+00,0.000000000000000000e+00,0.000000000000000000e+00,0.000000000000000000e+00,0.000000000000000000e+00,0.000000000000000000e+00,0.000000000000000000e+00,0.000000000000000000e+00,0.000000000000000000e+00,0.000000000000000000e+00,0.000000000000000000e+00,0.000000000000000000e+00,0.000000000000000000e+00,0.000000000000000000e+00,0.000000000000000000e+00,0.000000000000000000e+00,0.000000000000000000e+00,0.000000000000000000e+00,0.000000000000000000e+00,0.000000000000000000e+00,0.000000000000000000e+00,0.000000000000000000e+00,1.000000000000000000e+00,-5.728593363880236655e-01,3.908174791465327536e-01,4.932055066985696623e-02,6.052529705767005774e-01,-8.302667190899050143e-01,4.879555034970490812e-01,-2.823901013177752828e-02,1.075611090368210898e-01,6.184605831327342207e-01,-7.850858356186882769e-01,-5.261549256262728624e-01,5.517547856190956335e-01,-3.483746947524726800e-01,-4.602107772710486988e-02,-1.980251129880085392e-01,2.355457234588394511e-01,4.244078407528709684e-01,3.824783239940919843e-01,4.177165847988545955e-01
0.000000000000000000e+00,0.000000000000000000e+00,0.000000000000000000e+00,0.000000000000000000e+00,0.000000000000000000e+00,0.000000000000000000e+00,0.000000000000000000e+00,0.000000000000000000e+00,0.000000000000000000e+00,0.000000000000000000e+00,0.000000000000000000e+00,0.000000000000000000e+00,0.000000000000000000e+00,0.000000000000000000e+00,0.000000000000000000e+00,0.000000000000000000e+00,0.000000000000000000e+00,0.000000000000000000e+00,0.000000000000000000e+00,0.000000000000000000e+00,0.000000000000000000e+00,0.000000000000000000e+00,0.000000000000000000e+00,0.000000000000000000e+00,0.000000000000000000e+00,0.000000000000000000e+00,0.000000000000000000e+00,0.000000000000000000e+00,0.000000000000000000e+00,0.000000000000000000e+00,0.000000000000000000e+00,0.000000000000000000e+00,0.000000000000000000e+00,0.000000000000000000e+00,0.000000000000000000e+00,0.000000000000000000e+00,0.000000000000000000e+00,0.000000000000000000e+00,0.000000000000000000e+00,0.000000000000000000e+00,0.000000000000000000e+00,0.000000000000000000e+00,0.000000000000000000e+00,0.000000000000000000e+00,0.000000000000000000e+00,0.000000000000000000e+00,0.000000000000000000e+00,0.000000000000000000e+00,0.000000000000000000e+00,0.000000000000000000e+00,0.000000000000000000e+00,0.000000000000000000e+00,0.000000000000000000e+00,0.000000000000000000e+00,0.000000000000000000e+00,0.000000000000000000e+00,0.000000000000000000e+00,0.000000000000000000e+00,0.000000000000000000e+00,0.000000000000000000e+00,0.000000000000000000e+00,0.000000000000000000e+00,0.000000000000000000e+00,0.000000000000000000e+00,0.000000000000000000e+00,0.000000000000000000e+00,0.000000000000000000e+00,0.000000000000000000e+00,0.000000000000000000e+00,0.000000000000000000e+00,0.000000000000000000e+00,0.000000000000000000e+00,0.000000000000000000e+00,0.000000000000000000e+00,0.000000000000000000e+00,0.000000000000000000e+00,0.000000000000000000e+00,0.000000000000000000e+00,0.000000000000000000e+00,0.000000000000000000e+00,0.000000000000000000e+00,1.000000000000000000e+00,3.658228263060146479e-01,-3.160254169396004009e-02,9.798360610086043199e-02,8.722917305977789804e-01,5.704345265404239806e-02,1.358187328718503395e-01,1.547526038296191675e-02,-2.225865037442227579e-01,6.633352786262045608e-01,3.749353846131017742e-01,-3.080804511512518287e-02,4.563915105891503399e-01,-1.427355494890489643e-02,3.881664213678955866e-01,7.144991395780957155e-02,2.515204827748712679e-01,-2.310502644061812605e-01,1.482859852913095966e-01
0.000000000000000000e+00,0.000000000000000000e+00,0.000000000000000000e+00,0.000000000000000000e+00,0.000000000000000000e+00,0.000000000000000000e+00,0.000000000000000000e+00,0.000000000000000000e+00,0.000000000000000000e+00,0.000000000000000000e+00,0.000000000000000000e+00,0.000000000000000000e+00,0.000000000000000000e+00,0.000000000000000000e+00,0.000000000000000000e+00,0.000000000000000000e+00,0.000000000000000000e+00,0.000000000000000000e+00,0.000000000000000000e+00,0.000000000000000000e+00,0.000000000000000000e+00,0.000000000000000000e+00,0.000000000000000000e+00,0.000000000000000000e+00,0.000000000000000000e+00,0.000000000000000000e+00,0.000000000000000000e+00,0.000000000000000000e+00,0.000000000000000000e+00,0.000000000000000000e+00,0.000000000000000000e+00,0.000000000000000000e+00,0.000000000000000000e+00,0.000000000000000000e+00,0.000000000000000000e+00,0.000000000000000000e+00,0.000000000000000000e+00,0.000000000000000000e+00,0.000000000000000000e+00,0.000000000000000000e+00,0.000000000000000000e+00,0.000000000000000000e+00,0.000000000000000000e+00,0.000000000000000000e+00,0.000000000000000000e+00,0.000000000000000000e+00,0.000000000000000000e+00,0.000000000000000000e+00,0.000000000000000000e+00,0.000000000000000000e+00,0.000000000000000000e+00,0.000000000000000000e+00,0.000000000000000000e+00,0.000000000000000000e+00,0.000000000000000000e+00,0.000000000000000000e+00,0.000000000000000000e+00,0.000000000000000000e+00,0.000000000000000000e+00,0.000000000000000000e+00,0.000000000000000000e+00,0.000000000000000000e+00,0.000000000000000000e+00,0.000000000000000000e+00,0.000000000000000000e+00,0.000000000000000000e+00,0.000000000000000000e+00,0.000000000000000000e+00,0.000000000000000000e+00,0.000000000000000000e+00,0.000000000000000000e+00,0.000000000000000000e+00,0.000000000000000000e+00,0.000000000000000000e+00,0.000000000000000000e+00,0.000000000000000000e+00,0.000000000000000000e+00,0.000000000000000000e+00,0.000000000000000000e+00,0.000000000000000000e+00,0.000000000000000000e+00,0.000000000000000000e+00,1.000000000000000000e+00,6.801188623530083355e-01,7.819241892721298104e-01,2.334637831480142200e-01,2.028923044321168379e-01,1.800395619646334433e-01,2.274762241296886811e-01,4.907140873132609382e-01,-5.695727987702596529e-02,2.369737233476554850e-01,3.486067241289453333e-01,1.938435307798171969e-01,1.471824212148346578e-01,2.919660184540073811e-01,5.740077712482656302e-01,5.398110622054195229e-01,1.872371181039888255e-01,7.419486314683285677e-01
0.000000000000000000e+00,0.000000000000000000e+00,0.000000000000000000e+00,0.000000000000000000e+00,0.000000000000000000e+00,0.000000000000000000e+00,0.000000000000000000e+00,0.000000000000000000e+00,0.000000000000000000e+00,0.000000000000000000e+00,0.000000000000000000e+00,0.000000000000000000e+00,0.000000000000000000e+00,0.000000000000000000e+00,0.000000000000000000e+00,0.000000000000000000e+00,0.000000000000000000e+00,0.000000000000000000e+00,0.000000000000000000e+00,0.000000000000000000e+00,0.000000000000000000e+00,0.000000000000000000e+00,0.000000000000000000e+00,0.000000000000000000e+00,0.000000000000000000e+00,0.000000000000000000e+00,0.000000000000000000e+00,0.000000000000000000e+00,0.000000000000000000e+00,0.000000000000000000e+00,0.000000000000000000e+00,0.000000000000000000e+00,0.000000000000000000e+00,0.000000000000000000e+00,0.000000000000000000e+00,0.000000000000000000e+00,0.000000000000000000e+00,0.000000000000000000e+00,0.000000000000000000e+00,0.000000000000000000e+00,0.000000000000000000e+00,0.000000000000000000e+00,0.000000000000000000e+00,0.000000000000000000e+00,0.000000000000000000e+00,0.000000000000000000e+00,0.000000000000000000e+00,0.000000000000000000e+00,0.000000000000000000e+00,0.000000000000000000e+00,0.000000000000000000e+00,0.000000000000000000e+00,0.000000000000000000e+00,0.000000000000000000e+00,0.000000000000000000e+00,0.000000000000000000e+00,0.000000000000000000e+00,0.000000000000000000e+00,0.000000000000000000e+00,0.000000000000000000e+00,0.000000000000000000e+00,0.000000000000000000e+00,0.000000000000000000e+00,0.000000000000000000e+00,0.000000000000000000e+00,0.000000000000000000e+00,0.000000000000000000e+00,0.000000000000000000e+00,0.000000000000000000e+00,0.000000000000000000e+00,0.000000000000000000e+00,0.000000000000000000e+00,0.000000000000000000e+00,0.000000000000000000e+00,0.000000000000000000e+00,0.000000000000000000e+00,0.000000000000000000e+00,0.000000000000000000e+00,0.000000000000000000e+00,0.000000000000000000e+00,0.000000000000000000e+00,0.000000000000000000e+00,0.000000000000000000e+00,1.000000000000000000e+00,3.740594763315271409e-01,-2.511677748751742906e-02,2.541617477120292415e-02,2.193256539683499651e-01,8.365031407413554831e-02,2.427376175375420553e-01,8.579461503725963056e-02,7.023142480337576932e-02,-9.407468503549636096e-02,9.067402485205304508e-02,2.248031288710843900e-01,4.405794854308243136e-01,4.478346989665817346e-01,2.518786862076274891e-01,2.905467142488891708e-01,3.999969966562480495e-01
0.000000000000000000e+00,0.000000000000000000e+00,0.000000000000000000e+00,0.000000000000000000e+00,0.000000000000000000e+00,0.000000000000000000e+00,0.000000000000000000e+00,0.000000000000000000e+00,0.000000000000000000e+00,0.000000000000000000e+00,0.000000000000000000e+00,0.000000000000000000e+00,0.000000000000000000e+00,0.000000000000000000e+00,0.000000000000000000e+00,0.000000000000000000e+00,0.000000000000000000e+00,0.000000000000000000e+00,0.000000000000000000e+00,0.000000000000000000e+00,0.000000000000000000e+00,0.000000000000000000e+00,0.000000000000000000e+00,0.000000000000000000e+00,0.000000000000000000e+00,0.000000000000000000e+00,0.000000000000000000e+00,0.000000000000000000e+00,0.000000000000000000e+00,0.000000000000000000e+00,0.000000000000000000e+00,0.000000000000000000e+00,0.000000000000000000e+00,0.000000000000000000e+00,0.000000000000000000e+00,0.000000000000000000e+00,0.000000000000000000e+00,0.000000000000000000e+00,0.000000000000000000e+00,0.000000000000000000e+00,0.000000000000000000e+00,0.000000000000000000e+00,0.000000000000000000e+00,0.000000000000000000e+00,0.000000000000000000e+00,0.000000000000000000e+00,0.000000000000000000e+00,0.000000000000000000e+00,0.000000000000000000e+00,0.000000000000000000e+00,0.000000000000000000e+00,0.000000000000000000e+00,0.000000000000000000e+00,0.000000000000000000e+00,0.000000000000000000e+00,0.000000000000000000e+00,0.000000000000000000e+00,0.000000000000000000e+00,0.000000000000000000e+00,0.000000000000000000e+00,0.000000000000000000e+00,0.000000000000000000e+00,0.000000000000000000e+00,0.000000000000000000e+00,0.000000000000000000e+00,0.000000000000000000e+00,0.000000000000000000e+00,0.000000000000000000e+00,0.000000000000000000e+00,0.000000000000000000e+00,0.000000000000000000e+00,0.000000000000000000e+00,0.000000000000000000e+00,0.000000000000000000e+00,0.000000000000000000e+00,0.000000000000000000e+00,0.000000000000000000e+00,0.000000000000000000e+00,0.000000000000000000e+00,0.000000000000000000e+00,0.000000000000000000e+00,0.000000000000000000e+00,0.000000000000000000e+00,0.000000000000000000e+00,1.000000000000000000e+00,-8.916583478564264753e-02,2.297229643906765484e-01,2.749412479532873377e-01,1.551865262734481443e-01,5.805506870712616729e-01,-4.275941205531777478e-02,1.422449046136931294e-01,2.726428086406546547e-01,3.417113576138250397e-01,1.822884206800555185e-01,5.056586848758161112e-01,6.470146624132034896e-01,6.080586077361026520e-01,4.352826707686516250e-01,7.566071898639642468e-01
0.000000000000000000e+00,0.000000000000000000e+00,0.000000000000000000e+00,0.000000000000000000e+00,0.000000000000000000e+00,0.000000000000000000e+00,0.000000000000000000e+00,0.000000000000000000e+00,0.000000000000000000e+00,0.000000000000000000e+00,0.000000000000000000e+00,0.000000000000000000e+00,0.000000000000000000e+00,0.000000000000000000e+00,0.000000000000000000e+00,0.000000000000000000e+00,0.000000000000000000e+00,0.000000000000000000e+00,0.000000000000000000e+00,0.000000000000000000e+00,0.000000000000000000e+00,0.000000000000000000e+00,0.000000000000000000e+00,0.000000000000000000e+00,0.000000000000000000e+00,0.000000000000000000e+00,0.000000000000000000e+00,0.000000000000000000e+00,0.000000000000000000e+00,0.000000000000000000e+00,0.000000000000000000e+00,0.000000000000000000e+00,0.000000000000000000e+00,0.000000000000000000e+00,0.000000000000000000e+00,0.000000000000000000e+00,0.000000000000000000e+00,0.000000000000000000e+00,0.000000000000000000e+00,0.000000000000000000e+00,0.000000000000000000e+00,0.000000000000000000e+00,0.000000000000000000e+00,0.000000000000000000e+00,0.000000000000000000e+00,0.000000000000000000e+00,0.000000000000000000e+00,0.000000000000000000e+00,0.000000000000000000e+00,0.000000000000000000e+00,0.000000000000000000e+00,0.000000000000000000e+00,0.000000000000000000e+00,0.000000000000000000e+00,0.000000000000000000e+00,0.000000000000000000e+00,0.000000000000000000e+00,0.000000000000000000e+00,0.000000000000000000e+00,0.000000000000000000e+00,0.000000000000000000e+00,0.000000000000000000e+00,0.000000000000000000e+00,0.000000000000000000e+00,0.000000000000000000e+00,0.000000000000000000e+00,0.000000000000000000e+00,0.000000000000000000e+00,0.000000000000000000e+00,0.000000000000000000e+00,0.000000000000000000e+00,0.000000000000000000e+00,0.000000000000000000e+00,0.000000000000000000e+00,0.000000000000000000e+00,0.000000000000000000e+00,0.000000000000000000e+00,0.000000000000000000e+00,0.000000000000000000e+00,0.000000000000000000e+00,0.000000000000000000e+00,0.000000000000000000e+00,0.000000000000000000e+00,0.000000000000000000e+00,0.000000000000000000e+00,1.000000000000000000e+00,-2.029295110136716263e-01,-2.383262910431660497e-01,3.544341625429562326e-01,-1.401605485761738120e-03,1.695581066269619408e-01,4.676966417023170064e-01,1.870596642059056125e-01,-1.168907852038659073e-01,2.248050125620159323e-01,-8.501901384569512943e-02,5.033522027982103436e-02,-5.851043510271264347e-02,-3.552968223398296765e-01,2.717117439367598419e-01
0.000000000000000000e+00,0.000000000000000000e+00,0.000000000000000000e+00,0.000000000000000000e+00,0.000000000000000000e+00,0.000000000000000000e+00,0.000000000000000000e+00,0.000000000000000000e+00,0.000000000000000000e+00,0.000000000000000000e+00,0.000000000000000000e+00,0.000000000000000000e+00,0.000000000000000000e+00,0.000000000000000000e+00,0.000000000000000000e+00,0.000000000000000000e+00,0.000000000000000000e+00,0.000000000000000000e+00,0.000000000000000000e+00,0.000000000000000000e+00,0.000000000000000000e+00,0.000000000000000000e+00,0.000000000000000000e+00,0.000000000000000000e+00,0.000000000000000000e+00,0.000000000000000000e+00,0.000000000000000000e+00,0.000000000000000000e+00,0.000000000000000000e+00,0.000000000000000000e+00,0.000000000000000000e+00,0.000000000000000000e+00,0.000000000000000000e+00,0.000000000000000000e+00,0.000000000000000000e+00,0.000000000000000000e+00,0.000000000000000000e+00,0.000000000000000000e+00,0.000000000000000000e+00,0.000000000000000000e+00,0.000000000000000000e+00,0.000000000000000000e+00,0.000000000000000000e+00,0.000000000000000000e+00,0.000000000000000000e+00,0.000000000000000000e+00,0.000000000000000000e+00,0.000000000000000000e+00,0.000000000000000000e+00,0.000000000000000000e+00,0.000000000000000000e+00,0.000000000000000000e+00,0.000000000000000000e+00,0.000000000000000000e+00,0.000000000000000000e+00,0.000000000000000000e+00,0.000000000000000000e+00,0.000000000000000000e+00,0.000000000000000000e+00,0.000000000000000000e+00,0.000000000000000000e+00,0.000000000000000000e+00,0.000000000000000000e+00,0.000000000000000000e+00,0.000000000000000000e+00,0.000000000000000000e+00,0.000000000000000000e+00,0.000000000000000000e+00,0.000000000000000000e+00,0.000000000000000000e+00,0.000000000000000000e+00,0.000000000000000000e+00,0.000000000000000000e+00,0.000000000000000000e+00,0.000000000000000000e+00,0.000000000000000000e+00,0.000000000000000000e+00,0.000000000000000000e+00,0.000000000000000000e+00,0.000000000000000000e+00,0.000000000000000000e+00,0.000000000000000000e+00,0.000000000000000000e+00,0.000000000000000000e+00,0.000000000000000000e+00,0.000000000000000000e+00,1.000000000000000000e+00,6.473666531276963676e-01,-4.036322131520444501e-01,3.109291145648879762e-01,-1.428181728770826914e-02,-7.272040714287318908e-01,6.224863958747590270e-02,5.145611213505801862e-01,-3.797188437089738522e-01,6.024655205490815346e-01,3.246595755421430307e-01,9.912855140374542406e-01,6.858543206726934738e-01,2.942055797740025791e-01
0.000000000000000000e+00,0.000000000000000000e+00,0.000000000000000000e+00,0.000000000000000000e+00,0.000000000000000000e+00,0.000000000000000000e+00,0.000000000000000000e+00,0.000000000000000000e+00,0.000000000000000000e+00,0.000000000000000000e+00,0.000000000000000000e+00,0.000000000000000000e+00,0.000000000000000000e+00,0.000000000000000000e+00,0.000000000000000000e+00,0.000000000000000000e+00,0.000000000000000000e+00,0.000000000000000000e+00,0.000000000000000000e+00,0.000000000000000000e+00,0.000000000000000000e+00,0.000000000000000000e+00,0.000000000000000000e+00,0.000000000000000000e+00,0.000000000000000000e+00,0.000000000000000000e+00,0.000000000000000000e+00,0.000000000000000000e+00,0.000000000000000000e+00,0.000000000000000000e+00,0.000000000000000000e+00,0.000000000000000000e+00,0.000000000000000000e+00,0.000000000000000000e+00,0.000000000000000000e+00,0.000000000000000000e+00,0.000000000000000000e+00,0.000000000000000000e+00,0.000000000000000000e+00,0.000000000000000000e+00,0.000000000000000000e+00,0.000000000000000000e+00,0.000000000000000000e+00,0.000000000000000000e+00,0.000000000000000000e+00,0.000000000000000000e+00,0.000000000000000000e+00,0.000000000000000000e+00,0.000000000000000000e+00,0.000000000000000000e+00,0.000000000000000000e+00,0.000000000000000000e+00,0.000000000000000000e+00,0.000000000000000000e+00,0.000000000000000000e+00,0.000000000000000000e+00,0.000000000000000000e+00,0.000000000000000000e+00,0.000000000000000000e+00,0.000000000000000000e+00,0.000000000000000000e+00,0.000000000000000000e+00,0.000000000000000000e+00,0.000000000000000000e+00,0.000000000000000000e+00,0.000000000000000000e+00,0.000000000000000000e+00,0.000000000000000000e+00,0.000000000000000000e+00,0.000000000000000000e+00,0.000000000000000000e+00,0.000000000000000000e+00,0.000000000000000000e+00,0.000000000000000000e+00,0.000000000000000000e+00,0.000000000000000000e+00,0.000000000000000000e+00,0.000000000000000000e+00,0.000000000000000000e+00,0.000000000000000000e+00,0.000000000000000000e+00,0.000000000000000000e+00,0.000000000000000000e+00,0.000000000000000000e+00,0.000000000000000000e+00,0.000000000000000000e+00,0.000000000000000000e+00,1.000000000000000000e+00,-6.092486043296532205e-01,-7.500183644335664535e-02,7.265875840568872812e-01,-2.616473366332819350e-01,-6.231785810985692731e-01,1.000000000000000000e+00,-1.731263688833867831e-01,1.000000000000000000e+00,5.302566198071320125e-01,7.157070823341148413e-01,7.231650161006596411e-01,1.698067583488799270e-01
0.000000000000000000e+00,0.000000000000000000e+00,0.000000000000000000e+00,0.000000000000000000e+00,0.000000000000000000e+00,0.000000000000000000e+00,0.000000000000000000e+00,0.000000000000000000e+00,0.000000000000000000e+00,0.000000000000000000e+00,0.000000000000000000e+00,0.000000000000000000e+00,0.000000000000000000e+00,0.000000000000000000e+00,0.000000000000000000e+00,0.000000000000000000e+00,0.000000000000000000e+00,0.000000000000000000e+00,0.000000000000000000e+00,0.000000000000000000e+00,0.000000000000000000e+00,0.000000000000000000e+00,0.000000000000000000e+00,0.000000000000000000e+00,0.000000000000000000e+00,0.000000000000000000e+00,0.000000000000000000e+00,0.000000000000000000e+00,0.000000000000000000e+00,0.000000000000000000e+00,0.000000000000000000e+00,0.000000000000000000e+00,0.000000000000000000e+00,0.000000000000000000e+00,0.000000000000000000e+00,0.000000000000000000e+00,0.000000000000000000e+00,0.000000000000000000e+00,0.000000000000000000e+00,0.000000000000000000e+00,0.000000000000000000e+00,0.000000000000000000e+00,0.000000000000000000e+00,0.000000000000000000e+00,0.000000000000000000e+00,0.000000000000000000e+00,0.000000000000000000e+00,0.000000000000000000e+00,0.000000000000000000e+00,0.000000000000000000e+00,0.000000000000000000e+00,0.000000000000000000e+00,0.000000000000000000e+00,0.000000000000000000e+00,0.000000000000000000e+00,0.000000000000000000e+00,0.000000000000000000e+00,0.000000000000000000e+00,0.000000000000000000e+00,0.000000000000000000e+00,0.000000000000000000e+00,0.000000000000000000e+00,0.000000000000000000e+00,0.000000000000000000e+00,0.000000000000000000e+00,0.000000000000000000e+00,0.000000000000000000e+00,0.000000000000000000e+00,0.000000000000000000e+00,0.000000000000000000e+00,0.000000000000000000e+00,0.000000000000000000e+00,0.000000000000000000e+00,0.000000000000000000e+00,0.000000000000000000e+00,0.000000000000000000e+00,0.000000000000000000e+00,0.000000000000000000e+00,0.000000000000000000e+00,0.000000000000000000e+00,0.000000000000000000e+00,0.000000000000000000e+00,0.000000000000000000e+00,0.000000000000000000e+00,0.000000000000000000e+00,0.000000000000000000e+00,0.000000000000000000e+00,0.000000000000000000e+00,1.000000000000000000e+00,7.498754745311999592e-01,-7.271140347436951812e-01,5.318053112903390334e-01,7.798678085894842349e-01,-9.463506675364601328e-01,7.125262449105611573e-01,-4.342647688276642937e-01,5.277453490858342589e-01,-3.463334341286290752e-02,-2.949149335175699216e-01,9.526243423603745208e-01
0.000000000000000000e+00,0.000000000000000000e+00,0.000000000000000000e+00,0.000000000000000000e+00,0.000000000000000000e+00,0.000000000000000000e+00,0.000000000000000000e+00,0.000000000000000000e+00,0.000000000000000000e+00,0.000000000000000000e+00,0.000000000000000000e+00,0.000000000000000000e+00,0.000000000000000000e+00,0.000000000000000000e+00,0.000000000000000000e+00,0.000000000000000000e+00,0.000000000000000000e+00,0.000000000000000000e+00,0.000000000000000000e+00,0.000000000000000000e+00,0.000000000000000000e+00,0.000000000000000000e+00,0.000000000000000000e+00,0.000000000000000000e+00,0.000000000000000000e+00,0.000000000000000000e+00,0.000000000000000000e+00,0.000000000000000000e+00,0.000000000000000000e+00,0.000000000000000000e+00,0.000000000000000000e+00,0.000000000000000000e+00,0.000000000000000000e+00,0.000000000000000000e+00,0.000000000000000000e+00,0.000000000000000000e+00,0.000000000000000000e+00,0.000000000000000000e+00,0.000000000000000000e+00,0.000000000000000000e+00,0.000000000000000000e+00,0.000000000000000000e+00,0.000000000000000000e+00,0.000000000000000000e+00,0.000000000000000000e+00,0.000000000000000000e+00,0.000000000000000000e+00,0.000000000000000000e+00,0.000000000000000000e+00,0.000000000000000000e+00,0.000000000000000000e+00,0.000000000000000000e+00,0.000000000000000000e+00,0.000000000000000000e+00,0.000000000000000000e+00,0.000000000000000000e+00,0.000000000000000000e+00,0.000000000000000000e+00,0.000000000000000000e+00,0.000000000000000000e+00,0.000000000000000000e+00,0.000000000000000000e+00,0.000000000000000000e+00,0.000000000000000000e+00,0.000000000000000000e+00,0.000000000000000000e+00,0.000000000000000000e+00,0.000000000000000000e+00,0.000000000000000000e+00,0.000000000000000000e+00,0.000000000000000000e+00,0.000000000000000000e+00,0.000000000000000000e+00,0.000000000000000000e+00,0.000000000000000000e+00,0.000000000000000000e+00,0.000000000000000000e+00,0.000000000000000000e+00,0.000000000000000000e+00,0.000000000000000000e+00,0.000000000000000000e+00,0.000000000000000000e+00,0.000000000000000000e+00,0.000000000000000000e+00,0.000000000000000000e+00,0.000000000000000000e+00,0.000000000000000000e+00,0.000000000000000000e+00,0.000000000000000000e+00,1.000000000000000000e+00,-6.435773366270998164e-01,1.771042998427120596e-01,4.445283629146842830e-01,-3.856377126789420351e-01,5.514044074906899739e-01,1.965014090771119992e-01,7.904698324575496482e-01,4.536309609915784580e-01,4.782501010825064292e-01,9.353308873199408513e-01
0.000000000000000000e+00,0.000000000000000000e+00,0.000000000000000000e+00,0.000000000000000000e+00,0.000000000000000000e+00,0.000000000000000000e+00,0.000000000000000000e+00,0.000000000000000000e+00,0.000000000000000000e+00,0.000000000000000000e+00,0.000000000000000000e+00,0.000000000000000000e+00,0.000000000000000000e+00,0.000000000000000000e+00,0.000000000000000000e+00,0.000000000000000000e+00,0.000000000000000000e+00,0.000000000000000000e+00,0.000000000000000000e+00,0.000000000000000000e+00,0.000000000000000000e+00,0.000000000000000000e+00,0.000000000000000000e+00,0.000000000000000000e+00,0.000000000000000000e+00,0.000000000000000000e+00,0.000000000000000000e+00,0.000000000000000000e+00,0.000000000000000000e+00,0.000000000000000000e+00,0.000000000000000000e+00,0.000000000000000000e+00,0.000000000000000000e+00,0.000000000000000000e+00,0.000000000000000000e+00,0.000000000000000000e+00,0.000000000000000000e+00,0.000000000000000000e+00,0.000000000000000000e+00,0.000000000000000000e+00,0.000000000000000000e+00,0.000000000000000000e+00,0.000000000000000000e+00,0.000000000000000000e+00,0.000000000000000000e+00,0.000000000000000000e+00,0.000000000000000000e+00,0.000000000000000000e+00,0.000000000000000000e+00,0.000000000000000000e+00,0.000000000000000000e+00,0.000000000000000000e+00,0.000000000000000000e+00,0.000000000000000000e+00,0.000000000000000000e+00,0.000000000000000000e+00,0.000000000000000000e+00,0.000000000000000000e+00,0.000000000000000000e+00,0.000000000000000000e+00,0.000000000000000000e+00,0.000000000000000000e+00,0.000000000000000000e+00,0.000000000000000000e+00,0.000000000000000000e+00,0.000000000000000000e+00,0.000000000000000000e+00,0.000000000000000000e+00,0.000000000000000000e+00,0.000000000000000000e+00,0.000000000000000000e+00,0.000000000000000000e+00,0.000000000000000000e+00,0.000000000000000000e+00,0.000000000000000000e+00,0.000000000000000000e+00,0.000000000000000000e+00,0.000000000000000000e+00,0.000000000000000000e+00,0.000000000000000000e+00,0.000000000000000000e+00,0.000000000000000000e+00,0.000000000000000000e+00,0.000000000000000000e+00,0.000000000000000000e+00,0.000000000000000000e+00,0.000000000000000000e+00,0.000000000000000000e+00,0.000000000000000000e+00,0.000000000000000000e+00,1.000000000000000000e+00,1.260056851404578460e-01,-5.629334755319862493e-01,7.663897679702714738e-01,-1.643098734465201494e-01,6.970600055149828167e-01,-1.134464067981316299e-01,1.408919860011447478e-01,1.060150777985567755e-01,-2.501627887763333002e-01
0.000000000000000000e+00,0.000000000000000000e+00,0.000000000000000000e+00,0.000000000000000000e+00,0.000000000000000000e+00,0.000000000000000000e+00,0.000000000000000000e+00,0.000000000000000000e+00,0.000000000000000000e+00,0.000000000000000000e+00,0.000000000000000000e+00,0.000000000000000000e+00,0.000000000000000000e+00,0.000000000000000000e+00,0.000000000000000000e+00,0.000000000000000000e+00,0.000000000000000000e+00,0.000000000000000000e+00,0.000000000000000000e+00,0.000000000000000000e+00,0.000000000000000000e+00,0.000000000000000000e+00,0.000000000000000000e+00,0.000000000000000000e+00,0.000000000000000000e+00,0.000000000000000000e+00,0.000000000000000000e+00,0.000000000000000000e+00,0.000000000000000000e+00,0.000000000000000000e+00,0.000000000000000000e+00,0.000000000000000000e+00,0.000000000000000000e+00,0.000000000000000000e+00,0.000000000000000000e+00,0.000000000000000000e+00,0.000000000000000000e+00,0.000000000000000000e+00,0.000000000000000000e+00,0.000000000000000000e+00,0.000000000000000000e+00,0.000000000000000000e+00,0.000000000000000000e+00,0.000000000000000000e+00,0.000000000000000000e+00,0.000000000000000000e+00,0.000000000000000000e+00,0.000000000000000000e+00,0.000000000000000000e+00,0.000000000000000000e+00,0.000000000000000000e+00,0.000000000000000000e+00,0.000000000000000000e+00,0.000000000000000000e+00,0.000000000000000000e+00,0.000000000000000000e+00,0.000000000000000000e+00,0.000000000000000000e+00,0.000000000000000000e+00,0.000000000000000000e+00,0.000000000000000000e+00,0.000000000000000000e+00,0.000000000000000000e+00,0.000000000000000000e+00,0.000000000000000000e+00,0.000000000000000000e+00,0.000000000000000000e+00,0.000000000000000000e+00,0.000000000000000000e+00,0.000000000000000000e+00,0.000000000000000000e+00,0.000000000000000000e+00,0.000000000000000000e+00,0.000000000000000000e+00,0.000000000000000000e+00,0.000000000000000000e+00,0.000000000000000000e+00,0.000000000000000000e+00,0.000000000000000000e+00,0.000000000000000000e+00,0.000000000000000000e+00,0.000000000000000000e+00,0.000000000000000000e+00,0.000000000000000000e+00,0.000000000000000000e+00,0.000000000000000000e+00,0.000000000000000000e+00,0.000000000000000000e+00,0.000000000000000000e+00,0.000000000000000000e+00,0.000000000000000000e+00,1.000000000000000000e+00,2.743640764053260628e-01,2.093053792660314744e-02,4.021110346614778508e-01,8.045886494475990025e-02,3.388118004134801353e-01,-3.498929382460531229e-02,-3.803888175819950535e-01,4.752968646372318084e-01
0.000000000000000000e+00,0.000000000000000000e+00,0.000000000000000000e+00,0.000000000000000000e+00,0.000000000000000000e+00,0.000000000000000000e+00,0.000000000000000000e+00,0.000000000000000000e+00,0.000000000000000000e+00,0.000000000000000000e+00,0.000000000000000000e+00,0.000000000000000000e+00,0.000000000000000000e+00,0.000000000000000000e+00,0.000000000000000000e+00,0.000000000000000000e+00,0.000000000000000000e+00,0.000000000000000000e+00,0.000000000000000000e+00,0.000000000000000000e+00,0.000000000000000000e+00,0.000000000000000000e+00,0.000000000000000000e+00,0.000000000000000000e+00,0.000000000000000000e+00,0.000000000000000000e+00,0.000000000000000000e+00,0.000000000000000000e+00,0.000000000000000000e+00,0.000000000000000000e+00,0.000000000000000000e+00,0.000000000000000000e+00,0.000000000000000000e+00,0.000000000000000000e+00,0.000000000000000000e+00,0.000000000000000000e+00,0.000000000000000000e+00,0.000000000000000000e+00,0.000000000000000000e+00,0.000000000000000000e+00,0.000000000000000000e+00,0.000000000000000000e+00,0.000000000000000000e+00,0.000000000000000000e+00,0.000000000000000000e+00,0.000000000000000000e+00,0.000000000000000000e+00,0.000000000000000000e+00,0.000000000000000000e+00,0.000000000000000000e+00,0.000000000000000000e+00,0.000000000000000000e+00,0.000000000000000000e+00,0.000000000000000000e+00,0.000000000000000000e+00,0.000000000000000000e+00,0.000000000000000000e+00,0.000000000000000000e+00,0.000000000000000000e+00,0.000000000000000000e+00,0.000000000000000000e+00,0.000000000000000000e+00,0.000000000000000000e+00,0.000000000000000000e+00,0.000000000000000000e+00,0.000000000000000000e+00,0.000000000000000000e+00,0.000000000000000000e+00,0.000000000000000000e+00,0.000000000000000000e+00,0.000000000000000000e+00,0.000000000000000000e+00,0.000000000000000000e+00,0.000000000000000000e+00,0.000000000000000000e+00,0.000000000000000000e+00,0.000000000000000000e+00,0.000000000000000000e+00,0.000000000000000000e+00,0.000000000000000000e+00,0.000000000000000000e+00,0.000000000000000000e+00,0.000000000000000000e+00,0.000000000000000000e+00,0.000000000000000000e+00,0.000000000000000000e+00,0.000000000000000000e+00,0.000000000000000000e+00,0.000000000000000000e+00,0.000000000000000000e+00,0.000000000000000000e+00,0.000000000000000000e+00,1.000000000000000000e+00,-3.235249941090603820e-01,-3.751415311833223437e-02,-6.307629936130350057e-01,9.134795139950349641e-02,1.545990270808670630e-01,-4.782264226040374711e-01,6.165007295062385761e-01
0.000000000000000000e+00,0.000000000000000000e+00,0.000000000000000000e+00,0.000000000000000000e+00,0.000000000000000000e+00,0.000000000000000000e+00,0.000000000000000000e+00,0.000000000000000000e+00,0.000000000000000000e+00,0.000000000000000000e+00,0.000000000000000000e+00,0.000000000000000000e+00,0.000000000000000000e+00,0.000000000000000000e+00,0.000000000000000000e+00,0.000000000000000000e+00,0.000000000000000000e+00,0.000000000000000000e+00,0.000000000000000000e+00,0.000000000000000000e+00,0.000000000000000000e+00,0.000000000000000000e+00,0.000000000000000000e+00,0.000000000000000000e+00,0.000000000000000000e+00,0.000000000000000000e+00,0.000000000000000000e+00,0.000000000000000000e+00,0.000000000000000000e+00,0.000000000000000000e+00,0.000000000000000000e+00,0.000000000000000000e+00,0.000000000000000000e+00,0.000000000000000000e+00,0.000000000000000000e+00,0.000000000000000000e+00,0.000000000000000000e+00,0.000000000000000000e+00,0.000000000000000000e+00,0.000000000000000000e+00,0.000000000000000000e+00,0.000000000000000000e+00,0.000000000000000000e+00,0.000000000000000000e+00,0.000000000000000000e+00,0.000000000000000000e+00,0.000000000000000000e+00,0.000000000000000000e+00,0.000000000000000000e+00,0.000000000000000000e+00,0.000000000000000000e+00,0.000000000000000000e+00,0.000000000000000000e+00,0.000000000000000000e+00,0.000000000000000000e+00,0.000000000000000000e+00,0.000000000000000000e+00,0.000000000000000000e+00,0.000000000000000000e+00,0.000000000000000000e+00,0.000000000000000000e+00,0.000000000000000000e+00,0.000000000000000000e+00,0.000000000000000000e+00,0.000000000000000000e+00,0.000000000000000000e+00,0.000000000000000000e+00,0.000000000000000000e+00,0.000000000000000000e+00,0.000000000000000000e+00,0.000000000000000000e+00,0.000000000000000000e+00,0.000000000000000000e+00,0.000000000000000000e+00,0.000000000000000000e+00,0.000000000000000000e+00,0.000000000000000000e+00,0.000000000000000000e+00,0.000000000000000000e+00,0.000000000000000000e+00,0.000000000000000000e+00,0.000000000000000000e+00,0.000000000000000000e+00,0.000000000000000000e+00,0.000000000000000000e+00,0.000000000000000000e+00,0.000000000000000000e+00,0.000000000000000000e+00,0.000000000000000000e+00,0.000000000000000000e+00,0.000000000000000000e+00,0.000000000000000000e+00,0.000000000000000000e+00,1.000000000000000000e+00,-2.244654401962114521e-01,6.279245939671824761e-01,6.279357032358907909e-02,3.474328511030442823e-01,1.816386192599801219e-01,7.543554131265985119e-02
0.000000000000000000e+00,0.000000000000000000e+00,0.000000000000000000e+00,0.000000000000000000e+00,0.000000000000000000e+00,0.000000000000000000e+00,0.000000000000000000e+00,0.000000000000000000e+00,0.000000000000000000e+00,0.000000000000000000e+00,0.000000000000000000e+00,0.000000000000000000e+00,0.000000000000000000e+00,0.000000000000000000e+00,0.000000000000000000e+00,0.000000000000000000e+00,0.000000000000000000e+00,0.000000000000000000e+00,0.000000000000000000e+00,0.000000000000000000e+00,0.000000000000000000e+00,0.000000000000000000e+00,0.000000000000000000e+00,0.000000000000000000e+00,0.000000000000000000e+00,0.000000000000000000e+00,0.000000000000000000e+00,0.000000000000000000e+00,0.000000000000000000e+00,0.000000000000000000e+00,0.000000000000000000e+00,0.000000000000000000e+00,0.000000000000000000e+00,0.000000000000000000e+00,0.000000000000000000e+00,0.000000000000000000e+00,0.000000000000000000e+00,0.000000000000000000e+00,0.000000000000000000e+00,0.000000000000000000e+00,0.000000000000000000e+00,0.000000000000000000e+00,0.000000000000000000e+00,0.000000000000000000e+00,0.000000000000000000e+00,0.000000000000000000e+00,0.000000000000000000e+00,0.000000000000000000e+00,0.000000000000000000e+00,0.000000000000000000e+00,0.000000000000000000e+00,0.000000000000000000e+00,0.000000000000000000e+00,0.000000000000000000e+00,0.000000000000000000e+00,0.000000000000000000e+00,0.000000000000000000e+00,0.000000000000000000e+00,0.000000000000000000e+00,0.000000000000000000e+00,0.000000000000000000e+00,0.000000000000000000e+00,0.000000000000000000e+00,0.000000000000000000e+00,0.000000000000000000e+00,0.000000000000000000e+00,0.000000000000000000e+00,0.000000000000000000e+00,0.000000000000000000e+00,0.000000000000000000e+00,0.000000000000000000e+00,0.000000000000000000e+00,0.000000000000000000e+00,0.000000000000000000e+00,0.000000000000000000e+00,0.000000000000000000e+00,0.000000000000000000e+00,0.000000000000000000e+00,0.000000000000000000e+00,0.000000000000000000e+00,0.000000000000000000e+00,0.000000000000000000e+00,0.000000000000000000e+00,0.000000000000000000e+00,0.000000000000000000e+00,0.000000000000000000e+00,0.000000000000000000e+00,0.000000000000000000e+00,0.000000000000000000e+00,0.000000000000000000e+00,0.000000000000000000e+00,0.000000000000000000e+00,0.000000000000000000e+00,0.000000000000000000e+00,1.000000000000000000e+00,4.439844857418162594e-01,8.481229099623807111e-01,4.435393599634924328e-02,3.457276251113190479e-01,7.793527938374947839e-01
0.000000000000000000e+00,0.000000000000000000e+00,0.000000000000000000e+00,0.000000000000000000e+00,0.000000000000000000e+00,0.000000000000000000e+00,0.000000000000000000e+00,0.000000000000000000e+00,0.000000000000000000e+00,0.000000000000000000e+00,0.000000000000000000e+00,0.000000000000000000e+00,0.000000000000000000e+00,0.000000000000000000e+00,0.000000000000000000e+00,0.000000000000000000e+00,0.000000000000000000e+00,0.000000000000000000e+00,0.000000000000000000e+00,0.000000000000000000e+00,0.000000000000000000e+00,0.000000000000000000e+00,0.000000000000000000e+00,0.000000000000000000e+00,0.000000000000000000e+00,0.000000000000000000e+00,0.000000000000000000e+00,0.000000000000000000e+00,0.000000000000000000e+00,0.000000000000000000e+00,0.000000000000000000e+00,0.000000000000000000e+00,0.000000000000000000e+00,0.000000000000000000e+00,0.000000000000000000e+00,0.000000000000000000e+00,0.000000000000000000e+00,0.000000000000000000e+00,0.000000000000000000e+00,0.000000000000000000e+00,0.000000000000000000e+00,0.000000000000000000e+00,0.000000000000000000e+00,0.000000000000000000e+00,0.000000000000000000e+00,0.000000000000000000e+00,0.000000000000000000e+00,0.000000000000000000e+00,0.000000000000000000e+00,0.000000000000000000e+00,0.000000000000000000e+00,0.000000000000000000e+00,0.000000000000000000e+00,0.000000000000000000e+00,0.000000000000000000e+00,0.000000000000000000e+00,0.000000000000000000e+00,0.000000000000000000e+00,0.000000000000000000e+00,0.000000000000000000e+00,0.000000000000000000e+00,0.000000000000000000e+00,0.000000000000000000e+00,0.000000000000000000e+00,0.000000000000000000e+00,0.000000000000000000e+00,0.000000000000000000e+00,0.000000000000000000e+00,0.000000000000000000e+00,0.000000000000000000e+00,0.000000000000000000e+00,0.000000000000000000e+00,0.000000000000000000e+00,0.000000000000000000e+00,0.000000000000000000e+00,0.000000000000000000e+00,0.000000000000000000e+00,0.000000000000000000e+00,0.000000000000000000e+00,0.000000000000000000e+00,0.000000000000000000e+00,0.000000000000000000e+00,0.000000000000000000e+00,0.000000000000000000e+00,0.000000000000000000e+00,0.000000000000000000e+00,0.000000000000000000e+00,0.000000000000000000e+00,0.000000000000000000e+00,0.000000000000000000e+00,0.000000000000000000e+00,0.000000000000000000e+00,0.000000000000000000e+00,0.000000000000000000e+00,0.000000000000000000e+00,1.000000000000000000e+00,4.414869105997450416e-01,4.435012309977515721e-01,4.788427948703061210e-01,2.553361792986044709e-01
0.000000000000000000e+00,0.000000000000000000e+00,0.000000000000000000e+00,0.000000000000000000e+00,0.000000000000000000e+00,0.000000000000000000e+00,0.000000000000000000e+00,0.000000000000000000e+00,0.000000000000000000e+00,0.000000000000000000e+00,0.000000000000000000e+00,0.000000000000000000e+00,0.000000000000000000e+00,0.000000000000000000e+00,0.000000000000000000e+00,0.000000000000000000e+00,0.000000000000000000e+00,0.000000000000000000e+00,0.000000000000000000e+00,0.000000000000000000e+00,0.000000000000000000e+00,0.000000000000000000e+00,0.000000000000000000e+00,0.000000000000000000e+00,0.000000000000000000e+00,0.000000000000000000e+00,0.000000000000000000e+00,0.000000000000000000e+00,0.000000000000000000e+00,0.000000000000000000e+00,0.000000000000000000e+00,0.000000000000000000e+00,0.000000000000000000e+00,0.000000000000000000e+00,0.000000000000000000e+00,0.000000000000000000e+00,0.000000000000000000e+00,0.000000000000000000e+00,0.000000000000000000e+00,0.000000000000000000e+00,0.000000000000000000e+00,0.000000000000000000e+00,0.000000000000000000e+00,0.000000000000000000e+00,0.000000000000000000e+00,0.000000000000000000e+00,0.000000000000000000e+00,0.000000000000000000e+00,0.000000000000000000e+00,0.000000000000000000e+00,0.000000000000000000e+00,0.000000000000000000e+00,0.000000000000000000e+00,0.000000000000000000e+00,0.000000000000000000e+00,0.000000000000000000e+00,0.000000000000000000e+00,0.000000000000000000e+00,0.000000000000000000e+00,0.000000000000000000e+00,0.000000000000000000e+00,0.000000000000000000e+00,0.000000000000000000e+00,0.000000000000000000e+00,0.000000000000000000e+00,0.000000000000000000e+00,0.000000000000000000e+00,0.000000000000000000e+00,0.000000000000000000e+00,0.000000000000000000e+00,0.000000000000000000e+00,0.000000000000000000e+00,0.000000000000000000e+00,0.000000000000000000e+00,0.000000000000000000e+00,0.000000000000000000e+00,0.000000000000000000e+00,0.000000000000000000e+00,0.000000000000000000e+00,0.000000000000000000e+00,0.000000000000000000e+00,0.000000000000000000e+00,0.000000000000000000e+00,0.000000000000000000e+00,0.000000000000000000e+00,0.000000000000000000e+00,0.000000000000000000e+00,0.000000000000000000e+00,0.000000000000000000e+00,0.000000000000000000e+00,0.000000000000000000e+00,0.000000000000000000e+00,0.000000000000000000e+00,0.000000000000000000e+00,0.000000000000000000e+00,0.000000000000000000e+00,1.000000000000000000e+00,4.990210444316152127e-01,3.931830783283343789e-01,8.649628624028108392e-01
0.000000000000000000e+00,0.000000000000000000e+00,0.000000000000000000e+00,0.000000000000000000e+00,0.000000000000000000e+00,0.000000000000000000e+00,0.000000000000000000e+00,0.000000000000000000e+00,0.000000000000000000e+00,0.000000000000000000e+00,0.000000000000000000e+00,0.000000000000000000e+00,0.000000000000000000e+00,0.000000000000000000e+00,0.000000000000000000e+00,0.000000000000000000e+00,0.000000000000000000e+00,0.000000000000000000e+00,0.000000000000000000e+00,0.000000000000000000e+00,0.000000000000000000e+00,0.000000000000000000e+00,0.000000000000000000e+00,0.000000000000000000e+00,0.000000000000000000e+00,0.000000000000000000e+00,0.000000000000000000e+00,0.000000000000000000e+00,0.000000000000000000e+00,0.000000000000000000e+00,0.000000000000000000e+00,0.000000000000000000e+00,0.000000000000000000e+00,0.000000000000000000e+00,0.000000000000000000e+00,0.000000000000000000e+00,0.000000000000000000e+00,0.000000000000000000e+00,0.000000000000000000e+00,0.000000000000000000e+00,0.000000000000000000e+00,0.000000000000000000e+00,0.000000000000000000e+00,0.000000000000000000e+00,0.000000000000000000e+00,0.000000000000000000e+00,0.000000000000000000e+00,0.000000000000000000e+00,0.000000000000000000e+00,0.000000000000000000e+00,0.000000000000000000e+00,0.000000000000000000e+00,0.000000000000000000e+00,0.000000000000000000e+00,0.000000000000000000e+00,0.000000000000000000e+00,0.000000000000000000e+00,0.000000000000000000e+00,0.000000000000000000e+00,0.000000000000000000e+00,0.000000000000000000e+00,0.000000000000000000e+00,0.000000000000000000e+00,0.000000000000000000e+00,0.000000000000000000e+00,0.000000000000000000e+00,0.000000000000000000e+00,0.000000000000000000e+00,0.000000000000000000e+00,0.000000000000000000e+00,0.000000000000000000e+00,0.000000000000000000e+00,0.000000000000000000e+00,0.000000000000000000e+00,0.000000000000000000e+00,0.000000000000000000e+00,0.000000000000000000e+00,0.000000000000000000e+00,0.000000000000000000e+00,0.000000000000000000e+00,0.000000000000000000e+00,0.000000000000000000e+00,0.000000000000000000e+00,0.000000000000000000e+00,0.000000000000000000e+00,0.000000000000000000e+00,0.000000000000000000e+00,0.000000000000000000e+00,0.000000000000000000e+00,0.000000000000000000e+00,0.000000000000000000e+00,0.000000000000000000e+00,0.000000000000000000e+00,0.000000000000000000e+00,0.000000000000000000e+00,0.000000000000000000e+00,0.000000000000000000e+00,1.000000000000000000e+00,5.181958002548641140e-01,8.800649140780124613e-01
0.000000000000000000e+00,0.000000000000000000e+00,0.000000000000000000e+00,0.000000000000000000e+00,0.000000000000000000e+00,0.000000000000000000e+00,0.000000000000000000e+00,0.000000000000000000e+00,0.000000000000000000e+00,0.000000000000000000e+00,0.000000000000000000e+00,0.000000000000000000e+00,0.000000000000000000e+00,0.000000000000000000e+00,0.000000000000000000e+00,0.000000000000000000e+00,0.000000000000000000e+00,0.000000000000000000e+00,0.000000000000000000e+00,0.000000000000000000e+00,0.000000000000000000e+00,0.000000000000000000e+00,0.000000000000000000e+00,0.000000000000000000e+00,0.000000000000000000e+00,0.000000000000000000e+00,0.000000000000000000e+00,0.000000000000000000e+00,0.000000000000000000e+00,0.000000000000000000e+00,0.000000000000000000e+00,0.000000000000000000e+00,0.000000000000000000e+00,0.000000000000000000e+00,0.000000000000000000e+00,0.000000000000000000e+00,0.000000000000000000e+00,0.000000000000000000e+00,0.000000000000000000e+00,0.000000000000000000e+00,0.000000000000000000e+00,0.000000000000000000e+00,0.000000000000000000e+00,0.000000000000000000e+00,0.000000000000000000e+00,0.000000000000000000e+00,0.000000000000000000e+00,0.000000000000000000e+00,0.000000000000000000e+00,0.000000000000000000e+00,0.000000000000000000e+00,0.000000000000000000e+00,0.000000000000000000e+00,0.000000000000000000e+00,0.000000000000000000e+00,0.000000000000000000e+00,0.000000000000000000e+00,0.000000000000000000e+00,0.000000000000000000e+00,0.000000000000000000e+00,0.000000000000000000e+00,0.000000000000000000e+00,0.000000000000000000e+00,0.000000000000000000e+00,0.000000000000000000e+00,0.000000000000000000e+00,0.000000000000000000e+00,0.000000000000000000e+00,0.000000000000000000e+00,0.000000000000000000e+00,0.000000000000000000e+00,0.000000000000000000e+00,0.000000000000000000e+00,0.000000000000000000e+00,0.000000000000000000e+00,0.000000000000000000e+00,0.000000000000000000e+00,0.000000000000000000e+00,0.000000000000000000e+00,0.000000000000000000e+00,0.000000000000000000e+00,0.000000000000000000e+00,0.000000000000000000e+00,0.000000000000000000e+00,0.000000000000000000e+00,0.000000000000000000e+00,0.000000000000000000e+00,0.000000000000000000e+00,0.000000000000000000e+00,0.000000000000000000e+00,0.000000000000000000e+00,0.000000000000000000e+00,0.000000000000000000e+00,0.000000000000000000e+00,0.000000000000000000e+00,0.000000000000000000e+00,0.000000000000000000e+00,0.000000000000000000e+00,1.000000000000000000e+00,1.831165403690625804e-01
0.000000000000000000e+00,0.000000000000000000e+00,0.000000000000000000e+00,0.000000000000000000e+00,0.000000000000000000e+00,0.000000000000000000e+00,0.000000000000000000e+00,0.000000000000000000e+00,0.000000000000000000e+00,0.000000000000000000e+00,0.000000000000000000e+00,0.000000000000000000e+00,0.000000000000000000e+00,0.000000000000000000e+00,0.000000000000000000e+00,0.000000000000000000e+00,0.000000000000000000e+00,0.000000000000000000e+00,0.000000000000000000e+00,0.000000000000000000e+00,0.000000000000000000e+00,0.000000000000000000e+00,0.000000000000000000e+00,0.000000000000000000e+00,0.000000000000000000e+00,0.000000000000000000e+00,0.000000000000000000e+00,0.000000000000000000e+00,0.000000000000000000e+00,0.000000000000000000e+00,0.000000000000000000e+00,0.000000000000000000e+00,0.000000000000000000e+00,0.000000000000000000e+00,0.000000000000000000e+00,0.000000000000000000e+00,0.000000000000000000e+00,0.000000000000000000e+00,0.000000000000000000e+00,0.000000000000000000e+00,0.000000000000000000e+00,0.000000000000000000e+00,0.000000000000000000e+00,0.000000000000000000e+00,0.000000000000000000e+00,0.000000000000000000e+00,0.000000000000000000e+00,0.000000000000000000e+00,0.000000000000000000e+00,0.000000000000000000e+00,0.000000000000000000e+00,0.000000000000000000e+00,0.000000000000000000e+00,0.000000000000000000e+00,0.000000000000000000e+00,0.000000000000000000e+00,0.000000000000000000e+00,0.000000000000000000e+00,0.000000000000000000e+00,0.000000000000000000e+00,0.000000000000000000e+00,0.000000000000000000e+00,0.000000000000000000e+00,0.000000000000000000e+00,0.000000000000000000e+00,0.000000000000000000e+00,0.000000000000000000e+00,0.000000000000000000e+00,0.000000000000000000e+00,0.000000000000000000e+00,0.000000000000000000e+00,0.000000000000000000e+00,0.000000000000000000e+00,0.000000000000000000e+00,0.000000000000000000e+00,0.000000000000000000e+00,0.000000000000000000e+00,0.000000000000000000e+00,0.000000000000000000e+00,0.000000000000000000e+00,0.000000000000000000e+00,0.000000000000000000e+00,0.000000000000000000e+00,0.000000000000000000e+00,0.000000000000000000e+00,0.000000000000000000e+00,0.000000000000000000e+00,0.000000000000000000e+00,0.000000000000000000e+00,0.000000000000000000e+00,0.000000000000000000e+00,0.000000000000000000e+00,0.000000000000000000e+00,0.000000000000000000e+00,0.000000000000000000e+00,0.000000000000000000e+00,0.000000000000000000e+00,0.000000000000000000e+00,0.000000000000000000e+00,1.000000000000000000e+00
