0.000000000000000000e+00,0.000000000000000000e+00,0.000000000000000000e+00,0.000000000000000000e+00,0.000000000000000000e+00,0.000000000000000000e+00,0.000000000000000000e+00,0.000000000000000000e+00,0.000000000000000000e+00,0.000000000000000000e+00,0.000000000000000000e+00,0.000000000000000000e+00,0.000000000000000000e+00,0.000000000000000000e+00,0.000000000000000000e+00,0.000000000000000000e+00,0.000000000000000000e+00,0.000000000000000000e+00,0.000000000000000000e+00,0.000000000000000000e+00,0.000000000000000000e+00,0.000000000000000000e+00,0.000000000000000000e+00,0.000000000000000000e+00,0.000000000000000000e+00,0.000000000000000000e+00,0.000000000000000000e+00,0.000000000000000000e+00,0.000000000000000000e+00,0.000000000000000000e+00,0.000000000000000000e+00,0.000000000000000000e+00,0.000000000000000000e+00,0.000000000000000000e+00,0.000000000000000000e+00,0.000000000000000000e+00,0.000000000000000000e+00,0.000000000000000000e+00,0.000000000000000000e+00,0.000000000000000000e+00,0.000000000000000000e+00,0.000000000000000000e+00,0.000000000000000000e+00,0.000000000000000000e+00,0.000000000000000000e+00,0.000000000000000000e+00,0.000000000000000000e+00,0.000000000000000000e+00,0.000000000000000000e+00,0.000000000000000000e+00,0.000000000000000000e+00,0.000000000000000000e+00,0.000000000000000000e+00,0.000000000000000000e+00,0.000000000000000000e+00,0.000000000000000000e+00,0.000000000000000000e+00,0.000000000000000000e+00,0.000000000000000000e+00,0.000000000000000000e+00,0.000000000000000000e+00,0.000000000000000000e+00,0.000000000000000000e+00,0.000000000000000000e+00,0.000000000000000000e+00,0.000000000000000000e+00,0.000000000000000000e+00,0.000000000000000000e+00,0.000000000000000000e+00,0.000000000000000000e+00,0.000000000000000000e+00,0.000000000000000000e+00,0.000000000000000000e+00,0.000000000000000000e+00,0.000000000000000000e+00,0.000000000000000000e+00,0.000000000000000000e+00,0.000000000000000000e+00,0.000000000000000000e+00,0.000000000000000000e+00,0.000000000000000000e+00,0.000000000000000000e+00,0.000000000000000000e+00,0.000000000000000000e+00,0.000000000000000000e+00,0.000000000000000000e+00,0.000000000000000000e+00,0.000000000000000000e+00,0.000000000000000000e+00,0.000000000000000000e+00,0.000000000000000000e+00,0.000000000000000000e+00,0.000000000000000000e+00,0.000000000000000000e+00,0.000000000000000000e+00,0.000000000000000000e+00,0.000000000000000000e+00,0.000000000000000000e+00,0.000000000000000000e+00,0.000000000000000000e+00
0.000000000000000000e+00,1.000000000000000000e+00,-4.997853367972611427e-02,3.343027649030185650e-02,-1.185595161541073798e-02,1.585697938080407876e-01,1.613787938322338855e-01,1.833613301965018594e-01,8.030053146531219710e-01,6.908991666791821640e-01,9.448313891403592457e-01,1.000000000000000000e+00,1.000000000000000000e+00,1.000000000000000000e+00,1.000000000000000000e+00,1.000000000000000000e+00,1.000000000000000000e+00,1.000000000000000000e+00,1.000000000000000000e+00,-1.745538214955048295e-01,9.772157485315705605e-01,1.000000000000000000e+00,1.000000000000000000e+00,1.000000000000000000e+00,1.000000000000000000e+00,1.000000000000000000e+00,1.000000000000000000e+00,1.000000000000000000e+00,1.000000000000000000e+00,1.000000000000000000e+00,1.000000000000000000e+00,1.000000000000000000e+00,1.000000000000000000e+00,1.000000000000000000e+00,-7.826125975266853274e-01,1.000000000000000000e+00,-1.000000000000000000e+00,8.607448392748202615e-01,1.000000000000000000e+00,-1.000000000000000000e+00,-3.675267562854928061e-02,1.000000000000000000e+00,-6.856317783243502939e-01,1.000000000000000000e+00,6.705252589038264432e-02,4.456874374364107605e-01,1.000000000000000000e+00,-1.000000000000000000e+00,1.000000000000000000e+00,1.000000000000000000e+00,-1.000000000000000000e+00,1.798883403812761572e-01,1.000000000000000000e+00,-1.000000000000000000e+00,-7.336452025044317704e-01,1.000000000000000000e+00,1.000000000000000000e+00,1.000000000000000000e+00,1.000000000000000000e+00,-2.913596310749982932e-01,1.000000000000000000e+00,3.007962699002456747e-02,1.000000000000000000e+00,1.000000000000000000e+00,-1.000000000000000000e+00,3.113417797378303375e-01,1.000000000000000000e+00,4.522798997128735787e-01,4.441780373843649543e-01,-1.000000000000000000e+00,1.000000000000000000e+00,-6.823418281305393407e-01,1.228320342740647358e-01,9.337604382905588807e-01,-1.000000000000000000e+00,1.000000000000000000e+00,1.000000000000000000e+00,-1.000000000000000000e+00,7.212508864245253948e-01,1.000000000000000000e+00,-1.000000000000000000e+00,1.000000000000000000e+00,1.000000000000000000e+00,1.000000000000000000e+00,1.000000000000000000e+00,1.000000000000000000e+00,1.000000000000000000e+00,1.000000000000000000e+00,1.000000000000000000e+00,-1.000000000000000000e+00,1.000000000000000000e+00,-2.895610157241420568e-01,1.000000000000000000e+00,-1.000000000000000000e+00,-1.000000000000000000e+00,-5.756762975624543088e-01,1.188452663888687894e-01,1.904953975796113697e-01,1.000000000000000000e+00,1.000000000000000000e+00
0.000000000000000000e+00,0.000000000000000000e+00,1.000000000000000000e+00,1.234988902912157738e-01,-1.433889250636804190e-02,-2.034827653440665629e-01,-9.316281868708307934e-02,-1.689392039962405168e-01,-1.021491373902867483e-01,3.964013594205770263e-01,-2.451814127991954473e-01,-2.451929765543837403e-01,-7.946142859451279516e-01,-1.000000000000000000e+00,-8.783104353665356356e-01,-1.000000000000000000e+00,-2.206693182330500269e-01,-1.000000000000000000e+00,-1.000000000000000000e+00,1.000000000000000000e+00,-1.000000000000000000e+00,-1.000000000000000000e+00,-1.000000000000000000e+00,-1.000000000000000000e+00,-1.000000000000000000e+00,4.378858673929638679e-01,-1.000000000000000000e+00,-1.000000000000000000e+00,-1.000000000000000000e+00,-9.746822531315674221e-01,-1.000000000000000000e+00,-1.000000000000000000e+00,-1.000000000000000000e+00,-1.000000000000000000e+00,4.658700563890468271e-01,-1.000000000000000000e+00,1.000000000000000000e+00,-1.000000000000000000e+00,-1.000000000000000000e+00,1.000000000000000000e+00,1.000000000000000000e+00,-1.000000000000000000e+00,2.239329018392120507e-01,1.000000000000000000e+00,-7.020824496845072538e-02,1.000000000000000000e+00,-8.392251290661046914e-01,1.000000000000000000e+00,-1.000000000000000000e+00,-9.627789830695367979e-01,1.000000000000000000e+00,1.000000000000000000e+00,-1.000000000000000000e+00,1.000000000000000000e+00,1.000000000000000000e+00,-6.130844747675938677e-01,-1.000000000000000000e+00,5.326652577424255686e-01,-1.000000000000000000e+00,1.000000000000000000e+00,-1.000000000000000000e+00,1.000000000000000000e+00,-1.000000000000000000e+00,-1.000000000000000000e+00,1.000000000000000000e+00,-1.000000000000000000e+00,-1.000000000000000000e+00,1.000000000000000000e+00,1.000000000000000000e+00,6.781043724929744498e-02,-1.000000000000000000e+00,-1.000000000000000000e+00,6.141852842803871004e-01,-9.073717539060160986e-01,4.738624329458193674e-01,-1.000000000000000000e+00,-1.000000000000000000e+00,1.000000000000000000e+00,-1.000000000000000000e+00,-1.000000000000000000e+00,1.000000000000000000e+00,-1.000000000000000000e+00,-1.000000000000000000e+00,-1.000000000000000000e+00,-1.000000000000000000e+00,1.000000000000000000e+00,1.000000000000000000e+00,-1.000000000000000000e+00,1.000000000000000000e+00,-1.212632903055470557e-01,-9.611332320301457788e-01,1.748123689052430985e-01,-1.000000000000000000e+00,-1.000000000000000000e+00,-1.000000000000000000e+00,-6.364640068332242384e-01,-1.000000000000000000e+00,1.000000000000000000e+00,-1.000000000000000000e+00,-1.000000000000000000e+00
0.000000000000000000e+00,0.000000000000000000e+00,0.000000000000000000e+00,1.000000000000000000e+00,9.549204914110365205e-02,-1.257962961281072212e-01,-2.922958610336990892e-01,-2.648827072018882234e-01,-6.312239728941835271e-01,5.419446692400978205e-02,1.348258586017708482e-01,-2.830280037417373662e-01,-1.000000000000000000e+00,-5.395176401600815241e-01,-5.004300212256339586e-01,3.207438480859304275e-01,-5.464580381998819236e-01,-6.007968265127257013e-01,1.000000000000000000e+00,1.000000000000000000e+00,-1.000000000000000000e+00,7.959947114591039430e-01,-1.000000000000000000e+00,-1.000000000000000000e+00,-6.970854388731182461e-01,1.000000000000000000e+00,-1.000000000000000000e+00,-9.336891785812727607e-01,-1.000000000000000000e+00,1.000000000000000000e+00,-1.000000000000000000e+00,-1.000000000000000000e+00,-1.000000000000000000e+00,-1.000000000000000000e+00,1.000000000000000000e+00,-8.253047851905555010e-01,1.000000000000000000e+00,4.197054971130155243e-01,-1.000000000000000000e+00,1.000000000000000000e+00,1.000000000000000000e+00,-1.000000000000000000e+00,1.000000000000000000e+00,1.000000000000000000e+00,1.000000000000000000e+00,1.000000000000000000e+00,-1.000000000000000000e+00,1.000000000000000000e+00,1.000000000000000000e+00,-1.000000000000000000e+00,1.000000000000000000e+00,9.721446382202934000e-01,-1.000000000000000000e+00,1.000000000000000000e+00,1.000000000000000000e+00,1.000000000000000000e+00,-1.000000000000000000e+00,-1.000000000000000000e+00,-1.000000000000000000e+00,-1.000000000000000000e+00,-1.000000000000000000e+00,1.000000000000000000e+00,-1.000000000000000000e+00,-1.000000000000000000e+00,1.000000000000000000e+00,1.000000000000000000e+00,1.000000000000000000e+00,1.000000000000000000e+00,1.000000000000000000e+00,1.000000000000000000e+00,1.000000000000000000e+00,-1.000000000000000000e+00,1.000000000000000000e+00,8.237657817556386375e-01,1.000000000000000000e+00,-1.000000000000000000e+00,1.000000000000000000e+00,-1.000000000000000000e+00,-1.000000000000000000e+00,-4.489158023556314991e-01,8.927274629661742233e-01,1.000000000000000000e+00,-9.596452370798748133e-01,-1.000000000000000000e+00,-1.000000000000000000e+00,1.000000000000000000e+00,1.000000000000000000e+00,-1.000000000000000000e+00,1.000000000000000000e+00,-1.000000000000000000e+00,-1.000000000000000000e+00,-1.000000000000000000e+00,-1.000000000000000000e+00,-1.000000000000000000e+00,-1.000000000000000000e+00,1.000000000000000000e+00,-1.000000000000000000e+00,-1.000000000000000000e+00,-1.000000000000000000e+00,-1.000000000000000000e+00
0.000000000000000000e+00,0.000000000000000000e+00,0.000000000000000000e+00,0.000000000000000000e+00,1.000000000000000000e+00,-4.396814448974729617e-01,-9.473524617288500149e-01,-1.000000000000000000e+00,-1.000000000000000000e+00,-1.000000000000000000e+00,-1.000000000000000000e+00,-1.000000000000000000e+00,-1.000000000000000000e+00,-1.000000000000000000e+00,-1.000000000000000000e+00,-1.000000000000000000e+00,-1.000000000000000000e+00,-1.000000000000000000e+00,-1.000000000000000000e+00,-1.000000000000000000e+00,-1.000000000000000000e+00,-1.000000000000000000e+00,-1.000000000000000000e+00,-1.000000000000000000e+00,-1.000000000000000000e+00,-1.000000000000000000e+00,-1.000000000000000000e+00,-1.000000000000000000e+00,-1.000000000000000000e+00,-1.000000000000000000e+00,-1.000000000000000000e+00,-7.729991005694558659e-01,-1.000000000000000000e+00,-1.000000000000000000e+00,-1.000000000000000000e+00,-1.000000000000000000e+00,-8.122432323013423217e-01,-2.987800649918328499e-01,-1.000000000000000000e+00,-1.000000000000000000e+00,-1.000000000000000000e+00,-1.000000000000000000e+00,-1.000000000000000000e+00,-1.000000000000000000e+00,-1.000000000000000000e+00,-6.659517178579471564e-01,-1.000000000000000000e+00,-1.000000000000000000e+00,-1.000000000000000000e+00,-6.180934900415604449e-01,-1.000000000000000000e+00,-1.000000000000000000e+00,-1.000000000000000000e+00,-1.000000000000000000e+00,-1.000000000000000000e+00,1.000000000000000000e+00,-1.000000000000000000e+00,-1.000000000000000000e+00,-1.000000000000000000e+00,1.000000000000000000e+00,-1.000000000000000000e+00,-1.000000000000000000e+00,-2.187121292048647136e-01,-1.000000000000000000e+00,4.679951754840774303e-01,-1.000000000000000000e+00,-1.000000000000000000e+00,-1.000000000000000000e+00,-1.000000000000000000e+00,-1.000000000000000000e+00,1.000000000000000000e+00,-1.000000000000000000e+00,-1.000000000000000000e+00,-1.000000000000000000e+00,-1.000000000000000000e+00,-1.000000000000000000e+00,1.000000000000000000e+00,-1.000000000000000000e+00,-1.000000000000000000e+00,8.672970032907449944e-01,1.000000000000000000e+00,1.000000000000000000e+00,-1.000000000000000000e+00,1.000000000000000000e+00,1.000000000000000000e+00,1.000000000000000000e+00,-1.000000000000000000e+00,-1.000000000000000000e+00,-1.137157705264021240e-01,-1.000000000000000000e+00,1.000000000000000000e+00,1.000000000000000000e+00,1.000000000000000000e+00,-1.000000000000000000e+00,-1.000000000000000000e+00,1.000000000000000000e+00,1.000000000000000000e+00,-1.000000000000000000e+00,-1.000000000000000000e+00,1.000000000000000000e+00
0.000000000000000000e+00,0.000000000000000000e+00,0.000000000000000000e+00,0.000000000000000000e+00,0.000000000000000000e+00,1.000000000000000000e+00,2.563006420071836655e-01,3.493623374175907625e-01,1.000000000000000000e+00,9.057397175921080290e-01,1.000000000000000000e+00,1.000000000000000000e+00,1.000000000000000000e+00,1.000000000000000000e+00,1.000000000000000000e+00,1.000000000000000000e+00,1.000000000000000000e+00,1.000000000000000000e+00,1.000000000000000000e+00,1.000000000000000000e+00,1.000000000000000000e+00,1.000000000000000000e+00,1.000000000000000000e+00,1.000000000000000000e+00,1.000000000000000000e+00,1.000000000000000000e+00,-1.000000000000000000e+00,1.000000000000000000e+00,1.000000000000000000e+00,1.000000000000000000e+00,1.000000000000000000e+00,1.000000000000000000e+00,1.000000000000000000e+00,7.269620931945192099e-01,1.000000000000000000e+00,1.000000000000000000e+00,-1.000000000000000000e+00,1.000000000000000000e+00,1.000000000000000000e+00,-1.000000000000000000e+00,-1.000000000000000000e+00,1.000000000000000000e+00,1.000000000000000000e+00,1.511294758613989098e-01,1.000000000000000000e+00,-1.000000000000000000e+00,1.000000000000000000e+00,1.000000000000000000e+00,1.000000000000000000e+00,1.000000000000000000e+00,-9.635478577121722177e-01,6.544204829701160131e-01,1.000000000000000000e+00,-1.000000000000000000e+00,-1.212668670115962452e-02,-3.566260958346162413e-01,1.000000000000000000e+00,1.000000000000000000e+00,1.000000000000000000e+00,1.000000000000000000e+00,1.000000000000000000e+00,1.000000000000000000e+00,1.000000000000000000e+00,1.000000000000000000e+00,-1.000000000000000000e+00,1.000000000000000000e+00,1.000000000000000000e+00,1.000000000000000000e+00,1.000000000000000000e+00,-4.958239745192587478e-01,-1.000000000000000000e+00,1.000000000000000000e+00,1.000000000000000000e+00,1.000000000000000000e+00,5.547476464341246638e-01,1.000000000000000000e+00,1.000000000000000000e+00,1.000000000000000000e+00,-1.000000000000000000e+00,1.000000000000000000e+00,1.000000000000000000e+00,-1.000000000000000000e+00,2.754081591154878828e-01,1.000000000000000000e+00,-1.000000000000000000e+00,1.000000000000000000e+00,1.000000000000000000e+00,1.000000000000000000e+00,1.000000000000000000e+00,4.599609382886344910e-01,1.000000000000000000e+00,-1.000000000000000000e+00,6.532197228528958677e-01,-1.000000000000000000e+00,1.000000000000000000e+00,-1.000000000000000000e+00,-1.000000000000000000e+00,1.000000000000000000e+00,1.000000000000000000e+00,1.000000000000000000e+00
0.000000000000000000e+00,0.000000000000000000e+00,0.000000000000000000e+00,0.000000000000000000e+00,0.000000000000000000e+00,0.000000000000000000e+00,1.000000000000000000e+00,-2.161744339850902585e-01,9.137383764937793140e-01,1.000000000000000000e+00,1.000000000000000000e+00,1.000000000000000000e+00,1.000000000000000000e+00,1.000000000000000000e+00,1.000000000000000000e+00,1.000000000000000000e+00,1.000000000000000000e+00,1.000000000000000000e+00,1.000000000000000000e+00,1.000000000000000000e+00,1.000000000000000000e+00,1.000000000000000000e+00,1.000000000000000000e+00,1.000000000000000000e+00,1.000000000000000000e+00,7.033727038960155831e-01,1.000000000000000000e+00,1.000000000000000000e+00,1.000000000000000000e+00,1.000000000000000000e+00,1.000000000000000000e+00,1.000000000000000000e+00,1.000000000000000000e+00,1.000000000000000000e+00,1.000000000000000000e+00,1.000000000000000000e+00,-1.000000000000000000e+00,1.000000000000000000e+00,1.000000000000000000e+00,-3.445921837946436250e-01,-3.167005744537402245e-01,1.000000000000000000e+00,4.731753236352276293e-02,1.000000000000000000e+00,1.000000000000000000e+00,7.323254744823827211e-01,1.000000000000000000e+00,3.323360716446419616e-01,1.000000000000000000e+00,1.000000000000000000e+00,-2.551211029328971369e-01,1.000000000000000000e+00,1.000000000000000000e+00,1.000000000000000000e+00,-1.000000000000000000e+00,-1.000000000000000000e+00,1.000000000000000000e+00,1.000000000000000000e+00,1.000000000000000000e+00,1.000000000000000000e+00,1.000000000000000000e+00,8.925973290590291098e-01,1.000000000000000000e+00,7.789160036935800502e-01,-1.000000000000000000e+00,1.000000000000000000e+00,1.919732652856646071e-01,1.000000000000000000e+00,-3.938226151486655668e-01,1.000000000000000000e+00,1.239113481232242409e-01,1.000000000000000000e+00,1.000000000000000000e+00,1.000000000000000000e+00,-1.830101665154141299e-01,1.000000000000000000e+00,-1.000000000000000000e+00,7.009077720372901554e-01,1.000000000000000000e+00,-8.131049832455480297e-01,-1.000000000000000000e+00,-1.000000000000000000e+00,1.000000000000000000e+00,1.731372399004056650e-01,1.000000000000000000e+00,2.880405026865884288e-01,1.000000000000000000e+00,-9.069858964374010180e-01,8.604553735378430712e-01,1.000000000000000000e+00,1.000000000000000000e+00,-1.000000000000000000e+00,1.000000000000000000e+00,1.000000000000000000e+00,1.000000000000000000e+00,-1.000000000000000000e+00,-9.910260800062927755e-01,6.206985672488554151e-01,-1.913604786148125625e-01,1.000000000000000000e+00
0.000000000000000000e+00,0.000000000000000000e+00,0.000000000000000000e+00,0.000000000000000000e+00,0.000000000000000000e+00,0.000000000000000000e+00,0.000000000000000000e+00,1.000000000000000000e+00,1.000000000000000000e+00,1.000000000000000000e+00,1.000000000000000000e+00,1.000000000000000000e+00,1.000000000000000000e+00,1.000000000000000000e+00,1.000000000000000000e+00,1.000000000000000000e+00,1.000000000000000000e+00,1.000000000000000000e+00,1.000000000000000000e+00,1.000000000000000000e+00,1.000000000000000000e+00,1.000000000000000000e+00,1.000000000000000000e+00,1.000000000000000000e+00,1.000000000000000000e+00,1.000000000000000000e+00,1.000000000000000000e+00,1.000000000000000000e+00,1.000000000000000000e+00,1.000000000000000000e+00,1.000000000000000000e+00,1.000000000000000000e+00,1.000000000000000000e+00,5.237115199021838974e-01,1.000000000000000000e+00,3.701770228004066521e-01,1.000000000000000000e+00,1.000000000000000000e+00,8.895307844342109638e-01,5.245913562777869688e-01,8.812847588846881575e-01,1.000000000000000000e+00,1.000000000000000000e+00,8.638902304645469377e-01,8.766777657232126542e-01,8.734218281087376967e-01,-7.205417221275663975e-01,1.240508707047286996e-01,1.000000000000000000e+00,1.000000000000000000e+00,7.050950838259816278e-01,1.000000000000000000e+00,8.144009512251201288e-01,3.161012485636409686e-01,1.000000000000000000e+00,1.000000000000000000e+00,1.000000000000000000e+00,1.000000000000000000e+00,-3.627325140891120570e-01,1.000000000000000000e+00,8.953005580162675114e-01,1.000000000000000000e+00,1.000000000000000000e+00,1.000000000000000000e+00,4.472522947477260979e-01,1.000000000000000000e+00,6.685275209225234327e-01,1.000000000000000000e+00,-5.507407051957311506e-01,1.000000000000000000e+00,-6.999384616351973509e-01,1.000000000000000000e+00,5.671407290116007305e-01,1.000000000000000000e+00,8.222189982355527782e-01,1.000000000000000000e+00,1.000000000000000000e+00,8.368796338784648681e-01,1.000000000000000000e+00,1.693452043816160713e-01,1.000000000000000000e+00,-5.157511950726603733e-02,1.000000000000000000e+00,-6.781766774959026023e-01,3.186570781281947151e-01,1.000000000000000000e+00,9.591199867082426112e-01,5.156971321748289316e-01,-3.175981219698125746e-01,1.000000000000000000e+00,-1.000000000000000000e+00,7.569471941509463564e-01,1.000000000000000000e+00,1.000000000000000000e+00,1.000000000000000000e+00,5.281336903131722549e-01,-1.000000000000000000e+00,1.000000000000000000e+00,1.000000000000000000e+00,1.000000000000000000e+00
0.000000000000000000e+00,0.000000000000000000e+00,0.000000000000000000e+00,0.000000000000000000e+00,0.000000000000000000e+00,0.000000000000000000e+00,0.000000000000000000e+00,0.000000000000000000e+00,1.000000000000000000e+00,5.979603446180803417e-01,1.000000000000000000e+00,9.401536991364379814e-01,1.000000000000000000e+00,1.000000000000000000e+00,1.000000000000000000e+00,1.000000000000000000e+00,1.000000000000000000e+00,1.000000000000000000e+00,1.000000000000000000e+00,1.000000000000000000e+00,1.000000000000000000e+00,1.000000000000000000e+00,1.000000000000000000e+00,1.000000000000000000e+00,1.000000000000000000e+00,1.000000000000000000e+00,1.000000000000000000e+00,1.000000000000000000e+00,9.203885373137961068e-01,1.000000000000000000e+00,1.000000000000000000e+00,8.078158750202333316e-01,1.000000000000000000e+00,8.715127374806843630e-01,1.000000000000000000e+00,9.127131188566549314e-02,7.770444091870718495e-01,1.000000000000000000e+00,4.725104528737113507e-01,2.984872976726101190e-01,1.000000000000000000e+00,1.000000000000000000e+00,1.242210080234725095e-01,1.000000000000000000e+00,4.943804122811896185e-01,7.702001962085314180e-01,7.467728589622426583e-01,-5.231415659267829588e-02,1.000000000000000000e+00,7.535965363306746934e-01,3.909754594965590968e-01,3.109783173397420719e-01,9.494233210211288077e-01,1.750367172834049467e-01,5.845200510794659188e-01,4.621545487335866342e-01,6.254202454886363949e-01,6.155564874605673475e-01,1.861662396390511010e-01,3.912043307250895885e-01,4.308449596320900188e-01,9.399171070365555103e-01,3.575959280603883683e-01,7.615720736178045458e-01,1.655917680862264291e-02,5.670717279679479139e-01,7.972663926711532900e-01,1.000000000000000000e+00,-3.647149608233176132e-01,1.000000000000000000e+00,-7.590217944058954558e-01,1.000000000000000000e+00,-6.694037568776850522e-01,1.000000000000000000e+00,3.099513811793923601e-01,1.000000000000000000e+00,-2.014687196664738944e-01,2.824680902322102005e-01,1.000000000000000000e+00,3.871292616425007771e-01,5.424094043432118317e-01,-3.024727658748581072e-01,1.000000000000000000e+00,-7.008659861202323205e-01,8.500774454070422204e-01,3.380764543107850906e-01,9.597930577469758751e-01,2.443667689785248009e-01,6.768671684900743335e-01,1.000000000000000000e+00,-1.000000000000000000e+00,6.899808902083905959e-01,9.305766286464050019e-01,6.900580787225509827e-01,1.374990900935468829e-01,1.921448202515128323e-01,-5.956021542097705845e-01,3.931544777207202634e-01,1.000000000000000000e+00,-2.362396422248037864e-02
0.000000000000000000e+00,0.000000000000000000e+00,0.000000000000000000e+00,0.000000000000000000e+00,0.000000000000000000e+00,0.000000000000000000e+00,0.000000000000000000e+00,0.000000000000000000e+00,0.000000000000000000e+00,1.000000000000000000e+00,9.150750692099077765e-01,8.742512335260782530e-01,7.991482696643819050e-01,1.000000000000000000e+00,1.000000000000000000e+00,1.000000000000000000e+00,1.000000000000000000e+00,1.000000000000000000e+00,1.000000000000000000e+00,1.000000000000000000e+00,1.000000000000000000e+00,1.000000000000000000e+00,1.000000000000000000e+00,6.887547310276548318e-01,8.979667457750879489e-01,1.000000000000000000e+00,8.788968074434403421e-01,1.000000000000000000e+00,8.706213301497146562e-01,1.000000000000000000e+00,1.000000000000000000e+00,-2.343912830386312915e-02,1.000000000000000000e+00,1.000000000000000000e+00,1.000000000000000000e+00,7.177443354902137695e-01,7.693563509497345354e-01,9.926164064037993340e-01,4.608785598714920662e-01,5.470847401753147210e-01,5.706281076091427318e-01,1.000000000000000000e+00,1.000000000000000000e+00,1.000000000000000000e+00,1.000000000000000000e+00,2.139851799555994027e-01,4.792321616317730126e-01,6.482936404386488993e-01,9.323191568255980721e-01,1.000000000000000000e+00,1.000000000000000000e+00,1.000000000000000000e+00,5.608200700841560193e-01,5.982206028244745760e-02,7.466294997601481409e-01,5.088308141568511633e-01,8.275705552704860635e-01,1.000000000000000000e+00,-7.427018000885138305e-02,4.117652947315472711e-01,7.091077513108080543e-01,1.000000000000000000e+00,3.231194878458549247e-01,2.699530331193376598e-01,4.649747179231132344e-01,5.358320320236614753e-01,3.703869649621912008e-01,8.618609847020698433e-01,8.761526135023706141e-01,9.410954883476827515e-01,4.149345853769658699e-01,7.126913624905598654e-01,4.694418532531555721e-01,1.000000000000000000e+00,-1.193396608434025979e-01,6.495275500576015437e-01,2.379734719261674403e-01,5.135003479633745704e-02,1.000000000000000000e+00,1.734732686711129568e-01,-3.868171279427716214e-01,-1.565843143589034370e-01,5.931669712257883198e-01,-7.507875735877489465e-01,1.149513362899275970e-01,5.159232420228505589e-01,1.063750023493570222e-02,-3.499194944690995901e-01,9.813717669422163947e-01,3.278884060968318415e-01,-1.000000000000000000e+00,-2.119829495816158704e-01,4.870334801475890152e-01,1.000000000000000000e+00,-8.793389555192407392e-02,-9.026800249035730195e-01,-8.829472753417009004e-03,3.890752277087174832e-02,8.989183706197114709e-01,2.007713151720009470e-01
0.000000000000000000e+00,0.000000000000000000e+00,0.000000000000000000e+00,0.000000000000000000e+00,0.000000000000000000e+00,0.000000000000000000e+00,0.000000000000000000e+00,0.000000000000000000e+00,0.000000000000000000e+00,0.000000000000000000e+00,1.000000000000000000e+00,8.164411107519183863e-01,8.802319833780081204e-01,1.000000000000000000e+00,1.000000000000000000e+00,1.000000000000000000e+00,1.000000000000000000e+00,1.000000000000000000e+00,1.000000000000000000e+00,1.000000000000000000e+00,1.000000000000000000e+00,1.000000000000000000e+00,1.000000000000000000e+00,1.000000000000000000e+00,1.000000000000000000e+00,1.000000000000000000e+00,1.000000000000000000e+00,1.000000000000000000e+00,7.339501729720032674e-01,1.000000000000000000e+00,1.000000000000000000e+00,3.283672413731646422e-01,6.693252143577023139e-01,7.218663735381851687e-01,1.000000000000000000e+00,5.265384301251065796e-02,7.494325725242906300e-01,9.808180185211496926e-01,2.744699082543317070e-01,3.392114031552630471e-01,7.183080653239843905e-01,8.320842067884381965e-01,3.179440572081097538e-01,8.194778049667008624e-01,8.109886986276287901e-01,6.853922422058261743e-01,5.615306448284151930e-01,-8.947837392412888446e-02,7.719718966848760910e-01,8.275485626817153939e-01,4.962936770296142996e-01,1.486711546414936358e-01,5.894442988439025921e-01,-1.591720340925886421e-02,4.953094513923585462e-01,2.506187206189871008e-01,6.090961631500826368e-01,9.385168667726371261e-01,1.636949551888550736e-01,3.702576738712794191e-02,4.721353448359199567e-01,1.000000000000000000e+00,6.582566452153962300e-02,3.497780963701684898e-01,3.796804615206149647e-01,6.217800796031062172e-01,4.563773797883612371e-01,6.103125576967788346e-01,2.497892843480903347e-01,6.347149473337062586e-01,-2.071957584070547309e-01,1.000000000000000000e+00,-3.848480700121108544e-01,1.000000000000000000e+00,1.208055946522613860e-01,6.588696623065545266e-01,-2.669731274660394615e-01,3.057756457427839303e-01,5.893546315194678753e-01,2.568893256574567574e-01,1.738085969400923192e-01,-7.919675015635786741e-02,7.102959541732331017e-01,-7.480553729225007942e-01,8.709217388172794116e-01,1.962190299143982963e-01,2.622685597056529372e-01,-6.627230487792341862e-02,5.941840587620439429e-01,6.755047592761469488e-01,-7.838113030356392841e-01,4.218991996001923983e-01,4.501488405134147081e-02,7.313390656352209973e-01,3.599897995103412129e-01,1.544176467139860010e-01,-7.111660249679065959e-01,2.561014953344750711e-01,1.000000000000000000e+00,-2.522115042538753404e-01
0.000000000000000000e+00,0.000000000000000000e+00,0.000000000000000000e+00,0.000000000000000000e+00,0.000000000000000000e+00,0.000000000000000000e+00,0.000000000000000000e+00,0.000000000000000000e+00,0.000000000000000000e+00,0.000000000000000000e+00,0.000000000000000000e+00,1.000000000000000000e+00,5.238375698045550921e-01,6.442934959325171684e-01,7.411356255651156966e-01,6.656457605720593751e-01,9.598742601634593363e-01,9.277663038926802219e-01,1.000000000000000000e+00,7.061052025493123052e-01,7.268805961764778223e-01,7.582951689011100394e-01,9.168753623298964150e-01,8.442231807659974496e-01,8.172825221517047156e-01,1.000000000000000000e+00,5.845839132076164901e-01,9.756810328853191550e-01,7.236344473036304681e-01,8.202916931612629359e-01,1.000000000000000000e+00,5.042370464522905049e-01,5.391269045879808486e-01,6.181089810159793307e-01,6.689850365965817058e-01,3.953986373548072364e-01,2.734401379402021104e-01,5.542744572535429626e-01,3.200281696523750719e-01,1.573555198628724949e-01,2.801196710500671871e-01,7.977505662132362563e-01,4.086035826009642435e-01,3.230589848616707283e-01,5.081262329074144324e-01,3.565620170348773876e-02,3.382272410509096217e-01,-3.765384815962609377e-02,1.913329980645291084e-02,8.129572848521705586e-01,-1.148080369421727587e-01,3.543664153113635917e-01,4.765747715076383284e-01,2.521114819214115843e-01,1.536927536213320566e-01,3.927200328281740260e-01,5.068111875146452672e-01,1.000000000000000000e+00,3.290361006282185863e-01,2.408204241889873309e-01,7.906062694827366011e-01,6.548478721992808671e-01,1.866244807124165517e-01,4.617873366765325449e-01,1.206500256220642137e-01,4.142373067528933306e-01,5.007254932876678000e-01,5.026031534918919963e-01,3.339100178081439996e-01,5.359467876125233454e-01,-2.488777729248140280e-01,1.000000000000000000e+00,1.544649074603049455e-01,1.000000000000000000e+00,2.859975057771175777e-01,5.108923240370211172e-01,7.383130807049988198e-02,3.591432870017957635e-01,1.323847526633022999e-02,3.840746076905470763e-01,-2.612802460939246951e-01,-9.800041933207191691e-02,5.818115452974227386e-01,-1.582635742329540351e-01,7.390221349842395204e-01,6.395579023436871458e-01,5.250995054320901634e-01,-2.880735310938805083e-01,5.925040518757099250e-02,3.627479662340005739e-01,-3.057249360767164692e-01,3.930625302672580701e-01,-2.618662954418903843e-01,6.860033624461246704e-02,7.233500702651708414e-01,-4.136794282305926718e-01,-5.800978412225877845e-01,7.382200221065035595e-02,4.861030060978951406e-01,-2.201831261606261858e-01
0.000000000000000000e+00,0.000000000000000000e+00,0.000000000000000000e+00,0.000000000000000000e+00,0.000000000000000000e+00,0.000000000000000000e+00,0.000000000000000000e+00,0.000000000000000000e+00,0.000000000000000000e+00,0.000000000000000000e+00,0.000000000000000000e+00,0.000000000000000000e+00,1.000000000000000000e+00,8.837211650944961638e-01,1.000000000000000000e+00,8.662235200268799673e-01,1.000000000000000000e+00,1.000000000000000000e+00,1.000000000000000000e+00,1.000000000000000000e+00,1.000000000000000000e+00,9.674604624615610327e-01,1.000000000000000000e+00,8.873847678368503855e-01,1.000000000000000000e+00,1.000000000000000000e+00,7.866273265944292437e-01,9.829976653020280342e-01,8.480123741129576009e-01,1.000000000000000000e+00,1.000000000000000000e+00,6.389067313286461713e-01,5.383459725315942190e-01,6.819156210658275930e-01,9.013602868729415629e-01,5.297792642217608906e-03,-1.246992220042214272e-01,7.213959813875567839e-01,5.030964106953258463e-01,1.485939667259104646e-01,3.854766594215674469e-01,8.736292950212379838e-01,6.416928493467871641e-02,5.827974960652526626e-01,4.593606876258012894e-01,3.292104389575625789e-01,7.654713277004711047e-01,-4.004306776690803593e-01,7.208536859323082524e-01,5.065877660089521672e-01,1.626809160686684130e-01,2.619517639115965246e-01,1.000000000000000000e+00,-3.315812697289994837e-01,2.059196815021303029e-01,2.614805017765577388e-01,9.368128430024691422e-01,7.201046073605870124e-01,3.420703439284212277e-01,-3.609261926575766527e-02,7.397537765032065060e-01,3.896399388053558566e-01,2.563842944421798054e-01,5.387297639771476687e-01,-3.611730787349769489e-01,4.276550465907081877e-01,2.273221892905389063e-01,7.169329463779595679e-01,1.432322253509580590e-01,5.077454948993398443e-01,-1.644529464874418534e-01,7.357440119762117536e-01,-2.294338203451409819e-01,1.000000000000000000e+00,-6.101243833128870975e-01,3.635568308329639731e-01,-3.511340434898324037e-01,2.900416117033907115e-01,3.082240596574237212e-01,-1.712894029637253290e-01,-1.475479112956471772e-01,-2.334949430737472131e-02,7.981134387463466595e-01,-9.816326592794953620e-02,5.698544561019857069e-01,2.422256116520074831e-01,8.251095928871629015e-01,3.110820284758086252e-01,6.016375975404992804e-01,3.896530407645574789e-01,3.824725221123035507e-02,5.987948212555727068e-02,4.399422439995865908e-01,5.669095271547630599e-01,2.480691036089486823e-01,-1.324515187695374518e-01,-5.524733057220774235e-01,2.436184647960898952e-01,7.854149199168694029e-01,3.319799069181585405e-01
0.000000000000000000e+00,0.000000000000000000e+00,0.000000000000000000e+00,0.000000000000000000e+00,0.000000000000000000e+00,0.000000000000000000e+00,0.000000000000000000e+00,0.000000000000000000e+00,0.000000000000000000e+00,0.000000000000000000e+00,0.000000000000000000e+00,0.000000000000000000e+00,0.000000000000000000e+00,1.000000000000000000e+00,8.922804062550608872e-01,8.359984464388732217e-01,1.000000000000000000e+00,1.000000000000000000e+00,1.000000000000000000e+00,8.641233410964426209e-01,9.470291571593471014e-01,9.393179118717933651e-01,9.216017368983597802e-01,6.879567884896268248e-01,8.873818765279568588e-01,7.263656584784130565e-01,7.886315790475100229e-01,9.127769045190474717e-01,7.854712794682224830e-01,1.000000000000000000e+00,1.000000000000000000e+00,5.059939306668408410e-01,3.811210464493504646e-01,7.014002376479260281e-01,1.000000000000000000e+00,1.906185944452375436e-01,1.687366962477044596e-01,7.617800037682989078e-01,4.829372027236336629e-01,1.519109065257997215e-01,1.510420560826441216e-01,8.177323620928124148e-01,4.018277693021139463e-01,4.592481096733974089e-01,3.758102454407045157e-01,3.803950657633182741e-01,3.982567655271297968e-01,-5.466223523382794658e-02,6.977755927751798648e-01,4.202392545950563441e-01,1.717871990648268121e-01,7.338951984988009158e-01,8.366814929578152427e-01,2.222936078127833726e-02,3.718757529181905830e-01,2.085740011132375671e-01,6.778398030742981417e-01,4.594718019973532686e-01,1.114906004484348956e-01,1.018501658943420513e-01,5.652856019820174938e-01,5.263120790477431310e-01,2.561017891820451808e-01,2.303385117906159019e-01,-1.302136586516759731e-01,4.781390235863127169e-01,7.533463481845188714e-02,6.036717399006281681e-01,3.294535859204054118e-01,6.856770149202143783e-01,-1.402854679598862231e-01,9.860473028492572345e-01,2.537267455627555401e-01,6.662490438409879312e-01,-1.985173919679989185e-01,9.103731895413529063e-02,3.125744034473745825e-02,1.386223964632442296e-01,2.963526546497987080e-01,-1.187730537628447630e-01,-4.761617641928772571e-01,6.646937058337967774e-02,7.009486416900694294e-01,-1.144817876159911346e-01,2.215902906564161112e-01,2.214537642581535515e-01,4.768877200076639955e-01,9.209876922108360675e-03,6.021273575105876574e-01,3.448357141861387309e-01,1.357386771445755480e-01,-1.980085467156476320e-01,5.263218809252433461e-01,4.854423194310342748e-01,-2.886159928163888333e-01,-3.429579046297976525e-02,-5.373133799073073202e-01,4.840430502022058379e-02,5.639972661098640039e-01,5.139696174806344109e-01
0.000000000000000000e+00,0.000000000000000000e+00,0.000000000000000000e+00,0.000000000000000000e+00,0.000000000000000000e+00,0.000000000000000000e+00,0.000000000000000000e+00,0.000000000000000000e+00,0.000000000000000000e+00,0.000000000000000000e+00,0.000000000000000000e+00,0.000000000000000000e+00,0.000000000000000000e+00,0.000000000000000000e+00,1.000000000000000000e+00,7.598009942307805131e-01,1.000000000000000000e+00,8.826708829882197183e-01,8.950139055482557726e-01,7.488807673332820158e-01,7.785011442299203388e-01,7.641679481228097481e-01,6.999915001553813632e-01,7.316167465722781538e-01,8.318711897211106265e-01,7.538755969738177853e-01,8.366885364628593447e-01,6.866245867971169092e-01,5.835764391361983883e-01,9.784389991128461528e-01,8.213209338380639268e-01,5.956701913225432854e-01,2.138317165423310739e-01,7.631933293747331648e-01,6.784362025259805806e-01,-4.073573267005541065e-02,2.201927648387862757e-01,5.634711156433579449e-01,2.992379724738531976e-01,7.935485711956985488e-02,3.396734048527986771e-01,5.652815337889190994e-01,2.334798578468309238e-01,5.133763752700896132e-01,2.124899563598232899e-01,5.001201697223044418e-01,3.622930402966400565e-01,-3.163400337333719947e-01,4.629645079881264391e-01,3.599429011521658728e-01,-4.897439820987389142e-02,3.921020827034758516e-01,8.227121766272427195e-01,-9.172473231151243023e-02,2.905722655316916314e-01,3.344141236138558626e-01,4.872409328188239686e-01,3.068353452941027237e-01,3.038513929215578835e-01,5.910168007654689748e-02,4.633974207368881659e-01,2.528727140659992045e-01,2.729377804603709823e-01,2.327827703430140616e-01,-1.404124692385574635e-01,2.649514542475939205e-01,1.853900477221891441e-01,5.961701722455126085e-01,1.740216594080305212e-01,5.157604276485665551e-01,-2.065271260196182568e-01,7.582575977561476499e-01,-7.815145218944247185e-02,6.484070189093676939e-01,-2.130569286581101840e-01,1.566613971753006429e-01,-2.884867162376549832e-01,1.130782917550291061e-01,1.852082034678160793e-01,-1.039676639270399328e-01,-1.908137554448011142e-01,2.626323676758376968e-01,4.469002807121192911e-01,-1.486933563249936419e-01,5.952919648565569988e-01,3.151653509829954736e-02,5.400182463710687664e-01,-6.051892153044790418e-02,3.401702640650970944e-01,4.112512445165936170e-01,9.141869789469438123e-02,2.616669434205438627e-01,3.443774678891720065e-01,4.790897450980196037e-01,-4.031120328292520094e-01,3.860374384494629635e-02,-6.179995515753995416e-01,2.438742564703448579e-01,2.229014167238054234e-01,3.368162158336298062e-01
0.000000000000000000e+00,0.000000000000000000e+00,0.000000000000000000e+00,0.000000000000000000e+00,0.000000000000000000e+00,0.000000000000000000e+00,0.000000000000000000e+00,0.000000000000000000e+00,0.000000000000000000e+00,0.000000000000000000e+00,0.000000000000000000e+00,0.000000000000000000e+00,0.000000000000000000e+00,0.000000000000000000e+00,0.000000000000000000e+00,1.000000000000000000e+00,8.901040631482821652e-01,9.120640317957904308e-01,9.572865054244907856e-01,5.874157376521401686e-01,8.182307808563997753e-01,6.895918312369507808e-01,7.947206319701286548e-01,6.438452895992432534e-01,5.275352562711823623e-01,7.171137126680439122e-01,7.889157259244483633e-01,9.057920613364760509e-01,5.494967215413188999e-01,9.119454498076899895e-01,8.052924803395800080e-01,4.637372317423740786e-01,4.745340825641945481e-01,3.949870604397545115e-01,7.274477738961001583e-01,2.556141384973281139e-01,2.980192086847462396e-01,3.670154828551804860e-01,3.904038690061700789e-01,-1.045967448517370023e-02,9.363759651243336313e-02,9.458291129825588950e-01,4.092121157187840197e-01,2.320742117822741923e-01,2.935702054730098820e-01,1.190946010752751416e-01,2.206462491112565205e-01,-4.016757528945285455e-02,5.846228303671849869e-01,2.034732108575245668e-01,4.212846563868055672e-02,5.909416295542617714e-01,5.262177493117121685e-01,1.579072357420026607e-01,2.956267948781684529e-01,3.122229697998224474e-01,4.265272268092232255e-01,1.326097697166205291e-01,2.036400665142352670e-02,3.912181798184802828e-01,4.405039048837813276e-01,2.366742477626762597e-01,3.507643431578999493e-01,2.726028619787339569e-01,-2.624004245846973081e-03,4.885763924562839255e-01,8.935129392499535639e-02,7.914216117553209973e-01,-6.346446125517878067e-02,3.786779805392587739e-01,-2.120975218505417176e-02,9.299143990042042507e-01,2.397257098543377207e-01,9.769751112550700833e-01,2.554883101544899726e-01,6.143006402590455162e-01,2.176003719566254324e-01,-4.504979560584614095e-04,5.858577237663780135e-01,-3.847381904265134971e-03,-8.767873129364350815e-02,7.315312051689203121e-02,5.304373564016501286e-01,1.231328245207636424e-02,3.324637739228671895e-01,2.519095700103198832e-01,6.348385570547142587e-01,2.417229696739108813e-01,3.329348352174066883e-01,6.911902874665667440e-01,-1.708166715391972457e-01,-9.937972148488073698e-02,5.176906158384569911e-01,4.628914422675027285e-01,1.373813243361130254e-01,-1.102740230236362029e-01,-5.205069910469334316e-01,2.991940998789274220e-01,1.698870653218584048e-01,5.861609781131962293e-01
0.000000000000000000e+00,0.000000000000000000e+00,0.000000000000000000e+00,0.000000000000000000e+00,0.000000000000000000e+00,0.000000000000000000e+00,0.000000000000000000e+00,0.000000000000000000e+00,0.000000000000000000e+00,0.000000000000000000e+00,0.000000000000000000e+00,0.000000000000000000e+00,0.000000000000000000e+00,0.000000000000000000e+00,0.000000000000000000e+00,0.000000000000000000e+00,1.000000000000000000e+00,6.244370031084597317e-01,5.909101850385943822e-01,5.245114937524041343e-01,6.064884935818709577e-01,5.362838323561966991e-01,5.261546334028337490e-01,3.409921383902362324e-01,5.322819037653052643e-01,5.559399327652017053e-01,5.648387931221487968e-01,6.449360547845272018e-01,4.634984383670861519e-01,6.934445836607092684e-01,5.174531525512388042e-01,2.797678464663915787e-01,2.143727541642450052e-01,3.142209406366733293e-01,7.150791455990457290e-01,-3.086188638658032401e-03,2.321072723009491856e-01,3.908060179274261969e-01,1.530705556061019157e-01,8.622106251110218944e-02,2.550042011191814284e-01,3.960489523255219524e-01,1.746500459964632490e-01,3.560373420104651632e-01,2.182232501591068186e-01,3.029070214149636175e-01,3.812017134508645100e-01,-9.891807345437568164e-03,4.127765616267675686e-01,2.216489962708713124e-01,1.276707634240565603e-01,2.352899918895656473e-01,4.801929855024412719e-01,-3.921195482384923214e-02,2.685124624257377302e-01,2.895782536258457301e-02,2.535242773075196410e-01,2.460632413316439226e-01,4.836324659217710459e-02,1.336947220755514698e-01,2.247801659309207889e-01,3.446547150168964846e-01,8.478497280059807406e-02,2.387936824924992429e-01,5.784305564139679418e-02,2.402034912902356600e-01,7.638393773844319445e-02,3.933912208438316016e-01,7.513389814731112615e-02,2.406817019741154529e-01,-1.294567793272748679e-01,4.126886549594527831e-01,-8.163223588749821125e-02,6.436890585152597044e-01,8.536764515360050279e-03,1.109946434528934489e-01,-2.733489952810059034e-02,8.780447578810920972e-02,1.625592339616800108e-01,2.475734076265751968e-02,3.526746386197742583e-02,-4.994099767268441598e-02,2.170892971498256663e-01,-1.443959178533466836e-01,1.113535604400304052e-01,3.067581596192595628e-01,3.334801814717504587e-01,-8.036129227268430653e-02,1.263175768189537529e-01,2.383749881519036662e-01,-1.543529196883746402e-01,-7.480351551048898887e-03,3.637473735031138133e-01,2.583955495116018741e-01,1.650673963129131033e-02,9.501357870304016906e-02,-2.620689686614500191e-01,2.082573732087762697e-01,3.513803510651112294e-01,2.629759374512906644e-01
0.000000000000000000e+00,0.000000000000000000e+00,0.000000000000000000e+00,0.000000000000000000e+00,0.000000000000000000e+00,0.000000000000000000e+00,0.000000000000000000e+00,0.000000000000000000e+00,0.000000000000000000e+00,0.000000000000000000e+00,0.000000000000000000e+00,0.000000000000000000e+00,0.000000000000000000e+00,0.000000000000000000e+00,0.000000000000000000e+00,0.000000000000000000e+00,0.000000000000000000e+00,1.000000000000000000e+00,7.892707169870502026e-01,5.536956963876227267e-01,6.462196981186418832e-01,6.589845859987480958e-01,6.393526596066662071e-01,4.421601481977788239e-01,5.982827231381604438e-01,5.034488842651066998e-01,4.651563218903662089e-01,7.604013101811908371e-01,4.065745696841280288e-01,7.485697290548811722e-01,7.350174376059808168e-01,4.465491290339900776e-01,2.654680842943624719e-01,3.546119283569222902e-01,7.705844409878704893e-01,1.920688531145417488e-01,1.897156354458648733e-02,3.932794991396327822e-01,2.839462119426614528e-01,7.360744426450194222e-02,6.964886775137932307e-02,6.752141624959132615e-01,1.664914946824426756e-01,2.013376630208433549e-01,1.474807640579392787e-01,7.324394474316428538e-02,2.283435687854975527e-01,4.974713325629625399e-02,5.233882207921135565e-01,1.121506107627665144e-01,1.359732263858807154e-02,5.601494976466449005e-01,4.475086752098458298e-01,1.157329073919918516e-01,2.303630276513566055e-01,1.219163236949226403e-01,4.251399941369641833e-01,1.902436233485639838e-01,-2.450868218110550598e-02,2.788321205260037017e-01,3.575202520340031165e-01,2.915239545422430023e-01,1.042052041747677654e-01,1.681187000252837294e-01,-5.178293793691506747e-02,3.837861083649369842e-01,1.325662706373402500e-01,6.511345485065758165e-01,7.349843198809669076e-02,5.806353312846574966e-01,-1.918529336073721836e-01,7.515868707758580625e-01,1.623852862854077705e-01,6.256412294308952848e-01,6.698536926535886282e-02,3.088529263047654627e-01,1.333701592081445730e-01,1.432046803064850327e-01,1.019642194885611447e-01,-1.933747212810372207e-01,-1.107997764091993853e-01,2.070078122100666232e-02,6.155437471035092312e-01,-1.072893504406867426e-02,1.704685105143747548e-01,3.893617078979011437e-01,6.519806124490485910e-01,-3.270903564779179071e-03,3.956067753865081249e-01,5.461908842750120563e-01,-9.300133110594081820e-02,-3.107939938575561278e-01,3.905263719798615085e-01,1.540158890966638050e-01,3.017908579470473529e-01,-6.882113507368990690e-02,-3.620638748458695488e-01,1.551546859130579770e-01,1.682333960281445773e-01,2.724854527608751020e-01
0.000000000000000000e+00,0.000000000000000000e+00,0.000000000000000000e+00,0.000000000000000000e+00,0.000000000000000000e+00,0.000000000000000000e+00,0.000000000000000000e+00,0.000000000000000000e+00,0.000000000000000000e+00,0.000000000000000000e+00,0.000000000000000000e+00,0.000000000000000000e+00,0.000000000000000000e+00,0.000000000000000000e+00,0.000000000000000000e+00,0.000000000000000000e+00,0.000000000000000000e+00,0.000000000000000000e+00,1.000000000000000000e+00,5.356504614065887848e-01,5.454917172655852076e-01,5.933726672736654439e-01,6.255809262547045169e-01,4.887121639548518415e-01,5.031642653649892605e-01,5.809569333918807033e-01,4.108865599086426457e-01,6.454104491209673444e-01,4.084835173808807895e-01,7.449313988381234264e-01,7.577713036289378534e-01,3.203884211243648306e-01,3.627210413859984772e-01,3.076872643307407840e-01,6.457339870062165366e-01,1.723748599233689560e-01,1.631482817220752668e-01,3.830856492601918406e-01,1.962282358988677866e-01,1.067832291121954963e-01,1.292765455871795754e-01,6.331745202548609841e-01,2.151194164249545238e-01,2.973952931314299275e-01,2.776387493598631018e-01,1.244957040246950919e-01,1.797324715463761713e-01,-3.507147767313802816e-02,2.523009072584980750e-01,1.840895698926765800e-01,4.430752869880434652e-02,3.212806373474377808e-01,3.804507891853319834e-01,1.164153332285760845e-01,2.123055346445791303e-01,2.142602144986454626e-01,3.990628128072870595e-01,4.094260500937436098e-01,5.738370992364124484e-02,1.432950478878176892e-01,4.006826526624029938e-01,3.347825157320132305e-01,9.282009652815928491e-02,5.936869653487066023e-02,3.988640985444986964e-02,3.975697979310175434e-01,1.734380261328263284e-01,4.839686756420922831e-01,3.054416367183453440e-01,1.384780738594826588e-01,-8.613368868286667979e-02,7.973631119813160417e-01,1.552461068073316686e-01,7.389112934597584781e-01,1.394214172137644703e-01,2.827082532591607134e-01,2.838832682532434482e-01,1.204602176834655980e-01,1.148573799745269269e-01,2.434526173574339328e-02,-5.657514930699442113e-02,8.759448249518164697e-02,4.853715119245075038e-01,-1.551445543067588861e-01,3.287586405633355358e-01,2.573871403149230463e-01,4.083145545853596459e-01,1.036120427860732184e-02,1.288866963363947127e-01,2.791942272943032100e-01,-7.194523830659337038e-02,-2.871171308648031925e-02,8.684523278519569456e-02,1.964901625008829700e-01,2.518587982646808832e-01,-2.500607174068424365e-01,-5.222458718136780975e-01,3.053187546729189961e-02,3.017677319330235308e-01,1.810283101900209690e-01
0.000000000000000000e+00,0.000000000000000000e+00,0.000000000000000000e+00,0.000000000000000000e+00,0.000000000000000000e+00,0.000000000000000000e+00,0.000000000000000000e+00,0.000000000000000000e+00,0.000000000000000000e+00,0.000000000000000000e+00,0.000000000000000000e+00,0.000000000000000000e+00,0.000000000000000000e+00,0.000000000000000000e+00,0.000000000000000000e+00,0.000000000000000000e+00,0.000000000000000000e+00,0.000000000000000000e+00,0.000000000000000000e+00,1.000000000000000000e+00,6.026669925149880092e-01,5.056842554548421909e-01,4.444867094310999134e-01,1.921149084011726516e-01,4.120379089570718745e-01,4.202080214161834637e-01,3.898538216299434755e-01,4.174321025154464904e-01,1.848731412583564104e-01,6.448866518173479445e-01,5.868499369528085152e-01,7.356061948589959210e-02,8.995572105674093377e-02,3.389895309820210589e-01,8.357776217758939863e-01,-1.825697684128338161e-01,2.556696019816316334e-01,3.986432144820520884e-01,-1.238559558234493679e-01,4.198869282566959349e-01,4.140224824228714295e-01,3.095341713216746560e-01,2.370224115402568832e-01,5.556952808480291051e-01,3.450313846753734759e-01,3.770554569534210199e-01,-3.410248389459852314e-02,1.818891100833753827e-01,3.191070038149657617e-01,5.912715635531228670e-02,3.468290020114788708e-01,2.682598545737198137e-01,4.190254734567476214e-01,1.187548772041949613e-01,4.024331517995844432e-01,-4.119014609474710986e-02,3.557593843751249429e-01,4.947264435658255133e-01,-2.258244367274275799e-01,2.518515404898996526e-03,2.182907924978077785e-01,5.565611606543767742e-01,-2.403642752687968343e-01,-2.349912783166168556e-02,2.073596583710263785e-01,2.120173554867006427e-01,1.124142107971300569e-01,4.325814354958184005e-01,5.317517221370064995e-01,5.061840540050149828e-01,-1.435535461436830695e-01,4.607848095885629380e-01,-5.861525510317786014e-02,5.994752990698603012e-01,-7.392530571558160457e-02,-1.416894664323976039e-01,-4.327921519480296131e-01,3.504569656876168615e-01,1.052434085200008862e-01,-3.053712227512517252e-01,3.261948747357226036e-02,-1.154546570250256088e-03,1.960469305619451375e-01,-6.469651127462520135e-01,-5.579379106871909522e-02,6.376573692477364996e-02,2.542640869697085360e-01,-4.606753123184036958e-01,3.303008324934098572e-01,2.980633305820423185e-01,-1.866080565290317017e-01,-7.926338709258743537e-03,1.851128540796529234e-02,3.880869250525069702e-01,6.427467271132748794e-02,-1.690881534285504639e-01,-6.474695302335136127e-01,1.437595361054380128e-01,6.881564308790767692e-02,-1.866073853508664893e-01
0.000000000000000000e+00,0.000000000000000000e+00,0.000000000000000000e+00,0.000000000000000000e+00,0.000000000000000000e+00,0.000000000000000000e+00,0.000000000000000000e+00,0.000000000000000000e+00,0.000000000000000000e+00,0.000000000000000000e+00,0.000000000000000000e+00,0.000000000000000000e+00,0.000000000000000000e+00,0.000000000000000000e+00,0.000000000000000000e+00,0.000000000000000000e+00,0.000000000000000000e+00,0.000000000000000000e+00,0.000000000000000000e+00,0.000000000000000000e+00,1.000000000000000000e+00,4.715122230443616336e-01,5.035209284942276931e-01,3.137543417083799580e-01,4.736789570804834093e-01,4.585388908606186642e-01,3.661313182645405950e-01,6.642908470351017725e-01,3.751886362522802165e-01,6.081105623523374026e-01,4.024562615957277822e-01,2.612993529716733931e-01,4.373556491740318575e-01,3.573604961220672727e-01,5.855320653681532761e-01,1.402463445947889631e-01,1.011406957632536296e-01,3.558190507348281129e-01,3.140059602845386433e-01,6.011684677264261117e-02,1.388969018109298681e-01,7.442582500424180791e-01,3.692049141921869837e-01,2.246878047215218333e-01,4.165345089771224640e-01,-1.960670286822036035e-02,2.487663808810184063e-01,-3.069681164604095083e-02,5.808094118003944706e-01,1.944083214089197542e-01,2.495323522169605179e-01,3.965403726666418271e-01,3.820040615621403401e-01,-6.725815936330076239e-02,8.650092502717719734e-02,-5.303191687314392361e-02,4.301708644985641206e-01,1.947785493649535904e-01,4.418925302212447538e-03,1.158903450489919829e-01,2.993116739095205703e-01,1.734756253832512030e-01,1.720407476494206500e-01,1.484528068755847363e-01,4.996149303714027268e-02,3.196665905756231885e-01,3.117665280012267212e-02,6.034174161202807696e-01,-5.170819158715995317e-02,3.913291516760938893e-01,-2.694740568279438073e-02,4.367619444318147637e-01,1.575389445247987741e-01,6.810119952721874759e-01,1.119476446225292354e-01,4.642093242201278946e-01,1.712310590884101591e-01,-6.833613233093151218e-02,4.245915104633381509e-01,-9.676335722410023266e-02,-1.373959229027850726e-01,-1.425380885340631343e-01,3.453794922238226928e-01,-2.832835030822663733e-02,6.458208330516322648e-02,-1.153140710580717598e-01,3.069956927080844666e-01,-7.168419612124385387e-02,2.832622456334045746e-01,5.202893178937977314e-01,-1.703944330950404040e-01,-6.835495561572041412e-02,5.605358266760785968e-01,5.317130014897997192e-01,1.655049979382534897e-01,-2.358526314123278733e-01,-5.129690918861735949e-02,-4.956277348143404288e-02,2.270063855652071638e-01,2.529825053223321296e-01
0.000000000000000000e+00,0.000000000000000000e+00,0.000000000000000000e+00,0.000000000000000000e+00,0.000000000000000000e+00,0.000000000000000000e+00,0.000000000000000000e+00,0.000000000000000000e+00,0.000000000000000000e+00,0.000000000000000000e+00,0.000000000000000000e+00,0.000000000000000000e+00,0.000000000000000000e+00,0.000000000000000000e+00,0.000000000000000000e+00,0.000000000000000000e+00,0.000000000000000000e+00,0.000000000000000000e+00,0.000000000000000000e+00,0.000000000000000000e+00,0.000000000000000000e+00,1.000000000000000000e+00,4.765214401915366937e-01,4.920474730879705327e-01,5.899520515143240607e-01,5.703830319780505143e-01,5.486296819876900210e-01,5.207961992232594817e-01,3.361999973798662222e-01,7.419505832204312812e-01,6.037206990842166610e-01,3.762853593445514844e-01,1.013334223068147744e-01,3.884761961052034529e-01,7.234199470347549843e-01,8.247989038782004012e-02,1.876410816733222950e-02,2.546559300270075932e-01,3.409886817877464948e-01,1.205537655929373592e-01,1.786880862044197271e-01,4.810490608299406445e-01,-1.050987525960224989e-01,3.639158635132194730e-01,-8.068225391809574765e-02,2.804222358045406205e-01,3.356425044154650594e-01,-1.358853412375004566e-01,4.930803336005836202e-01,1.229179930155488015e-01,1.777859111986325735e-01,2.902779995871235252e-01,4.675135187214984334e-01,2.274063623177740093e-02,5.237534736129207530e-02,1.974827895196385186e-01,4.441089298002468544e-01,3.755188385708609911e-01,6.854244061552980383e-02,-4.424433194261533087e-02,2.364795737114061824e-01,2.081039723486902138e-01,2.449854495172829050e-02,1.258912628975860093e-01,-2.755619614424790753e-01,2.232106690203329857e-01,3.425779046233618508e-01,4.918697371499377580e-01,3.242964697014467101e-01,2.972488447050436466e-01,1.138835827673023160e-01,7.249435601538003482e-01,1.123621998421866497e-01,6.113305881729707014e-01,-6.064491700689347842e-02,1.746414894961300091e-01,1.002750394901891495e-01,-2.848126285521087597e-01,1.161589243114397457e-01,-3.222216206945147654e-01,-3.535389616386458989e-01,4.565185585041147687e-01,7.746426318043215797e-01,1.694659561681974014e-01,2.364763825468497449e-01,4.688961912034473878e-01,5.793973695167875526e-01,1.021524980008998162e-01,3.310338869500786263e-01,2.120012334464460302e-01,1.348019381236290060e-01,-1.716599657735864704e-01,2.618315708494635130e-01,6.448147023462856217e-03,-1.575015220441725594e-01,9.030689819859327727e-02,-4.296226991808629880e-01,1.968025165899685014e-01,1.273155934102014608e-01,1.704401686080832534e-01
0.000000000000000000e+00,0.000000000000000000e+00,0.000000000000000000e+00,0.000000000000000000e+00,0.000000000000000000e+00,0.000000000000000000e+00,0.000000000000000000e+00,0.000000000000000000e+00,0.000000000000000000e+00,0.000000000000000000e+00,0.000000000000000000e+00,0.000000000000000000e+00,0.000000000000000000e+00,0.000000000000000000e+00,0.000000000000000000e+00,0.000000000000000000e+00,0.000000000000000000e+00,0.000000000000000000e+00,0.000000000000000000e+00,0.000000000000000000e+00,0.000000000000000000e+00,0.000000000000000000e+00,1.000000000000000000e+00,4.314061474404475294e-01,3.679609323287285627e-01,5.213782528636673463e-01,3.100434912335929272e-01,4.988003427553418523e-01,4.172186282944977398e-01,3.219102607525261561e-01,5.751353505601493055e-01,2.599898580824381855e-01,4.344330203916062505e-01,1.360420054287491687e-01,4.550291254910043270e-01,2.827510759910746851e-01,1.335646931875598964e-01,3.200828053158975561e-01,2.780909422288648791e-01,-6.111541419026444988e-02,-6.679650522337106378e-03,4.928779970446528491e-01,3.087733895377018922e-01,-7.331905828836678650e-03,2.968695314741229829e-01,1.795781504858271621e-02,3.300572524106591410e-01,-6.095957421472750909e-02,2.241447151913687763e-01,1.924419810625536686e-01,-7.091331801066617924e-02,2.275746660629222318e-01,3.351301930442326937e-01,6.275156494392636342e-02,7.920296708717218526e-02,1.950910169633641722e-01,3.361557230378400818e-01,2.668879908137613000e-01,1.460880717443017174e-01,4.339723901778871212e-02,4.439181472792063654e-01,1.682392985525495155e-01,1.344446752006938084e-01,3.223671173744530605e-01,-1.525726405913719608e-01,2.840828195478781737e-01,2.414711525946493242e-01,1.347531298231529062e-01,1.835241284143980869e-02,3.713639565294177824e-01,-2.817677837770365401e-01,5.542013822837497106e-01,2.747686484640041518e-02,6.242649554557453406e-01,5.751996498425877499e-03,4.994699804544037725e-01,1.325088766928065875e-01,1.257458173326589379e-01,3.080621677721865348e-01,3.210200706585413233e-01,-2.501514312406377324e-02,-2.014836993079394678e-01,3.776201429230506279e-01,5.843657090456367414e-02,3.877245572181766547e-02,2.018792981189422020e-01,4.908924538138206839e-01,2.052704622405236157e-01,3.459680100635488254e-01,1.133115408568914212e-01,-1.849416169836053947e-01,-2.338610052130840888e-01,2.105396218742307812e-01,7.279259592612656593e-02,3.254664882109586377e-01,-2.425766697666480454e-01,-3.248871458557610059e-01,-4.695557950072884457e-03,4.162485206978882579e-01,2.372127966470225224e-01
0.000000000000000000e+00,0.000000000000000000e+00,0.000000000000000000e+00,0.000000000000000000e+00,0.000000000000000000e+00,0.000000000000000000e+00,0.000000000000000000e+00,0.000000000000000000e+00,0.000000000000000000e+00,0.000000000000000000e+00,0.000000000000000000e+00,0.000000000000000000e+00,0.000000000000000000e+00,0.000000000000000000e+00,0.000000000000000000e+00,0.000000000000000000e+00,0.000000000000000000e+00,0.000000000000000000e+00,0.000000000000000000e+00,0.000000000000000000e+00,0.000000000000000000e+00,0.000000000000000000e+00,0.000000000000000000e+00,1.000000000000000000e+00,3.791424710145936960e-01,4.664901172102557947e-01,4.515938565236978786e-01,2.847957528277554884e-01,4.407459831085629443e-01,2.201356336230339550e-01,5.815249079488084005e-01,3.869545956808605469e-01,2.605210993395508101e-01,4.114984321441311210e-01,7.953285361728527902e-02,1.250198055966773580e-01,-6.110872038198279788e-02,1.718035630047977103e-01,4.185324208732978390e-01,-1.594665968361624331e-01,1.573028005112735439e-01,2.710631365473141763e-01,5.428601188818071854e-02,1.133080275947315370e-02,6.971485914564731767e-02,3.924810011939303123e-02,2.376631253478966588e-01,-5.264709070534030477e-01,2.786737702518408133e-01,2.635269033141673933e-01,-1.545394902863924669e-01,-3.402105081423741767e-03,3.144520001664365405e-01,-1.537595999367102617e-01,-1.752594046631493208e-01,2.189713691947214047e-01,3.285695148621095019e-01,2.454255584319006422e-01,4.045652516977946700e-01,-1.293237084122214609e-01,3.008921376981426588e-01,-4.261155726297036900e-02,3.435907750590849741e-01,2.937185140036336350e-01,-2.968317656350746847e-01,2.312433117894865942e-01,1.888220611178600405e-01,-4.784255946535252366e-03,-1.470327116945590873e-01,-5.097841593596726117e-02,-1.160535672845214028e-01,6.609606372652224726e-01,-3.690086844381452319e-02,3.424271728861437714e-01,4.912927037369477917e-02,4.347776044697463371e-01,2.952965455977858353e-02,-1.355403668932593508e-01,1.233111651927666641e-01,1.261179535986761413e-01,-1.859393775226421963e-01,3.429636178395300550e-01,4.551214703115371019e-01,2.000879990002204234e-01,6.669308100498849701e-01,-3.064169421499026921e-02,2.212237399096027013e-01,3.542342954842230274e-01,-4.118695784646574792e-02,3.555511176253597916e-02,1.198343330351860497e-01,1.880351366024074489e-01,-3.634826062667993740e-02,-2.579810417688305040e-03,-4.510812939957904721e-02,6.629984093972846049e-02,-1.941667050025377150e-01,-4.255375308658602279e-02,2.336277586047891819e-01,2.050267150586169707e-01
0.000000000000000000e+00,0.000000000000000000e+00,0.000000000000000000e+00,0.000000000000000000e+00,0.000000000000000000e+00,0.000000000000000000e+00,0.000000000000000000e+00,0.000000000000000000e+00,0.000000000000000000e+00,0.000000000000000000e+00,0.000000000000000000e+00,0.000000000000000000e+00,0.000000000000000000e+00,0.000000000000000000e+00,0.000000000000000000e+00,0.000000000000000000e+00,0.000000000000000000e+00,0.000000000000000000e+00,0.000000000000000000e+00,0.000000000000000000e+00,0.000000000000000000e+00,0.000000000000000000e+00,0.000000000000000000e+00,0.000000000000000000e+00,1.000000000000000000e+00,4.158824550817185606e-01,9.521059787892122150e-02,4.040081783846305452e-01,4.631368020770529892e-01,5.835457192536769311e-01,4.781394815078723881e-01,4.266235761003075444e-01,9.660843842729947839e-02,4.078155860013247258e-01,3.330044785570245303e-01,1.749526912672258461e-02,-3.076995005539185368e-01,3.384056725313307479e-01,2.945553888660871200e-01,-1.369553689192852357e-02,1.018977177049638916e-01,2.513698811584547665e-01,8.559117346977685933e-03,2.342531602311736516e-01,1.951183551565808805e-01,2.082168581708674845e-02,4.429053872833259575e-01,-2.152187136481821528e-01,3.043224615309017556e-01,2.254685929033369285e-01,-5.219140583318533644e-02,1.103325795140715493e-01,5.575505615472586829e-01,-2.237779753212583433e-01,-7.556108972172888294e-02,1.228934152290065557e-01,4.158911099253200794e-01,2.799031764578019388e-01,2.769796830165154322e-01,-8.653696806235632076e-04,3.859504947783927165e-01,2.126648558779352383e-01,1.793575689633329084e-01,7.492653676665685103e-02,-2.368089657762521560e-01,2.350964099876717561e-01,1.350076020284406431e-01,1.534106530084927145e-01,1.082645744949684158e-01,1.996569946563502285e-01,-1.906578700738111726e-02,1.875610843329013899e-01,-1.354961291699505466e-01,1.054534058220004816e-01,-3.528998384140311639e-01,9.911041635801512428e-02,-8.675144630315510808e-03,3.859710895137610093e-02,-3.187885306950170861e-02,7.914519695062725846e-02,-2.355907483858644680e-01,2.389407282987852377e-01,1.687630885287335625e-01,1.624581905410057703e-01,2.932615364422594406e-01,3.999410391543675170e-01,4.217919467610263817e-01,1.842387725245094865e-01,3.246115678616862676e-01,5.401250729354805519e-02,2.794954211636382913e-01,1.492477260038811704e-01,9.474279319844267078e-02,-1.252709325885872083e-01,-9.803528614043414968e-02,-1.560694773491065612e-01,-1.600278867407920191e-01,-4.106791689833250852e-02,1.524121604863708235e-01,1.159590271151021423e-01
0.000000000000000000e+00,0.000000000000000000e+00,0.000000000000000000e+00,0.000000000000000000e+00,0.000000000000000000e+00,0.000000000000000000e+00,0.000000000000000000e+00,0.000000000000000000e+00,0.000000000000000000e+00,0.000000000000000000e+00,0.000000000000000000e+00,0.000000000000000000e+00,0.000000000000000000e+00,0.000000000000000000e+00,0.000000000000000000e+00,0.000000000000000000e+00,0.000000000000000000e+00,0.000000000000000000e+00,0.000000000000000000e+00,0.000000000000000000e+00,0.000000000000000000e+00,0.000000000000000000e+00,0.000000000000000000e+00,0.000000000000000000e+00,0.000000000000000000e+00,1.000000000000000000e+00,2.543415282564599478e-01,2.706934229028336025e-01,5.399566704012152829e-02,1.432291597262552452e-01,2.785145693926621147e-01,8.295322244762613761e-02,2.302761519436992976e-01,4.503580397509623218e-02,1.739517984600587319e-01,1.488312668150362506e-01,2.179149509894693637e-01,1.009831417531341230e-01,4.970796099356498271e-02,5.689909268467081838e-02,2.021706128828303639e-01,2.464494663498943694e-01,7.221109334885940367e-02,1.585416477873999586e-01,3.513134680942649885e-02,8.771620654791610627e-02,1.411374707283067909e-01,8.674683305771477282e-02,1.576818554402938666e-01,2.633078139032023479e-01,6.143557489317635206e-02,2.487869040839402537e-02,4.349766151804612679e-02,-1.966465471374279420e-02,7.824814126621729149e-02,3.596014562071141452e-01,1.312703841274329430e-01,7.035791056955494061e-02,7.013044613079327805e-02,9.054489785344072006e-02,-2.478555895136118695e-02,1.808964412347172090e-01,1.017295461448217836e-01,1.161345988135586565e-01,-1.854563134987885064e-03,1.675513247920799031e-01,3.860685139792861542e-01,1.452442418358180498e-01,-9.188611807195301573e-02,1.343801228108388313e-01,-4.719197722515004918e-03,1.272610836299695181e-01,-7.880203928545495562e-02,5.259947648308965773e-01,4.451905313634950401e-02,3.424019511861110532e-01,4.428745419589776543e-03,1.032437626861863050e-01,1.370793506436248643e-01,1.367573690342058224e-01,2.340174103057267863e-01,9.583892850246968076e-02,2.560939313699389097e-01,-4.246975877362459129e-02,1.272500879259368112e-01,1.453833360675287623e-01,1.256786827005597629e-01,3.189084661983964675e-01,2.260544678800322782e-01,1.007491839736994604e-01,-2.171125655727744186e-01,1.689553440423564035e-01,-1.247675083374609334e-01,-1.969040752937699090e-01,-4.071386973452079117e-02,-5.639814695600181560e-02,-3.913980518130550507e-02,5.961800117323733800e-02,-8.001189288675105218e-03,-8.386912478216992928e-02
0.000000000000000000e+00,0.000000000000000000e+00,0.000000000000000000e+00,0.000000000000000000e+00,0.000000000000000000e+00,0.000000000000000000e+00,0.000000000000000000e+00,0.000000000000000000e+00,0.000000000000000000e+00,0.000000000000000000e+00,0.000000000000000000e+00,0.000000000000000000e+00,0.000000000000000000e+00,0.000000000000000000e+00,0.000000000000000000e+00,0.000000000000000000e+00,0.000000000000000000e+00,0.000000000000000000e+00,0.000000000000000000e+00,0.000000000000000000e+00,0.000000000000000000e+00,0.000000000000000000e+00,0.000000000000000000e+00,0.000000000000000000e+00,0.000000000000000000e+00,0.000000000000000000e+00,1.000000000000000000e+00,3.462214554912219078e-01,3.362803514456994547e-01,3.923182315056354952e-01,4.687205346990818144e-01,2.813929117925956791e-01,1.289337513853039685e-01,2.688414248506430515e-01,3.131161871697321075e-01,1.192742993255586637e-01,1.814036351720464679e-01,5.945093701641075701e-02,1.795463967688774032e-01,-9.058138886738871520e-02,1.620869715207426953e-01,2.564296797167661679e-01,1.052116656507624259e-01,1.694453215845317939e-01,-1.462141708590055655e-01,3.800432213012506777e-01,1.762380481181827219e-01,-2.296583893505618756e-01,2.635342811962927967e-01,1.017805423897608225e-01,-9.877793441194475388e-02,2.610203072372728195e-01,3.709224243534312015e-01,9.605429543081971111e-02,1.386849972109826246e-01,1.565814425898520712e-01,8.662165522037262866e-02,-7.427832007664683656e-02,1.322010732731666027e-01,8.107958473703806568e-02,1.315884994901972138e-01,-9.020693249203094732e-02,2.679460242817920390e-01,2.698861674149451995e-01,-2.390640095612684701e-01,2.582251668776162565e-02,1.540520910251324815e-01,4.220061724524767355e-01,-1.604686549701593579e-01,8.656314411276630483e-02,1.148292061625225124e-01,4.579742339368231829e-01,5.306672398027070629e-03,5.797230802304931263e-01,-3.001602899184115428e-04,8.913402317249499718e-02,-2.004873201959770368e-01,-2.181607904839951220e-02,3.277112347059306097e-01,-8.537235227527080472e-02,-1.119351878714498483e-01,1.578746781397973309e-01,4.988857005497350783e-01,4.256578410414743607e-02,3.061184439616624897e-01,-6.105951767038904354e-02,2.994974503543176292e-01,6.112580870112879067e-02,-5.057461515616319681e-02,1.891672370307077022e-01,1.116761708118790275e-01,7.254885526524257333e-02,1.998401969330877159e-01,2.773010617460602290e-01,-2.639989460962254841e-01,2.447907563090905847e-01,-1.280206360136408317e-01,3.942979090802790076e-01,6.922521451329874398e-02,5.140293577514903900e-01
0.000000000000000000e+00,0.000000000000000000e+00,0.000000000000000000e+00,0.000000000000000000e+00,0.000000000000000000e+00,0.000000000000000000e+00,0.000000000000000000e+00,0.000000000000000000e+00,0.000000000000000000e+00,0.000000000000000000e+00,0.000000000000000000e+00,0.000000000000000000e+00,0.000000000000000000e+00,0.000000000000000000e+00,0.000000000000000000e+00,0.000000000000000000e+00,0.000000000000000000e+00,0.000000000000000000e+00,0.000000000000000000e+00,0.000000000000000000e+00,0.000000000000000000e+00,0.000000000000000000e+00,0.000000000000000000e+00,0.000000000000000000e+00,0.000000000000000000e+00,0.000000000000000000e+00,0.000000000000000000e+00,1.000000000000000000e+00,3.280935321111356773e-01,5.377328278363197045e-01,5.539788653434878363e-01,2.951869692084311825e-01,4.019033596206047498e-01,2.518570123996234922e-01,4.619439344925604374e-01,1.960922107800819603e-01,1.763699991610127304e-01,2.826152783067703012e-01,2.174859677820424608e-01,-4.063287180545101934e-02,-5.521057229163674196e-02,4.710190749618735628e-01,1.475839587080851056e-01,9.596773028392402427e-02,3.102280804758842936e-01,-1.315158537857182008e-01,1.402530314503644404e-01,1.232962969617669713e-01,3.672626982987270416e-01,1.963343664564026203e-01,9.318389527855415466e-02,3.584756068456647071e-01,2.349288034220026189e-01,4.162293302208878304e-02,2.111923541974630725e-01,5.722600703275580736e-02,1.797399275083944592e-01,1.271385790102718683e-01,1.924656646164872587e-02,3.096385059396808415e-01,3.238208550756727089e-01,2.998798608836468205e-01,1.603980597990671275e-01,1.526745468535368189e-01,1.295520748247031284e-01,3.520826521989968150e-01,-5.425062273988061345e-02,4.899315783119396750e-01,-5.451075285614526839e-02,1.609046684645687453e-01,-2.032287732641597788e-01,5.062339044427327517e-01,2.104625176489475502e-01,4.874033852878106310e-01,2.551116152980383300e-01,2.993485944053841386e-01,3.328875270075828952e-01,-4.478504681835097923e-02,2.430431955005899203e-01,1.940444848654323817e-01,-1.357567450111124563e-01,-1.341181906502472987e-01,1.188032851287826180e-01,-4.861023132319774315e-02,1.912715609795278410e-02,3.506358877426273835e-01,2.856282496607987498e-01,3.852706442508017914e-02,2.091151076355962091e-01,4.868376634726178653e-01,-2.254637388219721261e-01,-1.251683699166981356e-01,3.223010592566066812e-01,3.400636212002960262e-02,2.645159673413527979e-01,-1.233727688447029819e-01,-4.644443964917596701e-02,1.553314503011004599e-01,2.252639382817619440e-01,2.975294361032875812e-01
0.000000000000000000e+00,0.000000000000000000e+00,0.000000000000000000e+00,0.000000000000000000e+00,0.000000000000000000e+00,0.000000000000000000e+00,0.000000000000000000e+00,0.000000000000000000e+00,0.000000000000000000e+00,0.000000000000000000e+00,0.000000000000000000e+00,0.000000000000000000e+00,0.000000000000000000e+00,0.000000000000000000e+00,0.000000000000000000e+00,0.000000000000000000e+00,0.000000000000000000e+00,0.000000000000000000e+00,0.000000000000000000e+00,0.000000000000000000e+00,0.000000000000000000e+00,0.000000000000000000e+00,0.000000000000000000e+00,0.000000000000000000e+00,0.000000000000000000e+00,0.000000000000000000e+00,0.000000000000000000e+00,0.000000000000000000e+00,1.000000000000000000e+00,2.863846989154884559e-01,5.113394574252063673e-01,2.712058749225300103e-01,2.258495466799338991e-01,2.606112606235906348e-01,2.315700359177151058e-01,2.181712675075477836e-01,-2.563794965523832903e-01,1.451070010223743934e-01,3.925988136227005487e-01,-2.403171650377712298e-01,-7.005672682950846164e-02,3.498441571642798009e-01,3.721652146041040110e-01,2.778929394233731545e-02,2.440885891588248646e-01,-5.191770954027478263e-02,3.930297567374826384e-01,-3.268033776757822140e-01,2.147718682864000472e-01,2.701757073924088148e-01,-1.770659456850530444e-01,2.136125771677788721e-01,2.947545297069096293e-01,-6.624158548738234842e-02,-6.810584433524190240e-02,-2.548574902797667505e-02,2.363713199633635242e-01,3.168732006277195090e-01,3.248200128675834963e-01,5.075641489121204136e-02,5.450750893499154426e-01,-1.252060764673044134e-02,4.298522847505560907e-01,4.239739667129618361e-01,-2.752637532952681432e-01,2.017265031316496926e-01,-2.233449172534176727e-02,-1.356155603510342256e-01,-1.927249606185234554e-01,-1.241779759864592055e-02,1.866043076234333575e-01,3.319024736651207119e-01,-2.660521889587060679e-02,2.133131411238590180e-01,-1.106798679083214748e-01,1.685883807375499199e-01,6.896894619785169656e-02,-2.242001395238830616e-02,2.904946975838331724e-01,2.491177361956136149e-01,-2.596712823461282960e-01,-1.058562842583106178e-01,8.998152704172036886e-02,3.389901992585842572e-01,2.383248591583741471e-01,1.986114124046391149e-01,2.259750016283095797e-01,1.358870766365308513e-01,-2.014623038719989823e-01,-1.369729969463517050e-01,3.118304017501543624e-01,-7.352469864967481339e-02,3.332972682372812856e-01,1.995699962602469069e-01,3.674663025426823104e-01,-1.789767940511145516e-01,2.200658269646809523e-02,7.528163782541347215e-02,3.599160746772349651e-01,5.304486794185921950e-01
0.000000000000000000e+00,0.000000000000000000e+00,0.000000000000000000e+00,0.000000000000000000e+00,0.000000000000000000e+00,0.000000000000000000e+00,0.000000000000000000e+00,0.000000000000000000e+00,0.000000000000000000e+00,0.000000000000000000e+00,0.000000000000000000e+00,0.000000000000000000e+00,0.000000000000000000e+00,0.000000000000000000e+00,0.000000000000000000e+00,0.000000000000000000e+00,0.000000000000000000e+00,0.000000000000000000e+00,0.000000000000000000e+00,0.000000000000000000e+00,0.000000000000000000e+00,0.000000000000000000e+00,0.000000000000000000e+00,0.000000000000000000e+00,0.000000000000000000e+00,0.000000000000000000e+00,0.000000000000000000e+00,0.000000000000000000e+00,0.000000000000000000e+00,1.000000000000000000e+00,3.245210266118769282e-01,2.650845608337233927e-01,4.004608317694822311e-02,3.237261363772014344e-01,4.142071488344049035e-01,-2.468412260613188358e-02,4.494661743114428121e-03,2.780158175231409734e-01,1.116967825147873877e-01,1.023790144620801285e-01,6.145210981420860807e-02,3.324661305274054235e-01,-1.989040643638123954e-02,1.824080367843731454e-01,1.597370742168942315e-01,1.424295934000334163e-01,1.092456464557796242e-01,3.160560984029780335e-02,2.039648132614441112e-01,8.615851025428446566e-03,4.149445540227304080e-02,2.352549156523261187e-01,2.714235944664645794e-01,4.162305781127981219e-02,1.284479252095023227e-01,3.800185976607185767e-02,2.427187119170980123e-01,2.317756688857668668e-01,-5.078870108844849712e-02,1.516515644492058557e-01,1.414366370107718318e-01,1.616358319926957943e-01,-1.206240672064646038e-02,3.394520815038815781e-02,5.960920216241628183e-02,1.312189162599669556e-01,-7.762837798637106657e-02,3.675511893333812119e-01,1.370649723648311447e-01,1.379917914197827666e-01,1.482987775817577458e-01,4.439894568653337537e-01,1.243893633053664710e-01,3.014375892184749661e-01,2.887162706391515482e-02,8.087246728310451549e-02,1.793702945319341213e-01,-1.811109795957116866e-02,8.979992695662405988e-02,-1.177342052303578801e-01,-6.897580357184103506e-02,9.242535482635592936e-02,7.027724648262943796e-02,-5.326761790405377950e-02,1.012847464407182208e-01,1.374946026094692186e-01,3.878622313980087943e-01,-2.912583362333261428e-01,5.248721463190669789e-02,2.652640488211414072e-01,9.941159255704071218e-02,7.897273076038043016e-02,2.913063071419491612e-01,1.158221315372491150e-01,-1.100097386206781297e-01,-9.695442033681106464e-02,-7.362616380041724085e-02,1.056694465486378992e-01,2.992673488540706361e-01,2.117439947745390627e-01
0.000000000000000000e+00,0.000000000000000000e+00,0.000000000000000000e+00,0.000000000000000000e+00,0.000000000000000000e+00,0.000000000000000000e+00,0.000000000000000000e+00,0.000000000000000000e+00,0.000000000000000000e+00,0.000000000000000000e+00,0.000000000000000000e+00,0.000000000000000000e+00,0.000000000000000000e+00,0.000000000000000000e+00,0.000000000000000000e+00,0.000000000000000000e+00,0.000000000000000000e+00,0.000000000000000000e+00,0.000000000000000000e+00,0.000000000000000000e+00,0.000000000000000000e+00,0.000000000000000000e+00,0.000000000000000000e+00,0.000000000000000000e+00,0.000000000000000000e+00,0.000000000000000000e+00,0.000000000000000000e+00,0.000000000000000000e+00,0.000000000000000000e+00,0.000000000000000000e+00,1.000000000000000000e+00,2.271824424249457020e-01,1.582537703684032127e-01,1.493583390104001596e-01,1.362641537254996316e-01,8.008191891966835729e-02,-8.322020683164879640e-02,1.567871178453303649e-01,1.445827913602419912e-01,-2.231793636172693315e-02,3.973444036065978784e-03,2.415432843424533405e-01,8.926136401129812492e-02,2.737708405112276172e-02,1.130579942664853843e-01,3.523147671319867835e-02,2.878372173975723633e-02,-3.905472232824442474e-02,-2.916237782462485426e-02,7.914009686335662930e-02,-7.432233065454453558e-02,4.086930976931505560e-02,2.481123343690320726e-01,1.821924363367133023e-02,2.399125266492307951e-02,6.487228196866297314e-02,1.528911854281670701e-01,1.434102691649235262e-01,6.386528388897083630e-02,3.011123303375374052e-02,2.058361728912475597e-01,7.588945240955720373e-02,1.153216706985900758e-01,2.087750241720421895e-01,-1.342425190697024151e-01,1.576049848700567246e-01,4.942090643845410691e-02,1.164257371293475479e-01,4.961827034158049210e-02,8.752269598042781984e-02,-1.569647974491187870e-01,3.270482563555102140e-01,2.647174695857375942e-02,2.382612320449938037e-01,-3.618035704516260609e-02,-2.152017586830309165e-02,1.473864206430285928e-01,1.515500155452240844e-02,1.390251403644233719e-01,9.813086000467409475e-03,-2.253633725580758140e-01,-3.620850490137855759e-02,1.051998749758204510e-01,-1.391361621741088739e-01,8.923909032040962253e-02,1.534194487521670647e-01,1.865918949992481091e-01,-2.684374854332645735e-02,-1.116429575877267710e-01,1.752428950499752558e-01,9.827528822996105598e-03,1.620533580142261842e-01,1.108062250168014296e-01,-2.294690372893503083e-01,1.043592722879753826e-01,-9.809142792371330910e-02,-1.959822232636052874e-01,-8.564724647991397988e-02,2.210604653544077647e-01,6.826859036605342768e-02
0.000000000000000000e+00,0.000000000000000000e+00,0.000000000000000000e+00,0.000000000000000000e+00,0.000000000000000000e+00,0.000000000000000000e+00,0.000000000000000000e+00,0.000000000000000000e+00,0.000000000000000000e+00,0.000000000000000000e+00,0.000000000000000000e+00,0.000000000000000000e+00,0.000000000000000000e+00,0.000000000000000000e+00,0.000000000000000000e+00,0.000000000000000000e+00,0.000000000000000000e+00,0.000000000000000000e+00,0.000000000000000000e+00,0.000000000000000000e+00,0.000000000000000000e+00,0.000000000000000000e+00,0.000000000000000000e+00,0.000000000000000000e+00,0.000000000000000000e+00,0.000000000000000000e+00,0.000000000000000000e+00,0.000000000000000000e+00,0.000000000000000000e+00,0.000000000000000000e+00,0.000000000000000000e+00,1.000000000000000000e+00,1.331320851896480306e-01,5.156049988236494075e-01,-6.135747921620718359e-02,4.514679672210849398e-02,-3.584507739004771376e-01,2.256747556367402208e-01,4.851441143208846118e-01,-3.237246422492706110e-01,-1.544176329751132670e-01,3.962927068717685963e-01,-1.361073027451053796e-01,-1.239794033736411616e-01,-1.507870405237153044e-01,-6.025414974518906314e-02,3.949183011609221916e-01,-4.831469778415398153e-01,1.113687358331491295e-01,5.427806352321119798e-02,-4.032953984736864506e-01,2.198016418355051849e-01,7.962619116867458713e-01,-2.110745350410127841e-01,-1.142991926432866540e-01,2.168157543058214787e-01,3.849493646141454728e-01,-5.880300064137194277e-02,4.654063066170299745e-01,1.996014175889636033e-01,5.792746006213340682e-01,-2.950297751537276914e-01,5.086371333592052402e-01,2.763856578515008211e-01,-4.207708324281441703e-01,9.350489432550330993e-02,-6.266095786259737177e-02,5.513544220057714496e-01,-3.834628992686890392e-01,1.922354244596502504e-01,-2.549627176238479231e-01,6.229075926660470053e-01,1.530977522708857896e-01,3.224681055541496755e-01,-1.229448146740303033e-01,1.591483162488212533e-01,2.474571043284131688e-01,5.421355829927595321e-02,-1.541797739189849636e-01,6.610157716453379795e-02,-1.960673807065338725e-01,2.739791685266036447e-01,3.552603875947527579e-01,2.929336854005388791e-01,4.165489573470378404e-01,1.116140753818053583e-01,7.339556488541552071e-01,2.647091709691077321e-01,6.530589616725625268e-03,4.107525771640339607e-01,6.350741586053089138e-01,3.261124475351831475e-01,3.957154656587667518e-01,-1.223848295564489985e-01,-1.368254674376091773e-01,-4.831974520380606652e-02,-2.417705192300756700e-01,2.096640001471811177e-01,2.289540072943018617e-02,6.001213521679779062e-01
0.000000000000000000e+00,0.000000000000000000e+00,0.000000000000000000e+00,0.000000000000000000e+00,0.000000000000000000e+00,0.000000000000000000e+00,0.000000000000000000e+00,0.000000000000000000e+00,0.000000000000000000e+00,0.000000000000000000e+00,0.000000000000000000e+00,0.000000000000000000e+00,0.000000000000000000e+00,0.000000000000000000e+00,0.000000000000000000e+00,0.000000000000000000e+00,0.000000000000000000e+00,0.000000000000000000e+00,0.000000000000000000e+00,0.000000000000000000e+00,0.000000000000000000e+00,0.000000000000000000e+00,0.000000000000000000e+00,0.000000000000000000e+00,0.000000000000000000e+00,0.000000000000000000e+00,0.000000000000000000e+00,0.000000000000000000e+00,0.000000000000000000e+00,0.000000000000000000e+00,0.000000000000000000e+00,0.000000000000000000e+00,1.000000000000000000e+00,7.771750078758597746e-02,2.469916458670968484e-01,4.426579331539174933e-01,1.101574128066315633e-01,1.146135851697808739e-01,3.301349665696485802e-01,-1.996299863278337416e-01,-9.223055194652958477e-02,7.253222934955285695e-01,4.177889014156853098e-01,-7.356526947656308324e-02,3.790471582766658520e-01,-2.951502567659746723e-01,3.096932680766901202e-01,1.298179278252921051e-02,2.291959428548370481e-01,3.706919699635455867e-01,-1.168798520671859853e-01,2.527041424771716560e-01,-4.755410751808770292e-02,1.162382307606339149e-01,2.052285148158346229e-02,2.170558374294233317e-01,2.202637371612355122e-01,-6.674388157471924238e-03,1.544628638071014748e-01,3.288141614719339856e-01,3.522006824155038962e-01,8.826369312931343913e-02,3.429569482241222600e-01,2.797340017512912613e-01,3.232808116496173334e-02,4.172202320273951104e-01,1.692167162369992151e-01,4.386577724266093048e-01,-6.356782286605085208e-02,-7.928641335894277831e-03,-2.325424919805664237e-01,3.028971536502005346e-01,2.679354057200880046e-01,7.148351993181437658e-01,3.760116026943230438e-01,8.941636305600425549e-01,5.372646438054752283e-01,-1.326010859690242571e-01,6.470236508508484530e-01,4.262925387340022465e-01,1.154291409123609502e-01,-4.141830366147690734e-01,2.331650261188595863e-01,1.596056019286421768e-01,6.543624479706952601e-02,-1.210578753756965803e-01,-1.839648576739313576e-02,4.925737736383649368e-02,1.669812563976089126e-01,4.085349482864619741e-01,-2.231849077180553809e-01,-7.375597672872624688e-02,4.463812702400640764e-01,2.443572958909829562e-01,3.451114604467404035e-01,-5.186579969739105733e-01,2.077797127930203769e-01,-2.117701353172086465e-01,4.501378751804458456e-01,2.753578589334605420e-01
0.000000000000000000e+00,0.000000000000000000e+00,0.000000000000000000e+00,0.000000000000000000e+00,0.000000000000000000e+00,0.000000000000000000e+00,0.000000000000000000e+00,0.000000000000000000e+00,0.000000000000000000e+00,0.000000000000000000e+00,0.000000000000000000e+00,0.000000000000000000e+00,0.000000000000000000e+00,0.000000000000000000e+00,0.000000000000000000e+00,0.000000000000000000e+00,0.000000000000000000e+00,0.000000000000000000e+00,0.000000000000000000e+00,0.000000000000000000e+00,0.000000000000000000e+00,0.000000000000000000e+00,0.000000000000000000e+00,0.000000000000000000e+00,0.000000000000000000e+00,0.000000000000000000e+00,0.000000000000000000e+00,0.000000000000000000e+00,0.000000000000000000e+00,0.000000000000000000e+00,0.000000000000000000e+00,0.000000000000000000e+00,0.000000000000000000e+00,1.000000000000000000e+00,1.139809511970988343e-01,2.828600594777217186e-03,-8.671714028994678691e-02,1.943691396010546746e-01,2.053021755379833835e-01,-2.525377829542485922e-02,2.251866535351894072e-01,4.707741766977265735e-02,-8.879274430270298057e-02,1.670706638895426699e-01,2.635321059390370313e-01,-1.748200178790158127e-02,6.621339057219145785e-02,-1.787489377100114074e-01,3.786057993275282474e-01,1.563863692935174299e-01,4.145601192152378878e-02,2.516199864091354585e-02,3.853009946653037643e-01,-2.503828675704152240e-01,-8.730238248209859497e-02,-4.673559819570433788e-02,2.525677164537421526e-01,3.770244607582705632e-01,2.452887035462889831e-01,-1.413670765097267690e-01,2.828180184059661539e-01,1.665355174099939217e-01,7.010138534896426243e-02,2.802520832967988346e-02,-6.417785843867387929e-02,1.152575440157676545e-01,1.643090802757534927e-02,8.028580145841608673e-02,1.963871293136947305e-01,-1.512805520260587528e-03,7.672883389315826586e-02,2.023889353148851655e-01,3.420849798403281100e-02,-1.097891295974979219e-02,-5.792652885459164541e-02,4.502573138325901420e-02,-1.826168649338542616e-01,-9.260896471537674590e-02,2.447518735765672956e-02,3.295324960323194746e-02,-3.999240349723717225e-01,1.073491697833185848e-01,-3.260960590602535181e-02,-1.019579189732921186e-02,3.238992362945389836e-01,-2.071939752636636489e-01,-8.532294357885548963e-02,-1.160887566168776891e-01,2.285895855167777158e-02,1.409634250726598814e-01,8.207156942762217078e-02,1.352539883434153434e-01,4.898375242699781751e-02,3.079851978367193488e-01,-3.511657597432670808e-01,-1.124874647035823128e-01,3.219656265600983041e-03,-1.852447003570210915e-01,-6.111480419230517352e-02,4.798859400028294281e-02
0.000000000000000000e+00,0.000000000000000000e+00,0.000000000000000000e+00,0.000000000000000000e+00,0.000000000000000000e+00,0.000000000000000000e+00,0.000000000000000000e+00,0.000000000000000000e+00,0.000000000000000000e+00,0.000000000000000000e+00,0.000000000000000000e+00,0.000000000000000000e+00,0.000000000000000000e+00,0.000000000000000000e+00,0.000000000000000000e+00,0.000000000000000000e+00,0.000000000000000000e+00,0.000000000000000000e+00,0.000000000000000000e+00,0.000000000000000000e+00,0.000000000000000000e+00,0.000000000000000000e+00,0.000000000000000000e+00,0.000000000000000000e+00,0.000000000000000000e+00,0.000000000000000000e+00,0.000000000000000000e+00,0.000000000000000000e+00,0.000000000000000000e+00,0.000000000000000000e+00,0.000000000000000000e+00,0.000000000000000000e+00,0.000000000000000000e+00,0.000000000000000000e+00,1.000000000000000000e+00,1.255905660047975381e-01,1.285900828844320498e-01,2.717463910435469754e-01,1.682654566298984189e-02,1.915547979656369859e-01,1.105742007481248235e-01,3.023092224384760218e-01,1.413738880288627486e-01,2.883513237960020903e-01,9.704971858931082940e-02,1.979917578949791646e-01,9.920757946708001762e-02,1.315552948410988743e-01,3.083477169313565969e-01,3.307894784590979798e-02,2.039457052288355943e-01,3.812473014292477869e-01,1.198082385805857436e-01,1.810779679082455407e-01,1.628561907811256759e-01,-1.140255802635667670e-01,1.425393284984090292e-01,1.870732226244014584e-01,-2.397893742428304498e-01,8.586046577077006969e-02,-1.963090480200362781e-03,2.951010215662265845e-01,-1.529450590258072395e-01,8.391679618488042877e-03,8.453078909699940358e-02,1.736662467610518013e-01,1.127153399191345995e-01,2.058601853574707485e-01,1.910197814611284961e-01,3.405082019309951247e-01,1.034266576115638464e-01,4.731066182589276359e-01,2.545905360206396611e-03,2.895461407777570884e-01,7.636847747024422262e-02,7.709384156739611249e-02,-6.250420248977424376e-02,-2.310911245727521879e-02,2.140776389624013398e-01,-1.550130271703987483e-01,-1.381541778473494853e-01,1.555650427485139216e-02,2.971973998267651296e-01,-9.251266237485006316e-02,-6.471350228748520839e-02,2.679830087739932254e-01,2.554095390539047328e-01,-2.980204315362942613e-01,1.767753191273339908e-01,1.813827718898825547e-01,-1.984480475539463773e-01,-3.034569827975768241e-01,2.649525594783085358e-01,1.981545685525389622e-01,1.017114094685533654e-01,-3.693950431732959810e-02,-1.446232815040507380e-01,5.884607317877606214e-03,1.313840264380079503e-01,4.586359420903293738e-02
0.000000000000000000e+00,0.000000000000000000e+00,0.000000000000000000e+00,0.000000000000000000e+00,0.000000000000000000e+00,0.000000000000000000e+00,0.000000000000000000e+00,0.000000000000000000e+00,0.000000000000000000e+00,0.000000000000000000e+00,0.000000000000000000e+00,0.000000000000000000e+00,0.000000000000000000e+00,0.000000000000000000e+00,0.000000000000000000e+00,0.000000000000000000e+00,0.000000000000000000e+00,0.000000000000000000e+00,0.000000000000000000e+00,0.000000000000000000e+00,0.000000000000000000e+00,0.000000000000000000e+00,0.000000000000000000e+00,0.000000000000000000e+00,0.000000000000000000e+00,0.000000000000000000e+00,0.000000000000000000e+00,0.000000000000000000e+00,0.000000000000000000e+00,0.000000000000000000e+00,0.000000000000000000e+00,0.000000000000000000e+00,0.000000000000000000e+00,0.000000000000000000e+00,0.000000000000000000e+00,1.000000000000000000e+00,-2.501135703200014701e-02,-3.405872981232758133e-03,3.697076618248718027e-01,-2.943650052413212537e-01,-3.165909105385567024e-01,5.645095818405765353e-01,3.886166486868285475e-01,-2.909632525901598155e-01,4.147695483454586635e-02,-3.198805027883567798e-01,1.225509943421832226e-01,6.533105611031465865e-02,2.932364345760005153e-01,3.022884404798595326e-01,-1.651408874964720164e-01,4.667799486172495849e-01,-8.050932466401194976e-02,2.018911152929918906e-01,-1.891764462053470153e-01,3.229650026139994634e-01,8.343340981800312361e-02,3.173750817565599430e-02,1.012596558224324039e-01,2.791598508522747379e-01,1.828943332703545643e-01,-1.474370061394909004e-01,3.868727368502737907e-01,1.940194837075234213e-01,-1.767271125158902390e-01,2.542657073192695072e-01,3.281025802667486557e-01,7.315761630401018678e-02,-3.524859463727005315e-01,9.215323170287019472e-02,4.895241728555388971e-01,2.121973166490135343e-01,2.744011416518801760e-01,2.426058793622166698e-01,2.022158846739567084e-01,5.489470610291308228e-01,4.224474759512787947e-01,5.189354839845324724e-02,5.703790389537015670e-01,3.846702833293605406e-01,-3.773691334687831467e-01,-1.453949164437997876e-01,4.467356052662606047e-01,6.363441887590531865e-01,-1.067771659773489729e-01,5.787009626836760179e-02,1.872338924943799943e-01,3.872592370526637962e-01,2.140581010078032864e-01,-1.126201786572367664e-01,-3.886430530176281095e-02,-4.063461314264893431e-01,1.951569773634041771e-01,6.297925570559072261e-02,3.757339300016193651e-01,-4.610802996576606749e-01,3.080193303018291529e-01,-2.434439572417668729e-01,-4.880091413546400192e-02,4.463009223058843622e-01
0.000000000000000000e+00,0.000000000000000000e+00,0.000000000000000000e+00,0.000000000000000000e+00,0.000000000000000000e+00,0.000000000000000000e+00,0.000000000000000000e+00,0.000000000000000000e+00,0.000000000000000000e+00,0.000000000000000000e+00,0.000000000000000000e+00,0.000000000000000000e+00,0.000000000000000000e+00,0.000000000000000000e+00,0.000000000000000000e+00,0.000000000000000000e+00,0.000000000000000000e+00,0.000000000000000000e+00,0.000000000000000000e+00,0.000000000000000000e+00,0.000000000000000000e+00,0.000000000000000000e+00,0.000000000000000000e+00,0.000000000000000000e+00,0.000000000000000000e+00,0.000000000000000000e+00,0.000000000000000000e+00,0.000000000000000000e+00,0.000000000000000000e+00,0.000000000000000000e+00,0.000000000000000000e+00,0.000000000000000000e+00,0.000000000000000000e+00,0.000000000000000000e+00,0.000000000000000000e+00,0.000000000000000000e+00,1.000000000000000000e+00,1.364692562119672048e-01,-2.872034006206822254e-01,1.912885287796925182e-01,1.028628022367986949e-01,-3.109892080118335095e-02,3.228550592978289280e-01,1.562237661437982927e-01,1.684855564421097185e-01,2.707436791901125517e-01,-3.302812121212170271e-01,2.991182895246169982e-01,-1.462768782422978475e-01,-8.536097891666790186e-03,1.372319054017055173e-01,4.079326378441518880e-02,-1.659690928203830518e-01,2.772978485683757488e-01,3.466381744777704554e-01,1.975860178403822109e-01,-2.240327778901161360e-01,-1.393161731560877137e-01,-1.791627180177548240e-01,8.900757656134673790e-02,-2.482507292161604262e-01,2.588540910864029487e-01,-1.749208290297360191e-01,-2.264509237011523568e-01,4.129118679076516085e-01,8.473722172201125780e-02,1.312737898028863981e-01,1.784805439989739452e-04,1.456147342191989325e-01,2.022088029238489348e-01,-2.401834960618346726e-01,2.195229667307960209e-01,9.603310340900751696e-02,1.513645441650250667e-01,3.038443846301179252e-01,7.341316487071512797e-02,-4.262189380538127653e-02,4.512452473853849344e-02,-4.807509985546152415e-02,1.263115854244055702e-01,2.700073251687117870e-01,-3.403458493717669703e-02,-4.379061624921589541e-02,-3.845989554417568734e-01,-1.634107913245232413e-01,-1.440581147504139958e-01,-1.534885324158110353e-01,-1.998066197658489307e-01,1.543893711220854503e-01,9.555699602572884088e-02,-4.493050487588096664e-01,-9.121545371816708325e-02,-9.347892794123290050e-02,9.478772321507739074e-02,-1.810754364019919183e-01,1.314280942090538529e-01,-1.976267661045668367e-01,1.679043019347815080e-01,6.319982073328996551e-03,-2.376325725107981124e-01
0.000000000000000000e+00,0.000000000000000000e+00,0.000000000000000000e+00,0.000000000000000000e+00,0.000000000000000000e+00,0.000000000000000000e+00,0.000000000000000000e+00,0.000000000000000000e+00,0.000000000000000000e+00,0.000000000000000000e+00,0.000000000000000000e+00,0.000000000000000000e+00,0.000000000000000000e+00,0.000000000000000000e+00,0.000000000000000000e+00,0.000000000000000000e+00,0.000000000000000000e+00,0.000000000000000000e+00,0.000000000000000000e+00,0.000000000000000000e+00,0.000000000000000000e+00,0.000000000000000000e+00,0.000000000000000000e+00,0.000000000000000000e+00,0.000000000000000000e+00,0.000000000000000000e+00,0.000000000000000000e+00,0.000000000000000000e+00,0.000000000000000000e+00,0.000000000000000000e+00,0.000000000000000000e+00,0.000000000000000000e+00,0.000000000000000000e+00,0.000000000000000000e+00,0.000000000000000000e+00,0.000000000000000000e+00,0.000000000000000000e+00,1.000000000000000000e+00,1.636236074226579129e-01,6.068565223283573645e-02,-2.062562689377249181e-01,4.002949332431212093e-01,6.334956671164078401e-02,1.830324947378657863e-01,4.392896908726462990e-01,2.926708991829924944e-01,2.658407786839908638e-02,-3.260185424216217875e-02,1.670280581274669052e-02,2.910349808610516176e-01,9.944910633520948062e-02,6.475941253483336046e-02,4.721277168462286178e-01,-2.335482277347812885e-01,2.283380139413924148e-01,1.549187512798114175e-01,3.876491733884324109e-01,2.855835355351329929e-01,-5.864019260123205096e-02,5.432351551063953343e-02,7.073698900836125625e-02,4.084685738428751045e-01,8.481669775520077684e-03,-1.881520740735605213e-01,1.601985206627342950e-01,1.793149145847901249e-01,-1.408141934887646440e-01,-4.502234697103741495e-02,1.430083389429471497e-01,2.046442687126451554e-01,-5.538936383204795533e-02,3.162723153558971712e-01,-1.213255229161710113e-03,1.260574207638299749e-01,-3.805737036250859684e-01,-2.633688600013953662e-01,3.650151030364833238e-01,6.184337592124845850e-02,-8.546305543613011424e-02,-8.281935936207339422e-02,-2.778262906636514984e-01,9.063648476007130084e-02,9.581216833446283554e-02,-3.015945301066408346e-01,4.119080418118688525e-01,3.356252812603219976e-02,-2.023872179127067794e-01,-2.106241543488227286e-01,1.123454819507730962e-01,4.434565505055917262e-02,-1.039094322668672882e-01,-6.429390024595953157e-02,2.010361582734445651e-01,3.358663141997548229e-01,-5.688085082640975676e-02,2.787228456225697773e-02,-1.670259782695171225e-01,-3.982136002511887374e-01,6.133721915888600273e-01,1.040598727125669615e-01
0.000000000000000000e+00,0.000000000000000000e+00,0.000000000000000000e+00,0.000000000000000000e+00,0.000000000000000000e+00,0.000000000000000000e+00,0.000000000000000000e+00,0.000000000000000000e+00,0.000000000000000000e+00,0.000000000000000000e+00,0.000000000000000000e+00,0.000000000000000000e+00,0.000000000000000000e+00,0.000000000000000000e+00,0.000000000000000000e+00,0.000000000000000000e+00,0.000000000000000000e+00,0.000000000000000000e+00,0.000000000000000000e+00,0.000000000000000000e+00,0.000000000000000000e+00,0.000000000000000000e+00,0.000000000000000000e+00,0.000000000000000000e+00,0.000000000000000000e+00,0.000000000000000000e+00,0.000000000000000000e+00,0.000000000000000000e+00,0.000000000000000000e+00,0.000000000000000000e+00,0.000000000000000000e+00,0.000000000000000000e+00,0.000000000000000000e+00,0.000000000000000000e+00,0.000000000000000000e+00,0.000000000000000000e+00,0.000000000000000000e+00,0.000000000000000000e+00,1.000000000000000000e+00,-4.823888547781994274e-01,-3.222402561588692538e-01,6.006798219527516025e-01,3.615134775651736992e-02,-3.464682731924299541e-01,3.386211044478486254e-02,-3.198921107576487843e-01,4.571451348650876212e-01,-5.600293764833319532e-01,5.001727042960002478e-01,4.049784678304568786e-01,-2.138682199113502991e-01,1.707809713641458005e-01,2.179690400471937239e-01,-2.547629309588648194e-01,-3.475079531993156001e-01,1.414491441504066027e-01,4.489664091808610036e-01,1.622065938109630845e-01,4.270305405240665819e-01,9.154755970139817969e-03,5.046982650121839553e-01,-2.832497051259849075e-01,6.379967643380173303e-01,5.222310457406645900e-01,-5.320057567919412866e-01,2.939282345605144231e-01,1.125094607341014033e-02,2.113092673735989524e-01,-4.517119198386582712e-01,-5.068588812929795701e-04,3.824180925802874720e-01,5.089593718515230680e-01,2.052189338080916414e-01,2.477999004707253927e-01,-1.679705855418716642e-01,5.126115855601587334e-01,5.307963254117409324e-01,-4.332311268601112264e-01,5.225260949971529678e-01,2.548130411915242033e-01,-7.106866581071030753e-01,8.307797257152860215e-02,6.630108434572105081e-01,8.860421148315347217e-01,5.453932188113543855e-01,3.453512468161076820e-02,2.571294889248161852e-01,6.023486386940501980e-01,9.797239646917821343e-02,3.788713281649678383e-02,4.555856070686334913e-01,-2.103300205604376888e-02,7.366796096836181196e-01,3.220393435073697908e-01,1.005430897917218569e-01,-1.016969924851899715e-01,1.913458004678010582e-01,-1.452667200332053987e-01,3.809901698522320523e-01,6.625073472800266927e-01
0.000000000000000000e+00,0.000000000000000000e+00,0.000000000000000000e+00,0.000000000000000000e+00,0.000000000000000000e+00,0.000000000000000000e+00,0.000000000000000000e+00,0.000000000000000000e+00,0.000000000000000000e+00,0.000000000000000000e+00,0.000000000000000000e+00,0.000000000000000000e+00,0.000000000000000000e+00,0.000000000000000000e+00,0.000000000000000000e+00,0.000000000000000000e+00,0.000000000000000000e+00,0.000000000000000000e+00,0.000000000000000000e+00,0.000000000000000000e+00,0.000000000000000000e+00,0.000000000000000000e+00,0.000000000000000000e+00,0.000000000000000000e+00,0.000000000000000000e+00,0.000000000000000000e+00,0.000000000000000000e+00,0.000000000000000000e+00,0.000000000000000000e+00,0.000000000000000000e+00,0.000000000000000000e+00,0.000000000000000000e+00,0.000000000000000000e+00,0.000000000000000000e+00,0.000000000000000000e+00,0.000000000000000000e+00,0.000000000000000000e+00,0.000000000000000000e+00,0.000000000000000000e+00,1.000000000000000000e+00,5.964383963493093965e-01,-1.645936506295783142e-01,1.020950545493435058e-01,6.995614217407304380e-01,2.965552005442264605e-01,4.480945836380248459e-01,-4.372530939316631171e-01,6.332239106520205496e-01,-2.835459275974363050e-02,-2.370986766177505256e-01,6.340284182139667157e-01,2.443141027083884365e-01,-8.006512776384326971e-03,3.820506057377560105e-01,4.163065379270153854e-01,-2.031229811933785712e-01,4.163062709245418658e-02,5.403565380736309320e-01,-5.412509811430089579e-01,-2.368690302763406808e-01,-3.166207933496791305e-01,6.020163031271117404e-01,-8.345182915261603052e-01,-3.926354612268269650e-01,3.653141619543931462e-01,-5.328920905712634243e-02,-5.432099107524747394e-02,7.532657432031773792e-02,8.665632130132646660e-01,5.770079844021908100e-01,-2.849916482853077637e-01,1.241040086661865383e-01,-1.620333029893125665e-02,-2.395548723595946998e-03,6.673561004535365215e-02,-4.942500052982591874e-01,-5.992419138064769557e-01,2.820817513948117305e-01,-3.497017748870794307e-01,-5.800109560312733947e-01,2.008610472197868979e-01,-1.179874187085725723e-01,-1.371838323892219658e-01,-1.000000000000000000e+00,-5.566308799302718269e-01,1.884383165841295449e-01,1.826732499951564392e-01,-7.404170348745666708e-01,2.724373160885315559e-01,1.752967132604810185e-01,-5.398066179837672784e-01,3.014601596480579772e-03,-5.527654929242112880e-01,-1.782805655700410441e-02,-2.077182036564631240e-01,1.489015500500094104e-02,-4.138986963231291449e-01,1.675096514180522134e-01,2.330196130010143973e-02,-8.486868250635032362e-01
0.000000000000000000e+00,0.000000000000000000e+00,0.000000000000000000e+00,0.000000000000000000e+00,0.000000000000000000e+00,0.000000000000000000e+00,0.000000000000000000e+00,0.000000000000000000e+00,0.000000000000000000e+00,0.000000000000000000e+00,0.000000000000000000e+00,0.000000000000000000e+00,0.000000000000000000e+00,0.000000000000000000e+00,0.000000000000000000e+00,0.000000000000000000e+00,0.000000000000000000e+00,0.000000000000000000e+00,0.000000000000000000e+00,0.000000000000000000e+00,0.000000000000000000e+00,0.000000000000000000e+00,0.000000000000000000e+00,0.000000000000000000e+00,0.000000000000000000e+00,0.000000000000000000e+00,0.000000000000000000e+00,0.000000000000000000e+00,0.000000000000000000e+00,0.000000000000000000e+00,0.000000000000000000e+00,0.000000000000000000e+00,0.000000000000000000e+00,0.000000000000000000e+00,0.000000000000000000e+00,0.000000000000000000e+00,0.000000000000000000e+00,0.000000000000000000e+00,0.000000000000000000e+00,0.000000000000000000e+00,1.000000000000000000e+00,-2.633167593480915114e-01,-3.662568643042170280e-02,4.215407753453477291e-01,8.916185964623216109e-02,2.158838813221737318e-01,-1.145841497708234569e-02,7.443392631390757797e-02,2.884851150404423303e-01,-5.135915795642291212e-03,2.935934232994782955e-01,-1.615476967189676261e-01,-4.771012091329470545e-02,-5.732547613836470185e-02,2.717463505139408944e-02,-1.589178053269338087e-01,-5.593318672512895273e-02,3.283610454682474589e-01,-2.389149062023886161e-02,-3.416294193394913137e-01,-2.274957362759121374e-02,2.023185557224643494e-01,-3.944445861190375990e-01,7.590774080434037341e-02,4.874006430522392908e-02,-2.931553897386007454e-03,3.310837012463425100e-01,3.163623966323378389e-02,3.651888686016787067e-01,8.568926750460534314e-02,-1.180601448845268742e-01,3.958519013570098444e-02,-4.217843919937471764e-01,2.927866337616580328e-01,1.272717609977186415e-01,-1.640698846552929649e-02,-6.083176050126587464e-01,-5.785702197253562995e-02,1.052206131182229498e-01,1.053357390775039315e-01,3.221728149556451481e-01,2.243596544629178346e-02,2.346545859340563173e-02,-5.684869245502760515e-01,1.554108949515933336e-03,-9.174867169517954280e-02,6.231984006517155006e-02,-3.883685872204464262e-01,-7.286585777626872207e-02,9.144233659974711909e-03,-3.882834142737167649e-01,3.709309865973728915e-01,-2.163423822441425393e-01,3.508381697567763274e-02,-3.189174532489531533e-01,-8.439197885091170859e-02,-1.119956727013149689e-01,-8.602387463644874110e-02,-7.349862397632069000e-02,-5.681568467987923032e-01
0.000000000000000000e+00,0.000000000000000000e+00,0.000000000000000000e+00,0.000000000000000000e+00,0.000000000000000000e+00,0.000000000000000000e+00,0.000000000000000000e+00,0.000000000000000000e+00,0.000000000000000000e+00,0.000000000000000000e+00,0.000000000000000000e+00,0.000000000000000000e+00,0.000000000000000000e+00,0.000000000000000000e+00,0.000000000000000000e+00,0.000000000000000000e+00,0.000000000000000000e+00,0.000000000000000000e+00,0.000000000000000000e+00,0.000000000000000000e+00,0.000000000000000000e+00,0.000000000000000000e+00,0.000000000000000000e+00,0.000000000000000000e+00,0.000000000000000000e+00,0.000000000000000000e+00,0.000000000000000000e+00,0.000000000000000000e+00,0.000000000000000000e+00,0.000000000000000000e+00,0.000000000000000000e+00,0.000000000000000000e+00,0.000000000000000000e+00,0.000000000000000000e+00,0.000000000000000000e+00,0.000000000000000000e+00,0.000000000000000000e+00,0.000000000000000000e+00,0.000000000000000000e+00,0.000000000000000000e+00,0.000000000000000000e+00,1.000000000000000000e+00,3.592964739027505461e-01,-7.363715330944423619e-03,1.197803968150791404e-01,-1.028314757444817179e-01,1.634809248629842116e-01,9.438453604646661332e-02,1.890797190234414782e-01,2.395950481488530459e-01,-4.476199179827708430e-02,4.274061627341339542e-01,9.221800396940847688e-02,9.928571435891761499e-02,1.112850524020682214e-01,2.471500532997354671e-01,2.928571356393962488e-01,1.964268587266700464e-03,-5.149294360440746787e-02,3.992072623684218002e-01,1.625006625006735483e-01,-2.190001914248505821e-02,2.599535176460867625e-01,1.426301691292385931e-01,3.298060430315281205e-02,2.044574868161923575e-01,1.772448312141944662e-02,4.488963582832664612e-01,-5.875292789694924050e-02,1.809896284000288846e-01,1.997201470752644481e-01,2.894224489024964653e-01,3.593140976901223471e-01,5.964063775344919938e-01,1.549172493786966920e-01,4.068280536441161166e-01,5.075762566104828899e-01,-6.997498391276724128e-02,3.268559685970575113e-01,-1.530664004809041967e-01,-1.414066446249376274e-01,-1.516896674190509886e-01,3.566712448506462740e-01,2.076529563485926544e-01,9.843873796859731184e-02,1.002290096246027801e-01,1.790024292823568786e-01,-4.734537328175631582e-02,5.937732467473403469e-02,3.210055312409343387e-01,-5.763260484351096641e-02,-2.052271707377397447e-01,4.453939188609433164e-01,2.970864581894888112e-01,3.557683239439831668e-01,-2.451571592990210713e-01,3.321261806791277194e-02,-3.495477991607226498e-02,2.667652890454779158e-01,3.340715436805097860e-01
0.000000000000000000e+00,0.000000000000000000e+00,0.000000000000000000e+00,0.000000000000000000e+00,0.000000000000000000e+00,0.000000000000000000e+00,0.000000000000000000e+00,0.000000000000000000e+00,0.000000000000000000e+00,0.000000000000000000e+00,0.000000000000000000e+00,0.000000000000000000e+00,0.000000000000000000e+00,0.000000000000000000e+00,0.000000000000000000e+00,0.000000000000000000e+00,0.000000000000000000e+00,0.000000000000000000e+00,0.000000000000000000e+00,0.000000000000000000e+00,0.000000000000000000e+00,0.000000000000000000e+00,0.000000000000000000e+00,0.000000000000000000e+00,0.000000000000000000e+00,0.000000000000000000e+00,0.000000000000000000e+00,0.000000000000000000e+00,0.000000000000000000e+00,0.000000000000000000e+00,0.000000000000000000e+00,0.000000000000000000e+00,0.000000000000000000e+00,0.000000000000000000e+00,0.000000000000000000e+00,0.000000000000000000e+00,0.000000000000000000e+00,0.000000000000000000e+00,0.000000000000000000e+00,0.000000000000000000e+00,0.000000000000000000e+00,0.000000000000000000e+00,1.000000000000000000e+00,4.960401444212898803e-02,2.870095325824991161e-01,-8.339556174173695657e-02,-7.431917540621064966e-02,1.723786296690665576e-01,2.875827853036999962e-02,5.372788841278582778e-02,-1.454085904755118321e-02,3.433356681546465561e-01,-3.065911591788617399e-02,1.382084600430718291e-01,1.052139775772444469e-01,1.421583241787698904e-01,2.123969117567460485e-02,-7.691353166170447619e-02,6.097275112455545834e-03,1.605594723044125594e-01,1.301458981134129833e-01,2.453869551323528686e-02,1.224362762974199881e-01,5.501704136948574325e-02,4.660245753683594366e-02,2.038002843987482271e-01,-4.931879814963707753e-03,6.552348927737997042e-02,-2.725681299769079288e-02,1.814594712479532523e-01,-1.003631535003698810e-01,1.180130977567183520e-01,2.459952916056639127e-01,1.260443941882699315e-01,1.507174927925397645e-01,9.689923313464517129e-02,1.169739826199359817e-01,1.505795244865192895e-01,1.222765096356101117e-01,1.484888773358620795e-01,2.059450562600856696e-02,-3.064203021499982138e-01,-1.299420144001872945e-01,-2.103309123903707514e-02,-2.298257451822291741e-01,-3.405870714590514270e-02,1.258741408994301994e-02,-9.250450020397306405e-02,-9.637163829022797612e-02,3.663918563651249322e-02,-7.982221575419425064e-02,-5.842762318306318065e-02,3.907136306633231942e-02,8.074878997893521204e-02,1.969387576730387557e-01,-2.827145892631557356e-01,4.585890929865998195e-02,-1.745459590480269441e-02,2.911235116459001682e-02,1.677784458145209767e-01
0.000000000000000000e+00,0.000000000000000000e+00,0.000000000000000000e+00,0.000000000000000000e+00,0.000000000000000000e+00,0.000000000000000000e+00,0.000000000000000000e+00,0.000000000000000000e+00,0.000000000000000000e+00,0.000000000000000000e+00,0.000000000000000000e+00,0.000000000000000000e+00,0.000000000000000000e+00,0.000000000000000000e+00,0.000000000000000000e+00,0.000000000000000000e+00,0.000000000000000000e+00,0.000000000000000000e+00,0.000000000000000000e+00,0.000000000000000000e+00,0.000000000000000000e+00,0.000000000000000000e+00,0.000000000000000000e+00,0.000000000000000000e+00,0.000000000000000000e+00,0.000000000000000000e+00,0.000000000000000000e+00,0.000000000000000000e+00,0.000000000000000000e+00,0.000000000000000000e+00,0.000000000000000000e+00,0.000000000000000000e+00,0.000000000000000000e+00,0.000000000000000000e+00,0.000000000000000000e+00,0.000000000000000000e+00,0.000000000000000000e+00,0.000000000000000000e+00,0.000000000000000000e+00,0.000000000000000000e+00,0.000000000000000000e+00,0.000000000000000000e+00,0.000000000000000000e+00,1.000000000000000000e+00,2.271245038589370657e-01,4.193218994825906321e-01,1.291153096130120970e-01,2.873203142936706644e-01,-3.837981494586415084e-03,9.187850451274251484e-02,4.232996286592646262e-01,3.974630470743782673e-02,2.617869706896628901e-01,1.030674146634060900e-01,2.329441161389324833e-01,-1.006284420221814288e-02,-1.531789839869044864e-02,3.366142997824816963e-01,-5.548273374554989201e-02,-4.864357988273839209e-04,-1.120149406446740437e-01,3.950763096613086334e-01,-1.993550081747763048e-01,-2.748066409487159301e-01,1.440792832590535311e-01,-1.173650408314664273e-01,-9.926851520059801204e-03,2.405328814704894569e-01,3.598178816063877794e-01,8.511219519443413706e-02,-2.985798437364256888e-02,2.409246373732832902e-01,-1.406164890496734710e-01,1.069139033087966595e-01,-1.637436064173134476e-01,-3.664838259720559765e-01,-4.441178552181144212e-01,1.256395325587962575e-01,9.343395664458194194e-02,-3.596342975341522141e-01,8.562420109973437055e-02,1.122053000246341255e-02,-5.646252572960100413e-02,-5.572870413666809464e-01,1.160037727648013800e-01,1.744734825142955637e-01,1.655064102337466259e-01,-6.505880471596496573e-02,1.263342422592342029e-01,1.900827326798888439e-01,-1.226670503431183251e-01,6.687427749474994521e-02,-2.247935143739740460e-01,1.336530862181712076e-01,-3.985530913762456717e-01,3.463803483174833497e-02,-3.603640883762126434e-01,1.608540925477054684e-01,3.142080695938068158e-02,-2.336494585427320581e-01
0.000000000000000000e+00,0.000000000000000000e+00,0.000000000000000000e+00,0.000000000000000000e+00,0.000000000000000000e+00,0.000000000000000000e+00,0.000000000000000000e+00,0.000000000000000000e+00,0.000000000000000000e+00,0.000000000000000000e+00,0.000000000000000000e+00,0.000000000000000000e+00,0.000000000000000000e+00,0.000000000000000000e+00,0.000000000000000000e+00,0.000000000000000000e+00,0.000000000000000000e+00,0.000000000000000000e+00,0.000000000000000000e+00,0.000000000000000000e+00,0.000000000000000000e+00,0.000000000000000000e+00,0.000000000000000000e+00,0.000000000000000000e+00,0.000000000000000000e+00,0.000000000000000000e+00,0.000000000000000000e+00,0.000000000000000000e+00,0.000000000000000000e+00,0.000000000000000000e+00,0.000000000000000000e+00,0.000000000000000000e+00,0.000000000000000000e+00,0.000000000000000000e+00,0.000000000000000000e+00,0.000000000000000000e+00,0.000000000000000000e+00,0.000000000000000000e+00,0.000000000000000000e+00,0.000000000000000000e+00,0.000000000000000000e+00,0.000000000000000000e+00,0.000000000000000000e+00,0.000000000000000000e+00,1.000000000000000000e+00,-7.732592726971684871e-02,-7.476098501883786385e-02,1.263170806954509451e-01,1.598081824526143002e-01,1.108999851586612850e-01,2.062095616645725216e-01,1.314742617088407728e-01,7.005439689755764421e-02,-8.653579851772932874e-02,5.105353002580772376e-02,-1.515766094943513664e-01,1.860712583601989989e-01,5.065857746621389435e-01,4.731756082099260879e-02,-1.441895991123992929e-02,2.319979779825434574e-01,3.253476690653230308e-01,-3.859816390319033980e-02,-1.425749163295677961e-02,1.378541996856984531e-01,2.617705898254576447e-01,-1.852466432368148064e-01,-9.511254235708072047e-02,2.005090508331895394e-01,-3.820380987454180532e-02,-1.661077048069027895e-01,1.491657558084282242e-01,8.681769694391422432e-02,4.277087989174334186e-03,8.397112496283447303e-02,9.882863924269072453e-02,2.511098861144379635e-01,-3.260732452499305600e-02,1.467633494739126188e-01,2.127436404148508320e-01,2.874880672115018299e-02,-2.919982599613104024e-01,-3.151661221206609187e-01,-2.614170039001436630e-01,-5.654315921149619811e-02,-2.761670195032752198e-02,-1.697151232648785590e-01,-1.241340278392794177e-01,8.847704506965294036e-03,1.762464707241822442e-02,-2.340284720239149407e-01,-1.056082592783442048e-01,-4.996404904657674589e-02,1.645578277200136948e-03,2.937393183659590679e-01,-3.921038175532917114e-01,-2.989607820022697690e-02,-1.142425709266019079e-01,3.245612593257652945e-01,1.001376447434056682e-01
0.000000000000000000e+00,0.000000000000000000e+00,0.000000000000000000e+00,0.000000000000000000e+00,0.000000000000000000e+00,0.000000000000000000e+00,0.000000000000000000e+00,0.000000000000000000e+00,0.000000000000000000e+00,0.000000000000000000e+00,0.000000000000000000e+00,0.000000000000000000e+00,0.000000000000000000e+00,0.000000000000000000e+00,0.000000000000000000e+00,0.000000000000000000e+00,0.000000000000000000e+00,0.000000000000000000e+00,0.000000000000000000e+00,0.000000000000000000e+00,0.000000000000000000e+00,0.000000000000000000e+00,0.000000000000000000e+00,0.000000000000000000e+00,0.000000000000000000e+00,0.000000000000000000e+00,0.000000000000000000e+00,0.000000000000000000e+00,0.000000000000000000e+00,0.000000000000000000e+00,0.000000000000000000e+00,0.000000000000000000e+00,0.000000000000000000e+00,0.000000000000000000e+00,0.000000000000000000e+00,0.000000000000000000e+00,0.000000000000000000e+00,0.000000000000000000e+00,0.000000000000000000e+00,0.000000000000000000e+00,0.000000000000000000e+00,0.000000000000000000e+00,0.000000000000000000e+00,0.000000000000000000e+00,0.000000000000000000e+00,1.000000000000000000e+00,3.251858262206339112e-02,-1.506087896790232750e-01,-2.147633366994745885e-01,-5.566447024912500596e-02,5.650927312468232572e-02,-1.099473960267916689e-01,1.851850753741693112e-01,1.713774317199928954e-01,2.451870588124206440e-01,6.746894672534653470e-02,-9.562688806306068878e-02,-4.744609860539578811e-02,-6.964544480453312147e-02,-1.457247390625306671e-01,-2.730425005177523068e-01,6.317487239781548192e-02,-2.103141141340297837e-01,-1.081954828858277540e-01,-8.523557849214286053e-02,-1.721566065670222245e-01,7.984440708292925293e-02,-4.917722153304637106e-02,2.676707454400778508e-01,1.606591041891875793e-01,7.965948331623809442e-02,2.768790054902636744e-01,-4.017023886130360877e-01,-2.711441570224282921e-02,-1.881546340627001657e-01,-3.279025833780880861e-01,-3.445186655739593817e-01,-4.131467428690614729e-02,3.798715303847012559e-02,-3.213976400237901765e-01,9.986994907294122203e-02,2.522428896740674387e-01,2.025576482960440849e-01,-4.248822675519289271e-01,1.637598082545135003e-01,-1.828148882531690222e-01,3.540250855838220773e-02,-3.223446049852594641e-01,3.527533592836490373e-02,-7.272139105285367611e-02,6.372985918571423547e-02,1.217356012519764941e-01,-4.012504313441737913e-02,6.876555132872669285e-02,-5.657344147190315198e-01,4.217398062349775878e-01,-3.096901585604551199e-01,2.898766891259249578e-01,2.834533486880783659e-01,-1.079586759167967397e-01
0.000000000000000000e+00,0.000000000000000000e+00,0.000000000000000000e+00,0.000000000000000000e+00,0.000000000000000000e+00,0.000000000000000000e+00,0.000000000000000000e+00,0.000000000000000000e+00,0.000000000000000000e+00,0.000000000000000000e+00,0.000000000000000000e+00,0.000000000000000000e+00,0.000000000000000000e+00,0.000000000000000000e+00,0.000000000000000000e+00,0.000000000000000000e+00,0.000000000000000000e+00,0.000000000000000000e+00,0.000000000000000000e+00,0.000000000000000000e+00,0.000000000000000000e+00,0.000000000000000000e+00,0.000000000000000000e+00,0.000000000000000000e+00,0.000000000000000000e+00,0.000000000000000000e+00,0.000000000000000000e+00,0.000000000000000000e+00,0.000000000000000000e+00,0.000000000000000000e+00,0.000000000000000000e+00,0.000000000000000000e+00,0.000000000000000000e+00,0.000000000000000000e+00,0.000000000000000000e+00,0.000000000000000000e+00,0.000000000000000000e+00,0.000000000000000000e+00,0.000000000000000000e+00,0.000000000000000000e+00,0.000000000000000000e+00,0.000000000000000000e+00,0.000000000000000000e+00,0.000000000000000000e+00,0.000000000000000000e+00,0.000000000000000000e+00,1.000000000000000000e+00,-1.771897032927692850e-01,1.358870131639837997e-01,1.891594464321337543e-01,-5.459736146703947357e-02,-6.924252592851735943e-02,1.500776123252051675e-01,-6.854677410798262760e-02,-8.529222607266996603e-02,-7.603581463843132882e-02,7.164175845342860005e-04,1.116021792165496629e-01,2.502508156731863553e-01,9.459796345503641846e-02,2.534755371772265953e-01,4.322426817536752924e-02,1.034629799329311317e-01,1.438432421675583106e-01,-1.039550967163242468e-01,-8.456096475786221978e-02,4.208892126018991264e-02,1.265143522637528772e-01,-1.224030387902935030e-01,-1.764529495371535417e-01,5.727092104935629924e-02,6.195473319851651367e-02,-4.374812292695785636e-03,1.225839926145275705e-01,-1.335040268697737231e-01,2.203331446309212405e-01,3.165875881252910168e-02,-2.181109469912300980e-01,4.447280647848339541e-02,6.703925329704243929e-02,-1.122859404490220495e-02,-3.546006456034755949e-02,-1.118632651652053979e-02,2.160727295093181066e-01,3.453136627459909569e-01,3.517775760456061662e-01,2.931945414525451987e-01,1.339766766641827499e-02,9.242593086349512599e-02,-2.245319065489410348e-01,2.945759450196320794e-01,-1.668529275138865009e-01,2.583691353297258853e-01,5.427403660878636453e-03,1.333111137846073324e-01,-2.362858687358071301e-03,6.930681282810659261e-02,3.808857656295776273e-02,2.750518426493901436e-01,2.559626631909789340e-01
0.000000000000000000e+00,0.000000000000000000e+00,0.000000000000000000e+00,0.000000000000000000e+00,0.000000000000000000e+00,0.000000000000000000e+00,0.000000000000000000e+00,0.000000000000000000e+00,0.000000000000000000e+00,0.000000000000000000e+00,0.000000000000000000e+00,0.000000000000000000e+00,0.000000000000000000e+00,0.000000000000000000e+00,0.000000000000000000e+00,0.000000000000000000e+00,0.000000000000000000e+00,0.000000000000000000e+00,0.000000000000000000e+00,0.000000000000000000e+00,0.000000000000000000e+00,0.000000000000000000e+00,0.000000000000000000e+00,0.000000000000000000e+00,0.000000000000000000e+00,0.000000000000000000e+00,0.000000000000000000e+00,0.000000000000000000e+00,0.000000000000000000e+00,0.000000000000000000e+00,0.000000000000000000e+00,0.000000000000000000e+00,0.000000000000000000e+00,0.000000000000000000e+00,0.000000000000000000e+00,0.000000000000000000e+00,0.000000000000000000e+00,0.000000000000000000e+00,0.000000000000000000e+00,0.000000000000000000e+00,0.000000000000000000e+00,0.000000000000000000e+00,0.000000000000000000e+00,0.000000000000000000e+00,0.000000000000000000e+00,0.000000000000000000e+00,0.000000000000000000e+00,1.000000000000000000e+00,-8.489721372853731296e-02,-5.746704980641356014e-02,2.514925365186262973e-01,2.325264993133402125e-01,-2.040580708936182153e-01,2.487234846977408320e-01,2.478703871848363383e-01,-5.902846138116943364e-02,-1.417262897534294630e-01,-1.523078339349698794e-02,-3.274438896293910828e-01,3.245089849780676272e-01,-2.073398023877528751e-01,2.682020072861384108e-01,-1.874329692714476192e-01,-1.722887924406654447e-01,3.650882935350564518e-01,7.116311345652562292e-02,-5.009848170867704092e-02,2.771000415485383450e-01,1.363662689703350750e-01,1.565839125959715694e-01,-2.752286633297791330e-01,2.580272686693868209e-02,3.521226158608908308e-01,1.205302738957978043e-01,2.525756839481703153e-01,-3.035119030722290695e-02,1.766712695152823920e-01,4.687940890489225576e-01,3.133203439688457548e-02,-1.157781528508555757e-01,2.717232751414392911e-01,-3.341614032399333745e-01,-1.148900838926923684e-01,-3.711472586582977295e-01,-5.934430440406801566e-01,1.755311801344681122e-01,-1.268410838937544804e-01,-6.754223673308643039e-02,1.112119616338259065e-01,3.100350864709249255e-01,-3.860186619691691190e-01,-1.950094083333112904e-01,-8.710940246670600962e-02,-6.780071142531350625e-02,1.456142801375315543e-01,-1.707635265806262959e-01,1.039333470215359628e-01,1.690683039906640539e-01,-8.202611268889960228e-02,-2.737007464119049494e-01
0.000000000000000000e+00,0.000000000000000000e+00,0.000000000000000000e+00,0.000000000000000000e+00,0.000000000000000000e+00,0.000000000000000000e+00,0.000000000000000000e+00,0.000000000000000000e+00,0.000000000000000000e+00,0.000000000000000000e+00,0.000000000000000000e+00,0.000000000000000000e+00,0.000000000000000000e+00,0.000000000000000000e+00,0.000000000000000000e+00,0.000000000000000000e+00,0.000000000000000000e+00,0.000000000000000000e+00,0.000000000000000000e+00,0.000000000000000000e+00,0.000000000000000000e+00,0.000000000000000000e+00,0.000000000000000000e+00,0.000000000000000000e+00,0.000000000000000000e+00,0.000000000000000000e+00,0.000000000000000000e+00,0.000000000000000000e+00,0.000000000000000000e+00,0.000000000000000000e+00,0.000000000000000000e+00,0.000000000000000000e+00,0.000000000000000000e+00,0.000000000000000000e+00,0.000000000000000000e+00,0.000000000000000000e+00,0.000000000000000000e+00,0.000000000000000000e+00,0.000000000000000000e+00,0.000000000000000000e+00,0.000000000000000000e+00,0.000000000000000000e+00,0.000000000000000000e+00,0.000000000000000000e+00,0.000000000000000000e+00,0.000000000000000000e+00,0.000000000000000000e+00,0.000000000000000000e+00,1.000000000000000000e+00,-1.044519002207616211e-02,2.154348534143138982e-01,2.561035915499549898e-01,7.983500797122240755e-02,-7.375787399869225547e-02,-4.509389911342347179e-02,-6.552752603210418303e-02,1.956254203304763628e-01,4.729036626296192342e-02,-1.414377299798430347e-02,-6.437078413259698928e-02,1.435177698782477973e-01,8.233277668170593810e-02,1.528908788099100913e-02,9.977447663816310652e-02,-3.163885700955296155e-04,2.488502137096542388e-01,3.764998549726395610e-02,2.071954750521255995e-01,-1.253686753272634513e-01,6.869953772773887413e-02,2.135877379794416109e-01,5.283332145485379605e-02,7.032340715156761013e-02,3.075347829236595998e-01,5.450486878553989500e-02,3.159728546517256431e-01,4.435431749119567862e-02,-8.762619304678598287e-02,2.097803471716953028e-01,3.629685513634709620e-02,-2.448810552703290511e-01,-9.712677025106024320e-02,2.038705464181175819e-01,2.557423470841780344e-01,-2.433646164455581518e-02,5.472315855440980370e-02,2.113518449219742024e-01,1.975863677481320413e-01,2.190014170509074765e-01,5.162309862206797273e-02,-9.668918119618964691e-02,-2.322244323434893565e-01,2.091074361317749319e-01,1.460395974428484456e-01,4.944273468985482117e-02,-3.687737755808584428e-02,7.114370466168207230e-02,-7.406180549617280562e-02,-2.990150227067590524e-02,2.041302862054827916e-01
0.000000000000000000e+00,0.000000000000000000e+00,0.000000000000000000e+00,0.000000000000000000e+00,0.000000000000000000e+00,0.000000000000000000e+00,0.000000000000000000e+00,0.000000000000000000e+00,0.000000000000000000e+00,0.000000000000000000e+00,0.000000000000000000e+00,0.000000000000000000e+00,0.000000000000000000e+00,0.000000000000000000e+00,0.000000000000000000e+00,0.000000000000000000e+00,0.000000000000000000e+00,0.000000000000000000e+00,0.000000000000000000e+00,0.000000000000000000e+00,0.000000000000000000e+00,0.000000000000000000e+00,0.000000000000000000e+00,0.000000000000000000e+00,0.000000000000000000e+00,0.000000000000000000e+00,0.000000000000000000e+00,0.000000000000000000e+00,0.000000000000000000e+00,0.000000000000000000e+00,0.000000000000000000e+00,0.000000000000000000e+00,0.000000000000000000e+00,0.000000000000000000e+00,0.000000000000000000e+00,0.000000000000000000e+00,0.000000000000000000e+00,0.000000000000000000e+00,0.000000000000000000e+00,0.000000000000000000e+00,0.000000000000000000e+00,0.000000000000000000e+00,0.000000000000000000e+00,0.000000000000000000e+00,0.000000000000000000e+00,0.000000000000000000e+00,0.000000000000000000e+00,0.000000000000000000e+00,0.000000000000000000e+00,1.000000000000000000e+00,-6.258491580514098651e-02,2.289203164896156106e-01,1.487291137977327440e-02,-1.951052912488663305e-01,7.805561341654806973e-02,3.274117319550732819e-01,1.916400808698482394e-01,3.611515114347629285e-01,2.476717702959884970e-01,2.185399457019522318e-01,2.892987165072542499e-01,1.833588867025216229e-01,3.533618108377162281e-01,2.691160841139889626e-01,-2.106586004830920261e-02,9.419535975185695797e-02,1.241385793414111482e-01,2.337917059556438720e-02,7.737614402827426574e-02,7.973108621984215105e-02,2.357686289980327754e-01,5.147934260135055701e-02,2.847165678728456537e-02,2.383947391402164162e-01,-1.585590794377116641e-01,1.394702186302433922e-01,2.641517154365490838e-01,8.797184410833960161e-03,2.921982373410981770e-01,2.943659450402646427e-01,-4.694652192857946132e-02,1.779377337006430443e-02,2.395972187684449473e-01,1.768197295131750668e-01,3.374791182943477907e-01,3.417144032040952961e-02,-3.137339970332008732e-01,1.012811292533718002e-02,1.484008672087848979e-01,-1.783643139682631051e-01,-8.236865826903688736e-02,2.644228698759069629e-01,1.019112813978724635e-01,4.377341830015251123e-01,-9.176605157821669800e-02,-2.550026869462503898e-01,9.056606122715997464e-02,-4.858377252492346310e-02,2.587463687706698101e-01,7.975346561969895443e-02
0.000000000000000000e+00,0.000000000000000000e+00,0.000000000000000000e+00,0.000000000000000000e+00,0.000000000000000000e+00,0.000000000000000000e+00,0.000000000000000000e+00,0.000000000000000000e+00,0.000000000000000000e+00,0.000000000000000000e+00,0.000000000000000000e+00,0.000000000000000000e+00,0.000000000000000000e+00,0.000000000000000000e+00,0.000000000000000000e+00,0.000000000000000000e+00,0.000000000000000000e+00,0.000000000000000000e+00,0.000000000000000000e+00,0.000000000000000000e+00,0.000000000000000000e+00,0.000000000000000000e+00,0.000000000000000000e+00,0.000000000000000000e+00,0.000000000000000000e+00,0.000000000000000000e+00,0.000000000000000000e+00,0.000000000000000000e+00,0.000000000000000000e+00,0.000000000000000000e+00,0.000000000000000000e+00,0.000000000000000000e+00,0.000000000000000000e+00,0.000000000000000000e+00,0.000000000000000000e+00,0.000000000000000000e+00,0.000000000000000000e+00,0.000000000000000000e+00,0.000000000000000000e+00,0.000000000000000000e+00,0.000000000000000000e+00,0.000000000000000000e+00,0.000000000000000000e+00,0.000000000000000000e+00,0.000000000000000000e+00,0.000000000000000000e+00,0.000000000000000000e+00,0.000000000000000000e+00,0.000000000000000000e+00,0.000000000000000000e+00,1.000000000000000000e+00,-2.595396713178146214e-02,2.536437614702027193e-02,-7.137495300777867147e-02,1.015543779761164805e-01,-3.182412506650446060e-01,3.873426430809070314e-02,4.045275821706884045e-01,-3.613825724481855572e-01,-1.507022372688350542e-01,-1.574176603425583298e-01,4.420998703737356039e-01,-3.670519485612154242e-01,-2.424688817325218737e-01,2.820650958324358304e-01,-1.267674321432995244e-01,-9.119031624562974614e-02,9.516268444834413698e-02,2.189292590984883713e-01,-5.738996749778561834e-02,1.715317752954574892e-01,8.587548740310155249e-02,7.253263976447012207e-02,5.520789853863398988e-02,-1.432786153168950916e-01,-2.173818881495444832e-01,-9.792190780664764005e-02,-2.631217859017344340e-02,1.530913420361763311e-01,-9.564721363842647317e-02,-5.516975952525864785e-02,-7.460584366159150882e-02,-1.035129639897421489e-01,-4.732469310698843579e-01,-3.431424307097857285e-01,8.065061443045763723e-02,-1.525713769207770118e-02,2.874668930525947075e-01,2.007772565327994863e-01,1.448198346846065604e-02,-3.866071070045802305e-01,-1.368162046586501590e-01,-1.664999049424363553e-01,-2.834690195755799891e-02,1.225026312692290703e-02,-1.359790738759330542e-01,-1.223801841277820796e-01,-1.078441936512930938e-01,1.024726015000421014e-01,-3.487579085636108300e-01
0.000000000000000000e+00,0.000000000000000000e+00,0.000000000000000000e+00,0.000000000000000000e+00,0.000000000000000000e+00,0.000000000000000000e+00,0.000000000000000000e+00,0.000000000000000000e+00,0.000000000000000000e+00,0.000000000000000000e+00,0.000000000000000000e+00,0.000000000000000000e+00,0.000000000000000000e+00,0.000000000000000000e+00,0.000000000000000000e+00,0.000000000000000000e+00,0.000000000000000000e+00,0.000000000000000000e+00,0.000000000000000000e+00,0.000000000000000000e+00,0.000000000000000000e+00,0.000000000000000000e+00,0.000000000000000000e+00,0.000000000000000000e+00,0.000000000000000000e+00,0.000000000000000000e+00,0.000000000000000000e+00,0.000000000000000000e+00,0.000000000000000000e+00,0.000000000000000000e+00,0.000000000000000000e+00,0.000000000000000000e+00,0.000000000000000000e+00,0.000000000000000000e+00,0.000000000000000000e+00,0.000000000000000000e+00,0.000000000000000000e+00,0.000000000000000000e+00,0.000000000000000000e+00,0.000000000000000000e+00,0.000000000000000000e+00,0.000000000000000000e+00,0.000000000000000000e+00,0.000000000000000000e+00,0.000000000000000000e+00,0.000000000000000000e+00,0.000000000000000000e+00,0.000000000000000000e+00,0.000000000000000000e+00,0.000000000000000000e+00,0.000000000000000000e+00,1.000000000000000000e+00,4.768504841439098751e-02,1.699694770482585437e-01,2.088943294839557263e-01,4.878535843895806523e-02,1.273188639298601932e-01,-3.227046961984088996e-02,-1.051678483617474041e-01,2.574165881702965564e-01,1.594075118980490535e-01,2.052771430360613228e-02,1.420469646584370249e-01,7.329978942886726523e-02,2.546539246051482408e-02,2.086598998530388160e-01,-1.229805501184213501e-01,2.440659307008761769e-01,2.404606730057151642e-02,3.880375552270159956e-01,-1.379664053812141265e-02,3.437304322894381703e-01,3.275214676025766658e-01,6.851650739048063821e-02,2.703114701596181710e-02,5.076052003067873380e-02,1.146686568181894961e-01,1.643639945032397409e-01,9.424302648616554590e-02,-1.359770585515917007e-01,-4.939877175345971927e-02,-1.097911482637091429e-01,2.681732981613237365e-01,2.224430156264340652e-01,-2.148618446908670265e-01,5.388917214974155850e-02,2.171527597688406030e-01,-1.816151258756781850e-01,3.549336470488178019e-01,4.111107433886759810e-02,1.027044226518865171e-02,-3.389123597196387339e-01,1.677495205989994187e-01,1.444185318084775793e-01,-1.270105334843875666e-01,-1.321803457800103943e-01,-3.569283721870243620e-02,2.910957208968527610e-01,-1.177624990301471691e-01,3.310232864119692642e-01
0.000000000000000000e+00,0.000000000000000000e+00,0.000000000000000000e+00,0.000000000000000000e+00,0.000000000000000000e+00,0.000000000000000000e+00,0.000000000000000000e+00,0.000000000000000000e+00,0.000000000000000000e+00,0.000000000000000000e+00,0.000000000000000000e+00,0.000000000000000000e+00,0.000000000000000000e+00,0.000000000000000000e+00,0.000000000000000000e+00,0.000000000000000000e+00,0.000000000000000000e+00,0.000000000000000000e+00,0.000000000000000000e+00,0.000000000000000000e+00,0.000000000000000000e+00,0.000000000000000000e+00,0.000000000000000000e+00,0.000000000000000000e+00,0.000000000000000000e+00,0.000000000000000000e+00,0.000000000000000000e+00,0.000000000000000000e+00,0.000000000000000000e+00,0.000000000000000000e+00,0.000000000000000000e+00,0.000000000000000000e+00,0.000000000000000000e+00,0.000000000000000000e+00,0.000000000000000000e+00,0.000000000000000000e+00,0.000000000000000000e+00,0.000000000000000000e+00,0.000000000000000000e+00,0.000000000000000000e+00,0.000000000000000000e+00,0.000000000000000000e+00,0.000000000000000000e+00,0.000000000000000000e+00,0.000000000000000000e+00,0.000000000000000000e+00,0.000000000000000000e+00,0.000000000000000000e+00,0.000000000000000000e+00,0.000000000000000000e+00,0.000000000000000000e+00,0.000000000000000000e+00,1.000000000000000000e+00,-2.080092418700029699e-01,-5.040359709398253840e-02,1.123967346999511646e-01,2.931619233111774636e-01,1.155104229327274662e-01,1.692541428516748103e-01,-1.240777431791219854e-01,2.293532864792381387e-01,-2.513954627362385841e-02,1.252905837927132116e-01,-7.715681599515522571e-02,-2.927160445694452773e-01,-3.950960273708362808e-02,-4.874866845148635025e-02,1.832259439904141973e-01,3.453601095254864306e-02,4.953915244123744538e-02,-8.472752968300292786e-02,1.696417556107692251e-02,1.842140033714697450e-02,8.122234875824996606e-03,-2.855905609924170863e-01,-3.024472707216547263e-01,-1.196876683875604669e-01,2.368286697450278644e-01,-1.758519429382570110e-01,-6.756404335647687998e-02,-2.123364632972466193e-01,8.891245657046387141e-02,5.654777450424401664e-02,-1.172709707656123257e-01,7.339662404832071607e-02,-5.277342254567391616e-02,2.429730916287630715e-01,1.560284413486510979e-01,1.334072695578251144e-01,-5.262096786959024816e-03,2.940542532246799845e-01,1.267124800105537130e-01,-3.379441680479171317e-02,1.312247811753679272e-01,-1.745090769931866292e-01,-6.709062419583324000e-02,-2.300835993451093298e-01,-6.962049906332169746e-02,-6.269870705402225131e-02,2.331777263927512778e-01
0.000000000000000000e+00,0.000000000000000000e+00,0.000000000000000000e+00,0.000000000000000000e+00,0.000000000000000000e+00,0.000000000000000000e+00,0.000000000000000000e+00,0.000000000000000000e+00,0.000000000000000000e+00,0.000000000000000000e+00,0.000000000000000000e+00,0.000000000000000000e+00,0.000000000000000000e+00,0.000000000000000000e+00,0.000000000000000000e+00,0.000000000000000000e+00,0.000000000000000000e+00,0.000000000000000000e+00,0.000000000000000000e+00,0.000000000000000000e+00,0.000000000000000000e+00,0.000000000000000000e+00,0.000000000000000000e+00,0.000000000000000000e+00,0.000000000000000000e+00,0.000000000000000000e+00,0.000000000000000000e+00,0.000000000000000000e+00,0.000000000000000000e+00,0.000000000000000000e+00,0.000000000000000000e+00,0.000000000000000000e+00,0.000000000000000000e+00,0.000000000000000000e+00,0.000000000000000000e+00,0.000000000000000000e+00,0.000000000000000000e+00,0.000000000000000000e+00,0.000000000000000000e+00,0.000000000000000000e+00,0.000000000000000000e+00,0.000000000000000000e+00,0.000000000000000000e+00,0.000000000000000000e+00,0.000000000000000000e+00,0.000000000000000000e+00,0.000000000000000000e+00,0.000000000000000000e+00,0.000000000000000000e+00,0.000000000000000000e+00,0.000000000000000000e+00,0.000000000000000000e+00,0.000000000000000000e+00,1.000000000000000000e+00,1.583545302592498372e-01,3.870613544808116507e-02,-2.504360699866813311e-01,-1.736518927202862494e-01,-2.232213900330712597e-01,3.024648634596705521e-01,-3.981992607945725182e-02,7.825020023380349632e-02,-6.540220985345149285e-02,-1.946459005058455774e-02,2.372028138055818081e-01,7.757542983670858393e-03,-4.526599082454085821e-02,2.687351324111032502e-01,2.426148981716820183e-02,4.042570827270947631e-01,-6.565640647685477838e-02,4.556584995477835354e-01,1.500735300110834225e-01,1.885221824591428175e-01,6.747904512461891935e-01,3.320476896445824222e-01,-1.117414160507860105e-01,1.293067129834895856e-01,2.206627118023401779e-01,8.433714763393529087e-03,-1.545285084762965458e-02,-3.901001319561383518e-01,1.194540370809737823e-01,-7.818920371942668368e-02,-2.264343618035772887e-01,1.627044617098749937e-02,5.146033256275851508e-01,-2.466876869892740132e-01,1.634774176285161140e-01,4.368668417694852035e-01,-4.199921924867208722e-02,-1.010641206793028435e-01,1.598166456505386857e-01,-3.444643979076203455e-02,2.125469725977249258e-01,4.285988578539434019e-02,-1.449886705121404828e-01,4.395316359123138117e-01,9.231920710303745392e-02,-1.792924233582200155e-01
0.000000000000000000e+00,0.000000000000000000e+00,0.000000000000000000e+00,0.000000000000000000e+00,0.000000000000000000e+00,0.000000000000000000e+00,0.000000000000000000e+00,0.000000000000000000e+00,0.000000000000000000e+00,0.000000000000000000e+00,0.000000000000000000e+00,0.000000000000000000e+00,0.000000000000000000e+00,0.000000000000000000e+00,0.000000000000000000e+00,0.000000000000000000e+00,0.000000000000000000e+00,0.000000000000000000e+00,0.000000000000000000e+00,0.000000000000000000e+00,0.000000000000000000e+00,0.000000000000000000e+00,0.000000000000000000e+00,0.000000000000000000e+00,0.000000000000000000e+00,0.000000000000000000e+00,0.000000000000000000e+00,0.000000000000000000e+00,0.000000000000000000e+00,0.000000000000000000e+00,0.000000000000000000e+00,0.000000000000000000e+00,0.000000000000000000e+00,0.000000000000000000e+00,0.000000000000000000e+00,0.000000000000000000e+00,0.000000000000000000e+00,0.000000000000000000e+00,0.000000000000000000e+00,0.000000000000000000e+00,0.000000000000000000e+00,0.000000000000000000e+00,0.000000000000000000e+00,0.000000000000000000e+00,0.000000000000000000e+00,0.000000000000000000e+00,0.000000000000000000e+00,0.000000000000000000e+00,0.000000000000000000e+00,0.000000000000000000e+00,0.000000000000000000e+00,0.000000000000000000e+00,0.000000000000000000e+00,0.000000000000000000e+00,1.000000000000000000e+00,1.307880236755450121e-01,-7.564041343842345388e-02,-1.646090478433794024e-01,-3.997526766710256529e-01,5.224875835990522299e-01,-9.190984614312010248e-03,4.767234108958594563e-01,-1.759782283905255706e-01,-1.182645658773202046e-01,6.458948807655028324e-01,1.917536797767710743e-01,-2.332229538560820215e-01,4.476587674553193508e-01,3.548518930689688600e-01,2.053858079153401128e-01,-2.993037163488517782e-01,1.680960340865448599e-01,2.560383464113914487e-01,4.098711758844101327e-01,2.989623769816284263e-02,-3.132185564395653099e-01,1.313385640624716855e-01,3.124896530679583950e-01,-2.980306944092039889e-01,-2.450135638420465611e-01,3.574592632881607446e-01,-2.387682975943886121e-01,7.521128774378320336e-02,-4.932802607403277140e-01,-3.518636985741154799e-01,2.296920278787198122e-01,-1.162806217919480495e-01,-5.584309215319738229e-01,1.390818748270417349e-01,1.429325917172845177e-02,-2.147764022248541127e-01,-2.629879342763850603e-01,5.959882917916653478e-02,1.878829728812737299e-01,-1.011148816459966349e-01,1.472113266251377506e-01,-3.926717877128868550e-01,3.177214415626536392e-01,2.981924586980765155e-03,3.256694065418744288e-02
0.000000000000000000e+00,0.000000000000000000e+00,0.000000000000000000e+00,0.000000000000000000e+00,0.000000000000000000e+00,0.000000000000000000e+00,0.000000000000000000e+00,0.000000000000000000e+00,0.000000000000000000e+00,0.000000000000000000e+00,0.000000000000000000e+00,0.000000000000000000e+00,0.000000000000000000e+00,0.000000000000000000e+00,0.000000000000000000e+00,0.000000000000000000e+00,0.000000000000000000e+00,0.000000000000000000e+00,0.000000000000000000e+00,0.000000000000000000e+00,0.000000000000000000e+00,0.000000000000000000e+00,0.000000000000000000e+00,0.000000000000000000e+00,0.000000000000000000e+00,0.000000000000000000e+00,0.000000000000000000e+00,0.000000000000000000e+00,0.000000000000000000e+00,0.000000000000000000e+00,0.000000000000000000e+00,0.000000000000000000e+00,0.000000000000000000e+00,0.000000000000000000e+00,0.000000000000000000e+00,0.000000000000000000e+00,0.000000000000000000e+00,0.000000000000000000e+00,0.000000000000000000e+00,0.000000000000000000e+00,0.000000000000000000e+00,0.000000000000000000e+00,0.000000000000000000e+00,0.000000000000000000e+00,0.000000000000000000e+00,0.000000000000000000e+00,0.000000000000000000e+00,0.000000000000000000e+00,0.000000000000000000e+00,0.000000000000000000e+00,0.000000000000000000e+00,0.000000000000000000e+00,0.000000000000000000e+00,0.000000000000000000e+00,0.000000000000000000e+00,1.000000000000000000e+00,7.840235546017843005e-02,-1.506524614849141519e-01,3.316271337428116500e-02,8.321198675841375014e-02,-2.827056376456534362e-02,-1.238334369363053161e-01,8.838322195626228950e-02,1.323490826280284728e-02,-9.112933256197006116e-02,-3.090940020737788230e-02,1.475297241573478579e-01,1.167079286291338239e-02,-5.896608440433922420e-04,9.401400359036501952e-02,1.819048371147313492e-01,-2.060539653723387488e-01,-4.297718457034745143e-02,2.306826740835152545e-01,-1.065137888516296538e-01,4.959922963371346527e-02,7.431346576431267781e-02,-1.353528927660956754e-02,9.897965057260867117e-02,-1.885521297783064945e-02,-7.439007854622275984e-02,1.568371044643188938e-01,8.323816853339657817e-02,1.565321062185782985e-01,5.741947575332053549e-02,6.998609259771178259e-02,6.920327427596831282e-02,1.320015509122694775e-01,6.402067798964911072e-02,-1.342524842045646483e-01,-3.002818148705468058e-03,-2.241021174585988013e-02,-1.891607349139512451e-02,7.058509671363878690e-02,-1.807126501674292118e-01,-9.182097813919876117e-02,1.695214908595839287e-02,-2.133909543158030164e-01,6.910862919974732066e-02,1.497406119012970604e-01
0.000000000000000000e+00,0.000000000000000000e+00,0.000000000000000000e+00,0.000000000000000000e+00,0.000000000000000000e+00,0.000000000000000000e+00,0.000000000000000000e+00,0.000000000000000000e+00,0.000000000000000000e+00,0.000000000000000000e+00,0.000000000000000000e+00,0.000000000000000000e+00,0.000000000000000000e+00,0.000000000000000000e+00,0.000000000000000000e+00,0.000000000000000000e+00,0.000000000000000000e+00,0.000000000000000000e+00,0.000000000000000000e+00,0.000000000000000000e+00,0.000000000000000000e+00,0.000000000000000000e+00,0.000000000000000000e+00,0.000000000000000000e+00,0.000000000000000000e+00,0.000000000000000000e+00,0.000000000000000000e+00,0.000000000000000000e+00,0.000000000000000000e+00,0.000000000000000000e+00,0.000000000000000000e+00,0.000000000000000000e+00,0.000000000000000000e+00,0.000000000000000000e+00,0.000000000000000000e+00,0.000000000000000000e+00,0.000000000000000000e+00,0.000000000000000000e+00,0.000000000000000000e+00,0.000000000000000000e+00,0.000000000000000000e+00,0.000000000000000000e+00,0.000000000000000000e+00,0.000000000000000000e+00,0.000000000000000000e+00,0.000000000000000000e+00,0.000000000000000000e+00,0.000000000000000000e+00,0.000000000000000000e+00,0.000000000000000000e+00,0.000000000000000000e+00,0.000000000000000000e+00,0.000000000000000000e+00,0.000000000000000000e+00,0.000000000000000000e+00,0.000000000000000000e+00,1.000000000000000000e+00,3.987490443906717696e-01,1.117583664830056334e-01,-1.129071836381324717e-01,4.160565460363738199e-01,-3.106626045427036270e-02,1.897420015216735034e-01,2.388726745119073847e-01,-3.686074654146173080e-01,3.338371044893349016e-01,4.628430217455986595e-02,3.356056157581143173e-01,2.856390262252884171e-01,2.417501074535041428e-01,5.378261515447513297e-02,3.112945918075263885e-01,3.618328508310991176e-01,3.360540024454903296e-01,-3.617284148331343374e-01,1.447508529301448355e-01,2.150815899804884856e-01,1.207500373758224749e-01,3.637097028291064876e-02,-3.744447905745129646e-01,-3.378017416208319301e-01,1.987351874937166307e-01,6.224588765050578232e-01,2.168007167993727113e-01,1.392582098395412082e-01,-1.698315354166574920e-01,1.578305619528992121e-01,1.504500047773766058e-01,2.536080035975722402e-01,1.369539380164096487e-01,9.345053261224697816e-02,-1.316864504198470009e-01,2.031664751265431224e-01,3.934839406321476440e-01,1.969675561930014362e-01,-2.418780555485596506e-01,-1.300460032506301766e-01,-1.439393406230032590e-01,4.012371979315952908e-01,3.445974175466461897e-01
0.000000000000000000e+00,0.000000000000000000e+00,0.000000000000000000e+00,0.000000000000000000e+00,0.000000000000000000e+00,0.000000000000000000e+00,0.000000000000000000e+00,0.000000000000000000e+00,0.000000000000000000e+00,0.000000000000000000e+00,0.000000000000000000e+00,0.000000000000000000e+00,0.000000000000000000e+00,0.000000000000000000e+00,0.000000000000000000e+00,0.000000000000000000e+00,0.000000000000000000e+00,0.000000000000000000e+00,0.000000000000000000e+00,0.000000000000000000e+00,0.000000000000000000e+00,0.000000000000000000e+00,0.000000000000000000e+00,0.000000000000000000e+00,0.000000000000000000e+00,0.000000000000000000e+00,0.000000000000000000e+00,0.000000000000000000e+00,0.000000000000000000e+00,0.000000000000000000e+00,0.000000000000000000e+00,0.000000000000000000e+00,0.000000000000000000e+00,0.000000000000000000e+00,0.000000000000000000e+00,0.000000000000000000e+00,0.000000000000000000e+00,0.000000000000000000e+00,0.000000000000000000e+00,0.000000000000000000e+00,0.000000000000000000e+00,0.000000000000000000e+00,0.000000000000000000e+00,0.000000000000000000e+00,0.000000000000000000e+00,0.000000000000000000e+00,0.000000000000000000e+00,0.000000000000000000e+00,0.000000000000000000e+00,0.000000000000000000e+00,0.000000000000000000e+00,0.000000000000000000e+00,0.000000000000000000e+00,0.000000000000000000e+00,0.000000000000000000e+00,0.000000000000000000e+00,0.000000000000000000e+00,1.000000000000000000e+00,1.142822433449045549e-01,-1.890018258672186424e-01,2.387420948171144475e-01,2.384840606763315440e-01,-6.527216150312731280e-02,6.905299209721053877e-02,-5.804891783048480441e-02,-2.801632513245276568e-02,9.860392671024968692e-02,-2.225464565146205165e-01,1.985766964609647633e-01,-1.240870624767092534e-01,1.386181213478046292e-01,8.486722436011116810e-02,-1.093973126564020404e-01,-6.778415496132007834e-02,-1.649527560664685033e-01,-4.625928398244595618e-02,-7.517444025441705202e-02,-1.326998665280215185e-02,-5.773144676345703247e-02,9.474674542042867131e-02,-1.852334802670790037e-01,8.345898477519628905e-03,-8.542215415490034269e-02,-6.077844085317836431e-02,1.292026086625464865e-01,2.513881711393874396e-01,-4.447578687001270403e-02,-1.378235486178267244e-01,-6.678627345095006218e-02,-2.050822903703930222e-01,-3.714093443158689167e-02,-2.898397698351059051e-02,-1.880097838162771429e-01,1.437588913853956596e-01,1.995718594850551253e-01,-2.573883208816002410e-01,-9.678268157288157092e-02,-6.959214783675402027e-02,1.558488463092361775e-01,-5.394555056503388263e-02
0.000000000000000000e+00,0.000000000000000000e+00,0.000000000000000000e+00,0.000000000000000000e+00,0.000000000000000000e+00,0.000000000000000000e+00,0.000000000000000000e+00,0.000000000000000000e+00,0.000000000000000000e+00,0.000000000000000000e+00,0.000000000000000000e+00,0.000000000000000000e+00,0.000000000000000000e+00,0.000000000000000000e+00,0.000000000000000000e+00,0.000000000000000000e+00,0.000000000000000000e+00,0.000000000000000000e+00,0.000000000000000000e+00,0.000000000000000000e+00,0.000000000000000000e+00,0.000000000000000000e+00,0.000000000000000000e+00,0.000000000000000000e+00,0.000000000000000000e+00,0.000000000000000000e+00,0.000000000000000000e+00,0.000000000000000000e+00,0.000000000000000000e+00,0.000000000000000000e+00,0.000000000000000000e+00,0.000000000000000000e+00,0.000000000000000000e+00,0.000000000000000000e+00,0.000000000000000000e+00,0.000000000000000000e+00,0.000000000000000000e+00,0.000000000000000000e+00,0.000000000000000000e+00,0.000000000000000000e+00,0.000000000000000000e+00,0.000000000000000000e+00,0.000000000000000000e+00,0.000000000000000000e+00,0.000000000000000000e+00,0.000000000000000000e+00,0.000000000000000000e+00,0.000000000000000000e+00,0.000000000000000000e+00,0.000000000000000000e+00,0.000000000000000000e+00,0.000000000000000000e+00,0.000000000000000000e+00,0.000000000000000000e+00,0.000000000000000000e+00,0.000000000000000000e+00,0.000000000000000000e+00,0.000000000000000000e+00,1.000000000000000000e+00,-2.530885998025317329e-01,5.330089661253927247e-01,-2.482426707873721661e-01,5.804698307261809687e-01,2.579022746583871095e-01,-5.598952894724115170e-01,1.054274070077844579e-02,2.184944325432556789e-01,-3.405803379451488588e-01,-3.555293020342989441e-01,-4.225368257380592851e-01,-9.874644187367351278e-02,-2.823920709921987418e-02,-9.142571807190405520e-02,-1.999662122413472243e-01,-2.789692729225677348e-01,2.735514178955592568e-01,-1.637022278076583903e-01,-2.431684004669637522e-02,-2.622859404420979298e-02,4.571872055671480362e-01,-1.568349973911697948e-01,7.308908255564579293e-02,-1.005489779844791071e-01,4.960881824897336312e-01,6.865465877193053235e-01,-2.882083565707574402e-01,1.018612971891040553e-02,4.317761634128387538e-01,-6.916990433253598913e-02,-2.242440484602189754e-01,6.316360306049059181e-01,2.964487203311684249e-01,-1.514050104502479011e-01,-3.632909862510057958e-02,-8.813638641239147919e-02,-4.212131476187919860e-02,1.521138528819636626e-01,1.087905161386398256e-01,1.808434596547193740e-01,3.023128277664009489e-01
0.000000000000000000e+00,0.000000000000000000e+00,0.000000000000000000e+00,0.000000000000000000e+00,0.000000000000000000e+00,0.000000000000000000e+00,0.000000000000000000e+00,0.000000000000000000e+00,0.000000000000000000e+00,0.000000000000000000e+00,0.000000000000000000e+00,0.000000000000000000e+00,0.000000000000000000e+00,0.000000000000000000e+00,0.000000000000000000e+00,0.000000000000000000e+00,0.000000000000000000e+00,0.000000000000000000e+00,0.000000000000000000e+00,0.000000000000000000e+00,0.000000000000000000e+00,0.000000000000000000e+00,0.000000000000000000e+00,0.000000000000000000e+00,0.000000000000000000e+00,0.000000000000000000e+00,0.000000000000000000e+00,0.000000000000000000e+00,0.000000000000000000e+00,0.000000000000000000e+00,0.000000000000000000e+00,0.000000000000000000e+00,0.000000000000000000e+00,0.000000000000000000e+00,0.000000000000000000e+00,0.000000000000000000e+00,0.000000000000000000e+00,0.000000000000000000e+00,0.000000000000000000e+00,0.000000000000000000e+00,0.000000000000000000e+00,0.000000000000000000e+00,0.000000000000000000e+00,0.000000000000000000e+00,0.000000000000000000e+00,0.000000000000000000e+00,0.000000000000000000e+00,0.000000000000000000e+00,0.000000000000000000e+00,0.000000000000000000e+00,0.000000000000000000e+00,0.000000000000000000e+00,0.000000000000000000e+00,0.000000000000000000e+00,0.000000000000000000e+00,0.000000000000000000e+00,0.000000000000000000e+00,0.000000000000000000e+00,0.000000000000000000e+00,1.000000000000000000e+00,-1.987470280573903555e-02,6.435554919832496557e-02,2.470719220306943076e-01,7.198262200577924819e-02,3.137252229634378553e-01,3.323323799240018861e-02,-9.550003520061065010e-02,4.748127053140290821e-01,-2.639103526483269069e-01,9.650682515916027618e-03,2.448432466493682264e-02,1.826527926130124824e-01,4.393622180439206160e-01,3.464127347402048418e-01,1.833762189735272663e-01,3.200723255675261836e-01,4.494510017140375679e-01,3.035581137830549170e-01,6.810310657423584990e-02,9.673894819555231561e-03,3.453116427990798876e-01,-1.909379612999764775e-01,4.812941026650431608e-02,1.592326754978918568e-01,-7.574489072788814781e-02,1.763302842252855718e-01,1.048184884428722402e-01,-6.084440232821965167e-02,1.059467566580938047e-01,3.604434953315767687e-01,1.336398157441589241e-01,-1.483885905263815363e-01,2.887798701633429443e-01,5.312213220332970970e-02,2.346385799373391923e-01,-1.358905679769910613e-01,1.002174115981289276e-01,3.735817186022557523e-01,-5.331581544867360772e-02,2.706216331646363882e-01
0.000000000000000000e+00,0.000000000000000000e+00,0.000000000000000000e+00,0.000000000000000000e+00,0.000000000000000000e+00,0.000000000000000000e+00,0.000000000000000000e+00,0.000000000000000000e+00,0.000000000000000000e+00,0.000000000000000000e+00,0.000000000000000000e+00,0.000000000000000000e+00,0.000000000000000000e+00,0.000000000000000000e+00,0.000000000000000000e+00,0.000000000000000000e+00,0.000000000000000000e+00,0.000000000000000000e+00,0.000000000000000000e+00,0.000000000000000000e+00,0.000000000000000000e+00,0.000000000000000000e+00,0.000000000000000000e+00,0.000000000000000000e+00,0.000000000000000000e+00,0.000000000000000000e+00,0.000000000000000000e+00,0.000000000000000000e+00,0.000000000000000000e+00,0.000000000000000000e+00,0.000000000000000000e+00,0.000000000000000000e+00,0.000000000000000000e+00,0.000000000000000000e+00,0.000000000000000000e+00,0.000000000000000000e+00,0.000000000000000000e+00,0.000000000000000000e+00,0.000000000000000000e+00,0.000000000000000000e+00,0.000000000000000000e+00,0.000000000000000000e+00,0.000000000000000000e+00,0.000000000000000000e+00,0.000000000000000000e+00,0.000000000000000000e+00,0.000000000000000000e+00,0.000000000000000000e+00,0.000000000000000000e+00,0.000000000000000000e+00,0.000000000000000000e+00,0.000000000000000000e+00,0.000000000000000000e+00,0.000000000000000000e+00,0.000000000000000000e+00,0.000000000000000000e+00,0.000000000000000000e+00,0.000000000000000000e+00,0.000000000000000000e+00,0.000000000000000000e+00,1.000000000000000000e+00,8.903199153123779463e-02,2.546452063061779292e-01,3.766965892393415727e-01,-1.677201973686409109e-01,2.114368039536499155e-01,-2.786033858214343947e-02,1.702457179896165462e-01,8.781427172720544794e-02,-6.766932707654003953e-02,-1.280456239621657333e-01,3.671576830167139205e-01,2.209997379465814538e-01,2.002634651861064652e-01,-4.309586345835694776e-02,2.344376008882328166e-01,4.626914389565438268e-02,7.700363992186187723e-02,1.236717234493229928e-01,3.659568276990881053e-01,-2.105101274835432801e-01,-2.270115166974795151e-01,1.108999992250302574e-01,2.261297087022628438e-01,1.687407937225012811e-01,1.787077341411316411e-01,2.458554824174501718e-01,3.035784887500529369e-02,9.813561668776067670e-02,-1.531797750622563015e-01,3.306507008101983724e-01,-2.603555397524142528e-02,1.228903521375906693e-01,1.836271511299643333e-01,3.195975655661731363e-01,-4.166548113224951555e-01,-2.363630573978650340e-01,1.084960591403047181e-01,2.020064553981145150e-01,3.538357604147789881e-01
0.000000000000000000e+00,0.000000000000000000e+00,0.000000000000000000e+00,0.000000000000000000e+00,0.000000000000000000e+00,0.000000000000000000e+00,0.000000000000000000e+00,0.000000000000000000e+00,0.000000000000000000e+00,0.000000000000000000e+00,0.000000000000000000e+00,0.000000000000000000e+00,0.000000000000000000e+00,0.000000000000000000e+00,0.000000000000000000e+00,0.000000000000000000e+00,0.000000000000000000e+00,0.000000000000000000e+00,0.000000000000000000e+00,0.000000000000000000e+00,0.000000000000000000e+00,0.000000000000000000e+00,0.000000000000000000e+00,0.000000000000000000e+00,0.000000000000000000e+00,0.000000000000000000e+00,0.000000000000000000e+00,0.000000000000000000e+00,0.000000000000000000e+00,0.000000000000000000e+00,0.000000000000000000e+00,0.000000000000000000e+00,0.000000000000000000e+00,0.000000000000000000e+00,0.000000000000000000e+00,0.000000000000000000e+00,0.000000000000000000e+00,0.000000000000000000e+00,0.000000000000000000e+00,0.000000000000000000e+00,0.000000000000000000e+00,0.000000000000000000e+00,0.000000000000000000e+00,0.000000000000000000e+00,0.000000000000000000e+00,0.000000000000000000e+00,0.000000000000000000e+00,0.000000000000000000e+00,0.000000000000000000e+00,0.000000000000000000e+00,0.000000000000000000e+00,0.000000000000000000e+00,0.000000000000000000e+00,0.000000000000000000e+00,0.000000000000000000e+00,0.000000000000000000e+00,0.000000000000000000e+00,0.000000000000000000e+00,0.000000000000000000e+00,0.000000000000000000e+00,0.000000000000000000e+00,1.000000000000000000e+00,-3.490903232147098967e-01,-2.485941322300725675e-01,5.482562526304128880e-01,2.427353758118271088e-01,-4.434003928331069211e-02,-1.665936262338128457e-02,5.474568699916283476e-01,-4.642570320566839076e-03,-1.176814377267814266e-01,1.282811076109902360e-01,1.738322021592716635e-02,1.047744175130877614e-01,1.285751863832061692e-01,-4.882192406473059854e-02,-3.597636749585403360e-02,1.306279249729204277e-02,-1.734028383391029438e-01,8.909981731060266641e-02,1.274376285959012874e-02,-1.519243041444182651e-01,-3.199706757054841533e-01,-5.187416894141199109e-01,-1.842419293975588665e-02,4.090103221999215055e-01,-1.415559088603254301e-01,-3.578266199322970853e-01,2.154859650306513441e-01,4.904443188932984532e-02,-3.726953327979514730e-01,-9.036015841669481352e-02,-2.600395410245273098e-01,-2.874932192989388402e-01,1.920480057618131897e-01,-7.103587514184214746e-02,-2.136273768419633678e-01,-2.068379201295735687e-02,1.328315462611513453e-01,-3.993428772797577020e-01
0.000000000000000000e+00,0.000000000000000000e+00,0.000000000000000000e+00,0.000000000000000000e+00,0.000000000000000000e+00,0.000000000000000000e+00,0.000000000000000000e+00,0.000000000000000000e+00,0.000000000000000000e+00,0.000000000000000000e+00,0.000000000000000000e+00,0.000000000000000000e+00,0.000000000000000000e+00,0.000000000000000000e+00,0.000000000000000000e+00,0.000000000000000000e+00,0.000000000000000000e+00,0.000000000000000000e+00,0.000000000000000000e+00,0.000000000000000000e+00,0.000000000000000000e+00,0.000000000000000000e+00,0.000000000000000000e+00,0.000000000000000000e+00,0.000000000000000000e+00,0.000000000000000000e+00,0.000000000000000000e+00,0.000000000000000000e+00,0.000000000000000000e+00,0.000000000000000000e+00,0.000000000000000000e+00,0.000000000000000000e+00,0.000000000000000000e+00,0.000000000000000000e+00,0.000000000000000000e+00,0.000000000000000000e+00,0.000000000000000000e+00,0.000000000000000000e+00,0.000000000000000000e+00,0.000000000000000000e+00,0.000000000000000000e+00,0.000000000000000000e+00,0.000000000000000000e+00,0.000000000000000000e+00,0.000000000000000000e+00,0.000000000000000000e+00,0.000000000000000000e+00,0.000000000000000000e+00,0.000000000000000000e+00,0.000000000000000000e+00,0.000000000000000000e+00,0.000000000000000000e+00,0.000000000000000000e+00,0.000000000000000000e+00,0.000000000000000000e+00,0.000000000000000000e+00,0.000000000000000000e+00,0.000000000000000000e+00,0.000000000000000000e+00,0.000000000000000000e+00,0.000000000000000000e+00,0.000000000000000000e+00,1.000000000000000000e+00,3.437115391167351874e-01,-3.168639406882009513e-01,8.336935699084682683e-02,-6.819620169143998656e-02,1.312014528649359801e-01,-7.036991391093341264e-01,-1.552448902279958964e-01,3.545199090414306170e-02,1.525991372529462986e-01,2.947442605682101258e-01,8.224877195691801535e-02,-8.975292528993607244e-02,3.913549272089821285e-01,2.910865575108240733e-01,2.441478894835171776e-01,3.314650667185863320e-01,2.093953597417587409e-01,-1.012120236731051254e-01,-5.397292479289817618e-02,2.106572446497503304e-01,6.642889787601127249e-01,3.735492698881789364e-01,-2.306251306582257632e-01,3.407642724648499849e-02,5.984415897665178452e-01,-1.501004311377453215e-02,1.661281765193011462e-01,5.271638939127563095e-01,1.038065368179026809e-01,3.141240853038666514e-01,2.517377289685259201e-01,-2.387652978506677598e-02,-3.002788663806624930e-02,2.404015047991043819e-01,3.538070877337723408e-01,7.066291570563890123e-02,6.701606234171927357e-01
0.000000000000000000e+00,0.000000000000000000e+00,0.000000000000000000e+00,0.000000000000000000e+00,0.000000000000000000e+00,0.000000000000000000e+00,0.000000000000000000e+00,0.000000000000000000e+00,0.000000000000000000e+00,0.000000000000000000e+00,0.000000000000000000e+00,0.000000000000000000e+00,0.000000000000000000e+00,0.000000000000000000e+00,0.000000000000000000e+00,0.000000000000000000e+00,0.000000000000000000e+00,0.000000000000000000e+00,0.000000000000000000e+00,0.000000000000000000e+00,0.000000000000000000e+00,0.000000000000000000e+00,0.000000000000000000e+00,0.000000000000000000e+00,0.000000000000000000e+00,0.000000000000000000e+00,0.000000000000000000e+00,0.000000000000000000e+00,0.000000000000000000e+00,0.000000000000000000e+00,0.000000000000000000e+00,0.000000000000000000e+00,0.000000000000000000e+00,0.000000000000000000e+00,0.000000000000000000e+00,0.000000000000000000e+00,0.000000000000000000e+00,0.000000000000000000e+00,0.000000000000000000e+00,0.000000000000000000e+00,0.000000000000000000e+00,0.000000000000000000e+00,0.000000000000000000e+00,0.000000000000000000e+00,0.000000000000000000e+00,0.000000000000000000e+00,0.000000000000000000e+00,0.000000000000000000e+00,0.000000000000000000e+00,0.000000000000000000e+00,0.000000000000000000e+00,0.000000000000000000e+00,0.000000000000000000e+00,0.000000000000000000e+00,0.000000000000000000e+00,0.000000000000000000e+00,0.000000000000000000e+00,0.000000000000000000e+00,0.000000000000000000e+00,0.000000000000000000e+00,0.000000000000000000e+00,0.000000000000000000e+00,0.000000000000000000e+00,1.000000000000000000e+00,-4.048983374266671431e-01,7.264513561640617567e-02,1.423357541730791709e-01,-1.534865457309011506e-02,-2.340348911521346886e-01,1.023134029760421893e-01,-4.547205549037516836e-02,2.944790459073842182e-01,1.060877955025404593e-02,4.429561908860710218e-01,2.830843796696148537e-02,4.791116826886073210e-01,1.052120798619534878e-02,-1.966896851764336762e-02,4.666269858751001531e-01,1.578894846809962282e-01,5.202964756024627824e-02,-1.606005511878047520e-01,3.530952388969315625e-01,4.738841094892366490e-01,4.472407918531984272e-02,9.700633135290318010e-02,2.024966056341976350e-01,5.948619578753447379e-02,-1.285847823748998975e-01,4.079750158244155323e-02,4.970696968977057068e-02,1.663405714513269129e-02,4.483362044882008846e-01,1.825527649242337236e-01,3.247344511915065124e-01,-9.802344649349629957e-02,1.937656003652040160e-01,3.460459131925308629e-01,3.864782412929225197e-01,3.395709870032287969e-01
0.000000000000000000e+00,0.000000000000000000e+00,0.000000000000000000e+00,0.000000000000000000e+00,0.000000000000000000e+00,0.000000000000000000e+00,0.000000000000000000e+00,0.000000000000000000e+00,0.000000000000000000e+00,0.000000000000000000e+00,0.000000000000000000e+00,0.000000000000000000e+00,0.000000000000000000e+00,0.000000000000000000e+00,0.000000000000000000e+00,0.000000000000000000e+00,0.000000000000000000e+00,0.000000000000000000e+00,0.000000000000000000e+00,0.000000000000000000e+00,0.000000000000000000e+00,0.000000000000000000e+00,0.000000000000000000e+00,0.000000000000000000e+00,0.000000000000000000e+00,0.000000000000000000e+00,0.000000000000000000e+00,0.000000000000000000e+00,0.000000000000000000e+00,0.000000000000000000e+00,0.000000000000000000e+00,0.000000000000000000e+00,0.000000000000000000e+00,0.000000000000000000e+00,0.000000000000000000e+00,0.000000000000000000e+00,0.000000000000000000e+00,0.000000000000000000e+00,0.000000000000000000e+00,0.000000000000000000e+00,0.000000000000000000e+00,0.000000000000000000e+00,0.000000000000000000e+00,0.000000000000000000e+00,0.000000000000000000e+00,0.000000000000000000e+00,0.000000000000000000e+00,0.000000000000000000e+00,0.000000000000000000e+00,0.000000000000000000e+00,0.000000000000000000e+00,0.000000000000000000e+00,0.000000000000000000e+00,0.000000000000000000e+00,0.000000000000000000e+00,0.000000000000000000e+00,0.000000000000000000e+00,0.000000000000000000e+00,0.000000000000000000e+00,0.000000000000000000e+00,0.000000000000000000e+00,0.000000000000000000e+00,0.000000000000000000e+00,0.000000000000000000e+00,1.000000000000000000e+00,1.140255278226967040e-01,-2.431978374254882003e-01,2.105960962560536054e-01,1.009904468452312853e-01,-5.569533454865653599e-02,-8.526976843098696413e-02,5.120400576682402564e-04,1.709625506892937241e-01,1.836927869123207435e-01,3.572331447430946438e-01,9.986154089795205857e-02,1.935557714317210909e-01,1.113754049826476550e-01,-2.342455753009962949e-01,7.180888492317847802e-03,2.086946032061844924e-01,-2.192805193452981860e-01,-3.026127226954354321e-01,-3.372172182969824239e-01,-8.132571576445499217e-02,5.262494035692714955e-02,-1.737417098133976490e-01,-2.486530373621595458e-01,7.932072473779301896e-04,1.535218351358801359e-01,-3.437844380742590689e-01,-3.922528315780536567e-02,-5.498800189570708652e-02,5.202638975090741191e-02,1.213881584058329466e-01,1.106966301307685530e-01,-7.056712049841520895e-02,-1.295986079557234945e-02,-1.253238511210771899e-01,-2.837580508243868205e-01
0.000000000000000000e+00,0.000000000000000000e+00,0.000000000000000000e+00,0.000000000000000000e+00,0.000000000000000000e+00,0.000000000000000000e+00,0.000000000000000000e+00,0.000000000000000000e+00,0.000000000000000000e+00,0.000000000000000000e+00,0.000000000000000000e+00,0.000000000000000000e+00,0.000000000000000000e+00,0.000000000000000000e+00,0.000000000000000000e+00,0.000000000000000000e+00,0.000000000000000000e+00,0.000000000000000000e+00,0.000000000000000000e+00,0.000000000000000000e+00,0.000000000000000000e+00,0.000000000000000000e+00,0.000000000000000000e+00,0.000000000000000000e+00,0.000000000000000000e+00,0.000000000000000000e+00,0.000000000000000000e+00,0.000000000000000000e+00,0.000000000000000000e+00,0.000000000000000000e+00,0.000000000000000000e+00,0.000000000000000000e+00,0.000000000000000000e+00,0.000000000000000000e+00,0.000000000000000000e+00,0.000000000000000000e+00,0.000000000000000000e+00,0.000000000000000000e+00,0.000000000000000000e+00,0.000000000000000000e+00,0.000000000000000000e+00,0.000000000000000000e+00,0.000000000000000000e+00,0.000000000000000000e+00,0.000000000000000000e+00,0.000000000000000000e+00,0.000000000000000000e+00,0.000000000000000000e+00,0.000000000000000000e+00,0.000000000000000000e+00,0.000000000000000000e+00,0.000000000000000000e+00,0.000000000000000000e+00,0.000000000000000000e+00,0.000000000000000000e+00,0.000000000000000000e+00,0.000000000000000000e+00,0.000000000000000000e+00,0.000000000000000000e+00,0.000000000000000000e+00,0.000000000000000000e+00,0.000000000000000000e+00,0.000000000000000000e+00,0.000000000000000000e+00,0.000000000000000000e+00,1.000000000000000000e+00,-6.885717141085104243e-02,2.176973132770808061e-01,1.827176349585419579e-01,1.731123389657178158e-01,-1.878514459386169677e-01,4.529438559258951447e-01,1.305110454778154183e-01,3.675390715312908951e-01,4.056201010288620346e-01,2.609960373998977401e-01,3.738975154069754114e-01,4.955989863953657454e-02,1.100021618696549880e-01,1.283924600244900072e-01,-3.688141326617195431e-02,-2.061887728754532578e-01,3.143290007318783608e-01,1.376882589236529120e-01,-2.229562591426738072e-01,-1.551165951287837019e-01,-1.440436600544189594e-01,-2.978359506805203227e-02,1.070303815230160133e-01,1.909955569219999316e-01,-2.040226550813665218e-01,-1.695274108814339153e-01,3.831361597205526492e-02,-1.295744929924890487e-01,2.944852472653913256e-01,-4.053196544249372535e-02,-1.144831079907683430e-01,5.475434726917000061e-02,-1.962339030510600393e-02,-2.413749028490449339e-03
0.000000000000000000e+00,0.000000000000000000e+00,0.000000000000000000e+00,0.000000000000000000e+00,0.000000000000000000e+00,0.000000000000000000e+00,0.000000000000000000e+00,0.000000000000000000e+00,0.000000000000000000e+00,0.000000000000000000e+00,0.000000000000000000e+00,0.000000000000000000e+00,0.000000000000000000e+00,0.000000000000000000e+00,0.000000000000000000e+00,0.000000000000000000e+00,0.000000000000000000e+00,0.000000000000000000e+00,0.000000000000000000e+00,0.000000000000000000e+00,0.000000000000000000e+00,0.000000000000000000e+00,0.000000000000000000e+00,0.000000000000000000e+00,0.000000000000000000e+00,0.000000000000000000e+00,0.000000000000000000e+00,0.000000000000000000e+00,0.000000000000000000e+00,0.000000000000000000e+00,0.000000000000000000e+00,0.000000000000000000e+00,0.000000000000000000e+00,0.000000000000000000e+00,0.000000000000000000e+00,0.000000000000000000e+00,0.000000000000000000e+00,0.000000000000000000e+00,0.000000000000000000e+00,0.000000000000000000e+00,0.000000000000000000e+00,0.000000000000000000e+00,0.000000000000000000e+00,0.000000000000000000e+00,0.000000000000000000e+00,0.000000000000000000e+00,0.000000000000000000e+00,0.000000000000000000e+00,0.000000000000000000e+00,0.000000000000000000e+00,0.000000000000000000e+00,0.000000000000000000e+00,0.000000000000000000e+00,0.000000000000000000e+00,0.000000000000000000e+00,0.000000000000000000e+00,0.000000000000000000e+00,0.000000000000000000e+00,0.000000000000000000e+00,0.000000000000000000e+00,0.000000000000000000e+00,0.000000000000000000e+00,0.000000000000000000e+00,0.000000000000000000e+00,0.000000000000000000e+00,0.000000000000000000e+00,1.000000000000000000e+00,-1.662241864403777303e-01,2.843027671586825442e-02,1.761120461240063551e-02,2.297338606218671531e-01,3.850987065440431012e-02,-2.290800890874904183e-01,1.394209940933253955e-01,-1.182246735985083008e-01,3.802269372586623009e-01,-1.553508692695818594e-01,-1.111198170723048800e-01,7.250467252535894302e-02,2.644614065654544710e-01,1.311313794041351344e-01,2.952159495601437977e-01,2.536128984924807539e-01,1.134294699158171216e-01,3.452589773508849685e-02,2.021946993063257481e-01,7.804189467509307747e-03,8.075605986530662306e-02,1.000001994202194405e-01,-1.543059805742446611e-01,-1.262822601639693731e-01,-1.774729448827707876e-02,-1.379447763417901152e-01,-1.689670984738591841e-01,8.422040810129025057e-03,-2.498281312531820952e-01,1.370472466479424889e-01,-1.566687234542004092e-01,-1.554184132334505142e-01,-2.201585394253160743e-01
0.000000000000000000e+00,0.000000000000000000e+00,0.000000000000000000e+00,0.000000000000000000e+00,0.000000000000000000e+00,0.000000000000000000e+00,0.000000000000000000e+00,0.000000000000000000e+00,0.000000000000000000e+00,0.000000000000000000e+00,0.000000000000000000e+00,0.000000000000000000e+00,0.000000000000000000e+00,0.000000000000000000e+00,0.000000000000000000e+00,0.000000000000000000e+00,0.000000000000000000e+00,0.000000000000000000e+00,0.000000000000000000e+00,0.000000000000000000e+00,0.000000000000000000e+00,0.000000000000000000e+00,0.000000000000000000e+00,0.000000000000000000e+00,0.000000000000000000e+00,0.000000000000000000e+00,0.000000000000000000e+00,0.000000000000000000e+00,0.000000000000000000e+00,0.000000000000000000e+00,0.000000000000000000e+00,0.000000000000000000e+00,0.000000000000000000e+00,0.000000000000000000e+00,0.000000000000000000e+00,0.000000000000000000e+00,0.000000000000000000e+00,0.000000000000000000e+00,0.000000000000000000e+00,0.000000000000000000e+00,0.000000000000000000e+00,0.000000000000000000e+00,0.000000000000000000e+00,0.000000000000000000e+00,0.000000000000000000e+00,0.000000000000000000e+00,0.000000000000000000e+00,0.000000000000000000e+00,0.000000000000000000e+00,0.000000000000000000e+00,0.000000000000000000e+00,0.000000000000000000e+00,0.000000000000000000e+00,0.000000000000000000e+00,0.000000000000000000e+00,0.000000000000000000e+00,0.000000000000000000e+00,0.000000000000000000e+00,0.000000000000000000e+00,0.000000000000000000e+00,0.000000000000000000e+00,0.000000000000000000e+00,0.000000000000000000e+00,0.000000000000000000e+00,0.000000000000000000e+00,0.000000000000000000e+00,0.000000000000000000e+00,1.000000000000000000e+00,6.719270927147694139e-02,1.259537796833186951e-01,-1.168927763469607556e-01,3.147599062523095403e-01,3.191312711846800432e-01,2.931692857178173073e-01,2.680319973091098706e-01,1.274375073928292468e-01,1.638345549234948295e-01,1.409394900076186286e-01,1.092177423431760913e-01,-1.527880282626626895e-01,8.654433248891679753e-02,-9.065024736023800933e-02,3.430185529004572409e-01,-1.234921450085894185e-01,-3.134704416628190243e-02,-3.110876202306490923e-02,2.020147407346988278e-01,-1.924975441936096349e-02,1.338447011166082612e-01,4.076785929177100254e-01,1.332182922708758689e-02,-1.519292737771594376e-02,2.263384333681236760e-01,2.012811577869464685e-01,8.113800802621551345e-02,-6.953323050043480613e-02,-1.566828995976846661e-01,1.916504664714672734e-01,-1.124433150637068751e-01,1.003864576908146122e-01
0.000000000000000000e+00,0.000000000000000000e+00,0.000000000000000000e+00,0.000000000000000000e+00,0.000000000000000000e+00,0.000000000000000000e+00,0.000000000000000000e+00,0.000000000000000000e+00,0.000000000000000000e+00,0.000000000000000000e+00,0.000000000000000000e+00,0.000000000000000000e+00,0.000000000000000000e+00,0.000000000000000000e+00,0.000000000000000000e+00,0.000000000000000000e+00,0.000000000000000000e+00,0.000000000000000000e+00,0.000000000000000000e+00,0.000000000000000000e+00,0.000000000000000000e+00,0.000000000000000000e+00,0.000000000000000000e+00,0.000000000000000000e+00,0.000000000000000000e+00,0.000000000000000000e+00,0.000000000000000000e+00,0.000000000000000000e+00,0.000000000000000000e+00,0.000000000000000000e+00,0.000000000000000000e+00,0.000000000000000000e+00,0.000000000000000000e+00,0.000000000000000000e+00,0.000000000000000000e+00,0.000000000000000000e+00,0.000000000000000000e+00,0.000000000000000000e+00,0.000000000000000000e+00,0.000000000000000000e+00,0.000000000000000000e+00,0.000000000000000000e+00,0.000000000000000000e+00,0.000000000000000000e+00,0.000000000000000000e+00,0.000000000000000000e+00,0.000000000000000000e+00,0.000000000000000000e+00,0.000000000000000000e+00,0.000000000000000000e+00,0.000000000000000000e+00,0.000000000000000000e+00,0.000000000000000000e+00,0.000000000000000000e+00,0.000000000000000000e+00,0.000000000000000000e+00,0.000000000000000000e+00,0.000000000000000000e+00,0.000000000000000000e+00,0.000000000000000000e+00,0.000000000000000000e+00,0.000000000000000000e+00,0.000000000000000000e+00,0.000000000000000000e+00,0.000000000000000000e+00,0.000000000000000000e+00,0.000000000000000000e+00,0.000000000000000000e+00,1.000000000000000000e+00,7.909887493082784493e-02,-1.380744788802273915e-01,-2.455818165981719925e-02,4.721886399827190939e-02,-4.689084831926453728e-02,1.021990153049229244e-01,-1.312907928900594046e-01,1.484163651455619112e-02,-1.026342795445831513e-01,-5.385313280749421533e-02,-1.606337143581891835e-01,1.021575780797605651e-03,1.742237311434670921e-01,-2.131794595886200849e-02,-2.781001395339988136e-01,-1.391906931492995492e-01,6.718023262698026576e-02,-1.709439720159535991e-01,-4.460096810983801285e-01,9.800048336766786772e-02,-1.363245529577226667e-01,-1.321314535912918031e-01,-9.570066550535508143e-02,-1.416455279413096624e-01,-2.362856343222883085e-02,-1.739639924352012201e-01,-1.095569971193871145e-01,-2.194985431229642681e-01,-1.525460562914621523e-02,5.530216082361179980e-02,-1.991229452521316445e-01
0.000000000000000000e+00,0.000000000000000000e+00,0.000000000000000000e+00,0.000000000000000000e+00,0.000000000000000000e+00,0.000000000000000000e+00,0.000000000000000000e+00,0.000000000000000000e+00,0.000000000000000000e+00,0.000000000000000000e+00,0.000000000000000000e+00,0.000000000000000000e+00,0.000000000000000000e+00,0.000000000000000000e+00,0.000000000000000000e+00,0.000000000000000000e+00,0.000000000000000000e+00,0.000000000000000000e+00,0.000000000000000000e+00,0.000000000000000000e+00,0.000000000000000000e+00,0.000000000000000000e+00,0.000000000000000000e+00,0.000000000000000000e+00,0.000000000000000000e+00,0.000000000000000000e+00,0.000000000000000000e+00,0.000000000000000000e+00,0.000000000000000000e+00,0.000000000000000000e+00,0.000000000000000000e+00,0.000000000000000000e+00,0.000000000000000000e+00,0.000000000000000000e+00,0.000000000000000000e+00,0.000000000000000000e+00,0.000000000000000000e+00,0.000000000000000000e+00,0.000000000000000000e+00,0.000000000000000000e+00,0.000000000000000000e+00,0.000000000000000000e+00,0.000000000000000000e+00,0.000000000000000000e+00,0.000000000000000000e+00,0.000000000000000000e+00,0.000000000000000000e+00,0.000000000000000000e+00,0.000000000000000000e+00,0.000000000000000000e+00,0.000000000000000000e+00,0.000000000000000000e+00,0.000000000000000000e+00,0.000000000000000000e+00,0.000000000000000000e+00,0.000000000000000000e+00,0.000000000000000000e+00,0.000000000000000000e+00,0.000000000000000000e+00,0.000000000000000000e+00,0.000000000000000000e+00,0.000000000000000000e+00,0.000000000000000000e+00,0.000000000000000000e+00,0.000000000000000000e+00,0.000000000000000000e+00,0.000000000000000000e+00,0.000000000000000000e+00,0.000000000000000000e+00,1.000000000000000000e+00,-1.876735877460734003e-01,1.780798265028361305e-01,-7.382529217962061074e-02,3.512087220926146669e-02,1.122011422392943103e-01,-2.117966249557779942e-02,-1.986146627862173386e-01,1.105237846377569583e-01,7.942158035818597250e-02,-1.277591162854366802e-01,-5.006275973582549610e-02,-1.175503430361208579e-01,2.093583231691131807e-01,-5.337526425256505780e-02,-2.406717704579438843e-01,3.430387329693743853e-02,3.948057384531081793e-01,-1.649507645190844696e-01,4.373497695892727966e-01,3.637406974524737824e-01,-2.045394658196573734e-01,-5.086639955446679157e-02,1.872582685745083353e-01,1.347224358348827755e-01,-6.573549456452255912e-02,7.469242707538538417e-02,-1.534208072060527506e-01,9.454290367976565801e-02,-3.603389827276911456e-02,-1.611417639589463602e-01
0.000000000000000000e+00,0.000000000000000000e+00,0.000000000000000000e+00,0.000000000000000000e+00,0.000000000000000000e+00,0.000000000000000000e+00,0.000000000000000000e+00,0.000000000000000000e+00,0.000000000000000000e+00,0.000000000000000000e+00,0.000000000000000000e+00,0.000000000000000000e+00,0.000000000000000000e+00,0.000000000000000000e+00,0.000000000000000000e+00,0.000000000000000000e+00,0.000000000000000000e+00,0.000000000000000000e+00,0.000000000000000000e+00,0.000000000000000000e+00,0.000000000000000000e+00,0.000000000000000000e+00,0.000000000000000000e+00,0.000000000000000000e+00,0.000000000000000000e+00,0.000000000000000000e+00,0.000000000000000000e+00,0.000000000000000000e+00,0.000000000000000000e+00,0.000000000000000000e+00,0.000000000000000000e+00,0.000000000000000000e+00,0.000000000000000000e+00,0.000000000000000000e+00,0.000000000000000000e+00,0.000000000000000000e+00,0.000000000000000000e+00,0.000000000000000000e+00,0.000000000000000000e+00,0.000000000000000000e+00,0.000000000000000000e+00,0.000000000000000000e+00,0.000000000000000000e+00,0.000000000000000000e+00,0.000000000000000000e+00,0.000000000000000000e+00,0.000000000000000000e+00,0.000000000000000000e+00,0.000000000000000000e+00,0.000000000000000000e+00,0.000000000000000000e+00,0.000000000000000000e+00,0.000000000000000000e+00,0.000000000000000000e+00,0.000000000000000000e+00,0.000000000000000000e+00,0.000000000000000000e+00,0.000000000000000000e+00,0.000000000000000000e+00,0.000000000000000000e+00,0.000000000000000000e+00,0.000000000000000000e+00,0.000000000000000000e+00,0.000000000000000000e+00,0.000000000000000000e+00,0.000000000000000000e+00,0.000000000000000000e+00,0.000000000000000000e+00,0.000000000000000000e+00,0.000000000000000000e+00,1.000000000000000000e+00,-1.392027150037473682e-01,-1.404788726808790522e-01,4.724151659190693048e-02,-1.764471375780916618e-01,4.992926966817474305e-02,-2.455963393540305795e-02,-1.204395898316050623e-01,1.980499435949109321e-01,-1.911656700738215142e-02,-2.624884234759045087e-01,1.808777684856922030e-01,4.003765905807211284e-02,2.118978795982459085e-01,5.037900560234433167e-02,4.809115395445780206e-02,1.114052239726920218e-01,1.142755947896283292e-01,-3.834493607484858180e-02,-2.544688715899733888e-01,1.222525356993199308e-01,-5.682281042282896072e-02,1.786115630234329579e-02,1.258095518788515318e-02,-6.481274312516399627e-02,-1.102103212897276446e-01,1.572719928818619717e-01,-7.275509140564230537e-02,-8.236749356287308144e-02,1.473138437665228728e-01
0.000000000000000000e+00,0.000000000000000000e+00,0.000000000000000000e+00,0.000000000000000000e+00,0.000000000000000000e+00,0.000000000000000000e+00,0.000000000000000000e+00,0.000000000000000000e+00,0.000000000000000000e+00,0.000000000000000000e+00,0.000000000000000000e+00,0.000000000000000000e+00,0.000000000000000000e+00,0.000000000000000000e+00,0.000000000000000000e+00,0.000000000000000000e+00,0.000000000000000000e+00,0.000000000000000000e+00,0.000000000000000000e+00,0.000000000000000000e+00,0.000000000000000000e+00,0.000000000000000000e+00,0.000000000000000000e+00,0.000000000000000000e+00,0.000000000000000000e+00,0.000000000000000000e+00,0.000000000000000000e+00,0.000000000000000000e+00,0.000000000000000000e+00,0.000000000000000000e+00,0.000000000000000000e+00,0.000000000000000000e+00,0.000000000000000000e+00,0.000000000000000000e+00,0.000000000000000000e+00,0.000000000000000000e+00,0.000000000000000000e+00,0.000000000000000000e+00,0.000000000000000000e+00,0.000000000000000000e+00,0.000000000000000000e+00,0.000000000000000000e+00,0.000000000000000000e+00,0.000000000000000000e+00,0.000000000000000000e+00,0.000000000000000000e+00,0.000000000000000000e+00,0.000000000000000000e+00,0.000000000000000000e+00,0.000000000000000000e+00,0.000000000000000000e+00,0.000000000000000000e+00,0.000000000000000000e+00,0.000000000000000000e+00,0.000000000000000000e+00,0.000000000000000000e+00,0.000000000000000000e+00,0.000000000000000000e+00,0.000000000000000000e+00,0.000000000000000000e+00,0.000000000000000000e+00,0.000000000000000000e+00,0.000000000000000000e+00,0.000000000000000000e+00,0.000000000000000000e+00,0.000000000000000000e+00,0.000000000000000000e+00,0.000000000000000000e+00,0.000000000000000000e+00,0.000000000000000000e+00,0.000000000000000000e+00,1.000000000000000000e+00,1.464681824239181529e-01,1.693388996825224979e-02,1.262895403288047946e-01,1.004252233252689169e-01,4.133575451025300884e-02,6.267114172841087294e-02,1.680540642818981467e-01,3.186623324632972820e-02,-4.271594032414979120e-02,-7.411759533832843784e-03,3.191243214310072740e-01,-1.479370581408490960e-02,1.109571446596782501e-01,1.070043903700475946e-02,1.310770334621325361e-01,7.531519094823725669e-02,9.108886150515677071e-02,2.243591140844615472e-01,5.905316296684900296e-02,-6.299962864891241188e-02,2.652616647482175863e-02,5.435819945175187490e-02,-3.910980282959308427e-03,3.569522608373389139e-02,-2.554595288233686423e-01,2.402357240600218602e-01,8.790677361991010297e-02,4.277815239525435860e-03
0.000000000000000000e+00,0.000000000000000000e+00,0.000000000000000000e+00,0.000000000000000000e+00,0.000000000000000000e+00,0.000000000000000000e+00,0.000000000000000000e+00,0.000000000000000000e+00,0.000000000000000000e+00,0.000000000000000000e+00,0.000000000000000000e+00,0.000000000000000000e+00,0.000000000000000000e+00,0.000000000000000000e+00,0.000000000000000000e+00,0.000000000000000000e+00,0.000000000000000000e+00,0.000000000000000000e+00,0.000000000000000000e+00,0.000000000000000000e+00,0.000000000000000000e+00,0.000000000000000000e+00,0.000000000000000000e+00,0.000000000000000000e+00,0.000000000000000000e+00,0.000000000000000000e+00,0.000000000000000000e+00,0.000000000000000000e+00,0.000000000000000000e+00,0.000000000000000000e+00,0.000000000000000000e+00,0.000000000000000000e+00,0.000000000000000000e+00,0.000000000000000000e+00,0.000000000000000000e+00,0.000000000000000000e+00,0.000000000000000000e+00,0.000000000000000000e+00,0.000000000000000000e+00,0.000000000000000000e+00,0.000000000000000000e+00,0.000000000000000000e+00,0.000000000000000000e+00,0.000000000000000000e+00,0.000000000000000000e+00,0.000000000000000000e+00,0.000000000000000000e+00,0.000000000000000000e+00,0.000000000000000000e+00,0.000000000000000000e+00,0.000000000000000000e+00,0.000000000000000000e+00,0.000000000000000000e+00,0.000000000000000000e+00,0.000000000000000000e+00,0.000000000000000000e+00,0.000000000000000000e+00,0.000000000000000000e+00,0.000000000000000000e+00,0.000000000000000000e+00,0.000000000000000000e+00,0.000000000000000000e+00,0.000000000000000000e+00,0.000000000000000000e+00,0.000000000000000000e+00,0.000000000000000000e+00,0.000000000000000000e+00,0.000000000000000000e+00,0.000000000000000000e+00,0.000000000000000000e+00,0.000000000000000000e+00,0.000000000000000000e+00,1.000000000000000000e+00,1.189496391655709556e-02,1.631799772352896805e-01,9.537876960932459292e-02,3.669233928502963482e-01,1.440400808681256417e-01,-4.398082380548519466e-02,-1.229716925142656098e-01,2.773805700795562920e-02,-1.147847705259472939e-01,1.186931865989905716e-01,1.228122158722467910e-01,-3.915867815808960622e-02,-7.389317621086081977e-02,-3.443283243561991863e-02,2.617224099981554225e-02,7.308404440969454297e-02,1.046005417355757305e-01,8.517620947857851288e-02,-2.072117684398366022e-01,5.346049958373562394e-02,9.478629827105496120e-02,4.920124634688441412e-02,-1.066512960796378862e-01,-1.940835436304383030e-02,1.635112579385209486e-01,5.669962316089320609e-02,2.405292236562167618e-01
0.000000000000000000e+00,0.000000000000000000e+00,0.000000000000000000e+00,0.000000000000000000e+00,0.000000000000000000e+00,0.000000000000000000e+00,0.000000000000000000e+00,0.000000000000000000e+00,0.000000000000000000e+00,0.000000000000000000e+00,0.000000000000000000e+00,0.000000000000000000e+00,0.000000000000000000e+00,0.000000000000000000e+00,0.000000000000000000e+00,0.000000000000000000e+00,0.000000000000000000e+00,0.000000000000000000e+00,0.000000000000000000e+00,0.000000000000000000e+00,0.000000000000000000e+00,0.000000000000000000e+00,0.000000000000000000e+00,0.000000000000000000e+00,0.000000000000000000e+00,0.000000000000000000e+00,0.000000000000000000e+00,0.000000000000000000e+00,0.000000000000000000e+00,0.000000000000000000e+00,0.000000000000000000e+00,0.000000000000000000e+00,0.000000000000000000e+00,0.000000000000000000e+00,0.000000000000000000e+00,0.000000000000000000e+00,0.000000000000000000e+00,0.000000000000000000e+00,0.000000000000000000e+00,0.000000000000000000e+00,0.000000000000000000e+00,0.000000000000000000e+00,0.000000000000000000e+00,0.000000000000000000e+00,0.000000000000000000e+00,0.000000000000000000e+00,0.000000000000000000e+00,0.000000000000000000e+00,0.000000000000000000e+00,0.000000000000000000e+00,0.000000000000000000e+00,0.000000000000000000e+00,0.000000000000000000e+00,0.000000000000000000e+00,0.000000000000000000e+00,0.000000000000000000e+00,0.000000000000000000e+00,0.000000000000000000e+00,0.000000000000000000e+00,0.000000000000000000e+00,0.000000000000000000e+00,0.000000000000000000e+00,0.000000000000000000e+00,0.000000000000000000e+00,0.000000000000000000e+00,0.000000000000000000e+00,0.000000000000000000e+00,0.000000000000000000e+00,0.000000000000000000e+00,0.000000000000000000e+00,0.000000000000000000e+00,0.000000000000000000e+00,0.000000000000000000e+00,1.000000000000000000e+00,1.716751520706596701e-01,1.873710768295417939e-01,1.982762290388961068e-01,5.494226208378865522e-02,9.975011918616637219e-02,3.828126422479760649e-02,1.184778139039802669e-01,-8.175290269915766461e-02,2.632853257481065912e-01,4.673377510804905578e-03,-5.268719400261502595e-02,8.167261798671188178e-02,9.134939126833496736e-02,-1.898603980300852395e-02,-1.037940297568851755e-01,1.269169007922704151e-01,-1.186842434645094257e-01,7.143594773104451623e-03,1.281537120402480856e-01,1.833676597401700803e-01,2.343322179126657856e-01,-9.109756866400692266e-02,-2.653475870444247861e-02,-2.824889033718722478e-02,1.137037077260246026e-01,5.809442116335856998e-02
0.000000000000000000e+00,0.000000000000000000e+00,0.000000000000000000e+00,0.000000000000000000e+00,0.000000000000000000e+00,0.000000000000000000e+00,0.000000000000000000e+00,0.000000000000000000e+00,0.000000000000000000e+00,0.000000000000000000e+00,0.000000000000000000e+00,0.000000000000000000e+00,0.000000000000000000e+00,0.000000000000000000e+00,0.000000000000000000e+00,0.000000000000000000e+00,0.000000000000000000e+00,0.000000000000000000e+00,0.000000000000000000e+00,0.000000000000000000e+00,0.000000000000000000e+00,0.000000000000000000e+00,0.000000000000000000e+00,0.000000000000000000e+00,0.000000000000000000e+00,0.000000000000000000e+00,0.000000000000000000e+00,0.000000000000000000e+00,0.000000000000000000e+00,0.000000000000000000e+00,0.000000000000000000e+00,0.000000000000000000e+00,0.000000000000000000e+00,0.000000000000000000e+00,0.000000000000000000e+00,0.000000000000000000e+00,0.000000000000000000e+00,0.000000000000000000e+00,0.000000000000000000e+00,0.000000000000000000e+00,0.000000000000000000e+00,0.000000000000000000e+00,0.000000000000000000e+00,0.000000000000000000e+00,0.000000000000000000e+00,0.000000000000000000e+00,0.000000000000000000e+00,0.000000000000000000e+00,0.000000000000000000e+00,0.000000000000000000e+00,0.000000000000000000e+00,0.000000000000000000e+00,0.000000000000000000e+00,0.000000000000000000e+00,0.000000000000000000e+00,0.000000000000000000e+00,0.000000000000000000e+00,0.000000000000000000e+00,0.000000000000000000e+00,0.000000000000000000e+00,0.000000000000000000e+00,0.000000000000000000e+00,0.000000000000000000e+00,0.000000000000000000e+00,0.000000000000000000e+00,0.000000000000000000e+00,0.000000000000000000e+00,0.000000000000000000e+00,0.000000000000000000e+00,0.000000000000000000e+00,0.000000000000000000e+00,0.000000000000000000e+00,0.000000000000000000e+00,0.000000000000000000e+00,1.000000000000000000e+00,2.756463832937646741e-01,2.163685274693330496e-01,-6.366066050100187279e-02,8.980862821181272160e-02,1.089050958222108761e-01,1.619968429234991680e-01,-1.940339112906790675e-01,-1.484243212332693636e-02,-8.263448228198815027e-02,-1.192519909812013029e-01,-3.038163027239171657e-02,-1.368251592836752274e-02,-2.665200217115751280e-01,-1.419362157743230268e-01,3.455210479969044735e-01,-1.603608026093417127e-01,1.311325808195515086e-01,1.233695935362160018e-01,-9.010640570131668581e-02,1.407045034498117797e-01,-2.382309589205825959e-02,5.065689114654329389e-02,9.164834950018627135e-02,-4.238539080307380386e-02,-1.350533203478107569e-01
0.000000000000000000e+00,0.000000000000000000e+00,0.000000000000000000e+00,0.000000000000000000e+00,0.000000000000000000e+00,0.000000000000000000e+00,0.000000000000000000e+00,0.000000000000000000e+00,0.000000000000000000e+00,0.000000000000000000e+00,0.000000000000000000e+00,0.000000000000000000e+00,0.000000000000000000e+00,0.000000000000000000e+00,0.000000000000000000e+00,0.000000000000000000e+00,0.000000000000000000e+00,0.000000000000000000e+00,0.000000000000000000e+00,0.000000000000000000e+00,0.000000000000000000e+00,0.000000000000000000e+00,0.000000000000000000e+00,0.000000000000000000e+00,0.000000000000000000e+00,0.000000000000000000e+00,0.000000000000000000e+00,0.000000000000000000e+00,0.000000000000000000e+00,0.000000000000000000e+00,0.000000000000000000e+00,0.000000000000000000e+00,0.000000000000000000e+00,0.000000000000000000e+00,0.000000000000000000e+00,0.000000000000000000e+00,0.000000000000000000e+00,0.000000000000000000e+00,0.000000000000000000e+00,0.000000000000000000e+00,0.000000000000000000e+00,0.000000000000000000e+00,0.000000000000000000e+00,0.000000000000000000e+00,0.000000000000000000e+00,0.000000000000000000e+00,0.000000000000000000e+00,0.000000000000000000e+00,0.000000000000000000e+00,0.000000000000000000e+00,0.000000000000000000e+00,0.000000000000000000e+00,0.000000000000000000e+00,0.000000000000000000e+00,0.000000000000000000e+00,0.000000000000000000e+00,0.000000000000000000e+00,0.000000000000000000e+00,0.000000000000000000e+00,0.000000000000000000e+00,0.000000000000000000e+00,0.000000000000000000e+00,0.000000000000000000e+00,0.000000000000000000e+00,0.000000000000000000e+00,0.000000000000000000e+00,0.000000000000000000e+00,0.000000000000000000e+00,0.000000000000000000e+00,0.000000000000000000e+00,0.000000000000000000e+00,0.000000000000000000e+00,0.000000000000000000e+00,0.000000000000000000e+00,0.000000000000000000e+00,1.000000000000000000e+00,1.563019128667470781e-01,-1.292407762550247530e-01,3.701098551787206925e-01,1.395289323906469259e-01,9.107362641603418407e-02,-4.225514218429610169e-02,1.250006442598036449e-01,2.626828910440364151e-01,1.122110608485686889e-01,-7.016774925891090808e-02,1.671358685231318641e-01,1.139625937344866530e-01,1.494783941071071987e-01,2.427012848962936953e-01,-1.335259423243740362e-01,-9.928285902717542966e-02,2.740942623662230848e-01,3.973054182085919428e-02,2.521973878189410212e-01,-1.468254079744739926e-01,2.246513583822439264e-01,9.288582925650758215e-02,7.842378738155611484e-02,4.570893508157559959e-02
0.000000000000000000e+00,0.000000000000000000e+00,0.000000000000000000e+00,0.000000000000000000e+00,0.000000000000000000e+00,0.000000000000000000e+00,0.000000000000000000e+00,0.000000000000000000e+00,0.000000000000000000e+00,0.000000000000000000e+00,0.000000000000000000e+00,0.000000000000000000e+00,0.000000000000000000e+00,0.000000000000000000e+00,0.000000000000000000e+00,0.000000000000000000e+00,0.000000000000000000e+00,0.000000000000000000e+00,0.000000000000000000e+00,0.000000000000000000e+00,0.000000000000000000e+00,0.000000000000000000e+00,0.000000000000000000e+00,0.000000000000000000e+00,0.000000000000000000e+00,0.000000000000000000e+00,0.000000000000000000e+00,0.000000000000000000e+00,0.000000000000000000e+00,0.000000000000000000e+00,0.000000000000000000e+00,0.000000000000000000e+00,0.000000000000000000e+00,0.000000000000000000e+00,0.000000000000000000e+00,0.000000000000000000e+00,0.000000000000000000e+00,0.000000000000000000e+00,0.000000000000000000e+00,0.000000000000000000e+00,0.000000000000000000e+00,0.000000000000000000e+00,0.000000000000000000e+00,0.000000000000000000e+00,0.000000000000000000e+00,0.000000000000000000e+00,0.000000000000000000e+00,0.000000000000000000e+00,0.000000000000000000e+00,0.000000000000000000e+00,0.000000000000000000e+00,0.000000000000000000e+00,0.000000000000000000e+00,0.000000000000000000e+00,0.000000000000000000e+00,0.000000000000000000e+00,0.000000000000000000e+00,0.000000000000000000e+00,0.000000000000000000e+00,0.000000000000000000e+00,0.000000000000000000e+00,0.000000000000000000e+00,0.000000000000000000e+00,0.000000000000000000e+00,0.000000000000000000e+00,0.000000000000000000e+00,0.000000000000000000e+00,0.000000000000000000e+00,0.000000000000000000e+00,0.000000000000000000e+00,0.000000000000000000e+00,0.000000000000000000e+00,0.000000000000000000e+00,0.000000000000000000e+00,0.000000000000000000e+00,0.000000000000000000e+00,1.000000000000000000e+00,-1.018843994342946008e-01,-3.180575146037323275e-02,7.296744388466931686e-02,7.695082764483680837e-02,-6.665836664079657914e-02,5.713595106421678199e-02,9.035361143823517072e-02,-1.118321502459211914e-01,9.667939671092960763e-02,-9.872373905884238021e-02,4.543644664351598889e-02,-8.299774637522196186e-02,1.510214612570151028e-04,-4.721186927437447806e-02,-8.269252638765731134e-02,1.820680787280273272e-01,-1.208296629464237354e-01,8.606735509746100965e-02,-1.112546200407772551e-01,1.258737348213500584e-01,-9.793605896409920963e-02,1.805074501269978982e-01,1.826479549260872914e-01
0.000000000000000000e+00,0.000000000000000000e+00,0.000000000000000000e+00,0.000000000000000000e+00,0.000000000000000000e+00,0.000000000000000000e+00,0.000000000000000000e+00,0.000000000000000000e+00,0.000000000000000000e+00,0.000000000000000000e+00,0.000000000000000000e+00,0.000000000000000000e+00,0.000000000000000000e+00,0.000000000000000000e+00,0.000000000000000000e+00,0.000000000000000000e+00,0.000000000000000000e+00,0.000000000000000000e+00,0.000000000000000000e+00,0.000000000000000000e+00,0.000000000000000000e+00,0.000000000000000000e+00,0.000000000000000000e+00,0.000000000000000000e+00,0.000000000000000000e+00,0.000000000000000000e+00,0.000000000000000000e+00,0.000000000000000000e+00,0.000000000000000000e+00,0.000000000000000000e+00,0.000000000000000000e+00,0.000000000000000000e+00,0.000000000000000000e+00,0.000000000000000000e+00,0.000000000000000000e+00,0.000000000000000000e+00,0.000000000000000000e+00,0.000000000000000000e+00,0.000000000000000000e+00,0.000000000000000000e+00,0.000000000000000000e+00,0.000000000000000000e+00,0.000000000000000000e+00,0.000000000000000000e+00,0.000000000000000000e+00,0.000000000000000000e+00,0.000000000000000000e+00,0.000000000000000000e+00,0.000000000000000000e+00,0.000000000000000000e+00,0.000000000000000000e+00,0.000000000000000000e+00,0.000000000000000000e+00,0.000000000000000000e+00,0.000000000000000000e+00,0.000000000000000000e+00,0.000000000000000000e+00,0.000000000000000000e+00,0.000000000000000000e+00,0.000000000000000000e+00,0.000000000000000000e+00,0.000000000000000000e+00,0.000000000000000000e+00,0.000000000000000000e+00,0.000000000000000000e+00,0.000000000000000000e+00,0.000000000000000000e+00,0.000000000000000000e+00,0.000000000000000000e+00,0.000000000000000000e+00,0.000000000000000000e+00,0.000000000000000000e+00,0.000000000000000000e+00,0.000000000000000000e+00,0.000000000000000000e+00,0.000000000000000000e+00,0.000000000000000000e+00,1.000000000000000000e+00,-1.270770751665590004e-01,4.160053447300970236e-02,2.295548693714787036e-01,-1.920626075368749297e-01,6.985878731049947887e-02,-1.561996500883783001e-01,-2.347088762345281576e-01,-2.300459339404736514e-01,4.214708921108962364e-02,1.675457297149111346e-01,5.793929195971769808e-02,1.414282658908334045e-01,2.406677628595354709e-02,1.108006596853230649e-02,-3.101449985147419763e-01,2.466430075702870650e-01,1.020406941758291164e-01,-3.670493771400509808e-02,-1.374330362614468171e-01,2.821017395364444069e-01,-9.888661485287372765e-02,-8.179486231338166380e-02
0.000000000000000000e+00,0.000000000000000000e+00,0.000000000000000000e+00,0.000000000000000000e+00,0.000000000000000000e+00,0.000000000000000000e+00,0.000000000000000000e+00,0.000000000000000000e+00,0.000000000000000000e+00,0.000000000000000000e+00,0.000000000000000000e+00,0.000000000000000000e+00,0.000000000000000000e+00,0.000000000000000000e+00,0.000000000000000000e+00,0.000000000000000000e+00,0.000000000000000000e+00,0.000000000000000000e+00,0.000000000000000000e+00,0.000000000000000000e+00,0.000000000000000000e+00,0.000000000000000000e+00,0.000000000000000000e+00,0.000000000000000000e+00,0.000000000000000000e+00,0.000000000000000000e+00,0.000000000000000000e+00,0.000000000000000000e+00,0.000000000000000000e+00,0.000000000000000000e+00,0.000000000000000000e+00,0.000000000000000000e+00,0.000000000000000000e+00,0.000000000000000000e+00,0.000000000000000000e+00,0.000000000000000000e+00,0.000000000000000000e+00,0.000000000000000000e+00,0.000000000000000000e+00,0.000000000000000000e+00,0.000000000000000000e+00,0.000000000000000000e+00,0.000000000000000000e+00,0.000000000000000000e+00,0.000000000000000000e+00,0.000000000000000000e+00,0.000000000000000000e+00,0.000000000000000000e+00,0.000000000000000000e+00,0.000000000000000000e+00,0.000000000000000000e+00,0.000000000000000000e+00,0.000000000000000000e+00,0.000000000000000000e+00,0.000000000000000000e+00,0.000000000000000000e+00,0.000000000000000000e+00,0.000000000000000000e+00,0.000000000000000000e+00,0.000000000000000000e+00,0.000000000000000000e+00,0.000000000000000000e+00,0.000000000000000000e+00,0.000000000000000000e+00,0.000000000000000000e+00,0.000000000000000000e+00,0.000000000000000000e+00,0.000000000000000000e+00,0.000000000000000000e+00,0.000000000000000000e+00,0.000000000000000000e+00,0.000000000000000000e+00,0.000000000000000000e+00,0.000000000000000000e+00,0.000000000000000000e+00,0.000000000000000000e+00,0.000000000000000000e+00,0.000000000000000000e+00,1.000000000000000000e+00,8.493165168360933270e-02,-7.003396567546811557e-02,-3.842461910328755226e-02,1.153400459781372123e-01,7.199426432766367623e-02,1.561045462843108425e-02,-1.613047658628320447e-01,3.308015684708314613e-02,9.826785367965680529e-02,1.461179245690871764e-01,2.164960729389794614e-01,-1.182690478856827793e-01,-1.560942591828739373e-02,2.748669598398556513e-01,1.747146940484741451e-01,-2.424040451039939648e-02,-1.136880285293229709e-01,3.667440613005260724e-02,4.790674848978565548e-02,1.567755888396696051e-01,1.153907129181987457e-01
0.000000000000000000e+00,0.000000000000000000e+00,0.000000000000000000e+00,0.000000000000000000e+00,0.000000000000000000e+00,0.000000000000000000e+00,0.000000000000000000e+00,0.000000000000000000e+00,0.000000000000000000e+00,0.000000000000000000e+00,0.000000000000000000e+00,0.000000000000000000e+00,0.000000000000000000e+00,0.000000000000000000e+00,0.000000000000000000e+00,0.000000000000000000e+00,0.000000000000000000e+00,0.000000000000000000e+00,0.000000000000000000e+00,0.000000000000000000e+00,0.000000000000000000e+00,0.000000000000000000e+00,0.000000000000000000e+00,0.000000000000000000e+00,0.000000000000000000e+00,0.000000000000000000e+00,0.000000000000000000e+00,0.000000000000000000e+00,0.000000000000000000e+00,0.000000000000000000e+00,0.000000000000000000e+00,0.000000000000000000e+00,0.000000000000000000e+00,0.000000000000000000e+00,0.000000000000000000e+00,0.000000000000000000e+00,0.000000000000000000e+00,0.000000000000000000e+00,0.000000000000000000e+00,0.000000000000000000e+00,0.000000000000000000e+00,0.000000000000000000e+00,0.000000000000000000e+00,0.000000000000000000e+00,0.000000000000000000e+00,0.000000000000000000e+00,0.000000000000000000e+00,0.000000000000000000e+00,0.000000000000000000e+00,0.000000000000000000e+00,0.000000000000000000e+00,0.000000000000000000e+00,0.000000000000000000e+00,0.000000000000000000e+00,0.000000000000000000e+00,0.000000000000000000e+00,0.000000000000000000e+00,0.000000000000000000e+00,0.000000000000000000e+00,0.000000000000000000e+00,0.000000000000000000e+00,0.000000000000000000e+00,0.000000000000000000e+00,0.000000000000000000e+00,0.000000000000000000e+00,0.000000000000000000e+00,0.000000000000000000e+00,0.000000000000000000e+00,0.000000000000000000e+00,0.000000000000000000e+00,0.000000000000000000e+00,0.000000000000000000e+00,0.000000000000000000e+00,0.000000000000000000e+00,0.000000000000000000e+00,0.000000000000000000e+00,0.000000000000000000e+00,0.000000000000000000e+00,0.000000000000000000e+00,1.000000000000000000e+00,1.203424083504162218e-01,-2.442886133944174587e-01,-1.375917200666696705e-01,5.792728533243059891e-02,-2.757714927883285830e-02,-7.563429832111688567e-02,9.195303234749764923e-03,2.192963350513903453e-01,-4.070333464470059920e-02,-9.458445811932199299e-02,-2.089217136093031099e-02,2.118562804906203856e-01,-1.568329184065016257e-01,-1.280716151178533657e-01,-1.173728818586336139e-02,-3.187304507828216948e-01,3.354126060292882822e-02,-1.578701208220655294e-01,9.806117847006918966e-05,-7.080679935675941727e-02
0.000000000000000000e+00,0.000000000000000000e+00,0.000000000000000000e+00,0.000000000000000000e+00,0.000000000000000000e+00,0.000000000000000000e+00,0.000000000000000000e+00,0.000000000000000000e+00,0.000000000000000000e+00,0.000000000000000000e+00,0.000000000000000000e+00,0.000000000000000000e+00,0.000000000000000000e+00,0.000000000000000000e+00,0.000000000000000000e+00,0.000000000000000000e+00,0.000000000000000000e+00,0.000000000000000000e+00,0.000000000000000000e+00,0.000000000000000000e+00,0.000000000000000000e+00,0.000000000000000000e+00,0.000000000000000000e+00,0.000000000000000000e+00,0.000000000000000000e+00,0.000000000000000000e+00,0.000000000000000000e+00,0.000000000000000000e+00,0.000000000000000000e+00,0.000000000000000000e+00,0.000000000000000000e+00,0.000000000000000000e+00,0.000000000000000000e+00,0.000000000000000000e+00,0.000000000000000000e+00,0.000000000000000000e+00,0.000000000000000000e+00,0.000000000000000000e+00,0.000000000000000000e+00,0.000000000000000000e+00,0.000000000000000000e+00,0.000000000000000000e+00,0.000000000000000000e+00,0.000000000000000000e+00,0.000000000000000000e+00,0.000000000000000000e+00,0.000000000000000000e+00,0.000000000000000000e+00,0.000000000000000000e+00,0.000000000000000000e+00,0.000000000000000000e+00,0.000000000000000000e+00,0.000000000000000000e+00,0.000000000000000000e+00,0.000000000000000000e+00,0.000000000000000000e+00,0.000000000000000000e+00,0.000000000000000000e+00,0.000000000000000000e+00,0.000000000000000000e+00,0.000000000000000000e+00,0.000000000000000000e+00,0.000000000000000000e+00,0.000000000000000000e+00,0.000000000000000000e+00,0.000000000000000000e+00,0.000000000000000000e+00,0.000000000000000000e+00,0.000000000000000000e+00,0.000000000000000000e+00,0.000000000000000000e+00,0.000000000000000000e+00,0.000000000000000000e+00,0.000000000000000000e+00,0.000000000000000000e+00,0.000000000000000000e+00,0.000000000000000000e+00,0.000000000000000000e+00,0.000000000000000000e+00,0.000000000000000000e+00,1.000000000000000000e+00,-1.175466706510752968e-01,1.550908154298381858e-02,-2.226908039305350029e-01,-1.050012135632285570e-01,-1.370457978979519598e-01,-9.631900774509541407e-02,-1.079466087156785020e-01,1.603412727364866711e-03,1.125981451602879047e-01,-9.099456488884728744e-02,1.041183395904004688e-01,-6.316742470432752665e-02,-9.001134792244583349e-03,1.095901320683712321e-01,-6.606549820595021549e-02,-1.096294943778710479e-02,2.474276481451329335e-01,2.550207589110485215e-02,-1.497256562968347082e-01
0.000000000000000000e+00,0.000000000000000000e+00,0.000000000000000000e+00,0.000000000000000000e+00,0.000000000000000000e+00,0.000000000000000000e+00,0.000000000000000000e+00,0.000000000000000000e+00,0.000000000000000000e+00,0.000000000000000000e+00,0.000000000000000000e+00,0.000000000000000000e+00,0.000000000000000000e+00,0.000000000000000000e+00,0.000000000000000000e+00,0.000000000000000000e+00,0.000000000000000000e+00,0.000000000000000000e+00,0.000000000000000000e+00,0.000000000000000000e+00,0.000000000000000000e+00,0.000000000000000000e+00,0.000000000000000000e+00,0.000000000000000000e+00,0.000000000000000000e+00,0.000000000000000000e+00,0.000000000000000000e+00,0.000000000000000000e+00,0.000000000000000000e+00,0.000000000000000000e+00,0.000000000000000000e+00,0.000000000000000000e+00,0.000000000000000000e+00,0.000000000000000000e+00,0.000000000000000000e+00,0.000000000000000000e+00,0.000000000000000000e+00,0.000000000000000000e+00,0.000000000000000000e+00,0.000000000000000000e+00,0.000000000000000000e+00,0.000000000000000000e+00,0.000000000000000000e+00,0.000000000000000000e+00,0.000000000000000000e+00,0.000000000000000000e+00,0.000000000000000000e+00,0.000000000000000000e+00,0.000000000000000000e+00,0.000000000000000000e+00,0.000000000000000000e+00,0.000000000000000000e+00,0.000000000000000000e+00,0.000000000000000000e+00,0.000000000000000000e+00,0.000000000000000000e+00,0.000000000000000000e+00,0.000000000000000000e+00,0.000000000000000000e+00,0.000000000000000000e+00,0.000000000000000000e+00,0.000000000000000000e+00,0.000000000000000000e+00,0.000000000000000000e+00,0.000000000000000000e+00,0.000000000000000000e+00,0.000000000000000000e+00,0.000000000000000000e+00,0.000000000000000000e+00,0.000000000000000000e+00,0.000000000000000000e+00,0.000000000000000000e+00,0.000000000000000000e+00,0.000000000000000000e+00,0.000000000000000000e+00,0.000000000000000000e+00,0.000000000000000000e+00,0.000000000000000000e+00,0.000000000000000000e+00,0.000000000000000000e+00,0.000000000000000000e+00,1.000000000000000000e+00,1.966939441218045204e-01,8.911796705547440911e-02,2.929420351645249943e-01,1.050892721891288489e-01,-1.356343319485413812e-01,7.917876188313943686e-02,1.103473877115809521e-01,-2.530827894670883427e-01,1.435402621499260178e-01,-2.956620444701039963e-02,-4.853880216724482111e-02,1.190183125620342640e-02,-3.485477857537945812e-01,1.088799650054741580e-01,-2.169913992316262891e-02,-1.866156892141649509e-02,-2.938960783374727215e-01,7.736752977024972380e-04
0.000000000000000000e+00,0.000000000000000000e+00,0.000000000000000000e+00,0.000000000000000000e+00,0.000000000000000000e+00,0.000000000000000000e+00,0.000000000000000000e+00,0.000000000000000000e+00,0.000000000000000000e+00,0.000000000000000000e+00,0.000000000000000000e+00,0.000000000000000000e+00,0.000000000000000000e+00,0.000000000000000000e+00,0.000000000000000000e+00,0.000000000000000000e+00,0.000000000000000000e+00,0.000000000000000000e+00,0.000000000000000000e+00,0.000000000000000000e+00,0.000000000000000000e+00,0.000000000000000000e+00,0.000000000000000000e+00,0.000000000000000000e+00,0.000000000000000000e+00,0.000000000000000000e+00,0.000000000000000000e+00,0.000000000000000000e+00,0.000000000000000000e+00,0.000000000000000000e+00,0.000000000000000000e+00,0.000000000000000000e+00,0.000000000000000000e+00,0.000000000000000000e+00,0.000000000000000000e+00,0.000000000000000000e+00,0.000000000000000000e+00,0.000000000000000000e+00,0.000000000000000000e+00,0.000000000000000000e+00,0.000000000000000000e+00,0.000000000000000000e+00,0.000000000000000000e+00,0.000000000000000000e+00,0.000000000000000000e+00,0.000000000000000000e+00,0.000000000000000000e+00,0.000000000000000000e+00,0.000000000000000000e+00,0.000000000000000000e+00,0.000000000000000000e+00,0.000000000000000000e+00,0.000000000000000000e+00,0.000000000000000000e+00,0.000000000000000000e+00,0.000000000000000000e+00,0.000000000000000000e+00,0.000000000000000000e+00,0.000000000000000000e+00,0.000000000000000000e+00,0.000000000000000000e+00,0.000000000000000000e+00,0.000000000000000000e+00,0.000000000000000000e+00,0.000000000000000000e+00,0.000000000000000000e+00,0.000000000000000000e+00,0.000000000000000000e+00,0.000000000000000000e+00,0.000000000000000000e+00,0.000000000000000000e+00,0.000000000000000000e+00,0.000000000000000000e+00,0.000000000000000000e+00,0.000000000000000000e+00,0.000000000000000000e+00,0.000000000000000000e+00,0.000000000000000000e+00,0.000000000000000000e+00,0.000000000000000000e+00,0.000000000000000000e+00,0.000000000000000000e+00,1.000000000000000000e+00,1.840731159342837708e-01,6.946448651448876299e-02,-7.739188142552329286e-02,6.050296890295443764e-02,1.732171121523584933e-01,1.258825042173670472e-01,8.905722607253517553e-02,5.565019062770524411e-02,-1.490943214702501463e-01,1.256337158089471662e-01,2.399787573421956199e-01,1.829180041574968163e-02,9.143473603846243025e-02,-1.252776762763788132e-01,5.110869654578865245e-02,-2.646616069274269206e-02,6.594814600848169887e-03
0.000000000000000000e+00,0.000000000000000000e+00,0.000000000000000000e+00,0.000000000000000000e+00,0.000000000000000000e+00,0.000000000000000000e+00,0.000000000000000000e+00,0.000000000000000000e+00,0.000000000000000000e+00,0.000000000000000000e+00,0.000000000000000000e+00,0.000000000000000000e+00,0.000000000000000000e+00,0.000000000000000000e+00,0.000000000000000000e+00,0.000000000000000000e+00,0.000000000000000000e+00,0.000000000000000000e+00,0.000000000000000000e+00,0.000000000000000000e+00,0.000000000000000000e+00,0.000000000000000000e+00,0.000000000000000000e+00,0.000000000000000000e+00,0.000000000000000000e+00,0.000000000000000000e+00,0.000000000000000000e+00,0.000000000000000000e+00,0.000000000000000000e+00,0.000000000000000000e+00,0.000000000000000000e+00,0.000000000000000000e+00,0.000000000000000000e+00,0.000000000000000000e+00,0.000000000000000000e+00,0.000000000000000000e+00,0.000000000000000000e+00,0.000000000000000000e+00,0.000000000000000000e+00,0.000000000000000000e+00,0.000000000000000000e+00,0.000000000000000000e+00,0.000000000000000000e+00,0.000000000000000000e+00,0.000000000000000000e+00,0.000000000000000000e+00,0.000000000000000000e+00,0.000000000000000000e+00,0.000000000000000000e+00,0.000000000000000000e+00,0.000000000000000000e+00,0.000000000000000000e+00,0.000000000000000000e+00,0.000000000000000000e+00,0.000000000000000000e+00,0.000000000000000000e+00,0.000000000000000000e+00,0.000000000000000000e+00,0.000000000000000000e+00,0.000000000000000000e+00,0.000000000000000000e+00,0.000000000000000000e+00,0.000000000000000000e+00,0.000000000000000000e+00,0.000000000000000000e+00,0.000000000000000000e+00,0.000000000000000000e+00,0.000000000000000000e+00,0.000000000000000000e+00,0.000000000000000000e+00,0.000000000000000000e+00,0.000000000000000000e+00,0.000000000000000000e+00,0.000000000000000000e+00,0.000000000000000000e+00,0.000000000000000000e+00,0.000000000000000000e+00,0.000000000000000000e+00,0.000000000000000000e+00,0.000000000000000000e+00,0.000000000000000000e+00,0.000000000000000000e+00,0.000000000000000000e+00,1.000000000000000000e+00,1.727888869590510357e-01,1.418161340492440914e-01,1.612421705426942131e-01,3.744886241788475956e-01,8.483122491533560960e-02,-1.751636837385586731e-01,3.068179590410977653e-01,-2.499658385052721810e-01,2.028696587688183506e-01,-3.551031644310194413e-02,1.997107764031788232e-02,1.107436589303619455e-02,2.441477255542053026e-01,1.166785626201135989e-01,-3.839500465742368140e-02,3.574429215555829376e-01
0.000000000000000000e+00,0.000000000000000000e+00,0.000000000000000000e+00,0.000000000000000000e+00,0.000000000000000000e+00,0.000000000000000000e+00,0.000000000000000000e+00,0.000000000000000000e+00,0.000000000000000000e+00,0.000000000000000000e+00,0.000000000000000000e+00,0.000000000000000000e+00,0.000000000000000000e+00,0.000000000000000000e+00,0.000000000000000000e+00,0.000000000000000000e+00,0.000000000000000000e+00,0.000000000000000000e+00,0.000000000000000000e+00,0.000000000000000000e+00,0.000000000000000000e+00,0.000000000000000000e+00,0.000000000000000000e+00,0.000000000000000000e+00,0.000000000000000000e+00,0.000000000000000000e+00,0.000000000000000000e+00,0.000000000000000000e+00,0.000000000000000000e+00,0.000000000000000000e+00,0.000000000000000000e+00,0.000000000000000000e+00,0.000000000000000000e+00,0.000000000000000000e+00,0.000000000000000000e+00,0.000000000000000000e+00,0.000000000000000000e+00,0.000000000000000000e+00,0.000000000000000000e+00,0.000000000000000000e+00,0.000000000000000000e+00,0.000000000000000000e+00,0.000000000000000000e+00,0.000000000000000000e+00,0.000000000000000000e+00,0.000000000000000000e+00,0.000000000000000000e+00,0.000000000000000000e+00,0.000000000000000000e+00,0.000000000000000000e+00,0.000000000000000000e+00,0.000000000000000000e+00,0.000000000000000000e+00,0.000000000000000000e+00,0.000000000000000000e+00,0.000000000000000000e+00,0.000000000000000000e+00,0.000000000000000000e+00,0.000000000000000000e+00,0.000000000000000000e+00,0.000000000000000000e+00,0.000000000000000000e+00,0.000000000000000000e+00,0.000000000000000000e+00,0.000000000000000000e+00,0.000000000000000000e+00,0.000000000000000000e+00,0.000000000000000000e+00,0.000000000000000000e+00,0.000000000000000000e+00,0.000000000000000000e+00,0.000000000000000000e+00,0.000000000000000000e+00,0.000000000000000000e+00,0.000000000000000000e+00,0.000000000000000000e+00,0.000000000000000000e+00,0.000000000000000000e+00,0.000000000000000000e+00,0.000000000000000000e+00,0.000000000000000000e+00,0.000000000000000000e+00,0.000000000000000000e+00,0.000000000000000000e+00,1.000000000000000000e+00,-6.606447899438188526e-03,-2.876249516924630351e-02,1.038830971031048100e-01,-5.989415440720715668e-03,1.647792408843283193e-02,1.446372943159436042e-01,1.477482322615122079e-01,2.942589311842558342e-02,1.468394389129368538e-01,1.437704286215481415e-02,1.527580648584780376e-01,-5.815693299710654462e-02,5.100963703048367812e-03,9.395058346659079795e-02,-3.234641705712206026e-03
0.000000000000000000e+00,0.000000000000000000e+00,0.000000000000000000e+00,0.000000000000000000e+00,0.000000000000000000e+00,0.000000000000000000e+00,0.000000000000000000e+00,0.000000000000000000e+00,0.000000000000000000e+00,0.000000000000000000e+00,0.000000000000000000e+00,0.000000000000000000e+00,0.000000000000000000e+00,0.000000000000000000e+00,0.000000000000000000e+00,0.000000000000000000e+00,0.000000000000000000e+00,0.000000000000000000e+00,0.000000000000000000e+00,0.000000000000000000e+00,0.000000000000000000e+00,0.000000000000000000e+00,0.000000000000000000e+00,0.000000000000000000e+00,0.000000000000000000e+00,0.000000000000000000e+00,0.000000000000000000e+00,0.000000000000000000e+00,0.000000000000000000e+00,0.000000000000000000e+00,0.000000000000000000e+00,0.000000000000000000e+00,0.000000000000000000e+00,0.000000000000000000e+00,0.000000000000000000e+00,0.000000000000000000e+00,0.000000000000000000e+00,0.000000000000000000e+00,0.000000000000000000e+00,0.000000000000000000e+00,0.000000000000000000e+00,0.000000000000000000e+00,0.000000000000000000e+00,0.000000000000000000e+00,0.000000000000000000e+00,0.000000000000000000e+00,0.000000000000000000e+00,0.000000000000000000e+00,0.000000000000000000e+00,0.000000000000000000e+00,0.000000000000000000e+00,0.000000000000000000e+00,0.000000000000000000e+00,0.000000000000000000e+00,0.000000000000000000e+00,0.000000000000000000e+00,0.000000000000000000e+00,0.000000000000000000e+00,0.000000000000000000e+00,0.000000000000000000e+00,0.000000000000000000e+00,0.000000000000000000e+00,0.000000000000000000e+00,0.000000000000000000e+00,0.000000000000000000e+00,0.000000000000000000e+00,0.000000000000000000e+00,0.000000000000000000e+00,0.000000000000000000e+00,0.000000000000000000e+00,0.000000000000000000e+00,0.000000000000000000e+00,0.000000000000000000e+00,0.000000000000000000e+00,0.000000000000000000e+00,0.000000000000000000e+00,0.000000000000000000e+00,0.000000000000000000e+00,0.000000000000000000e+00,0.000000000000000000e+00,0.000000000000000000e+00,0.000000000000000000e+00,0.000000000000000000e+00,0.000000000000000000e+00,0.000000000000000000e+00,1.000000000000000000e+00,2.014833443266812463e-01,3.652817620478845256e-02,-7.147293296565486453e-02,-1.497430469071331371e-01,-2.667761898484823091e-02,-1.903784368804408156e-01,8.226624684954693748e-03,-1.969606287810820866e-01,1.616241994732816878e-01,-5.733395255108493863e-03,-2.929317309934238722e-02,1.176054696333476458e-02,1.066538342631862119e-01,9.524354742789892248e-02
0.000000000000000000e+00,0.000000000000000000e+00,0.000000000000000000e+00,0.000000000000000000e+00,0.000000000000000000e+00,0.000000000000000000e+00,0.000000000000000000e+00,0.000000000000000000e+00,0.000000000000000000e+00,0.000000000000000000e+00,0.000000000000000000e+00,0.000000000000000000e+00,0.000000000000000000e+00,0.000000000000000000e+00,0.000000000000000000e+00,0.000000000000000000e+00,0.000000000000000000e+00,0.000000000000000000e+00,0.000000000000000000e+00,0.000000000000000000e+00,0.000000000000000000e+00,0.000000000000000000e+00,0.000000000000000000e+00,0.000000000000000000e+00,0.000000000000000000e+00,0.000000000000000000e+00,0.000000000000000000e+00,0.000000000000000000e+00,0.000000000000000000e+00,0.000000000000000000e+00,0.000000000000000000e+00,0.000000000000000000e+00,0.000000000000000000e+00,0.000000000000000000e+00,0.000000000000000000e+00,0.000000000000000000e+00,0.000000000000000000e+00,0.000000000000000000e+00,0.000000000000000000e+00,0.000000000000000000e+00,0.000000000000000000e+00,0.000000000000000000e+00,0.000000000000000000e+00,0.000000000000000000e+00,0.000000000000000000e+00,0.000000000000000000e+00,0.000000000000000000e+00,0.000000000000000000e+00,0.000000000000000000e+00,0.000000000000000000e+00,0.000000000000000000e+00,0.000000000000000000e+00,0.000000000000000000e+00,0.000000000000000000e+00,0.000000000000000000e+00,0.000000000000000000e+00,0.000000000000000000e+00,0.000000000000000000e+00,0.000000000000000000e+00,0.000000000000000000e+00,0.000000000000000000e+00,0.000000000000000000e+00,0.000000000000000000e+00,0.000000000000000000e+00,0.000000000000000000e+00,0.000000000000000000e+00,0.000000000000000000e+00,0.000000000000000000e+00,0.000000000000000000e+00,0.000000000000000000e+00,0.000000000000000000e+00,0.000000000000000000e+00,0.000000000000000000e+00,0.000000000000000000e+00,0.000000000000000000e+00,0.000000000000000000e+00,0.000000000000000000e+00,0.000000000000000000e+00,0.000000000000000000e+00,0.000000000000000000e+00,0.000000000000000000e+00,0.000000000000000000e+00,0.000000000000000000e+00,0.000000000000000000e+00,0.000000000000000000e+00,0.000000000000000000e+00,1.000000000000000000e+00,1.642272271851155097e-01,1.366290903724426131e-01,1.461466950172702617e-01,4.622367100136474949e-02,-8.001050411886015401e-02,7.440860688174920357e-02,-1.332371534431896209e-01,3.176293717551509355e-02,-4.669250489121793551e-02,-1.419926096651308034e-01,1.604271353885513007e-01,4.199032927934766984e-02,1.228135776158093967e-01
0.000000000000000000e+00,0.000000000000000000e+00,0.000000000000000000e+00,0.000000000000000000e+00,0.000000000000000000e+00,0.000000000000000000e+00,0.000000000000000000e+00,0.000000000000000000e+00,0.000000000000000000e+00,0.000000000000000000e+00,0.000000000000000000e+00,0.000000000000000000e+00,0.000000000000000000e+00,0.000000000000000000e+00,0.000000000000000000e+00,0.000000000000000000e+00,0.000000000000000000e+00,0.000000000000000000e+00,0.000000000000000000e+00,0.000000000000000000e+00,0.000000000000000000e+00,0.000000000000000000e+00,0.000000000000000000e+00,0.000000000000000000e+00,0.000000000000000000e+00,0.000000000000000000e+00,0.000000000000000000e+00,0.000000000000000000e+00,0.000000000000000000e+00,0.000000000000000000e+00,0.000000000000000000e+00,0.000000000000000000e+00,0.000000000000000000e+00,0.000000000000000000e+00,0.000000000000000000e+00,0.000000000000000000e+00,0.000000000000000000e+00,0.000000000000000000e+00,0.000000000000000000e+00,0.000000000000000000e+00,0.000000000000000000e+00,0.000000000000000000e+00,0.000000000000000000e+00,0.000000000000000000e+00,0.000000000000000000e+00,0.000000000000000000e+00,0.000000000000000000e+00,0.000000000000000000e+00,0.000000000000000000e+00,0.000000000000000000e+00,0.000000000000000000e+00,0.000000000000000000e+00,0.000000000000000000e+00,0.000000000000000000e+00,0.000000000000000000e+00,0.000000000000000000e+00,0.000000000000000000e+00,0.000000000000000000e+00,0.000000000000000000e+00,0.000000000000000000e+00,0.000000000000000000e+00,0.000000000000000000e+00,0.000000000000000000e+00,0.000000000000000000e+00,0.000000000000000000e+00,0.000000000000000000e+00,0.000000000000000000e+00,0.000000000000000000e+00,0.000000000000000000e+00,0.000000000000000000e+00,0.000000000000000000e+00,0.000000000000000000e+00,0.000000000000000000e+00,0.000000000000000000e+00,0.000000000000000000e+00,0.000000000000000000e+00,0.000000000000000000e+00,0.000000000000000000e+00,0.000000000000000000e+00,0.000000000000000000e+00,0.000000000000000000e+00,0.000000000000000000e+00,0.000000000000000000e+00,0.000000000000000000e+00,0.000000000000000000e+00,0.000000000000000000e+00,0.000000000000000000e+00,1.000000000000000000e+00,1.156090107968456571e-01,1.045481160245363868e-02,7.436560384681847879e-02,9.368033133778557245e-03,-1.074082179835217782e-01,-5.802804438851958541e-02,6.242350094828068297e-02,2.660424299590696817e-02,-5.611969560494929621e-02,2.205547201104017183e-02,-8.005774740569308878e-02,8.255671234604779196e-02
0.000000000000000000e+00,0.000000000000000000e+00,0.000000000000000000e+00,0.000000000000000000e+00,0.000000000000000000e+00,0.000000000000000000e+00,0.000000000000000000e+00,0.000000000000000000e+00,0.000000000000000000e+00,0.000000000000000000e+00,0.000000000000000000e+00,0.000000000000000000e+00,0.000000000000000000e+00,0.000000000000000000e+00,0.000000000000000000e+00,0.000000000000000000e+00,0.000000000000000000e+00,0.000000000000000000e+00,0.000000000000000000e+00,0.000000000000000000e+00,0.000000000000000000e+00,0.000000000000000000e+00,0.000000000000000000e+00,0.000000000000000000e+00,0.000000000000000000e+00,0.000000000000000000e+00,0.000000000000000000e+00,0.000000000000000000e+00,0.000000000000000000e+00,0.000000000000000000e+00,0.000000000000000000e+00,0.000000000000000000e+00,0.000000000000000000e+00,0.000000000000000000e+00,0.000000000000000000e+00,0.000000000000000000e+00,0.000000000000000000e+00,0.000000000000000000e+00,0.000000000000000000e+00,0.000000000000000000e+00,0.000000000000000000e+00,0.000000000000000000e+00,0.000000000000000000e+00,0.000000000000000000e+00,0.000000000000000000e+00,0.000000000000000000e+00,0.000000000000000000e+00,0.000000000000000000e+00,0.000000000000000000e+00,0.000000000000000000e+00,0.000000000000000000e+00,0.000000000000000000e+00,0.000000000000000000e+00,0.000000000000000000e+00,0.000000000000000000e+00,0.000000000000000000e+00,0.000000000000000000e+00,0.000000000000000000e+00,0.000000000000000000e+00,0.000000000000000000e+00,0.000000000000000000e+00,0.000000000000000000e+00,0.000000000000000000e+00,0.000000000000000000e+00,0.000000000000000000e+00,0.000000000000000000e+00,0.000000000000000000e+00,0.000000000000000000e+00,0.000000000000000000e+00,0.000000000000000000e+00,0.000000000000000000e+00,0.000000000000000000e+00,0.000000000000000000e+00,0.000000000000000000e+00,0.000000000000000000e+00,0.000000000000000000e+00,0.000000000000000000e+00,0.000000000000000000e+00,0.000000000000000000e+00,0.000000000000000000e+00,0.000000000000000000e+00,0.000000000000000000e+00,0.000000000000000000e+00,0.000000000000000000e+00,0.000000000000000000e+00,0.000000000000000000e+00,0.000000000000000000e+00,0.000000000000000000e+00,1.000000000000000000e+00,9.084041995753053267e-02,3.332821759649425009e-02,-1.625167164027598310e-01,4.681433051050568062e-02,7.325346116679212240e-03,-2.345102004876591373e-01,2.863498132832707072e-02,-1.957493134373832211e-01,1.611323072659738564e-01,-1.529340389215514961e-01,-2.928185998163929452e-02
0.000000000000000000e+00,0.000000000000000000e+00,0.000000000000000000e+00,0.000000000000000000e+00,0.000000000000000000e+00,0.000000000000000000e+00,0.000000000000000000e+00,0.000000000000000000e+00,0.000000000000000000e+00,0.000000000000000000e+00,0.000000000000000000e+00,0.000000000000000000e+00,0.000000000000000000e+00,0.000000000000000000e+00,0.000000000000000000e+00,0.000000000000000000e+00,0.000000000000000000e+00,0.000000000000000000e+00,0.000000000000000000e+00,0.000000000000000000e+00,0.000000000000000000e+00,0.000000000000000000e+00,0.000000000000000000e+00,0.000000000000000000e+00,0.000000000000000000e+00,0.000000000000000000e+00,0.000000000000000000e+00,0.000000000000000000e+00,0.000000000000000000e+00,0.000000000000000000e+00,0.000000000000000000e+00,0.000000000000000000e+00,0.000000000000000000e+00,0.000000000000000000e+00,0.000000000000000000e+00,0.000000000000000000e+00,0.000000000000000000e+00,0.000000000000000000e+00,0.000000000000000000e+00,0.000000000000000000e+00,0.000000000000000000e+00,0.000000000000000000e+00,0.000000000000000000e+00,0.000000000000000000e+00,0.000000000000000000e+00,0.000000000000000000e+00,0.000000000000000000e+00,0.000000000000000000e+00,0.000000000000000000e+00,0.000000000000000000e+00,0.000000000000000000e+00,0.000000000000000000e+00,0.000000000000000000e+00,0.000000000000000000e+00,0.000000000000000000e+00,0.000000000000000000e+00,0.000000000000000000e+00,0.000000000000000000e+00,0.000000000000000000e+00,0.000000000000000000e+00,0.000000000000000000e+00,0.000000000000000000e+00,0.000000000000000000e+00,0.000000000000000000e+00,0.000000000000000000e+00,0.000000000000000000e+00,0.000000000000000000e+00,0.000000000000000000e+00,0.000000000000000000e+00,0.000000000000000000e+00,0.000000000000000000e+00,0.000000000000000000e+00,0.000000000000000000e+00,0.000000000000000000e+00,0.000000000000000000e+00,0.000000000000000000e+00,0.000000000000000000e+00,0.000000000000000000e+00,0.000000000000000000e+00,0.000000000000000000e+00,0.000000000000000000e+00,0.000000000000000000e+00,0.000000000000000000e+00,0.000000000000000000e+00,0.000000000000000000e+00,0.000000000000000000e+00,0.000000000000000000e+00,0.000000000000000000e+00,0.000000000000000000e+00,1.000000000000000000e+00,-1.860444266872356978e-01,1.515717286005381359e-01,2.110581188663797347e-01,2.138728665471707757e-01,1.522360148652322498e-01,1.009213680010250386e-01,-7.854138027819453430e-03,1.769375152817062036e-01,3.746787680617811797e-03,-1.383057481102732689e-01
0.000000000000000000e+00,0.000000000000000000e+00,0.000000000000000000e+00,0.000000000000000000e+00,0.000000000000000000e+00,0.000000000000000000e+00,0.000000000000000000e+00,0.000000000000000000e+00,0.000000000000000000e+00,0.000000000000000000e+00,0.000000000000000000e+00,0.000000000000000000e+00,0.000000000000000000e+00,0.000000000000000000e+00,0.000000000000000000e+00,0.000000000000000000e+00,0.000000000000000000e+00,0.000000000000000000e+00,0.000000000000000000e+00,0.000000000000000000e+00,0.000000000000000000e+00,0.000000000000000000e+00,0.000000000000000000e+00,0.000000000000000000e+00,0.000000000000000000e+00,0.000000000000000000e+00,0.000000000000000000e+00,0.000000000000000000e+00,0.000000000000000000e+00,0.000000000000000000e+00,0.000000000000000000e+00,0.000000000000000000e+00,0.000000000000000000e+00,0.000000000000000000e+00,0.000000000000000000e+00,0.000000000000000000e+00,0.000000000000000000e+00,0.000000000000000000e+00,0.000000000000000000e+00,0.000000000000000000e+00,0.000000000000000000e+00,0.000000000000000000e+00,0.000000000000000000e+00,0.000000000000000000e+00,0.000000000000000000e+00,0.000000000000000000e+00,0.000000000000000000e+00,0.000000000000000000e+00,0.000000000000000000e+00,0.000000000000000000e+00,0.000000000000000000e+00,0.000000000000000000e+00,0.000000000000000000e+00,0.000000000000000000e+00,0.000000000000000000e+00,0.000000000000000000e+00,0.000000000000000000e+00,0.000000000000000000e+00,0.000000000000000000e+00,0.000000000000000000e+00,0.000000000000000000e+00,0.000000000000000000e+00,0.000000000000000000e+00,0.000000000000000000e+00,0.000000000000000000e+00,0.000000000000000000e+00,0.000000000000000000e+00,0.000000000000000000e+00,0.000000000000000000e+00,0.000000000000000000e+00,0.000000000000000000e+00,0.000000000000000000e+00,0.000000000000000000e+00,0.000000000000000000e+00,0.000000000000000000e+00,0.000000000000000000e+00,0.000000000000000000e+00,0.000000000000000000e+00,0.000000000000000000e+00,0.000000000000000000e+00,0.000000000000000000e+00,0.000000000000000000e+00,0.000000000000000000e+00,0.000000000000000000e+00,0.000000000000000000e+00,0.000000000000000000e+00,0.000000000000000000e+00,0.000000000000000000e+00,0.000000000000000000e+00,0.000000000000000000e+00,1.000000000000000000e+00,6.516489797208534218e-02,4.135227862987111286e-02,-7.994970457525550633e-02,-2.329578359938795640e-01,-4.606279339860155919e-02,2.747899660370528574e-02,2.088493190536334920e-01,-6.743630198895375627e-02,2.474420854271380532e-01
0.000000000000000000e+00,0.000000000000000000e+00,0.000000000000000000e+00,0.000000000000000000e+00,0.000000000000000000e+00,0.000000000000000000e+00,0.000000000000000000e+00,0.000000000000000000e+00,0.000000000000000000e+00,0.000000000000000000e+00,0.000000000000000000e+00,0.000000000000000000e+00,0.000000000000000000e+00,0.000000000000000000e+00,0.000000000000000000e+00,0.000000000000000000e+00,0.000000000000000000e+00,0.000000000000000000e+00,0.000000000000000000e+00,0.000000000000000000e+00,0.000000000000000000e+00,0.000000000000000000e+00,0.000000000000000000e+00,0.000000000000000000e+00,0.000000000000000000e+00,0.000000000000000000e+00,0.000000000000000000e+00,0.000000000000000000e+00,0.000000000000000000e+00,0.000000000000000000e+00,0.000000000000000000e+00,0.000000000000000000e+00,0.000000000000000000e+00,0.000000000000000000e+00,0.000000000000000000e+00,0.000000000000000000e+00,0.000000000000000000e+00,0.000000000000000000e+00,0.000000000000000000e+00,0.000000000000000000e+00,0.000000000000000000e+00,0.000000000000000000e+00,0.000000000000000000e+00,0.000000000000000000e+00,0.000000000000000000e+00,0.000000000000000000e+00,0.000000000000000000e+00,0.000000000000000000e+00,0.000000000000000000e+00,0.000000000000000000e+00,0.000000000000000000e+00,0.000000000000000000e+00,0.000000000000000000e+00,0.000000000000000000e+00,0.000000000000000000e+00,0.000000000000000000e+00,0.000000000000000000e+00,0.000000000000000000e+00,0.000000000000000000e+00,0.000000000000000000e+00,0.000000000000000000e+00,0.000000000000000000e+00,0.000000000000000000e+00,0.000000000000000000e+00,0.000000000000000000e+00,0.000000000000000000e+00,0.000000000000000000e+00,0.000000000000000000e+00,0.000000000000000000e+00,0.000000000000000000e+00,0.000000000000000000e+00,0.000000000000000000e+00,0.000000000000000000e+00,0.000000000000000000e+00,0.000000000000000000e+00,0.000000000000000000e+00,0.000000000000000000e+00,0.000000000000000000e+00,0.000000000000000000e+00,0.000000000000000000e+00,0.000000000000000000e+00,0.000000000000000000e+00,0.000000000000000000e+00,0.000000000000000000e+00,0.000000000000000000e+00,0.000000000000000000e+00,0.000000000000000000e+00,0.000000000000000000e+00,0.000000000000000000e+00,0.000000000000000000e+00,0.000000000000000000e+00,1.000000000000000000e+00,-1.073087733780162950e-01,-9.618626191641631296e-02,-2.253392748392042122e-01,2.751416700418904751e-03,-4.004377672389931170e-02,-8.752949196578882485e-02,-6.443995488417754436e-02,-2.847937144211968308e-01
0.000000000000000000e+00,0.000000000000000000e+00,0.000000000000000000e+00,0.000000000000000000e+00,0.000000000000000000e+00,0.000000000000000000e+00,0.000000000000000000e+00,0.000000000000000000e+00,0.000000000000000000e+00,0.000000000000000000e+00,0.000000000000000000e+00,0.000000000000000000e+00,0.000000000000000000e+00,0.000000000000000000e+00,0.000000000000000000e+00,0.000000000000000000e+00,0.000000000000000000e+00,0.000000000000000000e+00,0.000000000000000000e+00,0.000000000000000000e+00,0.000000000000000000e+00,0.000000000000000000e+00,0.000000000000000000e+00,0.000000000000000000e+00,0.000000000000000000e+00,0.000000000000000000e+00,0.000000000000000000e+00,0.000000000000000000e+00,0.000000000000000000e+00,0.000000000000000000e+00,0.000000000000000000e+00,0.000000000000000000e+00,0.000000000000000000e+00,0.000000000000000000e+00,0.000000000000000000e+00,0.000000000000000000e+00,0.000000000000000000e+00,0.000000000000000000e+00,0.000000000000000000e+00,0.000000000000000000e+00,0.000000000000000000e+00,0.000000000000000000e+00,0.000000000000000000e+00,0.000000000000000000e+00,0.000000000000000000e+00,0.000000000000000000e+00,0.000000000000000000e+00,0.000000000000000000e+00,0.000000000000000000e+00,0.000000000000000000e+00,0.000000000000000000e+00,0.000000000000000000e+00,0.000000000000000000e+00,0.000000000000000000e+00,0.000000000000000000e+00,0.000000000000000000e+00,0.000000000000000000e+00,0.000000000000000000e+00,0.000000000000000000e+00,0.000000000000000000e+00,0.000000000000000000e+00,0.000000000000000000e+00,0.000000000000000000e+00,0.000000000000000000e+00,0.000000000000000000e+00,0.000000000000000000e+00,0.000000000000000000e+00,0.000000000000000000e+00,0.000000000000000000e+00,0.000000000000000000e+00,0.000000000000000000e+00,0.000000000000000000e+00,0.000000000000000000e+00,0.000000000000000000e+00,0.000000000000000000e+00,0.000000000000000000e+00,0.000000000000000000e+00,0.000000000000000000e+00,0.000000000000000000e+00,0.000000000000000000e+00,0.000000000000000000e+00,0.000000000000000000e+00,0.000000000000000000e+00,0.000000000000000000e+00,0.000000000000000000e+00,0.000000000000000000e+00,0.000000000000000000e+00,0.000000000000000000e+00,0.000000000000000000e+00,0.000000000000000000e+00,0.000000000000000000e+00,0.000000000000000000e+00,1.000000000000000000e+00,2.188323877454647626e-01,1.209246605651791984e-01,1.053354317182181484e-02,2.729298300371686414e-01,3.250330186368782098e-02,2.707235199341065379e-01,2.975840147088841814e-01
0.000000000000000000e+00,0.000000000000000000e+00,0.000000000000000000e+00,0.000000000000000000e+00,0.000000000000000000e+00,0.000000000000000000e+00,0.000000000000000000e+00,0.000000000000000000e+00,0.000000000000000000e+00,0.000000000000000000e+00,0.000000000000000000e+00,0.000000000000000000e+00,0.000000000000000000e+00,0.000000000000000000e+00,0.000000000000000000e+00,0.000000000000000000e+00,0.000000000000000000e+00,0.000000000000000000e+00,0.000000000000000000e+00,0.000000000000000000e+00,0.000000000000000000e+00,0.000000000000000000e+00,0.000000000000000000e+00,0.000000000000000000e+00,0.000000000000000000e+00,0.000000000000000000e+00,0.000000000000000000e+00,0.000000000000000000e+00,0.000000000000000000e+00,0.000000000000000000e+00,0.000000000000000000e+00,0.000000000000000000e+00,0.000000000000000000e+00,0.000000000000000000e+00,0.000000000000000000e+00,0.000000000000000000e+00,0.000000000000000000e+00,0.000000000000000000e+00,0.000000000000000000e+00,0.000000000000000000e+00,0.000000000000000000e+00,0.000000000000000000e+00,0.000000000000000000e+00,0.000000000000000000e+00,0.000000000000000000e+00,0.000000000000000000e+00,0.000000000000000000e+00,0.000000000000000000e+00,0.000000000000000000e+00,0.000000000000000000e+00,0.000000000000000000e+00,0.000000000000000000e+00,0.000000000000000000e+00,0.000000000000000000e+00,0.000000000000000000e+00,0.000000000000000000e+00,0.000000000000000000e+00,0.000000000000000000e+00,0.000000000000000000e+00,0.000000000000000000e+00,0.000000000000000000e+00,0.000000000000000000e+00,0.000000000000000000e+00,0.000000000000000000e+00,0.000000000000000000e+00,0.000000000000000000e+00,0.000000000000000000e+00,0.000000000000000000e+00,0.000000000000000000e+00,0.000000000000000000e+00,0.000000000000000000e+00,0.000000000000000000e+00,0.000000000000000000e+00,0.000000000000000000e+00,0.000000000000000000e+00,0.000000000000000000e+00,0.000000000000000000e+00,0.000000000000000000e+00,0.000000000000000000e+00,0.000000000000000000e+00,0.000000000000000000e+00,0.000000000000000000e+00,0.000000000000000000e+00,0.000000000000000000e+00,0.000000000000000000e+00,0.000000000000000000e+00,0.000000000000000000e+00,0.000000000000000000e+00,0.000000000000000000e+00,0.000000000000000000e+00,0.000000000000000000e+00,0.000000000000000000e+00,0.000000000000000000e+00,1.000000000000000000e+00,5.291092612777225940e-04,2.159406251097540155e-02,-5.073233454217272037e-02,-3.664015525875868873e-02,2.803214726141871078e-03,6.092931855255165341e-02
0.000000000000000000e+00,0.000000000000000000e+00,0.000000000000000000e+00,0.000000000000000000e+00,0.000000000000000000e+00,0.000000000000000000e+00,0.000000000000000000e+00,0.000000000000000000e+00,0.000000000000000000e+00,0.000000000000000000e+00,0.000000000000000000e+00,0.000000000000000000e+00,0.000000000000000000e+00,0.000000000000000000e+00,0.000000000000000000e+00,0.000000000000000000e+00,0.000000000000000000e+00,0.000000000000000000e+00,0.000000000000000000e+00,0.000000000000000000e+00,0.000000000000000000e+00,0.000000000000000000e+00,0.000000000000000000e+00,0.000000000000000000e+00,0.000000000000000000e+00,0.000000000000000000e+00,0.000000000000000000e+00,0.000000000000000000e+00,0.000000000000000000e+00,0.000000000000000000e+00,0.000000000000000000e+00,0.000000000000000000e+00,0.000000000000000000e+00,0.000000000000000000e+00,0.000000000000000000e+00,0.000000000000000000e+00,0.000000000000000000e+00,0.000000000000000000e+00,0.000000000000000000e+00,0.000000000000000000e+00,0.000000000000000000e+00,0.000000000000000000e+00,0.000000000000000000e+00,0.000000000000000000e+00,0.000000000000000000e+00,0.000000000000000000e+00,0.000000000000000000e+00,0.000000000000000000e+00,0.000000000000000000e+00,0.000000000000000000e+00,0.000000000000000000e+00,0.000000000000000000e+00,0.000000000000000000e+00,0.000000000000000000e+00,0.000000000000000000e+00,0.000000000000000000e+00,0.000000000000000000e+00,0.000000000000000000e+00,0.000000000000000000e+00,0.000000000000000000e+00,0.000000000000000000e+00,0.000000000000000000e+00,0.000000000000000000e+00,0.000000000000000000e+00,0.000000000000000000e+00,0.000000000000000000e+00,0.000000000000000000e+00,0.000000000000000000e+00,0.000000000000000000e+00,0.000000000000000000e+00,0.000000000000000000e+00,0.000000000000000000e+00,0.000000000000000000e+00,0.000000000000000000e+00,0.000000000000000000e+00,0.000000000000000000e+00,0.000000000000000000e+00,0.000000000000000000e+00,0.000000000000000000e+00,0.000000000000000000e+00,0.000000000000000000e+00,0.000000000000000000e+00,0.000000000000000000e+00,0.000000000000000000e+00,0.000000000000000000e+00,0.000000000000000000e+00,0.000000000000000000e+00,0.000000000000000000e+00,0.000000000000000000e+00,0.000000000000000000e+00,0.000000000000000000e+00,0.000000000000000000e+00,0.000000000000000000e+00,0.000000000000000000e+00,1.000000000000000000e+00,-5.260978918679101030e-02,4.531688881049544815e-02,-3.700731564599209905e-02,1.338836113529028593e-01,7.628893865458570567e-04
0.000000000000000000e+00,0.000000000000000000e+00,0.000000000000000000e+00,0.000000000000000000e+00,0.000000000000000000e+00,0.000000000000000000e+00,0.000000000000000000e+00,0.000000000000000000e+00,0.000000000000000000e+00,0.000000000000000000e+00,0.000000000000000000e+00,0.000000000000000000e+00,0.000000000000000000e+00,0.000000000000000000e+00,0.000000000000000000e+00,0.000000000000000000e+00,0.000000000000000000e+00,0.000000000000000000e+00,0.000000000000000000e+00,0.000000000000000000e+00,0.000000000000000000e+00,0.000000000000000000e+00,0.000000000000000000e+00,0.000000000000000000e+00,0.000000000000000000e+00,0.000000000000000000e+00,0.000000000000000000e+00,0.000000000000000000e+00,0.000000000000000000e+00,0.000000000000000000e+00,0.000000000000000000e+00,0.000000000000000000e+00,0.000000000000000000e+00,0.000000000000000000e+00,0.000000000000000000e+00,0.000000000000000000e+00,0.000000000000000000e+00,0.000000000000000000e+00,0.000000000000000000e+00,0.000000000000000000e+00,0.000000000000000000e+00,0.000000000000000000e+00,0.000000000000000000e+00,0.000000000000000000e+00,0.000000000000000000e+00,0.000000000000000000e+00,0.000000000000000000e+00,0.000000000000000000e+00,0.000000000000000000e+00,0.000000000000000000e+00,0.000000000000000000e+00,0.000000000000000000e+00,0.000000000000000000e+00,0.000000000000000000e+00,0.000000000000000000e+00,0.000000000000000000e+00,0.000000000000000000e+00,0.000000000000000000e+00,0.000000000000000000e+00,0.000000000000000000e+00,0.000000000000000000e+00,0.000000000000000000e+00,0.000000000000000000e+00,0.000000000000000000e+00,0.000000000000000000e+00,0.000000000000000000e+00,0.000000000000000000e+00,0.000000000000000000e+00,0.000000000000000000e+00,0.000000000000000000e+00,0.000000000000000000e+00,0.000000000000000000e+00,0.000000000000000000e+00,0.000000000000000000e+00,0.000000000000000000e+00,0.000000000000000000e+00,0.000000000000000000e+00,0.000000000000000000e+00,0.000000000000000000e+00,0.000000000000000000e+00,0.000000000000000000e+00,0.000000000000000000e+00,0.000000000000000000e+00,0.000000000000000000e+00,0.000000000000000000e+00,0.000000000000000000e+00,0.000000000000000000e+00,0.000000000000000000e+00,0.000000000000000000e+00,0.000000000000000000e+00,0.000000000000000000e+00,0.000000000000000000e+00,0.000000000000000000e+00,0.000000000000000000e+00,0.000000000000000000e+00,1.000000000000000000e+00,-7.612154039158040841e-02,2.552651251456460324e-01,9.508230370071456272e-02,-4.890567408543099875e-02
0.000000000000000000e+00,0.000000000000000000e+00,0.000000000000000000e+00,0.000000000000000000e+00,0.000000000000000000e+00,0.000000000000000000e+00,0.000000000000000000e+00,0.000000000000000000e+00,0.000000000000000000e+00,0.000000000000000000e+00,0.000000000000000000e+00,0.000000000000000000e+00,0.000000000000000000e+00,0.000000000000000000e+00,0.000000000000000000e+00,0.000000000000000000e+00,0.000000000000000000e+00,0.000000000000000000e+00,0.000000000000000000e+00,0.000000000000000000e+00,0.000000000000000000e+00,0.000000000000000000e+00,0.000000000000000000e+00,0.000000000000000000e+00,0.000000000000000000e+00,0.000000000000000000e+00,0.000000000000000000e+00,0.000000000000000000e+00,0.000000000000000000e+00,0.000000000000000000e+00,0.000000000000000000e+00,0.000000000000000000e+00,0.000000000000000000e+00,0.000000000000000000e+00,0.000000000000000000e+00,0.000000000000000000e+00,0.000000000000000000e+00,0.000000000000000000e+00,0.000000000000000000e+00,0.000000000000000000e+00,0.000000000000000000e+00,0.000000000000000000e+00,0.000000000000000000e+00,0.000000000000000000e+00,0.000000000000000000e+00,0.000000000000000000e+00,0.000000000000000000e+00,0.000000000000000000e+00,0.000000000000000000e+00,0.000000000000000000e+00,0.000000000000000000e+00,0.000000000000000000e+00,0.000000000000000000e+00,0.000000000000000000e+00,0.000000000000000000e+00,0.000000000000000000e+00,0.000000000000000000e+00,0.000000000000000000e+00,0.000000000000000000e+00,0.000000000000000000e+00,0.000000000000000000e+00,0.000000000000000000e+00,0.000000000000000000e+00,0.000000000000000000e+00,0.000000000000000000e+00,0.000000000000000000e+00,0.000000000000000000e+00,0.000000000000000000e+00,0.000000000000000000e+00,0.000000000000000000e+00,0.000000000000000000e+00,0.000000000000000000e+00,0.000000000000000000e+00,0.000000000000000000e+00,0.000000000000000000e+00,0.000000000000000000e+00,0.000000000000000000e+00,0.000000000000000000e+00,0.000000000000000000e+00,0.000000000000000000e+00,0.000000000000000000e+00,0.000000000000000000e+00,0.000000000000000000e+00,0.000000000000000000e+00,0.000000000000000000e+00,0.000000000000000000e+00,0.000000000000000000e+00,0.000000000000000000e+00,0.000000000000000000e+00,0.000000000000000000e+00,0.000000000000000000e+00,0.000000000000000000e+00,0.000000000000000000e+00,0.000000000000000000e+00,0.000000000000000000e+00,0.000000000000000000e+00,1.000000000000000000e+00,-3.887129268729275222e-02,1.213448319881127307e-01,6.453768002291133954e-02
0.000000000000000000e+00,0.000000000000000000e+00,0.000000000000000000e+00,0.000000000000000000e+00,0.000000000000000000e+00,0.000000000000000000e+00,0.000000000000000000e+00,0.000000000000000000e+00,0.000000000000000000e+00,0.000000000000000000e+00,0.000000000000000000e+00,0.000000000000000000e+00,0.000000000000000000e+00,0.000000000000000000e+00,0.000000000000000000e+00,0.000000000000000000e+00,0.000000000000000000e+00,0.000000000000000000e+00,0.000000000000000000e+00,0.000000000000000000e+00,0.000000000000000000e+00,0.000000000000000000e+00,0.000000000000000000e+00,0.000000000000000000e+00,0.000000000000000000e+00,0.000000000000000000e+00,0.000000000000000000e+00,0.000000000000000000e+00,0.000000000000000000e+00,0.000000000000000000e+00,0.000000000000000000e+00,0.000000000000000000e+00,0.000000000000000000e+00,0.000000000000000000e+00,0.000000000000000000e+00,0.000000000000000000e+00,0.000000000000000000e+00,0.000000000000000000e+00,0.000000000000000000e+00,0.000000000000000000e+00,0.000000000000000000e+00,0.000000000000000000e+00,0.000000000000000000e+00,0.000000000000000000e+00,0.000000000000000000e+00,0.000000000000000000e+00,0.000000000000000000e+00,0.000000000000000000e+00,0.000000000000000000e+00,0.000000000000000000e+00,0.000000000000000000e+00,0.000000000000000000e+00,0.000000000000000000e+00,0.000000000000000000e+00,0.000000000000000000e+00,0.000000000000000000e+00,0.000000000000000000e+00,0.000000000000000000e+00,0.000000000000000000e+00,0.000000000000000000e+00,0.000000000000000000e+00,0.000000000000000000e+00,0.000000000000000000e+00,0.000000000000000000e+00,0.000000000000000000e+00,0.000000000000000000e+00,0.000000000000000000e+00,0.000000000000000000e+00,0.000000000000000000e+00,0.000000000000000000e+00,0.000000000000000000e+00,0.000000000000000000e+00,0.000000000000000000e+00,0.000000000000000000e+00,0.000000000000000000e+00,0.000000000000000000e+00,0.000000000000000000e+00,0.000000000000000000e+00,0.000000000000000000e+00,0.000000000000000000e+00,0.000000000000000000e+00,0.000000000000000000e+00,0.000000000000000000e+00,0.000000000000000000e+00,0.000000000000000000e+00,0.000000000000000000e+00,0.000000000000000000e+00,0.000000000000000000e+00,0.000000000000000000e+00,0.000000000000000000e+00,0.000000000000000000e+00,0.000000000000000000e+00,0.000000000000000000e+00,0.000000000000000000e+00,0.000000000000000000e+00,0.000000000000000000e+00,0.000000000000000000e+00,1.000000000000000000e+00,-2.968489410508167586e-02,8.114701245056954448e-02
0.000000000000000000e+00,0.000000000000000000e+00,0.000000000000000000e+00,0.000000000000000000e+00,0.000000000000000000e+00,0.000000000000000000e+00,0.000000000000000000e+00,0.000000000000000000e+00,0.000000000000000000e+00,0.000000000000000000e+00,0.000000000000000000e+00,0.000000000000000000e+00,0.000000000000000000e+00,0.000000000000000000e+00,0.000000000000000000e+00,0.000000000000000000e+00,0.000000000000000000e+00,0.000000000000000000e+00,0.000000000000000000e+00,0.000000000000000000e+00,0.000000000000000000e+00,0.000000000000000000e+00,0.000000000000000000e+00,0.000000000000000000e+00,0.000000000000000000e+00,0.000000000000000000e+00,0.000000000000000000e+00,0.000000000000000000e+00,0.000000000000000000e+00,0.000000000000000000e+00,0.000000000000000000e+00,0.000000000000000000e+00,0.000000000000000000e+00,0.000000000000000000e+00,0.000000000000000000e+00,0.000000000000000000e+00,0.000000000000000000e+00,0.000000000000000000e+00,0.000000000000000000e+00,0.000000000000000000e+00,0.000000000000000000e+00,0.000000000000000000e+00,0.000000000000000000e+00,0.000000000000000000e+00,0.000000000000000000e+00,0.000000000000000000e+00,0.000000000000000000e+00,0.000000000000000000e+00,0.000000000000000000e+00,0.000000000000000000e+00,0.000000000000000000e+00,0.000000000000000000e+00,0.000000000000000000e+00,0.000000000000000000e+00,0.000000000000000000e+00,0.000000000000000000e+00,0.000000000000000000e+00,0.000000000000000000e+00,0.000000000000000000e+00,0.000000000000000000e+00,0.000000000000000000e+00,0.000000000000000000e+00,0.000000000000000000e+00,0.000000000000000000e+00,0.000000000000000000e+00,0.000000000000000000e+00,0.000000000000000000e+00,0.000000000000000000e+00,0.000000000000000000e+00,0.000000000000000000e+00,0.000000000000000000e+00,0.000000000000000000e+00,0.000000000000000000e+00,0.000000000000000000e+00,0.000000000000000000e+00,0.000000000000000000e+00,0.000000000000000000e+00,0.000000000000000000e+00,0.000000000000000000e+00,0.000000000000000000e+00,0.000000000000000000e+00,0.000000000000000000e+00,0.000000000000000000e+00,0.000000000000000000e+00,0.000000000000000000e+00,0.000000000000000000e+00,0.000000000000000000e+00,0.000000000000000000e+00,0.000000000000000000e+00,0.000000000000000000e+00,0.000000000000000000e+00,0.000000000000000000e+00,0.000000000000000000e+00,0.000000000000000000e+00,0.000000000000000000e+00,0.000000000000000000e+00,0.000000000000000000e+00,0.000000000000000000e+00,1.000000000000000000e+00,9.872472581050061036e-02
0.000000000000000000e+00,0.000000000000000000e+00,0.000000000000000000e+00,0.000000000000000000e+00,0.000000000000000000e+00,0.000000000000000000e+00,0.000000000000000000e+00,0.000000000000000000e+00,0.000000000000000000e+00,0.000000000000000000e+00,0.000000000000000000e+00,0.000000000000000000e+00,0.000000000000000000e+00,0.000000000000000000e+00,0.000000000000000000e+00,0.000000000000000000e+00,0.000000000000000000e+00,0.000000000000000000e+00,0.000000000000000000e+00,0.000000000000000000e+00,0.000000000000000000e+00,0.000000000000000000e+00,0.000000000000000000e+00,0.000000000000000000e+00,0.000000000000000000e+00,0.000000000000000000e+00,0.000000000000000000e+00,0.000000000000000000e+00,0.000000000000000000e+00,0.000000000000000000e+00,0.000000000000000000e+00,0.000000000000000000e+00,0.000000000000000000e+00,0.000000000000000000e+00,0.000000000000000000e+00,0.000000000000000000e+00,0.000000000000000000e+00,0.000000000000000000e+00,0.000000000000000000e+00,0.000000000000000000e+00,0.000000000000000000e+00,0.000000000000000000e+00,0.000000000000000000e+00,0.000000000000000000e+00,0.000000000000000000e+00,0.000000000000000000e+00,0.000000000000000000e+00,0.000000000000000000e+00,0.000000000000000000e+00,0.000000000000000000e+00,0.000000000000000000e+00,0.000000000000000000e+00,0.000000000000000000e+00,0.000000000000000000e+00,0.000000000000000000e+00,0.000000000000000000e+00,0.000000000000000000e+00,0.000000000000000000e+00,0.000000000000000000e+00,0.000000000000000000e+00,0.000000000000000000e+00,0.000000000000000000e+00,0.000000000000000000e+00,0.000000000000000000e+00,0.000000000000000000e+00,0.000000000000000000e+00,0.000000000000000000e+00,0.000000000000000000e+00,0.000000000000000000e+00,0.000000000000000000e+00,0.000000000000000000e+00,0.000000000000000000e+00,0.000000000000000000e+00,0.000000000000000000e+00,0.000000000000000000e+00,0.000000000000000000e+00,0.000000000000000000e+00,0.000000000000000000e+00,0.000000000000000000e+00,0.000000000000000000e+00,0.000000000000000000e+00,0.000000000000000000e+00,0.000000000000000000e+00,0.000000000000000000e+00,0.000000000000000000e+00,0.000000000000000000e+00,0.000000000000000000e+00,0.000000000000000000e+00,0.000000000000000000e+00,0.000000000000000000e+00,0.000000000000000000e+00,0.000000000000000000e+00,0.000000000000000000e+00,0.000000000000000000e+00,0.000000000000000000e+00,0.000000000000000000e+00,0.000000000000000000e+00,0.000000000000000000e+00,0.000000000000000000e+00,1.000000000000000000e+00
