1.000000000000000000e+00,-1.000000000000000000e+00,-5.302780347136025751e-01,-1.000000000000000000e+00,-5.657769064510387996e-02,7.487129003776704650e-02,3.571701137473472926e-02,-5.681778547476352692e-01,-1.000000000000000000e+00,-1.000000000000000000e+00,-1.000000000000000000e+00,-1.000000000000000000e+00,-1.000000000000000000e+00,1.000000000000000000e+00,1.000000000000000000e+00,-1.000000000000000000e+00,4.037724145074562121e-01,-1.000000000000000000e+00,1.000000000000000000e+00,1.000000000000000000e+00,-1.000000000000000000e+00,1.000000000000000000e+00,-1.000000000000000000e+00,-3.564553160552054178e-01,1.000000000000000000e+00,1.000000000000000000e+00,-1.000000000000000000e+00,-1.000000000000000000e+00,-1.000000000000000000e+00,-1.000000000000000000e+00,-1.000000000000000000e+00,-1.000000000000000000e+00,1.000000000000000000e+00,1.000000000000000000e+00,1.000000000000000000e+00,1.000000000000000000e+00,9.138135432608961439e-01,1.000000000000000000e+00,-1.000000000000000000e+00,1.000000000000000000e+00,-1.000000000000000000e+00,-1.000000000000000000e+00,-5.539983564085423362e-01,-1.000000000000000000e+00,-1.000000000000000000e+00,-1.000000000000000000e+00,-1.000000000000000000e+00,-1.000000000000000000e+00,-1.000000000000000000e+00,1.000000000000000000e+00,1.000000000000000000e+00,1.000000000000000000e+00,-1.000000000000000000e+00,-1.000000000000000000e+00,1.000000000000000000e+00,-1.000000000000000000e+00,1.000000000000000000e+00,-1.000000000000000000e+00,-1.000000000000000000e+00,1.000000000000000000e+00,-3.734546156374534687e-01,-1.000000000000000000e+00,1.000000000000000000e+00,1.000000000000000000e+00,-1.000000000000000000e+00,-1.000000000000000000e+00,-1.373665369727787577e-02,1.000000000000000000e+00,-1.000000000000000000e+00,-1.000000000000000000e+00,-1.000000000000000000e+00,-1.000000000000000000e+00,-1.000000000000000000e+00,1.000000000000000000e+00,-1.000000000000000000e+00,1.000000000000000000e+00,-1.000000000000000000e+00,1.000000000000000000e+00,-1.000000000000000000e+00,1.000000000000000000e+00,-6.905634532411201176e-01,-1.000000000000000000e+00,-1.000000000000000000e+00,1.000000000000000000e+00,-9.516206569738641097e-01,1.000000000000000000e+00,-1.000000000000000000e+00,1.000000000000000000e+00,1.000000000000000000e+00,1.000000000000000000e+00,-1.000000000000000000e+00,-1.000000000000000000e+00,-1.000000000000000000e+00,1.000000000000000000e+00,1.000000000000000000e+00,1.000000000000000000e+00,-1.000000000000000000e+00,1.000000000000000000e+00,-1.000000000000000000e+00,-1.000000000000000000e+00
0.000000000000000000e+00,1.000000000000000000e+00,7.164581931815523774e-02,1.075286636826296716e-01,1.104426876081175957e-01,-1.368363213529476541e-01,-9.120736018281726254e-02,-3.966129211502462115e-01,-8.749246433190356331e-01,-5.026327197515004785e-01,-7.252845167279121652e-01,-1.000000000000000000e+00,-1.000000000000000000e+00,-1.000000000000000000e+00,-1.000000000000000000e+00,-1.000000000000000000e+00,-1.000000000000000000e+00,-1.000000000000000000e+00,-9.778066901105723074e-01,-1.000000000000000000e+00,-1.000000000000000000e+00,-1.000000000000000000e+00,1.000000000000000000e+00,1.000000000000000000e+00,-1.000000000000000000e+00,-8.044386190934853520e-01,-6.804575938997934337e-01,-1.000000000000000000e+00,-1.000000000000000000e+00,-4.509896003105104412e-01,-1.000000000000000000e+00,-1.000000000000000000e+00,-8.896483478909765763e-01,-7.050541253050839341e-01,-7.439022913055651776e-01,-2.790204520605843452e-01,-1.000000000000000000e+00,3.349187560136813735e-01,-1.000000000000000000e+00,1.000000000000000000e+00,-1.000000000000000000e+00,1.000000000000000000e+00,-1.000000000000000000e+00,2.829122795231944765e-01,-1.000000000000000000e+00,-7.703004311221411937e-01,9.755830789538316727e-01,-5.906519950073704228e-01,-2.822753736366341859e-01,-8.218337643092535894e-01,-1.000000000000000000e+00,-1.000000000000000000e+00,1.481261473033126108e-01,-1.000000000000000000e+00,1.000000000000000000e+00,-1.000000000000000000e+00,1.000000000000000000e+00,-1.000000000000000000e+00,-5.583030911373558780e-01,-1.000000000000000000e+00,1.000000000000000000e+00,2.646668211037656593e-01,1.000000000000000000e+00,9.070974506652474956e-01,5.419259957028756958e-01,-1.000000000000000000e+00,-1.000000000000000000e+00,-6.103155178036665518e-01,-1.000000000000000000e+00,3.065084702058464283e-01,-5.005369818024422157e-01,-1.000000000000000000e+00,-1.000000000000000000e+00,-6.491900105337248261e-01,-1.000000000000000000e+00,-4.466917663124149174e-01,-3.581503542941476964e-02,-8.982755348219250147e-01,-1.000000000000000000e+00,1.000000000000000000e+00,1.244274757246391708e-02,-4.918931603392472374e-01,3.123133846768640365e-01,-1.000000000000000000e+00,-1.000000000000000000e+00,-1.000000000000000000e+00,-1.000000000000000000e+00,-6.910210378914145579e-01,-1.000000000000000000e+00,-1.000000000000000000e+00,-1.000000000000000000e+00,-9.040186280917692496e-01,-1.000000000000000000e+00,1.000000000000000000e+00,1.826155318535468142e-01,-1.000000000000000000e+00,-4.230661610360697544e-01,-1.000000000000000000e+00,-9.253776308682479801e-01,-2.521660761427478858e-01
0.000000000000000000e+00,0.000000000000000000e+00,1.000000000000000000e+00,2.228966711065928086e-01,6.119891572341556313e-02,-2.529515949244960926e-01,-3.254895265586564557e-02,-6.399121789120677528e-01,-1.000000000000000000e+00,-1.000000000000000000e+00,-1.000000000000000000e+00,-2.734098707069722578e-01,-1.000000000000000000e+00,-1.000000000000000000e+00,-1.000000000000000000e+00,-1.000000000000000000e+00,-1.000000000000000000e+00,-7.175442449580770043e-01,-1.000000000000000000e+00,-1.000000000000000000e+00,-1.000000000000000000e+00,4.417541244511167253e-01,-1.000000000000000000e+00,-1.000000000000000000e+00,-1.000000000000000000e+00,-1.000000000000000000e+00,-1.000000000000000000e+00,-1.000000000000000000e+00,1.000000000000000000e+00,-1.000000000000000000e+00,2.218912544242447951e-03,-1.000000000000000000e+00,-1.000000000000000000e+00,-1.000000000000000000e+00,-1.000000000000000000e+00,1.000000000000000000e+00,-6.727442292441440097e-01,1.000000000000000000e+00,1.000000000000000000e+00,-1.000000000000000000e+00,1.000000000000000000e+00,1.000000000000000000e+00,1.000000000000000000e+00,-5.857157157331339681e-01,-1.000000000000000000e+00,1.000000000000000000e+00,-1.000000000000000000e+00,1.000000000000000000e+00,-1.000000000000000000e+00,-6.046800817033650688e-01,-9.654543025123053512e-01,2.028238788867401388e-01,1.000000000000000000e+00,-6.280743153648935539e-01,-1.000000000000000000e+00,1.000000000000000000e+00,-1.000000000000000000e+00,1.866211592176201250e-01,1.000000000000000000e+00,1.000000000000000000e+00,1.000000000000000000e+00,1.000000000000000000e+00,-3.056771636611915199e-01,-1.000000000000000000e+00,-3.869553262009760020e-01,-1.000000000000000000e+00,1.000000000000000000e+00,-1.000000000000000000e+00,-1.000000000000000000e+00,1.000000000000000000e+00,-1.743247928698157118e-02,-7.618005150073189347e-01,-1.000000000000000000e+00,1.000000000000000000e+00,-1.000000000000000000e+00,-1.000000000000000000e+00,-9.222023333915448928e-01,-1.000000000000000000e+00,1.000000000000000000e+00,-1.370025657664835327e-02,8.033344873263176256e-02,1.000000000000000000e+00,1.000000000000000000e+00,1.000000000000000000e+00,1.000000000000000000e+00,-1.000000000000000000e+00,-1.000000000000000000e+00,1.000000000000000000e+00,1.000000000000000000e+00,-1.000000000000000000e+00,7.261532613133641068e-01,1.000000000000000000e+00,1.000000000000000000e+00,-2.367613023462378508e-01,-1.000000000000000000e+00,-3.277968242151698131e-01,9.822030340793883596e-01,8.472307143172219668e-01,1.000000000000000000e+00,-1.000000000000000000e+00
0.000000000000000000e+00,0.000000000000000000e+00,0.000000000000000000e+00,1.000000000000000000e+00,1.213481036859147127e-01,2.900452245400688897e-03,-3.607520941874725606e-01,-5.322215611243208411e-01,-1.000000000000000000e+00,-1.000000000000000000e+00,-1.000000000000000000e+00,-6.989393067197690046e-01,-1.000000000000000000e+00,-1.000000000000000000e+00,-1.000000000000000000e+00,-4.118557138530417050e-01,-1.000000000000000000e+00,9.723962063007294265e-01,-1.000000000000000000e+00,-1.000000000000000000e+00,7.840010032850391886e-02,-1.000000000000000000e+00,1.000000000000000000e+00,-1.000000000000000000e+00,-1.000000000000000000e+00,-1.000000000000000000e+00,-1.000000000000000000e+00,-1.000000000000000000e+00,1.000000000000000000e+00,-1.000000000000000000e+00,1.000000000000000000e+00,-1.000000000000000000e+00,-8.346030159889469280e-01,-1.000000000000000000e+00,-1.000000000000000000e+00,1.000000000000000000e+00,-1.000000000000000000e+00,-4.246833357229689576e-01,1.000000000000000000e+00,-1.000000000000000000e+00,1.000000000000000000e+00,1.000000000000000000e+00,1.000000000000000000e+00,1.000000000000000000e+00,3.397137003717730641e-01,1.000000000000000000e+00,1.000000000000000000e+00,1.000000000000000000e+00,3.914940159973703260e-01,-7.165396359392234293e-01,-8.375534170306293547e-01,1.000000000000000000e+00,1.000000000000000000e+00,1.000000000000000000e+00,-1.000000000000000000e+00,1.000000000000000000e+00,-1.000000000000000000e+00,1.000000000000000000e+00,1.000000000000000000e+00,1.000000000000000000e+00,1.000000000000000000e+00,1.000000000000000000e+00,-5.288994745818470511e-01,-1.000000000000000000e+00,1.000000000000000000e+00,1.000000000000000000e+00,1.000000000000000000e+00,4.207870534907530713e-01,-1.000000000000000000e+00,1.000000000000000000e+00,1.000000000000000000e+00,1.000000000000000000e+00,-1.000000000000000000e+00,-2.534821604988189425e-01,1.000000000000000000e+00,2.968081098292558173e-01,1.000000000000000000e+00,-2.784906267819940995e-01,1.000000000000000000e+00,-1.000000000000000000e+00,1.000000000000000000e+00,1.000000000000000000e+00,1.000000000000000000e+00,1.000000000000000000e+00,1.000000000000000000e+00,-5.062541680809704570e-01,1.000000000000000000e+00,-1.000000000000000000e+00,1.000000000000000000e+00,-1.000000000000000000e+00,1.000000000000000000e+00,1.000000000000000000e+00,1.000000000000000000e+00,1.000000000000000000e+00,1.000000000000000000e+00,-1.000000000000000000e+00,1.000000000000000000e+00,-1.000000000000000000e+00,1.000000000000000000e+00,1.000000000000000000e+00
0.000000000000000000e+00,0.000000000000000000e+00,0.000000000000000000e+00,0.000000000000000000e+00,1.000000000000000000e+00,-5.537509215339059265e-01,-1.000000000000000000e+00,-1.000000000000000000e+00,-1.000000000000000000e+00,-1.000000000000000000e+00,-1.000000000000000000e+00,-1.000000000000000000e+00,-1.000000000000000000e+00,-1.000000000000000000e+00,-1.000000000000000000e+00,-1.000000000000000000e+00,-1.000000000000000000e+00,-1.000000000000000000e+00,4.156314839294905084e-01,-1.000000000000000000e+00,-1.000000000000000000e+00,1.000000000000000000e+00,-1.000000000000000000e+00,1.000000000000000000e+00,4.031321475464294535e-01,1.000000000000000000e+00,-5.231466573079828208e-01,-1.000000000000000000e+00,-1.000000000000000000e+00,-1.000000000000000000e+00,-1.000000000000000000e+00,1.000000000000000000e+00,-7.123507692732883312e-01,-1.000000000000000000e+00,-3.199492206611664336e-01,-1.000000000000000000e+00,-1.000000000000000000e+00,1.000000000000000000e+00,-1.000000000000000000e+00,1.000000000000000000e+00,-1.000000000000000000e+00,6.807647200555197453e-02,-1.000000000000000000e+00,1.000000000000000000e+00,1.000000000000000000e+00,-8.733859972218077639e-01,1.000000000000000000e+00,-1.000000000000000000e+00,1.000000000000000000e+00,6.279267114674172978e-01,1.000000000000000000e+00,-1.000000000000000000e+00,6.308860727170397809e-01,-1.000000000000000000e+00,-1.000000000000000000e+00,-1.000000000000000000e+00,1.000000000000000000e+00,1.000000000000000000e+00,-1.000000000000000000e+00,-1.000000000000000000e+00,-1.000000000000000000e+00,1.000000000000000000e+00,-1.000000000000000000e+00,1.000000000000000000e+00,1.000000000000000000e+00,-1.000000000000000000e+00,-3.259733831138332816e-01,-1.000000000000000000e+00,1.000000000000000000e+00,-1.000000000000000000e+00,1.789046448247591237e-01,1.000000000000000000e+00,-1.000000000000000000e+00,-1.000000000000000000e+00,-1.000000000000000000e+00,-1.000000000000000000e+00,1.000000000000000000e+00,1.000000000000000000e+00,8.146058487358224243e-01,1.000000000000000000e+00,1.000000000000000000e+00,1.000000000000000000e+00,-1.000000000000000000e+00,-1.000000000000000000e+00,-1.000000000000000000e+00,-1.000000000000000000e+00,-7.619612790556316018e-01,1.000000000000000000e+00,-1.000000000000000000e+00,-1.000000000000000000e+00,-4.159461239228646745e-01,-1.000000000000000000e+00,4.989704544232832495e-01,1.000000000000000000e+00,6.251150280827851846e-01,1.000000000000000000e+00,1.000000000000000000e+00,1.000000000000000000e+00,-1.000000000000000000e+00,-1.000000000000000000e+00
0.000000000000000000e+00,0.000000000000000000e+00,0.000000000000000000e+00,0.000000000000000000e+00,0.000000000000000000e+00,1.000000000000000000e+00,9.371798633771362408e-02,9.055032854944507215e-02,4.018242899545869107e-01,-1.417440380867695804e-01,-5.439503504667532185e-01,-5.193387159896657446e-01,-4.784325763841021928e-01,2.893303442522415780e-01,1.000000000000000000e+00,5.131880985715930876e-01,1.000000000000000000e+00,1.000000000000000000e+00,1.000000000000000000e+00,1.000000000000000000e+00,-4.192379316412633838e-01,-1.000000000000000000e+00,1.000000000000000000e+00,-2.551746819264656407e-01,1.000000000000000000e+00,1.000000000000000000e+00,-1.000000000000000000e+00,1.000000000000000000e+00,-2.444206129971631530e-02,-1.000000000000000000e+00,1.000000000000000000e+00,-2.890445397961757812e-01,9.274259221523817320e-01,-1.000000000000000000e+00,-1.735232887685224379e-01,1.000000000000000000e+00,1.000000000000000000e+00,-1.000000000000000000e+00,1.000000000000000000e+00,-1.000000000000000000e+00,1.000000000000000000e+00,-1.000000000000000000e+00,-2.062866498295586395e-02,-1.677015877811410260e-01,1.000000000000000000e+00,-5.565323506397649167e-01,-1.000000000000000000e+00,1.000000000000000000e+00,-1.000000000000000000e+00,-1.255532376616026180e-01,1.974373421879276336e-01,1.000000000000000000e+00,-1.000000000000000000e+00,1.000000000000000000e+00,-6.064278379603977864e-01,9.529667191870703213e-01,-1.000000000000000000e+00,-1.000000000000000000e+00,-7.996316733819249789e-01,4.234564440817956132e-02,-1.000000000000000000e+00,-1.000000000000000000e+00,-1.000000000000000000e+00,-1.000000000000000000e+00,-1.000000000000000000e+00,1.000000000000000000e+00,5.669493828348869391e-01,1.000000000000000000e+00,-1.000000000000000000e+00,-7.495469712402974549e-01,1.000000000000000000e+00,-3.837464746986493647e-01,-6.080206476634105739e-01,7.494858833675336340e-01,1.000000000000000000e+00,-1.000000000000000000e+00,-4.680080486628476200e-01,1.000000000000000000e+00,-1.452740663559278222e-01,-1.000000000000000000e+00,-1.000000000000000000e+00,-1.000000000000000000e+00,-9.216002160322180059e-02,-1.000000000000000000e+00,1.000000000000000000e+00,1.000000000000000000e+00,2.155079858292331674e-01,6.762787468433953952e-01,5.963952698999770430e-01,1.000000000000000000e+00,-1.000000000000000000e+00,3.554058617290294098e-02,4.873984360570062652e-02,-1.000000000000000000e+00,-1.000000000000000000e+00,1.329667790485292156e-01,-1.000000000000000000e+00,-1.000000000000000000e+00,-5.261242281005582555e-01,-1.000000000000000000e+00
0.000000000000000000e+00,0.000000000000000000e+00,0.000000000000000000e+00,0.000000000000000000e+00,0.000000000000000000e+00,0.000000000000000000e+00,1.000000000000000000e+00,-7.438114665833739370e-01,1.518581274148295412e-01,7.109323907317417479e-01,9.749301300020836170e-01,1.000000000000000000e+00,1.000000000000000000e+00,5.572059629768386646e-01,3.448920717063592156e-01,-4.061203961548504049e-01,1.000000000000000000e+00,-9.629878666744799975e-01,-1.000000000000000000e+00,4.743561549352811463e-02,2.930040945583784959e-02,-9.395024895627724915e-01,9.393472981285103662e-01,1.000000000000000000e+00,-6.687224905112139073e-01,-7.650362567890393040e-01,1.000000000000000000e+00,1.000000000000000000e+00,2.104807635645027375e-01,1.000000000000000000e+00,3.862244152788315010e-01,3.090966482232233026e-01,7.001355077138314842e-01,6.227354077927859111e-01,-5.984072095297037208e-01,-9.313103635513751977e-01,1.000000000000000000e+00,-6.376618025715707905e-01,-8.752769828689155318e-02,-3.718248006459178856e-01,1.000000000000000000e+00,7.268927216203786568e-01,5.117225242160692300e-01,2.977207518187974938e-02,-1.000000000000000000e+00,1.000000000000000000e+00,8.679881854280224740e-01,-1.000000000000000000e+00,-1.000000000000000000e+00,-6.186555838562304288e-01,-1.000000000000000000e+00,4.964057872652769682e-02,-4.598864673379776669e-01,1.000000000000000000e+00,1.000000000000000000e+00,1.000000000000000000e+00,-1.000000000000000000e+00,-1.000000000000000000e+00,6.827180147646368102e-02,-8.348856329603526749e-02,1.000000000000000000e+00,2.895777380297760994e-01,6.126984059068839583e-01,3.190141050108014076e-01,-1.000000000000000000e+00,-1.000000000000000000e+00,1.998492971393159012e-01,1.000000000000000000e+00,1.000000000000000000e+00,1.000000000000000000e+00,-1.000000000000000000e+00,1.000000000000000000e+00,1.000000000000000000e+00,1.000000000000000000e+00,1.000000000000000000e+00,1.000000000000000000e+00,-7.649340691791023383e-01,-1.000000000000000000e+00,-8.723430595660244258e-01,-1.000000000000000000e+00,-1.000000000000000000e+00,-8.994201709776064035e-01,-1.140889398297032092e-01,-9.538054584144806114e-01,1.000000000000000000e+00,2.987645304214977537e-01,-1.000000000000000000e+00,-1.000000000000000000e+00,8.042258874357464116e-01,6.348714430985952228e-01,-1.036105291337379858e-01,-8.202031586812207342e-01,-1.000000000000000000e+00,-1.000000000000000000e+00,-5.421570383985473418e-01,-7.256852604971988363e-01,-1.000000000000000000e+00,4.293348627423056452e-01,4.858403534394066803e-01,1.000000000000000000e+00
0.000000000000000000e+00,0.000000000000000000e+00,0.000000000000000000e+00,0.000000000000000000e+00,0.000000000000000000e+00,0.000000000000000000e+00,0.000000000000000000e+00,1.000000000000000000e+00,1.000000000000000000e+00,6.649808380343206204e-01,1.000000000000000000e+00,9.580476597617206824e-01,4.179739167366012809e-01,1.000000000000000000e+00,1.000000000000000000e+00,1.000000000000000000e+00,1.000000000000000000e+00,1.000000000000000000e+00,1.000000000000000000e+00,6.912035735192457730e-01,1.000000000000000000e+00,-9.021995549074254828e-02,1.000000000000000000e+00,7.624698306144356286e-02,1.716415344300555312e-01,4.200519531650112603e-03,8.764943180266339118e-01,9.343754738375236180e-01,3.082662802513829181e-01,1.000000000000000000e+00,3.910504875945983172e-01,2.017696139295070967e-01,3.935094907890028804e-01,8.572190286327527886e-01,7.528924072651136390e-01,-1.978893536237250894e-01,-1.523588647134252461e-01,-2.174496617417749633e-01,2.047535919780399671e-01,5.180495077261924042e-01,9.501956213854100275e-01,-1.000000000000000000e+00,5.769641337254836078e-01,-7.242912199795454864e-01,1.000000000000000000e+00,-1.760313062464784195e-01,-1.000000000000000000e+00,-1.691304646488008545e-01,1.000000000000000000e+00,-8.048483815608444836e-01,7.119964460224551539e-01,7.038785534708495717e-02,5.569163846603790713e-01,2.424487559036844486e-01,-9.504175907629381914e-01,5.485117455912139617e-01,-4.192214969987679840e-01,5.383880925011985674e-01,4.927216347388313489e-01,-1.186706914581291405e-01,-2.365905397917891229e-01,-4.863641370987232815e-01,3.433177858330202503e-01,-8.984911367692158812e-01,6.433995987007686823e-01,6.649615434292635019e-01,-3.077345581948970343e-01,-5.186713238665188186e-01,1.563367713188945352e-01,-3.138107325998326647e-01,7.641186860790866175e-02,-7.443816397399087847e-01,3.440469269322471435e-01,-9.053551921589894080e-01,1.880897813907984328e-01,9.207174646794261674e-01,-9.082626244001262839e-01,1.671645454426320399e-01,-3.889229766825362811e-01,-6.158565818406800396e-01,-8.191862133370998722e-02,7.418631952001056851e-01,1.162966721363806466e-01,-4.978549553198478028e-01,-1.000000000000000000e+00,-3.221342479940385584e-01,1.000000000000000000e+00,3.630485623481327084e-01,-8.649452946447445667e-01,8.019542680584288430e-01,1.448493904989992809e-01,-1.000000000000000000e+00,1.366436474918261701e-01,-1.000000000000000000e+00,-3.163961207903373540e-01,2.004107045867921377e-01,-7.203667763530900991e-01,7.034127985965689112e-01,4.533822435835112574e-01,-1.827656559435107964e-01
0.000000000000000000e+00,0.000000000000000000e+00,0.000000000000000000e+00,0.000000000000000000e+00,0.000000000000000000e+00,0.000000000000000000e+00,0.000000000000000000e+00,0.000000000000000000e+00,1.000000000000000000e+00,3.497711964951356056e-01,7.807305956033995242e-01,5.053388709895439979e-01,6.135916946130847149e-01,1.000000000000000000e+00,1.000000000000000000e+00,8.369486896684180666e-01,9.216518231601228406e-01,3.129611631601248445e-01,9.649862862692923926e-01,4.763874311742453682e-01,3.923032216610810030e-01,-1.385202917618068861e-03,5.145694042019424153e-01,3.287126682235345654e-01,1.649582597166389941e-01,5.212125499888838887e-01,2.877864262476134694e-01,5.105505279902693427e-01,-2.370525306623960660e-01,8.627188346676752939e-01,2.840588000643451405e-01,7.435274855059277599e-02,-1.009229153851842337e-01,4.695177095040745652e-01,3.845085168412594734e-01,-1.440136192781495683e-01,-1.796806302852946569e-01,-1.949233780156515994e-02,-1.696707955696227232e-01,6.470870794469025800e-01,2.793233400672027744e-01,-5.498841019029099275e-01,1.689004635706477242e-01,-4.776896423394876856e-01,2.363437755406624652e-01,-1.316899524515435793e-01,-2.708875878847940566e-01,-5.694589827434393126e-01,6.013857088032504850e-01,-1.741596507140377725e-01,1.617389064671180265e-01,-2.455196796393674941e-01,3.382331077996931223e-01,3.958774176243585741e-01,4.008298109861718750e-01,2.850021593323240343e-01,-1.340317226132790862e-01,-3.698456222607561239e-01,9.032192202430405770e-02,6.652608731432678273e-03,-2.412786946416637102e-01,-2.677808464449505932e-01,2.866504730976193183e-01,-9.869597927733504694e-02,1.106226665759587197e-01,9.519978322577886398e-02,3.144662548773208832e-01,2.014602757970751223e-01,6.302489359089133991e-01,1.316882234886727898e-01,-2.579644855964148831e-01,-4.551391040149688205e-01,2.094783468362536871e-01,-3.916547657998717957e-01,3.512737238182253030e-01,3.626474621262442688e-01,-3.603228672988820214e-01,-2.568096752184502451e-02,-7.024419439594538073e-01,-4.057522669657554482e-01,-1.227331470726742979e-01,2.428226481677618342e-01,-6.316745420240128805e-02,1.282199049955570214e-01,-3.524512065329786226e-01,6.094501380586173078e-02,4.648071158138009640e-01,-3.490603047503648693e-01,-5.249474213954388180e-01,2.863480062917019286e-01,-2.514045978446553531e-01,-4.755048244039058458e-01,-7.215233711756386947e-01,4.351234947053781582e-02,-9.499502348225384585e-02,-1.438500442571530313e-01,-5.282367250054682550e-01,-6.369674946974172858e-02,1.205601390960545360e-01,6.235992491578365993e-01
0.000000000000000000e+00,0.000000000000000000e+00,0.000000000000000000e+00,0.000000000000000000e+00,0.000000000000000000e+00,0.000000000000000000e+00,0.000000000000000000e+00,0.000000000000000000e+00,0.000000000000000000e+00,1.000000000000000000e+00,1.000000000000000000e+00,6.756156586176823575e-01,4.291879401806892869e-01,6.802064709739724657e-01,9.935095225390478957e-01,4.236572463591996573e-01,1.000000000000000000e+00,6.159872525705077928e-01,3.918271449553520358e-01,2.846541623924121467e-01,2.848559032023418869e-01,-1.124032380685403981e-01,1.863537255411229221e-01,8.615418609696021690e-01,-3.050589719019917156e-01,1.646023254112916057e-01,4.533641138774782142e-01,5.221281348168460568e-01,3.518846540258723232e-01,-5.744828401440850441e-02,-3.986415168031892664e-01,6.087074424273378748e-01,-4.423507929393470928e-01,-2.515727188102953593e-01,4.034817793217304605e-01,-5.610169758335605827e-01,2.026734396169275199e-01,-1.654284911238534939e-01,-9.829182495258961816e-02,1.062895498170904063e-01,-5.772270947179057587e-02,-5.553764559597987871e-01,-9.270801792159086285e-02,-1.940076359082569812e-01,-6.729110062061330333e-02,-3.812111962779186902e-02,-9.010467732967204491e-01,-3.991141789816395891e-01,2.015233226368667863e-01,1.000000000000000000e+00,7.027276144466196861e-01,-2.040894969954788474e-01,-3.141317316743537369e-02,7.253463646087904282e-01,1.574208204860589044e-01,-2.872301783087946037e-01,-5.510927629472754663e-02,2.866745368232631250e-02,-1.237237074685407501e-01,-7.595442147556141776e-02,2.778563226804914993e-02,1.052960719023831176e-01,-6.896599678202941508e-02,1.832211266164682772e-01,-3.452861689805505202e-02,4.558333223285346292e-01,-4.707869397353000029e-01,1.202303396196039292e-01,6.494478627586340869e-01,2.798364824705116272e-01,-4.358492443930078730e-01,9.323746009210527250e-03,5.024058761360679082e-01,-5.594291085436788880e-01,6.726411883579541673e-01,-1.657649711038864382e-01,1.371003048351566479e-02,-9.786560932909994515e-01,5.071286553550222731e-01,-4.703016792171806348e-01,-7.378895591566936307e-01,-1.428443028032510831e-01,-7.828430276485599526e-01,3.316898826041151938e-01,-5.792460373324276324e-02,-1.425202062802181091e-01,3.501532525179609223e-01,-8.818945968838980409e-01,-4.427719337191188265e-02,6.461863647972785341e-01,3.474802967700409972e-01,1.923779281825495069e-01,-8.692160710803569224e-01,-6.413877357678368085e-01,3.129276747123393432e-01,-9.323695804391991526e-01,4.589420275550435413e-01,4.681507187028992045e-01,-4.502638657883501483e-01,1.528819096219572182e-01
0.000000000000000000e+00,0.000000000000000000e+00,0.000000000000000000e+00,0.000000000000000000e+00,0.000000000000000000e+00,0.000000000000000000e+00,0.000000000000000000e+00,0.000000000000000000e+00,0.000000000000000000e+00,0.000000000000000000e+00,1.000000000000000000e+00,3.131785699951723512e-01,4.200106044685970041e-01,5.296398154000856451e-01,5.461051234853562253e-01,2.538881838883645936e-01,2.856829302682701854e-01,5.192231095376492744e-01,3.513525120517340672e-01,1.664957513874094075e-01,2.514362288528841638e-02,-2.198257953991926972e-01,2.741684187300926223e-01,3.466672238334213563e-01,-5.719067608946887954e-02,6.728801177040223680e-02,2.320045737588297130e-01,4.517947508418394542e-01,4.695314509632807221e-03,1.729072269935569006e-01,-1.775325181844903122e-01,1.022311612860098695e-01,-6.279903316767146415e-02,2.373511835895693589e-01,1.626776361653033132e-01,-3.228340682027820430e-01,9.821295324753141764e-02,-1.289381413889207073e-01,2.056022275116582698e-02,1.222579968481723317e-01,5.361027800227114587e-02,-3.780631663409326215e-01,-3.428325437518598973e-01,-5.944901780645731049e-03,6.878926640340006504e-02,-1.901101459895077755e-02,-4.944361285332965483e-01,-3.833889400704064143e-01,3.746795872893906448e-02,4.646807116916319425e-01,5.758666855384545480e-01,-2.838227565125127638e-01,1.286694289451265349e-01,5.490492593961192602e-01,1.653461178189738756e-01,7.795410508967708096e-02,-4.836167874961048302e-02,1.003290502689631741e-01,-8.032983585622634204e-02,-2.543970384552023400e-01,-2.715637058584785546e-01,2.119554749417197903e-01,-2.019148913770041631e-01,-1.304224973868962634e-01,1.404158727317352529e-01,2.542130611414462060e-01,-2.902719264060649174e-01,-5.010955810584009906e-02,5.556080024032542530e-01,4.643288378037154635e-02,-6.767344537762105539e-01,-1.294752165016440845e-02,1.306703756692014773e-01,-1.981761891250203023e-01,1.885167708322181557e-01,4.217382476497436583e-01,-2.425714585215582864e-01,-5.539650904750670346e-01,-1.124351435392957621e-01,-1.457476491066355961e-01,-6.298106503003801926e-01,1.714617939226017462e-01,-5.122675681165682615e-01,1.680644671977512272e-01,-1.147206594767514604e-01,5.274157803348960942e-03,2.173151151103826229e-01,-3.371503468614982513e-01,-3.677906443624696098e-01,8.404204088334228662e-02,9.722928177208486900e-02,1.405248833704757783e-01,-2.248520571272942803e-01,-2.171265500536598558e-01,2.453071627381197550e-01,-4.196258550974107937e-01,1.298157682908358257e-01,-1.105835273854059442e-01,-2.923401265269860438e-01,9.097193300305156383e-02
0.000000000000000000e+00,0.000000000000000000e+00,0.000000000000000000e+00,0.000000000000000000e+00,0.000000000000000000e+00,0.000000000000000000e+00,0.000000000000000000e+00,0.000000000000000000e+00,0.000000000000000000e+00,0.000000000000000000e+00,0.000000000000000000e+00,1.000000000000000000e+00,1.265465307600749378e-01,1.693624462427090194e-01,-1.970325818827126964e-03,1.286523247843344119e-02,3.057776995832127698e-01,-2.105375686946793154e-02,4.696574040648653914e-01,2.661644446616311943e-01,-4.332212339930157086e-01,1.052990454066601717e-01,2.169011379795426353e-01,1.692514295626950938e-01,-8.756230978857625080e-02,-3.417525453957283021e-01,2.842872823324352760e-01,5.674523888573395070e-01,4.548495086177152258e-01,5.113697912757048103e-01,1.636836494715570300e-01,3.863497521525130485e-01,5.144153663849896363e-01,-1.764599786252531860e-02,1.794251250690815647e-01,2.136515852022034534e-01,1.126225766689118168e-01,-9.582359613829249945e-02,2.357872848017440459e-01,-3.189963329105531264e-01,2.516891652957184977e-01,-1.162609993273999200e-02,3.263206776523413510e-01,2.472374901401233616e-01,2.391548868129673988e-02,7.072073152128857676e-02,-3.185097511515696533e-01,1.096621678643170013e-02,6.063684574082160994e-01,1.364893996219681271e-01,3.602028741917155941e-01,2.234024002141721532e-01,7.377658151679090948e-02,3.568969494919941310e-01,3.602920304177528732e-02,-1.367192187892887247e-02,-1.238447148363567146e-01,1.944842421867143747e-02,8.671430001490743056e-02,-5.298714825151579211e-02,-7.781211347090340180e-02,2.066906005261541224e-01,-2.313009370606264048e-01,-1.082841666744908671e-01,-1.542326236693099817e-01,-1.245203283826375323e-01,1.429455107280036830e-01,6.521279695140619337e-01,3.127635623942355281e-01,5.913885987000044864e-01,4.561697071591886560e-02,6.632160947136727103e-01,2.644080961075777614e-01,2.093314554752002121e-01,7.342474676116473864e-01,1.612176971481071863e-01,-5.208686337924108845e-01,-4.114042387494442621e-01,5.290204333601586928e-01,-7.165310188050762197e-02,1.223987314898428297e-01,6.470049299220821393e-01,1.294857570783810308e-01,4.779732360865381752e-02,1.081155165377048477e-01,1.293212448979982054e-01,7.542391776620558375e-01,4.099711082306944365e-01,4.893454301792381500e-01,5.310923742088385913e-01,4.339782491073193582e-01,-2.609320368567443101e-03,4.248117123166529341e-01,-1.189795407536046457e-01,-4.740582622933439683e-02,3.541019157584011090e-01,1.688209505920814646e-01,4.665515259313695595e-01,-2.090502208633978343e-01,2.134158929668917848e-01
0.000000000000000000e+00,0.000000000000000000e+00,0.000000000000000000e+00,0.000000000000000000e+00,0.000000000000000000e+00,0.000000000000000000e+00,0.000000000000000000e+00,0.000000000000000000e+00,0.000000000000000000e+00,0.000000000000000000e+00,0.000000000000000000e+00,0.000000000000000000e+00,1.000000000000000000e+00,3.075935231480558252e-01,5.792364847237932990e-01,4.839014476848325641e-01,2.724606322033717998e-01,-5.285282324291396341e-03,2.767560555835634102e-03,2.240130582614096033e-01,3.652968014711318046e-01,-2.162421395402905344e-02,-9.408841980758952950e-02,-2.698014354979446153e-02,7.501342003978543616e-02,2.888902457257824796e-01,-1.195771496762780689e-01,1.886952920595906524e-01,-8.778962314887384100e-02,2.881805900163758594e-01,3.247113036966119970e-01,7.727608365661220446e-02,-5.203957525324578309e-02,2.244624979146640775e-01,3.339278311107836861e-04,-1.817764043206760924e-02,1.404019807364118577e-01,2.026455462723737288e-03,1.795083850750428187e-02,6.111617990079281498e-02,7.505897207731632159e-02,-1.827654378161410742e-01,-2.452238316168468824e-02,2.729449523921929563e-02,7.190748452856383921e-02,-1.353808962108611624e-01,-1.640941494126148259e-01,-3.571332112807933945e-01,1.103021866482078173e-01,2.076002240702137236e-01,1.426029092379818564e-01,-3.409911610387712094e-02,-2.677354083188173209e-02,2.690162007317670745e-01,2.934852664690112412e-01,3.033589804008264834e-01,-5.687566030190739641e-02,9.447212012997197039e-02,8.860916071368769853e-02,1.600735491985293829e-02,-4.142584422429722579e-01,-2.387197189328715483e-02,-1.714733413596288281e-01,-2.400630282001451621e-01,1.780572038213489375e-02,3.233950642562907762e-01,-5.506304067818647979e-02,1.022828668346343201e-01,6.226774283976693747e-01,5.010771806268149442e-02,-1.267535152224381623e-01,-3.917133391297294293e-02,4.178699973373734555e-01,-3.744968336847573354e-01,2.812819139903328658e-01,2.911929040694371529e-01,3.209025350161634482e-01,2.140006773453113909e-02,-3.729480100949044696e-01,-2.012491931837852854e-01,-2.899534727261900979e-01,2.931679894555091481e-01,-4.322117761838953354e-01,5.065623939387110530e-01,-4.088413561069251245e-01,-7.537720069594151806e-02,2.288829564361364310e-01,-2.253607376494999870e-01,-1.406377971102977242e-01,-2.779358799638720900e-01,-3.174352694717262613e-02,3.604796876587921806e-01,-7.389675748349975315e-01,-1.204999672873169059e-01,1.839397702317206174e-01,-1.239967681170837804e-01,8.026014390800055576e-02,-3.033565450980305611e-01,3.587591697710057481e-02,4.311726765389730098e-01
0.000000000000000000e+00,0.000000000000000000e+00,0.000000000000000000e+00,0.000000000000000000e+00,0.000000000000000000e+00,0.000000000000000000e+00,0.000000000000000000e+00,0.000000000000000000e+00,0.000000000000000000e+00,0.000000000000000000e+00,0.000000000000000000e+00,0.000000000000000000e+00,0.000000000000000000e+00,1.000000000000000000e+00,6.872128779263849685e-01,4.673231507511511618e-01,4.547222490574081566e-01,3.619576882008773960e-03,5.359960890196494576e-01,4.829975771118612538e-01,2.879950995338138031e-01,2.063934043680085428e-01,8.378869202716007769e-02,4.193045272206253893e-01,3.227425156973982578e-01,2.491273467662065699e-01,4.123811985134663849e-01,2.662125096219720710e-01,-1.324801518395618549e-01,1.582691083264991250e-01,-8.124222084871608740e-02,1.353821539704251065e-01,1.466509536364290212e-01,5.444496215867136168e-01,3.262533864910747705e-01,-1.101530868445140948e-01,7.122714927866004297e-02,1.621849958063843467e-01,-1.435784377013251123e-01,3.702161697614392843e-01,-3.033521213400181687e-02,-1.905443960853203389e-01,-1.292181211953540854e-01,2.122931538514039387e-02,9.460817301829928250e-02,-1.734977614278408187e-01,6.388008660859370406e-03,-4.643627780204759858e-01,2.618721351875729630e-01,1.067811831362814184e-01,3.874336225071786655e-02,1.337697134946279898e-01,-1.324558410620217674e-01,-5.270460651631574817e-02,5.732797665809048482e-01,-1.276034475123197787e-01,1.930578089113420548e-01,1.307969616933201407e-01,-1.877523202506331534e-01,-1.178190419736009631e-01,-1.361476273737700915e-01,-2.957970568247600962e-01,3.538135193886739107e-04,2.352932341842951525e-01,7.530352899295741920e-02,-3.168505523405020646e-02,-8.153123168193113224e-02,2.269918626844949494e-01,3.567455724913361492e-01,-1.853012859849728911e-01,-8.698556633626451304e-03,-6.927121812037576043e-02,5.453301917083248629e-01,-2.684587355160021338e-01,1.915713824668685561e-01,3.253786609602397906e-02,8.615381745148638359e-02,1.717349580146696475e-01,-1.690722807776332548e-01,1.073844262743668260e-01,8.101098620979106657e-02,-9.832343304780415127e-02,-2.081235996847908554e-01,5.438894178656496214e-02,-6.536462215272720311e-02,2.011815373586164357e-01,1.648855932335215047e-01,3.436759549390308154e-03,2.229342956374402186e-04,3.718166576538304291e-01,2.144159216400336881e-02,-1.734444466280005148e-01,-3.357312912599793586e-01,5.418229465054719141e-02,2.216726600055403743e-02,2.033176205441137585e-01,1.287459463930090177e-02,9.625388561142284027e-02,-3.500283928761136615e-02,2.827314121185673379e-01
0.000000000000000000e+00,0.000000000000000000e+00,0.000000000000000000e+00,0.000000000000000000e+00,0.000000000000000000e+00,0.000000000000000000e+00,0.000000000000000000e+00,0.000000000000000000e+00,0.000000000000000000e+00,0.000000000000000000e+00,0.000000000000000000e+00,0.000000000000000000e+00,0.000000000000000000e+00,0.000000000000000000e+00,1.000000000000000000e+00,3.731788179246425807e-01,2.740301320701071242e-01,1.082352526475329479e-01,1.043311893868351797e-01,2.183196264175173984e-01,3.665188296398633749e-01,7.950887997783326333e-02,-1.026132407342904979e-01,2.624064596563117566e-02,2.739088628415385640e-02,2.194594883484574654e-01,1.059311302111259345e-01,1.155471135745705785e-01,-1.079758780598671339e-04,2.610667169791746484e-02,-3.849991590692229682e-02,7.464801468776531557e-02,-9.167098721997407607e-02,1.350001502988276147e-01,6.623826104092379874e-02,-1.045984664171798750e-01,6.355064723912673408e-02,-1.560459174846051851e-02,-1.578922964584809213e-02,3.883625262104772879e-02,3.248287394927463351e-02,-1.003272873945862398e-01,2.460939678175534922e-03,-4.096905242258495894e-02,8.275377848585548091e-02,-3.324297479222258073e-02,-6.446530241209194600e-02,-1.045792825817115357e-01,1.054908204905588912e-02,1.344522746130630553e-01,-1.582801568368523773e-02,1.601231195009986119e-01,6.110105017169301100e-02,-1.876845533968637958e-02,1.425164039863183463e-01,7.631664089076759666e-03,-4.393101708897560742e-02,8.646249824776267023e-02,-1.099370562981284022e-02,3.107197147967443590e-02,-2.850034117045384982e-04,-1.016675299608474636e-01,8.466332364515473385e-02,1.071330729060361239e-03,-2.258492462590407437e-02,1.543253186774394548e-01,1.998376512798040808e-02,-7.225601436998283812e-03,2.259754815090512514e-01,-4.173862106576978204e-02,6.989345034470503815e-02,-9.939598804719854130e-02,2.555010878287251042e-01,-7.509303685776483328e-02,8.100380597285752882e-02,2.754930215331401200e-02,1.136594741117011170e-01,4.453462002280390852e-02,-1.087677192079761386e-02,-1.896928690528863481e-01,-1.053683728422525126e-02,-6.363463730603852175e-02,-6.716595933485426662e-02,2.230325397412850907e-01,4.218258358037429989e-02,1.471686088102430179e-01,9.250945975505427132e-02,-2.057699624413840966e-01,3.508343415996729997e-02,1.500913536647804636e-01,6.069115436362450267e-02,-1.797327429594591797e-02,-2.027240326952708116e-01,-7.807425703372956882e-02,1.356556073695037168e-01,-9.286540860551188714e-02,5.680192005049187337e-03,2.317142206995444903e-02,1.780957852523301355e-01,1.610216525892732009e-01
0.000000000000000000e+00,0.000000000000000000e+00,0.000000000000000000e+00,0.000000000000000000e+00,0.000000000000000000e+00,0.000000000000000000e+00,0.000000000000000000e+00,0.000000000000000000e+00,0.000000000000000000e+00,0.000000000000000000e+00,0.000000000000000000e+00,0.000000000000000000e+00,0.000000000000000000e+00,0.000000000000000000e+00,0.000000000000000000e+00,1.000000000000000000e+00,3.725416773974830620e-01,2.953091435370527526e-03,9.873284096703670298e-02,4.694044470511075234e-02,4.744814042440461677e-01,-5.092215289863158412e-02,1.454065037484551966e-02,-8.789524970028192441e-02,1.021116471985342444e-01,8.844974864645401003e-02,6.495741091418015534e-02,1.263883304841484090e-01,6.755193894416161582e-02,2.227613821916804016e-01,2.867538345398215616e-01,2.992275462137707759e-02,4.474557031570227869e-03,2.390207265171909456e-01,-2.202386488106286913e-02,-7.903206215508053190e-02,3.255123589567870263e-02,-1.174780248225155421e-01,8.798354314886505656e-02,2.415388217487352430e-03,4.260038733516952059e-02,-2.329700407548141172e-01,9.492453014963206370e-02,-4.002115587221640770e-03,7.216039406576110760e-02,8.239963883291274993e-02,7.649646101148296906e-02,-1.409200554002520978e-01,2.759903629913306247e-02,2.158725537136073000e-02,-2.107149501366177846e-01,9.659487745527144120e-02,7.905085255714740244e-02,-6.343137232966045147e-02,4.894068060517620805e-02,1.335578625142541664e-01,-1.054851498063392318e-01,1.178341511990378260e-01,1.071127901528553042e-03,-5.530660592300157968e-02,1.572463742240857720e-01,5.991814495419735265e-02,6.150160936620580748e-02,-2.972914115971573776e-02,5.050469644107007799e-02,1.473909568808358661e-01,-1.257452331455391203e-01,-2.569606752549703083e-02,1.163042245147400539e-01,4.169276745639623367e-03,7.185220524189196711e-02,8.178847259849574003e-02,3.101780440040706743e-01,3.088721372967657974e-02,2.117766258493757048e-01,1.111888802697034162e-01,1.629452761354704404e-01,-4.587905885833436226e-02,4.265683192817718711e-02,-1.264125699119224289e-01,-7.046031803046234020e-03,4.031271009253157601e-03,1.106169427422987322e-01,7.324497381243748328e-02,-1.237798225007244318e-01,-9.773095244018244199e-02,2.934462664412584854e-01,-1.310566973138897195e-01,-1.365276216463256476e-01,6.568612704608428610e-02,2.699781938962632633e-01,-1.113121776938797401e-02,-9.822079591160151613e-02,-6.481761330818996969e-02,2.148205701008371604e-01,-1.345501924693391464e-02,1.081841353766071351e-01,-4.159103309959712863e-02,2.714163875300039108e-01,3.727044742550037482e-01
0.000000000000000000e+00,0.000000000000000000e+00,0.000000000000000000e+00,0.000000000000000000e+00,0.000000000000000000e+00,0.000000000000000000e+00,0.000000000000000000e+00,0.000000000000000000e+00,0.000000000000000000e+00,0.000000000000000000e+00,0.000000000000000000e+00,0.000000000000000000e+00,0.000000000000000000e+00,0.000000000000000000e+00,0.000000000000000000e+00,0.000000000000000000e+00,1.000000000000000000e+00,9.413692061457006044e-02,6.421439706563496219e-02,2.380850304278435137e-01,2.243946923112065672e-01,9.450347297269244551e-02,2.311239796905087684e-01,9.179939701468078916e-02,6.228198586645179724e-02,-3.411323054551075856e-03,1.804586021737861201e-02,1.729893384468589312e-02,9.585244491474852191e-02,2.142108241152019255e-01,2.348114665727370487e-01,5.541720587946630944e-02,-4.125829368541144432e-02,1.820256239755935895e-02,1.482833845865108580e-01,-1.212409495778529189e-01,-2.750259046282372763e-02,1.225322187686284786e-01,-5.167028684075671008e-02,1.160311919901478722e-01,1.491147920217867143e-02,-1.333058882056363526e-01,1.392727116744555682e-01,-9.762473122359117961e-02,1.230349745404560186e-01,-1.181067724849841662e-02,1.725831393919305956e-01,-8.065297971520090856e-03,1.428071014663837845e-01,5.863956344962949901e-02,-5.180534200240342196e-02,1.536293529158560267e-01,8.098400236692538789e-04,1.081112699674748323e-01,9.997409196811071763e-02,9.188794272898073712e-02,-2.485024339368534230e-02,-7.847342018294017896e-02,2.507295569807867219e-02,1.279627821302763147e-01,1.404743487063012386e-01,-1.140359263408078916e-01,1.810753624036552933e-01,1.008964017941045149e-01,2.484389074934758440e-02,1.253848106477473967e-01,-1.632242926740228375e-02,7.056101784982875269e-02,1.268366372170018075e-01,-4.195862820856773728e-02,1.171181209030403986e-01,1.042854360255928148e-01,3.357522259629053263e-01,-1.404629091502236082e-01,8.689752241187707893e-02,-2.178023506511542473e-01,-1.079213447696601852e-01,3.713150922997444231e-02,6.595327907880628449e-02,6.315888835910632437e-02,1.567863793586329046e-01,-1.828474192592705605e-01,4.435492310783934605e-02,1.464821971305707016e-01,1.944833986925728064e-01,9.076632673462638190e-02,3.914427186765145894e-02,-2.107096819671008467e-02,2.321948551870265387e-01,1.662053452919301788e-01,4.318938821684351753e-02,2.261789801088824048e-01,-1.749999629685116409e-01,1.573666639950430379e-01,8.059719505825860275e-02,8.822564728221783670e-02,6.961393801181744827e-03,-3.186227300816053820e-02,1.601584695573989026e-01,2.816040231092520885e-01
0.000000000000000000e+00,0.000000000000000000e+00,0.000000000000000000e+00,0.000000000000000000e+00,0.000000000000000000e+00,0.000000000000000000e+00,0.000000000000000000e+00,0.000000000000000000e+00,0.000000000000000000e+00,0.000000000000000000e+00,0.000000000000000000e+00,0.000000000000000000e+00,0.000000000000000000e+00,0.000000000000000000e+00,0.000000000000000000e+00,0.000000000000000000e+00,0.000000000000000000e+00,1.000000000000000000e+00,-4.187056683847154015e-02,5.117926306260959374e-03,4.647337345814008154e-03,-9.999482309848550105e-03,-4.131933741327668136e-02,-3.615269668911573475e-02,5.060014927993342071e-02,-1.342774437854352965e-01,-7.453228596868746725e-02,-3.245876492223386672e-02,1.325467396195076919e-01,-7.677137776264952862e-02,-3.904661677426063404e-02,-6.744870976060095280e-02,-2.700077972248884906e-01,-7.991647021674571152e-03,-7.133799277314838150e-02,9.882986425059085700e-02,3.238499834526788884e-02,-7.113432642335353051e-02,2.174432090315005228e-02,-9.204003786325901104e-02,2.448688589185547826e-01,5.957045714630936073e-02,-1.035467286132014247e-01,-2.039196357513680669e-01,1.442448653202351438e-01,-7.225144226577057648e-03,-3.389299117575715614e-02,1.500089943826049543e-01,-1.478809853800221452e-01,9.576112445299383991e-02,1.979680344673554471e-01,-1.120095430341747494e-01,8.189531160850038738e-02,7.541174163347638681e-02,-1.113975554102463739e-01,1.918927374978704470e-01,-1.544515603597939601e-01,1.842480139340765127e-02,1.579000864239656354e-01,8.217223514381309657e-02,-7.611828692005578878e-02,9.867467852968445086e-02,-6.750173263346706531e-02,-1.795401643445665996e-01,1.334937370452624339e-01,1.516517102776575587e-01,-3.755527713925208705e-02,-1.251136024023183080e-01,1.043062424505651620e-01,-6.973429811431631261e-04,-6.652313604138752889e-02,-1.608033251603108171e-02,1.448681428785152103e-01,5.179819967490448263e-02,-3.137257876232576320e-02,2.034604739147394259e-01,1.932246895539652121e-01,2.635570347689561096e-02,-9.337305974105272743e-02,5.812293862545092615e-02,-1.055673099429181583e-01,-1.787405612243051639e-02,2.675142663694426298e-02,2.623594323076136256e-02,2.916104401730408302e-01,-3.521032696199544870e-02,-1.201649850824302174e-01,-5.899215457611724223e-02,2.581958034914448152e-03,8.794704394139232079e-03,-1.796166779450953099e-01,2.334240771970826078e-01,1.318384160375306036e-01,-1.295179626930938743e-01,7.950311165222102849e-02,-1.538510601237458586e-01,-5.315379296888079509e-03,1.945879198872378299e-02,-2.353549707512652203e-02,-2.031656908887606028e-01
0.000000000000000000e+00,0.000000000000000000e+00,0.000000000000000000e+00,0.000000000000000000e+00,0.000000000000000000e+00,0.000000000000000000e+00,0.000000000000000000e+00,0.000000000000000000e+00,0.000000000000000000e+00,0.000000000000000000e+00,0.000000000000000000e+00,0.000000000000000000e+00,0.000000000000000000e+00,0.000000000000000000e+00,0.000000000000000000e+00,0.000000000000000000e+00,0.000000000000000000e+00,0.000000000000000000e+00,1.000000000000000000e+00,2.239472741706202141e-01,-1.410160306224756410e-01,1.315671492955052153e-02,1.475124067498542191e-01,2.741609606870133997e-01,2.975304008525192501e-01,1.861660668430855092e-01,1.990509606164870549e-01,1.437987506586680952e-01,-1.389624844025587613e-01,1.530508120098527103e-01,-4.685950229606628686e-02,1.190740099017714299e-01,1.244103434240729916e-01,1.960997607230748063e-01,2.649370266054046907e-01,-8.146585755866880829e-02,3.464035645702703142e-02,-4.916339644673693374e-03,-4.936457513550344955e-02,1.997568264057782428e-01,9.125964088312812222e-03,-1.650517616572622082e-01,-5.404344029532540811e-02,3.004445389012365842e-03,1.787854128273806686e-01,-1.081557356975548362e-01,-6.910715419783454438e-02,-2.169480659054989768e-01,1.887795440336500763e-01,-4.302874515589898835e-02,1.322916143974180725e-01,5.574461422285507256e-02,-2.658620162574911600e-02,1.351470524042487076e-01,1.343216260958997876e-01,-1.849068673927897200e-01,1.539359798071113505e-01,1.212183946326581413e-01,-1.599464524186954562e-01,-1.022597827597236941e-01,-1.366017417481436014e-01,-1.279340984029636585e-01,-1.092391270519839502e-01,2.044105448877068520e-01,-1.629996722938650139e-02,-6.160321039957847994e-02,-7.063453547622286499e-02,1.115744456418188979e-01,8.490044355458666037e-02,-1.103185420126246430e-01,-6.419819268509198429e-02,1.902119320343566289e-02,5.813522284440062436e-03,-6.953625155584058914e-02,-7.922987096838210452e-02,2.130261455711801866e-01,-8.766707732582944279e-02,2.681843680549303999e-01,-3.915513890606370923e-02,3.048842910341783008e-01,-3.175534420572043853e-02,1.113319796886228230e-01,-7.953273724071797945e-02,-1.207722427763289613e-01,-2.051002338089613075e-01,4.760535030820371716e-02,1.613524596235899888e-01,2.293253728070932806e-01,-1.547137841525124957e-01,1.910274121695698102e-01,-4.079604225672643636e-02,-2.689895168903495004e-01,-9.035494181234593469e-02,-8.384401823889778282e-02,-8.518223440119248452e-03,1.809339261998647308e-01,-1.003052806543627828e-01,1.825562532789716530e-01,-1.033157849327277361e-01,1.052256669004855288e-01
0.000000000000000000e+00,0.000000000000000000e+00,0.000000000000000000e+00,0.000000000000000000e+00,0.000000000000000000e+00,0.000000000000000000e+00,0.000000000000000000e+00,0.000000000000000000e+00,0.000000000000000000e+00,0.000000000000000000e+00,0.000000000000000000e+00,0.000000000000000000e+00,0.000000000000000000e+00,0.000000000000000000e+00,0.000000000000000000e+00,0.000000000000000000e+00,0.000000000000000000e+00,0.000000000000000000e+00,0.000000000000000000e+00,1.000000000000000000e+00,1.660699441468316828e-01,2.286654967037738129e-01,-1.154604880287153079e-01,3.011917103150072439e-01,2.194208796880098011e-01,2.621126837742706606e-01,2.934427199794820695e-01,2.353762090107512639e-01,1.793450402168857843e-02,1.648374671708865147e-01,1.250711299120488562e-01,2.653117415415954805e-01,2.176090310239204573e-01,1.068114313461124981e-01,3.623367563276891357e-01,-3.710369582245962028e-02,4.027140720141714203e-02,2.817417250925287053e-01,1.128862021073210632e-02,3.141390469907051619e-01,1.362022054725961495e-01,-2.536279236035888021e-02,2.109789426367338627e-01,1.150856638641244850e-01,1.849254223257252305e-01,-1.206976499979783291e-01,-3.032687309965064956e-02,-1.413148373863488960e-01,3.793957030631240346e-01,6.176944398276842940e-02,2.160223383405321662e-01,3.973865976652171672e-01,4.298962141360136019e-02,2.047811779764147633e-01,3.202847997372048616e-01,-1.670669266661731767e-01,1.173711409853360060e-01,1.531352186957476158e-01,-2.502197601056186174e-02,1.446769083807639411e-01,-2.619533670873074385e-02,-2.049499983861601538e-01,-7.637398784294760490e-02,1.133275284385985848e-01,1.089825604510344659e-01,-1.052288048886643596e-01,1.410819634251838928e-01,3.982427423300895497e-01,3.929032863007239085e-01,3.462739150864139331e-02,1.941450377605051236e-01,1.841800810409411904e-01,4.465038591079030228e-01,-7.820564702568734428e-02,1.580653592947114106e-01,-1.114867354843546328e-02,3.850111075658012305e-02,3.288567008475998810e-01,8.643187765995338778e-02,1.998438566927159543e-01,2.912738406667146340e-01,1.471034791794583463e-01,6.571653673606152324e-02,7.928554222174112598e-02,1.917645203550742417e-01,3.028543405084586082e-01,4.951695288864373379e-01,1.985159391201832546e-01,2.665238020837997213e-01,4.312100173865584529e-01,1.527539811458415719e-01,-3.491144771307593681e-02,-1.009212102065989020e-01,-3.690961638576666093e-02,1.197182384017298346e-01,3.002336081411036139e-01,1.758931446291635003e-01,1.979193792100084615e-01,-7.250771539500436291e-02,1.451260724514955303e-01
0.000000000000000000e+00,0.000000000000000000e+00,0.000000000000000000e+00,0.000000000000000000e+00,0.000000000000000000e+00,0.000000000000000000e+00,0.000000000000000000e+00,0.000000000000000000e+00,0.000000000000000000e+00,0.000000000000000000e+00,0.000000000000000000e+00,0.000000000000000000e+00,0.000000000000000000e+00,0.000000000000000000e+00,0.000000000000000000e+00,0.000000000000000000e+00,0.000000000000000000e+00,0.000000000000000000e+00,0.000000000000000000e+00,0.000000000000000000e+00,1.000000000000000000e+00,1.212062512621918109e-01,-8.395001208591020003e-02,-1.687849852449703758e-01,-1.556195289721577779e-01,2.858936389666957290e-01,1.108672435070203049e-01,-2.980106285904309329e-02,1.208905053214348185e-01,1.939603407667566670e-01,7.712958989251855746e-02,-6.793109021246176993e-02,-4.050023751368760083e-02,6.078327196385822917e-02,-6.575577405696328426e-02,-4.016091525327942363e-02,-2.840960650838545570e-02,1.017646772504612607e-01,1.757531639315803793e-02,3.549658073831324367e-02,1.388439834842389309e-01,-1.592760570383444929e-01,2.027811569081193199e-01,-2.434179386989554841e-02,-4.767067282678824950e-04,1.423088935806564592e-01,3.379099013903966858e-02,5.887624548020765208e-03,-3.731140641276311370e-02,1.064346132106560872e-01,-9.945021604829315520e-02,1.630250997392167223e-01,1.222355508970155158e-01,-8.906857406015439294e-02,3.999968041715720041e-02,1.484319235161098427e-01,-5.396590806525469741e-02,5.829428291638018983e-02,1.425930427180600313e-01,7.035140146425822305e-02,1.461010545407500083e-01,-2.001499496316855309e-02,1.189186230824041679e-01,-1.523133715587842406e-02,7.493903074834336320e-02,1.393608797229229368e-01,9.931812323027972012e-02,-3.997386496033381725e-02,2.753471181620280039e-01,-4.964474709898684252e-02,1.208541432860624487e-01,-5.516777166035011920e-02,1.183160393182731140e-01,-1.183951584899784193e-01,8.721197450321845068e-02,-5.928073938591538888e-02,7.378433706801913738e-02,-4.888901682171060276e-02,-8.796800908284929665e-02,-1.882749441617697639e-01,1.964636644014329803e-01,1.012223496088793945e-02,1.080787869981045257e-02,2.130153955694736589e-01,1.865102181842318296e-01,-3.914878774362642172e-02,1.893120579913553925e-01,-1.543332060274379691e-01,7.045860055936582766e-02,3.795237893269468726e-02,1.494794882588101337e-01,8.323598416987097390e-03,-6.294950066662287347e-02,5.774265761463611563e-02,9.549697775966484864e-03,-1.368918976168087900e-02,4.983959987338693748e-02,-2.447585088589138841e-02,3.456836528888076465e-01,1.244173846948341683e-01
0.000000000000000000e+00,0.000000000000000000e+00,0.000000000000000000e+00,0.000000000000000000e+00,0.000000000000000000e+00,0.000000000000000000e+00,0.000000000000000000e+00,0.000000000000000000e+00,0.000000000000000000e+00,0.000000000000000000e+00,0.000000000000000000e+00,0.000000000000000000e+00,0.000000000000000000e+00,0.000000000000000000e+00,0.000000000000000000e+00,0.000000000000000000e+00,0.000000000000000000e+00,0.000000000000000000e+00,0.000000000000000000e+00,0.000000000000000000e+00,0.000000000000000000e+00,1.000000000000000000e+00,-2.092918908621066443e-01,4.369939304494470378e-02,5.612747475660376240e-02,2.276997281026583164e-01,1.433436204136434022e-01,-1.210775854255315975e-01,1.447723713095269982e-01,1.041442428334743570e-01,-2.417041965697371286e-01,1.535618147791452948e-01,-1.811749364361586734e-02,1.240626250343635495e-01,4.231286548705485984e-02,1.678271274577940453e-01,9.020354225447235058e-03,5.088524128122254853e-01,-1.528313792868286336e-01,1.594212743451826897e-01,4.259488631756701282e-02,-2.721884477924310097e-01,1.677533056593779603e-01,-6.717127865949309995e-02,5.621092036098527395e-02,-6.997425371149701423e-02,2.642648429539724564e-01,1.038509245453214658e-02,2.116768759113468179e-01,6.655207893087618232e-02,1.063677773393314346e-01,1.528261328446965106e-01,9.707196423402145169e-02,-1.048253877889320090e-01,1.437975336446165042e-01,-7.861586641079752746e-02,2.145612899143928276e-01,6.495448773754204652e-02,7.331387153975629789e-02,2.792085848659635050e-01,1.520902574450842260e-01,-1.774158585984851877e-01,1.223327448037287574e-01,3.416319664375315757e-01,1.663927691089335248e-01,-1.324312955041891393e-01,3.688879167540362047e-01,-1.325439621505868255e-02,4.106340002593875105e-01,-2.130979983711023262e-02,2.967135183571397161e-01,-1.222223791032921864e-02,2.796606907728206304e-01,3.479474061805624963e-02,1.689681956816259378e-01,-4.129648526208933856e-01,1.289916173412684608e-01,1.776630290084808828e-01,8.186550789991707544e-02,4.715015811704431070e-01,5.333913976886894837e-01,-2.693845939221502575e-02,2.937197162085334878e-01,5.070799631098916738e-01,2.727561998495537932e-01,4.383331345672169532e-01,9.666254911900853952e-02,2.357120486018507988e-01,4.355318394312779895e-01,3.954948278136444784e-01,1.735760882468640257e-02,8.222761800080635730e-02,-2.040969669859352131e-01,5.171316615061686273e-01,-2.505505564708569999e-01,5.211083408340023704e-01,3.089803773197785652e-01,3.620109112865297907e-01,6.959227177568576284e-02,1.032205911902902701e-01
0.000000000000000000e+00,0.000000000000000000e+00,0.000000000000000000e+00,0.000000000000000000e+00,0.000000000000000000e+00,0.000000000000000000e+00,0.000000000000000000e+00,0.000000000000000000e+00,0.000000000000000000e+00,0.000000000000000000e+00,0.000000000000000000e+00,0.000000000000000000e+00,0.000000000000000000e+00,0.000000000000000000e+00,0.000000000000000000e+00,0.000000000000000000e+00,0.000000000000000000e+00,0.000000000000000000e+00,0.000000000000000000e+00,0.000000000000000000e+00,0.000000000000000000e+00,0.000000000000000000e+00,1.000000000000000000e+00,-6.579568363583364332e-02,1.585328873248610659e-02,-9.169749209953102775e-02,-8.165332355464691161e-02,-5.938017074160937409e-02,6.888819760997041963e-02,2.296369453896418555e-01,2.519974951429809207e-01,-1.262459462398938248e-01,1.349528455366673374e-01,-1.456153151708915183e-01,-7.061816149988757452e-02,2.818385745761553887e-02,-8.816266580666427821e-02,-4.222748192832891795e-02,-7.388531361030458398e-03,2.391111209194763179e-02,1.194754992542898520e-01,-1.114922914885524419e-01,3.133308601190567394e-02,9.308748727650375870e-04,1.253448899783097537e-01,4.443299709600730119e-02,6.742477807195612627e-02,8.816300715189934190e-02,-3.620689765067980348e-02,-1.652472214250579885e-01,-1.006925442639173586e-02,-8.725851593963855277e-03,-8.050256978500048774e-03,1.784311282124984577e-01,-6.789830968974483461e-02,1.859914733331658743e-01,-3.107805427760550881e-02,-8.420412066295591969e-02,6.612838079316854523e-02,-2.112007231915422750e-02,1.018350847040099677e-01,3.106423436746474573e-02,2.279784875011265505e-02,-4.054763333926613561e-02,3.035189441202523764e-02,1.582404415591082136e-01,-2.006466177282073896e-02,1.572783222050600296e-02,-2.102936563734666975e-01,-2.954538162252099906e-02,3.564016628025490352e-02,-7.735749765599844036e-03,-9.174311754561285948e-02,-7.452657041974559970e-02,-2.878231034526615786e-02,-1.238893603577532858e-02,-2.921259787743981651e-01,1.024992205554848754e-02,-5.580902981068038005e-02,-6.944375308977843164e-02,5.743829247839205010e-02,-8.947694675422161736e-02,1.302162709727863743e-01,-3.662007655937957185e-02,2.286090945274920905e-01,-5.730906407165286404e-02,-3.704363906043042608e-05,2.457170838454931228e-01,8.472866616404436946e-02,-3.417173454944420069e-02,-7.949588946150813740e-02,8.835593046571114939e-02,1.100422063317864074e-01,1.055421834799080694e-01,-1.693917115668734374e-01,5.551197642188798048e-02,-7.584113537281614303e-02,-3.429857463524693673e-02,1.304911762745488146e-01,1.160222348002780401e-01
0.000000000000000000e+00,0.000000000000000000e+00,0.000000000000000000e+00,0.000000000000000000e+00,0.000000000000000000e+00,0.000000000000000000e+00,0.000000000000000000e+00,0.000000000000000000e+00,0.000000000000000000e+00,0.000000000000000000e+00,0.000000000000000000e+00,0.000000000000000000e+00,0.000000000000000000e+00,0.000000000000000000e+00,0.000000000000000000e+00,0.000000000000000000e+00,0.000000000000000000e+00,0.000000000000000000e+00,0.000000000000000000e+00,0.000000000000000000e+00,0.000000000000000000e+00,0.000000000000000000e+00,0.000000000000000000e+00,1.000000000000000000e+00,4.454764688064465350e-01,1.594511086265803790e-01,3.875012007911043388e-01,1.977547977963339254e-01,-3.081384291225339744e-01,7.935330578735817764e-02,-2.031799445502560364e-01,3.052146753169336368e-01,1.321377482841340767e-01,3.442544353503523835e-01,3.980900968982152288e-01,-2.705345460516277445e-01,1.984725400117391403e-01,7.034528199491556222e-02,-7.031456384559998940e-02,3.331037887555170496e-01,-6.389312945410063893e-02,3.435549834160733784e-02,-1.414771345712496631e-01,2.837893468228501193e-01,-1.328419259374968679e-02,-2.341613485718214982e-01,3.125063956578272989e-02,-3.834483821065611808e-01,2.555994567188109023e-01,4.911895525712748484e-02,6.099504941193696628e-02,6.704219246657687481e-02,-5.320871385095098799e-02,7.208552513595521682e-02,4.498366428996253830e-01,-3.847483360716396628e-01,2.823203501016013361e-01,1.629097942800907250e-01,-2.533393735812342062e-01,-1.926922145159603583e-01,-2.369025300385232957e-01,-1.500718213850747162e-01,-8.660352126416090424e-02,2.235166006786960813e-01,9.800478811847090910e-03,-1.940219978855694249e-01,-1.525818290340722194e-01,2.247470819367142769e-01,1.914270401650444708e-01,-1.136377023856755594e-03,-8.358583762450949584e-02,1.477227646683999529e-01,2.770778285503912031e-01,-1.033558925752127017e-01,1.254526251966198505e-03,1.047938591537437708e-01,-6.535472024774824362e-02,2.093745469324432562e-01,1.293941789116254404e-01,2.600168182034956477e-01,-6.833214526752089124e-02,1.640468428152981953e-02,-2.365378274200368725e-01,-2.201797247205128094e-01,-2.266526013159126940e-01,8.752476277524551262e-02,1.380499604574194072e-01,1.329863058351967997e-01,-1.217104269594454780e-01,3.398630135105862871e-01,1.387995545325442504e-01,-3.721479727832041617e-01,-2.903296060671221590e-01,-3.219102071230759560e-02,1.184691368824534324e-01,9.303904595782121201e-02,1.466063902783154294e-01,1.719150380780056220e-01,-3.547606013749441956e-01,-3.426029848620903290e-02
0.000000000000000000e+00,0.000000000000000000e+00,0.000000000000000000e+00,0.000000000000000000e+00,0.000000000000000000e+00,0.000000000000000000e+00,0.000000000000000000e+00,0.000000000000000000e+00,0.000000000000000000e+00,0.000000000000000000e+00,0.000000000000000000e+00,0.000000000000000000e+00,0.000000000000000000e+00,0.000000000000000000e+00,0.000000000000000000e+00,0.000000000000000000e+00,0.000000000000000000e+00,0.000000000000000000e+00,0.000000000000000000e+00,0.000000000000000000e+00,0.000000000000000000e+00,0.000000000000000000e+00,0.000000000000000000e+00,0.000000000000000000e+00,1.000000000000000000e+00,1.010838803165744759e-01,1.561089720917636092e-01,1.447946870945760467e-01,-2.861164289072710698e-01,2.096569913828963058e-02,6.991230962724911957e-02,1.252427814462579725e-01,2.522145960255269825e-01,3.009802263937077504e-01,3.315132457754611517e-01,-3.157286448670662549e-01,3.806807239719445235e-01,-5.437254419326666838e-02,1.766697074922925215e-02,2.039017079118392028e-01,1.148020449603341098e-01,-1.808603760024340978e-01,-1.048645918687992201e-01,2.172045422476231724e-01,1.920103730291545518e-01,-2.837209442770152190e-01,1.115406624643303923e-01,-3.457179362481382912e-01,1.266921849459982374e-01,-7.335147928579303922e-02,6.154284195086098634e-03,9.086806604672281740e-02,-1.881338311598915181e-01,4.641391672287789594e-02,2.041767434703884998e-01,-1.591454547906417938e-01,1.004275518605617507e-01,2.244578292098075856e-01,-2.253619400147961194e-01,-1.954762664177753795e-01,-2.056266959696045060e-01,-2.289209276464107268e-01,-2.122460375229976992e-01,1.330700566881442004e-01,-9.299818744231025391e-02,-2.205258694490376970e-03,-1.890946494532693978e-01,7.399238739765202910e-02,-1.549335725826910329e-02,-1.498375096754962221e-01,1.693341800053622254e-02,1.923393806514566151e-01,7.110777924406200268e-02,1.658281844563703339e-02,2.434996866737619906e-02,2.978317096148224707e-01,5.918337998158923648e-03,5.607979278508412602e-01,-2.977329666868077512e-02,1.734800161400768537e-01,-9.225491417402015282e-02,8.267763710221683049e-02,-6.198245565254849321e-02,-3.387217725199185847e-01,-1.875227104636426612e-01,-2.173884777351692624e-02,2.170921377489338500e-01,4.391028515355177575e-01,-2.372096717719681391e-01,6.783028089864452659e-02,3.975705960655351312e-02,-3.224785473068551567e-01,-1.429914536213415521e-01,6.173529604985824107e-03,-7.528667392674717740e-02,3.706976284393262988e-01,-1.118581277012314218e-01,-2.941203379806214824e-02,-2.090638941294246655e-01,-1.014398030647064575e-01
0.000000000000000000e+00,0.000000000000000000e+00,0.000000000000000000e+00,0.000000000000000000e+00,0.000000000000000000e+00,0.000000000000000000e+00,0.000000000000000000e+00,0.000000000000000000e+00,0.000000000000000000e+00,0.000000000000000000e+00,0.000000000000000000e+00,0.000000000000000000e+00,0.000000000000000000e+00,0.000000000000000000e+00,0.000000000000000000e+00,0.000000000000000000e+00,0.000000000000000000e+00,0.000000000000000000e+00,0.000000000000000000e+00,0.000000000000000000e+00,0.000000000000000000e+00,0.000000000000000000e+00,0.000000000000000000e+00,0.000000000000000000e+00,0.000000000000000000e+00,1.000000000000000000e+00,1.240804404540612055e-01,2.044187814731754024e-02,-1.738094005926962560e-01,-6.519336733306355103e-02,-1.058319320431600624e-01,-8.523763378225994967e-04,-1.872052423458843706e-01,-2.290572517777089354e-02,1.112665555022488567e-01,-7.327944698184687966e-02,5.449311329943660326e-02,1.874638110145997738e-01,-9.323719112794999486e-02,2.282956551946538626e-01,3.089217793935241166e-02,-3.123161629055782318e-01,7.226732142306833973e-02,-9.130762782785208087e-02,2.567201975587024218e-02,-3.787818199284802290e-02,-5.524959114850520880e-02,-2.408956179237191908e-01,1.882608714879558526e-02,1.673236464980416560e-01,5.388678847619977896e-02,8.618914089598955774e-02,1.431094915426251168e-01,4.485971137037887690e-02,2.305267322429273569e-01,-1.402300051729330477e-01,7.865747918740702282e-02,4.304106597076289703e-02,-6.636056485222539825e-02,4.318312635319322690e-02,-4.937148731392995010e-02,-1.284343492881260818e-01,-5.839205927845203536e-02,2.062026092280047351e-01,-9.141552790466379863e-02,3.783389874891431720e-02,2.555547524923015845e-01,4.183426618824053617e-02,2.669934585909973235e-01,-1.537351973122616511e-01,5.099270785154838559e-02,-2.897246215938425462e-01,-1.623453531823114970e-01,-2.885589312329762263e-02,5.654669652477675029e-02,-1.246199584740782657e-01,-1.528505544364317480e-02,1.350736915680630368e-01,-2.099046618192626501e-01,3.031003596558789343e-02,2.211359852095737960e-02,-4.523677008526379856e-02,-2.063379299595987093e-01,1.459330519780518975e-01,-1.215861335059413711e-01,2.004286800319634784e-02,1.801385549127454688e-01,6.251753735213795571e-02,-4.464740775760425717e-02,9.392877921677061925e-02,-3.828873942042809644e-03,-2.020276824339118926e-01,-3.796379985597471141e-01,9.801584111156901036e-02,-2.265109178807622192e-01,1.717665817866589201e-02,-1.809710054735537699e-01,-2.559088968602194619e-02,-1.387013089181598699e-02,1.163431409884222931e-02
0.000000000000000000e+00,0.000000000000000000e+00,0.000000000000000000e+00,0.000000000000000000e+00,0.000000000000000000e+00,0.000000000000000000e+00,0.000000000000000000e+00,0.000000000000000000e+00,0.000000000000000000e+00,0.000000000000000000e+00,0.000000000000000000e+00,0.000000000000000000e+00,0.000000000000000000e+00,0.000000000000000000e+00,0.000000000000000000e+00,0.000000000000000000e+00,0.000000000000000000e+00,0.000000000000000000e+00,0.000000000000000000e+00,0.000000000000000000e+00,0.000000000000000000e+00,0.000000000000000000e+00,0.000000000000000000e+00,0.000000000000000000e+00,0.000000000000000000e+00,0.000000000000000000e+00,1.000000000000000000e+00,3.636588702819602004e-01,2.401627253113220589e-02,1.648314155072990728e-01,-2.128219313846923533e-01,3.129831785058018734e-01,3.267274554972208755e-01,5.168725799024598277e-01,3.051323190014985642e-01,-2.069000266101990448e-01,2.148387454710880828e-01,1.782952329637561284e-01,8.707573259006115562e-02,2.740012992754930488e-01,1.899605995737706221e-01,9.175069846484994185e-02,2.972559718316767491e-02,3.080644570951475703e-01,1.233593381481821322e-01,1.393562090111264695e-01,-9.620882166855940221e-02,-2.570254023381750019e-01,3.284859855064081180e-01,-3.715875273575589000e-02,-1.452025944429117914e-02,2.883020775301828875e-01,-4.327385883779710438e-03,9.037513407514415065e-02,2.417525871311107244e-01,-2.098330134802973423e-01,2.281665335890773472e-01,4.092550014266786995e-01,-1.162245515410752911e-01,-1.442684326476706969e-01,-1.187533363003012432e-01,-1.040562096352474694e-02,-1.819738964479356291e-01,7.766403850408860887e-02,1.000041078266079853e-01,-2.104642672460854402e-01,-1.493632828984417689e-02,2.410284038999576939e-01,3.444820918683990096e-01,2.905205152323265261e-01,1.321920307225680213e-01,2.012005450658846950e-01,2.708419182135733405e-01,-1.102973058316037286e-01,3.604179894018329916e-02,1.631389161853421810e-01,9.160440203985690372e-05,1.527919853659173988e-01,2.016939100297832632e-01,9.910355064699262473e-02,2.463894993409085910e-01,3.344501694076570386e-01,-8.311993100133310830e-02,-9.175525268587989003e-02,-8.694357772386644700e-02,6.220746000419785648e-02,4.656315033888887012e-01,1.578634473821802220e-01,-9.523765560626462623e-02,3.079523428292729736e-01,2.558449909823614643e-01,-4.650090220281365982e-01,1.846513297823182131e-01,-6.055770253336908993e-02,1.411030938144073321e-01,2.634454610569246791e-01,1.457457616366032160e-01,4.422140247438314242e-01,-5.829096508218193501e-02,-6.040985013483591431e-03
0.000000000000000000e+00,0.000000000000000000e+00,0.000000000000000000e+00,0.000000000000000000e+00,0.000000000000000000e+00,0.000000000000000000e+00,0.000000000000000000e+00,0.000000000000000000e+00,0.000000000000000000e+00,0.000000000000000000e+00,0.000000000000000000e+00,0.000000000000000000e+00,0.000000000000000000e+00,0.000000000000000000e+00,0.000000000000000000e+00,0.000000000000000000e+00,0.000000000000000000e+00,0.000000000000000000e+00,0.000000000000000000e+00,0.000000000000000000e+00,0.000000000000000000e+00,0.000000000000000000e+00,0.000000000000000000e+00,0.000000000000000000e+00,0.000000000000000000e+00,0.000000000000000000e+00,0.000000000000000000e+00,1.000000000000000000e+00,6.675574153140614864e-02,1.095164578869194383e-01,1.459354409001653585e-01,4.668951636704831709e-01,2.759271825627316876e-01,5.823547502258350494e-01,5.162942011308710999e-01,-7.883465479814071031e-02,1.832517736973253708e-01,-1.159119980754412527e-01,2.713976138175583364e-01,4.029338027735217959e-02,-3.620746857261886859e-02,1.227539021336382236e-01,-2.261844044512020535e-01,4.964727046889015893e-01,1.700409639601307143e-01,1.202613696033873192e-01,-1.631236295519614132e-01,-2.412216213165415124e-01,4.171748494186487966e-01,1.125103329706747951e-01,2.532335159671478819e-01,3.580139032969539281e-01,-8.765844150759423414e-02,3.386783043492981315e-01,2.863899119713546049e-01,-1.957783461701643468e-01,-5.642417362076308221e-04,5.039773612249569545e-01,-3.036711349135922666e-01,-2.648398769310159051e-01,-2.812893505109219650e-01,1.022823298615655324e-01,-5.620087813848519964e-01,-8.778447455812297961e-02,1.381815665921824754e-01,-1.220118985702863118e-01,-1.309713457242993317e-01,4.029223884983134663e-01,4.529665474800986802e-01,3.446700473906143536e-01,2.490773275679433393e-02,5.435111890101895771e-01,3.508651739403050307e-01,8.776284916034111927e-03,5.993871778253242466e-01,4.179937142638210368e-01,-2.821033818807355820e-01,-1.602104528686692786e-01,5.198059247124530158e-01,7.393413443006559109e-03,-1.471899350498004910e-01,6.062660449467218715e-01,-2.186318317622834573e-01,-1.217390431476111506e-01,-1.755015281695393448e-01,4.879540209273865448e-01,6.652248411513808080e-01,-3.511006234725101444e-03,-1.489638528425618613e-01,2.378754826934810218e-01,4.892732971356396066e-01,-1.686236271565681177e-01,3.396254027804879172e-01,-4.598998732084193519e-01,5.300442502986186799e-01,3.107659674677033801e-02,1.839362284630614019e-01,3.143741515733218250e-01,-3.594374568265888414e-01,5.501702579541923460e-02
0.000000000000000000e+00,0.000000000000000000e+00,0.000000000000000000e+00,0.000000000000000000e+00,0.000000000000000000e+00,0.000000000000000000e+00,0.000000000000000000e+00,0.000000000000000000e+00,0.000000000000000000e+00,0.000000000000000000e+00,0.000000000000000000e+00,0.000000000000000000e+00,0.000000000000000000e+00,0.000000000000000000e+00,0.000000000000000000e+00,0.000000000000000000e+00,0.000000000000000000e+00,0.000000000000000000e+00,0.000000000000000000e+00,0.000000000000000000e+00,0.000000000000000000e+00,0.000000000000000000e+00,0.000000000000000000e+00,0.000000000000000000e+00,0.000000000000000000e+00,0.000000000000000000e+00,0.000000000000000000e+00,0.000000000000000000e+00,1.000000000000000000e+00,1.510380703724618634e-01,2.142085377589336703e-01,2.456250845415103301e-02,-6.678673155159442487e-02,-1.268994076506449742e-01,-1.071029213104032485e-01,2.836587258447967885e-01,-2.849762353072575818e-02,3.485647260911559769e-02,1.146540046311115280e-01,-2.121411421054732460e-01,2.413392415294299265e-01,9.208133292670421521e-02,1.912904154442577609e-01,-1.382568846728421952e-01,4.193280580966974452e-02,2.347327623115050554e-01,-1.480322489378961826e-01,4.438833543566242934e-01,-1.283899164960746776e-02,1.231363536725581936e-01,1.677068105425724431e-01,2.065814990589460998e-01,-1.971424447251619860e-01,9.975923679741145744e-02,-3.010239458679763169e-01,2.876377901000458648e-01,-2.159106776578752496e-01,2.244354971528036286e-02,2.555574818007246285e-01,2.273359243791917839e-01,3.797156875132374210e-01,1.800879154885229039e-01,-1.127579718004330239e-01,-2.104180349562327079e-01,9.453469874554579211e-02,2.811931992734597041e-01,-3.401446250293598678e-02,1.027135646831089794e-01,9.811553254184669781e-02,3.056325944426250274e-01,3.033279152791080735e-01,2.414437519116625075e-01,2.272286906566593767e-01,2.028560288996637540e-01,4.812873782999985695e-01,-4.210550306386694197e-02,-2.659897352495799519e-02,-1.093814214643458876e-01,3.428467691147609742e-01,-8.729984222355245682e-02,1.490807932531283686e-01,2.649213956133069647e-01,3.503556323268394168e-01,3.231247910534676415e-01,6.351153807423491893e-01,3.953677402859460954e-02,2.392730441866198487e-01,2.669645064027657139e-02,4.407543525853951927e-01,2.187812173027029183e-01,1.036076772106001853e-01,4.981159495388509661e-01,3.864118497506655592e-01,1.177676449498420153e-02,1.112112488148260525e-01,-5.309051808563693825e-03,2.495195847733884809e-01,3.698510372560394055e-01,2.017511389119912291e-01,2.645044271438731429e-02
0.000000000000000000e+00,0.000000000000000000e+00,0.000000000000000000e+00,0.000000000000000000e+00,0.000000000000000000e+00,0.000000000000000000e+00,0.000000000000000000e+00,0.000000000000000000e+00,0.000000000000000000e+00,0.000000000000000000e+00,0.000000000000000000e+00,0.000000000000000000e+00,0.000000000000000000e+00,0.000000000000000000e+00,0.000000000000000000e+00,0.000000000000000000e+00,0.000000000000000000e+00,0.000000000000000000e+00,0.000000000000000000e+00,0.000000000000000000e+00,0.000000000000000000e+00,0.000000000000000000e+00,0.000000000000000000e+00,0.000000000000000000e+00,0.000000000000000000e+00,0.000000000000000000e+00,0.000000000000000000e+00,0.000000000000000000e+00,0.000000000000000000e+00,1.000000000000000000e+00,2.040390040382025483e-01,7.727019358520176295e-02,2.562709691920176391e-01,1.425205997095422561e-01,3.993003217045813097e-02,-4.533203912899392424e-02,-5.409130291062570067e-02,2.645349963483460687e-02,2.991461307533677463e-02,1.201906913664797655e-01,1.874357203439641073e-01,-1.610799897858765928e-01,1.776452944466882788e-01,1.633149533380058027e-01,9.811355221282894168e-02,4.684654214005033734e-02,1.508935326784129616e-01,-5.168104358816853761e-02,2.320795646171113502e-01,-2.632535032016066756e-01,-5.061037499576195170e-02,9.347392680781965724e-02,1.140004130761172879e-01,1.463920251853177146e-01,1.446377546491896815e-01,1.331018080829061700e-01,7.843174472604722003e-02,4.669868684103709033e-02,9.022171239425036404e-02,1.870688849572160056e-02,1.375155947807810419e-01,6.536397148304265436e-02,7.402438053113812033e-02,1.293998775762387685e-02,1.144203331461287332e-01,-1.501818213187881002e-01,-2.480390297480796619e-02,1.116916262110795727e-01,2.266167695378916713e-01,1.323876413428721199e-01,-6.107690929707668137e-02,2.169663109020603109e-01,1.373362029949447560e-01,-1.000251761189388522e-01,1.934695312937799450e-01,3.026560652029223752e-01,-1.140966779743396303e-01,3.301361298997599475e-02,8.554696382610439687e-02,1.073582118561176163e-01,1.356687701481051334e-01,2.992701459371369666e-01,2.189459738452622928e-01,-8.594020574388037959e-02,5.589970423938784433e-02,-1.482457072155516850e-02,2.588094384667049552e-01,9.196512191057486241e-02,1.193350903066323077e-01,1.643810744442766314e-01,9.166608487076435829e-02,-8.433412578527862968e-02,8.037918656506580495e-02,1.133052506369738727e-01,9.044280275093918853e-02,1.628897817351069033e-01,1.734092526417762015e-01,7.588440214143921114e-02,1.691533263243142626e-01,3.782103921025991022e-01
0.000000000000000000e+00,0.000000000000000000e+00,0.000000000000000000e+00,0.000000000000000000e+00,0.000000000000000000e+00,0.000000000000000000e+00,0.000000000000000000e+00,0.000000000000000000e+00,0.000000000000000000e+00,0.000000000000000000e+00,0.000000000000000000e+00,0.000000000000000000e+00,0.000000000000000000e+00,0.000000000000000000e+00,0.000000000000000000e+00,0.000000000000000000e+00,0.000000000000000000e+00,0.000000000000000000e+00,0.000000000000000000e+00,0.000000000000000000e+00,0.000000000000000000e+00,0.000000000000000000e+00,0.000000000000000000e+00,0.000000000000000000e+00,0.000000000000000000e+00,0.000000000000000000e+00,0.000000000000000000e+00,0.000000000000000000e+00,0.000000000000000000e+00,0.000000000000000000e+00,1.000000000000000000e+00,-2.283281223732102835e-02,6.152193721616493888e-02,4.009944825772068788e-02,5.112571088816236092e-02,1.089453120482483245e-01,-8.446142512860349907e-03,-1.712892326770658682e-02,1.845794622066634083e-01,-2.212277410677375086e-02,2.054158467067575544e-01,8.275128599344665214e-02,3.151424908968146199e-01,1.818766925642379684e-01,2.691855477720889872e-02,7.431686780779998835e-02,2.015100071410285409e-01,1.194081347437268847e-01,1.936776920207622377e-01,-1.224942121811871953e-01,-7.830274804950702883e-02,2.912517668261819792e-01,1.202006333528714277e-01,2.546941692608522545e-01,-6.748270286958947539e-02,2.725253695034897672e-01,-9.579655138558393346e-02,3.992045827849090116e-03,1.021468685291537920e-01,1.317007790845834692e-01,1.499131037100207009e-01,9.487519896911437989e-02,-7.195631428105958571e-02,-1.977634274794379532e-01,1.528752560298931862e-01,1.661282620172775115e-01,1.549884494387590919e-02,1.674568690473542676e-01,-1.304157813389725529e-01,7.073756610494431538e-03,1.138613861680717598e-01,1.130665549740050430e-01,1.529745119011463317e-01,4.040134058600902689e-02,2.952963255781554941e-01,1.461002608519360868e-01,-2.502509506078579027e-01,3.605690162882038696e-02,2.322143545032449019e-01,-1.377497665890216327e-01,-7.930745440331957163e-02,6.288553370622405880e-02,7.293369193402253481e-02,7.634699129526308081e-02,1.198593996635366477e-01,1.151724833621151217e-01,3.611753747425924255e-01,9.604481935380894397e-02,1.391851548945730599e-01,-1.721222122783163389e-01,3.172405439800110027e-01,2.667520158708332478e-01,2.045341676102777895e-01,-9.789927952374417874e-02,1.344477420831550751e-01,-1.732323073393931059e-02,1.987835187197474762e-01,-1.519194216451177637e-01,1.729104569450785611e-01,4.060491289375200430e-01
0.000000000000000000e+00,0.000000000000000000e+00,0.000000000000000000e+00,0.000000000000000000e+00,0.000000000000000000e+00,0.000000000000000000e+00,0.000000000000000000e+00,0.000000000000000000e+00,0.000000000000000000e+00,0.000000000000000000e+00,0.000000000000000000e+00,0.000000000000000000e+00,0.000000000000000000e+00,0.000000000000000000e+00,0.000000000000000000e+00,0.000000000000000000e+00,0.000000000000000000e+00,0.000000000000000000e+00,0.000000000000000000e+00,0.000000000000000000e+00,0.000000000000000000e+00,0.000000000000000000e+00,0.000000000000000000e+00,0.000000000000000000e+00,0.000000000000000000e+00,0.000000000000000000e+00,0.000000000000000000e+00,0.000000000000000000e+00,0.000000000000000000e+00,0.000000000000000000e+00,0.000000000000000000e+00,1.000000000000000000e+00,2.370277108448463066e-01,3.425383099359968764e-01,5.288731517876963384e-01,-2.245906419190857595e-01,1.992095715629270125e-01,-9.840924470734976892e-02,6.653383606987035848e-02,2.330183175905927995e-01,-2.946680905566575678e-02,1.834403591039976966e-01,-1.652164168523101995e-01,5.345456604391470856e-01,2.642781548292112981e-01,-7.488481817986543387e-02,9.194386331919535138e-02,-2.403301273955572581e-01,5.543608289804777822e-01,-6.884355595755447567e-03,2.249519822071194830e-01,4.743592868550119412e-01,-7.602120229126649309e-02,3.102438221552649700e-01,3.686947561968611509e-01,-4.280087170891486159e-01,3.201795699631738712e-01,5.184690272332698191e-01,-2.847542231353464848e-01,-5.561219725564096189e-02,-2.695431833806462563e-01,3.915978441140037514e-02,-3.059790073953992384e-01,1.392774340379533682e-01,2.952699479025118756e-01,-2.089252235705874872e-01,-9.398652956814454451e-02,1.880671723456982802e-01,4.250097108251552069e-01,6.291929384688094151e-01,4.171496578339360939e-01,4.653220128634812380e-01,6.488346468741500450e-01,-1.113018989169697742e-01,4.009909092323074020e-01,6.847012897626363406e-03,9.432508182870572022e-02,2.341905351711549010e-01,7.493053841649234270e-01,2.374481882336557936e-01,2.694422269682058002e-01,4.987031760016047421e-01,3.584260999032862910e-02,1.156734883168772515e-01,-2.562396534944760829e-01,5.096302327161722490e-01,6.682659333553173653e-01,-4.353616312290680551e-02,2.260975484536293934e-01,6.866005716399375958e-01,4.145442648801511698e-01,-3.180501112589511070e-01,-1.269351818047105007e-01,-3.842292374825849732e-01,5.443879420371694478e-01,8.389237083842304710e-02,8.133561850379624758e-01,8.240970234540745398e-01,-3.537363340667035727e-01,1.656261973194126658e-01
0.000000000000000000e+00,0.000000000000000000e+00,0.000000000000000000e+00,0.000000000000000000e+00,0.000000000000000000e+00,0.000000000000000000e+00,0.000000000000000000e+00,0.000000000000000000e+00,0.000000000000000000e+00,0.000000000000000000e+00,0.000000000000000000e+00,0.000000000000000000e+00,0.000000000000000000e+00,0.000000000000000000e+00,0.000000000000000000e+00,0.000000000000000000e+00,0.000000000000000000e+00,0.000000000000000000e+00,0.000000000000000000e+00,0.000000000000000000e+00,0.000000000000000000e+00,0.000000000000000000e+00,0.000000000000000000e+00,0.000000000000000000e+00,0.000000000000000000e+00,0.000000000000000000e+00,0.000000000000000000e+00,0.000000000000000000e+00,0.000000000000000000e+00,0.000000000000000000e+00,0.000000000000000000e+00,0.000000000000000000e+00,1.000000000000000000e+00,1.433376763435084411e-01,1.106045347520494271e-01,-5.091960694810080540e-03,7.574579858721648684e-02,1.086172982157895470e-02,6.928110883607210835e-02,3.520962164278219203e-02,6.085888037008584106e-02,1.351181315223601125e-02,9.320747737321968818e-02,2.874804063570127743e-01,5.378160992855132022e-02,-2.454148199455007812e-02,6.019918483955958438e-02,1.055897846154002159e-02,2.170358464984961100e-01,-1.949894494860950900e-01,1.708115328186827347e-02,1.804124616029787742e-01,-2.046820195847608437e-01,3.769848707817606559e-02,5.621920885656690042e-02,-5.535498993310573879e-02,1.083012029546269045e-01,1.164500844846275002e-01,-7.829511630070805361e-02,-5.340350621963096955e-02,-9.641739002476043541e-02,-6.513787542544306752e-02,-4.690447990578776316e-02,3.120569182695837052e-02,-1.973070175559729633e-02,-1.195856869051002691e-01,-4.781044915714674493e-02,3.168455091968352955e-01,-1.010066670341466105e-01,4.382556097880090790e-02,9.047665112334536686e-02,2.456259017890447538e-01,8.837732390521822745e-02,6.095195202667452739e-02,8.062780207258886389e-02,1.450479208495711325e-01,-2.838275715564280710e-01,2.183918328035910073e-01,2.002613543836314347e-01,4.509007314534072691e-02,2.090421105566209747e-01,9.721580483014338747e-02,4.686489586411440866e-02,-1.800644251784657701e-01,-5.733069983938668401e-02,5.011153156369474448e-02,3.280419809819902222e-01,4.568505920884629035e-01,1.656688700840632800e-01,1.142164048944626642e-01,1.256874049168711927e-01,-2.389829185220325447e-01,2.291729434415429312e-01,-2.946217947248895921e-02,-5.724436787844060931e-02,4.023457855946205308e-01,1.171858225461420155e-01,2.131294535916702648e-01,4.291279460313037961e-03,-9.330399358908397778e-02
0.000000000000000000e+00,0.000000000000000000e+00,0.000000000000000000e+00,0.000000000000000000e+00,0.000000000000000000e+00,0.000000000000000000e+00,0.000000000000000000e+00,0.000000000000000000e+00,0.000000000000000000e+00,0.000000000000000000e+00,0.000000000000000000e+00,0.000000000000000000e+00,0.000000000000000000e+00,0.000000000000000000e+00,0.000000000000000000e+00,0.000000000000000000e+00,0.000000000000000000e+00,0.000000000000000000e+00,0.000000000000000000e+00,0.000000000000000000e+00,0.000000000000000000e+00,0.000000000000000000e+00,0.000000000000000000e+00,0.000000000000000000e+00,0.000000000000000000e+00,0.000000000000000000e+00,0.000000000000000000e+00,0.000000000000000000e+00,0.000000000000000000e+00,0.000000000000000000e+00,0.000000000000000000e+00,0.000000000000000000e+00,0.000000000000000000e+00,1.000000000000000000e+00,2.257525987947252011e-01,-6.407581742572676653e-02,1.473801498505885044e-01,-4.008452132284620779e-03,6.721360063131642804e-02,1.374171129791919577e-01,6.937479627235498825e-02,5.254182758787132729e-02,-1.347550073219954125e-01,2.989047696766951590e-01,4.642552814715660697e-02,3.247918983289961592e-02,1.845992234569881763e-01,-2.304105686455785451e-01,1.932364940662907593e-01,-1.240489370696052501e-01,-9.513978787723950670e-02,1.498321973876706459e-01,-9.114287960188534321e-02,-1.116863886959643809e-01,2.453077705956895338e-01,-6.965950085096583866e-02,1.611415080879215755e-01,2.685606983143842275e-01,-1.634927353538865313e-01,-1.456996529743060931e-01,-1.994999762452673298e-01,2.060940176855700565e-02,-1.704342006255359365e-01,3.540023550503115790e-02,1.005429122778195156e-01,-1.296138001810629992e-01,-1.780617997894637095e-01,3.539546095172105972e-02,3.063179028404471316e-01,7.072656199426209656e-02,-1.839059290306425121e-01,1.842603944798913984e-01,4.425037097621068449e-01,-1.043927409890963859e-01,1.078538453484093468e-01,3.184263018848625948e-01,1.586434183787696905e-01,-1.463329743207022159e-02,1.754910862855244280e-01,1.787757672703918777e-01,-1.542406706728633448e-01,1.862445458294339218e-01,-1.581381674955045502e-01,3.233542590570036290e-02,-3.154693575602872113e-01,1.722489086361612964e-01,1.384977810873238846e-01,9.630928486823269602e-03,-2.094037351144155679e-01,7.896669322251421985e-02,6.773245826386299628e-02,-2.723858208825084559e-01,9.792925887943042251e-02,-1.614073334853208530e-01,2.280518368680194141e-01,1.406175281407176514e-01,1.998972597194454970e-01,1.009690012159215750e-01,-1.979024456727538350e-01,6.139510840986894639e-03
0.000000000000000000e+00,0.000000000000000000e+00,0.000000000000000000e+00,0.000000000000000000e+00,0.000000000000000000e+00,0.000000000000000000e+00,0.000000000000000000e+00,0.000000000000000000e+00,0.000000000000000000e+00,0.000000000000000000e+00,0.000000000000000000e+00,0.000000000000000000e+00,0.000000000000000000e+00,0.000000000000000000e+00,0.000000000000000000e+00,0.000000000000000000e+00,0.000000000000000000e+00,0.000000000000000000e+00,0.000000000000000000e+00,0.000000000000000000e+00,0.000000000000000000e+00,0.000000000000000000e+00,0.000000000000000000e+00,0.000000000000000000e+00,0.000000000000000000e+00,0.000000000000000000e+00,0.000000000000000000e+00,0.000000000000000000e+00,0.000000000000000000e+00,0.000000000000000000e+00,0.000000000000000000e+00,0.000000000000000000e+00,0.000000000000000000e+00,0.000000000000000000e+00,1.000000000000000000e+00,-2.497647027158684807e-01,1.903616568318955149e-01,2.497444566349039108e-01,5.850022802064599493e-03,4.578778378909402202e-01,-1.065055058002565419e-01,2.156162432529562245e-01,-1.652717500126296979e-01,3.272114796634406075e-01,-3.426442586637679089e-02,-2.513346883349297789e-01,8.234108209364734976e-02,-2.990254368601205637e-01,5.100167818906362616e-01,6.853556946982357345e-02,2.228705439378743380e-01,3.235449539439604894e-01,-1.331124522035782021e-01,3.016572194280687791e-01,3.704876557589870112e-01,-3.674229487989393861e-01,2.576295215397598204e-01,2.676502458782733518e-01,-3.347570658387034048e-01,-9.214271233078762113e-02,-1.786052827289740241e-01,-2.638991760306825252e-01,-2.032620747422119734e-01,3.106194638011078313e-01,1.730677575573813798e-01,-1.868997512185314180e-01,-1.258810808230713674e-01,3.272166259117348375e-01,2.269178448241621904e-01,2.374913698905890130e-02,8.336661361953197000e-03,2.091826041286634352e-01,2.728541016764033933e-01,-1.111708911023756852e-01,1.884589212634026623e-01,1.297580582833358920e-01,-1.914991049259472111e-01,3.105282140616181241e-01,3.861547026472827993e-01,3.854025736702316740e-01,-9.627167824522379902e-03,2.944761892267795389e-01,-2.291838516476098209e-01,-1.131628293098179971e-01,-1.086118071027364768e-01,4.505644304955396251e-01,4.662008616320168497e-01,1.067322797049738425e-01,4.804052337907722264e-02,2.475490218143605314e-01,2.568389676450841819e-01,-2.088479452930729618e-01,-1.630951072997614826e-01,-1.957383718282103557e-01,2.309615753033804064e-01,1.713685212334161989e-01,8.302648165087277154e-02,3.724652147685033610e-01,-4.045663717412307792e-01,2.597315862318918395e-02
0.000000000000000000e+00,0.000000000000000000e+00,0.000000000000000000e+00,0.000000000000000000e+00,0.000000000000000000e+00,0.000000000000000000e+00,0.000000000000000000e+00,0.000000000000000000e+00,0.000000000000000000e+00,0.000000000000000000e+00,0.000000000000000000e+00,0.000000000000000000e+00,0.000000000000000000e+00,0.000000000000000000e+00,0.000000000000000000e+00,0.000000000000000000e+00,0.000000000000000000e+00,0.000000000000000000e+00,0.000000000000000000e+00,0.000000000000000000e+00,0.000000000000000000e+00,0.000000000000000000e+00,0.000000000000000000e+00,0.000000000000000000e+00,0.000000000000000000e+00,0.000000000000000000e+00,0.000000000000000000e+00,0.000000000000000000e+00,0.000000000000000000e+00,0.000000000000000000e+00,0.000000000000000000e+00,0.000000000000000000e+00,0.000000000000000000e+00,0.000000000000000000e+00,0.000000000000000000e+00,1.000000000000000000e+00,-1.415756943904526999e-01,-2.788709271424446787e-02,-2.864876758990700031e-02,-1.229084022730263237e-01,-4.666863703210621939e-02,2.278057475611225124e-01,4.887378320530447878e-02,-7.744688781552751256e-02,-1.886466693150864451e-03,5.561127505157138079e-02,1.386339994395218225e-02,2.996453074539274786e-01,-6.039649780229389142e-03,-1.108720731132591467e-02,5.994066313309295152e-02,-3.686743805249520847e-03,-6.241635360236794106e-02,-3.875205673152906649e-02,-2.573292188000234418e-02,1.503438998264579052e-01,-7.270286403402161091e-02,-8.023824694180664574e-02,8.955122904064245770e-02,1.732050865643731119e-01,-1.201470172966399852e-01,3.826320949427318430e-02,2.997276394952330322e-02,-6.240084541440826110e-02,6.690327967320715274e-02,8.789480218287730462e-02,1.361917206042989048e-01,2.483718622281899102e-01,-1.330957759547737596e-01,4.165918095524311776e-02,1.527860270929965181e-01,-3.593977368170080816e-02,1.004045001305487184e-01,1.075256313587433371e-01,2.718296283369232569e-01,-4.860292701516159136e-02,7.389571006097697681e-02,-4.077611370110053451e-02,-5.783312057312256504e-02,1.067222357662909044e-01,1.366712213043851099e-01,6.620867582037812116e-02,9.226846785705357032e-03,1.298291188817290442e-01,3.845625890089652832e-01,1.692475501345767630e-01,-1.423223236409794368e-01,9.208551144712698311e-02,1.816531473229449356e-01,5.942389625854409274e-02,-1.389122324966346467e-01,3.032170086837561729e-01,9.479701264547046868e-02,-4.210325676397246031e-02,1.213963544857016158e-01,-3.359082014192008719e-02,-6.600100216937317132e-02,1.399870824981259421e-01,9.996323901700650272e-02,-1.637694260483611372e-02
0.000000000000000000e+00,0.000000000000000000e+00,0.000000000000000000e+00,0.000000000000000000e+00,0.000000000000000000e+00,0.000000000000000000e+00,0.000000000000000000e+00,0.000000000000000000e+00,0.000000000000000000e+00,0.000000000000000000e+00,0.000000000000000000e+00,0.000000000000000000e+00,0.000000000000000000e+00,0.000000000000000000e+00,0.000000000000000000e+00,0.000000000000000000e+00,0.000000000000000000e+00,0.000000000000000000e+00,0.000000000000000000e+00,0.000000000000000000e+00,0.000000000000000000e+00,0.000000000000000000e+00,0.000000000000000000e+00,0.000000000000000000e+00,0.000000000000000000e+00,0.000000000000000000e+00,0.000000000000000000e+00,0.000000000000000000e+00,0.000000000000000000e+00,0.000000000000000000e+00,0.000000000000000000e+00,0.000000000000000000e+00,0.000000000000000000e+00,0.000000000000000000e+00,0.000000000000000000e+00,0.000000000000000000e+00,1.000000000000000000e+00,-4.352964407791768547e-02,2.368957413214980157e-01,-1.814501282665928195e-01,4.064171310046887919e-01,-6.238621732937140590e-02,-1.509881641125528640e-01,6.099991613091321208e-01,1.331416358121546017e-01,-1.683462546128875748e-01,-2.315134316042784524e-01,-2.998667664748199124e-01,-9.450811185466248196e-03,9.492642556416426569e-02,-1.431822431678151375e-01,1.812279713920103286e-01,-1.085453174397943005e-01,2.378306082142276484e-02,-4.593041447401021576e-02,-2.875036328424899687e-02,-7.687745469619630678e-02,5.550567419939650415e-01,-1.243362422731189160e-01,-2.012442014260691359e-01,-3.080315485488229199e-01,5.102565021344673303e-03,-4.698207469193845798e-01,-7.940947335472291202e-02,-2.285575005373002566e-01,1.901903551776302492e-01,-2.789570342232726152e-01,-9.303945221289751377e-02,-1.631897984403630347e-02,6.519449388482527474e-02,-1.172044586156735929e-01,1.834628187211761463e-01,8.679264088865533411e-02,1.738662361514890786e-02,2.528376209227611304e-01,5.937004886534253539e-02,2.277891923834214349e-01,2.029044272039833563e-01,2.768986906554459226e-01,-2.802503548938024003e-01,-4.325770504073913059e-01,2.009373167668268290e-01,-3.750916616494377465e-01,-3.411964013344271907e-01,-2.602210952223986129e-01,-9.395949951735514671e-02,3.631990336841463551e-01,2.883910220293557924e-01,2.661964557605209572e-02,-5.885438909737470553e-02,3.131063450610621079e-01,-3.063071590714195325e-01,5.354469829858374275e-02,-4.064964821920304394e-01,-2.465274087314503759e-01,3.438196050754790956e-01,8.242608448344235228e-02,-2.413613784626934128e-02,-3.790860831576530199e-01,-4.147601566366715398e-01
0.000000000000000000e+00,0.000000000000000000e+00,0.000000000000000000e+00,0.000000000000000000e+00,0.000000000000000000e+00,0.000000000000000000e+00,0.000000000000000000e+00,0.000000000000000000e+00,0.000000000000000000e+00,0.000000000000000000e+00,0.000000000000000000e+00,0.000000000000000000e+00,0.000000000000000000e+00,0.000000000000000000e+00,0.000000000000000000e+00,0.000000000000000000e+00,0.000000000000000000e+00,0.000000000000000000e+00,0.000000000000000000e+00,0.000000000000000000e+00,0.000000000000000000e+00,0.000000000000000000e+00,0.000000000000000000e+00,0.000000000000000000e+00,0.000000000000000000e+00,0.000000000000000000e+00,0.000000000000000000e+00,0.000000000000000000e+00,0.000000000000000000e+00,0.000000000000000000e+00,0.000000000000000000e+00,0.000000000000000000e+00,0.000000000000000000e+00,0.000000000000000000e+00,0.000000000000000000e+00,0.000000000000000000e+00,0.000000000000000000e+00,1.000000000000000000e+00,-1.180775688172890359e-01,3.657755351416523415e-01,-1.111308063978432847e-01,2.671326359540844575e-02,3.125286943805166695e-01,-2.675545428694805355e-02,-1.596668438306815263e-01,-9.949133206214720582e-02,1.460610141462571621e-01,-3.393685059885385991e-02,3.103167534451291565e-01,1.488550468330274990e-01,8.186401660853712126e-02,1.428664945131063735e-01,1.400909732597511725e-01,1.188468171806731782e-01,1.027067818195935289e-01,-8.050675940834149669e-02,2.334242077474371624e-01,2.405991165180910735e-03,5.775643137255048049e-02,2.991192553026070233e-01,2.435780679771368806e-01,-2.584274346594684357e-01,1.462583766482356828e-01,3.056405312616930492e-01,1.225251524438873280e-01,-1.589224735230234664e-01,3.562542527547585269e-01,1.941938360138447672e-01,2.226379998678395533e-01,-9.358211779151709431e-02,2.249547800769496897e-01,-1.434703685358783842e-01,1.199103848523249000e-01,-1.301980993148701693e-01,-8.298302498257140170e-02,-4.482580443815794569e-01,-2.120461383193194757e-02,1.856802644850650552e-01,4.239052242698346240e-02,4.645895439534902804e-01,4.539708156038235187e-01,-9.600686060211713335e-02,7.428558510809349369e-02,3.559230324569326864e-01,8.623799080411639895e-02,3.234114932977403822e-01,2.412900040895925302e-01,2.161722965180312150e-01,3.868768560849573657e-01,7.823673428577274103e-02,1.300356154683957599e-01,1.902010446538633381e-01,-1.554750086212490223e-01,4.950569091204609085e-01,-2.948370413277083268e-01,4.744446330744403473e-01,-2.147558830524378889e-02,1.273580588808069236e-01,-4.717358761222509127e-03,1.088802132209111678e-01
0.000000000000000000e+00,0.000000000000000000e+00,0.000000000000000000e+00,0.000000000000000000e+00,0.000000000000000000e+00,0.000000000000000000e+00,0.000000000000000000e+00,0.000000000000000000e+00,0.000000000000000000e+00,0.000000000000000000e+00,0.000000000000000000e+00,0.000000000000000000e+00,0.000000000000000000e+00,0.000000000000000000e+00,0.000000000000000000e+00,0.000000000000000000e+00,0.000000000000000000e+00,0.000000000000000000e+00,0.000000000000000000e+00,0.000000000000000000e+00,0.000000000000000000e+00,0.000000000000000000e+00,0.000000000000000000e+00,0.000000000000000000e+00,0.000000000000000000e+00,0.000000000000000000e+00,0.000000000000000000e+00,0.000000000000000000e+00,0.000000000000000000e+00,0.000000000000000000e+00,0.000000000000000000e+00,0.000000000000000000e+00,0.000000000000000000e+00,0.000000000000000000e+00,0.000000000000000000e+00,0.000000000000000000e+00,0.000000000000000000e+00,0.000000000000000000e+00,1.000000000000000000e+00,-7.270767109338076573e-01,7.894105594892335542e-01,4.208008979922553405e-01,4.658391731506694722e-01,8.543967708944585349e-01,2.358071202749521256e-01,5.802169784120714269e-01,-1.534528851359610035e-01,3.343814460130795641e-01,2.382139407819486854e-01,-1.318984236963944012e-01,-2.121822283770539996e-01,6.695164898887729921e-01,4.181656721164215273e-01,4.359742363477702720e-01,-6.266863030369147491e-01,3.790455637066378336e-01,-5.164521463310211002e-01,8.037354779217329437e-01,2.594070388958866213e-01,-2.415132317124694394e-01,1.273177691188857041e-01,7.724009507300556576e-01,-7.108790819634790425e-01,-9.097631149604920031e-01,1.159774095199613136e-01,8.422854212842544042e-02,-1.065854953445319886e-01,2.248157271798151280e-01,3.787231713551117429e-02,5.435420970816645658e-01,8.325054897584227565e-02,9.039994552204810851e-01,9.588393234246922470e-02,1.514283133004380444e-01,6.360742567683574933e-01,6.177695036458858979e-01,-1.341407517523071913e-01,-4.358526027453292762e-01,1.000000000000000000e+00,-7.461721824762436173e-01,-3.646462597313105403e-01,8.884858939896334018e-01,1.851016014282508004e-01,-4.017561063015454015e-01,-1.734933553492774561e-01,3.708790959148244859e-02,1.000000000000000000e+00,3.094556919281010177e-01,-7.367643371824866838e-02,-5.222092621599168094e-01,1.000000000000000000e+00,9.626271643673671441e-02,1.000000000000000000e+00,-8.608127450351872323e-01,3.848248003464116440e-01,4.309628785323799116e-02,4.436916756948347529e-01,-1.168228552398787451e-01,6.821717594284892883e-02,1.792012672058965750e-01
0.000000000000000000e+00,0.000000000000000000e+00,0.000000000000000000e+00,0.000000000000000000e+00,0.000000000000000000e+00,0.000000000000000000e+00,0.000000000000000000e+00,0.000000000000000000e+00,0.000000000000000000e+00,0.000000000000000000e+00,0.000000000000000000e+00,0.000000000000000000e+00,0.000000000000000000e+00,0.000000000000000000e+00,0.000000000000000000e+00,0.000000000000000000e+00,0.000000000000000000e+00,0.000000000000000000e+00,0.000000000000000000e+00,0.000000000000000000e+00,0.000000000000000000e+00,0.000000000000000000e+00,0.000000000000000000e+00,0.000000000000000000e+00,0.000000000000000000e+00,0.000000000000000000e+00,0.000000000000000000e+00,0.000000000000000000e+00,0.000000000000000000e+00,0.000000000000000000e+00,0.000000000000000000e+00,0.000000000000000000e+00,0.000000000000000000e+00,0.000000000000000000e+00,0.000000000000000000e+00,0.000000000000000000e+00,0.000000000000000000e+00,0.000000000000000000e+00,0.000000000000000000e+00,1.000000000000000000e+00,-1.888102156065719350e-01,2.690535306024302575e-02,-3.301465427316342682e-02,-9.804609146765595751e-02,-8.411864792301955440e-02,-2.254582375574994690e-01,1.524548168462055986e-01,-3.806376776784963778e-01,4.773830477585142562e-01,-3.951604764899238620e-02,2.197616450289167217e-02,4.037156574646963425e-02,-3.725444404658463660e-02,7.667389058154706893e-02,4.587672078477750826e-01,-2.334671082964163147e-01,3.679094715126015047e-01,-1.175114897348345042e-03,-1.478711497141894093e-01,9.308480936848238796e-02,2.627921497930103475e-02,-4.115099668066084515e-01,2.159569844770927172e-01,4.250029266503612124e-01,1.918502358982958345e-01,-2.247600294958525258e-01,5.819986732809709351e-02,8.551982157331618206e-02,2.539107912288040003e-01,-6.359119006515007166e-02,5.017485787498959793e-02,-1.594116171809939198e-01,2.217965399565318130e-01,-2.961766576880373592e-01,-3.247817336682814332e-02,7.637799693393058920e-02,1.058279044455389117e-01,4.788636100992753608e-01,-2.686692138412092867e-01,3.866857781829166618e-01,3.515605310366634595e-01,-1.543496181801011849e-02,-1.575460689265076970e-03,3.598469290316955865e-02,-1.507861182438607062e-01,2.379846658267790460e-01,2.306399370586406095e-01,-5.984267120680865359e-02,-1.917272438361895814e-01,3.064534296672732361e-01,-1.441433523021843910e-01,-1.979663681796486052e-01,-5.160945118231975437e-01,3.181379090881467642e-01,1.043933733099730171e-01,1.031836186172605668e-01,-9.293906024594944526e-02,1.334736620264125873e-01,-1.556613656671180790e-01,3.010747025074133054e-01
0.000000000000000000e+00,0.000000000000000000e+00,0.000000000000000000e+00,0.000000000000000000e+00,0.000000000000000000e+00,0.000000000000000000e+00,0.000000000000000000e+00,0.000000000000000000e+00,0.000000000000000000e+00,0.000000000000000000e+00,0.000000000000000000e+00,0.000000000000000000e+00,0.000000000000000000e+00,0.000000000000000000e+00,0.000000000000000000e+00,0.000000000000000000e+00,0.000000000000000000e+00,0.000000000000000000e+00,0.000000000000000000e+00,0.000000000000000000e+00,0.000000000000000000e+00,0.000000000000000000e+00,0.000000000000000000e+00,0.000000000000000000e+00,0.000000000000000000e+00,0.000000000000000000e+00,0.000000000000000000e+00,0.000000000000000000e+00,0.000000000000000000e+00,0.000000000000000000e+00,0.000000000000000000e+00,0.000000000000000000e+00,0.000000000000000000e+00,0.000000000000000000e+00,0.000000000000000000e+00,0.000000000000000000e+00,0.000000000000000000e+00,0.000000000000000000e+00,0.000000000000000000e+00,0.000000000000000000e+00,1.000000000000000000e+00,-7.727902840422451458e-02,2.878664049663469116e-01,1.646369474527624444e-01,1.713857977616367878e-01,1.402314628652099326e-01,-1.745378443312384231e-02,1.153318813025348555e-01,-2.078504968898109428e-03,-1.228155642670901715e-01,3.233458267839502825e-02,1.781979972554311731e-01,2.358101918348435577e-01,1.423165565822034073e-01,-9.292252295335770573e-02,2.986197973034448450e-01,-1.493467021590686727e-01,1.533954567707960237e-01,2.996092393184243696e-01,8.991705773340284702e-02,5.894674415970894282e-02,2.068430912539647448e-01,-1.724549731113848294e-01,-3.248684080387773121e-01,1.704941494845071681e-01,7.283719365677637780e-02,1.316424848202987219e-01,4.671959674096187037e-02,1.318034420140878904e-01,1.625315601373871210e-01,9.603389417273654194e-02,1.013161030225520065e-01,1.436716149809353082e-01,7.932575046212245184e-02,1.825616646144821442e-01,2.483103032590743831e-01,4.882726973322719377e-02,1.260312849790667378e-01,7.080714040725474834e-02,-2.407370134346215607e-01,-2.720829006211126794e-03,2.799368409896886845e-01,2.236961868202623493e-01,-9.617980475513884797e-02,2.898187443326556978e-01,-1.597292432958155872e-01,3.843589239492279375e-01,2.125263354077766009e-01,1.734417666088811649e-01,6.479139305139272609e-02,3.986806335963865439e-02,-4.617394522390409761e-02,4.514391204333841889e-01,-9.125698125168382746e-02,-2.260905743493922815e-01,1.802252095446608693e-01,1.814047896523189596e-01,8.037283202325599951e-02,1.991385592176668773e-01,-3.220951900778163974e-03
0.000000000000000000e+00,0.000000000000000000e+00,0.000000000000000000e+00,0.000000000000000000e+00,0.000000000000000000e+00,0.000000000000000000e+00,0.000000000000000000e+00,0.000000000000000000e+00,0.000000000000000000e+00,0.000000000000000000e+00,0.000000000000000000e+00,0.000000000000000000e+00,0.000000000000000000e+00,0.000000000000000000e+00,0.000000000000000000e+00,0.000000000000000000e+00,0.000000000000000000e+00,0.000000000000000000e+00,0.000000000000000000e+00,0.000000000000000000e+00,0.000000000000000000e+00,0.000000000000000000e+00,0.000000000000000000e+00,0.000000000000000000e+00,0.000000000000000000e+00,0.000000000000000000e+00,0.000000000000000000e+00,0.000000000000000000e+00,0.000000000000000000e+00,0.000000000000000000e+00,0.000000000000000000e+00,0.000000000000000000e+00,0.000000000000000000e+00,0.000000000000000000e+00,0.000000000000000000e+00,0.000000000000000000e+00,0.000000000000000000e+00,0.000000000000000000e+00,0.000000000000000000e+00,0.000000000000000000e+00,0.000000000000000000e+00,1.000000000000000000e+00,-5.083777719149807500e-02,1.428388778507040102e-01,-1.216094916666311809e-01,3.090024566039892631e-02,8.982731796174892036e-02,1.535161393010074093e-01,6.736634516460486555e-02,-1.100871467588349639e-01,-3.080790868146038655e-02,1.196740583478547865e-01,-4.336496335484763573e-04,1.422427363417090584e-02,4.278587817392850295e-02,6.827884803537714875e-02,-7.194115375143347001e-03,6.891369209197008294e-02,2.992402172177019079e-02,5.266487271737509135e-02,-1.118220315596006043e-01,1.003318411769135027e-01,4.465780705923620697e-03,-2.004550339834730854e-01,1.243933959769047415e-01,-3.199181570946309228e-02,4.506402608531952930e-02,2.777328418790710463e-01,-6.991436600799624812e-02,2.928229678668413660e-01,2.027337200100262082e-01,1.862143738145582705e-01,2.155225352936161465e-01,4.475691590839733433e-03,-3.603011355711582125e-02,6.531201057793190046e-02,1.402631376485418135e-01,1.498424682654222184e-01,1.011757138217311003e-01,9.411307428159260136e-02,1.869301970422958259e-01,1.671938809369238055e-01,1.072413236097107397e-01,-7.341194414268975565e-02,1.634092027903173983e-01,1.368891808521305320e-01,-2.985706897864679604e-02,-5.707177773628614725e-02,1.402411168513098549e-01,-4.085140162362001226e-02,7.878736914142848990e-02,1.244205627433690453e-01,2.656192335978544428e-01,-2.720205164408208767e-02,3.127525744260412077e-01,-8.858983812614029674e-02,6.672181882777676598e-02,5.838291104524249292e-02,-4.239743362062337040e-02,5.594264978481038736e-02
0.000000000000000000e+00,0.000000000000000000e+00,0.000000000000000000e+00,0.000000000000000000e+00,0.000000000000000000e+00,0.000000000000000000e+00,0.000000000000000000e+00,0.000000000000000000e+00,0.000000000000000000e+00,0.000000000000000000e+00,0.000000000000000000e+00,0.000000000000000000e+00,0.000000000000000000e+00,0.000000000000000000e+00,0.000000000000000000e+00,0.000000000000000000e+00,0.000000000000000000e+00,0.000000000000000000e+00,0.000000000000000000e+00,0.000000000000000000e+00,0.000000000000000000e+00,0.000000000000000000e+00,0.000000000000000000e+00,0.000000000000000000e+00,0.000000000000000000e+00,0.000000000000000000e+00,0.000000000000000000e+00,0.000000000000000000e+00,0.000000000000000000e+00,0.000000000000000000e+00,0.000000000000000000e+00,0.000000000000000000e+00,0.000000000000000000e+00,0.000000000000000000e+00,0.000000000000000000e+00,0.000000000000000000e+00,0.000000000000000000e+00,0.000000000000000000e+00,0.000000000000000000e+00,0.000000000000000000e+00,0.000000000000000000e+00,0.000000000000000000e+00,1.000000000000000000e+00,-2.754994008931047761e-02,-9.025233692608526648e-02,1.565986592272017863e-01,1.391157613966144228e-02,2.715210018896616062e-01,1.843908821219318039e-01,-6.611946811269919788e-02,-7.463015005869484686e-02,4.205625594128064582e-01,1.677746864400745108e-01,1.609473445125466917e-01,-5.275419846846500505e-02,6.310548135580730522e-02,-6.207486229076374096e-02,-1.247611572486508613e-01,2.420219322715310983e-01,3.068505336159166874e-01,4.376985355368551711e-01,-9.544017628612250920e-03,2.204052248859609542e-01,-1.633581383334223869e-01,-3.715618414766949651e-02,4.728971086776678073e-03,2.733622219125919628e-01,4.080878406305208372e-01,-3.298916210491813911e-02,8.603818415766921815e-03,2.717054704552087641e-01,4.316995528804490334e-02,5.656717356452836687e-02,1.840980954594692021e-01,1.662959270140911550e-01,1.189104974184310506e-02,-1.567385545711081629e-01,3.436713457890584050e-02,1.536929754412754701e-01,-1.590743979922155660e-01,2.388770634544549187e-01,-6.604088202641708464e-04,3.329663610235428783e-01,1.754611739622109756e-01,1.683816606872062527e-01,-1.227369130929329838e-01,5.023943214853670014e-01,2.962896901421318008e-01,3.671088904506913941e-01,2.818511480369032540e-01,2.383742392353048467e-01,4.508336109984319856e-02,2.068557642678525432e-01,1.419252752325565470e-01,-1.581528888565123248e-01,1.659313305874884625e-01,9.316179363525720070e-02,1.805505405403770580e-01,3.229543492651505976e-01,3.400318780126980189e-01
0.000000000000000000e+00,0.000000000000000000e+00,0.000000000000000000e+00,0.000000000000000000e+00,0.000000000000000000e+00,0.000000000000000000e+00,0.000000000000000000e+00,0.000000000000000000e+00,0.000000000000000000e+00,0.000000000000000000e+00,0.000000000000000000e+00,0.000000000000000000e+00,0.000000000000000000e+00,0.000000000000000000e+00,0.000000000000000000e+00,0.000000000000000000e+00,0.000000000000000000e+00,0.000000000000000000e+00,0.000000000000000000e+00,0.000000000000000000e+00,0.000000000000000000e+00,0.000000000000000000e+00,0.000000000000000000e+00,0.000000000000000000e+00,0.000000000000000000e+00,0.000000000000000000e+00,0.000000000000000000e+00,0.000000000000000000e+00,0.000000000000000000e+00,0.000000000000000000e+00,0.000000000000000000e+00,0.000000000000000000e+00,0.000000000000000000e+00,0.000000000000000000e+00,0.000000000000000000e+00,0.000000000000000000e+00,0.000000000000000000e+00,0.000000000000000000e+00,0.000000000000000000e+00,0.000000000000000000e+00,0.000000000000000000e+00,0.000000000000000000e+00,0.000000000000000000e+00,1.000000000000000000e+00,-6.746644927075449820e-03,2.606029250164849237e-02,9.402043122748922344e-02,-1.207900642774285133e-01,1.368818452444883760e-01,-1.471750840376803149e-01,-2.691857592737094407e-02,2.789569693097395664e-01,1.787810046471463021e-01,4.639242195383629086e-02,1.975822302463928481e-01,-4.728395107562761296e-02,1.536715283291082146e-01,4.031789700917026154e-01,-1.269865621973430558e-01,-1.445175945589208533e-01,-1.039875491139786584e-01,2.103581918173144938e-01,-2.793366072562454283e-01,-6.209060080155375666e-02,1.729172814931168589e-01,-7.415139381911409200e-02,-7.582811084821457215e-02,2.187425022196416435e-01,7.560699954254516963e-02,2.884461726865085729e-01,8.700844486187848947e-02,2.371148812890088164e-01,1.369979499701361458e-01,-1.050785117136192499e-02,3.572373295652476188e-01,1.699119193122786420e-01,-1.414018657864326012e-01,4.563492277062715374e-02,4.400019799447180691e-01,8.668310888298252914e-02,-2.655093865435120826e-02,3.163594315167690962e-01,-2.966516908966233129e-02,-1.267753343920556275e-01,-1.532510614435020346e-01,1.857476520885360527e-01,3.788384070762583766e-01,1.704978566007918084e-01,9.076999349685394014e-02,7.934336896555187202e-02,3.382500729361681002e-01,-2.517659099185763916e-01,2.731477114862822519e-01,-1.254711147578254082e-01,1.988071026183993173e-01,2.013724188101333190e-01,3.519659727539495297e-01,4.279374276850526904e-02,-8.813453568735106491e-02,5.447870152587745707e-02
0.000000000000000000e+00,0.000000000000000000e+00,0.000000000000000000e+00,0.000000000000000000e+00,0.000000000000000000e+00,0.000000000000000000e+00,0.000000000000000000e+00,0.000000000000000000e+00,0.000000000000000000e+00,0.000000000000000000e+00,0.000000000000000000e+00,0.000000000000000000e+00,0.000000000000000000e+00,0.000000000000000000e+00,0.000000000000000000e+00,0.000000000000000000e+00,0.000000000000000000e+00,0.000000000000000000e+00,0.000000000000000000e+00,0.000000000000000000e+00,0.000000000000000000e+00,0.000000000000000000e+00,0.000000000000000000e+00,0.000000000000000000e+00,0.000000000000000000e+00,0.000000000000000000e+00,0.000000000000000000e+00,0.000000000000000000e+00,0.000000000000000000e+00,0.000000000000000000e+00,0.000000000000000000e+00,0.000000000000000000e+00,0.000000000000000000e+00,0.000000000000000000e+00,0.000000000000000000e+00,0.000000000000000000e+00,0.000000000000000000e+00,0.000000000000000000e+00,0.000000000000000000e+00,0.000000000000000000e+00,0.000000000000000000e+00,0.000000000000000000e+00,0.000000000000000000e+00,0.000000000000000000e+00,1.000000000000000000e+00,8.538182687054093889e-02,-1.596739174852475907e-01,-9.003590845506591334e-02,9.778880444443061037e-02,-1.574815172035226307e-01,3.320236327129463122e-02,1.470507530734492807e-01,-2.591885670028145836e-02,1.485661312675794210e-01,-2.321892663760528330e-01,1.562159609214756328e-01,2.780051161424219180e-02,2.713379777953722205e-01,5.301817156122112795e-02,-1.073964554829544803e-02,-3.307344836024136425e-01,8.565709872183310813e-02,-2.371124876084095556e-01,-7.219634091704198176e-02,2.591922804154748669e-02,1.174681814010308106e-01,-8.293389914056020773e-02,-8.189986555632412790e-02,1.069786123530217792e-01,-4.373255859510683657e-02,1.204292599064738928e-01,8.634957858044994827e-02,-3.977526207512623035e-02,-3.201391443417384020e-01,-6.685061569676888082e-02,-6.619457770988644574e-02,9.932714570441422697e-02,2.407804959511180287e-01,-3.466796000780729414e-02,-8.906835211917811523e-02,-4.050328549005280214e-03,1.566053471708630518e-01,-9.034920790504134824e-02,-1.667231688090147212e-01,1.425511967645914056e-02,-1.674314926151986294e-01,1.643857011350152442e-01,2.696905615255191235e-01,2.625531193803602725e-02,-1.579178766613493004e-02,-6.136928001590206266e-02,-7.244542237614202962e-02,7.415714702008358028e-02,5.200788608178100181e-02,4.094895496380743238e-02,1.785985256002774191e-01,-5.205568160507866027e-02,1.364362060912682473e-01,2.118116469447333533e-02,-7.014597185174570315e-02
0.000000000000000000e+00,0.000000000000000000e+00,0.000000000000000000e+00,0.000000000000000000e+00,0.000000000000000000e+00,0.000000000000000000e+00,0.000000000000000000e+00,0.000000000000000000e+00,0.000000000000000000e+00,0.000000000000000000e+00,0.000000000000000000e+00,0.000000000000000000e+00,0.000000000000000000e+00,0.000000000000000000e+00,0.000000000000000000e+00,0.000000000000000000e+00,0.000000000000000000e+00,0.000000000000000000e+00,0.000000000000000000e+00,0.000000000000000000e+00,0.000000000000000000e+00,0.000000000000000000e+00,0.000000000000000000e+00,0.000000000000000000e+00,0.000000000000000000e+00,0.000000000000000000e+00,0.000000000000000000e+00,0.000000000000000000e+00,0.000000000000000000e+00,0.000000000000000000e+00,0.000000000000000000e+00,0.000000000000000000e+00,0.000000000000000000e+00,0.000000000000000000e+00,0.000000000000000000e+00,0.000000000000000000e+00,0.000000000000000000e+00,0.000000000000000000e+00,0.000000000000000000e+00,0.000000000000000000e+00,0.000000000000000000e+00,0.000000000000000000e+00,0.000000000000000000e+00,0.000000000000000000e+00,0.000000000000000000e+00,1.000000000000000000e+00,2.043168642873613439e-01,4.287697833613424159e-01,-1.955317591487702178e-01,-1.004073633871701704e-01,-1.435758791067626161e-01,1.846797634197669125e-01,3.460319583694044798e-01,1.371628558305136580e-01,-3.391428569867005471e-01,2.994829687164232146e-01,-2.890930310955228122e-01,2.031418753500737473e-01,2.939119430219537810e-01,4.860317869436267535e-02,2.744076523414106239e-01,5.423486367956413812e-01,-7.592827563635395904e-02,-3.764734733259583188e-01,1.128612421222739692e-01,1.199436806485154466e-01,3.361357755717660489e-01,-5.053976431237730549e-02,1.879255860907556863e-01,6.188177280331994545e-01,2.972166594678521401e-01,3.411792745758256973e-01,-1.539204403834533996e-01,-6.661670956834612155e-03,3.282338281708910288e-01,-1.503154939236364673e-02,-7.780185618042960438e-02,-4.059283403333739937e-01,2.431878705726926715e-01,-3.810011079309482684e-01,2.368645082950451008e-01,1.879180364210713550e-01,5.180305648107856875e-01,1.644877430805358198e-01,2.142826175543132150e-01,6.213797779886301442e-02,2.468979185770834028e-01,-2.372689790744217653e-01,-1.036354194757812819e-01,-1.643320830081557993e-01,2.461336128744993357e-01,-3.048256487326717751e-02,8.584190316479894944e-01,-7.340214212447074282e-02,2.488805806357808625e-01,-1.575123844840312926e-01,2.538220562459467811e-01,1.786460791149195315e-01,4.890506307964265220e-01,2.081592219752043671e-01
0.000000000000000000e+00,0.000000000000000000e+00,0.000000000000000000e+00,0.000000000000000000e+00,0.000000000000000000e+00,0.000000000000000000e+00,0.000000000000000000e+00,0.000000000000000000e+00,0.000000000000000000e+00,0.000000000000000000e+00,0.000000000000000000e+00,0.000000000000000000e+00,0.000000000000000000e+00,0.000000000000000000e+00,0.000000000000000000e+00,0.000000000000000000e+00,0.000000000000000000e+00,0.000000000000000000e+00,0.000000000000000000e+00,0.000000000000000000e+00,0.000000000000000000e+00,0.000000000000000000e+00,0.000000000000000000e+00,0.000000000000000000e+00,0.000000000000000000e+00,0.000000000000000000e+00,0.000000000000000000e+00,0.000000000000000000e+00,0.000000000000000000e+00,0.000000000000000000e+00,0.000000000000000000e+00,0.000000000000000000e+00,0.000000000000000000e+00,0.000000000000000000e+00,0.000000000000000000e+00,0.000000000000000000e+00,0.000000000000000000e+00,0.000000000000000000e+00,0.000000000000000000e+00,0.000000000000000000e+00,0.000000000000000000e+00,0.000000000000000000e+00,0.000000000000000000e+00,0.000000000000000000e+00,0.000000000000000000e+00,0.000000000000000000e+00,1.000000000000000000e+00,8.075549877243534680e-02,6.006012028800281760e-02,-2.132636895106532759e-01,-1.065694061055279251e-01,-3.373433435619524468e-02,2.434741909628563017e-01,-4.582070639001786794e-02,1.819425207406702993e-01,5.918633348841045860e-02,8.045458686701621731e-02,1.054991371718911296e-02,-1.231102972251919662e-02,1.284690876237862545e-01,8.325527670367513511e-02,5.892710216650910715e-02,1.573306047826309451e-01,1.252336399649218446e-01,2.509499072356954352e-01,-1.196882426253556703e-01,2.236361351484079940e-01,-1.200008304618956356e-01,1.572629236661597998e-02,1.895580157029501667e-01,1.801754871042351436e-01,1.066408956908314748e-01,1.781917216388179404e-01,-3.009128723362691597e-03,-6.545921765105797152e-02,-7.682266061445200411e-02,-2.451159488303965989e-02,8.513211924249533546e-02,1.929272484446086511e-01,3.317798947433097112e-01,3.457798376146435926e-01,-1.157102664695653649e-01,3.613454452313354937e-01,1.236850796013030662e-01,5.122320619810159792e-02,3.983497739916044833e-01,-3.303845265510179513e-02,-7.493727081600623507e-02,9.933972201179744332e-02,-6.493144158600940019e-02,1.147824566763571037e-02,5.367553697997603374e-02,7.198670176439619928e-02,2.590680156244434817e-01,7.463275394510594796e-02,1.939883504272218728e-01,3.540608102586912942e-01,-1.833232576840307382e-02,1.783668635017963411e-01,1.493918476372785853e-01
0.000000000000000000e+00,0.000000000000000000e+00,0.000000000000000000e+00,0.000000000000000000e+00,0.000000000000000000e+00,0.000000000000000000e+00,0.000000000000000000e+00,0.000000000000000000e+00,0.000000000000000000e+00,0.000000000000000000e+00,0.000000000000000000e+00,0.000000000000000000e+00,0.000000000000000000e+00,0.000000000000000000e+00,0.000000000000000000e+00,0.000000000000000000e+00,0.000000000000000000e+00,0.000000000000000000e+00,0.000000000000000000e+00,0.000000000000000000e+00,0.000000000000000000e+00,0.000000000000000000e+00,0.000000000000000000e+00,0.000000000000000000e+00,0.000000000000000000e+00,0.000000000000000000e+00,0.000000000000000000e+00,0.000000000000000000e+00,0.000000000000000000e+00,0.000000000000000000e+00,0.000000000000000000e+00,0.000000000000000000e+00,0.000000000000000000e+00,0.000000000000000000e+00,0.000000000000000000e+00,0.000000000000000000e+00,0.000000000000000000e+00,0.000000000000000000e+00,0.000000000000000000e+00,0.000000000000000000e+00,0.000000000000000000e+00,0.000000000000000000e+00,0.000000000000000000e+00,0.000000000000000000e+00,0.000000000000000000e+00,0.000000000000000000e+00,0.000000000000000000e+00,1.000000000000000000e+00,-2.171381760762458035e-01,-8.097186455971215613e-02,1.300656781553241048e-01,1.526259769846718684e-01,-3.089058467032123820e-02,9.368149204316722489e-02,-4.568936095370548789e-01,2.854250811699702295e-01,-3.006782375250440786e-01,-2.351729220701873624e-01,2.895973973252928269e-01,3.511190277282813521e-01,4.136657712885124516e-01,1.840157760475993887e-01,1.691235655347608224e-01,-3.126394267863387699e-01,3.682226847581800133e-02,2.301925251517141779e-01,1.671496422217832734e-01,9.384248491291205529e-02,-3.189820879776342766e-01,2.720870243127637700e-01,3.492052472917989148e-01,1.163054920174567269e-01,-6.320754589711553503e-03,2.618913237264718363e-01,1.345331267297980304e-01,-1.370310637833045964e-01,-1.532468768215895609e-02,-8.541153274140385332e-02,2.964288723157789129e-01,-9.629706361488002408e-02,2.854980881301644735e-01,2.362906890407922428e-02,4.761660810212408057e-01,2.842776127699984112e-01,5.612826630884099055e-01,1.674605168459812610e-01,-1.243793792506402013e-01,2.063958560928216834e-02,4.291324676179960607e-01,-1.429384534122047495e-02,-1.049178236802854464e-01,4.867538732792895950e-01,6.317790777386783629e-01,-1.188003836578165051e-01,1.072002706418292151e-01,-8.640726427521923381e-02,1.126895462048598251e-01,1.858421093630478194e-01,3.196272123714704594e-01,-2.424061863023477259e-01
0.000000000000000000e+00,0.000000000000000000e+00,0.000000000000000000e+00,0.000000000000000000e+00,0.000000000000000000e+00,0.000000000000000000e+00,0.000000000000000000e+00,0.000000000000000000e+00,0.000000000000000000e+00,0.000000000000000000e+00,0.000000000000000000e+00,0.000000000000000000e+00,0.000000000000000000e+00,0.000000000000000000e+00,0.000000000000000000e+00,0.000000000000000000e+00,0.000000000000000000e+00,0.000000000000000000e+00,0.000000000000000000e+00,0.000000000000000000e+00,0.000000000000000000e+00,0.000000000000000000e+00,0.000000000000000000e+00,0.000000000000000000e+00,0.000000000000000000e+00,0.000000000000000000e+00,0.000000000000000000e+00,0.000000000000000000e+00,0.000000000000000000e+00,0.000000000000000000e+00,0.000000000000000000e+00,0.000000000000000000e+00,0.000000000000000000e+00,0.000000000000000000e+00,0.000000000000000000e+00,0.000000000000000000e+00,0.000000000000000000e+00,0.000000000000000000e+00,0.000000000000000000e+00,0.000000000000000000e+00,0.000000000000000000e+00,0.000000000000000000e+00,0.000000000000000000e+00,0.000000000000000000e+00,0.000000000000000000e+00,0.000000000000000000e+00,0.000000000000000000e+00,0.000000000000000000e+00,1.000000000000000000e+00,-5.672662124499538994e-02,-2.451936268946786329e-03,2.924895014347932976e-01,7.913458281964715069e-02,1.802020378484935625e-01,1.768264791392601676e-01,-1.483567105286301979e-01,2.239847117482730576e-01,2.444219944654505983e-01,-5.288099141793791563e-02,1.087634778693274823e-01,-1.180170463957210120e-01,-1.881639941368083158e-01,-5.083156291136452926e-02,1.758178889420553281e-01,1.701007540038074473e-01,-2.689108247408802943e-01,6.396807377948007800e-02,2.689762449295753366e-01,3.041003815250563069e-01,3.311660113818238466e-02,1.624940312007603083e-01,2.401529057507121312e-01,3.299153156654733854e-01,-3.282111669375508134e-01,2.402454216026543021e-01,4.642402875565410786e-02,-1.290232419511768702e-01,1.901063843563081668e-01,2.764052622758003674e-01,2.226817021503538496e-01,2.584069598527833356e-01,3.820862426765791464e-01,-7.400868718752079412e-02,-3.620784797200654603e-02,-2.693780160524678058e-01,3.579318808110591443e-01,6.853198291706905643e-01,2.536901684938511203e-01,5.986941847737804051e-02,3.476153660855837435e-01,3.852944384617983942e-01,-8.603917548227263054e-03,3.374757607623180000e-02,8.135337042662878215e-02,1.416875975657952424e-01,2.698114300143472644e-01,1.753145193833652304e-01,1.709090475310313662e-01,-1.463614533147443442e-01,4.480437571368530714e-01
0.000000000000000000e+00,0.000000000000000000e+00,0.000000000000000000e+00,0.000000000000000000e+00,0.000000000000000000e+00,0.000000000000000000e+00,0.000000000000000000e+00,0.000000000000000000e+00,0.000000000000000000e+00,0.000000000000000000e+00,0.000000000000000000e+00,0.000000000000000000e+00,0.000000000000000000e+00,0.000000000000000000e+00,0.000000000000000000e+00,0.000000000000000000e+00,0.000000000000000000e+00,0.000000000000000000e+00,0.000000000000000000e+00,0.000000000000000000e+00,0.000000000000000000e+00,0.000000000000000000e+00,0.000000000000000000e+00,0.000000000000000000e+00,0.000000000000000000e+00,0.000000000000000000e+00,0.000000000000000000e+00,0.000000000000000000e+00,0.000000000000000000e+00,0.000000000000000000e+00,0.000000000000000000e+00,0.000000000000000000e+00,0.000000000000000000e+00,0.000000000000000000e+00,0.000000000000000000e+00,0.000000000000000000e+00,0.000000000000000000e+00,0.000000000000000000e+00,0.000000000000000000e+00,0.000000000000000000e+00,0.000000000000000000e+00,0.000000000000000000e+00,0.000000000000000000e+00,0.000000000000000000e+00,0.000000000000000000e+00,0.000000000000000000e+00,0.000000000000000000e+00,0.000000000000000000e+00,0.000000000000000000e+00,1.000000000000000000e+00,3.415812925325177329e-01,-1.393022494238256581e-01,-1.333859018969324184e-01,5.143844597349723135e-04,2.089309067005647169e-02,-1.701965341864335735e-01,-3.254219466421933576e-02,-4.108650994833853987e-02,-5.047033587837702201e-02,2.758143887917728285e-02,6.025945900582904691e-02,-8.927628997809863853e-02,-4.943653403638711280e-02,1.813671843648460846e-01,-1.379535720591013315e-01,1.912698841771317826e-01,-5.799552453981288852e-02,2.179587340740267096e-02,2.062210704922781135e-01,-2.344755995634147938e-01,-2.779434867803124570e-02,-2.255846382421464180e-02,8.003057233748712973e-02,-6.109339031495054223e-02,1.621223084886088683e-01,-2.150916743825293798e-01,2.026865265562074192e-01,-2.506103245686054359e-01,6.876046184546151518e-02,1.781636999571871091e-02,-2.346692748661645955e-01,-9.260739863032586838e-02,-3.083707376074689699e-01,2.614273365657566184e-01,1.008116791761330400e-01,-7.018550224707381310e-03,-5.455403988109087769e-03,-2.349158002850745830e-01,2.934979275855736230e-02,-1.237992367228999725e-02,7.075164825242463706e-02,3.522874647456711861e-01,-2.664430289614351799e-01,7.948148066858214122e-02,7.524175231310034628e-02,-2.188448343864325962e-01,-3.206218093108123557e-02,-8.795236705533421295e-02,-1.455264722564252322e-01,-1.108367758883501142e-01
0.000000000000000000e+00,0.000000000000000000e+00,0.000000000000000000e+00,0.000000000000000000e+00,0.000000000000000000e+00,0.000000000000000000e+00,0.000000000000000000e+00,0.000000000000000000e+00,0.000000000000000000e+00,0.000000000000000000e+00,0.000000000000000000e+00,0.000000000000000000e+00,0.000000000000000000e+00,0.000000000000000000e+00,0.000000000000000000e+00,0.000000000000000000e+00,0.000000000000000000e+00,0.000000000000000000e+00,0.000000000000000000e+00,0.000000000000000000e+00,0.000000000000000000e+00,0.000000000000000000e+00,0.000000000000000000e+00,0.000000000000000000e+00,0.000000000000000000e+00,0.000000000000000000e+00,0.000000000000000000e+00,0.000000000000000000e+00,0.000000000000000000e+00,0.000000000000000000e+00,0.000000000000000000e+00,0.000000000000000000e+00,0.000000000000000000e+00,0.000000000000000000e+00,0.000000000000000000e+00,0.000000000000000000e+00,0.000000000000000000e+00,0.000000000000000000e+00,0.000000000000000000e+00,0.000000000000000000e+00,0.000000000000000000e+00,0.000000000000000000e+00,0.000000000000000000e+00,0.000000000000000000e+00,0.000000000000000000e+00,0.000000000000000000e+00,0.000000000000000000e+00,0.000000000000000000e+00,0.000000000000000000e+00,0.000000000000000000e+00,1.000000000000000000e+00,-7.625529610470674347e-02,-8.510418486681507744e-02,2.804445963071667269e-01,7.725878250122421298e-02,-4.984308744297469979e-02,1.683647950473844135e-01,8.166322325485797506e-02,1.043551809674127424e-02,7.918487940765256416e-02,-1.296795269583753962e-01,7.371363683263962296e-02,-1.570767818205967004e-01,-4.855640078630477086e-02,2.456012636248379455e-01,1.279938184385628897e-01,1.189113722021198534e-02,1.628652310462973263e-02,2.387284881781346069e-01,1.232713297029256888e-01,1.644501501130294918e-01,6.172923826574574363e-02,8.321064136959932522e-02,6.160692000664402118e-02,3.435419325869602108e-02,2.292248976055627774e-01,-1.343626995658886991e-01,2.600206974728604958e-01,-3.091253333849623263e-03,4.033609966364767319e-01,5.169419855392245328e-02,2.311542658952821794e-01,1.936503058692799067e-02,2.024181823926151091e-01,1.883046107215563258e-01,1.231454774031851551e-01,1.612820972195550540e-01,1.663799693406813607e-01,9.096838167608214953e-02,2.980239588936524076e-01,-7.419239243525013738e-02,1.360654161450025879e-01,6.655307684374157928e-02,-1.876627804354711465e-02,1.939908820952774560e-01,7.877541703751890501e-02,2.781868633400058632e-01,2.939749304567675914e-01,-6.625639013287536183e-02,-3.181322657996377701e-01
0.000000000000000000e+00,0.000000000000000000e+00,0.000000000000000000e+00,0.000000000000000000e+00,0.000000000000000000e+00,0.000000000000000000e+00,0.000000000000000000e+00,0.000000000000000000e+00,0.000000000000000000e+00,0.000000000000000000e+00,0.000000000000000000e+00,0.000000000000000000e+00,0.000000000000000000e+00,0.000000000000000000e+00,0.000000000000000000e+00,0.000000000000000000e+00,0.000000000000000000e+00,0.000000000000000000e+00,0.000000000000000000e+00,0.000000000000000000e+00,0.000000000000000000e+00,0.000000000000000000e+00,0.000000000000000000e+00,0.000000000000000000e+00,0.000000000000000000e+00,0.000000000000000000e+00,0.000000000000000000e+00,0.000000000000000000e+00,0.000000000000000000e+00,0.000000000000000000e+00,0.000000000000000000e+00,0.000000000000000000e+00,0.000000000000000000e+00,0.000000000000000000e+00,0.000000000000000000e+00,0.000000000000000000e+00,0.000000000000000000e+00,0.000000000000000000e+00,0.000000000000000000e+00,0.000000000000000000e+00,0.000000000000000000e+00,0.000000000000000000e+00,0.000000000000000000e+00,0.000000000000000000e+00,0.000000000000000000e+00,0.000000000000000000e+00,0.000000000000000000e+00,0.000000000000000000e+00,0.000000000000000000e+00,0.000000000000000000e+00,0.000000000000000000e+00,1.000000000000000000e+00,-2.863132657299378298e-02,1.608846387382100451e-01,1.358222833280187947e-01,-4.138084914376986140e-02,4.667926984514463029e-02,2.782945180177560651e-01,-2.200157952272101605e-02,8.663460244332528426e-02,7.020219269847047250e-02,3.557819708647185896e-03,-1.655199520711345407e-01,-1.021102105876205285e-01,5.146907615525508212e-03,6.127196960748398924e-02,5.037665920707101036e-02,4.103949070733773907e-01,9.796819757804105244e-02,1.077281755645329020e-01,2.616828986292087933e-01,2.067229763181139268e-01,3.475555940447785930e-01,3.868661410661525246e-02,3.656528995346736144e-01,2.274271195038644541e-02,-1.719985865147820592e-01,2.250284936627713062e-01,5.016107215881689951e-01,-8.609585596983904132e-02,1.195843214344641803e-01,1.381913190103274958e-01,1.791827212844500361e-02,1.958240825638689897e-01,1.394065888080418814e-01,2.116707792912843611e-01,5.099689031975350728e-01,2.805828610163402237e-01,4.896745684679459365e-01,3.783336845222023404e-01,3.579173778817343887e-01,-3.055095996570949754e-02,2.700383496642039804e-01,-1.107035004330984840e-01,1.286777006428755643e-01,1.536787215612008539e-01,2.463927121182756530e-01,3.639270172607691478e-01,3.346293201015275443e-02,2.567332687202503183e-01
0.000000000000000000e+00,0.000000000000000000e+00,0.000000000000000000e+00,0.000000000000000000e+00,0.000000000000000000e+00,0.000000000000000000e+00,0.000000000000000000e+00,0.000000000000000000e+00,0.000000000000000000e+00,0.000000000000000000e+00,0.000000000000000000e+00,0.000000000000000000e+00,0.000000000000000000e+00,0.000000000000000000e+00,0.000000000000000000e+00,0.000000000000000000e+00,0.000000000000000000e+00,0.000000000000000000e+00,0.000000000000000000e+00,0.000000000000000000e+00,0.000000000000000000e+00,0.000000000000000000e+00,0.000000000000000000e+00,0.000000000000000000e+00,0.000000000000000000e+00,0.000000000000000000e+00,0.000000000000000000e+00,0.000000000000000000e+00,0.000000000000000000e+00,0.000000000000000000e+00,0.000000000000000000e+00,0.000000000000000000e+00,0.000000000000000000e+00,0.000000000000000000e+00,0.000000000000000000e+00,0.000000000000000000e+00,0.000000000000000000e+00,0.000000000000000000e+00,0.000000000000000000e+00,0.000000000000000000e+00,0.000000000000000000e+00,0.000000000000000000e+00,0.000000000000000000e+00,0.000000000000000000e+00,0.000000000000000000e+00,0.000000000000000000e+00,0.000000000000000000e+00,0.000000000000000000e+00,0.000000000000000000e+00,0.000000000000000000e+00,0.000000000000000000e+00,0.000000000000000000e+00,1.000000000000000000e+00,1.667926148276854814e-01,-9.846933878143037874e-03,1.038273441001463099e-01,-5.906930748261620540e-02,1.105010866707387962e-01,1.501865242021549751e-01,1.008943874638678628e-01,1.710714796434142648e-01,2.548437320620193791e-01,8.096630145934367861e-02,-3.803982748694494098e-02,2.260109547639704841e-01,-1.222213989076003787e-01,4.133202190708704649e-01,-1.594023248001678883e-01,2.187789066992622544e-01,2.097871479431940855e-01,-1.234980274160351298e-02,-4.421435601652928815e-02,-1.244820104555228041e-01,-6.030414357309772655e-02,1.228486687454667832e-02,-6.855543058330013963e-04,1.616757526477307846e-03,-1.755293419348467887e-01,1.095964918215884022e-02,8.493471388976278624e-02,1.622924138883397593e-01,2.413473191834871259e-02,2.230348413733229951e-01,9.043312805052391989e-02,-9.786563757014933584e-02,1.855518730235740377e-01,2.359226656310556558e-01,-2.898027956825511287e-01,-1.078319957493679981e-01,-7.723774917828614417e-02,2.558192728029998753e-01,-2.203584232785442756e-02,2.033862256204432839e-01,2.204025073717696404e-01,9.249239450878729563e-02,-4.262167451749106217e-02,1.740221361294828351e-01,-3.413476378435597036e-01,2.568106256215007543e-01,4.339476569558766705e-01
0.000000000000000000e+00,0.000000000000000000e+00,0.000000000000000000e+00,0.000000000000000000e+00,0.000000000000000000e+00,0.000000000000000000e+00,0.000000000000000000e+00,0.000000000000000000e+00,0.000000000000000000e+00,0.000000000000000000e+00,0.000000000000000000e+00,0.000000000000000000e+00,0.000000000000000000e+00,0.000000000000000000e+00,0.000000000000000000e+00,0.000000000000000000e+00,0.000000000000000000e+00,0.000000000000000000e+00,0.000000000000000000e+00,0.000000000000000000e+00,0.000000000000000000e+00,0.000000000000000000e+00,0.000000000000000000e+00,0.000000000000000000e+00,0.000000000000000000e+00,0.000000000000000000e+00,0.000000000000000000e+00,0.000000000000000000e+00,0.000000000000000000e+00,0.000000000000000000e+00,0.000000000000000000e+00,0.000000000000000000e+00,0.000000000000000000e+00,0.000000000000000000e+00,0.000000000000000000e+00,0.000000000000000000e+00,0.000000000000000000e+00,0.000000000000000000e+00,0.000000000000000000e+00,0.000000000000000000e+00,0.000000000000000000e+00,0.000000000000000000e+00,0.000000000000000000e+00,0.000000000000000000e+00,0.000000000000000000e+00,0.000000000000000000e+00,0.000000000000000000e+00,0.000000000000000000e+00,0.000000000000000000e+00,0.000000000000000000e+00,0.000000000000000000e+00,0.000000000000000000e+00,0.000000000000000000e+00,1.000000000000000000e+00,-8.445562140303629339e-02,7.800696693995939901e-02,6.782325055021931311e-04,4.137688699599743197e-02,3.312047442919131834e-02,1.006405896048299664e-01,6.039612334282067063e-02,1.387180001416274122e-01,-1.474874919050278288e-01,-1.303715596762082540e-01,2.029644635740970038e-01,7.720280401553175631e-02,2.733508298541762957e-02,2.518524254196860546e-01,7.530203081861634729e-02,2.189860501711039242e-01,5.011434086648963032e-02,7.043411043156588836e-02,-7.968601280147249999e-02,4.567514973947035123e-02,1.672029052819470341e-01,2.709959766100896728e-01,-3.382147182097848259e-01,2.077812453382722052e-02,2.462686766158825313e-01,2.808586156204914003e-02,-4.812545657792263731e-02,2.335351761158224737e-01,1.847907239533198506e-02,2.515081125951022512e-01,2.175035001350443808e-01,2.505862167639255067e-01,4.160279604566949896e-01,6.662240957682823150e-02,9.434719098739174914e-02,-7.900025313550619599e-02,2.414564958387937776e-01,2.044200661195526569e-01,1.386648876168540545e-01,-2.609097478192083930e-01,1.818437616630834974e-01,-2.195382484833841297e-01,1.420695443689307391e-01,1.645023885928221241e-01,6.284629175407233093e-02,3.390134278825911451e-01
0.000000000000000000e+00,0.000000000000000000e+00,0.000000000000000000e+00,0.000000000000000000e+00,0.000000000000000000e+00,0.000000000000000000e+00,0.000000000000000000e+00,0.000000000000000000e+00,0.000000000000000000e+00,0.000000000000000000e+00,0.000000000000000000e+00,0.000000000000000000e+00,0.000000000000000000e+00,0.000000000000000000e+00,0.000000000000000000e+00,0.000000000000000000e+00,0.000000000000000000e+00,0.000000000000000000e+00,0.000000000000000000e+00,0.000000000000000000e+00,0.000000000000000000e+00,0.000000000000000000e+00,0.000000000000000000e+00,0.000000000000000000e+00,0.000000000000000000e+00,0.000000000000000000e+00,0.000000000000000000e+00,0.000000000000000000e+00,0.000000000000000000e+00,0.000000000000000000e+00,0.000000000000000000e+00,0.000000000000000000e+00,0.000000000000000000e+00,0.000000000000000000e+00,0.000000000000000000e+00,0.000000000000000000e+00,0.000000000000000000e+00,0.000000000000000000e+00,0.000000000000000000e+00,0.000000000000000000e+00,0.000000000000000000e+00,0.000000000000000000e+00,0.000000000000000000e+00,0.000000000000000000e+00,0.000000000000000000e+00,0.000000000000000000e+00,0.000000000000000000e+00,0.000000000000000000e+00,0.000000000000000000e+00,0.000000000000000000e+00,0.000000000000000000e+00,0.000000000000000000e+00,0.000000000000000000e+00,0.000000000000000000e+00,1.000000000000000000e+00,-2.173999327375193691e-01,2.260925577193481362e-01,8.987270750952125464e-03,-1.710048258619919492e-01,-6.491712066651215973e-02,-7.881770865686324457e-02,-1.285166380677359166e-01,3.795770448349292548e-03,1.622043617495324275e-01,1.069852614832745991e-01,-2.158260565112151697e-01,4.777729939075107263e-02,3.779651974141105542e-01,3.764418529346232889e-01,6.756532911249048257e-02,2.250747482469325420e-02,3.382446409834337364e-02,3.259935090885299758e-01,1.078384012320231372e-01,1.271042428186909545e-01,1.643442972495401944e-01,5.901548510337648046e-02,1.015359019997777307e-01,-6.353590583866478014e-02,2.339261968271364733e-01,1.660744083992144460e-01,-1.217981177207875035e-03,-4.434776719934815925e-02,-1.649785845098640513e-02,1.087943246533892017e-01,2.169230447668030193e-01,3.350941245910697003e-02,-3.489502261811942146e-02,4.539858369883084666e-02,4.501401441665487391e-01,-7.866888170311327200e-02,-2.023850788159984038e-01,-3.161211277085401727e-01,7.068569842795122127e-02,1.334015601291743403e-01,4.016647930357061108e-02,1.552759918994299493e-01,7.254704223529735707e-02,-1.218928128711548181e-01,2.411227793940949327e-01
0.000000000000000000e+00,0.000000000000000000e+00,0.000000000000000000e+00,0.000000000000000000e+00,0.000000000000000000e+00,0.000000000000000000e+00,0.000000000000000000e+00,0.000000000000000000e+00,0.000000000000000000e+00,0.000000000000000000e+00,0.000000000000000000e+00,0.000000000000000000e+00,0.000000000000000000e+00,0.000000000000000000e+00,0.000000000000000000e+00,0.000000000000000000e+00,0.000000000000000000e+00,0.000000000000000000e+00,0.000000000000000000e+00,0.000000000000000000e+00,0.000000000000000000e+00,0.000000000000000000e+00,0.000000000000000000e+00,0.000000000000000000e+00,0.000000000000000000e+00,0.000000000000000000e+00,0.000000000000000000e+00,0.000000000000000000e+00,0.000000000000000000e+00,0.000000000000000000e+00,0.000000000000000000e+00,0.000000000000000000e+00,0.000000000000000000e+00,0.000000000000000000e+00,0.000000000000000000e+00,0.000000000000000000e+00,0.000000000000000000e+00,0.000000000000000000e+00,0.000000000000000000e+00,0.000000000000000000e+00,0.000000000000000000e+00,0.000000000000000000e+00,0.000000000000000000e+00,0.000000000000000000e+00,0.000000000000000000e+00,0.000000000000000000e+00,0.000000000000000000e+00,0.000000000000000000e+00,0.000000000000000000e+00,0.000000000000000000e+00,0.000000000000000000e+00,0.000000000000000000e+00,0.000000000000000000e+00,0.000000000000000000e+00,0.000000000000000000e+00,1.000000000000000000e+00,-3.168801554477989058e-01,-7.521896545082100427e-02,4.629979048683133258e-01,2.265478982709822620e-01,1.405985922351379314e-01,3.587180177033065243e-01,-2.064189313772178333e-02,-5.322496019423794689e-01,2.886117620464957456e-01,3.714791034753305299e-01,8.830139379695815804e-02,-1.628929353638902955e-01,1.700924060881088898e-02,1.913008520866043838e-01,1.798429193883014643e-01,-1.944830651831713775e-01,5.790573084941604692e-02,-1.393820404214020647e-01,1.929213295255633176e-01,2.023335859249107416e-01,6.006497412478015857e-02,-8.359760870451758349e-03,-1.834742271829889748e-01,-3.655809729387844986e-01,4.686376643136215547e-02,1.772558156519159489e-01,2.065255110788696280e-01,1.663495734356155442e-01,4.276669065874558751e-01,-9.344080969591536667e-02,5.074168112913014783e-02,-5.499048295625235533e-02,1.999304576254228583e-01,-4.934880823623193358e-01,-1.574706282568886784e-01,4.397477637917973636e-01,3.299302157230420973e-01,1.148449786497467984e-01,-3.858661728815477449e-02,-4.802390118829352045e-02,-5.619442278676952535e-02,-3.175480302498245311e-01,5.640267842055095571e-01,1.284333074704752664e-01
0.000000000000000000e+00,0.000000000000000000e+00,0.000000000000000000e+00,0.000000000000000000e+00,0.000000000000000000e+00,0.000000000000000000e+00,0.000000000000000000e+00,0.000000000000000000e+00,0.000000000000000000e+00,0.000000000000000000e+00,0.000000000000000000e+00,0.000000000000000000e+00,0.000000000000000000e+00,0.000000000000000000e+00,0.000000000000000000e+00,0.000000000000000000e+00,0.000000000000000000e+00,0.000000000000000000e+00,0.000000000000000000e+00,0.000000000000000000e+00,0.000000000000000000e+00,0.000000000000000000e+00,0.000000000000000000e+00,0.000000000000000000e+00,0.000000000000000000e+00,0.000000000000000000e+00,0.000000000000000000e+00,0.000000000000000000e+00,0.000000000000000000e+00,0.000000000000000000e+00,0.000000000000000000e+00,0.000000000000000000e+00,0.000000000000000000e+00,0.000000000000000000e+00,0.000000000000000000e+00,0.000000000000000000e+00,0.000000000000000000e+00,0.000000000000000000e+00,0.000000000000000000e+00,0.000000000000000000e+00,0.000000000000000000e+00,0.000000000000000000e+00,0.000000000000000000e+00,0.000000000000000000e+00,0.000000000000000000e+00,0.000000000000000000e+00,0.000000000000000000e+00,0.000000000000000000e+00,0.000000000000000000e+00,0.000000000000000000e+00,0.000000000000000000e+00,0.000000000000000000e+00,0.000000000000000000e+00,0.000000000000000000e+00,0.000000000000000000e+00,0.000000000000000000e+00,1.000000000000000000e+00,2.946287959244996979e-01,-3.603507441717413995e-01,-4.981918878361098896e-02,-3.154283076886821302e-01,-1.697721412898527127e-01,4.620458063612004063e-02,4.969811258080021887e-01,3.800180404740354234e-01,-4.105124515693442944e-01,-1.762396991586314965e-01,5.202377522386093106e-02,2.254799712828230995e-01,-4.137127046808794506e-02,1.210379561870892212e-01,-1.272642028324159624e-01,1.500202273398526798e-01,-2.784619408630772397e-01,-2.183546397677805229e-01,8.412548418574267162e-02,-1.154764129958924246e-01,6.016048267947451400e-01,1.345419376299014091e-01,8.426943053892019808e-01,2.440896740827249722e-01,1.027666779371885081e-01,-2.282695545048464003e-01,1.856266713151596137e-01,-4.000395400887667985e-01,1.150940056368681824e-01,1.707681402130269976e-01,4.926773567411639188e-01,2.019260455571139090e-01,4.463725670024217274e-01,-2.220436551263168037e-02,-5.349658568846895612e-01,-4.758647830877519302e-01,4.083875710892622690e-01,1.437503672180038827e-01,4.403487622596676254e-01,4.568284463787595784e-01,5.591914397657536950e-01,-1.219452941947737762e-01,5.528137052184916439e-02
0.000000000000000000e+00,0.000000000000000000e+00,0.000000000000000000e+00,0.000000000000000000e+00,0.000000000000000000e+00,0.000000000000000000e+00,0.000000000000000000e+00,0.000000000000000000e+00,0.000000000000000000e+00,0.000000000000000000e+00,0.000000000000000000e+00,0.000000000000000000e+00,0.000000000000000000e+00,0.000000000000000000e+00,0.000000000000000000e+00,0.000000000000000000e+00,0.000000000000000000e+00,0.000000000000000000e+00,0.000000000000000000e+00,0.000000000000000000e+00,0.000000000000000000e+00,0.000000000000000000e+00,0.000000000000000000e+00,0.000000000000000000e+00,0.000000000000000000e+00,0.000000000000000000e+00,0.000000000000000000e+00,0.000000000000000000e+00,0.000000000000000000e+00,0.000000000000000000e+00,0.000000000000000000e+00,0.000000000000000000e+00,0.000000000000000000e+00,0.000000000000000000e+00,0.000000000000000000e+00,0.000000000000000000e+00,0.000000000000000000e+00,0.000000000000000000e+00,0.000000000000000000e+00,0.000000000000000000e+00,0.000000000000000000e+00,0.000000000000000000e+00,0.000000000000000000e+00,0.000000000000000000e+00,0.000000000000000000e+00,0.000000000000000000e+00,0.000000000000000000e+00,0.000000000000000000e+00,0.000000000000000000e+00,0.000000000000000000e+00,0.000000000000000000e+00,0.000000000000000000e+00,0.000000000000000000e+00,0.000000000000000000e+00,0.000000000000000000e+00,0.000000000000000000e+00,0.000000000000000000e+00,1.000000000000000000e+00,-8.378402734868736768e-02,-1.140789932696670700e-01,-3.103901947555187113e-01,2.346128375636917507e-01,-4.779508471427225680e-01,-1.078616815827579539e-01,2.534345577029804009e-01,7.276812267153844049e-02,-9.544648726648249926e-02,-1.433646916348282341e-01,2.813910584723460784e-01,2.751485965297810754e-01,1.448801768113554267e-01,3.252522732806545358e-01,1.221265606634167472e-01,-2.574021351066772545e-01,2.024859107886780862e-01,1.625736209134279187e-01,1.175613283789363056e-01,1.444586149660278540e-01,4.197893618433647389e-01,1.598374521719537200e-01,-1.303899304532488319e-02,3.868563396323401737e-01,-1.321457808791417499e-01,-1.009596295961928125e-01,-2.791300832539272969e-01,1.702813806742851377e-01,5.786577354891505598e-01,1.599453167494802874e-01,-6.160875938354595967e-03,1.218318701663801407e-01,3.695342761127813347e-01,-9.561289146954682350e-02,3.015230783639418211e-01,-1.845345263803835345e-01,2.645490314268161836e-01,1.678890605526961732e-01,3.519452506620081578e-01,2.336332542906303933e-01,-1.080999628709297250e-01,-2.909652636256968364e-02
0.000000000000000000e+00,0.000000000000000000e+00,0.000000000000000000e+00,0.000000000000000000e+00,0.000000000000000000e+00,0.000000000000000000e+00,0.000000000000000000e+00,0.000000000000000000e+00,0.000000000000000000e+00,0.000000000000000000e+00,0.000000000000000000e+00,0.000000000000000000e+00,0.000000000000000000e+00,0.000000000000000000e+00,0.000000000000000000e+00,0.000000000000000000e+00,0.000000000000000000e+00,0.000000000000000000e+00,0.000000000000000000e+00,0.000000000000000000e+00,0.000000000000000000e+00,0.000000000000000000e+00,0.000000000000000000e+00,0.000000000000000000e+00,0.000000000000000000e+00,0.000000000000000000e+00,0.000000000000000000e+00,0.000000000000000000e+00,0.000000000000000000e+00,0.000000000000000000e+00,0.000000000000000000e+00,0.000000000000000000e+00,0.000000000000000000e+00,0.000000000000000000e+00,0.000000000000000000e+00,0.000000000000000000e+00,0.000000000000000000e+00,0.000000000000000000e+00,0.000000000000000000e+00,0.000000000000000000e+00,0.000000000000000000e+00,0.000000000000000000e+00,0.000000000000000000e+00,0.000000000000000000e+00,0.000000000000000000e+00,0.000000000000000000e+00,0.000000000000000000e+00,0.000000000000000000e+00,0.000000000000000000e+00,0.000000000000000000e+00,0.000000000000000000e+00,0.000000000000000000e+00,0.000000000000000000e+00,0.000000000000000000e+00,0.000000000000000000e+00,0.000000000000000000e+00,0.000000000000000000e+00,0.000000000000000000e+00,1.000000000000000000e+00,4.460894691690824865e-01,3.218857294236241451e-01,3.469027757508239551e-01,2.296549228986041746e-01,-6.606852241566147921e-01,1.962849999804966994e-01,3.153067909882045217e-01,4.496759050582710970e-01,-1.623508463443050498e-01,1.901080147870942427e-01,2.951679478072243290e-01,3.740580123096090004e-01,-1.013598513670284362e-01,1.702990884129620616e-02,3.007869798607043857e-02,-1.163877362444641628e-02,-1.101339768132467561e-01,2.870573956653822423e-01,-1.225122962896059570e-01,-3.130899549758387468e-01,-5.912089758669771822e-01,4.072601614510715784e-01,1.654164108407460421e-01,6.903876192659840205e-01,2.215470584811252142e-01,6.344441808428011864e-01,-4.290574807656752365e-01,1.383280845001881587e-01,-7.193592173350096819e-02,2.872854571849442484e-01,-2.866371969190957270e-01,-1.820065069299578731e-01,5.283566144076778937e-01,5.095703952026356953e-01,2.025833797034493622e-01,-4.230730508825544245e-01,-8.588598318023041300e-02,-1.148509201700028196e-02,-8.585391398475748781e-02,7.392794864430365376e-01,1.527318162139675584e-01
0.000000000000000000e+00,0.000000000000000000e+00,0.000000000000000000e+00,0.000000000000000000e+00,0.000000000000000000e+00,0.000000000000000000e+00,0.000000000000000000e+00,0.000000000000000000e+00,0.000000000000000000e+00,0.000000000000000000e+00,0.000000000000000000e+00,0.000000000000000000e+00,0.000000000000000000e+00,0.000000000000000000e+00,0.000000000000000000e+00,0.000000000000000000e+00,0.000000000000000000e+00,0.000000000000000000e+00,0.000000000000000000e+00,0.000000000000000000e+00,0.000000000000000000e+00,0.000000000000000000e+00,0.000000000000000000e+00,0.000000000000000000e+00,0.000000000000000000e+00,0.000000000000000000e+00,0.000000000000000000e+00,0.000000000000000000e+00,0.000000000000000000e+00,0.000000000000000000e+00,0.000000000000000000e+00,0.000000000000000000e+00,0.000000000000000000e+00,0.000000000000000000e+00,0.000000000000000000e+00,0.000000000000000000e+00,0.000000000000000000e+00,0.000000000000000000e+00,0.000000000000000000e+00,0.000000000000000000e+00,0.000000000000000000e+00,0.000000000000000000e+00,0.000000000000000000e+00,0.000000000000000000e+00,0.000000000000000000e+00,0.000000000000000000e+00,0.000000000000000000e+00,0.000000000000000000e+00,0.000000000000000000e+00,0.000000000000000000e+00,0.000000000000000000e+00,0.000000000000000000e+00,0.000000000000000000e+00,0.000000000000000000e+00,0.000000000000000000e+00,0.000000000000000000e+00,0.000000000000000000e+00,0.000000000000000000e+00,0.000000000000000000e+00,1.000000000000000000e+00,3.505240737899672498e-01,-1.192468259911925038e-01,3.508242799293896930e-01,5.243964064860719143e-02,2.523899373366922938e-01,1.728567255583949580e-01,5.255376557166521190e-01,1.075173354011001586e-01,4.321181905857984784e-02,1.169299852498344311e-01,4.277704043761541564e-01,-1.653247352606756204e-01,2.600816828641493994e-01,4.645911739545861840e-02,2.088761797977056744e-01,-4.066875456619088447e-01,2.916628838277475211e-01,2.582724814340188746e-01,1.801192262783791187e-01,1.900409316475588639e-01,5.130598466444522554e-01,-2.534931916158251197e-01,4.081876986770034410e-01,5.295922029527555530e-01,5.869803868609499986e-01,3.272953377311839662e-01,1.129098737656760859e-01,-9.834575370262871319e-02,7.729158089782096619e-01,4.107561159486715630e-01,-2.247262988554341034e-01,7.209955802472332032e-01,-1.436290752500333778e-01,2.875259203078570636e-01,3.883389105701164079e-02,1.346875827837527573e-01,2.063978198575656120e-01,1.885163812479343504e-01,3.054039528539717052e-01,1.355126073722082158e-01
0.000000000000000000e+00,0.000000000000000000e+00,0.000000000000000000e+00,0.000000000000000000e+00,0.000000000000000000e+00,0.000000000000000000e+00,0.000000000000000000e+00,0.000000000000000000e+00,0.000000000000000000e+00,0.000000000000000000e+00,0.000000000000000000e+00,0.000000000000000000e+00,0.000000000000000000e+00,0.000000000000000000e+00,0.000000000000000000e+00,0.000000000000000000e+00,0.000000000000000000e+00,0.000000000000000000e+00,0.000000000000000000e+00,0.000000000000000000e+00,0.000000000000000000e+00,0.000000000000000000e+00,0.000000000000000000e+00,0.000000000000000000e+00,0.000000000000000000e+00,0.000000000000000000e+00,0.000000000000000000e+00,0.000000000000000000e+00,0.000000000000000000e+00,0.000000000000000000e+00,0.000000000000000000e+00,0.000000000000000000e+00,0.000000000000000000e+00,0.000000000000000000e+00,0.000000000000000000e+00,0.000000000000000000e+00,0.000000000000000000e+00,0.000000000000000000e+00,0.000000000000000000e+00,0.000000000000000000e+00,0.000000000000000000e+00,0.000000000000000000e+00,0.000000000000000000e+00,0.000000000000000000e+00,0.000000000000000000e+00,0.000000000000000000e+00,0.000000000000000000e+00,0.000000000000000000e+00,0.000000000000000000e+00,0.000000000000000000e+00,0.000000000000000000e+00,0.000000000000000000e+00,0.000000000000000000e+00,0.000000000000000000e+00,0.000000000000000000e+00,0.000000000000000000e+00,0.000000000000000000e+00,0.000000000000000000e+00,0.000000000000000000e+00,0.000000000000000000e+00,1.000000000000000000e+00,3.484617730434400734e-02,3.051097834629644678e-01,4.394032450033947407e-02,5.527320784742840304e-02,-3.211904236771077198e-02,6.026643901127363284e-02,9.957766370347614915e-02,-8.931700997988999136e-02,6.916628206442676507e-02,1.418379157266783652e-01,-7.775331621357638862e-03,1.088515781862629817e-02,3.218782892105765403e-01,1.752125694677931500e-01,2.592392342398654181e-02,-1.492573743951758625e-01,-1.547868685759516694e-01,2.154351339749619176e-01,5.332486138019677802e-02,2.163379770015630976e-01,-2.239331852203338066e-02,5.014105086912602482e-01,2.046459107469954797e-01,3.258098035400855963e-01,7.195981411615075263e-02,1.528620914674238829e-01,-1.167966031633415475e-01,1.187765147538860921e-01,9.155520073556325245e-02,1.886068793670063748e-01,1.503439314862757004e-01,2.094054789004569095e-01,2.045946251444902553e-01,1.432297519417783651e-03,6.139027506868664254e-03,1.366647343124286207e-01,-6.917557781610772505e-02,2.787564327683063614e-01,3.627848855346779144e-01
0.000000000000000000e+00,0.000000000000000000e+00,0.000000000000000000e+00,0.000000000000000000e+00,0.000000000000000000e+00,0.000000000000000000e+00,0.000000000000000000e+00,0.000000000000000000e+00,0.000000000000000000e+00,0.000000000000000000e+00,0.000000000000000000e+00,0.000000000000000000e+00,0.000000000000000000e+00,0.000000000000000000e+00,0.000000000000000000e+00,0.000000000000000000e+00,0.000000000000000000e+00,0.000000000000000000e+00,0.000000000000000000e+00,0.000000000000000000e+00,0.000000000000000000e+00,0.000000000000000000e+00,0.000000000000000000e+00,0.000000000000000000e+00,0.000000000000000000e+00,0.000000000000000000e+00,0.000000000000000000e+00,0.000000000000000000e+00,0.000000000000000000e+00,0.000000000000000000e+00,0.000000000000000000e+00,0.000000000000000000e+00,0.000000000000000000e+00,0.000000000000000000e+00,0.000000000000000000e+00,0.000000000000000000e+00,0.000000000000000000e+00,0.000000000000000000e+00,0.000000000000000000e+00,0.000000000000000000e+00,0.000000000000000000e+00,0.000000000000000000e+00,0.000000000000000000e+00,0.000000000000000000e+00,0.000000000000000000e+00,0.000000000000000000e+00,0.000000000000000000e+00,0.000000000000000000e+00,0.000000000000000000e+00,0.000000000000000000e+00,0.000000000000000000e+00,0.000000000000000000e+00,0.000000000000000000e+00,0.000000000000000000e+00,0.000000000000000000e+00,0.000000000000000000e+00,0.000000000000000000e+00,0.000000000000000000e+00,0.000000000000000000e+00,0.000000000000000000e+00,0.000000000000000000e+00,1.000000000000000000e+00,-3.033092631155854257e-01,-5.597700061807475702e-01,3.157854533089336502e-01,1.105920391442726664e-01,-1.571509071982826744e-02,-2.197844896945761739e-01,2.259866675336310304e-01,6.944057066230296948e-01,-2.007348230496912300e-02,3.103203644157037089e-01,-1.220808498519804636e-01,1.268182349105195228e-01,2.217694870841897259e-01,2.974390546048387152e-01,5.999178189150229656e-02,-4.353432390124723494e-01,4.498347504477767100e-01,-1.530691719153832453e-01,-1.294719694686405076e-01,4.957040082904730083e-01,2.962633158511635556e-01,1.472844690010921206e-02,4.907413934083725005e-02,-8.959061144936925070e-02,3.400398527395693815e-01,-1.716779446077640603e-01,2.369787634456095582e-02,-3.150924829569706764e-01,3.031168708529509148e-01,5.637950256958411399e-02,7.058240904044102981e-01,-2.494719731806324947e-01,3.733922005950175427e-01,-2.836512619006732461e-01,6.061533200554249934e-01,8.447251079463787352e-03,2.191093837857573112e-01,9.938054678809801756e-02
0.000000000000000000e+00,0.000000000000000000e+00,0.000000000000000000e+00,0.000000000000000000e+00,0.000000000000000000e+00,0.000000000000000000e+00,0.000000000000000000e+00,0.000000000000000000e+00,0.000000000000000000e+00,0.000000000000000000e+00,0.000000000000000000e+00,0.000000000000000000e+00,0.000000000000000000e+00,0.000000000000000000e+00,0.000000000000000000e+00,0.000000000000000000e+00,0.000000000000000000e+00,0.000000000000000000e+00,0.000000000000000000e+00,0.000000000000000000e+00,0.000000000000000000e+00,0.000000000000000000e+00,0.000000000000000000e+00,0.000000000000000000e+00,0.000000000000000000e+00,0.000000000000000000e+00,0.000000000000000000e+00,0.000000000000000000e+00,0.000000000000000000e+00,0.000000000000000000e+00,0.000000000000000000e+00,0.000000000000000000e+00,0.000000000000000000e+00,0.000000000000000000e+00,0.000000000000000000e+00,0.000000000000000000e+00,0.000000000000000000e+00,0.000000000000000000e+00,0.000000000000000000e+00,0.000000000000000000e+00,0.000000000000000000e+00,0.000000000000000000e+00,0.000000000000000000e+00,0.000000000000000000e+00,0.000000000000000000e+00,0.000000000000000000e+00,0.000000000000000000e+00,0.000000000000000000e+00,0.000000000000000000e+00,0.000000000000000000e+00,0.000000000000000000e+00,0.000000000000000000e+00,0.000000000000000000e+00,0.000000000000000000e+00,0.000000000000000000e+00,0.000000000000000000e+00,0.000000000000000000e+00,0.000000000000000000e+00,0.000000000000000000e+00,0.000000000000000000e+00,0.000000000000000000e+00,0.000000000000000000e+00,1.000000000000000000e+00,1.886673900500185630e-01,-2.833752825353256372e-03,-8.890665157881165459e-02,1.522136247038717305e-01,1.538663326217948497e-03,-2.552016724050653607e-01,-1.574412942235498547e-01,1.247004360059745243e-01,-2.424316089103021599e-01,-1.634504979917712417e-02,1.280254681459179478e-01,-4.025974973832704418e-01,-1.075978467570163771e-01,-1.223687679389396377e-01,-3.828499380472009245e-02,-3.789263846796526169e-01,2.079915932794118572e-02,3.204817327766601442e-01,-3.138968327947449510e-01,3.304878924226290482e-01,1.914975610791161964e-01,1.018897512312152004e-01,-8.887630559087122961e-02,-3.752542922616928789e-01,-8.129370422737103308e-02,-3.449617291824451631e-03,8.600879385422963153e-02,-1.394332812069477845e-01,1.129320034062685635e-01,-2.100373396812650340e-01,4.213725818348745822e-01,3.301913724566896136e-02,-6.074469503096837503e-02,-9.908537016974539036e-02,-1.805090415290128980e-01,4.308498585048821661e-01,3.243810461252604194e-01
0.000000000000000000e+00,0.000000000000000000e+00,0.000000000000000000e+00,0.000000000000000000e+00,0.000000000000000000e+00,0.000000000000000000e+00,0.000000000000000000e+00,0.000000000000000000e+00,0.000000000000000000e+00,0.000000000000000000e+00,0.000000000000000000e+00,0.000000000000000000e+00,0.000000000000000000e+00,0.000000000000000000e+00,0.000000000000000000e+00,0.000000000000000000e+00,0.000000000000000000e+00,0.000000000000000000e+00,0.000000000000000000e+00,0.000000000000000000e+00,0.000000000000000000e+00,0.000000000000000000e+00,0.000000000000000000e+00,0.000000000000000000e+00,0.000000000000000000e+00,0.000000000000000000e+00,0.000000000000000000e+00,0.000000000000000000e+00,0.000000000000000000e+00,0.000000000000000000e+00,0.000000000000000000e+00,0.000000000000000000e+00,0.000000000000000000e+00,0.000000000000000000e+00,0.000000000000000000e+00,0.000000000000000000e+00,0.000000000000000000e+00,0.000000000000000000e+00,0.000000000000000000e+00,0.000000000000000000e+00,0.000000000000000000e+00,0.000000000000000000e+00,0.000000000000000000e+00,0.000000000000000000e+00,0.000000000000000000e+00,0.000000000000000000e+00,0.000000000000000000e+00,0.000000000000000000e+00,0.000000000000000000e+00,0.000000000000000000e+00,0.000000000000000000e+00,0.000000000000000000e+00,0.000000000000000000e+00,0.000000000000000000e+00,0.000000000000000000e+00,0.000000000000000000e+00,0.000000000000000000e+00,0.000000000000000000e+00,0.000000000000000000e+00,0.000000000000000000e+00,0.000000000000000000e+00,0.000000000000000000e+00,0.000000000000000000e+00,1.000000000000000000e+00,-2.106209377533881655e-01,-2.522385927664593241e-01,1.414432575389596922e-02,-7.124455419001543555e-02,1.233811013849869659e-01,-3.339490384548076674e-01,-2.334361611678291704e-01,-2.636693721216262082e-02,-5.064608884557585816e-02,-1.791299138658870305e-01,-2.362396919210558999e-02,-3.467031858737670835e-01,4.548841128251384508e-02,5.990360495267747082e-02,-5.848925110540351829e-02,5.908884782834006311e-01,1.649645196976067263e-01,-2.352658439796468937e-01,-2.104925825094283720e-01,-5.809675261839931243e-02,3.062287128901864872e-02,1.290923748166997453e-01,-2.142094523020249275e-01,-2.949749676430480153e-02,-9.866421372422190528e-02,3.066048130028948826e-01,-7.766722657902705440e-02,-1.403557895787885257e-01,-4.868192270820692058e-01,4.770683974288801865e-01,-8.694243582184806030e-02,2.973223198316956029e-01,-1.936407763611950328e-01,8.396490765424628744e-02,-2.609704858292937746e-01,1.399637833212043769e-01
0.000000000000000000e+00,0.000000000000000000e+00,0.000000000000000000e+00,0.000000000000000000e+00,0.000000000000000000e+00,0.000000000000000000e+00,0.000000000000000000e+00,0.000000000000000000e+00,0.000000000000000000e+00,0.000000000000000000e+00,0.000000000000000000e+00,0.000000000000000000e+00,0.000000000000000000e+00,0.000000000000000000e+00,0.000000000000000000e+00,0.000000000000000000e+00,0.000000000000000000e+00,0.000000000000000000e+00,0.000000000000000000e+00,0.000000000000000000e+00,0.000000000000000000e+00,0.000000000000000000e+00,0.000000000000000000e+00,0.000000000000000000e+00,0.000000000000000000e+00,0.000000000000000000e+00,0.000000000000000000e+00,0.000000000000000000e+00,0.000000000000000000e+00,0.000000000000000000e+00,0.000000000000000000e+00,0.000000000000000000e+00,0.000000000000000000e+00,0.000000000000000000e+00,0.000000000000000000e+00,0.000000000000000000e+00,0.000000000000000000e+00,0.000000000000000000e+00,0.000000000000000000e+00,0.000000000000000000e+00,0.000000000000000000e+00,0.000000000000000000e+00,0.000000000000000000e+00,0.000000000000000000e+00,0.000000000000000000e+00,0.000000000000000000e+00,0.000000000000000000e+00,0.000000000000000000e+00,0.000000000000000000e+00,0.000000000000000000e+00,0.000000000000000000e+00,0.000000000000000000e+00,0.000000000000000000e+00,0.000000000000000000e+00,0.000000000000000000e+00,0.000000000000000000e+00,0.000000000000000000e+00,0.000000000000000000e+00,0.000000000000000000e+00,0.000000000000000000e+00,0.000000000000000000e+00,0.000000000000000000e+00,0.000000000000000000e+00,0.000000000000000000e+00,1.000000000000000000e+00,-6.458719135099094677e-02,5.005005818829608155e-02,2.133458251041705014e-02,1.526097571405780617e-01,2.309462805398316276e-01,3.550106233116556154e-01,-1.168259980124148056e-01,3.080220876019991727e-01,8.185191214675197058e-02,1.293337860908478354e-01,2.789751945122166954e-01,-1.545355583929865217e-01,1.438987771496594015e-01,2.857344669791919700e-01,3.982230715835440304e-01,2.502649581250567246e-01,1.814701314826491774e-01,2.928952407037000438e-01,2.594658663774924157e-01,1.202773456225724874e-01,4.378090787988473398e-01,2.995475596703070509e-01,6.623537270607819660e-02,5.210664795334190441e-02,1.469059253816980826e-01,1.104678447512537909e-01,1.106123670899632205e-01,1.924736583726709971e-01,1.197155696179912909e-01,3.048857437352172628e-01,-3.779691005921923669e-02,5.379861043626817940e-01,3.399834379629098069e-01,1.637631604401972585e-01,1.923294838891739522e-01
0.000000000000000000e+00,0.000000000000000000e+00,0.000000000000000000e+00,0.000000000000000000e+00,0.000000000000000000e+00,0.000000000000000000e+00,0.000000000000000000e+00,0.000000000000000000e+00,0.000000000000000000e+00,0.000000000000000000e+00,0.000000000000000000e+00,0.000000000000000000e+00,0.000000000000000000e+00,0.000000000000000000e+00,0.000000000000000000e+00,0.000000000000000000e+00,0.000000000000000000e+00,0.000000000000000000e+00,0.000000000000000000e+00,0.000000000000000000e+00,0.000000000000000000e+00,0.000000000000000000e+00,0.000000000000000000e+00,0.000000000000000000e+00,0.000000000000000000e+00,0.000000000000000000e+00,0.000000000000000000e+00,0.000000000000000000e+00,0.000000000000000000e+00,0.000000000000000000e+00,0.000000000000000000e+00,0.000000000000000000e+00,0.000000000000000000e+00,0.000000000000000000e+00,0.000000000000000000e+00,0.000000000000000000e+00,0.000000000000000000e+00,0.000000000000000000e+00,0.000000000000000000e+00,0.000000000000000000e+00,0.000000000000000000e+00,0.000000000000000000e+00,0.000000000000000000e+00,0.000000000000000000e+00,0.000000000000000000e+00,0.000000000000000000e+00,0.000000000000000000e+00,0.000000000000000000e+00,0.000000000000000000e+00,0.000000000000000000e+00,0.000000000000000000e+00,0.000000000000000000e+00,0.000000000000000000e+00,0.000000000000000000e+00,0.000000000000000000e+00,0.000000000000000000e+00,0.000000000000000000e+00,0.000000000000000000e+00,0.000000000000000000e+00,0.000000000000000000e+00,0.000000000000000000e+00,0.000000000000000000e+00,0.000000000000000000e+00,0.000000000000000000e+00,0.000000000000000000e+00,1.000000000000000000e+00,-1.567723868802616827e-01,-2.227560217560435318e-01,-1.597373456041307760e-01,7.141518011214181838e-03,2.828750066169993249e-01,-8.258261888962728503e-02,-3.769657053394064039e-02,-9.689475260695907047e-03,1.527079030986217001e-01,-1.554750732614978703e-01,2.076399197362293822e-02,1.372334321338128937e-01,-4.911400523460558720e-02,-3.461299297394815899e-01,-2.710356414625223476e-01,-1.990428578392172410e-01,-8.407262255825814767e-02,3.707611445813449591e-01,2.986178697218079825e-01,-2.770289775466081572e-01,1.794843015706917497e-02,2.094736912152982480e-02,7.064442431965964331e-02,-7.638477794052300762e-02,-5.053672643001831666e-02,5.734189429893146173e-01,-7.120988072072047259e-02,-6.433959624542077982e-02,5.968966656790466313e-02,-2.853100083925941277e-01,-2.920888442984686736e-02,-1.192154654125250797e-02,2.373436576478452631e-01,-5.069336323968871155e-02
0.000000000000000000e+00,0.000000000000000000e+00,0.000000000000000000e+00,0.000000000000000000e+00,0.000000000000000000e+00,0.000000000000000000e+00,0.000000000000000000e+00,0.000000000000000000e+00,0.000000000000000000e+00,0.000000000000000000e+00,0.000000000000000000e+00,0.000000000000000000e+00,0.000000000000000000e+00,0.000000000000000000e+00,0.000000000000000000e+00,0.000000000000000000e+00,0.000000000000000000e+00,0.000000000000000000e+00,0.000000000000000000e+00,0.000000000000000000e+00,0.000000000000000000e+00,0.000000000000000000e+00,0.000000000000000000e+00,0.000000000000000000e+00,0.000000000000000000e+00,0.000000000000000000e+00,0.000000000000000000e+00,0.000000000000000000e+00,0.000000000000000000e+00,0.000000000000000000e+00,0.000000000000000000e+00,0.000000000000000000e+00,0.000000000000000000e+00,0.000000000000000000e+00,0.000000000000000000e+00,0.000000000000000000e+00,0.000000000000000000e+00,0.000000000000000000e+00,0.000000000000000000e+00,0.000000000000000000e+00,0.000000000000000000e+00,0.000000000000000000e+00,0.000000000000000000e+00,0.000000000000000000e+00,0.000000000000000000e+00,0.000000000000000000e+00,0.000000000000000000e+00,0.000000000000000000e+00,0.000000000000000000e+00,0.000000000000000000e+00,0.000000000000000000e+00,0.000000000000000000e+00,0.000000000000000000e+00,0.000000000000000000e+00,0.000000000000000000e+00,0.000000000000000000e+00,0.000000000000000000e+00,0.000000000000000000e+00,0.000000000000000000e+00,0.000000000000000000e+00,0.000000000000000000e+00,0.000000000000000000e+00,0.000000000000000000e+00,0.000000000000000000e+00,0.000000000000000000e+00,0.000000000000000000e+00,1.000000000000000000e+00,6.070425870428670240e-02,2.661667196355015363e-01,2.366825578167376931e-01,4.012947886947104137e-01,-5.675789882252113561e-02,-6.254978579939717009e-02,-7.304451941332905374e-02,2.489039456773478251e-02,-3.366743937085603933e-01,-4.220492230303526243e-02,5.055577548805137433e-02,-1.718271742017565828e-01,3.948434097848763091e-02,6.038291203924580630e-01,-4.104678748794534510e-02,3.679427381481740200e-01,2.354210950194332019e-01,2.348720853647479900e-01,3.328458823048061621e-01,1.554607618653385537e-01,-7.530537313327620441e-02,3.095225009218974255e-01,1.425972250181849199e-01,-1.454352772149206975e-02,1.077287677408221012e-01,1.879810614512013034e-01,4.195497162733553553e-01,-1.549202418514171453e-01,2.163705952215976280e-01,1.358026660077548547e-02,-5.902751014114174938e-02,2.828656276067825215e-01,2.027595417737982630e-01
0.000000000000000000e+00,0.000000000000000000e+00,0.000000000000000000e+00,0.000000000000000000e+00,0.000000000000000000e+00,0.000000000000000000e+00,0.000000000000000000e+00,0.000000000000000000e+00,0.000000000000000000e+00,0.000000000000000000e+00,0.000000000000000000e+00,0.000000000000000000e+00,0.000000000000000000e+00,0.000000000000000000e+00,0.000000000000000000e+00,0.000000000000000000e+00,0.000000000000000000e+00,0.000000000000000000e+00,0.000000000000000000e+00,0.000000000000000000e+00,0.000000000000000000e+00,0.000000000000000000e+00,0.000000000000000000e+00,0.000000000000000000e+00,0.000000000000000000e+00,0.000000000000000000e+00,0.000000000000000000e+00,0.000000000000000000e+00,0.000000000000000000e+00,0.000000000000000000e+00,0.000000000000000000e+00,0.000000000000000000e+00,0.000000000000000000e+00,0.000000000000000000e+00,0.000000000000000000e+00,0.000000000000000000e+00,0.000000000000000000e+00,0.000000000000000000e+00,0.000000000000000000e+00,0.000000000000000000e+00,0.000000000000000000e+00,0.000000000000000000e+00,0.000000000000000000e+00,0.000000000000000000e+00,0.000000000000000000e+00,0.000000000000000000e+00,0.000000000000000000e+00,0.000000000000000000e+00,0.000000000000000000e+00,0.000000000000000000e+00,0.000000000000000000e+00,0.000000000000000000e+00,0.000000000000000000e+00,0.000000000000000000e+00,0.000000000000000000e+00,0.000000000000000000e+00,0.000000000000000000e+00,0.000000000000000000e+00,0.000000000000000000e+00,0.000000000000000000e+00,0.000000000000000000e+00,0.000000000000000000e+00,0.000000000000000000e+00,0.000000000000000000e+00,0.000000000000000000e+00,0.000000000000000000e+00,0.000000000000000000e+00,1.000000000000000000e+00,1.326237551617654928e-02,3.464420079148852749e-02,1.498150099838662930e-01,1.787111815018490313e-01,2.074665923438503146e-01,2.489967385160879731e-01,2.486196217281497756e-01,9.765930371538628085e-02,-3.017324137997308142e-01,5.387826975269789653e-02,1.066924827256297281e-01,1.254631251962454175e-01,9.660501448829393600e-02,1.604949163050299332e-01,5.138601902749485861e-02,2.450904157749941858e-02,3.048547798008984233e-01,6.677940240063093280e-02,2.039436161411005977e-01,2.820697201169125590e-01,2.338646979381152347e-01,2.988950602689985914e-01,1.183436433968625551e-01,-2.674992257948197519e-02,3.167943040732508486e-02,6.481443096697073192e-02,1.094124229589762270e-01,1.333364299312524426e-01,-4.775520653404725230e-02,1.339768981298225525e-01,3.693886806041709464e-03,2.042803963282092405e-01
0.000000000000000000e+00,0.000000000000000000e+00,0.000000000000000000e+00,0.000000000000000000e+00,0.000000000000000000e+00,0.000000000000000000e+00,0.000000000000000000e+00,0.000000000000000000e+00,0.000000000000000000e+00,0.000000000000000000e+00,0.000000000000000000e+00,0.000000000000000000e+00,0.000000000000000000e+00,0.000000000000000000e+00,0.000000000000000000e+00,0.000000000000000000e+00,0.000000000000000000e+00,0.000000000000000000e+00,0.000000000000000000e+00,0.000000000000000000e+00,0.000000000000000000e+00,0.000000000000000000e+00,0.000000000000000000e+00,0.000000000000000000e+00,0.000000000000000000e+00,0.000000000000000000e+00,0.000000000000000000e+00,0.000000000000000000e+00,0.000000000000000000e+00,0.000000000000000000e+00,0.000000000000000000e+00,0.000000000000000000e+00,0.000000000000000000e+00,0.000000000000000000e+00,0.000000000000000000e+00,0.000000000000000000e+00,0.000000000000000000e+00,0.000000000000000000e+00,0.000000000000000000e+00,0.000000000000000000e+00,0.000000000000000000e+00,0.000000000000000000e+00,0.000000000000000000e+00,0.000000000000000000e+00,0.000000000000000000e+00,0.000000000000000000e+00,0.000000000000000000e+00,0.000000000000000000e+00,0.000000000000000000e+00,0.000000000000000000e+00,0.000000000000000000e+00,0.000000000000000000e+00,0.000000000000000000e+00,0.000000000000000000e+00,0.000000000000000000e+00,0.000000000000000000e+00,0.000000000000000000e+00,0.000000000000000000e+00,0.000000000000000000e+00,0.000000000000000000e+00,0.000000000000000000e+00,0.000000000000000000e+00,0.000000000000000000e+00,0.000000000000000000e+00,0.000000000000000000e+00,0.000000000000000000e+00,0.000000000000000000e+00,0.000000000000000000e+00,1.000000000000000000e+00,2.037749942994770691e-01,-5.282069594535870188e-02,2.122576966892591455e-01,2.694163052672435277e-01,-2.476793747328781548e-01,2.154632331345072427e-01,1.155648793534514024e-01,2.023092555977803186e-01,-8.835890386674198627e-02,-7.136282633982886370e-02,1.669355845645385250e-01,1.880001957923830569e-01,3.315227439483529603e-01,-5.050270829913139359e-02,1.909153381144378658e-01,3.577583955140543892e-02,1.376640922218305696e-01,2.996095297902620636e-01,-1.879320428593420633e-01,1.740348522410755869e-02,2.264119696710425456e-01,7.875145458518362229e-02,3.008347827811058348e-02,-2.533630778149381299e-02,1.254425801310112831e-01,2.200557030741429887e-01,3.822630492981694827e-02,2.023727980356289924e-01,2.479650814602116921e-02,-2.440620161871149760e-02,2.555629010339672269e-01
0.000000000000000000e+00,0.000000000000000000e+00,0.000000000000000000e+00,0.000000000000000000e+00,0.000000000000000000e+00,0.000000000000000000e+00,0.000000000000000000e+00,0.000000000000000000e+00,0.000000000000000000e+00,0.000000000000000000e+00,0.000000000000000000e+00,0.000000000000000000e+00,0.000000000000000000e+00,0.000000000000000000e+00,0.000000000000000000e+00,0.000000000000000000e+00,0.000000000000000000e+00,0.000000000000000000e+00,0.000000000000000000e+00,0.000000000000000000e+00,0.000000000000000000e+00,0.000000000000000000e+00,0.000000000000000000e+00,0.000000000000000000e+00,0.000000000000000000e+00,0.000000000000000000e+00,0.000000000000000000e+00,0.000000000000000000e+00,0.000000000000000000e+00,0.000000000000000000e+00,0.000000000000000000e+00,0.000000000000000000e+00,0.000000000000000000e+00,0.000000000000000000e+00,0.000000000000000000e+00,0.000000000000000000e+00,0.000000000000000000e+00,0.000000000000000000e+00,0.000000000000000000e+00,0.000000000000000000e+00,0.000000000000000000e+00,0.000000000000000000e+00,0.000000000000000000e+00,0.000000000000000000e+00,0.000000000000000000e+00,0.000000000000000000e+00,0.000000000000000000e+00,0.000000000000000000e+00,0.000000000000000000e+00,0.000000000000000000e+00,0.000000000000000000e+00,0.000000000000000000e+00,0.000000000000000000e+00,0.000000000000000000e+00,0.000000000000000000e+00,0.000000000000000000e+00,0.000000000000000000e+00,0.000000000000000000e+00,0.000000000000000000e+00,0.000000000000000000e+00,0.000000000000000000e+00,0.000000000000000000e+00,0.000000000000000000e+00,0.000000000000000000e+00,0.000000000000000000e+00,0.000000000000000000e+00,0.000000000000000000e+00,0.000000000000000000e+00,0.000000000000000000e+00,1.000000000000000000e+00,3.314103181911555729e-01,3.463574584125571065e-01,2.020775197031539072e-01,-6.259921881176226666e-02,2.546692411769393427e-01,6.836868740705563663e-02,2.068029457645530200e-01,3.435103879889100237e-02,2.692936682782203772e-01,-2.679576963439488785e-02,3.722562378335306232e-01,3.545537402378361458e-01,3.868969488493314568e-01,1.792436116766752685e-01,8.378467884445132963e-02,1.593534430390658729e-01,2.579809854183548468e-01,-2.410381498208774009e-01,1.292624777673594405e-01,8.596657566451135213e-02,8.260141940805479366e-02,-5.091238156018958183e-02,2.426278066583753279e-01,-3.324715212865245184e-02,3.271141412495877643e-01,-3.988267370605724262e-03,3.389875670770116090e-01,2.711707550322239868e-01,1.015208416046771978e-01,9.013337964229388433e-02
0.000000000000000000e+00,0.000000000000000000e+00,0.000000000000000000e+00,0.000000000000000000e+00,0.000000000000000000e+00,0.000000000000000000e+00,0.000000000000000000e+00,0.000000000000000000e+00,0.000000000000000000e+00,0.000000000000000000e+00,0.000000000000000000e+00,0.000000000000000000e+00,0.000000000000000000e+00,0.000000000000000000e+00,0.000000000000000000e+00,0.000000000000000000e+00,0.000000000000000000e+00,0.000000000000000000e+00,0.000000000000000000e+00,0.000000000000000000e+00,0.000000000000000000e+00,0.000000000000000000e+00,0.000000000000000000e+00,0.000000000000000000e+00,0.000000000000000000e+00,0.000000000000000000e+00,0.000000000000000000e+00,0.000000000000000000e+00,0.000000000000000000e+00,0.000000000000000000e+00,0.000000000000000000e+00,0.000000000000000000e+00,0.000000000000000000e+00,0.000000000000000000e+00,0.000000000000000000e+00,0.000000000000000000e+00,0.000000000000000000e+00,0.000000000000000000e+00,0.000000000000000000e+00,0.000000000000000000e+00,0.000000000000000000e+00,0.000000000000000000e+00,0.000000000000000000e+00,0.000000000000000000e+00,0.000000000000000000e+00,0.000000000000000000e+00,0.000000000000000000e+00,0.000000000000000000e+00,0.000000000000000000e+00,0.000000000000000000e+00,0.000000000000000000e+00,0.000000000000000000e+00,0.000000000000000000e+00,0.000000000000000000e+00,0.000000000000000000e+00,0.000000000000000000e+00,0.000000000000000000e+00,0.000000000000000000e+00,0.000000000000000000e+00,0.000000000000000000e+00,0.000000000000000000e+00,0.000000000000000000e+00,0.000000000000000000e+00,0.000000000000000000e+00,0.000000000000000000e+00,0.000000000000000000e+00,0.000000000000000000e+00,0.000000000000000000e+00,0.000000000000000000e+00,0.000000000000000000e+00,1.000000000000000000e+00,9.171483475390806994e-02,1.951641529955718546e-01,1.942605954722038605e-02,1.023070892069857241e-01,-9.798936576335086357e-02,2.507922424526569383e-02,3.443003591375631833e-01,1.490055700348098255e-01,1.837528800830031880e-02,5.387935460998688475e-01,8.202140588596738835e-02,4.270500711078656919e-01,2.645110366592318685e-01,1.912736888446271433e-01,2.046087904778117195e-01,3.268432078539506014e-01,1.969540630887703092e-01,2.061216176649955933e-01,3.007974664984344182e-01,7.904689444582563285e-02,4.671135519965707167e-02,1.978264667725165293e-01,2.101422948496482201e-01,1.586775389872129571e-01,1.856546467120498145e-01,1.605068217404861108e-01,3.551839373630257257e-01,2.920463659584916494e-01,7.003643092907543832e-02
0.000000000000000000e+00,0.000000000000000000e+00,0.000000000000000000e+00,0.000000000000000000e+00,0.000000000000000000e+00,0.000000000000000000e+00,0.000000000000000000e+00,0.000000000000000000e+00,0.000000000000000000e+00,0.000000000000000000e+00,0.000000000000000000e+00,0.000000000000000000e+00,0.000000000000000000e+00,0.000000000000000000e+00,0.000000000000000000e+00,0.000000000000000000e+00,0.000000000000000000e+00,0.000000000000000000e+00,0.000000000000000000e+00,0.000000000000000000e+00,0.000000000000000000e+00,0.000000000000000000e+00,0.000000000000000000e+00,0.000000000000000000e+00,0.000000000000000000e+00,0.000000000000000000e+00,0.000000000000000000e+00,0.000000000000000000e+00,0.000000000000000000e+00,0.000000000000000000e+00,0.000000000000000000e+00,0.000000000000000000e+00,0.000000000000000000e+00,0.000000000000000000e+00,0.000000000000000000e+00,0.000000000000000000e+00,0.000000000000000000e+00,0.000000000000000000e+00,0.000000000000000000e+00,0.000000000000000000e+00,0.000000000000000000e+00,0.000000000000000000e+00,0.000000000000000000e+00,0.000000000000000000e+00,0.000000000000000000e+00,0.000000000000000000e+00,0.000000000000000000e+00,0.000000000000000000e+00,0.000000000000000000e+00,0.000000000000000000e+00,0.000000000000000000e+00,0.000000000000000000e+00,0.000000000000000000e+00,0.000000000000000000e+00,0.000000000000000000e+00,0.000000000000000000e+00,0.000000000000000000e+00,0.000000000000000000e+00,0.000000000000000000e+00,0.000000000000000000e+00,0.000000000000000000e+00,0.000000000000000000e+00,0.000000000000000000e+00,0.000000000000000000e+00,0.000000000000000000e+00,0.000000000000000000e+00,0.000000000000000000e+00,0.000000000000000000e+00,0.000000000000000000e+00,0.000000000000000000e+00,0.000000000000000000e+00,1.000000000000000000e+00,2.837749995622547150e-01,-4.880847812567452350e-03,1.770749953102311869e-01,1.271765654323859795e-01,6.210759327073009373e-02,-7.165987771578456907e-03,2.397265465352195757e-01,6.736516620887667006e-02,2.553611725946257627e-01,3.314029791757121535e-01,3.023462477464006204e-01,-2.003236412547475254e-01,1.118897790932359276e-01,5.555918855602832995e-02,2.806266726247652055e-01,1.057527931423439121e-01,5.535703650427167832e-02,2.047430731650471958e-01,3.068830732158279728e-01,8.081406501102192386e-02,3.554847209308967249e-01,8.722122229759841916e-02,3.998090442999801541e-01,2.000151203122137455e-01,1.702984717991081476e-01,5.868084127395098437e-02,-9.670333625507551711e-02,4.384006932621552916e-02
0.000000000000000000e+00,0.000000000000000000e+00,0.000000000000000000e+00,0.000000000000000000e+00,0.000000000000000000e+00,0.000000000000000000e+00,0.000000000000000000e+00,0.000000000000000000e+00,0.000000000000000000e+00,0.000000000000000000e+00,0.000000000000000000e+00,0.000000000000000000e+00,0.000000000000000000e+00,0.000000000000000000e+00,0.000000000000000000e+00,0.000000000000000000e+00,0.000000000000000000e+00,0.000000000000000000e+00,0.000000000000000000e+00,0.000000000000000000e+00,0.000000000000000000e+00,0.000000000000000000e+00,0.000000000000000000e+00,0.000000000000000000e+00,0.000000000000000000e+00,0.000000000000000000e+00,0.000000000000000000e+00,0.000000000000000000e+00,0.000000000000000000e+00,0.000000000000000000e+00,0.000000000000000000e+00,0.000000000000000000e+00,0.000000000000000000e+00,0.000000000000000000e+00,0.000000000000000000e+00,0.000000000000000000e+00,0.000000000000000000e+00,0.000000000000000000e+00,0.000000000000000000e+00,0.000000000000000000e+00,0.000000000000000000e+00,0.000000000000000000e+00,0.000000000000000000e+00,0.000000000000000000e+00,0.000000000000000000e+00,0.000000000000000000e+00,0.000000000000000000e+00,0.000000000000000000e+00,0.000000000000000000e+00,0.000000000000000000e+00,0.000000000000000000e+00,0.000000000000000000e+00,0.000000000000000000e+00,0.000000000000000000e+00,0.000000000000000000e+00,0.000000000000000000e+00,0.000000000000000000e+00,0.000000000000000000e+00,0.000000000000000000e+00,0.000000000000000000e+00,0.000000000000000000e+00,0.000000000000000000e+00,0.000000000000000000e+00,0.000000000000000000e+00,0.000000000000000000e+00,0.000000000000000000e+00,0.000000000000000000e+00,0.000000000000000000e+00,0.000000000000000000e+00,0.000000000000000000e+00,0.000000000000000000e+00,0.000000000000000000e+00,1.000000000000000000e+00,-1.009105754603325245e-01,1.364668268209225377e-01,4.519411744277624515e-02,2.966149526633605760e-01,1.425178109228884826e-01,2.431480391467448765e-01,1.870612575871123395e-01,2.461570450578587366e-01,6.276396463182667973e-02,1.313330568380392527e-01,2.213363419825684353e-01,1.122584238430543030e-01,2.074372499055731067e-01,1.226332983742631777e-01,-7.537251163291502909e-02,2.470557781793570051e-01,3.276655030222910825e-01,3.433718951105609041e-02,1.007563368093117029e-01,-6.157579005636256569e-02,-3.782763842679970345e-02,3.390953995351968508e-01,3.979727430009306205e-02,3.544448806429383869e-01,1.441148394691743884e-01,-8.937982474699250612e-02,1.802499548812763752e-01
0.000000000000000000e+00,0.000000000000000000e+00,0.000000000000000000e+00,0.000000000000000000e+00,0.000000000000000000e+00,0.000000000000000000e+00,0.000000000000000000e+00,0.000000000000000000e+00,0.000000000000000000e+00,0.000000000000000000e+00,0.000000000000000000e+00,0.000000000000000000e+00,0.000000000000000000e+00,0.000000000000000000e+00,0.000000000000000000e+00,0.000000000000000000e+00,0.000000000000000000e+00,0.000000000000000000e+00,0.000000000000000000e+00,0.000000000000000000e+00,0.000000000000000000e+00,0.000000000000000000e+00,0.000000000000000000e+00,0.000000000000000000e+00,0.000000000000000000e+00,0.000000000000000000e+00,0.000000000000000000e+00,0.000000000000000000e+00,0.000000000000000000e+00,0.000000000000000000e+00,0.000000000000000000e+00,0.000000000000000000e+00,0.000000000000000000e+00,0.000000000000000000e+00,0.000000000000000000e+00,0.000000000000000000e+00,0.000000000000000000e+00,0.000000000000000000e+00,0.000000000000000000e+00,0.000000000000000000e+00,0.000000000000000000e+00,0.000000000000000000e+00,0.000000000000000000e+00,0.000000000000000000e+00,0.000000000000000000e+00,0.000000000000000000e+00,0.000000000000000000e+00,0.000000000000000000e+00,0.000000000000000000e+00,0.000000000000000000e+00,0.000000000000000000e+00,0.000000000000000000e+00,0.000000000000000000e+00,0.000000000000000000e+00,0.000000000000000000e+00,0.000000000000000000e+00,0.000000000000000000e+00,0.000000000000000000e+00,0.000000000000000000e+00,0.000000000000000000e+00,0.000000000000000000e+00,0.000000000000000000e+00,0.000000000000000000e+00,0.000000000000000000e+00,0.000000000000000000e+00,0.000000000000000000e+00,0.000000000000000000e+00,0.000000000000000000e+00,0.000000000000000000e+00,0.000000000000000000e+00,0.000000000000000000e+00,0.000000000000000000e+00,0.000000000000000000e+00,1.000000000000000000e+00,3.431921511293781896e-02,2.189012683202727072e-01,-3.191163587306435345e-01,-6.416615178562397326e-02,1.302188723829786621e-01,7.356035182840951758e-02,-4.701334824030256598e-02,-3.992457296857340743e-02,2.452061778804298653e-01,9.077442047892894661e-02,2.831707170746177726e-01,-5.807711910536833555e-03,3.983979163901117844e-03,3.223310204763353837e-01,6.852251082915385150e-02,1.694516545654281003e-01,2.300041253009717582e-02,-6.896944316479526951e-03,4.962168100096842754e-02,-3.575487465271680321e-02,-8.468166355261050326e-02,-4.705707547164839771e-02,7.069039194065870890e-02,2.405444361952199794e-01,2.986060081253658419e-02,-5.862570940112236950e-02
0.000000000000000000e+00,0.000000000000000000e+00,0.000000000000000000e+00,0.000000000000000000e+00,0.000000000000000000e+00,0.000000000000000000e+00,0.000000000000000000e+00,0.000000000000000000e+00,0.000000000000000000e+00,0.000000000000000000e+00,0.000000000000000000e+00,0.000000000000000000e+00,0.000000000000000000e+00,0.000000000000000000e+00,0.000000000000000000e+00,0.000000000000000000e+00,0.000000000000000000e+00,0.000000000000000000e+00,0.000000000000000000e+00,0.000000000000000000e+00,0.000000000000000000e+00,0.000000000000000000e+00,0.000000000000000000e+00,0.000000000000000000e+00,0.000000000000000000e+00,0.000000000000000000e+00,0.000000000000000000e+00,0.000000000000000000e+00,0.000000000000000000e+00,0.000000000000000000e+00,0.000000000000000000e+00,0.000000000000000000e+00,0.000000000000000000e+00,0.000000000000000000e+00,0.000000000000000000e+00,0.000000000000000000e+00,0.000000000000000000e+00,0.000000000000000000e+00,0.000000000000000000e+00,0.000000000000000000e+00,0.000000000000000000e+00,0.000000000000000000e+00,0.000000000000000000e+00,0.000000000000000000e+00,0.000000000000000000e+00,0.000000000000000000e+00,0.000000000000000000e+00,0.000000000000000000e+00,0.000000000000000000e+00,0.000000000000000000e+00,0.000000000000000000e+00,0.000000000000000000e+00,0.000000000000000000e+00,0.000000000000000000e+00,0.000000000000000000e+00,0.000000000000000000e+00,0.000000000000000000e+00,0.000000000000000000e+00,0.000000000000000000e+00,0.000000000000000000e+00,0.000000000000000000e+00,0.000000000000000000e+00,0.000000000000000000e+00,0.000000000000000000e+00,0.000000000000000000e+00,0.000000000000000000e+00,0.000000000000000000e+00,0.000000000000000000e+00,0.000000000000000000e+00,0.000000000000000000e+00,0.000000000000000000e+00,0.000000000000000000e+00,0.000000000000000000e+00,0.000000000000000000e+00,1.000000000000000000e+00,9.350938530626663747e-03,-1.836327752274289488e-02,-6.740486065677062100e-02,2.090262971757087529e-01,-9.090573476764043925e-02,-5.414057204315197297e-02,7.504224349965964158e-02,1.665621184773965688e-02,6.821180816167350669e-02,9.620842511877490677e-02,1.919986275662239061e-01,2.540091319456888597e-01,-4.899999082228558706e-02,1.865565456140405587e-01,2.201141149929115581e-01,2.164895984023773312e-01,1.181010342486846360e-01,1.205682707332047798e-01,-7.671722386696347429e-02,9.163001206291254697e-02,6.014907640993038401e-02,1.465447136473729817e-01,1.867549530820420411e-01,9.288728062863519513e-03,1.796997194170096013e-01
0.000000000000000000e+00,0.000000000000000000e+00,0.000000000000000000e+00,0.000000000000000000e+00,0.000000000000000000e+00,0.000000000000000000e+00,0.000000000000000000e+00,0.000000000000000000e+00,0.000000000000000000e+00,0.000000000000000000e+00,0.000000000000000000e+00,0.000000000000000000e+00,0.000000000000000000e+00,0.000000000000000000e+00,0.000000000000000000e+00,0.000000000000000000e+00,0.000000000000000000e+00,0.000000000000000000e+00,0.000000000000000000e+00,0.000000000000000000e+00,0.000000000000000000e+00,0.000000000000000000e+00,0.000000000000000000e+00,0.000000000000000000e+00,0.000000000000000000e+00,0.000000000000000000e+00,0.000000000000000000e+00,0.000000000000000000e+00,0.000000000000000000e+00,0.000000000000000000e+00,0.000000000000000000e+00,0.000000000000000000e+00,0.000000000000000000e+00,0.000000000000000000e+00,0.000000000000000000e+00,0.000000000000000000e+00,0.000000000000000000e+00,0.000000000000000000e+00,0.000000000000000000e+00,0.000000000000000000e+00,0.000000000000000000e+00,0.000000000000000000e+00,0.000000000000000000e+00,0.000000000000000000e+00,0.000000000000000000e+00,0.000000000000000000e+00,0.000000000000000000e+00,0.000000000000000000e+00,0.000000000000000000e+00,0.000000000000000000e+00,0.000000000000000000e+00,0.000000000000000000e+00,0.000000000000000000e+00,0.000000000000000000e+00,0.000000000000000000e+00,0.000000000000000000e+00,0.000000000000000000e+00,0.000000000000000000e+00,0.000000000000000000e+00,0.000000000000000000e+00,0.000000000000000000e+00,0.000000000000000000e+00,0.000000000000000000e+00,0.000000000000000000e+00,0.000000000000000000e+00,0.000000000000000000e+00,0.000000000000000000e+00,0.000000000000000000e+00,0.000000000000000000e+00,0.000000000000000000e+00,0.000000000000000000e+00,0.000000000000000000e+00,0.000000000000000000e+00,0.000000000000000000e+00,0.000000000000000000e+00,1.000000000000000000e+00,-3.778502659963446642e-02,1.140164013120706643e-01,-7.189269456352645471e-02,1.320152800127895598e-01,-1.577768221158223905e-01,2.915189652050220737e-01,1.828459046708540495e-02,-5.845230904524344184e-02,-3.400121348806856014e-02,-7.553849548220224752e-02,1.706533893917319966e-01,1.029651876131625621e-01,-2.164594100030322876e-01,5.921520833251292526e-02,2.994522388711137045e-02,-1.734383046819722995e-01,2.311892967385585362e-01,-1.962733830718864370e-01,2.858722175008382438e-01,-9.042657360244654718e-02,-5.545183068367298337e-03,5.375076703007281714e-02,3.212842917036318885e-02,4.269669805306001986e-02
0.000000000000000000e+00,0.000000000000000000e+00,0.000000000000000000e+00,0.000000000000000000e+00,0.000000000000000000e+00,0.000000000000000000e+00,0.000000000000000000e+00,0.000000000000000000e+00,0.000000000000000000e+00,0.000000000000000000e+00,0.000000000000000000e+00,0.000000000000000000e+00,0.000000000000000000e+00,0.000000000000000000e+00,0.000000000000000000e+00,0.000000000000000000e+00,0.000000000000000000e+00,0.000000000000000000e+00,0.000000000000000000e+00,0.000000000000000000e+00,0.000000000000000000e+00,0.000000000000000000e+00,0.000000000000000000e+00,0.000000000000000000e+00,0.000000000000000000e+00,0.000000000000000000e+00,0.000000000000000000e+00,0.000000000000000000e+00,0.000000000000000000e+00,0.000000000000000000e+00,0.000000000000000000e+00,0.000000000000000000e+00,0.000000000000000000e+00,0.000000000000000000e+00,0.000000000000000000e+00,0.000000000000000000e+00,0.000000000000000000e+00,0.000000000000000000e+00,0.000000000000000000e+00,0.000000000000000000e+00,0.000000000000000000e+00,0.000000000000000000e+00,0.000000000000000000e+00,0.000000000000000000e+00,0.000000000000000000e+00,0.000000000000000000e+00,0.000000000000000000e+00,0.000000000000000000e+00,0.000000000000000000e+00,0.000000000000000000e+00,0.000000000000000000e+00,0.000000000000000000e+00,0.000000000000000000e+00,0.000000000000000000e+00,0.000000000000000000e+00,0.000000000000000000e+00,0.000000000000000000e+00,0.000000000000000000e+00,0.000000000000000000e+00,0.000000000000000000e+00,0.000000000000000000e+00,0.000000000000000000e+00,0.000000000000000000e+00,0.000000000000000000e+00,0.000000000000000000e+00,0.000000000000000000e+00,0.000000000000000000e+00,0.000000000000000000e+00,0.000000000000000000e+00,0.000000000000000000e+00,0.000000000000000000e+00,0.000000000000000000e+00,0.000000000000000000e+00,0.000000000000000000e+00,0.000000000000000000e+00,0.000000000000000000e+00,1.000000000000000000e+00,9.022973378215014273e-02,-3.659358636163623918e-02,-5.842061585942617818e-02,9.748491620524443735e-02,-2.833058895571996874e-02,6.582815225258867309e-02,-1.595615340462920931e-02,-7.503003530747037741e-02,-5.282743837271654946e-02,-8.398163823341292522e-02,-3.422051009339611150e-01,-5.280415475882275361e-02,-3.900520880747330998e-02,-1.798455592116673107e-01,2.840211792916803521e-02,-8.454566363953756880e-02,-9.231167561191279403e-02,1.150119621802771497e-01,-7.797252951081359851e-02,4.650423970622623998e-02,-2.302994473022174082e-02,-8.139715773798832099e-02,-3.077228511559376017e-02
0.000000000000000000e+00,0.000000000000000000e+00,0.000000000000000000e+00,0.000000000000000000e+00,0.000000000000000000e+00,0.000000000000000000e+00,0.000000000000000000e+00,0.000000000000000000e+00,0.000000000000000000e+00,0.000000000000000000e+00,0.000000000000000000e+00,0.000000000000000000e+00,0.000000000000000000e+00,0.000000000000000000e+00,0.000000000000000000e+00,0.000000000000000000e+00,0.000000000000000000e+00,0.000000000000000000e+00,0.000000000000000000e+00,0.000000000000000000e+00,0.000000000000000000e+00,0.000000000000000000e+00,0.000000000000000000e+00,0.000000000000000000e+00,0.000000000000000000e+00,0.000000000000000000e+00,0.000000000000000000e+00,0.000000000000000000e+00,0.000000000000000000e+00,0.000000000000000000e+00,0.000000000000000000e+00,0.000000000000000000e+00,0.000000000000000000e+00,0.000000000000000000e+00,0.000000000000000000e+00,0.000000000000000000e+00,0.000000000000000000e+00,0.000000000000000000e+00,0.000000000000000000e+00,0.000000000000000000e+00,0.000000000000000000e+00,0.000000000000000000e+00,0.000000000000000000e+00,0.000000000000000000e+00,0.000000000000000000e+00,0.000000000000000000e+00,0.000000000000000000e+00,0.000000000000000000e+00,0.000000000000000000e+00,0.000000000000000000e+00,0.000000000000000000e+00,0.000000000000000000e+00,0.000000000000000000e+00,0.000000000000000000e+00,0.000000000000000000e+00,0.000000000000000000e+00,0.000000000000000000e+00,0.000000000000000000e+00,0.000000000000000000e+00,0.000000000000000000e+00,0.000000000000000000e+00,0.000000000000000000e+00,0.000000000000000000e+00,0.000000000000000000e+00,0.000000000000000000e+00,0.000000000000000000e+00,0.000000000000000000e+00,0.000000000000000000e+00,0.000000000000000000e+00,0.000000000000000000e+00,0.000000000000000000e+00,0.000000000000000000e+00,0.000000000000000000e+00,0.000000000000000000e+00,0.000000000000000000e+00,0.000000000000000000e+00,0.000000000000000000e+00,1.000000000000000000e+00,-1.625654482951769120e-01,2.136822540763012035e-01,2.504469073033591675e-01,1.602222928605392949e-02,1.292671725081395717e-01,1.057143527729514400e-02,4.929889757677736323e-03,2.469325131627012060e-02,9.798832208326432869e-02,2.747638223175861705e-01,7.855203230353820232e-02,9.887875821705195689e-02,-1.294275554638095183e-01,-1.944054589828559665e-01,-1.128503684841165033e-01,1.449709865491617122e-01,1.051693786532280073e-01,2.793799655609588428e-01,-2.171350277159035669e-02,1.367004405544466061e-01,1.359912535154406410e-01,-4.946594449040899594e-02
0.000000000000000000e+00,0.000000000000000000e+00,0.000000000000000000e+00,0.000000000000000000e+00,0.000000000000000000e+00,0.000000000000000000e+00,0.000000000000000000e+00,0.000000000000000000e+00,0.000000000000000000e+00,0.000000000000000000e+00,0.000000000000000000e+00,0.000000000000000000e+00,0.000000000000000000e+00,0.000000000000000000e+00,0.000000000000000000e+00,0.000000000000000000e+00,0.000000000000000000e+00,0.000000000000000000e+00,0.000000000000000000e+00,0.000000000000000000e+00,0.000000000000000000e+00,0.000000000000000000e+00,0.000000000000000000e+00,0.000000000000000000e+00,0.000000000000000000e+00,0.000000000000000000e+00,0.000000000000000000e+00,0.000000000000000000e+00,0.000000000000000000e+00,0.000000000000000000e+00,0.000000000000000000e+00,0.000000000000000000e+00,0.000000000000000000e+00,0.000000000000000000e+00,0.000000000000000000e+00,0.000000000000000000e+00,0.000000000000000000e+00,0.000000000000000000e+00,0.000000000000000000e+00,0.000000000000000000e+00,0.000000000000000000e+00,0.000000000000000000e+00,0.000000000000000000e+00,0.000000000000000000e+00,0.000000000000000000e+00,0.000000000000000000e+00,0.000000000000000000e+00,0.000000000000000000e+00,0.000000000000000000e+00,0.000000000000000000e+00,0.000000000000000000e+00,0.000000000000000000e+00,0.000000000000000000e+00,0.000000000000000000e+00,0.000000000000000000e+00,0.000000000000000000e+00,0.000000000000000000e+00,0.000000000000000000e+00,0.000000000000000000e+00,0.000000000000000000e+00,0.000000000000000000e+00,0.000000000000000000e+00,0.000000000000000000e+00,0.000000000000000000e+00,0.000000000000000000e+00,0.000000000000000000e+00,0.000000000000000000e+00,0.000000000000000000e+00,0.000000000000000000e+00,0.000000000000000000e+00,0.000000000000000000e+00,0.000000000000000000e+00,0.000000000000000000e+00,0.000000000000000000e+00,0.000000000000000000e+00,0.000000000000000000e+00,0.000000000000000000e+00,0.000000000000000000e+00,1.000000000000000000e+00,8.030052171416342255e-02,-1.417730411613824133e-02,1.311821389744395328e-01,1.036550206655888484e-01,1.161942236590499528e-01,7.045436679194688745e-02,2.533580355522028760e-01,3.484935556664368050e-01,7.852197165026907066e-02,2.594208958134651133e-01,1.510096774969498790e-01,2.607366156482542885e-01,1.011451919280458023e-01,3.008376341142228738e-01,-2.091346936463705231e-01,1.691083207232949304e-01,4.062921185707912310e-03,4.647969281089114890e-01,3.022104941262763189e-01,-1.344403990142100935e-01,7.192209763918457066e-02
0.000000000000000000e+00,0.000000000000000000e+00,0.000000000000000000e+00,0.000000000000000000e+00,0.000000000000000000e+00,0.000000000000000000e+00,0.000000000000000000e+00,0.000000000000000000e+00,0.000000000000000000e+00,0.000000000000000000e+00,0.000000000000000000e+00,0.000000000000000000e+00,0.000000000000000000e+00,0.000000000000000000e+00,0.000000000000000000e+00,0.000000000000000000e+00,0.000000000000000000e+00,0.000000000000000000e+00,0.000000000000000000e+00,0.000000000000000000e+00,0.000000000000000000e+00,0.000000000000000000e+00,0.000000000000000000e+00,0.000000000000000000e+00,0.000000000000000000e+00,0.000000000000000000e+00,0.000000000000000000e+00,0.000000000000000000e+00,0.000000000000000000e+00,0.000000000000000000e+00,0.000000000000000000e+00,0.000000000000000000e+00,0.000000000000000000e+00,0.000000000000000000e+00,0.000000000000000000e+00,0.000000000000000000e+00,0.000000000000000000e+00,0.000000000000000000e+00,0.000000000000000000e+00,0.000000000000000000e+00,0.000000000000000000e+00,0.000000000000000000e+00,0.000000000000000000e+00,0.000000000000000000e+00,0.000000000000000000e+00,0.000000000000000000e+00,0.000000000000000000e+00,0.000000000000000000e+00,0.000000000000000000e+00,0.000000000000000000e+00,0.000000000000000000e+00,0.000000000000000000e+00,0.000000000000000000e+00,0.000000000000000000e+00,0.000000000000000000e+00,0.000000000000000000e+00,0.000000000000000000e+00,0.000000000000000000e+00,0.000000000000000000e+00,0.000000000000000000e+00,0.000000000000000000e+00,0.000000000000000000e+00,0.000000000000000000e+00,0.000000000000000000e+00,0.000000000000000000e+00,0.000000000000000000e+00,0.000000000000000000e+00,0.000000000000000000e+00,0.000000000000000000e+00,0.000000000000000000e+00,0.000000000000000000e+00,0.000000000000000000e+00,0.000000000000000000e+00,0.000000000000000000e+00,0.000000000000000000e+00,0.000000000000000000e+00,0.000000000000000000e+00,0.000000000000000000e+00,0.000000000000000000e+00,1.000000000000000000e+00,2.012394812979375613e-01,7.259575467832753148e-02,5.152750785555841595e-02,1.054647243455561073e-01,1.377669599380556276e-01,1.835722731656776185e-01,-4.155239093959203767e-02,1.732625704661442112e-01,8.261659346530535186e-02,2.696616301059597265e-01,-3.127471690607476484e-02,7.030145815453249514e-02,2.366563835146953676e-02,3.239541187919950382e-01,1.770944362580632869e-01,2.424900834662994942e-01,1.235182241100358097e-01,7.658420954626281307e-02,-1.017725199661643903e-01,4.777130890116668832e-02
0.000000000000000000e+00,0.000000000000000000e+00,0.000000000000000000e+00,0.000000000000000000e+00,0.000000000000000000e+00,0.000000000000000000e+00,0.000000000000000000e+00,0.000000000000000000e+00,0.000000000000000000e+00,0.000000000000000000e+00,0.000000000000000000e+00,0.000000000000000000e+00,0.000000000000000000e+00,0.000000000000000000e+00,0.000000000000000000e+00,0.000000000000000000e+00,0.000000000000000000e+00,0.000000000000000000e+00,0.000000000000000000e+00,0.000000000000000000e+00,0.000000000000000000e+00,0.000000000000000000e+00,0.000000000000000000e+00,0.000000000000000000e+00,0.000000000000000000e+00,0.000000000000000000e+00,0.000000000000000000e+00,0.000000000000000000e+00,0.000000000000000000e+00,0.000000000000000000e+00,0.000000000000000000e+00,0.000000000000000000e+00,0.000000000000000000e+00,0.000000000000000000e+00,0.000000000000000000e+00,0.000000000000000000e+00,0.000000000000000000e+00,0.000000000000000000e+00,0.000000000000000000e+00,0.000000000000000000e+00,0.000000000000000000e+00,0.000000000000000000e+00,0.000000000000000000e+00,0.000000000000000000e+00,0.000000000000000000e+00,0.000000000000000000e+00,0.000000000000000000e+00,0.000000000000000000e+00,0.000000000000000000e+00,0.000000000000000000e+00,0.000000000000000000e+00,0.000000000000000000e+00,0.000000000000000000e+00,0.000000000000000000e+00,0.000000000000000000e+00,0.000000000000000000e+00,0.000000000000000000e+00,0.000000000000000000e+00,0.000000000000000000e+00,0.000000000000000000e+00,0.000000000000000000e+00,0.000000000000000000e+00,0.000000000000000000e+00,0.000000000000000000e+00,0.000000000000000000e+00,0.000000000000000000e+00,0.000000000000000000e+00,0.000000000000000000e+00,0.000000000000000000e+00,0.000000000000000000e+00,0.000000000000000000e+00,0.000000000000000000e+00,0.000000000000000000e+00,0.000000000000000000e+00,0.000000000000000000e+00,0.000000000000000000e+00,0.000000000000000000e+00,0.000000000000000000e+00,0.000000000000000000e+00,0.000000000000000000e+00,1.000000000000000000e+00,8.922712023406205450e-02,4.781012512754830301e-01,1.998057867621134687e-01,3.233015894927707135e-01,2.300228111203553860e-01,1.692886869141951856e-01,2.565178190465099498e-02,2.819310950554078654e-01,2.263674061083720268e-01,-3.573440775150104470e-02,-4.277295247519434171e-03,1.381475275155370219e-01,4.310269753879699128e-01,1.194447259497011526e-01,2.451445543416982398e-01,8.064432104698954218e-02,2.122332474720654838e-01,2.173776554755073309e-01,1.453573751013647886e-01
0.000000000000000000e+00,0.000000000000000000e+00,0.000000000000000000e+00,0.000000000000000000e+00,0.000000000000000000e+00,0.000000000000000000e+00,0.000000000000000000e+00,0.000000000000000000e+00,0.000000000000000000e+00,0.000000000000000000e+00,0.000000000000000000e+00,0.000000000000000000e+00,0.000000000000000000e+00,0.000000000000000000e+00,0.000000000000000000e+00,0.000000000000000000e+00,0.000000000000000000e+00,0.000000000000000000e+00,0.000000000000000000e+00,0.000000000000000000e+00,0.000000000000000000e+00,0.000000000000000000e+00,0.000000000000000000e+00,0.000000000000000000e+00,0.000000000000000000e+00,0.000000000000000000e+00,0.000000000000000000e+00,0.000000000000000000e+00,0.000000000000000000e+00,0.000000000000000000e+00,0.000000000000000000e+00,0.000000000000000000e+00,0.000000000000000000e+00,0.000000000000000000e+00,0.000000000000000000e+00,0.000000000000000000e+00,0.000000000000000000e+00,0.000000000000000000e+00,0.000000000000000000e+00,0.000000000000000000e+00,0.000000000000000000e+00,0.000000000000000000e+00,0.000000000000000000e+00,0.000000000000000000e+00,0.000000000000000000e+00,0.000000000000000000e+00,0.000000000000000000e+00,0.000000000000000000e+00,0.000000000000000000e+00,0.000000000000000000e+00,0.000000000000000000e+00,0.000000000000000000e+00,0.000000000000000000e+00,0.000000000000000000e+00,0.000000000000000000e+00,0.000000000000000000e+00,0.000000000000000000e+00,0.000000000000000000e+00,0.000000000000000000e+00,0.000000000000000000e+00,0.000000000000000000e+00,0.000000000000000000e+00,0.000000000000000000e+00,0.000000000000000000e+00,0.000000000000000000e+00,0.000000000000000000e+00,0.000000000000000000e+00,0.000000000000000000e+00,0.000000000000000000e+00,0.000000000000000000e+00,0.000000000000000000e+00,0.000000000000000000e+00,0.000000000000000000e+00,0.000000000000000000e+00,0.000000000000000000e+00,0.000000000000000000e+00,0.000000000000000000e+00,0.000000000000000000e+00,0.000000000000000000e+00,0.000000000000000000e+00,0.000000000000000000e+00,1.000000000000000000e+00,7.341885286064919747e-02,-6.384085497730744574e-02,5.644064462634855450e-02,-8.753530131266637135e-03,4.490376672536492975e-01,1.644546204117871557e-01,-4.210922020683165873e-02,-3.444232711405147661e-03,1.507802298605065150e-01,-5.216482861737330168e-02,3.540862790370458701e-01,-8.691879875393593302e-02,2.891919743475642179e-01,8.682669948172493102e-02,1.302562502495616392e-01,7.328494287981146549e-02,-6.897474705473299363e-03,4.436197484182206885e-02
0.000000000000000000e+00,0.000000000000000000e+00,0.000000000000000000e+00,0.000000000000000000e+00,0.000000000000000000e+00,0.000000000000000000e+00,0.000000000000000000e+00,0.000000000000000000e+00,0.000000000000000000e+00,0.000000000000000000e+00,0.000000000000000000e+00,0.000000000000000000e+00,0.000000000000000000e+00,0.000000000000000000e+00,0.000000000000000000e+00,0.000000000000000000e+00,0.000000000000000000e+00,0.000000000000000000e+00,0.000000000000000000e+00,0.000000000000000000e+00,0.000000000000000000e+00,0.000000000000000000e+00,0.000000000000000000e+00,0.000000000000000000e+00,0.000000000000000000e+00,0.000000000000000000e+00,0.000000000000000000e+00,0.000000000000000000e+00,0.000000000000000000e+00,0.000000000000000000e+00,0.000000000000000000e+00,0.000000000000000000e+00,0.000000000000000000e+00,0.000000000000000000e+00,0.000000000000000000e+00,0.000000000000000000e+00,0.000000000000000000e+00,0.000000000000000000e+00,0.000000000000000000e+00,0.000000000000000000e+00,0.000000000000000000e+00,0.000000000000000000e+00,0.000000000000000000e+00,0.000000000000000000e+00,0.000000000000000000e+00,0.000000000000000000e+00,0.000000000000000000e+00,0.000000000000000000e+00,0.000000000000000000e+00,0.000000000000000000e+00,0.000000000000000000e+00,0.000000000000000000e+00,0.000000000000000000e+00,0.000000000000000000e+00,0.000000000000000000e+00,0.000000000000000000e+00,0.000000000000000000e+00,0.000000000000000000e+00,0.000000000000000000e+00,0.000000000000000000e+00,0.000000000000000000e+00,0.000000000000000000e+00,0.000000000000000000e+00,0.000000000000000000e+00,0.000000000000000000e+00,0.000000000000000000e+00,0.000000000000000000e+00,0.000000000000000000e+00,0.000000000000000000e+00,0.000000000000000000e+00,0.000000000000000000e+00,0.000000000000000000e+00,0.000000000000000000e+00,0.000000000000000000e+00,0.000000000000000000e+00,0.000000000000000000e+00,0.000000000000000000e+00,0.000000000000000000e+00,0.000000000000000000e+00,0.000000000000000000e+00,0.000000000000000000e+00,0.000000000000000000e+00,1.000000000000000000e+00,1.241397169418062968e-01,2.829295408411814927e-01,1.504778140453515711e-01,1.491820530842208059e-01,2.975683102351167619e-02,1.216723443204201227e-01,1.732481502402207496e-01,3.714045382669667675e-03,4.497309569921840305e-02,2.886087280999192206e-01,2.153762360828771483e-01,9.046905558216920828e-02,1.550826140549591003e-01,2.237365965520724254e-01,1.912336393238994181e-01,3.177146051289029272e-01,2.274062578767768461e-01
0.000000000000000000e+00,0.000000000000000000e+00,0.000000000000000000e+00,0.000000000000000000e+00,0.000000000000000000e+00,0.000000000000000000e+00,0.000000000000000000e+00,0.000000000000000000e+00,0.000000000000000000e+00,0.000000000000000000e+00,0.000000000000000000e+00,0.000000000000000000e+00,0.000000000000000000e+00,0.000000000000000000e+00,0.000000000000000000e+00,0.000000000000000000e+00,0.000000000000000000e+00,0.000000000000000000e+00,0.000000000000000000e+00,0.000000000000000000e+00,0.000000000000000000e+00,0.000000000000000000e+00,0.000000000000000000e+00,0.000000000000000000e+00,0.000000000000000000e+00,0.000000000000000000e+00,0.000000000000000000e+00,0.000000000000000000e+00,0.000000000000000000e+00,0.000000000000000000e+00,0.000000000000000000e+00,0.000000000000000000e+00,0.000000000000000000e+00,0.000000000000000000e+00,0.000000000000000000e+00,0.000000000000000000e+00,0.000000000000000000e+00,0.000000000000000000e+00,0.000000000000000000e+00,0.000000000000000000e+00,0.000000000000000000e+00,0.000000000000000000e+00,0.000000000000000000e+00,0.000000000000000000e+00,0.000000000000000000e+00,0.000000000000000000e+00,0.000000000000000000e+00,0.000000000000000000e+00,0.000000000000000000e+00,0.000000000000000000e+00,0.000000000000000000e+00,0.000000000000000000e+00,0.000000000000000000e+00,0.000000000000000000e+00,0.000000000000000000e+00,0.000000000000000000e+00,0.000000000000000000e+00,0.000000000000000000e+00,0.000000000000000000e+00,0.000000000000000000e+00,0.000000000000000000e+00,0.000000000000000000e+00,0.000000000000000000e+00,0.000000000000000000e+00,0.000000000000000000e+00,0.000000000000000000e+00,0.000000000000000000e+00,0.000000000000000000e+00,0.000000000000000000e+00,0.000000000000000000e+00,0.000000000000000000e+00,0.000000000000000000e+00,0.000000000000000000e+00,0.000000000000000000e+00,0.000000000000000000e+00,0.000000000000000000e+00,0.000000000000000000e+00,0.000000000000000000e+00,0.000000000000000000e+00,0.000000000000000000e+00,0.000000000000000000e+00,0.000000000000000000e+00,0.000000000000000000e+00,1.000000000000000000e+00,1.510623222463424453e-01,2.389133407197959469e-01,6.909842769039299670e-02,-6.388476502983833627e-02,2.376083445496794122e-01,1.198121093160160189e-01,-3.983254853233605258e-02,2.131979399230159722e-01,-1.686200519794218977e-01,1.118773513222417471e-01,1.226697836094048782e-01,-1.271311961731361184e-01,2.401413869489576469e-01,1.646229287704635558e-01,1.630903861502695507e-01,1.829208415294386325e-01
0.000000000000000000e+00,0.000000000000000000e+00,0.000000000000000000e+00,0.000000000000000000e+00,0.000000000000000000e+00,0.000000000000000000e+00,0.000000000000000000e+00,0.000000000000000000e+00,0.000000000000000000e+00,0.000000000000000000e+00,0.000000000000000000e+00,0.000000000000000000e+00,0.000000000000000000e+00,0.000000000000000000e+00,0.000000000000000000e+00,0.000000000000000000e+00,0.000000000000000000e+00,0.000000000000000000e+00,0.000000000000000000e+00,0.000000000000000000e+00,0.000000000000000000e+00,0.000000000000000000e+00,0.000000000000000000e+00,0.000000000000000000e+00,0.000000000000000000e+00,0.000000000000000000e+00,0.000000000000000000e+00,0.000000000000000000e+00,0.000000000000000000e+00,0.000000000000000000e+00,0.000000000000000000e+00,0.000000000000000000e+00,0.000000000000000000e+00,0.000000000000000000e+00,0.000000000000000000e+00,0.000000000000000000e+00,0.000000000000000000e+00,0.000000000000000000e+00,0.000000000000000000e+00,0.000000000000000000e+00,0.000000000000000000e+00,0.000000000000000000e+00,0.000000000000000000e+00,0.000000000000000000e+00,0.000000000000000000e+00,0.000000000000000000e+00,0.000000000000000000e+00,0.000000000000000000e+00,0.000000000000000000e+00,0.000000000000000000e+00,0.000000000000000000e+00,0.000000000000000000e+00,0.000000000000000000e+00,0.000000000000000000e+00,0.000000000000000000e+00,0.000000000000000000e+00,0.000000000000000000e+00,0.000000000000000000e+00,0.000000000000000000e+00,0.000000000000000000e+00,0.000000000000000000e+00,0.000000000000000000e+00,0.000000000000000000e+00,0.000000000000000000e+00,0.000000000000000000e+00,0.000000000000000000e+00,0.000000000000000000e+00,0.000000000000000000e+00,0.000000000000000000e+00,0.000000000000000000e+00,0.000000000000000000e+00,0.000000000000000000e+00,0.000000000000000000e+00,0.000000000000000000e+00,0.000000000000000000e+00,0.000000000000000000e+00,0.000000000000000000e+00,0.000000000000000000e+00,0.000000000000000000e+00,0.000000000000000000e+00,0.000000000000000000e+00,0.000000000000000000e+00,0.000000000000000000e+00,0.000000000000000000e+00,1.000000000000000000e+00,6.152940404456945511e-02,-2.881834015970408461e-02,7.467750401301505303e-02,2.279524553139715970e-01,1.627473135118585879e-01,-7.159346556530353511e-02,2.576211673694618898e-01,1.312941170121952328e-01,1.712578923206794501e-01,5.948064230681098657e-02,-3.986777384926498691e-02,3.685629462047695405e-03,1.013293612518660763e-01,1.259929553869862939e-01,7.237630220249473278e-02
0.000000000000000000e+00,0.000000000000000000e+00,0.000000000000000000e+00,0.000000000000000000e+00,0.000000000000000000e+00,0.000000000000000000e+00,0.000000000000000000e+00,0.000000000000000000e+00,0.000000000000000000e+00,0.000000000000000000e+00,0.000000000000000000e+00,0.000000000000000000e+00,0.000000000000000000e+00,0.000000000000000000e+00,0.000000000000000000e+00,0.000000000000000000e+00,0.000000000000000000e+00,0.000000000000000000e+00,0.000000000000000000e+00,0.000000000000000000e+00,0.000000000000000000e+00,0.000000000000000000e+00,0.000000000000000000e+00,0.000000000000000000e+00,0.000000000000000000e+00,0.000000000000000000e+00,0.000000000000000000e+00,0.000000000000000000e+00,0.000000000000000000e+00,0.000000000000000000e+00,0.000000000000000000e+00,0.000000000000000000e+00,0.000000000000000000e+00,0.000000000000000000e+00,0.000000000000000000e+00,0.000000000000000000e+00,0.000000000000000000e+00,0.000000000000000000e+00,0.000000000000000000e+00,0.000000000000000000e+00,0.000000000000000000e+00,0.000000000000000000e+00,0.000000000000000000e+00,0.000000000000000000e+00,0.000000000000000000e+00,0.000000000000000000e+00,0.000000000000000000e+00,0.000000000000000000e+00,0.000000000000000000e+00,0.000000000000000000e+00,0.000000000000000000e+00,0.000000000000000000e+00,0.000000000000000000e+00,0.000000000000000000e+00,0.000000000000000000e+00,0.000000000000000000e+00,0.000000000000000000e+00,0.000000000000000000e+00,0.000000000000000000e+00,0.000000000000000000e+00,0.000000000000000000e+00,0.000000000000000000e+00,0.000000000000000000e+00,0.000000000000000000e+00,0.000000000000000000e+00,0.000000000000000000e+00,0.000000000000000000e+00,0.000000000000000000e+00,0.000000000000000000e+00,0.000000000000000000e+00,0.000000000000000000e+00,0.000000000000000000e+00,0.000000000000000000e+00,0.000000000000000000e+00,0.000000000000000000e+00,0.000000000000000000e+00,0.000000000000000000e+00,0.000000000000000000e+00,0.000000000000000000e+00,0.000000000000000000e+00,0.000000000000000000e+00,0.000000000000000000e+00,0.000000000000000000e+00,0.000000000000000000e+00,0.000000000000000000e+00,1.000000000000000000e+00,1.869445148060788209e-01,-7.525030065132790047e-02,9.198091838147534616e-02,1.008877639859277198e-01,1.509047097360283196e-01,1.463973700785891341e-01,1.319131464208499194e-01,-4.726215298684691146e-02,1.950165762346148246e-01,3.915053319993068437e-02,2.235259661536006248e-01,1.281912049386278729e-01,-1.493277057011298953e-02,7.531582213712451068e-02
0.000000000000000000e+00,0.000000000000000000e+00,0.000000000000000000e+00,0.000000000000000000e+00,0.000000000000000000e+00,0.000000000000000000e+00,0.000000000000000000e+00,0.000000000000000000e+00,0.000000000000000000e+00,0.000000000000000000e+00,0.000000000000000000e+00,0.000000000000000000e+00,0.000000000000000000e+00,0.000000000000000000e+00,0.000000000000000000e+00,0.000000000000000000e+00,0.000000000000000000e+00,0.000000000000000000e+00,0.000000000000000000e+00,0.000000000000000000e+00,0.000000000000000000e+00,0.000000000000000000e+00,0.000000000000000000e+00,0.000000000000000000e+00,0.000000000000000000e+00,0.000000000000000000e+00,0.000000000000000000e+00,0.000000000000000000e+00,0.000000000000000000e+00,0.000000000000000000e+00,0.000000000000000000e+00,0.000000000000000000e+00,0.000000000000000000e+00,0.000000000000000000e+00,0.000000000000000000e+00,0.000000000000000000e+00,0.000000000000000000e+00,0.000000000000000000e+00,0.000000000000000000e+00,0.000000000000000000e+00,0.000000000000000000e+00,0.000000000000000000e+00,0.000000000000000000e+00,0.000000000000000000e+00,0.000000000000000000e+00,0.000000000000000000e+00,0.000000000000000000e+00,0.000000000000000000e+00,0.000000000000000000e+00,0.000000000000000000e+00,0.000000000000000000e+00,0.000000000000000000e+00,0.000000000000000000e+00,0.000000000000000000e+00,0.000000000000000000e+00,0.000000000000000000e+00,0.000000000000000000e+00,0.000000000000000000e+00,0.000000000000000000e+00,0.000000000000000000e+00,0.000000000000000000e+00,0.000000000000000000e+00,0.000000000000000000e+00,0.000000000000000000e+00,0.000000000000000000e+00,0.000000000000000000e+00,0.000000000000000000e+00,0.000000000000000000e+00,0.000000000000000000e+00,0.000000000000000000e+00,0.000000000000000000e+00,0.000000000000000000e+00,0.000000000000000000e+00,0.000000000000000000e+00,0.000000000000000000e+00,0.000000000000000000e+00,0.000000000000000000e+00,0.000000000000000000e+00,0.000000000000000000e+00,0.000000000000000000e+00,0.000000000000000000e+00,0.000000000000000000e+00,0.000000000000000000e+00,0.000000000000000000e+00,0.000000000000000000e+00,0.000000000000000000e+00,1.000000000000000000e+00,2.246067891807531358e-01,8.504889686702490903e-02,2.795966362764409907e-01,3.629647726655673701e-01,-2.722964743025021311e-02,2.244560167906464454e-01,-4.594145111257709468e-02,6.761880835369639409e-02,1.572707531348761512e-01,2.737156754340093756e-01,2.512873584066587229e-01,4.081844720219915401e-02,1.790111663392220387e-01
0.000000000000000000e+00,0.000000000000000000e+00,0.000000000000000000e+00,0.000000000000000000e+00,0.000000000000000000e+00,0.000000000000000000e+00,0.000000000000000000e+00,0.000000000000000000e+00,0.000000000000000000e+00,0.000000000000000000e+00,0.000000000000000000e+00,0.000000000000000000e+00,0.000000000000000000e+00,0.000000000000000000e+00,0.000000000000000000e+00,0.000000000000000000e+00,0.000000000000000000e+00,0.000000000000000000e+00,0.000000000000000000e+00,0.000000000000000000e+00,0.000000000000000000e+00,0.000000000000000000e+00,0.000000000000000000e+00,0.000000000000000000e+00,0.000000000000000000e+00,0.000000000000000000e+00,0.000000000000000000e+00,0.000000000000000000e+00,0.000000000000000000e+00,0.000000000000000000e+00,0.000000000000000000e+00,0.000000000000000000e+00,0.000000000000000000e+00,0.000000000000000000e+00,0.000000000000000000e+00,0.000000000000000000e+00,0.000000000000000000e+00,0.000000000000000000e+00,0.000000000000000000e+00,0.000000000000000000e+00,0.000000000000000000e+00,0.000000000000000000e+00,0.000000000000000000e+00,0.000000000000000000e+00,0.000000000000000000e+00,0.000000000000000000e+00,0.000000000000000000e+00,0.000000000000000000e+00,0.000000000000000000e+00,0.000000000000000000e+00,0.000000000000000000e+00,0.000000000000000000e+00,0.000000000000000000e+00,0.000000000000000000e+00,0.000000000000000000e+00,0.000000000000000000e+00,0.000000000000000000e+00,0.000000000000000000e+00,0.000000000000000000e+00,0.000000000000000000e+00,0.000000000000000000e+00,0.000000000000000000e+00,0.000000000000000000e+00,0.000000000000000000e+00,0.000000000000000000e+00,0.000000000000000000e+00,0.000000000000000000e+00,0.000000000000000000e+00,0.000000000000000000e+00,0.000000000000000000e+00,0.000000000000000000e+00,0.000000000000000000e+00,0.000000000000000000e+00,0.000000000000000000e+00,0.000000000000000000e+00,0.000000000000000000e+00,0.000000000000000000e+00,0.000000000000000000e+00,0.000000000000000000e+00,0.000000000000000000e+00,0.000000000000000000e+00,0.000000000000000000e+00,0.000000000000000000e+00,0.000000000000000000e+00,0.000000000000000000e+00,0.000000000000000000e+00,0.000000000000000000e+00,1.000000000000000000e+00,1.492447810617116843e-01,1.538930274386714481e-01,6.883892406476321835e-02,-4.065035939181502883e-02,1.616843765037089542e-01,9.884023442108794133e-02,-2.161814357788596208e-01,3.527300696735113927e-01,-1.674858848342480888e-02,2.315126927403906298e-01,3.110537054699923868e-03,-1.257549957976391852e-01
0.000000000000000000e+00,0.000000000000000000e+00,0.000000000000000000e+00,0.000000000000000000e+00,0.000000000000000000e+00,0.000000000000000000e+00,0.000000000000000000e+00,0.000000000000000000e+00,0.000000000000000000e+00,0.000000000000000000e+00,0.000000000000000000e+00,0.000000000000000000e+00,0.000000000000000000e+00,0.000000000000000000e+00,0.000000000000000000e+00,0.000000000000000000e+00,0.000000000000000000e+00,0.000000000000000000e+00,0.000000000000000000e+00,0.000000000000000000e+00,0.000000000000000000e+00,0.000000000000000000e+00,0.000000000000000000e+00,0.000000000000000000e+00,0.000000000000000000e+00,0.000000000000000000e+00,0.000000000000000000e+00,0.000000000000000000e+00,0.000000000000000000e+00,0.000000000000000000e+00,0.000000000000000000e+00,0.000000000000000000e+00,0.000000000000000000e+00,0.000000000000000000e+00,0.000000000000000000e+00,0.000000000000000000e+00,0.000000000000000000e+00,0.000000000000000000e+00,0.000000000000000000e+00,0.000000000000000000e+00,0.000000000000000000e+00,0.000000000000000000e+00,0.000000000000000000e+00,0.000000000000000000e+00,0.000000000000000000e+00,0.000000000000000000e+00,0.000000000000000000e+00,0.000000000000000000e+00,0.000000000000000000e+00,0.000000000000000000e+00,0.000000000000000000e+00,0.000000000000000000e+00,0.000000000000000000e+00,0.000000000000000000e+00,0.000000000000000000e+00,0.000000000000000000e+00,0.000000000000000000e+00,0.000000000000000000e+00,0.000000000000000000e+00,0.000000000000000000e+00,0.000000000000000000e+00,0.000000000000000000e+00,0.000000000000000000e+00,0.000000000000000000e+00,0.000000000000000000e+00,0.000000000000000000e+00,0.000000000000000000e+00,0.000000000000000000e+00,0.000000000000000000e+00,0.000000000000000000e+00,0.000000000000000000e+00,0.000000000000000000e+00,0.000000000000000000e+00,0.000000000000000000e+00,0.000000000000000000e+00,0.000000000000000000e+00,0.000000000000000000e+00,0.000000000000000000e+00,0.000000000000000000e+00,0.000000000000000000e+00,0.000000000000000000e+00,0.000000000000000000e+00,0.000000000000000000e+00,0.000000000000000000e+00,0.000000000000000000e+00,0.000000000000000000e+00,0.000000000000000000e+00,0.000000000000000000e+00,1.000000000000000000e+00,2.356212412298675507e-01,2.418725263968263262e-02,2.045468044413661923e-01,6.558009358648279885e-02,5.732995907317966350e-02,-1.041561442094394718e-01,1.959454349461389189e-01,2.118456717695258174e-01,2.745184351846646775e-01,5.818294763178476214e-02,5.535628818176631383e-03
0.000000000000000000e+00,0.000000000000000000e+00,0.000000000000000000e+00,0.000000000000000000e+00,0.000000000000000000e+00,0.000000000000000000e+00,0.000000000000000000e+00,0.000000000000000000e+00,0.000000000000000000e+00,0.000000000000000000e+00,0.000000000000000000e+00,0.000000000000000000e+00,0.000000000000000000e+00,0.000000000000000000e+00,0.000000000000000000e+00,0.000000000000000000e+00,0.000000000000000000e+00,0.000000000000000000e+00,0.000000000000000000e+00,0.000000000000000000e+00,0.000000000000000000e+00,0.000000000000000000e+00,0.000000000000000000e+00,0.000000000000000000e+00,0.000000000000000000e+00,0.000000000000000000e+00,0.000000000000000000e+00,0.000000000000000000e+00,0.000000000000000000e+00,0.000000000000000000e+00,0.000000000000000000e+00,0.000000000000000000e+00,0.000000000000000000e+00,0.000000000000000000e+00,0.000000000000000000e+00,0.000000000000000000e+00,0.000000000000000000e+00,0.000000000000000000e+00,0.000000000000000000e+00,0.000000000000000000e+00,0.000000000000000000e+00,0.000000000000000000e+00,0.000000000000000000e+00,0.000000000000000000e+00,0.000000000000000000e+00,0.000000000000000000e+00,0.000000000000000000e+00,0.000000000000000000e+00,0.000000000000000000e+00,0.000000000000000000e+00,0.000000000000000000e+00,0.000000000000000000e+00,0.000000000000000000e+00,0.000000000000000000e+00,0.000000000000000000e+00,0.000000000000000000e+00,0.000000000000000000e+00,0.000000000000000000e+00,0.000000000000000000e+00,0.000000000000000000e+00,0.000000000000000000e+00,0.000000000000000000e+00,0.000000000000000000e+00,0.000000000000000000e+00,0.000000000000000000e+00,0.000000000000000000e+00,0.000000000000000000e+00,0.000000000000000000e+00,0.000000000000000000e+00,0.000000000000000000e+00,0.000000000000000000e+00,0.000000000000000000e+00,0.000000000000000000e+00,0.000000000000000000e+00,0.000000000000000000e+00,0.000000000000000000e+00,0.000000000000000000e+00,0.000000000000000000e+00,0.000000000000000000e+00,0.000000000000000000e+00,0.000000000000000000e+00,0.000000000000000000e+00,0.000000000000000000e+00,0.000000000000000000e+00,0.000000000000000000e+00,0.000000000000000000e+00,0.000000000000000000e+00,0.000000000000000000e+00,0.000000000000000000e+00,1.000000000000000000e+00,6.688313702430055685e-02,-1.255248626509820019e-02,2.432550752824017698e-02,8.534656772420061432e-02,1.081335883896962780e-01,1.392166773839066951e-01,1.649193636928306672e-01,3.695157983865031692e-01,-6.103920690127230542e-02,5.975659881999077078e-02
0.000000000000000000e+00,0.000000000000000000e+00,0.000000000000000000e+00,0.000000000000000000e+00,0.000000000000000000e+00,0.000000000000000000e+00,0.000000000000000000e+00,0.000000000000000000e+00,0.000000000000000000e+00,0.000000000000000000e+00,0.000000000000000000e+00,0.000000000000000000e+00,0.000000000000000000e+00,0.000000000000000000e+00,0.000000000000000000e+00,0.000000000000000000e+00,0.000000000000000000e+00,0.000000000000000000e+00,0.000000000000000000e+00,0.000000000000000000e+00,0.000000000000000000e+00,0.000000000000000000e+00,0.000000000000000000e+00,0.000000000000000000e+00,0.000000000000000000e+00,0.000000000000000000e+00,0.000000000000000000e+00,0.000000000000000000e+00,0.000000000000000000e+00,0.000000000000000000e+00,0.000000000000000000e+00,0.000000000000000000e+00,0.000000000000000000e+00,0.000000000000000000e+00,0.000000000000000000e+00,0.000000000000000000e+00,0.000000000000000000e+00,0.000000000000000000e+00,0.000000000000000000e+00,0.000000000000000000e+00,0.000000000000000000e+00,0.000000000000000000e+00,0.000000000000000000e+00,0.000000000000000000e+00,0.000000000000000000e+00,0.000000000000000000e+00,0.000000000000000000e+00,0.000000000000000000e+00,0.000000000000000000e+00,0.000000000000000000e+00,0.000000000000000000e+00,0.000000000000000000e+00,0.000000000000000000e+00,0.000000000000000000e+00,0.000000000000000000e+00,0.000000000000000000e+00,0.000000000000000000e+00,0.000000000000000000e+00,0.000000000000000000e+00,0.000000000000000000e+00,0.000000000000000000e+00,0.000000000000000000e+00,0.000000000000000000e+00,0.000000000000000000e+00,0.000000000000000000e+00,0.000000000000000000e+00,0.000000000000000000e+00,0.000000000000000000e+00,0.000000000000000000e+00,0.000000000000000000e+00,0.000000000000000000e+00,0.000000000000000000e+00,0.000000000000000000e+00,0.000000000000000000e+00,0.000000000000000000e+00,0.000000000000000000e+00,0.000000000000000000e+00,0.000000000000000000e+00,0.000000000000000000e+00,0.000000000000000000e+00,0.000000000000000000e+00,0.000000000000000000e+00,0.000000000000000000e+00,0.000000000000000000e+00,0.000000000000000000e+00,0.000000000000000000e+00,0.000000000000000000e+00,0.000000000000000000e+00,0.000000000000000000e+00,0.000000000000000000e+00,1.000000000000000000e+00,1.285182836433325891e-02,3.831779234462767136e-01,-8.962815364657777950e-02,1.745766201158138187e-01,9.826223140184536797e-02,3.231583346989271299e-01,1.026058619871780264e-01,3.054065914324347042e-02,4.041627170983086437e-01
0.000000000000000000e+00,0.000000000000000000e+00,0.000000000000000000e+00,0.000000000000000000e+00,0.000000000000000000e+00,0.000000000000000000e+00,0.000000000000000000e+00,0.000000000000000000e+00,0.000000000000000000e+00,0.000000000000000000e+00,0.000000000000000000e+00,0.000000000000000000e+00,0.000000000000000000e+00,0.000000000000000000e+00,0.000000000000000000e+00,0.000000000000000000e+00,0.000000000000000000e+00,0.000000000000000000e+00,0.000000000000000000e+00,0.000000000000000000e+00,0.000000000000000000e+00,0.000000000000000000e+00,0.000000000000000000e+00,0.000000000000000000e+00,0.000000000000000000e+00,0.000000000000000000e+00,0.000000000000000000e+00,0.000000000000000000e+00,0.000000000000000000e+00,0.000000000000000000e+00,0.000000000000000000e+00,0.000000000000000000e+00,0.000000000000000000e+00,0.000000000000000000e+00,0.000000000000000000e+00,0.000000000000000000e+00,0.000000000000000000e+00,0.000000000000000000e+00,0.000000000000000000e+00,0.000000000000000000e+00,0.000000000000000000e+00,0.000000000000000000e+00,0.000000000000000000e+00,0.000000000000000000e+00,0.000000000000000000e+00,0.000000000000000000e+00,0.000000000000000000e+00,0.000000000000000000e+00,0.000000000000000000e+00,0.000000000000000000e+00,0.000000000000000000e+00,0.000000000000000000e+00,0.000000000000000000e+00,0.000000000000000000e+00,0.000000000000000000e+00,0.000000000000000000e+00,0.000000000000000000e+00,0.000000000000000000e+00,0.000000000000000000e+00,0.000000000000000000e+00,0.000000000000000000e+00,0.000000000000000000e+00,0.000000000000000000e+00,0.000000000000000000e+00,0.000000000000000000e+00,0.000000000000000000e+00,0.000000000000000000e+00,0.000000000000000000e+00,0.000000000000000000e+00,0.000000000000000000e+00,0.000000000000000000e+00,0.000000000000000000e+00,0.000000000000000000e+00,0.000000000000000000e+00,0.000000000000000000e+00,0.000000000000000000e+00,0.000000000000000000e+00,0.000000000000000000e+00,0.000000000000000000e+00,0.000000000000000000e+00,0.000000000000000000e+00,0.000000000000000000e+00,0.000000000000000000e+00,0.000000000000000000e+00,0.000000000000000000e+00,0.000000000000000000e+00,0.000000000000000000e+00,0.000000000000000000e+00,0.000000000000000000e+00,0.000000000000000000e+00,0.000000000000000000e+00,1.000000000000000000e+00,7.222691296385645721e-02,1.579491167866313162e-01,1.036095849622399728e-01,-1.118231046385479016e-01,7.755108095395417400e-02,-1.662989377444619443e-01,6.443951051596366608e-02,2.242102978312296435e-01
0.000000000000000000e+00,0.000000000000000000e+00,0.000000000000000000e+00,0.000000000000000000e+00,0.000000000000000000e+00,0.000000000000000000e+00,0.000000000000000000e+00,0.000000000000000000e+00,0.000000000000000000e+00,0.000000000000000000e+00,0.000000000000000000e+00,0.000000000000000000e+00,0.000000000000000000e+00,0.000000000000000000e+00,0.000000000000000000e+00,0.000000000000000000e+00,0.000000000000000000e+00,0.000000000000000000e+00,0.000000000000000000e+00,0.000000000000000000e+00,0.000000000000000000e+00,0.000000000000000000e+00,0.000000000000000000e+00,0.000000000000000000e+00,0.000000000000000000e+00,0.000000000000000000e+00,0.000000000000000000e+00,0.000000000000000000e+00,0.000000000000000000e+00,0.000000000000000000e+00,0.000000000000000000e+00,0.000000000000000000e+00,0.000000000000000000e+00,0.000000000000000000e+00,0.000000000000000000e+00,0.000000000000000000e+00,0.000000000000000000e+00,0.000000000000000000e+00,0.000000000000000000e+00,0.000000000000000000e+00,0.000000000000000000e+00,0.000000000000000000e+00,0.000000000000000000e+00,0.000000000000000000e+00,0.000000000000000000e+00,0.000000000000000000e+00,0.000000000000000000e+00,0.000000000000000000e+00,0.000000000000000000e+00,0.000000000000000000e+00,0.000000000000000000e+00,0.000000000000000000e+00,0.000000000000000000e+00,0.000000000000000000e+00,0.000000000000000000e+00,0.000000000000000000e+00,0.000000000000000000e+00,0.000000000000000000e+00,0.000000000000000000e+00,0.000000000000000000e+00,0.000000000000000000e+00,0.000000000000000000e+00,0.000000000000000000e+00,0.000000000000000000e+00,0.000000000000000000e+00,0.000000000000000000e+00,0.000000000000000000e+00,0.000000000000000000e+00,0.000000000000000000e+00,0.000000000000000000e+00,0.000000000000000000e+00,0.000000000000000000e+00,0.000000000000000000e+00,0.000000000000000000e+00,0.000000000000000000e+00,0.000000000000000000e+00,0.000000000000000000e+00,0.000000000000000000e+00,0.000000000000000000e+00,0.000000000000000000e+00,0.000000000000000000e+00,0.000000000000000000e+00,0.000000000000000000e+00,0.000000000000000000e+00,0.000000000000000000e+00,0.000000000000000000e+00,0.000000000000000000e+00,0.000000000000000000e+00,0.000000000000000000e+00,0.000000000000000000e+00,0.000000000000000000e+00,0.000000000000000000e+00,1.000000000000000000e+00,-5.474529788779591150e-02,9.600070975535847373e-02,1.020522901473270710e-01,1.108275667337996068e-01,8.365968242568153079e-02,1.069323577811760878e-01,-1.464324114143231463e-03
0.000000000000000000e+00,0.000000000000000000e+00,0.000000000000000000e+00,0.000000000000000000e+00,0.000000000000000000e+00,0.000000000000000000e+00,0.000000000000000000e+00,0.000000000000000000e+00,0.000000000000000000e+00,0.000000000000000000e+00,0.000000000000000000e+00,0.000000000000000000e+00,0.000000000000000000e+00,0.000000000000000000e+00,0.000000000000000000e+00,0.000000000000000000e+00,0.000000000000000000e+00,0.000000000000000000e+00,0.000000000000000000e+00,0.000000000000000000e+00,0.000000000000000000e+00,0.000000000000000000e+00,0.000000000000000000e+00,0.000000000000000000e+00,0.000000000000000000e+00,0.000000000000000000e+00,0.000000000000000000e+00,0.000000000000000000e+00,0.000000000000000000e+00,0.000000000000000000e+00,0.000000000000000000e+00,0.000000000000000000e+00,0.000000000000000000e+00,0.000000000000000000e+00,0.000000000000000000e+00,0.000000000000000000e+00,0.000000000000000000e+00,0.000000000000000000e+00,0.000000000000000000e+00,0.000000000000000000e+00,0.000000000000000000e+00,0.000000000000000000e+00,0.000000000000000000e+00,0.000000000000000000e+00,0.000000000000000000e+00,0.000000000000000000e+00,0.000000000000000000e+00,0.000000000000000000e+00,0.000000000000000000e+00,0.000000000000000000e+00,0.000000000000000000e+00,0.000000000000000000e+00,0.000000000000000000e+00,0.000000000000000000e+00,0.000000000000000000e+00,0.000000000000000000e+00,0.000000000000000000e+00,0.000000000000000000e+00,0.000000000000000000e+00,0.000000000000000000e+00,0.000000000000000000e+00,0.000000000000000000e+00,0.000000000000000000e+00,0.000000000000000000e+00,0.000000000000000000e+00,0.000000000000000000e+00,0.000000000000000000e+00,0.000000000000000000e+00,0.000000000000000000e+00,0.000000000000000000e+00,0.000000000000000000e+00,0.000000000000000000e+00,0.000000000000000000e+00,0.000000000000000000e+00,0.000000000000000000e+00,0.000000000000000000e+00,0.000000000000000000e+00,0.000000000000000000e+00,0.000000000000000000e+00,0.000000000000000000e+00,0.000000000000000000e+00,0.000000000000000000e+00,0.000000000000000000e+00,0.000000000000000000e+00,0.000000000000000000e+00,0.000000000000000000e+00,0.000000000000000000e+00,0.000000000000000000e+00,0.000000000000000000e+00,0.000000000000000000e+00,0.000000000000000000e+00,0.000000000000000000e+00,0.000000000000000000e+00,1.000000000000000000e+00,-1.845312842324784916e-02,2.120566470692157313e-01,-8.271780400120405663e-02,-8.877910116331237667e-02,1.564870984023133405e-01,2.134045113907310776e-01
0.000000000000000000e+00,0.000000000000000000e+00,0.000000000000000000e+00,0.000000000000000000e+00,0.000000000000000000e+00,0.000000000000000000e+00,0.000000000000000000e+00,0.000000000000000000e+00,0.000000000000000000e+00,0.000000000000000000e+00,0.000000000000000000e+00,0.000000000000000000e+00,0.000000000000000000e+00,0.000000000000000000e+00,0.000000000000000000e+00,0.000000000000000000e+00,0.000000000000000000e+00,0.000000000000000000e+00,0.000000000000000000e+00,0.000000000000000000e+00,0.000000000000000000e+00,0.000000000000000000e+00,0.000000000000000000e+00,0.000000000000000000e+00,0.000000000000000000e+00,0.000000000000000000e+00,0.000000000000000000e+00,0.000000000000000000e+00,0.000000000000000000e+00,0.000000000000000000e+00,0.000000000000000000e+00,0.000000000000000000e+00,0.000000000000000000e+00,0.000000000000000000e+00,0.000000000000000000e+00,0.000000000000000000e+00,0.000000000000000000e+00,0.000000000000000000e+00,0.000000000000000000e+00,0.000000000000000000e+00,0.000000000000000000e+00,0.000000000000000000e+00,0.000000000000000000e+00,0.000000000000000000e+00,0.000000000000000000e+00,0.000000000000000000e+00,0.000000000000000000e+00,0.000000000000000000e+00,0.000000000000000000e+00,0.000000000000000000e+00,0.000000000000000000e+00,0.000000000000000000e+00,0.000000000000000000e+00,0.000000000000000000e+00,0.000000000000000000e+00,0.000000000000000000e+00,0.000000000000000000e+00,0.000000000000000000e+00,0.000000000000000000e+00,0.000000000000000000e+00,0.000000000000000000e+00,0.000000000000000000e+00,0.000000000000000000e+00,0.000000000000000000e+00,0.000000000000000000e+00,0.000000000000000000e+00,0.000000000000000000e+00,0.000000000000000000e+00,0.000000000000000000e+00,0.000000000000000000e+00,0.000000000000000000e+00,0.000000000000000000e+00,0.000000000000000000e+00,0.000000000000000000e+00,0.000000000000000000e+00,0.000000000000000000e+00,0.000000000000000000e+00,0.000000000000000000e+00,0.000000000000000000e+00,0.000000000000000000e+00,0.000000000000000000e+00,0.000000000000000000e+00,0.000000000000000000e+00,0.000000000000000000e+00,0.000000000000000000e+00,0.000000000000000000e+00,0.000000000000000000e+00,0.000000000000000000e+00,0.000000000000000000e+00,0.000000000000000000e+00,0.000000000000000000e+00,0.000000000000000000e+00,0.000000000000000000e+00,0.000000000000000000e+00,1.000000000000000000e+00,-2.385541499467752624e-01,2.472319962145027861e-01,-4.118868104862301489e-03,5.642815564370120412e-02,2.627485612984207797e-01
0.000000000000000000e+00,0.000000000000000000e+00,0.000000000000000000e+00,0.000000000000000000e+00,0.000000000000000000e+00,0.000000000000000000e+00,0.000000000000000000e+00,0.000000000000000000e+00,0.000000000000000000e+00,0.000000000000000000e+00,0.000000000000000000e+00,0.000000000000000000e+00,0.000000000000000000e+00,0.000000000000000000e+00,0.000000000000000000e+00,0.000000000000000000e+00,0.000000000000000000e+00,0.000000000000000000e+00,0.000000000000000000e+00,0.000000000000000000e+00,0.000000000000000000e+00,0.000000000000000000e+00,0.000000000000000000e+00,0.000000000000000000e+00,0.000000000000000000e+00,0.000000000000000000e+00,0.000000000000000000e+00,0.000000000000000000e+00,0.000000000000000000e+00,0.000000000000000000e+00,0.000000000000000000e+00,0.000000000000000000e+00,0.000000000000000000e+00,0.000000000000000000e+00,0.000000000000000000e+00,0.000000000000000000e+00,0.000000000000000000e+00,0.000000000000000000e+00,0.000000000000000000e+00,0.000000000000000000e+00,0.000000000000000000e+00,0.000000000000000000e+00,0.000000000000000000e+00,0.000000000000000000e+00,0.000000000000000000e+00,0.000000000000000000e+00,0.000000000000000000e+00,0.000000000000000000e+00,0.000000000000000000e+00,0.000000000000000000e+00,0.000000000000000000e+00,0.000000000000000000e+00,0.000000000000000000e+00,0.000000000000000000e+00,0.000000000000000000e+00,0.000000000000000000e+00,0.000000000000000000e+00,0.000000000000000000e+00,0.000000000000000000e+00,0.000000000000000000e+00,0.000000000000000000e+00,0.000000000000000000e+00,0.000000000000000000e+00,0.000000000000000000e+00,0.000000000000000000e+00,0.000000000000000000e+00,0.000000000000000000e+00,0.000000000000000000e+00,0.000000000000000000e+00,0.000000000000000000e+00,0.000000000000000000e+00,0.000000000000000000e+00,0.000000000000000000e+00,0.000000000000000000e+00,0.000000000000000000e+00,0.000000000000000000e+00,0.000000000000000000e+00,0.000000000000000000e+00,0.000000000000000000e+00,0.000000000000000000e+00,0.000000000000000000e+00,0.000000000000000000e+00,0.000000000000000000e+00,0.000000000000000000e+00,0.000000000000000000e+00,0.000000000000000000e+00,0.000000000000000000e+00,0.000000000000000000e+00,0.000000000000000000e+00,0.000000000000000000e+00,0.000000000000000000e+00,0.000000000000000000e+00,0.000000000000000000e+00,0.000000000000000000e+00,0.000000000000000000e+00,1.000000000000000000e+00,1.475780496642896747e-02,8.947689235221807647e-02,2.912819445776866634e-02,-1.311496695872354512e-01
0.000000000000000000e+00,0.000000000000000000e+00,0.000000000000000000e+00,0.000000000000000000e+00,0.000000000000000000e+00,0.000000000000000000e+00,0.000000000000000000e+00,0.000000000000000000e+00,0.000000000000000000e+00,0.000000000000000000e+00,0.000000000000000000e+00,0.000000000000000000e+00,0.000000000000000000e+00,0.000000000000000000e+00,0.000000000000000000e+00,0.000000000000000000e+00,0.000000000000000000e+00,0.000000000000000000e+00,0.000000000000000000e+00,0.000000000000000000e+00,0.000000000000000000e+00,0.000000000000000000e+00,0.000000000000000000e+00,0.000000000000000000e+00,0.000000000000000000e+00,0.000000000000000000e+00,0.000000000000000000e+00,0.000000000000000000e+00,0.000000000000000000e+00,0.000000000000000000e+00,0.000000000000000000e+00,0.000000000000000000e+00,0.000000000000000000e+00,0.000000000000000000e+00,0.000000000000000000e+00,0.000000000000000000e+00,0.000000000000000000e+00,0.000000000000000000e+00,0.000000000000000000e+00,0.000000000000000000e+00,0.000000000000000000e+00,0.000000000000000000e+00,0.000000000000000000e+00,0.000000000000000000e+00,0.000000000000000000e+00,0.000000000000000000e+00,0.000000000000000000e+00,0.000000000000000000e+00,0.000000000000000000e+00,0.000000000000000000e+00,0.000000000000000000e+00,0.000000000000000000e+00,0.000000000000000000e+00,0.000000000000000000e+00,0.000000000000000000e+00,0.000000000000000000e+00,0.000000000000000000e+00,0.000000000000000000e+00,0.000000000000000000e+00,0.000000000000000000e+00,0.000000000000000000e+00,0.000000000000000000e+00,0.000000000000000000e+00,0.000000000000000000e+00,0.000000000000000000e+00,0.000000000000000000e+00,0.000000000000000000e+00,0.000000000000000000e+00,0.000000000000000000e+00,0.000000000000000000e+00,0.000000000000000000e+00,0.000000000000000000e+00,0.000000000000000000e+00,0.000000000000000000e+00,0.000000000000000000e+00,0.000000000000000000e+00,0.000000000000000000e+00,0.000000000000000000e+00,0.000000000000000000e+00,0.000000000000000000e+00,0.000000000000000000e+00,0.000000000000000000e+00,0.000000000000000000e+00,0.000000000000000000e+00,0.000000000000000000e+00,0.000000000000000000e+00,0.000000000000000000e+00,0.000000000000000000e+00,0.000000000000000000e+00,0.000000000000000000e+00,0.000000000000000000e+00,0.000000000000000000e+00,0.000000000000000000e+00,0.000000000000000000e+00,0.000000000000000000e+00,0.000000000000000000e+00,1.000000000000000000e+00,2.264164994823486543e-01,4.321949199661513641e-02,2.088480989146588307e-01
0.000000000000000000e+00,0.000000000000000000e+00,0.000000000000000000e+00,0.000000000000000000e+00,0.000000000000000000e+00,0.000000000000000000e+00,0.000000000000000000e+00,0.000000000000000000e+00,0.000000000000000000e+00,0.000000000000000000e+00,0.000000000000000000e+00,0.000000000000000000e+00,0.000000000000000000e+00,0.000000000000000000e+00,0.000000000000000000e+00,0.000000000000000000e+00,0.000000000000000000e+00,0.000000000000000000e+00,0.000000000000000000e+00,0.000000000000000000e+00,0.000000000000000000e+00,0.000000000000000000e+00,0.000000000000000000e+00,0.000000000000000000e+00,0.000000000000000000e+00,0.000000000000000000e+00,0.000000000000000000e+00,0.000000000000000000e+00,0.000000000000000000e+00,0.000000000000000000e+00,0.000000000000000000e+00,0.000000000000000000e+00,0.000000000000000000e+00,0.000000000000000000e+00,0.000000000000000000e+00,0.000000000000000000e+00,0.000000000000000000e+00,0.000000000000000000e+00,0.000000000000000000e+00,0.000000000000000000e+00,0.000000000000000000e+00,0.000000000000000000e+00,0.000000000000000000e+00,0.000000000000000000e+00,0.000000000000000000e+00,0.000000000000000000e+00,0.000000000000000000e+00,0.000000000000000000e+00,0.000000000000000000e+00,0.000000000000000000e+00,0.000000000000000000e+00,0.000000000000000000e+00,0.000000000000000000e+00,0.000000000000000000e+00,0.000000000000000000e+00,0.000000000000000000e+00,0.000000000000000000e+00,0.000000000000000000e+00,0.000000000000000000e+00,0.000000000000000000e+00,0.000000000000000000e+00,0.000000000000000000e+00,0.000000000000000000e+00,0.000000000000000000e+00,0.000000000000000000e+00,0.000000000000000000e+00,0.000000000000000000e+00,0.000000000000000000e+00,0.000000000000000000e+00,0.000000000000000000e+00,0.000000000000000000e+00,0.000000000000000000e+00,0.000000000000000000e+00,0.000000000000000000e+00,0.000000000000000000e+00,0.000000000000000000e+00,0.000000000000000000e+00,0.000000000000000000e+00,0.000000000000000000e+00,0.000000000000000000e+00,0.000000000000000000e+00,0.000000000000000000e+00,0.000000000000000000e+00,0.000000000000000000e+00,0.000000000000000000e+00,0.000000000000000000e+00,0.000000000000000000e+00,0.000000000000000000e+00,0.000000000000000000e+00,0.000000000000000000e+00,0.000000000000000000e+00,0.000000000000000000e+00,0.000000000000000000e+00,0.000000000000000000e+00,0.000000000000000000e+00,0.000000000000000000e+00,0.000000000000000000e+00,1.000000000000000000e+00,-2.861354576365221503e-02,-8.653649421758867477e-02
0.000000000000000000e+00,0.000000000000000000e+00,0.000000000000000000e+00,0.000000000000000000e+00,0.000000000000000000e+00,0.000000000000000000e+00,0.000000000000000000e+00,0.000000000000000000e+00,0.000000000000000000e+00,0.000000000000000000e+00,0.000000000000000000e+00,0.000000000000000000e+00,0.000000000000000000e+00,0.000000000000000000e+00,0.000000000000000000e+00,0.000000000000000000e+00,0.000000000000000000e+00,0.000000000000000000e+00,0.000000000000000000e+00,0.000000000000000000e+00,0.000000000000000000e+00,0.000000000000000000e+00,0.000000000000000000e+00,0.000000000000000000e+00,0.000000000000000000e+00,0.000000000000000000e+00,0.000000000000000000e+00,0.000000000000000000e+00,0.000000000000000000e+00,0.000000000000000000e+00,0.000000000000000000e+00,0.000000000000000000e+00,0.000000000000000000e+00,0.000000000000000000e+00,0.000000000000000000e+00,0.000000000000000000e+00,0.000000000000000000e+00,0.000000000000000000e+00,0.000000000000000000e+00,0.000000000000000000e+00,0.000000000000000000e+00,0.000000000000000000e+00,0.000000000000000000e+00,0.000000000000000000e+00,0.000000000000000000e+00,0.000000000000000000e+00,0.000000000000000000e+00,0.000000000000000000e+00,0.000000000000000000e+00,0.000000000000000000e+00,0.000000000000000000e+00,0.000000000000000000e+00,0.000000000000000000e+00,0.000000000000000000e+00,0.000000000000000000e+00,0.000000000000000000e+00,0.000000000000000000e+00,0.000000000000000000e+00,0.000000000000000000e+00,0.000000000000000000e+00,0.000000000000000000e+00,0.000000000000000000e+00,0.000000000000000000e+00,0.000000000000000000e+00,0.000000000000000000e+00,0.000000000000000000e+00,0.000000000000000000e+00,0.000000000000000000e+00,0.000000000000000000e+00,0.000000000000000000e+00,0.000000000000000000e+00,0.000000000000000000e+00,0.000000000000000000e+00,0.000000000000000000e+00,0.000000000000000000e+00,0.000000000000000000e+00,0.000000000000000000e+00,0.000000000000000000e+00,0.000000000000000000e+00,0.000000000000000000e+00,0.000000000000000000e+00,0.000000000000000000e+00,0.000000000000000000e+00,0.000000000000000000e+00,0.000000000000000000e+00,0.000000000000000000e+00,0.000000000000000000e+00,0.000000000000000000e+00,0.000000000000000000e+00,0.000000000000000000e+00,0.000000000000000000e+00,0.000000000000000000e+00,0.000000000000000000e+00,0.000000000000000000e+00,0.000000000000000000e+00,0.000000000000000000e+00,0.000000000000000000e+00,0.000000000000000000e+00,1.000000000000000000e+00,3.909485205266078345e-01
0.000000000000000000e+00,0.000000000000000000e+00,0.000000000000000000e+00,0.000000000000000000e+00,0.000000000000000000e+00,0.000000000000000000e+00,0.000000000000000000e+00,0.000000000000000000e+00,0.000000000000000000e+00,0.000000000000000000e+00,0.000000000000000000e+00,0.000000000000000000e+00,0.000000000000000000e+00,0.000000000000000000e+00,0.000000000000000000e+00,0.000000000000000000e+00,0.000000000000000000e+00,0.000000000000000000e+00,0.000000000000000000e+00,0.000000000000000000e+00,0.000000000000000000e+00,0.000000000000000000e+00,0.000000000000000000e+00,0.000000000000000000e+00,0.000000000000000000e+00,0.000000000000000000e+00,0.000000000000000000e+00,0.000000000000000000e+00,0.000000000000000000e+00,0.000000000000000000e+00,0.000000000000000000e+00,0.000000000000000000e+00,0.000000000000000000e+00,0.000000000000000000e+00,0.000000000000000000e+00,0.000000000000000000e+00,0.000000000000000000e+00,0.000000000000000000e+00,0.000000000000000000e+00,0.000000000000000000e+00,0.000000000000000000e+00,0.000000000000000000e+00,0.000000000000000000e+00,0.000000000000000000e+00,0.000000000000000000e+00,0.000000000000000000e+00,0.000000000000000000e+00,0.000000000000000000e+00,0.000000000000000000e+00,0.000000000000000000e+00,0.000000000000000000e+00,0.000000000000000000e+00,0.000000000000000000e+00,0.000000000000000000e+00,0.000000000000000000e+00,0.000000000000000000e+00,0.000000000000000000e+00,0.000000000000000000e+00,0.000000000000000000e+00,0.000000000000000000e+00,0.000000000000000000e+00,0.000000000000000000e+00,0.000000000000000000e+00,0.000000000000000000e+00,0.000000000000000000e+00,0.000000000000000000e+00,0.000000000000000000e+00,0.000000000000000000e+00,0.000000000000000000e+00,0.000000000000000000e+00,0.000000000000000000e+00,0.000000000000000000e+00,0.000000000000000000e+00,0.000000000000000000e+00,0.000000000000000000e+00,0.000000000000000000e+00,0.000000000000000000e+00,0.000000000000000000e+00,0.000000000000000000e+00,0.000000000000000000e+00,0.000000000000000000e+00,0.000000000000000000e+00,0.000000000000000000e+00,0.000000000000000000e+00,0.000000000000000000e+00,0.000000000000000000e+00,0.000000000000000000e+00,0.000000000000000000e+00,0.000000000000000000e+00,0.000000000000000000e+00,0.000000000000000000e+00,0.000000000000000000e+00,0.000000000000000000e+00,0.000000000000000000e+00,0.000000000000000000e+00,0.000000000000000000e+00,0.000000000000000000e+00,0.000000000000000000e+00,0.000000000000000000e+00,1.000000000000000000e+00
