0.000000000000000000e+00,0.000000000000000000e+00,0.000000000000000000e+00,0.000000000000000000e+00,0.000000000000000000e+00,0.000000000000000000e+00,0.000000000000000000e+00,0.000000000000000000e+00,0.000000000000000000e+00,0.000000000000000000e+00,0.000000000000000000e+00,0.000000000000000000e+00,0.000000000000000000e+00,0.000000000000000000e+00,0.000000000000000000e+00,0.000000000000000000e+00,0.000000000000000000e+00,0.000000000000000000e+00,0.000000000000000000e+00,0.000000000000000000e+00,0.000000000000000000e+00,0.000000000000000000e+00,0.000000000000000000e+00,0.000000000000000000e+00,0.000000000000000000e+00,0.000000000000000000e+00,0.000000000000000000e+00,0.000000000000000000e+00,0.000000000000000000e+00,0.000000000000000000e+00,0.000000000000000000e+00,0.000000000000000000e+00,0.000000000000000000e+00,0.000000000000000000e+00,0.000000000000000000e+00,0.000000000000000000e+00,0.000000000000000000e+00,0.000000000000000000e+00,0.000000000000000000e+00,0.000000000000000000e+00,0.000000000000000000e+00,0.000000000000000000e+00,0.000000000000000000e+00,0.000000000000000000e+00,0.000000000000000000e+00,0.000000000000000000e+00,0.000000000000000000e+00,0.000000000000000000e+00,0.000000000000000000e+00,0.000000000000000000e+00,0.000000000000000000e+00,0.000000000000000000e+00,0.000000000000000000e+00,0.000000000000000000e+00,0.000000000000000000e+00,0.000000000000000000e+00,0.000000000000000000e+00,0.000000000000000000e+00,0.000000000000000000e+00,0.000000000000000000e+00,0.000000000000000000e+00,0.000000000000000000e+00,0.000000000000000000e+00,0.000000000000000000e+00,0.000000000000000000e+00,0.000000000000000000e+00,0.000000000000000000e+00,0.000000000000000000e+00,0.000000000000000000e+00,0.000000000000000000e+00,0.000000000000000000e+00,0.000000000000000000e+00,0.000000000000000000e+00,0.000000000000000000e+00,0.000000000000000000e+00,0.000000000000000000e+00,0.000000000000000000e+00,0.000000000000000000e+00,0.000000000000000000e+00,0.000000000000000000e+00,0.000000000000000000e+00,0.000000000000000000e+00,0.000000000000000000e+00,0.000000000000000000e+00,0.000000000000000000e+00,0.000000000000000000e+00,0.000000000000000000e+00,0.000000000000000000e+00,0.000000000000000000e+00,0.000000000000000000e+00,0.000000000000000000e+00,0.000000000000000000e+00,0.000000000000000000e+00,0.000000000000000000e+00,0.000000000000000000e+00,0.000000000000000000e+00,0.000000000000000000e+00,0.000000000000000000e+00,0.000000000000000000e+00,0.000000000000000000e+00
0.000000000000000000e+00,1.000000000000000000e+00,1.000000000000000000e+00,1.000000000000000000e+00,1.000000000000000000e+00,1.000000000000000000e+00,1.000000000000000000e+00,1.000000000000000000e+00,1.000000000000000000e+00,1.000000000000000000e+00,1.000000000000000000e+00,1.000000000000000000e+00,1.000000000000000000e+00,1.000000000000000000e+00,1.000000000000000000e+00,1.000000000000000000e+00,1.000000000000000000e+00,1.000000000000000000e+00,1.000000000000000000e+00,1.000000000000000000e+00,1.000000000000000000e+00,1.000000000000000000e+00,1.000000000000000000e+00,1.000000000000000000e+00,1.000000000000000000e+00,1.000000000000000000e+00,1.000000000000000000e+00,1.000000000000000000e+00,1.000000000000000000e+00,1.000000000000000000e+00,1.000000000000000000e+00,1.000000000000000000e+00,1.000000000000000000e+00,1.000000000000000000e+00,1.000000000000000000e+00,1.000000000000000000e+00,1.000000000000000000e+00,1.000000000000000000e+00,1.000000000000000000e+00,1.000000000000000000e+00,1.000000000000000000e+00,1.000000000000000000e+00,1.000000000000000000e+00,1.000000000000000000e+00,1.000000000000000000e+00,1.000000000000000000e+00,-1.000000000000000000e+00,1.000000000000000000e+00,1.000000000000000000e+00,-1.000000000000000000e+00,1.000000000000000000e+00,1.000000000000000000e+00,1.000000000000000000e+00,1.000000000000000000e+00,1.000000000000000000e+00,1.000000000000000000e+00,1.000000000000000000e+00,1.000000000000000000e+00,1.000000000000000000e+00,-1.000000000000000000e+00,1.000000000000000000e+00,1.000000000000000000e+00,1.000000000000000000e+00,1.000000000000000000e+00,1.000000000000000000e+00,1.000000000000000000e+00,1.000000000000000000e+00,1.000000000000000000e+00,1.000000000000000000e+00,1.000000000000000000e+00,1.000000000000000000e+00,1.000000000000000000e+00,1.000000000000000000e+00,-1.000000000000000000e+00,-1.000000000000000000e+00,1.000000000000000000e+00,1.000000000000000000e+00,-1.000000000000000000e+00,-1.000000000000000000e+00,1.000000000000000000e+00,1.000000000000000000e+00,-1.000000000000000000e+00,-9.020854221499211567e-01,1.000000000000000000e+00,-1.000000000000000000e+00,1.000000000000000000e+00,1.000000000000000000e+00,1.000000000000000000e+00,-1.000000000000000000e+00,1.000000000000000000e+00,-1.000000000000000000e+00,1.000000000000000000e+00,1.000000000000000000e+00,-1.000000000000000000e+00,1.000000000000000000e+00,1.000000000000000000e+00,-1.000000000000000000e+00,1.000000000000000000e+00,-1.000000000000000000e+00,-1.000000000000000000e+00
0.000000000000000000e+00,0.000000000000000000e+00,1.000000000000000000e+00,1.000000000000000000e+00,1.000000000000000000e+00,1.000000000000000000e+00,1.000000000000000000e+00,1.000000000000000000e+00,1.000000000000000000e+00,1.000000000000000000e+00,1.000000000000000000e+00,1.000000000000000000e+00,1.000000000000000000e+00,1.000000000000000000e+00,1.000000000000000000e+00,1.000000000000000000e+00,1.000000000000000000e+00,1.000000000000000000e+00,1.000000000000000000e+00,1.000000000000000000e+00,1.000000000000000000e+00,1.000000000000000000e+00,1.000000000000000000e+00,1.000000000000000000e+00,1.000000000000000000e+00,1.000000000000000000e+00,1.000000000000000000e+00,1.000000000000000000e+00,1.000000000000000000e+00,1.000000000000000000e+00,1.000000000000000000e+00,1.000000000000000000e+00,1.000000000000000000e+00,1.000000000000000000e+00,1.000000000000000000e+00,1.000000000000000000e+00,1.000000000000000000e+00,1.000000000000000000e+00,1.000000000000000000e+00,1.000000000000000000e+00,1.000000000000000000e+00,1.000000000000000000e+00,1.000000000000000000e+00,1.000000000000000000e+00,1.000000000000000000e+00,1.000000000000000000e+00,2.917626534350238332e-01,1.000000000000000000e+00,1.000000000000000000e+00,-2.629619096855613791e-01,1.000000000000000000e+00,1.000000000000000000e+00,1.000000000000000000e+00,1.000000000000000000e+00,1.000000000000000000e+00,1.000000000000000000e+00,1.000000000000000000e+00,1.000000000000000000e+00,1.000000000000000000e+00,-1.000000000000000000e+00,1.000000000000000000e+00,1.000000000000000000e+00,-1.000000000000000000e+00,1.000000000000000000e+00,1.000000000000000000e+00,1.000000000000000000e+00,1.000000000000000000e+00,-1.000000000000000000e+00,1.000000000000000000e+00,-1.000000000000000000e+00,1.000000000000000000e+00,1.000000000000000000e+00,1.000000000000000000e+00,1.000000000000000000e+00,-1.000000000000000000e+00,1.000000000000000000e+00,1.000000000000000000e+00,-1.000000000000000000e+00,-1.000000000000000000e+00,1.000000000000000000e+00,1.000000000000000000e+00,2.681390458071692962e-01,-1.000000000000000000e+00,1.000000000000000000e+00,-1.000000000000000000e+00,1.000000000000000000e+00,1.000000000000000000e+00,1.000000000000000000e+00,-1.000000000000000000e+00,1.000000000000000000e+00,1.000000000000000000e+00,1.000000000000000000e+00,1.000000000000000000e+00,-1.000000000000000000e+00,1.000000000000000000e+00,1.000000000000000000e+00,-1.000000000000000000e+00,1.000000000000000000e+00,-1.000000000000000000e+00,-1.000000000000000000e+00
0.000000000000000000e+00,0.000000000000000000e+00,0.000000000000000000e+00,1.000000000000000000e+00,1.000000000000000000e+00,1.000000000000000000e+00,1.000000000000000000e+00,1.000000000000000000e+00,1.000000000000000000e+00,1.000000000000000000e+00,1.000000000000000000e+00,1.000000000000000000e+00,1.000000000000000000e+00,1.000000000000000000e+00,1.000000000000000000e+00,1.000000000000000000e+00,1.000000000000000000e+00,1.000000000000000000e+00,1.000000000000000000e+00,1.000000000000000000e+00,1.000000000000000000e+00,1.000000000000000000e+00,1.000000000000000000e+00,1.000000000000000000e+00,1.000000000000000000e+00,1.000000000000000000e+00,1.000000000000000000e+00,1.000000000000000000e+00,1.000000000000000000e+00,1.000000000000000000e+00,1.000000000000000000e+00,1.000000000000000000e+00,1.000000000000000000e+00,1.000000000000000000e+00,1.000000000000000000e+00,1.000000000000000000e+00,1.000000000000000000e+00,1.000000000000000000e+00,1.000000000000000000e+00,1.000000000000000000e+00,1.000000000000000000e+00,1.000000000000000000e+00,1.000000000000000000e+00,1.000000000000000000e+00,1.000000000000000000e+00,1.000000000000000000e+00,4.199209027664434213e-02,1.000000000000000000e+00,1.000000000000000000e+00,-9.475903273600113641e-01,1.000000000000000000e+00,1.000000000000000000e+00,1.000000000000000000e+00,1.000000000000000000e+00,1.000000000000000000e+00,1.000000000000000000e+00,1.000000000000000000e+00,1.000000000000000000e+00,1.000000000000000000e+00,-1.000000000000000000e+00,1.000000000000000000e+00,1.000000000000000000e+00,-7.608082363217684163e-01,1.000000000000000000e+00,1.000000000000000000e+00,1.000000000000000000e+00,1.000000000000000000e+00,6.312557565429408601e-01,1.000000000000000000e+00,1.000000000000000000e+00,1.000000000000000000e+00,1.000000000000000000e+00,1.000000000000000000e+00,1.000000000000000000e+00,-1.000000000000000000e+00,1.000000000000000000e+00,1.000000000000000000e+00,-1.000000000000000000e+00,-1.000000000000000000e+00,1.000000000000000000e+00,1.000000000000000000e+00,8.349499859086376707e-01,-2.732091000105493425e-02,1.000000000000000000e+00,-1.000000000000000000e+00,1.000000000000000000e+00,1.000000000000000000e+00,1.000000000000000000e+00,-1.000000000000000000e+00,1.000000000000000000e+00,6.949709300319363292e-01,1.000000000000000000e+00,1.000000000000000000e+00,-1.000000000000000000e+00,1.000000000000000000e+00,1.000000000000000000e+00,-1.000000000000000000e+00,1.000000000000000000e+00,-1.000000000000000000e+00,-1.000000000000000000e+00
0.000000000000000000e+00,0.000000000000000000e+00,0.000000000000000000e+00,0.000000000000000000e+00,1.000000000000000000e+00,1.000000000000000000e+00,1.000000000000000000e+00,1.000000000000000000e+00,1.000000000000000000e+00,1.000000000000000000e+00,1.000000000000000000e+00,1.000000000000000000e+00,1.000000000000000000e+00,1.000000000000000000e+00,1.000000000000000000e+00,1.000000000000000000e+00,1.000000000000000000e+00,1.000000000000000000e+00,1.000000000000000000e+00,1.000000000000000000e+00,1.000000000000000000e+00,1.000000000000000000e+00,1.000000000000000000e+00,1.000000000000000000e+00,1.000000000000000000e+00,1.000000000000000000e+00,1.000000000000000000e+00,1.000000000000000000e+00,1.000000000000000000e+00,1.000000000000000000e+00,1.000000000000000000e+00,1.000000000000000000e+00,1.000000000000000000e+00,1.000000000000000000e+00,1.000000000000000000e+00,1.000000000000000000e+00,1.000000000000000000e+00,1.000000000000000000e+00,1.000000000000000000e+00,1.000000000000000000e+00,1.000000000000000000e+00,1.000000000000000000e+00,1.000000000000000000e+00,1.000000000000000000e+00,1.000000000000000000e+00,1.000000000000000000e+00,-8.375649390943993300e-01,6.790130546833512692e-01,1.000000000000000000e+00,-7.692782109069892793e-02,1.000000000000000000e+00,1.000000000000000000e+00,1.000000000000000000e+00,1.000000000000000000e+00,1.000000000000000000e+00,1.000000000000000000e+00,1.000000000000000000e+00,4.111071972145561859e-01,1.000000000000000000e+00,-1.000000000000000000e+00,1.000000000000000000e+00,1.000000000000000000e+00,-8.833802037700354548e-01,1.000000000000000000e+00,1.000000000000000000e+00,1.000000000000000000e+00,1.000000000000000000e+00,-9.942182500404543877e-01,1.000000000000000000e+00,-5.072750419696330226e-01,1.000000000000000000e+00,1.000000000000000000e+00,1.000000000000000000e+00,1.000000000000000000e+00,-1.000000000000000000e+00,4.665750053556235732e-01,1.000000000000000000e+00,-1.000000000000000000e+00,-1.000000000000000000e+00,1.000000000000000000e+00,1.000000000000000000e+00,4.004506236419905219e-01,-9.418736285431533739e-01,1.000000000000000000e+00,-1.000000000000000000e+00,1.000000000000000000e+00,1.000000000000000000e+00,1.000000000000000000e+00,-1.000000000000000000e+00,8.971798244004413059e-01,-2.198585411230354059e-01,1.000000000000000000e+00,1.000000000000000000e+00,-1.000000000000000000e+00,1.000000000000000000e+00,1.000000000000000000e+00,-1.000000000000000000e+00,1.000000000000000000e+00,-1.000000000000000000e+00,-1.000000000000000000e+00
0.000000000000000000e+00,0.000000000000000000e+00,0.000000000000000000e+00,0.000000000000000000e+00,0.000000000000000000e+00,1.000000000000000000e+00,1.000000000000000000e+00,1.000000000000000000e+00,1.000000000000000000e+00,1.000000000000000000e+00,1.000000000000000000e+00,1.000000000000000000e+00,1.000000000000000000e+00,1.000000000000000000e+00,1.000000000000000000e+00,1.000000000000000000e+00,1.000000000000000000e+00,1.000000000000000000e+00,1.000000000000000000e+00,1.000000000000000000e+00,1.000000000000000000e+00,1.000000000000000000e+00,1.000000000000000000e+00,1.000000000000000000e+00,1.000000000000000000e+00,1.000000000000000000e+00,1.000000000000000000e+00,1.000000000000000000e+00,1.000000000000000000e+00,1.000000000000000000e+00,1.000000000000000000e+00,1.000000000000000000e+00,1.000000000000000000e+00,1.000000000000000000e+00,1.000000000000000000e+00,1.000000000000000000e+00,1.000000000000000000e+00,1.000000000000000000e+00,1.000000000000000000e+00,1.000000000000000000e+00,1.000000000000000000e+00,1.000000000000000000e+00,1.000000000000000000e+00,1.000000000000000000e+00,1.000000000000000000e+00,1.000000000000000000e+00,3.613825928347949579e-01,1.000000000000000000e+00,1.000000000000000000e+00,-7.302204377888578124e-01,1.000000000000000000e+00,1.000000000000000000e+00,1.000000000000000000e+00,1.000000000000000000e+00,1.000000000000000000e+00,1.000000000000000000e+00,1.000000000000000000e+00,6.440244896556313048e-01,1.000000000000000000e+00,-1.000000000000000000e+00,1.000000000000000000e+00,1.000000000000000000e+00,-1.850694727377222293e-01,1.000000000000000000e+00,1.000000000000000000e+00,1.000000000000000000e+00,1.000000000000000000e+00,9.884836562184510234e-01,1.000000000000000000e+00,1.000000000000000000e+00,1.000000000000000000e+00,1.000000000000000000e+00,1.000000000000000000e+00,1.000000000000000000e+00,-1.000000000000000000e+00,1.000000000000000000e+00,3.502398852138303154e-01,-1.000000000000000000e+00,-1.000000000000000000e+00,5.260165427343760358e-01,9.272771259999191829e-01,7.965282920816992851e-01,4.143101388974749222e-01,1.000000000000000000e+00,-1.000000000000000000e+00,1.000000000000000000e+00,1.000000000000000000e+00,9.649406950285972506e-01,-1.000000000000000000e+00,1.000000000000000000e+00,4.220084326311476786e-01,1.000000000000000000e+00,1.000000000000000000e+00,-1.000000000000000000e+00,1.000000000000000000e+00,1.000000000000000000e+00,-1.000000000000000000e+00,1.000000000000000000e+00,-1.000000000000000000e+00,-1.000000000000000000e+00
0.000000000000000000e+00,0.000000000000000000e+00,0.000000000000000000e+00,0.000000000000000000e+00,0.000000000000000000e+00,0.000000000000000000e+00,1.000000000000000000e+00,1.000000000000000000e+00,1.000000000000000000e+00,1.000000000000000000e+00,1.000000000000000000e+00,1.000000000000000000e+00,1.000000000000000000e+00,1.000000000000000000e+00,1.000000000000000000e+00,1.000000000000000000e+00,1.000000000000000000e+00,1.000000000000000000e+00,1.000000000000000000e+00,1.000000000000000000e+00,1.000000000000000000e+00,1.000000000000000000e+00,1.000000000000000000e+00,1.000000000000000000e+00,1.000000000000000000e+00,1.000000000000000000e+00,1.000000000000000000e+00,1.000000000000000000e+00,1.000000000000000000e+00,1.000000000000000000e+00,1.000000000000000000e+00,1.000000000000000000e+00,1.000000000000000000e+00,1.000000000000000000e+00,1.000000000000000000e+00,1.000000000000000000e+00,5.834355469106572434e-01,1.000000000000000000e+00,1.000000000000000000e+00,1.000000000000000000e+00,1.000000000000000000e+00,1.000000000000000000e+00,4.085552046879488142e-01,1.000000000000000000e+00,1.000000000000000000e+00,5.892211075407574050e-01,-1.000000000000000000e+00,4.373250600406997091e-01,1.000000000000000000e+00,3.292449384858615047e-01,5.594811511633537293e-01,1.000000000000000000e+00,1.000000000000000000e+00,1.000000000000000000e+00,1.000000000000000000e+00,1.000000000000000000e+00,1.000000000000000000e+00,1.000000000000000000e+00,6.877285042422183192e-01,-1.000000000000000000e+00,1.000000000000000000e+00,1.000000000000000000e+00,-1.000000000000000000e+00,1.000000000000000000e+00,1.000000000000000000e+00,1.000000000000000000e+00,1.000000000000000000e+00,-6.109624018690370528e-01,1.000000000000000000e+00,5.065787971136490042e-02,1.000000000000000000e+00,1.000000000000000000e+00,1.000000000000000000e+00,1.000000000000000000e+00,-1.000000000000000000e+00,1.000000000000000000e+00,1.000000000000000000e+00,-6.622013418299306231e-01,-1.000000000000000000e+00,1.000000000000000000e+00,-9.054742164786551417e-02,2.062498859791117023e-01,-1.000000000000000000e+00,1.000000000000000000e+00,-1.000000000000000000e+00,1.000000000000000000e+00,1.000000000000000000e+00,3.035666515689360301e-01,-1.000000000000000000e+00,5.191031013896718616e-01,5.795540581017644133e-01,1.000000000000000000e+00,1.000000000000000000e+00,-1.000000000000000000e+00,-9.004298452024807114e-04,9.758572621242775913e-01,-1.000000000000000000e+00,1.000000000000000000e+00,-1.000000000000000000e+00,-1.000000000000000000e+00
0.000000000000000000e+00,0.000000000000000000e+00,0.000000000000000000e+00,0.000000000000000000e+00,0.000000000000000000e+00,0.000000000000000000e+00,0.000000000000000000e+00,1.000000000000000000e+00,1.000000000000000000e+00,1.000000000000000000e+00,1.000000000000000000e+00,1.000000000000000000e+00,1.000000000000000000e+00,1.000000000000000000e+00,1.000000000000000000e+00,1.000000000000000000e+00,1.000000000000000000e+00,1.000000000000000000e+00,1.000000000000000000e+00,1.000000000000000000e+00,1.000000000000000000e+00,1.000000000000000000e+00,1.000000000000000000e+00,1.000000000000000000e+00,1.000000000000000000e+00,1.000000000000000000e+00,1.000000000000000000e+00,1.000000000000000000e+00,1.000000000000000000e+00,1.000000000000000000e+00,1.000000000000000000e+00,1.000000000000000000e+00,1.000000000000000000e+00,1.000000000000000000e+00,1.000000000000000000e+00,1.000000000000000000e+00,1.000000000000000000e+00,1.000000000000000000e+00,1.000000000000000000e+00,1.000000000000000000e+00,1.000000000000000000e+00,1.000000000000000000e+00,8.920004259409710645e-01,1.000000000000000000e+00,1.000000000000000000e+00,1.000000000000000000e+00,-3.633739888317372713e-01,8.119551561207071222e-01,1.000000000000000000e+00,-8.554296530311455982e-02,8.756882459182433465e-01,1.000000000000000000e+00,1.000000000000000000e+00,1.000000000000000000e+00,1.000000000000000000e+00,1.000000000000000000e+00,1.000000000000000000e+00,3.694354157613729539e-01,1.000000000000000000e+00,-1.000000000000000000e+00,1.000000000000000000e+00,1.000000000000000000e+00,-4.893587678608724012e-01,1.000000000000000000e+00,1.000000000000000000e+00,1.000000000000000000e+00,1.000000000000000000e+00,-1.730051128266503757e-01,1.000000000000000000e+00,3.911834969478539814e-01,1.000000000000000000e+00,1.000000000000000000e+00,1.000000000000000000e+00,1.000000000000000000e+00,-1.000000000000000000e+00,9.245969755577553295e-01,9.120058170029426980e-01,-9.878258826658006253e-01,-1.000000000000000000e+00,8.729056257013066977e-01,4.800408029179266123e-01,4.624635977118017327e-01,-2.767351479242136647e-01,1.000000000000000000e+00,-1.000000000000000000e+00,1.000000000000000000e+00,1.000000000000000000e+00,6.895929210412176102e-01,-1.000000000000000000e+00,1.000000000000000000e+00,1.758992803011759365e-01,1.000000000000000000e+00,1.000000000000000000e+00,-1.000000000000000000e+00,9.162291690084264362e-01,1.000000000000000000e+00,-1.000000000000000000e+00,1.000000000000000000e+00,-1.000000000000000000e+00,-1.000000000000000000e+00
0.000000000000000000e+00,0.000000000000000000e+00,0.000000000000000000e+00,0.000000000000000000e+00,0.000000000000000000e+00,0.000000000000000000e+00,0.000000000000000000e+00,0.000000000000000000e+00,1.000000000000000000e+00,7.911561763186498730e-01,9.735806028800034762e-01,9.953326926603537350e-01,1.000000000000000000e+00,1.000000000000000000e+00,1.000000000000000000e+00,1.000000000000000000e+00,1.000000000000000000e+00,1.000000000000000000e+00,1.000000000000000000e+00,1.000000000000000000e+00,1.000000000000000000e+00,1.000000000000000000e+00,1.000000000000000000e+00,1.000000000000000000e+00,1.000000000000000000e+00,1.000000000000000000e+00,1.000000000000000000e+00,1.000000000000000000e+00,1.000000000000000000e+00,1.000000000000000000e+00,1.000000000000000000e+00,1.000000000000000000e+00,8.712303314841848279e-01,1.000000000000000000e+00,1.000000000000000000e+00,1.000000000000000000e+00,8.538573322448186342e-01,1.000000000000000000e+00,1.000000000000000000e+00,1.000000000000000000e+00,1.000000000000000000e+00,1.000000000000000000e+00,6.228374727734824479e-01,1.000000000000000000e+00,1.000000000000000000e+00,1.000000000000000000e+00,-1.486425804298848186e-01,1.000000000000000000e+00,1.000000000000000000e+00,-2.735475123044799894e-01,5.898865077881780827e-01,1.000000000000000000e+00,1.000000000000000000e+00,1.000000000000000000e+00,1.000000000000000000e+00,1.000000000000000000e+00,1.000000000000000000e+00,1.484129574212778302e-01,1.000000000000000000e+00,-6.611632737805661630e-01,1.000000000000000000e+00,1.000000000000000000e+00,1.161040782747005222e-02,1.000000000000000000e+00,1.000000000000000000e+00,1.000000000000000000e+00,7.325914811776383928e-01,-2.960197559232270459e-01,1.000000000000000000e+00,9.554333483818436279e-02,1.000000000000000000e+00,1.000000000000000000e+00,1.000000000000000000e+00,2.947268468591018875e-01,-4.027523517599825853e-01,1.314397567996830052e-01,4.953714184809838161e-01,-7.983011490827173207e-01,-1.000000000000000000e+00,5.245168398541999455e-01,5.841597445358799323e-01,2.043661269644437076e-02,-1.531061156069184193e-01,1.000000000000000000e+00,-1.000000000000000000e+00,1.000000000000000000e+00,1.000000000000000000e+00,7.403582955662068033e-01,-1.000000000000000000e+00,4.495394803248359827e-01,-5.739226386039607553e-01,1.000000000000000000e+00,1.000000000000000000e+00,-1.000000000000000000e+00,7.753778061949119227e-01,8.749185488348261153e-01,-1.000000000000000000e+00,1.000000000000000000e+00,-1.000000000000000000e+00,-8.237173948793261591e-01
0.000000000000000000e+00,0.000000000000000000e+00,0.000000000000000000e+00,0.000000000000000000e+00,0.000000000000000000e+00,0.000000000000000000e+00,0.000000000000000000e+00,0.000000000000000000e+00,0.000000000000000000e+00,1.000000000000000000e+00,1.000000000000000000e+00,1.000000000000000000e+00,1.000000000000000000e+00,1.000000000000000000e+00,1.000000000000000000e+00,1.000000000000000000e+00,1.000000000000000000e+00,1.000000000000000000e+00,1.000000000000000000e+00,1.000000000000000000e+00,1.000000000000000000e+00,1.000000000000000000e+00,1.000000000000000000e+00,1.000000000000000000e+00,1.000000000000000000e+00,1.000000000000000000e+00,1.000000000000000000e+00,1.000000000000000000e+00,1.000000000000000000e+00,1.000000000000000000e+00,1.000000000000000000e+00,1.000000000000000000e+00,1.000000000000000000e+00,1.000000000000000000e+00,1.000000000000000000e+00,1.000000000000000000e+00,9.054398291208582972e-01,1.000000000000000000e+00,1.000000000000000000e+00,1.000000000000000000e+00,1.000000000000000000e+00,1.000000000000000000e+00,6.413057599840024103e-01,1.000000000000000000e+00,1.000000000000000000e+00,8.908873879945218288e-01,-4.323006927511482966e-01,4.286621291922880772e-01,1.000000000000000000e+00,-9.379263491703898614e-02,8.490951586932092843e-01,1.000000000000000000e+00,1.000000000000000000e+00,1.000000000000000000e+00,1.000000000000000000e+00,1.000000000000000000e+00,1.000000000000000000e+00,7.090195885535826026e-01,9.058485985402439100e-01,-1.000000000000000000e+00,1.000000000000000000e+00,1.000000000000000000e+00,-3.478642393140004008e-01,1.000000000000000000e+00,1.000000000000000000e+00,1.000000000000000000e+00,8.609731724515936602e-01,-4.315344540527525918e-01,1.000000000000000000e+00,1.254086120836495344e-01,1.000000000000000000e+00,1.000000000000000000e+00,1.000000000000000000e+00,5.072945861724543759e-01,-6.740032292195762276e-01,5.913797205605220153e-01,8.800019922165973618e-01,-9.795607205739205181e-01,-1.000000000000000000e+00,8.501290090803361732e-01,2.135581296278257768e-01,-1.680439572198330900e-01,-4.591056301402633433e-01,1.000000000000000000e+00,-1.000000000000000000e+00,1.000000000000000000e+00,1.000000000000000000e+00,8.277352046834551835e-01,-1.000000000000000000e+00,1.682406874323839896e-01,1.135889480839766819e-01,1.000000000000000000e+00,1.000000000000000000e+00,-1.000000000000000000e+00,9.501762552457783118e-01,9.771137475163145236e-01,-1.000000000000000000e+00,1.000000000000000000e+00,-1.000000000000000000e+00,-1.000000000000000000e+00
0.000000000000000000e+00,0.000000000000000000e+00,0.000000000000000000e+00,0.000000000000000000e+00,0.000000000000000000e+00,0.000000000000000000e+00,0.000000000000000000e+00,0.000000000000000000e+00,0.000000000000000000e+00,0.000000000000000000e+00,1.000000000000000000e+00,1.000000000000000000e+00,1.000000000000000000e+00,1.000000000000000000e+00,1.000000000000000000e+00,1.000000000000000000e+00,1.000000000000000000e+00,1.000000000000000000e+00,1.000000000000000000e+00,1.000000000000000000e+00,1.000000000000000000e+00,1.000000000000000000e+00,9.459853801024513675e-01,1.000000000000000000e+00,1.000000000000000000e+00,1.000000000000000000e+00,1.000000000000000000e+00,1.000000000000000000e+00,1.000000000000000000e+00,1.000000000000000000e+00,1.000000000000000000e+00,1.000000000000000000e+00,8.992355206317013128e-01,1.000000000000000000e+00,1.000000000000000000e+00,1.000000000000000000e+00,7.419924544499999497e-01,1.000000000000000000e+00,1.000000000000000000e+00,1.000000000000000000e+00,1.000000000000000000e+00,1.000000000000000000e+00,2.415215899761399276e-01,1.000000000000000000e+00,1.000000000000000000e+00,8.789125566370562526e-01,-3.571541339600909915e-01,4.120340176431713242e-01,1.000000000000000000e+00,3.358344147243626232e-02,6.335264434324626714e-01,1.000000000000000000e+00,1.000000000000000000e+00,8.244283155808019847e-01,1.000000000000000000e+00,7.791384875966222978e-01,1.000000000000000000e+00,6.479568945929070622e-01,7.529032412499498950e-01,-1.000000000000000000e+00,1.000000000000000000e+00,1.000000000000000000e+00,-3.779799796094312492e-01,1.000000000000000000e+00,1.000000000000000000e+00,1.000000000000000000e+00,2.917772206026201243e-01,-8.790366973930084926e-01,1.000000000000000000e+00,-7.032546180915290046e-01,9.364506336003525222e-01,5.202502638084398612e-01,1.000000000000000000e+00,1.231301652361045801e-01,-7.528881816448337316e-01,4.073535502527340646e-01,6.814430168080748418e-01,-9.083580207260335548e-01,-1.000000000000000000e+00,1.000000000000000000e+00,4.072354578479775999e-01,-3.352229465848861056e-01,-6.458401085571500166e-01,1.000000000000000000e+00,-1.000000000000000000e+00,1.000000000000000000e+00,1.000000000000000000e+00,8.941038158539938996e-01,-6.991045685594420300e-01,-1.751531664549705464e-02,7.134133544447431551e-03,1.000000000000000000e+00,1.000000000000000000e+00,-1.000000000000000000e+00,9.176887761211623973e-01,6.030634606368319162e-01,-8.269143037593505996e-01,1.000000000000000000e+00,-1.000000000000000000e+00,-7.831387651279074769e-01
0.000000000000000000e+00,0.000000000000000000e+00,0.000000000000000000e+00,0.000000000000000000e+00,0.000000000000000000e+00,0.000000000000000000e+00,0.000000000000000000e+00,0.000000000000000000e+00,0.000000000000000000e+00,0.000000000000000000e+00,0.000000000000000000e+00,1.000000000000000000e+00,1.000000000000000000e+00,1.000000000000000000e+00,1.000000000000000000e+00,1.000000000000000000e+00,1.000000000000000000e+00,1.000000000000000000e+00,1.000000000000000000e+00,1.000000000000000000e+00,1.000000000000000000e+00,1.000000000000000000e+00,9.737444562393769987e-01,1.000000000000000000e+00,1.000000000000000000e+00,1.000000000000000000e+00,1.000000000000000000e+00,1.000000000000000000e+00,1.000000000000000000e+00,1.000000000000000000e+00,1.000000000000000000e+00,1.000000000000000000e+00,7.937466548331576499e-01,1.000000000000000000e+00,1.000000000000000000e+00,1.000000000000000000e+00,8.063734799739399328e-01,1.000000000000000000e+00,1.000000000000000000e+00,1.000000000000000000e+00,1.000000000000000000e+00,1.000000000000000000e+00,3.179373771636749835e-01,1.000000000000000000e+00,1.000000000000000000e+00,8.951700106632118903e-01,-1.302265193481783878e-01,2.144402260670664750e-01,1.000000000000000000e+00,-3.330600841545094948e-02,7.695762424596032103e-01,1.000000000000000000e+00,1.000000000000000000e+00,7.652436362743225695e-01,1.000000000000000000e+00,5.374876941178553524e-01,1.000000000000000000e+00,4.263213199161496880e-01,7.411556356656427980e-01,-1.000000000000000000e+00,1.000000000000000000e+00,1.000000000000000000e+00,-3.135520457954529827e-01,1.000000000000000000e+00,1.000000000000000000e+00,1.000000000000000000e+00,4.021508703782542549e-01,-7.111835271984191520e-01,1.000000000000000000e+00,-4.908601618454439541e-01,9.020990337592376118e-01,3.512133759680896583e-01,1.000000000000000000e+00,1.568606496967472896e-01,-6.071667463069744253e-01,3.926219461340788586e-01,5.483879351019420589e-01,-9.694078737014107938e-01,-1.000000000000000000e+00,1.000000000000000000e+00,4.614608700516089068e-01,-2.833751622300894613e-01,-3.918910723315053857e-01,1.000000000000000000e+00,-1.000000000000000000e+00,1.000000000000000000e+00,1.000000000000000000e+00,9.408071222140910184e-01,-9.023232234951701347e-01,1.967910820186259332e-02,2.072125185461656527e-01,1.000000000000000000e+00,1.000000000000000000e+00,-1.000000000000000000e+00,1.000000000000000000e+00,6.844637105997047888e-01,-7.531229145554088067e-01,1.000000000000000000e+00,-1.000000000000000000e+00,-8.564549026775999385e-01
0.000000000000000000e+00,0.000000000000000000e+00,0.000000000000000000e+00,0.000000000000000000e+00,0.000000000000000000e+00,0.000000000000000000e+00,0.000000000000000000e+00,0.000000000000000000e+00,0.000000000000000000e+00,0.000000000000000000e+00,0.000000000000000000e+00,0.000000000000000000e+00,1.000000000000000000e+00,7.943696712257107828e-01,6.773597505243410533e-01,1.000000000000000000e+00,8.898789915401242867e-01,8.932155601870777062e-01,1.000000000000000000e+00,7.856286179945386472e-01,7.337189453057482158e-01,1.000000000000000000e+00,8.016444030156991696e-01,1.000000000000000000e+00,8.847824562182178276e-01,1.000000000000000000e+00,8.269543471512226240e-01,1.000000000000000000e+00,1.000000000000000000e+00,6.874142580446169770e-01,9.810876986142323952e-01,9.449156980756180380e-01,5.403723386946226448e-01,9.343267266137974536e-01,1.000000000000000000e+00,1.000000000000000000e+00,7.782931169612067324e-01,5.727223611219144361e-01,1.000000000000000000e+00,1.000000000000000000e+00,1.000000000000000000e+00,1.000000000000000000e+00,6.257780113983274495e-01,7.421219523515274474e-01,1.000000000000000000e+00,7.259936206980892592e-01,-3.579688167693704376e-02,7.330528978956893926e-01,1.000000000000000000e+00,-3.372017568976621305e-01,3.085904117187593942e-01,7.840953568549472452e-01,1.000000000000000000e+00,7.900875287131792213e-01,9.200415180212331290e-01,6.497666902426876279e-01,8.660735149025895474e-01,-1.425973799657448138e-01,7.175289019014771119e-01,-1.605959806857151506e-01,4.908383026581238373e-01,1.000000000000000000e+00,8.337240168160216236e-02,8.829658507719536642e-01,1.000000000000000000e+00,8.560736926420675630e-01,3.883611231591495572e-01,1.228436665482546819e-01,8.601809867732344017e-01,-1.113079825627640539e-02,7.988955508228843261e-01,1.000000000000000000e+00,1.000000000000000000e+00,1.539559831298176196e-01,-1.208573191321650614e-01,-8.097118268522848772e-02,3.074490378096927379e-01,-4.874049937136544774e-01,-1.000000000000000000e+00,4.250831648346052316e-01,5.718910314306777654e-01,-1.620185860003452161e-01,2.572463165770588756e-01,1.000000000000000000e+00,-1.000000000000000000e+00,1.000000000000000000e+00,1.000000000000000000e+00,6.048598624175265392e-01,-7.279299007551248701e-01,3.059679085438975488e-01,-5.023393535591745840e-01,1.000000000000000000e+00,2.740165683434223620e-01,-1.000000000000000000e+00,6.391226646419362334e-01,9.366314605493666345e-01,-8.738066124105150489e-01,1.000000000000000000e+00,-1.000000000000000000e+00,-5.873814067627251001e-01
0.000000000000000000e+00,0.000000000000000000e+00,0.000000000000000000e+00,0.000000000000000000e+00,0.000000000000000000e+00,0.000000000000000000e+00,0.000000000000000000e+00,0.000000000000000000e+00,0.000000000000000000e+00,0.000000000000000000e+00,0.000000000000000000e+00,0.000000000000000000e+00,0.000000000000000000e+00,1.000000000000000000e+00,5.965974522765810084e-01,1.000000000000000000e+00,8.303872195124956113e-01,8.735895456288189642e-01,1.000000000000000000e+00,8.880763055013993768e-01,7.291851378468009459e-01,7.524630257172187919e-01,9.192529376594844592e-01,1.000000000000000000e+00,1.000000000000000000e+00,1.000000000000000000e+00,9.485329657147953952e-01,9.488643571929429310e-01,1.000000000000000000e+00,9.388819239516120740e-01,1.000000000000000000e+00,1.796277848911648212e-01,4.452102507827232492e-01,7.061820839177934683e-01,1.000000000000000000e+00,1.000000000000000000e+00,5.506629583455904253e-01,3.666980218319722540e-01,1.000000000000000000e+00,1.000000000000000000e+00,1.000000000000000000e+00,1.000000000000000000e+00,7.748770776866222842e-01,1.000000000000000000e+00,1.000000000000000000e+00,1.061814976012145778e-01,3.704175515870957169e-01,8.385394790530802389e-01,1.000000000000000000e+00,-3.626174470799633509e-01,8.466494645999844693e-01,5.708420605551324245e-01,1.000000000000000000e+00,3.631678506844035481e-01,4.677494695281122494e-01,1.488903498922468649e-01,-1.793380123668275594e-02,2.845794681563407758e-01,7.171054219155640341e-01,-1.000000000000000000e+00,1.000000000000000000e+00,5.950225836792606415e-01,-1.116629850014289466e-01,1.000000000000000000e+00,1.000000000000000000e+00,7.284082256685386891e-01,1.000000000000000000e+00,7.041259076199753997e-01,3.837655980494489305e-01,6.880955994616753113e-01,1.000000000000000000e+00,8.173240498720439895e-01,1.000000000000000000e+00,4.380528620235988324e-01,-3.407605367596113211e-01,1.000000000000000000e+00,-3.671891670881564929e-02,-7.702738394813412048e-01,-8.662615971085253497e-01,-1.890257007577178516e-02,1.028617657843204497e-01,3.384381684475251117e-01,4.405216002300348377e-01,3.706987376749896757e-01,-1.000000000000000000e+00,1.000000000000000000e+00,1.000000000000000000e+00,2.593281972751323439e-01,-1.000000000000000000e+00,8.872277469239551184e-01,5.895224497750249926e-01,1.000000000000000000e+00,9.860198150736818601e-01,-1.000000000000000000e+00,7.863717930952882629e-01,1.000000000000000000e+00,-6.756865861032799181e-01,1.000000000000000000e+00,-1.000000000000000000e+00,-1.000000000000000000e+00
0.000000000000000000e+00,0.000000000000000000e+00,0.000000000000000000e+00,0.000000000000000000e+00,0.000000000000000000e+00,0.000000000000000000e+00,0.000000000000000000e+00,0.000000000000000000e+00,0.000000000000000000e+00,0.000000000000000000e+00,0.000000000000000000e+00,0.000000000000000000e+00,0.000000000000000000e+00,0.000000000000000000e+00,1.000000000000000000e+00,9.832540946677259530e-01,7.686117749139305122e-01,6.192433402823747102e-01,1.000000000000000000e+00,6.150980106677806925e-01,6.111793890681218588e-01,1.000000000000000000e+00,3.112113916089410681e-01,1.000000000000000000e+00,1.000000000000000000e+00,1.000000000000000000e+00,1.000000000000000000e+00,1.000000000000000000e+00,8.713025425573462934e-01,1.000000000000000000e+00,1.000000000000000000e+00,1.000000000000000000e+00,1.000000000000000000e+00,4.180453341821002144e-01,1.000000000000000000e+00,1.000000000000000000e+00,6.490930265674937916e-02,1.000000000000000000e+00,1.000000000000000000e+00,1.000000000000000000e+00,9.214902789126548921e-01,1.000000000000000000e+00,-2.967186987999479997e-01,1.000000000000000000e+00,2.103313412971496987e-01,2.301858816297527033e-01,-9.445580418286756430e-01,-4.681390243606064483e-01,1.000000000000000000e+00,6.208358133367922749e-01,-1.483727090443215935e-01,1.000000000000000000e+00,8.973102244622505053e-01,1.000000000000000000e+00,1.000000000000000000e+00,1.000000000000000000e+00,9.618883175366459426e-01,6.713604853490761082e-01,-1.338381448377128913e-01,-8.496165539708590009e-01,1.000000000000000000e+00,1.000000000000000000e+00,-8.400940004839120290e-01,9.794900246214641726e-01,1.000000000000000000e+00,8.418800631269747203e-01,1.334456662345788192e-01,-1.000000000000000000e+00,6.381719157606320358e-01,-4.119954346230244591e-01,1.000000000000000000e+00,1.000000000000000000e+00,1.000000000000000000e+00,1.000000000000000000e+00,-9.275536077756794118e-01,3.582091818302617914e-01,1.000000000000000000e+00,1.191546915522051359e-01,-1.000000000000000000e+00,8.119849707320960785e-01,-3.870156779385508505e-01,1.787400066381176350e-02,-1.000000000000000000e+00,9.877794443948909597e-01,-1.000000000000000000e+00,1.000000000000000000e+00,1.000000000000000000e+00,-1.777868934684825875e-02,-3.218364184576796849e-01,-1.158061133188087177e-01,3.654679597969071603e-01,5.138496154859639731e-01,1.000000000000000000e+00,-1.000000000000000000e+00,-3.754335170116137599e-01,-8.165550915303255650e-03,-1.000000000000000000e+00,1.000000000000000000e+00,-1.000000000000000000e+00,-4.603905883473521365e-01
0.000000000000000000e+00,0.000000000000000000e+00,0.000000000000000000e+00,0.000000000000000000e+00,0.000000000000000000e+00,0.000000000000000000e+00,0.000000000000000000e+00,0.000000000000000000e+00,0.000000000000000000e+00,0.000000000000000000e+00,0.000000000000000000e+00,0.000000000000000000e+00,0.000000000000000000e+00,0.000000000000000000e+00,0.000000000000000000e+00,1.000000000000000000e+00,8.316507519399684023e-01,7.855529169441506365e-01,1.000000000000000000e+00,7.619639441219466791e-01,6.969427802175259812e-01,9.021286027391873796e-01,7.216704241227153149e-01,1.000000000000000000e+00,1.000000000000000000e+00,1.000000000000000000e+00,9.970377617286830807e-01,1.000000000000000000e+00,1.000000000000000000e+00,1.000000000000000000e+00,9.898258890483609962e-01,6.594322292546745956e-01,5.144761269477073906e-01,7.342532572556922377e-01,1.000000000000000000e+00,1.000000000000000000e+00,5.271976650063180392e-01,6.989220856950633110e-01,1.000000000000000000e+00,1.000000000000000000e+00,1.000000000000000000e+00,1.000000000000000000e+00,3.972239399072770571e-01,9.524553918769042005e-01,1.000000000000000000e+00,3.158519383430227756e-01,2.251431243107291855e-02,5.863501274009127462e-01,1.000000000000000000e+00,-8.600514384195988293e-02,5.438954867583831732e-01,6.790215902705128981e-01,1.000000000000000000e+00,4.743361563935800107e-01,7.562995562812915296e-01,3.790632288444428788e-01,4.992509725910348473e-01,3.749236460719280184e-01,5.567394719107214840e-01,-9.329076299230658620e-01,1.000000000000000000e+00,8.900699892554030379e-01,-1.851033986474745208e-01,1.000000000000000000e+00,1.000000000000000000e+00,6.845990644768168432e-01,6.696300957646954544e-01,-2.200645519529537478e-02,6.994430395723867377e-01,4.232813110638736220e-02,9.442399889932677759e-01,5.019652849447582277e-01,1.000000000000000000e+00,2.308805890621801193e-01,-4.268255320367514427e-01,6.983661666976491711e-01,2.469113020908592637e-01,-6.385772775101117293e-01,-1.000000000000000000e+00,5.077033904957498622e-01,5.106717646227331570e-02,5.755147186809033560e-02,-8.228710636552541424e-02,6.169284535817670667e-01,-1.000000000000000000e+00,1.000000000000000000e+00,1.000000000000000000e+00,4.104726658031236375e-01,-7.566926798905576623e-01,3.903326838510440822e-01,3.053869190780624243e-01,9.243592118771858379e-01,1.000000000000000000e+00,-1.000000000000000000e+00,7.024279703509244133e-01,7.070898406441979978e-01,-5.821369675390395404e-01,1.000000000000000000e+00,-1.000000000000000000e+00,-7.566256020925252734e-01
0.000000000000000000e+00,0.000000000000000000e+00,0.000000000000000000e+00,0.000000000000000000e+00,0.000000000000000000e+00,0.000000000000000000e+00,0.000000000000000000e+00,0.000000000000000000e+00,0.000000000000000000e+00,0.000000000000000000e+00,0.000000000000000000e+00,0.000000000000000000e+00,0.000000000000000000e+00,0.000000000000000000e+00,0.000000000000000000e+00,0.000000000000000000e+00,1.000000000000000000e+00,7.848819195396707915e-01,9.192956611132234723e-01,6.770969094245323783e-01,7.260720872074425403e-01,8.452442437068750092e-01,7.618447248916322412e-01,9.939204251788508193e-01,9.846622772613019547e-01,9.591319097914514646e-01,9.238878638885755779e-01,1.000000000000000000e+00,1.000000000000000000e+00,1.000000000000000000e+00,6.749333937352781643e-01,7.453098433677467494e-01,2.434358104022638913e-01,1.000000000000000000e+00,1.000000000000000000e+00,1.000000000000000000e+00,6.251498382963759370e-01,4.341061196351752582e-01,9.615955723625626561e-01,1.000000000000000000e+00,1.000000000000000000e+00,9.448219930927096444e-01,5.654656256413005400e-01,1.000000000000000000e+00,1.000000000000000000e+00,8.399842895788509622e-01,3.329911805543810388e-01,4.644330708270354990e-01,9.754004014053521132e-01,-3.675320511346543140e-01,8.582622717241080723e-01,5.229133996076421598e-01,1.000000000000000000e+00,1.338648505144906797e-01,8.801119982117254770e-01,2.981490006142928015e-02,1.000000000000000000e+00,1.682680070754866836e-02,8.624272953798023389e-01,-7.890552487973642171e-01,7.672433671659087961e-01,8.869215830511277820e-01,2.263697597200032552e-01,1.000000000000000000e+00,1.000000000000000000e+00,6.874842665510018103e-01,5.201420612874469995e-01,5.392397981861254790e-03,8.444899700448140756e-01,-1.120694510698380317e-02,6.615876116697806397e-01,6.494618069325577836e-02,1.000000000000000000e+00,-3.144890418417733424e-01,-1.792409802039374722e-01,1.027803487118978537e-01,-2.108052308385818807e-01,-9.806787632745315175e-01,-1.000000000000000000e+00,6.440864626356644917e-01,8.977690257749721958e-01,1.143449444938437164e-02,1.511506736960502861e-01,8.768471139216564847e-01,-1.000000000000000000e+00,1.000000000000000000e+00,1.000000000000000000e+00,8.034937375279171956e-01,-8.007029283425898258e-01,1.972416574828649294e-01,-1.631900194278734784e-01,1.000000000000000000e+00,1.000000000000000000e+00,-1.000000000000000000e+00,1.000000000000000000e+00,5.998975375998805148e-01,-3.792987592363252780e-01,1.000000000000000000e+00,-1.000000000000000000e+00,-6.084845689261874080e-01
0.000000000000000000e+00,0.000000000000000000e+00,0.000000000000000000e+00,0.000000000000000000e+00,0.000000000000000000e+00,0.000000000000000000e+00,0.000000000000000000e+00,0.000000000000000000e+00,0.000000000000000000e+00,0.000000000000000000e+00,0.000000000000000000e+00,0.000000000000000000e+00,0.000000000000000000e+00,0.000000000000000000e+00,0.000000000000000000e+00,0.000000000000000000e+00,0.000000000000000000e+00,1.000000000000000000e+00,1.000000000000000000e+00,8.539080781338239667e-01,7.872168637066525587e-01,6.972085431534704725e-01,9.876148356842020526e-01,1.000000000000000000e+00,1.000000000000000000e+00,1.000000000000000000e+00,9.172109211498891135e-01,1.000000000000000000e+00,1.000000000000000000e+00,9.879238983212584868e-01,8.571096952247421186e-01,5.665247444302355939e-01,2.459414945778077566e-01,1.000000000000000000e+00,1.000000000000000000e+00,1.000000000000000000e+00,8.532709414715914376e-01,4.019764858815589870e-01,1.000000000000000000e+00,1.000000000000000000e+00,1.000000000000000000e+00,1.000000000000000000e+00,9.500665494068871730e-01,8.465005201896036446e-01,1.000000000000000000e+00,6.454877028139296424e-01,4.767483532496504250e-01,1.000000000000000000e+00,1.000000000000000000e+00,-5.224743421179405267e-01,9.446588013776884285e-01,4.168834140798153287e-01,1.000000000000000000e+00,1.507427885183102167e-01,7.625792771224092492e-01,2.850477298355230324e-02,4.657550435058178118e-01,5.252231991746788425e-02,1.000000000000000000e+00,-7.639537968232892329e-01,5.571350771923289091e-01,7.397248691769789941e-01,3.212440406714949792e-01,1.000000000000000000e+00,1.000000000000000000e+00,7.290846069517092909e-01,9.035968277982094898e-01,3.595272046410669664e-01,7.807637480805732499e-01,3.372642464080281566e-01,4.675098244781175638e-01,1.236854907910747287e-01,1.000000000000000000e+00,-3.152874887647493796e-01,-1.711575593764292150e-02,5.242790003674693278e-01,-1.178827419276509553e-01,-1.000000000000000000e+00,-1.000000000000000000e+00,3.615616736619365890e-01,4.364807945351729113e-01,-8.731278010054989436e-02,5.512944017957790432e-01,7.216597701608906679e-01,-1.000000000000000000e+00,1.000000000000000000e+00,1.000000000000000000e+00,7.445747739144965571e-01,-1.000000000000000000e+00,5.679984547628833536e-01,-2.520708085643119101e-01,1.000000000000000000e+00,5.729029684554958202e-01,-1.000000000000000000e+00,1.000000000000000000e+00,1.000000000000000000e+00,-5.481353057830922193e-01,1.000000000000000000e+00,-1.000000000000000000e+00,-8.160816320855051043e-01
0.000000000000000000e+00,0.000000000000000000e+00,0.000000000000000000e+00,0.000000000000000000e+00,0.000000000000000000e+00,0.000000000000000000e+00,0.000000000000000000e+00,0.000000000000000000e+00,0.000000000000000000e+00,0.000000000000000000e+00,0.000000000000000000e+00,0.000000000000000000e+00,0.000000000000000000e+00,0.000000000000000000e+00,0.000000000000000000e+00,0.000000000000000000e+00,0.000000000000000000e+00,0.000000000000000000e+00,1.000000000000000000e+00,6.497729777447927013e-01,5.913536130549712500e-01,7.992659218191683346e-01,6.114525989105703552e-01,9.440017904454989228e-01,9.320483508659166416e-01,1.000000000000000000e+00,9.357176015836186078e-01,1.000000000000000000e+00,9.263483095751066099e-01,9.478827822389257474e-01,8.981103375236747510e-01,4.749074358586133915e-01,4.798119802735820727e-01,5.409992348965099174e-01,1.000000000000000000e+00,1.000000000000000000e+00,3.469353217907596432e-01,6.281151461199481201e-01,1.000000000000000000e+00,1.000000000000000000e+00,1.000000000000000000e+00,1.000000000000000000e+00,2.057818540289107767e-01,9.162831752993917389e-01,6.808401044419962744e-01,1.572675858725108566e-01,3.764260536268516921e-02,3.813041712659619442e-01,1.000000000000000000e+00,-4.883489640719938102e-02,4.649232766599454836e-01,6.487214826704693627e-01,1.000000000000000000e+00,4.068238844173539537e-01,5.988953518399074971e-01,2.317383876679893484e-01,3.501499790575635096e-01,3.958710281383724938e-01,4.198176243818304565e-01,-1.000000000000000000e+00,1.000000000000000000e+00,6.701039499149245016e-01,-3.278219033757659440e-01,1.000000000000000000e+00,1.000000000000000000e+00,5.479902596095537204e-01,5.585079099256018420e-01,4.582448146216162692e-03,5.621443367134336677e-01,-2.736246137114847592e-03,1.000000000000000000e+00,4.776036107579315071e-01,1.000000000000000000e+00,3.665161923765518082e-01,-5.145001952654194577e-01,7.989139813366125109e-01,1.944615747497668301e-01,-5.311074388287010395e-01,-9.025847076877828723e-01,4.177734261408974636e-01,4.412446153887829986e-02,1.583792960626363988e-01,-1.682865264349546475e-01,4.256652758191375452e-01,-1.000000000000000000e+00,8.070184118519239114e-01,1.000000000000000000e+00,2.641150216513120097e-01,-6.741048468287832440e-01,4.274413451366307348e-01,5.451337613798655779e-01,7.816000471746665790e-01,1.000000000000000000e+00,-1.000000000000000000e+00,5.428477189034845996e-01,5.438077305530515382e-01,-4.063765512066939700e-01,1.000000000000000000e+00,-1.000000000000000000e+00,-7.232191368987850311e-01
0.000000000000000000e+00,0.000000000000000000e+00,0.000000000000000000e+00,0.000000000000000000e+00,0.000000000000000000e+00,0.000000000000000000e+00,0.000000000000000000e+00,0.000000000000000000e+00,0.000000000000000000e+00,0.000000000000000000e+00,0.000000000000000000e+00,0.000000000000000000e+00,0.000000000000000000e+00,0.000000000000000000e+00,0.000000000000000000e+00,0.000000000000000000e+00,0.000000000000000000e+00,0.000000000000000000e+00,0.000000000000000000e+00,1.000000000000000000e+00,7.888393880767812227e-01,6.285447039664343594e-01,9.111767040408876861e-01,9.682408395821169300e-01,1.000000000000000000e+00,1.000000000000000000e+00,9.782930341718885092e-01,1.000000000000000000e+00,1.000000000000000000e+00,1.000000000000000000e+00,1.000000000000000000e+00,4.399000800684160772e-01,2.662449218801671846e-01,8.750757734096511475e-01,1.000000000000000000e+00,1.000000000000000000e+00,7.365468668636514504e-01,3.685405420114161723e-01,1.000000000000000000e+00,1.000000000000000000e+00,1.000000000000000000e+00,1.000000000000000000e+00,8.530622758081480850e-01,1.000000000000000000e+00,1.000000000000000000e+00,2.421851436723914952e-01,2.438360074566434665e-01,9.154866317119767505e-01,1.000000000000000000e+00,-5.794809981437182289e-01,9.458534928088915272e-01,5.380306178502409775e-01,1.000000000000000000e+00,4.851040640290367641e-03,7.564693751360260787e-01,1.253229320160818561e-01,3.949935582753599239e-01,5.971925138285494317e-01,7.130817083011483648e-01,-5.984157971213872607e-01,1.000000000000000000e+00,1.000000000000000000e+00,9.039255855602189305e-02,1.000000000000000000e+00,1.000000000000000000e+00,7.972063179306863034e-01,8.753946561405767657e-01,7.234556128627276372e-01,6.765610318174142268e-01,5.498316244361275418e-01,8.846677876447567312e-01,2.992778574816341575e-01,9.873292601541432401e-01,-1.935548809127367598e-01,-6.668160658263720024e-04,8.721364529916763031e-01,2.882443410656876023e-02,-1.000000000000000000e+00,-1.000000000000000000e+00,3.890956089027726439e-02,2.754781415597583605e-01,-2.638590573112981619e-01,3.656437760669728476e-01,4.596412591512701318e-01,-1.000000000000000000e+00,1.000000000000000000e+00,1.000000000000000000e+00,6.346713722181217543e-01,-1.000000000000000000e+00,2.718083261668731709e-01,3.825557363653274145e-01,9.180278928065330746e-01,1.000000000000000000e+00,-1.000000000000000000e+00,1.000000000000000000e+00,1.000000000000000000e+00,-4.973037002046546418e-01,8.872647918117694266e-01,-1.000000000000000000e+00,-1.000000000000000000e+00
0.000000000000000000e+00,0.000000000000000000e+00,0.000000000000000000e+00,0.000000000000000000e+00,0.000000000000000000e+00,0.000000000000000000e+00,0.000000000000000000e+00,0.000000000000000000e+00,0.000000000000000000e+00,0.000000000000000000e+00,0.000000000000000000e+00,0.000000000000000000e+00,0.000000000000000000e+00,0.000000000000000000e+00,0.000000000000000000e+00,0.000000000000000000e+00,0.000000000000000000e+00,0.000000000000000000e+00,0.000000000000000000e+00,0.000000000000000000e+00,1.000000000000000000e+00,1.000000000000000000e+00,1.000000000000000000e+00,1.000000000000000000e+00,1.000000000000000000e+00,1.000000000000000000e+00,1.000000000000000000e+00,1.000000000000000000e+00,1.000000000000000000e+00,1.000000000000000000e+00,1.000000000000000000e+00,8.338875722494415443e-01,3.853852690862558661e-01,1.000000000000000000e+00,1.000000000000000000e+00,1.000000000000000000e+00,8.912503873590685854e-01,6.835074206250532081e-01,1.000000000000000000e+00,1.000000000000000000e+00,1.000000000000000000e+00,1.000000000000000000e+00,6.552181518175586028e-01,1.000000000000000000e+00,1.000000000000000000e+00,8.184417486187062218e-01,3.929405909924025275e-01,6.559063043740985810e-01,1.000000000000000000e+00,-4.157456069280682232e-01,1.000000000000000000e+00,7.899435226455322479e-01,1.000000000000000000e+00,2.442642476898376214e-01,1.000000000000000000e+00,-1.060995040444894510e-01,1.000000000000000000e+00,2.242370159702298527e-01,9.962555153030968613e-01,-1.000000000000000000e+00,1.000000000000000000e+00,1.000000000000000000e+00,3.643509865609123599e-02,1.000000000000000000e+00,1.000000000000000000e+00,9.100995046014569434e-01,6.237499661845924415e-01,7.862471334073688201e-02,1.000000000000000000e+00,-2.414564380967818003e-01,8.952104676818628537e-01,1.478838667775021209e-01,1.000000000000000000e+00,-1.920055781237227643e-01,-3.681620716814546501e-01,5.498915276334622737e-01,-7.206299184751156772e-02,-1.000000000000000000e+00,-1.000000000000000000e+00,9.550371111753175324e-01,9.322670344966964562e-01,-6.530192790400865532e-02,1.555884296129291244e-01,1.000000000000000000e+00,-1.000000000000000000e+00,1.000000000000000000e+00,1.000000000000000000e+00,1.000000000000000000e+00,-1.000000000000000000e+00,3.269505959410439755e-01,2.699231738852612694e-01,1.000000000000000000e+00,1.000000000000000000e+00,-1.000000000000000000e+00,1.000000000000000000e+00,9.891898984295717234e-01,-4.972121943565672164e-01,1.000000000000000000e+00,-1.000000000000000000e+00,-9.542696172021138956e-01
0.000000000000000000e+00,0.000000000000000000e+00,0.000000000000000000e+00,0.000000000000000000e+00,0.000000000000000000e+00,0.000000000000000000e+00,0.000000000000000000e+00,0.000000000000000000e+00,0.000000000000000000e+00,0.000000000000000000e+00,0.000000000000000000e+00,0.000000000000000000e+00,0.000000000000000000e+00,0.000000000000000000e+00,0.000000000000000000e+00,0.000000000000000000e+00,0.000000000000000000e+00,0.000000000000000000e+00,0.000000000000000000e+00,0.000000000000000000e+00,0.000000000000000000e+00,1.000000000000000000e+00,1.263840325921473939e-01,7.367274577333974284e-01,5.328213096181252384e-01,7.662563252023328886e-01,6.294894111384802260e-01,8.897317020367400131e-01,3.571184217697528918e-01,4.977095354188613707e-01,6.621923322472410556e-01,9.775727629592259049e-01,6.671744884568112655e-01,2.839358883731097349e-01,5.789604714745473224e-01,5.177465117500288372e-01,-1.518941469920781669e-02,7.846166949387091138e-01,9.325116791125499516e-01,9.185495519609089277e-01,4.450230302804323301e-01,7.995649877856827459e-01,-3.286184154861008233e-01,6.556384500222867118e-01,1.057314258603266055e-01,3.022211467084591208e-01,-5.589079833813613840e-01,-4.881199551079836718e-01,5.106926413021790623e-01,4.038622613847124287e-01,-2.042377547281998273e-01,7.947566624215625097e-01,4.741856042209505184e-01,8.811120483146224203e-01,6.439344945038604218e-01,8.486303307295806064e-01,7.263553905851063419e-01,1.596621068935674959e-01,-5.075602612416919152e-02,-4.912576486460171199e-01,1.000000000000000000e+00,7.572053271217645820e-01,-4.873078422449498293e-01,4.614620521990774327e-01,1.000000000000000000e+00,4.495086382811196990e-01,-1.557733187024160915e-01,-7.809510720556663843e-01,4.362190746798211838e-01,-4.710485070405137642e-01,7.647353882440005579e-01,9.148421428960147317e-01,1.000000000000000000e+00,7.109987313867314196e-01,-5.936884796413951504e-01,-1.063955634497739389e-01,6.333427472052222118e-01,1.662294662024272895e-01,-8.394394094477471979e-01,5.732133336411149305e-01,7.345780571347659826e-02,1.360260363794223437e-01,-6.941183031780520096e-01,7.352922344077253980e-01,-8.923536543734686965e-01,3.531151081193087959e-01,6.194459734516370997e-01,1.154219834448684534e-02,-8.381050922956570504e-02,-8.100488047568749073e-02,4.615155198324427666e-02,3.822594715941600718e-01,1.000000000000000000e+00,-1.000000000000000000e+00,-2.515922359261514862e-01,-1.714286003859033514e-01,-5.588716546843348620e-01,1.000000000000000000e+00,-5.325538001354684914e-01,-1.029443066874629609e-01
0.000000000000000000e+00,0.000000000000000000e+00,0.000000000000000000e+00,0.000000000000000000e+00,0.000000000000000000e+00,0.000000000000000000e+00,0.000000000000000000e+00,0.000000000000000000e+00,0.000000000000000000e+00,0.000000000000000000e+00,0.000000000000000000e+00,0.000000000000000000e+00,0.000000000000000000e+00,0.000000000000000000e+00,0.000000000000000000e+00,0.000000000000000000e+00,0.000000000000000000e+00,0.000000000000000000e+00,0.000000000000000000e+00,0.000000000000000000e+00,0.000000000000000000e+00,0.000000000000000000e+00,1.000000000000000000e+00,7.594363042928407026e-01,7.921951583801135621e-01,6.838088617138399217e-01,6.202689252367984407e-01,7.976714253355343676e-01,1.000000000000000000e+00,7.057310365247011497e-01,5.006091743118139537e-01,-1.946718411448094266e-01,-1.412330769880914827e-01,1.000000000000000000e+00,1.000000000000000000e+00,1.000000000000000000e+00,7.746867526431158169e-01,-6.113015587870557904e-02,7.299620624747533704e-01,7.569393461861442240e-01,1.000000000000000000e+00,8.097637762807542439e-01,1.000000000000000000e+00,5.493316055691255251e-01,1.000000000000000000e+00,5.575918130810079143e-01,9.595506758727853081e-01,1.000000000000000000e+00,1.000000000000000000e+00,-8.221190613818707416e-01,1.000000000000000000e+00,5.300582665737433447e-02,1.000000000000000000e+00,-3.635829003882636856e-01,3.534339740264150764e-01,-7.832357901577077230e-01,3.400774354141146601e-03,-1.489045298147294027e-01,1.000000000000000000e+00,-8.206176857185299989e-01,2.401533191286435998e-01,2.486119256432180735e-01,4.601533689196098398e-01,1.000000000000000000e+00,9.953396761245872915e-01,4.467722206067426538e-01,8.524771619905083808e-01,9.629902788144448778e-01,5.641189482136670375e-01,3.318226815407541719e-01,5.248920786779355252e-01,-1.508513142878789848e-01,-1.037116241449584919e-01,-5.160853375607502569e-01,1.287690610365101462e-01,6.060589640513879273e-01,-6.612591164700939439e-01,-1.000000000000000000e+00,-5.487395069882096132e-01,1.308996410399695942e-01,9.707367003824515228e-01,1.128082927757515230e-01,9.101116051553539421e-01,4.186370049973642815e-01,-1.000000000000000000e+00,9.935114439113601481e-01,1.000000000000000000e+00,7.314717144700534357e-01,-9.959403139308395936e-01,7.826812251888494165e-01,-1.449835539666104733e-01,1.000000000000000000e+00,1.197084590423611039e-01,-5.088638704013811465e-01,1.000000000000000000e+00,1.000000000000000000e+00,-9.999695507258292426e-02,-1.302777386473504516e-02,-1.000000000000000000e+00,-7.838316075325384436e-01
0.000000000000000000e+00,0.000000000000000000e+00,0.000000000000000000e+00,0.000000000000000000e+00,0.000000000000000000e+00,0.000000000000000000e+00,0.000000000000000000e+00,0.000000000000000000e+00,0.000000000000000000e+00,0.000000000000000000e+00,0.000000000000000000e+00,0.000000000000000000e+00,0.000000000000000000e+00,0.000000000000000000e+00,0.000000000000000000e+00,0.000000000000000000e+00,0.000000000000000000e+00,0.000000000000000000e+00,0.000000000000000000e+00,0.000000000000000000e+00,0.000000000000000000e+00,0.000000000000000000e+00,0.000000000000000000e+00,1.000000000000000000e+00,7.311992457061063932e-01,7.490086491628040744e-01,7.318340368782020322e-01,9.351657528631506233e-01,6.305774537693792370e-01,8.158234622230603472e-01,6.672178452879188315e-01,7.113456450274986409e-01,5.059191890786305379e-01,4.885242452908485356e-01,6.860695815118114105e-01,1.000000000000000000e+00,3.164589352803066635e-01,7.680475376211597371e-01,1.000000000000000000e+00,9.957422727355509373e-01,8.152261034832433140e-01,6.639334646227509351e-01,-1.312049126984926317e-01,2.879729864864561395e-01,7.264202345253941706e-01,3.201322382483141049e-01,-1.082603602881908461e-01,-1.306011837027680478e-01,8.347758688883600842e-01,2.935664700273960537e-01,1.578848653473926278e-01,6.620787693256060535e-01,9.909710848720453269e-01,6.227845609446430730e-01,6.414731406447125028e-01,9.190456245792172352e-02,4.549933864418479468e-01,1.223541347001408930e-01,2.712027695252666737e-01,-1.000000000000000000e+00,7.747400212941152331e-01,6.617580508257355776e-01,-4.390925713154643639e-01,7.513007144569113782e-01,1.000000000000000000e+00,4.342426934808372163e-01,5.033818829968071673e-02,-6.677715324836529520e-01,8.717316104015071510e-01,-7.553792632851685784e-01,3.009058085596656995e-01,3.151656397046573854e-01,1.000000000000000000e+00,4.136885270473599219e-01,-6.594607844249037454e-01,3.488399381238878050e-01,3.688321044620477829e-01,-2.869412426260258275e-01,-1.000000000000000000e+00,1.000000000000000000e+00,6.005556705217688501e-02,7.578507558198981087e-02,-3.826213448576805676e-01,7.107754011802157601e-01,-1.000000000000000000e+00,2.318704581203648307e-01,1.000000000000000000e+00,3.287512604873811806e-01,-3.089806346596015718e-01,1.723793162880396801e-01,4.064001356636497420e-01,9.252332701997371123e-01,1.000000000000000000e+00,-1.000000000000000000e+00,5.196020366777127641e-01,2.844451040736282743e-01,-3.903405922891898805e-01,1.000000000000000000e+00,-8.947885123921911488e-01,-3.549674877694190545e-01
0.000000000000000000e+00,0.000000000000000000e+00,0.000000000000000000e+00,0.000000000000000000e+00,0.000000000000000000e+00,0.000000000000000000e+00,0.000000000000000000e+00,0.000000000000000000e+00,0.000000000000000000e+00,0.000000000000000000e+00,0.000000000000000000e+00,0.000000000000000000e+00,0.000000000000000000e+00,0.000000000000000000e+00,0.000000000000000000e+00,0.000000000000000000e+00,0.000000000000000000e+00,0.000000000000000000e+00,0.000000000000000000e+00,0.000000000000000000e+00,0.000000000000000000e+00,0.000000000000000000e+00,0.000000000000000000e+00,0.000000000000000000e+00,1.000000000000000000e+00,9.108435589163971224e-01,9.149356644375916670e-01,1.000000000000000000e+00,8.413013506817017539e-01,1.000000000000000000e+00,7.530032866710791861e-01,3.849018432961708314e-01,4.038918009332417292e-01,5.407830601283335481e-01,1.000000000000000000e+00,1.000000000000000000e+00,2.380183537317567266e-01,6.779695779156476032e-01,1.000000000000000000e+00,1.000000000000000000e+00,9.000758724206773254e-01,9.452387695814352675e-01,1.891923487860955322e-01,9.111941107534375917e-01,9.057830192328597541e-01,9.096620405246712282e-02,9.727299823237461895e-02,4.123514870650091813e-01,1.000000000000000000e+00,1.088055487412111916e-01,6.318357836505246183e-01,4.421928835039142247e-01,9.722355117834584615e-01,1.843984629356607841e-01,5.127824432383349951e-01,1.234522586571201730e-01,1.976574747876892468e-01,5.823945541090563838e-01,4.493461020536294592e-01,-1.000000000000000000e+00,1.000000000000000000e+00,4.646493738244091842e-01,-2.853716624815707537e-01,1.000000000000000000e+00,1.000000000000000000e+00,4.335443863945937504e-01,7.714070407275976926e-01,-2.055662808013962450e-01,4.468436368695987149e-01,3.661035307465006217e-02,7.465497310581843404e-01,5.230191540742746420e-02,6.227686797776055272e-01,2.187243433092884992e-01,-5.634145904243741398e-01,1.000000000000000000e+00,6.902949333427593759e-02,-6.121308743766878946e-01,-6.271603047149008070e-01,5.185153321009378091e-01,-2.474720622169260253e-01,2.615346047426183596e-01,-2.557467573935294780e-01,2.382692864793038434e-01,-7.705604704085581291e-01,8.196614016259378133e-01,1.000000000000000000e+00,2.112969168506925455e-01,-6.144118916072404124e-01,4.164221907556895363e-01,6.406475554595718602e-01,6.497688256633501469e-01,1.000000000000000000e+00,-1.000000000000000000e+00,5.556780324971832830e-01,3.751349721175301077e-01,-2.866909376814249510e-01,1.000000000000000000e+00,-1.000000000000000000e+00,-6.681255363951957849e-01
0.000000000000000000e+00,0.000000000000000000e+00,0.000000000000000000e+00,0.000000000000000000e+00,0.000000000000000000e+00,0.000000000000000000e+00,0.000000000000000000e+00,0.000000000000000000e+00,0.000000000000000000e+00,0.000000000000000000e+00,0.000000000000000000e+00,0.000000000000000000e+00,0.000000000000000000e+00,0.000000000000000000e+00,0.000000000000000000e+00,0.000000000000000000e+00,0.000000000000000000e+00,0.000000000000000000e+00,0.000000000000000000e+00,0.000000000000000000e+00,0.000000000000000000e+00,0.000000000000000000e+00,0.000000000000000000e+00,0.000000000000000000e+00,0.000000000000000000e+00,1.000000000000000000e+00,7.397744064036955169e-01,7.964269663675993538e-01,7.016267301425186398e-01,6.864732497212421292e-01,8.293491031011966941e-01,5.392576272533822213e-01,5.308209689704357359e-01,3.239563266131158525e-01,1.000000000000000000e+00,6.722269255583427361e-01,1.353372620995242637e-01,5.456351151319702719e-01,1.000000000000000000e+00,1.000000000000000000e+00,6.895676414755372852e-01,1.000000000000000000e+00,1.159858304711826327e-01,9.319754038061273116e-01,4.132346548757346860e-01,6.229455002681843351e-02,-1.764489191177775473e-01,1.215918091093206727e-01,1.000000000000000000e+00,1.380667601573076220e-01,2.488304187407330004e-01,6.222123001784896079e-01,6.848861469604208274e-01,5.718727872496529585e-01,4.527207022772103406e-01,6.297322583775472049e-01,2.968317855866735577e-01,2.975665413306486928e-01,1.071013239744670609e-01,-6.888100759018235264e-01,1.000000000000000000e+00,4.982202508306363686e-01,-3.197708446585706410e-01,7.955635480534735127e-01,1.000000000000000000e+00,4.826884437627544933e-01,5.127345401298102345e-01,-1.416158617189235691e-01,1.948294568281050410e-01,2.126867283159379340e-01,1.000000000000000000e+00,7.410238596701562708e-01,1.000000000000000000e+00,6.100959216547533481e-01,-4.534081927744914586e-01,5.863142913436707460e-01,3.854913108767678009e-01,-2.117358100307034086e-01,-5.696852203815834237e-01,1.594807455267512608e-01,-1.076138029794494327e-01,2.565053657126237785e-01,-2.606317343487555283e-01,3.630417750163202895e-01,-7.358233345543755410e-01,9.225236439057489246e-01,8.058949096381228250e-01,-3.945942886690003565e-03,-5.571310118812579093e-01,3.558163765743691531e-01,3.901747699842952333e-01,5.117161984112437167e-01,1.000000000000000000e+00,-1.000000000000000000e+00,1.238240549389522382e-01,3.019494841720545830e-01,-5.391085208062853518e-01,1.000000000000000000e+00,-8.527733821102906342e-01,-5.340425924745959563e-01
0.000000000000000000e+00,0.000000000000000000e+00,0.000000000000000000e+00,0.000000000000000000e+00,0.000000000000000000e+00,0.000000000000000000e+00,0.000000000000000000e+00,0.000000000000000000e+00,0.000000000000000000e+00,0.000000000000000000e+00,0.000000000000000000e+00,0.000000000000000000e+00,0.000000000000000000e+00,0.000000000000000000e+00,0.000000000000000000e+00,0.000000000000000000e+00,0.000000000000000000e+00,0.000000000000000000e+00,0.000000000000000000e+00,0.000000000000000000e+00,0.000000000000000000e+00,0.000000000000000000e+00,0.000000000000000000e+00,0.000000000000000000e+00,0.000000000000000000e+00,0.000000000000000000e+00,1.000000000000000000e+00,1.000000000000000000e+00,6.845512617426099400e-01,1.000000000000000000e+00,6.495563563389686879e-01,7.142834410671721201e-01,4.687610894667682548e-01,4.187858708427905641e-01,7.841342660636690942e-01,1.000000000000000000e+00,1.422524657159207895e-01,8.986484425363353568e-01,1.000000000000000000e+00,9.727040144221050788e-01,7.342845929620590573e-01,8.720034383736070538e-01,-1.433335077306757688e-01,7.165078295104757578e-01,4.541784113420697100e-01,1.384466977187281400e-01,-1.818728777455754786e-01,3.195356058588864068e-01,9.786871362553501985e-01,1.915457862431147740e-01,3.478542165982300149e-01,5.888769959489467132e-01,7.605234131994911273e-01,2.500228174985372198e-01,6.865773009386100245e-01,2.868635854164054977e-01,4.639345768030924688e-01,6.967403199642460132e-01,2.465909432577497729e-01,-1.000000000000000000e+00,1.000000000000000000e+00,5.786500891477038833e-01,-4.401435467047299377e-01,9.659811381157894505e-01,9.188244868114568975e-01,3.643323431712964799e-01,2.728402075222260414e-01,-6.542999093125223542e-01,5.535918828861032814e-01,-4.102692266563339740e-01,6.884859584088730555e-01,-9.949075044102322074e-02,6.900360819127627776e-01,1.687081963005992724e-01,-6.179729042342814171e-01,7.593914381738494646e-01,3.515611704338696408e-01,-4.536352114189847184e-01,-6.578093701605951527e-01,6.834759172861945009e-01,-2.364542402668848575e-01,-5.149641267158302366e-02,-6.130278817325227614e-01,3.067538037729530820e-01,-1.000000000000000000e+00,4.899894532846954531e-01,9.571588379381859024e-01,2.393119982406728130e-01,-2.507175861745421508e-01,1.241423852589715882e-01,4.350341592541913660e-01,4.263081876870782327e-01,1.000000000000000000e+00,-1.000000000000000000e+00,2.986422212781483232e-01,8.448379222521977538e-02,-1.287109647578370264e-01,1.000000000000000000e+00,-8.430570455990439305e-01,-4.456852804100874255e-01
0.000000000000000000e+00,0.000000000000000000e+00,0.000000000000000000e+00,0.000000000000000000e+00,0.000000000000000000e+00,0.000000000000000000e+00,0.000000000000000000e+00,0.000000000000000000e+00,0.000000000000000000e+00,0.000000000000000000e+00,0.000000000000000000e+00,0.000000000000000000e+00,0.000000000000000000e+00,0.000000000000000000e+00,0.000000000000000000e+00,0.000000000000000000e+00,0.000000000000000000e+00,0.000000000000000000e+00,0.000000000000000000e+00,0.000000000000000000e+00,0.000000000000000000e+00,0.000000000000000000e+00,0.000000000000000000e+00,0.000000000000000000e+00,0.000000000000000000e+00,0.000000000000000000e+00,0.000000000000000000e+00,1.000000000000000000e+00,4.306359134237903175e-01,6.032703219864433697e-01,3.248038458417634722e-01,6.514028101654559810e-01,2.147473867897861377e-01,5.152887346400993884e-01,5.352823364863175115e-01,7.014068730342825075e-01,2.624766467819066862e-01,4.322949907210253961e-01,5.100975889175841660e-01,4.770194998007055709e-01,6.038569453437977463e-01,3.897613347872246892e-01,2.290670156562511078e-02,5.131152789093809119e-01,6.235223169606497473e-01,4.414740442838264722e-01,-7.314393813968154967e-02,3.579429383626567956e-02,3.704893768293269773e-01,2.139151314425557712e-02,2.291072198751122058e-01,3.493768502629078232e-01,5.764749551414823925e-01,2.011412073490246866e-01,5.738775798208618495e-01,2.840672703470069616e-01,7.594168023628816711e-01,1.192271846815167180e-01,2.752567187032710638e-01,-2.926155857288385009e-01,3.748663989774063121e-01,5.376154875025457303e-01,7.160234968151869134e-03,6.410297300931023790e-01,5.407501396973816155e-01,3.072719674376894194e-01,5.960556480683242703e-02,-4.192341501552536709e-01,5.606216137887377604e-01,-2.257676185362517685e-01,3.169759932467657859e-01,-1.242486013740737166e-01,7.409081413638398672e-01,-1.528033863744985288e-01,-1.622390031197811777e-01,-9.245709953428071781e-02,1.145675214262594083e-01,-3.520782877576151271e-01,-6.418938104068472317e-01,4.915358339604819493e-01,1.773633598112078213e-01,-9.350806105875486551e-02,-2.703676129699770225e-01,4.796681921621778200e-01,-9.939719667892552568e-01,2.925326362579492856e-01,5.632722997190287018e-01,3.974572282705818305e-01,-1.813779613724496309e-01,-1.305114564991401993e-01,-1.131655602954472623e-01,4.499289864705519060e-01,1.000000000000000000e+00,-9.595150584083655954e-01,4.010699417601645278e-01,3.739175857595420510e-02,-1.403160965251846748e-01,9.374961185048596990e-01,-3.532134016280476518e-01,-1.542845997968027294e-01
0.000000000000000000e+00,0.000000000000000000e+00,0.000000000000000000e+00,0.000000000000000000e+00,0.000000000000000000e+00,0.000000000000000000e+00,0.000000000000000000e+00,0.000000000000000000e+00,0.000000000000000000e+00,0.000000000000000000e+00,0.000000000000000000e+00,0.000000000000000000e+00,0.000000000000000000e+00,0.000000000000000000e+00,0.000000000000000000e+00,0.000000000000000000e+00,0.000000000000000000e+00,0.000000000000000000e+00,0.000000000000000000e+00,0.000000000000000000e+00,0.000000000000000000e+00,0.000000000000000000e+00,0.000000000000000000e+00,0.000000000000000000e+00,0.000000000000000000e+00,0.000000000000000000e+00,0.000000000000000000e+00,0.000000000000000000e+00,1.000000000000000000e+00,7.955958902969346713e-01,6.168734826920917458e-01,3.189818627435881404e-01,1.367406702805666063e-01,6.946069843350335393e-01,1.000000000000000000e+00,1.000000000000000000e+00,5.212857978211203891e-01,2.113692950929767778e-01,1.000000000000000000e+00,1.000000000000000000e+00,1.000000000000000000e+00,1.000000000000000000e+00,6.289802025299875421e-01,7.765905291730115234e-01,1.000000000000000000e+00,2.608064356841402476e-01,2.654548119752428437e-01,5.884970572648530185e-01,9.290666050937852471e-01,-3.966131894538132974e-01,7.607498277461940406e-01,3.070825441158075431e-01,1.000000000000000000e+00,-5.340243887417327195e-02,5.064898954865014735e-01,-6.632537210244872708e-03,2.991967268182766926e-01,2.781338091159778481e-01,5.594701161421807845e-01,-5.186551780889568919e-01,7.675581785433560622e-01,6.799764196977570174e-01,1.480788978012481660e-01,9.540140444975568901e-01,8.473086595429623058e-01,5.293764083452392466e-01,6.457594003104106806e-01,3.860454862129947817e-01,4.619973693152961136e-01,3.646687069846471507e-01,4.209747494180902105e-01,5.298478026525293288e-02,6.092358478739651195e-01,-2.019235453314822959e-01,5.206888580301428232e-03,5.356640722074569316e-01,-7.266276244196004375e-02,-7.645398795273203874e-01,-7.239951295599207359e-01,1.182928863915595624e-01,2.880368976887521248e-01,-1.472178965914385795e-01,3.384870400954050340e-01,3.541373442598839127e-01,-1.000000000000000000e+00,1.000000000000000000e+00,9.458039437104993619e-01,4.964142097028166334e-01,-7.447021296066943519e-01,2.517325500978002673e-01,1.671280399515185922e-01,7.895842172367527612e-01,5.998195695526479243e-01,-1.000000000000000000e+00,8.386663112242603857e-01,7.453436708972273061e-01,-3.312618323797618669e-01,6.628890607866680940e-01,-1.000000000000000000e+00,-6.730325098041520793e-01
0.000000000000000000e+00,0.000000000000000000e+00,0.000000000000000000e+00,0.000000000000000000e+00,0.000000000000000000e+00,0.000000000000000000e+00,0.000000000000000000e+00,0.000000000000000000e+00,0.000000000000000000e+00,0.000000000000000000e+00,0.000000000000000000e+00,0.000000000000000000e+00,0.000000000000000000e+00,0.000000000000000000e+00,0.000000000000000000e+00,0.000000000000000000e+00,0.000000000000000000e+00,0.000000000000000000e+00,0.000000000000000000e+00,0.000000000000000000e+00,0.000000000000000000e+00,0.000000000000000000e+00,0.000000000000000000e+00,0.000000000000000000e+00,0.000000000000000000e+00,0.000000000000000000e+00,0.000000000000000000e+00,0.000000000000000000e+00,0.000000000000000000e+00,1.000000000000000000e+00,3.964284256659159622e-01,4.867472272783999188e-01,1.745810958013191139e-01,3.653163083810364586e-01,3.564955031911175576e-01,7.878707847345378656e-01,2.283526200154190056e-01,5.297034716288689937e-01,8.091317133210751411e-01,4.749119202431920650e-01,6.997315968526321983e-01,3.569704394424703109e-01,-1.300734258348011929e-01,3.835705542400025259e-01,3.154351008116612065e-01,8.794061297519957521e-02,5.712642872590943666e-02,-1.055612743551973404e-01,6.590722466304186344e-01,2.190511010350828514e-01,4.836538438637763559e-01,3.361878881804379882e-01,7.508217046516711957e-01,-2.886193326981170010e-02,4.740983033622082621e-01,-1.699407848166804846e-01,2.923486921716356712e-01,4.808349517868540368e-01,1.073163107753572071e-01,-9.816248969131119440e-01,8.709927690427450298e-01,4.011182826602509577e-01,-2.877619100254094620e-01,8.783227854283044422e-01,3.598578625583985224e-01,2.044479851982451135e-01,1.708606561909828403e-01,-5.817816652844547409e-01,6.904712117124730542e-01,-4.267075719175131288e-01,1.193538056081063781e-01,-6.549314390396734353e-01,3.717970342981450904e-01,1.224789138999828574e-02,-3.637351558119775730e-01,6.344625836755162229e-01,2.020846194065240853e-01,-5.186941795711728087e-01,-6.860073159729785930e-01,7.271879227745688956e-01,-1.688136422957306482e-01,-8.455798220184504443e-02,-3.793582416511177002e-01,2.286587817556489655e-01,-6.922393773902361103e-01,1.221800002254146977e-01,6.696424413724176850e-01,3.787563168333463737e-01,-2.806348271845289788e-01,-7.829851746033847371e-02,7.599481319896772558e-01,6.100503069927275535e-01,1.000000000000000000e+00,-1.000000000000000000e+00,8.244911044860363525e-01,6.664863749297426920e-02,9.019616162159967143e-02,7.555171767601629451e-01,-7.001504458741427683e-01,-3.554513520121775905e-01
0.000000000000000000e+00,0.000000000000000000e+00,0.000000000000000000e+00,0.000000000000000000e+00,0.000000000000000000e+00,0.000000000000000000e+00,0.000000000000000000e+00,0.000000000000000000e+00,0.000000000000000000e+00,0.000000000000000000e+00,0.000000000000000000e+00,0.000000000000000000e+00,0.000000000000000000e+00,0.000000000000000000e+00,0.000000000000000000e+00,0.000000000000000000e+00,0.000000000000000000e+00,0.000000000000000000e+00,0.000000000000000000e+00,0.000000000000000000e+00,0.000000000000000000e+00,0.000000000000000000e+00,0.000000000000000000e+00,0.000000000000000000e+00,0.000000000000000000e+00,0.000000000000000000e+00,0.000000000000000000e+00,0.000000000000000000e+00,0.000000000000000000e+00,0.000000000000000000e+00,1.000000000000000000e+00,6.339756226814712292e-01,6.614415998388610829e-01,8.488186413962915677e-02,1.000000000000000000e+00,5.405363548766976001e-01,1.348528796041213174e-01,6.112449988026464887e-01,1.000000000000000000e+00,1.000000000000000000e+00,6.292947834598587864e-01,1.000000000000000000e+00,3.638385541980061148e-03,8.412899952583215990e-01,-6.982949381790523602e-02,-1.292435517901285302e-01,-3.345266987091691790e-01,-1.680234071793621220e-01,1.000000000000000000e+00,3.174473579864897643e-01,8.089663071714645048e-02,7.130730394804843941e-01,6.977345042336667857e-01,8.353626628338842730e-01,4.058060868691227285e-01,8.210174372720651093e-01,6.168083665458366782e-02,3.408841049429158221e-01,-4.695319592847550100e-02,-7.167995033478347100e-01,1.000000000000000000e+00,5.326731772837496326e-01,-5.070266954446113195e-01,7.162070867351263415e-01,1.000000000000000000e+00,4.917588076626194238e-01,5.116069172064910964e-01,-2.356675323663533494e-01,2.989080151699970989e-01,2.536629518553506490e-01,1.000000000000000000e+00,9.206757760780546196e-01,1.000000000000000000e+00,9.533375893197898465e-01,-4.761763052206567370e-01,6.789987900026642764e-01,6.641178067909854210e-01,3.330260395890613512e-02,-8.217386081312396673e-01,6.746161384791658777e-02,-5.742659511922353355e-01,2.737958619226243395e-01,-3.252647089728739060e-01,3.659949086693050080e-01,-3.684813336946248241e-01,7.536684836197753423e-01,8.826612233206336811e-01,-1.480137989297116430e-01,-5.656540782460859340e-01,3.279300900427433163e-01,6.499828312530799845e-01,4.285974255826942025e-01,1.000000000000000000e+00,-1.000000000000000000e+00,7.633830652951635598e-02,3.149319638233863405e-01,-6.631798950285766603e-01,1.000000000000000000e+00,-1.000000000000000000e+00,-5.384816048155726120e-01
0.000000000000000000e+00,0.000000000000000000e+00,0.000000000000000000e+00,0.000000000000000000e+00,0.000000000000000000e+00,0.000000000000000000e+00,0.000000000000000000e+00,0.000000000000000000e+00,0.000000000000000000e+00,0.000000000000000000e+00,0.000000000000000000e+00,0.000000000000000000e+00,0.000000000000000000e+00,0.000000000000000000e+00,0.000000000000000000e+00,0.000000000000000000e+00,0.000000000000000000e+00,0.000000000000000000e+00,0.000000000000000000e+00,0.000000000000000000e+00,0.000000000000000000e+00,0.000000000000000000e+00,0.000000000000000000e+00,0.000000000000000000e+00,0.000000000000000000e+00,0.000000000000000000e+00,0.000000000000000000e+00,0.000000000000000000e+00,0.000000000000000000e+00,0.000000000000000000e+00,0.000000000000000000e+00,1.000000000000000000e+00,3.269964916310008074e-01,7.480669101476568328e-02,6.217476077645062854e-02,3.055511610045315574e-01,6.616481912625017670e-02,4.842037102269322602e-01,1.953487178074515829e-01,2.786721057496122644e-01,2.153544881269864875e-01,3.271855295169420752e-01,-2.831609609052974097e-01,8.296898528640388182e-02,-3.037361130574972035e-01,2.406284028212024029e-01,-4.844594533735601116e-01,-4.729653662605391440e-01,-5.722629372512089141e-02,2.789390983132359336e-01,-2.370732802843147080e-01,4.546067206804415006e-01,1.452419235283628207e-01,4.628644444868332264e-01,5.016939234672118664e-01,5.615595772454574641e-01,5.566714939697848807e-01,1.009112266990307566e-01,-1.864961036408943063e-01,1.581214850434083941e-01,2.874635443491170839e-01,4.780398683127206061e-01,-2.337969683334315540e-01,1.305136412623981168e-01,3.300795056645500769e-01,1.936150067025814991e-01,-4.440874904117934618e-01,-8.152406952096201698e-01,4.852636036289040833e-01,-4.194267318507110542e-01,-2.206526513103365394e-01,2.915064797887985740e-02,1.000000000000000000e+00,1.605509086509870897e-01,-9.317831734920209441e-02,-3.981090916002830715e-01,6.565082962254502608e-01,1.687871940427224937e-01,-6.327255272186110835e-01,3.965872927107945700e-01,-2.209373941564497235e-01,-3.935721911114812288e-01,-4.812920978281334805e-01,5.062757173954576251e-01,-7.037283068462453217e-01,-5.582594234079786555e-02,2.495463782860031232e-01,1.476501306293626081e-01,1.852306698144033925e-01,-4.628352813689904366e-01,-2.131500755450202456e-01,9.254411542397542045e-02,5.251054465157678486e-01,-9.785492824477988183e-01,-1.259581175503435291e-01,-2.435700953788644818e-01,-2.114771073490426256e-01,7.908067648637193692e-01,-6.710938837630490983e-02,1.606061888244584013e-01
0.000000000000000000e+00,0.000000000000000000e+00,0.000000000000000000e+00,0.000000000000000000e+00,0.000000000000000000e+00,0.000000000000000000e+00,0.000000000000000000e+00,0.000000000000000000e+00,0.000000000000000000e+00,0.000000000000000000e+00,0.000000000000000000e+00,0.000000000000000000e+00,0.000000000000000000e+00,0.000000000000000000e+00,0.000000000000000000e+00,0.000000000000000000e+00,0.000000000000000000e+00,0.000000000000000000e+00,0.000000000000000000e+00,0.000000000000000000e+00,0.000000000000000000e+00,0.000000000000000000e+00,0.000000000000000000e+00,0.000000000000000000e+00,0.000000000000000000e+00,0.000000000000000000e+00,0.000000000000000000e+00,0.000000000000000000e+00,0.000000000000000000e+00,0.000000000000000000e+00,0.000000000000000000e+00,0.000000000000000000e+00,1.000000000000000000e+00,-2.516902781799614797e-01,3.924240940082108775e-01,2.607303994596131269e-01,-2.655111504622062468e-01,1.000000000000000000e+00,1.000000000000000000e+00,1.000000000000000000e+00,-2.525032496718259550e-02,9.182895452764870958e-01,-6.649704255783911444e-01,4.423713493930471197e-01,-8.325777600029934389e-01,-1.752988798157345263e-01,-9.820958336600200678e-01,-9.914557550948099873e-01,5.953648582714844428e-01,8.406860580218320500e-01,-6.438900987222945238e-01,9.711500143518692063e-01,1.733524035470304370e-01,1.000000000000000000e+00,5.066391554389009233e-01,1.000000000000000000e+00,4.567746226971799994e-01,3.406482062341203987e-01,-5.737685733289529244e-01,-7.314225536043268416e-01,1.000000000000000000e+00,6.309825449016723820e-01,-9.608109919520458897e-01,2.338156498082274715e-01,1.000000000000000000e+00,4.071950276615311504e-01,-1.240213667249236429e-01,-1.000000000000000000e+00,2.404712615441350898e-01,-4.973745291083927489e-01,6.549289177858337307e-01,1.000000000000000000e+00,1.000000000000000000e+00,1.000000000000000000e+00,-9.618570528968189981e-01,2.473192519915602405e-01,1.000000000000000000e+00,6.785540707124596560e-01,-8.553159095656862609e-01,6.735527151501632392e-01,-8.783211890848620085e-01,1.590916199430586764e-01,-1.000000000000000000e+00,4.611091103774122013e-01,-2.306652751117819755e-01,1.926367625752549717e-01,6.246788089143856526e-01,-4.474526453349794708e-01,9.660246492713811528e-02,-1.368607706655166484e-02,4.949303609946447136e-01,4.218083522342779002e-02,1.000000000000000000e+00,-1.000000000000000000e+00,-1.000000000000000000e+00,-2.792671202463413715e-01,-8.236765474772816953e-01,1.000000000000000000e+00,-6.236264925647627688e-01,-1.295105748732468531e-01
0.000000000000000000e+00,0.000000000000000000e+00,0.000000000000000000e+00,0.000000000000000000e+00,0.000000000000000000e+00,0.000000000000000000e+00,0.000000000000000000e+00,0.000000000000000000e+00,0.000000000000000000e+00,0.000000000000000000e+00,0.000000000000000000e+00,0.000000000000000000e+00,0.000000000000000000e+00,0.000000000000000000e+00,0.000000000000000000e+00,0.000000000000000000e+00,0.000000000000000000e+00,0.000000000000000000e+00,0.000000000000000000e+00,0.000000000000000000e+00,0.000000000000000000e+00,0.000000000000000000e+00,0.000000000000000000e+00,0.000000000000000000e+00,0.000000000000000000e+00,0.000000000000000000e+00,0.000000000000000000e+00,0.000000000000000000e+00,0.000000000000000000e+00,0.000000000000000000e+00,0.000000000000000000e+00,0.000000000000000000e+00,0.000000000000000000e+00,1.000000000000000000e+00,4.209996681852441469e-01,8.218786100110762050e-01,4.357346096694015292e-01,-9.114033618583462781e-02,-1.288300618630646432e-01,8.318136328511563371e-02,9.358846704964205454e-01,1.958721127423226627e-01,5.702655582082057917e-01,4.964767241729898251e-01,1.000000000000000000e+00,7.625087060781136072e-01,4.997231123774893424e-01,5.200260410513252163e-01,2.232471295998019190e-01,-5.485680655399407524e-01,6.353136124613358859e-01,9.022931821892864190e-02,7.780387045723722306e-01,-2.886446176209113146e-01,4.301572275464939921e-01,-4.744313430547459354e-01,7.324260372793764962e-01,-2.797049301831011636e-01,7.501238372619897232e-01,-1.058960402839554255e-01,-4.632336245624288362e-02,5.035889011320405784e-01,4.542234911380218509e-01,5.952046310964059783e-01,5.744528062575863236e-01,3.666611989165625696e-01,1.854374641933281831e-01,4.492305393023797166e-01,4.089545730795494105e-01,-6.994428891884843513e-02,1.621846028849636967e-01,-1.746389353945384734e-02,8.641390723336316027e-02,-6.067122603823952298e-01,1.271144262172879125e-01,-3.245082506398407340e-01,-5.991140313821288199e-01,-7.611792312344893841e-01,-4.054120747240210210e-01,4.073318129620092098e-01,1.000000000000000000e+00,-2.334793458201874644e-02,4.565271034703369812e-01,6.173736869909692837e-01,-1.000000000000000000e+00,6.102779966122203748e-01,4.949935904550426535e-01,6.853865898323586725e-01,-4.533405215057672022e-01,6.832946019436350604e-02,-4.837824469026734131e-01,8.987406086519184045e-01,-1.446901489360374361e-02,-6.828567905937995564e-01,7.371365799763405224e-01,4.326900222968530496e-01,-9.303974726279058693e-02,-5.068819746639659229e-02,-4.729158836210775596e-01,-2.669275301202994055e-01
0.000000000000000000e+00,0.000000000000000000e+00,0.000000000000000000e+00,0.000000000000000000e+00,0.000000000000000000e+00,0.000000000000000000e+00,0.000000000000000000e+00,0.000000000000000000e+00,0.000000000000000000e+00,0.000000000000000000e+00,0.000000000000000000e+00,0.000000000000000000e+00,0.000000000000000000e+00,0.000000000000000000e+00,0.000000000000000000e+00,0.000000000000000000e+00,0.000000000000000000e+00,0.000000000000000000e+00,0.000000000000000000e+00,0.000000000000000000e+00,0.000000000000000000e+00,0.000000000000000000e+00,0.000000000000000000e+00,0.000000000000000000e+00,0.000000000000000000e+00,0.000000000000000000e+00,0.000000000000000000e+00,0.000000000000000000e+00,0.000000000000000000e+00,0.000000000000000000e+00,0.000000000000000000e+00,0.000000000000000000e+00,0.000000000000000000e+00,0.000000000000000000e+00,1.000000000000000000e+00,2.663275377267837474e-01,2.123623646870075321e-01,6.866184387522297240e-03,6.776432891482071508e-01,5.950873375352407901e-01,3.548525905208030906e-01,6.290554654099420606e-01,3.555922518628937268e-01,4.259459300891040301e-01,4.291751123425412429e-01,3.466371944101950819e-02,1.024643911821446624e-01,5.588749698787289777e-01,4.824834929825966845e-01,-1.805558933573269131e-01,2.067954404246298283e-01,7.627961781939138208e-02,2.821605301063647708e-01,1.221195985902012865e-01,8.250037620175186548e-02,3.183876651735061403e-01,-4.750350932608234100e-02,2.825997222960913158e-02,2.442961311156657545e-01,6.523760552685602121e-02,1.666314837693349260e-01,7.948243916927261177e-02,1.449093379796163039e-01,3.063414740159083882e-01,3.586996187387558321e-01,1.939995515601954379e-01,4.760192658178162284e-01,3.426928556958686034e-01,-3.345174440800580823e-02,5.267064122923910130e-01,5.674625230567627021e-01,2.789610123496948368e-01,2.721273750124546531e-01,8.484557784892671206e-02,1.229533535768431163e-01,2.355193189857452130e-01,4.421269977831373404e-02,-1.821213195954206054e-01,-1.132630556586922965e-01,-3.765962005763749398e-01,-1.079803511042262965e-01,9.200799323479209868e-02,2.316713129721181263e-01,5.625393618633057341e-02,-2.326258190937872949e-01,6.016463681164844202e-01,3.423150797214552510e-01,2.500056827329859288e-02,-3.908842155144496844e-01,2.897239729234133421e-01,-8.334688360777521565e-02,1.319141824211736702e-01,-8.210340266473445739e-03,-4.284557385467499535e-02,2.176433691684747374e-01,3.725278845361205127e-01,-2.193864387327937870e-01,5.377373328738036529e-01,-2.819893239454849820e-01,-2.816096615479479204e-01
0.000000000000000000e+00,0.000000000000000000e+00,0.000000000000000000e+00,0.000000000000000000e+00,0.000000000000000000e+00,0.000000000000000000e+00,0.000000000000000000e+00,0.000000000000000000e+00,0.000000000000000000e+00,0.000000000000000000e+00,0.000000000000000000e+00,0.000000000000000000e+00,0.000000000000000000e+00,0.000000000000000000e+00,0.000000000000000000e+00,0.000000000000000000e+00,0.000000000000000000e+00,0.000000000000000000e+00,0.000000000000000000e+00,0.000000000000000000e+00,0.000000000000000000e+00,0.000000000000000000e+00,0.000000000000000000e+00,0.000000000000000000e+00,0.000000000000000000e+00,0.000000000000000000e+00,0.000000000000000000e+00,0.000000000000000000e+00,0.000000000000000000e+00,0.000000000000000000e+00,0.000000000000000000e+00,0.000000000000000000e+00,0.000000000000000000e+00,0.000000000000000000e+00,0.000000000000000000e+00,1.000000000000000000e+00,3.954928867895691758e-01,3.916983090717064409e-01,4.511431232938040714e-01,5.206907936521132374e-01,7.697908845170603476e-01,4.342350898137186666e-01,2.235933507825243194e-01,1.828220428438827871e-01,1.000000000000000000e+00,3.780972174646623496e-01,1.581257903017404265e-01,5.214646537135211313e-01,4.999237437036950782e-01,-1.660084260904015896e-01,3.862399372422743449e-01,2.627483056294523389e-01,7.538415270837598436e-01,-3.173566137552923105e-02,5.248503870837841756e-01,-2.443996196614668104e-01,4.393001740019874535e-01,1.671339869661666311e-01,4.711992715448130586e-01,-5.494635677334600565e-01,4.085610347959809929e-01,4.793078927751417417e-01,1.526794586201006727e-02,6.293645224985854325e-01,5.996980611798251593e-01,3.009759648234974772e-01,1.303790561816314530e-01,-1.646751685067982252e-01,6.133610389421061404e-01,-3.900643881688719561e-01,-6.351801242293175775e-02,-2.748397782485130780e-01,4.421201294884798405e-01,-3.680228849819623393e-01,-1.872242432494271303e-01,2.154491645577531478e-01,-3.296769025252620916e-02,-5.820660771069285921e-01,-6.554742664037355171e-01,6.615174200012461370e-01,2.840313793312958524e-01,-2.715720299061731846e-01,1.601566490420114905e-03,4.071912676739281034e-01,-1.000000000000000000e+00,3.671138766148932531e-01,8.078715845181836386e-01,5.039943284914014665e-01,-2.414518384133619300e-01,5.311833010481610551e-02,-7.105601880672662851e-02,6.354689244254351221e-01,8.239038415019164230e-01,-9.945174192243907418e-01,5.618332175065566814e-01,3.932249062495782321e-01,-8.029744103843788894e-02,3.909935512738851315e-01,-5.925423740478981127e-01,-3.122132135416833543e-01
0.000000000000000000e+00,0.000000000000000000e+00,0.000000000000000000e+00,0.000000000000000000e+00,0.000000000000000000e+00,0.000000000000000000e+00,0.000000000000000000e+00,0.000000000000000000e+00,0.000000000000000000e+00,0.000000000000000000e+00,0.000000000000000000e+00,0.000000000000000000e+00,0.000000000000000000e+00,0.000000000000000000e+00,0.000000000000000000e+00,0.000000000000000000e+00,0.000000000000000000e+00,0.000000000000000000e+00,0.000000000000000000e+00,0.000000000000000000e+00,0.000000000000000000e+00,0.000000000000000000e+00,0.000000000000000000e+00,0.000000000000000000e+00,0.000000000000000000e+00,0.000000000000000000e+00,0.000000000000000000e+00,0.000000000000000000e+00,0.000000000000000000e+00,0.000000000000000000e+00,0.000000000000000000e+00,0.000000000000000000e+00,0.000000000000000000e+00,0.000000000000000000e+00,0.000000000000000000e+00,0.000000000000000000e+00,1.000000000000000000e+00,-2.710661851789751831e-01,1.618109199089076133e-01,3.374168564412346472e-01,1.000000000000000000e+00,2.028814908972149389e-01,7.047001639727281663e-01,-1.786944728127799753e-01,1.000000000000000000e+00,7.079818108338667981e-01,7.314755685557111642e-01,7.632370063693459938e-01,3.490888940294173404e-01,-5.687478938654486615e-01,6.431003446702610038e-01,-6.476873571009571229e-02,1.000000000000000000e+00,-1.085267164709099730e-01,3.872939489539611313e-01,-4.600551567833324196e-01,4.456612150913574766e-01,-6.664640202760824250e-01,7.446170619277951985e-01,1.980147674638003674e-01,-1.000000000000000000e+00,2.486497482766106826e-01,6.726849371032909142e-01,5.974451109890793754e-01,1.861186400867559376e-01,2.726306672081818538e-01,2.833234284154901861e-01,2.390369071344568552e-01,9.681249870128483259e-01,-7.992948237101234199e-03,-3.920546344100533376e-01,-7.638064807760897024e-01,5.531472419961135367e-01,-6.958734453909822815e-01,5.577070289900269984e-01,-2.992023760665986076e-01,-3.103561950033064676e-01,-8.149906826371399182e-01,-9.938549255644963942e-01,2.791186604188438669e-01,5.908477992267271439e-01,-3.743003539450363570e-01,9.192940092864885226e-01,5.920397801108763236e-01,-1.000000000000000000e+00,2.753767156490439239e-01,8.965384448816350327e-01,9.541117885351524386e-01,-6.356203216422293689e-01,1.835483052083105582e-01,-3.802373425269762186e-01,1.000000000000000000e+00,-1.000000000000000000e+00,-9.436962253561835545e-02,1.000000000000000000e+00,9.552598412142139228e-01,4.358973632641548884e-03,-2.609941387741043783e-01,-3.693328153045315476e-01,-3.061215051916549301e-01
0.000000000000000000e+00,0.000000000000000000e+00,0.000000000000000000e+00,0.000000000000000000e+00,0.000000000000000000e+00,0.000000000000000000e+00,0.000000000000000000e+00,0.000000000000000000e+00,0.000000000000000000e+00,0.000000000000000000e+00,0.000000000000000000e+00,0.000000000000000000e+00,0.000000000000000000e+00,0.000000000000000000e+00,0.000000000000000000e+00,0.000000000000000000e+00,0.000000000000000000e+00,0.000000000000000000e+00,0.000000000000000000e+00,0.000000000000000000e+00,0.000000000000000000e+00,0.000000000000000000e+00,0.000000000000000000e+00,0.000000000000000000e+00,0.000000000000000000e+00,0.000000000000000000e+00,0.000000000000000000e+00,0.000000000000000000e+00,0.000000000000000000e+00,0.000000000000000000e+00,0.000000000000000000e+00,0.000000000000000000e+00,0.000000000000000000e+00,0.000000000000000000e+00,0.000000000000000000e+00,0.000000000000000000e+00,0.000000000000000000e+00,1.000000000000000000e+00,7.693716569035899955e-01,5.910716686167446499e-01,8.848025278263658977e-02,4.190837658045117320e-01,-5.790313561842996837e-01,5.221907889069994646e-02,-2.594071712999793666e-01,-6.349378669075719794e-02,-6.592692263812093278e-01,-2.318121431263283072e-01,3.336709494612244975e-01,5.600137706686815209e-01,-3.030752544346631550e-01,5.493826446106468975e-01,1.961625748843897898e-01,4.810632529768778531e-01,5.343125480563378771e-01,5.314739334650550040e-01,2.797469453862091449e-01,6.820302200201950882e-01,-1.910679100662291963e-01,-7.067295633699877122e-01,1.000000000000000000e+00,5.602986798087709053e-01,-6.580184656693629508e-01,2.607885725964149692e-01,5.583830993341039051e-01,1.520127308236016994e-01,-3.526720769121814425e-01,-1.000000000000000000e+00,4.681997392816913406e-01,-8.511332601440251278e-01,4.666673718340409727e-02,7.147880767227722532e-02,1.000000000000000000e+00,3.714182002046108044e-01,-6.473808606588631331e-01,3.168863551728302586e-01,7.550880097892794796e-01,1.798031714519348345e-01,-6.350644276748537154e-01,7.774230362080905010e-01,-6.397620760218777347e-01,-2.057011642958633257e-01,-9.855887809394461296e-01,2.758233927465871815e-01,-5.800051656642843945e-01,-1.148657767217260289e-01,4.845403172152918381e-01,-5.563295007789590546e-02,3.634912610794582277e-01,-2.613343992749969646e-01,2.350528237501512407e-01,-1.356937391057049525e-01,1.000000000000000000e+00,-1.000000000000000000e+00,-2.846159558989097560e-01,-3.655917352435300027e-01,-1.439524728212304983e-01,1.000000000000000000e+00,-3.031563072972158213e-01,4.733337586040858858e-02
0.000000000000000000e+00,0.000000000000000000e+00,0.000000000000000000e+00,0.000000000000000000e+00,0.000000000000000000e+00,0.000000000000000000e+00,0.000000000000000000e+00,0.000000000000000000e+00,0.000000000000000000e+00,0.000000000000000000e+00,0.000000000000000000e+00,0.000000000000000000e+00,0.000000000000000000e+00,0.000000000000000000e+00,0.000000000000000000e+00,0.000000000000000000e+00,0.000000000000000000e+00,0.000000000000000000e+00,0.000000000000000000e+00,0.000000000000000000e+00,0.000000000000000000e+00,0.000000000000000000e+00,0.000000000000000000e+00,0.000000000000000000e+00,0.000000000000000000e+00,0.000000000000000000e+00,0.000000000000000000e+00,0.000000000000000000e+00,0.000000000000000000e+00,0.000000000000000000e+00,0.000000000000000000e+00,0.000000000000000000e+00,0.000000000000000000e+00,0.000000000000000000e+00,0.000000000000000000e+00,0.000000000000000000e+00,0.000000000000000000e+00,0.000000000000000000e+00,1.000000000000000000e+00,7.380734517254456950e-01,1.747697154172689060e-01,5.214285949328694159e-01,-1.946132801199806570e-02,3.370095762058863409e-01,8.587941237256266347e-02,-1.923654881734092326e-01,-1.125880492004272121e-01,1.185611842909516933e-01,5.657012992869725476e-01,2.521492798607076202e-01,9.622513497143118932e-02,1.945124091047359116e-01,2.377619383951572740e-01,2.966904698817233177e-01,8.371473505022031247e-02,3.787141913851373998e-01,-1.413460785352778637e-01,2.683147569666878840e-01,-3.720511777766691286e-02,-4.782241953719028049e-01,5.115013707015499955e-01,7.206340612705565418e-02,-2.270477535239443234e-01,3.654867864584784298e-01,3.787297192725895267e-01,1.380809812420305260e-01,4.464456453586291285e-01,-2.060251928714561531e-01,2.802560112181034374e-02,1.709866497245917660e-01,4.653606736084909823e-01,2.062749419714596799e-01,4.585878216916112748e-01,4.360403595972324742e-01,-2.699890607969771539e-01,5.637551838322633069e-01,2.669438097854719971e-01,-4.412841914152757644e-03,-2.277696292265287692e-01,1.224869791834203026e-02,-5.580322626163789490e-01,2.115140173296159720e-01,-1.760187227656853093e-01,-2.424210338941825207e-02,9.818689370968521068e-02,3.706079076403580586e-01,3.467069491718507979e-01,-1.435832604583567595e-01,-2.528360442859917678e-01,2.514249761056162602e-01,4.521136423642921343e-01,1.044295476555572588e-01,5.089209524594285883e-01,-2.289746768258541232e-01,8.333299029101408351e-02,1.318658875385754214e-01,-2.296480082502647402e-01,8.915311966296672885e-01,-3.005286944246668979e-01,-2.685348931536313821e-01
0.000000000000000000e+00,0.000000000000000000e+00,0.000000000000000000e+00,0.000000000000000000e+00,0.000000000000000000e+00,0.000000000000000000e+00,0.000000000000000000e+00,0.000000000000000000e+00,0.000000000000000000e+00,0.000000000000000000e+00,0.000000000000000000e+00,0.000000000000000000e+00,0.000000000000000000e+00,0.000000000000000000e+00,0.000000000000000000e+00,0.000000000000000000e+00,0.000000000000000000e+00,0.000000000000000000e+00,0.000000000000000000e+00,0.000000000000000000e+00,0.000000000000000000e+00,0.000000000000000000e+00,0.000000000000000000e+00,0.000000000000000000e+00,0.000000000000000000e+00,0.000000000000000000e+00,0.000000000000000000e+00,0.000000000000000000e+00,0.000000000000000000e+00,0.000000000000000000e+00,0.000000000000000000e+00,0.000000000000000000e+00,0.000000000000000000e+00,0.000000000000000000e+00,0.000000000000000000e+00,0.000000000000000000e+00,0.000000000000000000e+00,0.000000000000000000e+00,0.000000000000000000e+00,1.000000000000000000e+00,2.468279480528970393e-01,7.099194122031189380e-01,7.797477112120820841e-02,3.990532072559242471e-01,2.058668867219067555e-01,-9.008831837679963372e-02,-1.828222761610741320e-01,8.809732804419795338e-02,6.089691015132723262e-01,1.820874338810960780e-01,2.819093081214572166e-02,3.229206708824610139e-01,3.086243065986742362e-01,5.036221554430898584e-01,1.858597168613498607e-01,5.254962518814885186e-01,7.531651513138233611e-02,1.317959241305341478e-01,-2.166601675801584775e-02,-4.164018848155753849e-01,5.676351925302270951e-01,2.106868141475140288e-01,-2.096529779482606826e-01,3.703537374392213422e-01,6.537704983653693791e-01,2.782474649556273549e-01,4.768739100438580403e-01,-1.504422742909385102e-01,2.894049591517623699e-02,2.154541337365298292e-01,4.979637980904748629e-01,5.574951826539644717e-01,8.212286407302901159e-01,4.493192834677649516e-01,-3.192140780735294170e-01,4.290288083242793093e-01,2.709310311211085565e-01,2.386374368645752253e-02,-3.614869091137999924e-01,7.218159273360534589e-02,-4.745337271036916271e-01,1.471948521053479120e-01,-8.647303737170071447e-02,1.042744170854666419e-01,-1.956041554922899328e-01,5.791952452896852455e-01,5.064974660156271735e-01,-1.236783663740605582e-01,-3.153504271600897080e-01,3.131691078852926746e-01,2.543476098603555946e-01,2.179484122167535121e-01,4.415359540488286716e-01,-4.304101941048602553e-01,-1.378829919188150621e-01,2.849978466360586493e-01,-4.612753793111358247e-01,1.000000000000000000e+00,-4.152245788670774207e-01,-3.374454867021979276e-01
0.000000000000000000e+00,0.000000000000000000e+00,0.000000000000000000e+00,0.000000000000000000e+00,0.000000000000000000e+00,0.000000000000000000e+00,0.000000000000000000e+00,0.000000000000000000e+00,0.000000000000000000e+00,0.000000000000000000e+00,0.000000000000000000e+00,0.000000000000000000e+00,0.000000000000000000e+00,0.000000000000000000e+00,0.000000000000000000e+00,0.000000000000000000e+00,0.000000000000000000e+00,0.000000000000000000e+00,0.000000000000000000e+00,0.000000000000000000e+00,0.000000000000000000e+00,0.000000000000000000e+00,0.000000000000000000e+00,0.000000000000000000e+00,0.000000000000000000e+00,0.000000000000000000e+00,0.000000000000000000e+00,0.000000000000000000e+00,0.000000000000000000e+00,0.000000000000000000e+00,0.000000000000000000e+00,0.000000000000000000e+00,0.000000000000000000e+00,0.000000000000000000e+00,0.000000000000000000e+00,0.000000000000000000e+00,0.000000000000000000e+00,0.000000000000000000e+00,0.000000000000000000e+00,0.000000000000000000e+00,1.000000000000000000e+00,5.292650198204034151e-01,4.490218641770407082e-01,4.633063902733527972e-01,1.000000000000000000e+00,4.298977599526732085e-01,3.046948504761507470e-01,3.409003202769701479e-01,4.848364327239232385e-01,-3.652437354510388867e-01,5.768902856277712266e-01,2.357143581146753097e-01,8.688942823857583875e-01,-1.322923835467515741e-01,4.444726158230702939e-01,-2.778665687351867808e-01,3.811809064561335614e-01,3.846598152743661153e-02,5.071854529533244005e-01,-2.109205754414259226e-01,3.156187361793495461e-01,6.070170269221816239e-01,1.837579538730692019e-01,6.615701758335993388e-01,5.890701595507958910e-01,3.863307504246618618e-01,1.973364424224034741e-01,3.059599298313626647e-01,5.541487602710306604e-01,-1.427044278520941262e-02,1.492148486855323364e-01,-6.330499751081786197e-02,4.490553548555004104e-01,-2.796867003484758141e-01,1.108357508156614518e-01,6.336261781991746334e-02,-1.464789652045174195e-01,-6.355645050816256525e-01,-6.747696999712050614e-01,2.858054667718169517e-01,7.300311822020808528e-01,-1.573882438002387196e-01,2.955592105790551538e-01,5.214546649201435846e-01,-1.000000000000000000e+00,5.711158535488057852e-01,6.523661786347614289e-01,5.668551598026335681e-01,-4.995684863774336737e-01,-2.270440867367481963e-03,-1.353510314197900639e-02,7.817307604295210544e-01,1.723020444246594340e-01,-9.470058540915587963e-01,8.598840988827070042e-01,4.806457314349654730e-01,-1.377322935284304162e-01,1.125714184726211708e-01,-8.463715627519952100e-01,-3.743354332850050148e-01
0.000000000000000000e+00,0.000000000000000000e+00,0.000000000000000000e+00,0.000000000000000000e+00,0.000000000000000000e+00,0.000000000000000000e+00,0.000000000000000000e+00,0.000000000000000000e+00,0.000000000000000000e+00,0.000000000000000000e+00,0.000000000000000000e+00,0.000000000000000000e+00,0.000000000000000000e+00,0.000000000000000000e+00,0.000000000000000000e+00,0.000000000000000000e+00,0.000000000000000000e+00,0.000000000000000000e+00,0.000000000000000000e+00,0.000000000000000000e+00,0.000000000000000000e+00,0.000000000000000000e+00,0.000000000000000000e+00,0.000000000000000000e+00,0.000000000000000000e+00,0.000000000000000000e+00,0.000000000000000000e+00,0.000000000000000000e+00,0.000000000000000000e+00,0.000000000000000000e+00,0.000000000000000000e+00,0.000000000000000000e+00,0.000000000000000000e+00,0.000000000000000000e+00,0.000000000000000000e+00,0.000000000000000000e+00,0.000000000000000000e+00,0.000000000000000000e+00,0.000000000000000000e+00,0.000000000000000000e+00,0.000000000000000000e+00,1.000000000000000000e+00,2.647341027818326809e-01,6.294256690484071326e-01,1.413760665539571804e-01,-5.487114124132428522e-02,-2.375576895089760998e-01,3.666660645346035419e-01,5.478063315354536611e-01,-9.052355848497567470e-02,7.570917126807051589e-02,3.522134419086319634e-01,2.602248876810224210e-01,2.793956486208571954e-01,2.569094452097927528e-01,5.706851002071655632e-01,4.831707021722100870e-02,3.446057843009818766e-01,7.587894797273306291e-02,4.694299028629098092e-02,9.322881613580105142e-01,4.176192341232812799e-01,-1.147533209181774844e-01,3.140533635072903507e-01,6.680357768803679708e-01,3.420893151660657217e-01,3.244915674901954761e-01,2.571688631919668011e-01,-9.306353005585639437e-02,4.528593296955400471e-01,6.414039059293303868e-01,6.968981543883809859e-01,6.683836072586293309e-01,2.641204491358022377e-01,-5.556014188046481950e-02,3.019818310968814812e-01,3.394453004307420585e-01,-5.449085446352103929e-02,-2.057517509347833451e-01,-2.928166391083901199e-01,-1.666337942869802746e-01,-5.603323586946411944e-02,-6.473529104219798158e-02,1.516467701273870594e-01,-4.656264897747152687e-01,8.344097405238987131e-01,4.004515147324017033e-01,-9.648952036883740035e-02,-2.979012981742554800e-01,1.159259568691979048e-01,-5.611832391070687570e-02,-3.693994623841306835e-02,5.579625268093555412e-01,-7.554054347426227833e-01,-2.038798253256323689e-01,2.610169356775708938e-01,-4.287741754549777018e-01,8.378934208536683581e-01,-5.985709016548440564e-01,-3.222034744442834331e-01
0.000000000000000000e+00,0.000000000000000000e+00,0.000000000000000000e+00,0.000000000000000000e+00,0.000000000000000000e+00,0.000000000000000000e+00,0.000000000000000000e+00,0.000000000000000000e+00,0.000000000000000000e+00,0.000000000000000000e+00,0.000000000000000000e+00,0.000000000000000000e+00,0.000000000000000000e+00,0.000000000000000000e+00,0.000000000000000000e+00,0.000000000000000000e+00,0.000000000000000000e+00,0.000000000000000000e+00,0.000000000000000000e+00,0.000000000000000000e+00,0.000000000000000000e+00,0.000000000000000000e+00,0.000000000000000000e+00,0.000000000000000000e+00,0.000000000000000000e+00,0.000000000000000000e+00,0.000000000000000000e+00,0.000000000000000000e+00,0.000000000000000000e+00,0.000000000000000000e+00,0.000000000000000000e+00,0.000000000000000000e+00,0.000000000000000000e+00,0.000000000000000000e+00,0.000000000000000000e+00,0.000000000000000000e+00,0.000000000000000000e+00,0.000000000000000000e+00,0.000000000000000000e+00,0.000000000000000000e+00,0.000000000000000000e+00,0.000000000000000000e+00,1.000000000000000000e+00,4.073725657954751500e-01,1.000000000000000000e+00,2.344552892049126258e-01,5.939575232783450565e-01,1.000000000000000000e+00,2.209677098861993483e-01,-7.952492899806792304e-01,5.951375482542684558e-01,-3.230422750216961347e-01,2.952913348751309841e-01,-5.169390794944138667e-01,-1.118833777674460850e-01,-3.261496528666890660e-01,-1.483158887423570160e-01,-2.094772447751769018e-01,6.517584129500596513e-01,4.495304270503708843e-01,-3.154962923384675433e-01,-5.325106414538418459e-02,7.000906283263251817e-01,2.083565430792940210e-01,1.182070657475413483e-01,1.922895519938068176e-01,6.490495209312674429e-01,1.000000000000000000e+00,-3.087108143208307509e-01,1.000000000000000000e+00,1.452158186911025051e-01,1.330632102106765191e-01,-6.101974607099999171e-01,-6.504564593348998169e-01,5.746621357386724194e-01,2.630806970325683461e-02,-6.412213352877709216e-01,-5.922131730050131937e-01,3.542425503744235926e-01,-6.801946946086602219e-01,6.411554073607671489e-01,9.546939537399908374e-03,9.289529760046427720e-01,-6.133658036473535469e-02,-4.344477296067145167e-01,9.815664426065556780e-01,1.291890245064867548e-01,2.399065356184555964e-01,-5.694532782708731089e-01,3.729157151213674526e-01,-6.116689460821844726e-01,2.023617963433072542e-01,-8.522766451906965690e-01,3.451348538722959214e-01,3.822505137244210927e-01,7.078579838802563362e-01,-1.353657891644084177e-01,-4.336690882159203730e-01,-2.519559321089843706e-01,-3.494586319852182599e-01
0.000000000000000000e+00,0.000000000000000000e+00,0.000000000000000000e+00,0.000000000000000000e+00,0.000000000000000000e+00,0.000000000000000000e+00,0.000000000000000000e+00,0.000000000000000000e+00,0.000000000000000000e+00,0.000000000000000000e+00,0.000000000000000000e+00,0.000000000000000000e+00,0.000000000000000000e+00,0.000000000000000000e+00,0.000000000000000000e+00,0.000000000000000000e+00,0.000000000000000000e+00,0.000000000000000000e+00,0.000000000000000000e+00,0.000000000000000000e+00,0.000000000000000000e+00,0.000000000000000000e+00,0.000000000000000000e+00,0.000000000000000000e+00,0.000000000000000000e+00,0.000000000000000000e+00,0.000000000000000000e+00,0.000000000000000000e+00,0.000000000000000000e+00,0.000000000000000000e+00,0.000000000000000000e+00,0.000000000000000000e+00,0.000000000000000000e+00,0.000000000000000000e+00,0.000000000000000000e+00,0.000000000000000000e+00,0.000000000000000000e+00,0.000000000000000000e+00,0.000000000000000000e+00,0.000000000000000000e+00,0.000000000000000000e+00,0.000000000000000000e+00,0.000000000000000000e+00,1.000000000000000000e+00,1.721447584294046595e-01,4.672367228982060583e-02,-3.491095457361322735e-02,8.833496738154464345e-02,4.311652429375209539e-01,-1.680640875834226444e-01,3.218467373261426623e-01,1.777940180221551092e-01,1.907365108962214839e-01,6.240113762729996606e-03,1.500567374218926830e-01,3.852135825293924176e-01,2.743376135401130456e-01,2.564113556037052599e-01,1.562264673262980519e-01,-9.609758426960374189e-02,8.700537049617583785e-01,3.016528587702560493e-01,5.363413684685457844e-02,4.572363153605958908e-01,4.883657893432283847e-01,2.825561450173012523e-01,4.889511169792791767e-01,3.998028347598580612e-01,-2.583422460598214232e-01,6.514733258240770208e-01,8.827561470388666232e-01,5.177216063551516312e-01,1.271167775030695168e-01,1.132267975790324788e-01,-4.682460589240919346e-02,2.115425276062022075e-01,-1.224158076921592897e-01,-2.053197671983623684e-01,1.014313692210995765e-01,-3.615499813987547162e-01,2.170895148016037390e-01,2.272718697882397387e-01,-8.233613430424217838e-03,4.329056299989314516e-02,-1.135308174440995826e-01,7.838702833203115006e-01,1.033689280082596140e-01,-5.005159922054407823e-02,-3.935331808907916451e-01,1.128908581474140638e-01,6.257015721413627940e-02,6.404541266891892841e-03,7.625701733436156537e-01,-6.369564011793807934e-01,-1.407278961475346146e-01,6.335683688073266706e-02,-2.608242293899377118e-01,6.993482962747805676e-01,-4.652478793611543595e-01,-3.229061355085642293e-01
0.000000000000000000e+00,0.000000000000000000e+00,0.000000000000000000e+00,0.000000000000000000e+00,0.000000000000000000e+00,0.000000000000000000e+00,0.000000000000000000e+00,0.000000000000000000e+00,0.000000000000000000e+00,0.000000000000000000e+00,0.000000000000000000e+00,0.000000000000000000e+00,0.000000000000000000e+00,0.000000000000000000e+00,0.000000000000000000e+00,0.000000000000000000e+00,0.000000000000000000e+00,0.000000000000000000e+00,0.000000000000000000e+00,0.000000000000000000e+00,0.000000000000000000e+00,0.000000000000000000e+00,0.000000000000000000e+00,0.000000000000000000e+00,0.000000000000000000e+00,0.000000000000000000e+00,0.000000000000000000e+00,0.000000000000000000e+00,0.000000000000000000e+00,0.000000000000000000e+00,0.000000000000000000e+00,0.000000000000000000e+00,0.000000000000000000e+00,0.000000000000000000e+00,0.000000000000000000e+00,0.000000000000000000e+00,0.000000000000000000e+00,0.000000000000000000e+00,0.000000000000000000e+00,0.000000000000000000e+00,0.000000000000000000e+00,0.000000000000000000e+00,0.000000000000000000e+00,0.000000000000000000e+00,1.000000000000000000e+00,2.594201189811791153e-01,2.780740524279231018e-01,5.290300766204060201e-01,1.097520033740503886e-01,-2.340715152745186101e-01,2.685210425893283515e-01,-8.457035696831101401e-02,2.604385154918023026e-01,-1.690699727163099686e-01,7.098826597689532336e-02,-2.035248970824659054e-01,1.010958572427912289e-01,-1.258372029513331047e-01,3.686939221392057098e-01,-3.096191082614817638e-02,-2.129687299159492009e-01,6.924188077274280595e-02,2.545981768226074915e-01,1.709405553520735310e-01,1.511796676014164342e-01,9.494226673888556123e-02,2.069586878981787281e-01,2.517202613950040302e-01,5.010684388766246944e-02,2.754200238645311549e-02,4.646792371514162773e-02,-3.200357339941015122e-02,-1.559261434892141585e-01,-2.569649580375688580e-01,8.255123633183919507e-02,-2.037618853311608594e-02,-2.991134777644882670e-01,-3.065457910556091403e-01,-3.212112381165978942e-02,7.993617858796463194e-02,4.853767620947255779e-01,7.011519712966882145e-02,2.842878513731707524e-01,1.540276535651174672e-01,-4.703172059284457251e-01,3.292687277127080425e-01,1.699285990879431385e-01,2.256407840627844830e-01,-1.813615260737617141e-01,1.779113498891245204e-01,-2.672895268382149414e-01,3.150200498267151650e-01,-2.768200503931596557e-01,8.471097054269784155e-02,3.396834339308670292e-01,2.567529318749621758e-01,-2.606186082484166638e-02,-2.093718752842766567e-02,-2.371809686440828555e-02,-1.013121214260048891e-01
0.000000000000000000e+00,0.000000000000000000e+00,0.000000000000000000e+00,0.000000000000000000e+00,0.000000000000000000e+00,0.000000000000000000e+00,0.000000000000000000e+00,0.000000000000000000e+00,0.000000000000000000e+00,0.000000000000000000e+00,0.000000000000000000e+00,0.000000000000000000e+00,0.000000000000000000e+00,0.000000000000000000e+00,0.000000000000000000e+00,0.000000000000000000e+00,0.000000000000000000e+00,0.000000000000000000e+00,0.000000000000000000e+00,0.000000000000000000e+00,0.000000000000000000e+00,0.000000000000000000e+00,0.000000000000000000e+00,0.000000000000000000e+00,0.000000000000000000e+00,0.000000000000000000e+00,0.000000000000000000e+00,0.000000000000000000e+00,0.000000000000000000e+00,0.000000000000000000e+00,0.000000000000000000e+00,0.000000000000000000e+00,0.000000000000000000e+00,0.000000000000000000e+00,0.000000000000000000e+00,0.000000000000000000e+00,0.000000000000000000e+00,0.000000000000000000e+00,0.000000000000000000e+00,0.000000000000000000e+00,0.000000000000000000e+00,0.000000000000000000e+00,0.000000000000000000e+00,0.000000000000000000e+00,0.000000000000000000e+00,1.000000000000000000e+00,2.985106115017594486e-01,2.074895571126722238e-01,-2.468756069281747012e-01,-4.163723873440150491e-01,2.078555303885346595e-01,1.312887484398924665e-01,5.032350003060617194e-01,5.015663522700584270e-02,4.938948040427624253e-01,-1.568752308834874265e-01,1.000000000000000000e+00,-7.112990862508865586e-01,6.019430391496047861e-01,3.827613061696844565e-01,-7.552285477080542542e-01,3.855744857440161488e-01,5.118868307877895152e-01,2.161398227518155357e-01,3.957276135229111369e-01,2.564227910306597358e-01,-3.350351321278675076e-01,-6.879125540621977564e-02,5.812323722495996714e-01,-3.936487931863150158e-01,-1.341890922945401798e-01,-4.346548900089713952e-02,5.688832074582642617e-01,-5.664462315453817620e-01,2.583969241682818052e-01,-1.000000000000000000e+00,-3.246902503620245350e-01,-4.200911630078693060e-01,-5.166732072786339725e-01,4.485632554781917580e-01,1.000000000000000000e+00,-1.825735943463306921e-01,3.367743895253794140e-01,8.601293067911878198e-01,-1.000000000000000000e+00,1.076663292013716605e-01,3.273727647267122287e-01,7.044360841451640098e-01,-1.274702482052905705e-01,-1.532752979927460846e-01,-1.000000000000000000e+00,8.178312082864709343e-01,-5.153326515557536958e-01,-4.107789748993970758e-01,5.431938910705133017e-01,1.806219138859490037e-01,-6.609216749881965947e-02,-1.284456323012595456e-02,1.592961873405894513e-01,1.442124061292068549e-01
0.000000000000000000e+00,0.000000000000000000e+00,0.000000000000000000e+00,0.000000000000000000e+00,0.000000000000000000e+00,0.000000000000000000e+00,0.000000000000000000e+00,0.000000000000000000e+00,0.000000000000000000e+00,0.000000000000000000e+00,0.000000000000000000e+00,0.000000000000000000e+00,0.000000000000000000e+00,0.000000000000000000e+00,0.000000000000000000e+00,0.000000000000000000e+00,0.000000000000000000e+00,0.000000000000000000e+00,0.000000000000000000e+00,0.000000000000000000e+00,0.000000000000000000e+00,0.000000000000000000e+00,0.000000000000000000e+00,0.000000000000000000e+00,0.000000000000000000e+00,0.000000000000000000e+00,0.000000000000000000e+00,0.000000000000000000e+00,0.000000000000000000e+00,0.000000000000000000e+00,0.000000000000000000e+00,0.000000000000000000e+00,0.000000000000000000e+00,0.000000000000000000e+00,0.000000000000000000e+00,0.000000000000000000e+00,0.000000000000000000e+00,0.000000000000000000e+00,0.000000000000000000e+00,0.000000000000000000e+00,0.000000000000000000e+00,0.000000000000000000e+00,0.000000000000000000e+00,0.000000000000000000e+00,0.000000000000000000e+00,0.000000000000000000e+00,1.000000000000000000e+00,7.546755689904686148e-01,2.664394586448745605e-01,-4.753274958839562858e-01,6.778511946409776501e-01,-4.686547174885191125e-01,3.704209205785135572e-01,-5.717796028399682040e-01,-3.294856042884043990e-01,-9.853470739564973435e-01,-3.445900621669935604e-01,-5.396850756074993427e-01,5.973190625963851197e-01,-3.571938277375563131e-01,-7.589246287354153297e-01,-6.907710936267776880e-01,5.203081610940081259e-01,3.019231598051637655e-01,-2.117180911834000701e-01,-1.290857352487676524e-01,6.140761169373782913e-01,7.547189351533155621e-01,-1.953408756479447020e-02,3.970265930321025261e-01,3.991190384607376518e-02,-6.371864812934493472e-01,-1.000000000000000000e+00,-4.351249849492443977e-01,2.890345706364563783e-01,2.807258481290395569e-01,-8.702136669680352599e-01,-6.497651186678722324e-01,3.581195530628778489e-01,-1.430607567837272609e-01,6.264182497323139698e-01,3.664409007820605413e-01,8.910931796365341162e-01,-1.636588070530439198e-01,5.530318084798663270e-02,9.173277090899818742e-02,1.492305458655826811e-01,3.112456174820632526e-01,-5.656941303720596226e-01,6.278964803191841026e-01,7.684945421186822889e-02,6.881532624221666783e-01,-8.934216694876200293e-01,8.688454617328343899e-01,9.183059377748575836e-01,5.602145514457665954e-01,3.263377751111354863e-01,-7.447507899442674661e-01,5.601134663760609644e-02,-2.887405608302330284e-01
0.000000000000000000e+00,0.000000000000000000e+00,0.000000000000000000e+00,0.000000000000000000e+00,0.000000000000000000e+00,0.000000000000000000e+00,0.000000000000000000e+00,0.000000000000000000e+00,0.000000000000000000e+00,0.000000000000000000e+00,0.000000000000000000e+00,0.000000000000000000e+00,0.000000000000000000e+00,0.000000000000000000e+00,0.000000000000000000e+00,0.000000000000000000e+00,0.000000000000000000e+00,0.000000000000000000e+00,0.000000000000000000e+00,0.000000000000000000e+00,0.000000000000000000e+00,0.000000000000000000e+00,0.000000000000000000e+00,0.000000000000000000e+00,0.000000000000000000e+00,0.000000000000000000e+00,0.000000000000000000e+00,0.000000000000000000e+00,0.000000000000000000e+00,0.000000000000000000e+00,0.000000000000000000e+00,0.000000000000000000e+00,0.000000000000000000e+00,0.000000000000000000e+00,0.000000000000000000e+00,0.000000000000000000e+00,0.000000000000000000e+00,0.000000000000000000e+00,0.000000000000000000e+00,0.000000000000000000e+00,0.000000000000000000e+00,0.000000000000000000e+00,0.000000000000000000e+00,0.000000000000000000e+00,0.000000000000000000e+00,0.000000000000000000e+00,0.000000000000000000e+00,1.000000000000000000e+00,1.549150032538785249e-01,-3.128411352495776288e-01,2.140849580344894865e-01,-2.097114751240795882e-01,1.887338657293337330e-02,-3.226310862223972231e-01,-5.155096055904517111e-02,-1.271262817089420794e-01,-2.145872843176910572e-01,9.301210276577434599e-02,3.795876013068496535e-01,1.152627640702216516e-01,-6.455186787356081979e-02,-1.624535486739509815e-01,2.637348052490072203e-01,4.886320493505381252e-02,-3.810560250141125510e-02,-2.961232290923562771e-02,2.943726428040609466e-01,3.912432658377195116e-01,-1.825960983583802821e-01,2.647124326134530081e-01,1.681455550508649810e-01,-1.654350550543433052e-01,-5.518553534240188130e-01,-3.314699176333886221e-01,1.954392089743915151e-01,1.939530172625010818e-01,-2.232084279580590358e-01,-2.709290303032776959e-01,3.128254222119782879e-01,-3.080665634600081582e-01,1.247412908929556447e-01,-3.150982539780844416e-02,2.716685281044479705e-01,-1.351685199690162986e-01,-2.239356383527925654e-01,3.374927626095305389e-01,7.931571600330843130e-02,6.501019049394266003e-02,-9.543217069117919393e-02,2.452285618748470952e-01,-3.629768818331553515e-01,-1.059489464789417218e-01,-4.561519737582791362e-02,2.963664566213938256e-01,1.404766347591504816e-01,2.474091655055604688e-01,1.267678285970407770e-01,-1.018887979073373334e-01,1.152093667766375534e-01,-9.159765291813667942e-02
0.000000000000000000e+00,0.000000000000000000e+00,0.000000000000000000e+00,0.000000000000000000e+00,0.000000000000000000e+00,0.000000000000000000e+00,0.000000000000000000e+00,0.000000000000000000e+00,0.000000000000000000e+00,0.000000000000000000e+00,0.000000000000000000e+00,0.000000000000000000e+00,0.000000000000000000e+00,0.000000000000000000e+00,0.000000000000000000e+00,0.000000000000000000e+00,0.000000000000000000e+00,0.000000000000000000e+00,0.000000000000000000e+00,0.000000000000000000e+00,0.000000000000000000e+00,0.000000000000000000e+00,0.000000000000000000e+00,0.000000000000000000e+00,0.000000000000000000e+00,0.000000000000000000e+00,0.000000000000000000e+00,0.000000000000000000e+00,0.000000000000000000e+00,0.000000000000000000e+00,0.000000000000000000e+00,0.000000000000000000e+00,0.000000000000000000e+00,0.000000000000000000e+00,0.000000000000000000e+00,0.000000000000000000e+00,0.000000000000000000e+00,0.000000000000000000e+00,0.000000000000000000e+00,0.000000000000000000e+00,0.000000000000000000e+00,0.000000000000000000e+00,0.000000000000000000e+00,0.000000000000000000e+00,0.000000000000000000e+00,0.000000000000000000e+00,0.000000000000000000e+00,0.000000000000000000e+00,1.000000000000000000e+00,5.023384469524409812e-02,3.805105338237448342e-01,2.198360523800610977e-01,5.707495002822601249e-01,1.697108176034353433e-01,7.324565890849198124e-02,-1.899335197859131422e-02,-2.511023985862050334e-01,2.324996917918635275e-01,2.333448756883505781e-01,-9.853526637982691350e-01,8.461206886421870355e-01,-6.645225557315161125e-02,-2.305934906958330699e-01,6.666979548791127641e-01,6.758293417131608916e-01,1.995028914289296573e-01,7.277280717912496533e-01,1.496033731264639066e-01,9.449956417942743936e-02,2.917941018204667225e-01,7.847953435726164884e-01,1.742294425391389123e-01,1.430569842266664060e-01,3.942419366405986447e-01,-3.752599336563381960e-01,9.305647632715594586e-01,-2.407060495269955011e-02,-3.167587500795139843e-01,-2.149985867338557177e-01,7.982279431832649264e-02,-3.308839016225540441e-01,3.869163781944023883e-01,4.351147715036941116e-02,-6.238024350234885884e-02,-6.274688318212057192e-02,5.021146911618409314e-01,6.860395542763219057e-01,-5.194649312188557438e-02,-5.577926879177885766e-01,6.048065585177687664e-01,6.458753779160227859e-01,4.276098146056876437e-01,8.803445196637575965e-01,-3.242789129196484432e-01,3.177430246496592003e-01,4.164999505336301477e-01,-1.884566533318005610e-01,7.945189735935852537e-01,-7.145168432390996971e-01,-5.585519096244209170e-01
0.000000000000000000e+00,0.000000000000000000e+00,0.000000000000000000e+00,0.000000000000000000e+00,0.000000000000000000e+00,0.000000000000000000e+00,0.000000000000000000e+00,0.000000000000000000e+00,0.000000000000000000e+00,0.000000000000000000e+00,0.000000000000000000e+00,0.000000000000000000e+00,0.000000000000000000e+00,0.000000000000000000e+00,0.000000000000000000e+00,0.000000000000000000e+00,0.000000000000000000e+00,0.000000000000000000e+00,0.000000000000000000e+00,0.000000000000000000e+00,0.000000000000000000e+00,0.000000000000000000e+00,0.000000000000000000e+00,0.000000000000000000e+00,0.000000000000000000e+00,0.000000000000000000e+00,0.000000000000000000e+00,0.000000000000000000e+00,0.000000000000000000e+00,0.000000000000000000e+00,0.000000000000000000e+00,0.000000000000000000e+00,0.000000000000000000e+00,0.000000000000000000e+00,0.000000000000000000e+00,0.000000000000000000e+00,0.000000000000000000e+00,0.000000000000000000e+00,0.000000000000000000e+00,0.000000000000000000e+00,0.000000000000000000e+00,0.000000000000000000e+00,0.000000000000000000e+00,0.000000000000000000e+00,0.000000000000000000e+00,0.000000000000000000e+00,0.000000000000000000e+00,0.000000000000000000e+00,0.000000000000000000e+00,1.000000000000000000e+00,-4.899675212245007128e-01,3.421026545239898575e-01,-1.753220422151417213e-01,7.267245276198974757e-01,2.020350822126654872e-02,4.607107361116221655e-01,-6.684555943067040096e-02,1.366094996112610926e-01,-7.133849111569879886e-01,-6.681773954176520869e-01,2.944503681204436729e-01,-1.721030527324681758e-01,-7.222172926725682895e-01,-6.956626159720164654e-03,3.010141054533830088e-02,-1.253694540617082409e-01,-1.848518247190947816e-01,-1.000000000000000000e+00,2.064089062482404313e-01,-6.843377409879322082e-01,-1.076997572439319234e-01,5.481929480567420895e-03,8.658011264450685696e-01,9.205976891002982665e-01,-6.570192876368655677e-01,2.937161779059213607e-01,7.172438818616001521e-01,5.890326936042594719e-01,-3.581141569424948212e-01,6.887096407338119120e-01,-1.000000000000000000e+00,2.348164818906348927e-01,-8.161424627540699861e-01,3.598735320442545543e-02,6.474154185905625081e-01,-6.092400780500815127e-01,4.068559322736666622e-03,-3.817182450883427336e-01,2.795296730817896091e-01,-1.085771409593351833e-01,8.530958783775266507e-01,-1.186744970568262385e-02,5.867400959405423277e-01,-9.463607604518797789e-02,-3.253991985319294455e-01,-5.283581171047622149e-01,-1.233364083864614269e-01,1.000000000000000000e+00,2.403081102590204354e-01,1.707718941781172506e-01
0.000000000000000000e+00,0.000000000000000000e+00,0.000000000000000000e+00,0.000000000000000000e+00,0.000000000000000000e+00,0.000000000000000000e+00,0.000000000000000000e+00,0.000000000000000000e+00,0.000000000000000000e+00,0.000000000000000000e+00,0.000000000000000000e+00,0.000000000000000000e+00,0.000000000000000000e+00,0.000000000000000000e+00,0.000000000000000000e+00,0.000000000000000000e+00,0.000000000000000000e+00,0.000000000000000000e+00,0.000000000000000000e+00,0.000000000000000000e+00,0.000000000000000000e+00,0.000000000000000000e+00,0.000000000000000000e+00,0.000000000000000000e+00,0.000000000000000000e+00,0.000000000000000000e+00,0.000000000000000000e+00,0.000000000000000000e+00,0.000000000000000000e+00,0.000000000000000000e+00,0.000000000000000000e+00,0.000000000000000000e+00,0.000000000000000000e+00,0.000000000000000000e+00,0.000000000000000000e+00,0.000000000000000000e+00,0.000000000000000000e+00,0.000000000000000000e+00,0.000000000000000000e+00,0.000000000000000000e+00,0.000000000000000000e+00,0.000000000000000000e+00,0.000000000000000000e+00,0.000000000000000000e+00,0.000000000000000000e+00,0.000000000000000000e+00,0.000000000000000000e+00,0.000000000000000000e+00,0.000000000000000000e+00,0.000000000000000000e+00,1.000000000000000000e+00,-3.014171095362742081e-01,5.995421440383335021e-01,-7.236440195552744648e-01,-7.630879053889678444e-03,-6.793680953252225763e-01,-1.222676824020917791e-01,7.976623371517342631e-02,6.408081563735280595e-01,-5.480568460629514638e-01,8.241408937018906977e-02,-1.037507907710963212e-01,4.541797245436570152e-01,7.247253567153294496e-01,-6.873943791246540057e-03,9.884402588505185328e-02,7.687554510847874889e-01,6.430434428917675138e-01,6.486682502952213769e-02,5.601144766031754818e-01,1.368396202615239921e-01,-7.259015136015087855e-01,-8.872730540298767732e-01,-5.376815780900918718e-01,2.493722123452457307e-01,5.653730819655672368e-01,-6.930135542977953200e-01,-8.822531050875127567e-01,1.526663583338437880e-01,-1.782130541869209051e-01,5.026348311716394290e-01,1.499012171840160002e-01,6.333669345890221569e-01,-1.265940640103717374e-01,-2.770372765552168159e-01,6.179897173578808856e-01,2.818542810970953716e-01,4.275649193847059215e-01,-6.628894157709325219e-01,3.622450070243546372e-01,2.620373284563782823e-01,5.999479982130018207e-01,6.059996981928512244e-02,-2.545404424974384572e-01,1.000000000000000000e+00,5.101643393317104591e-01,2.340197282186368410e-01,-2.406605642195449868e-01,-4.214790599798543536e-01,-4.770382489510833213e-01
0.000000000000000000e+00,0.000000000000000000e+00,0.000000000000000000e+00,0.000000000000000000e+00,0.000000000000000000e+00,0.000000000000000000e+00,0.000000000000000000e+00,0.000000000000000000e+00,0.000000000000000000e+00,0.000000000000000000e+00,0.000000000000000000e+00,0.000000000000000000e+00,0.000000000000000000e+00,0.000000000000000000e+00,0.000000000000000000e+00,0.000000000000000000e+00,0.000000000000000000e+00,0.000000000000000000e+00,0.000000000000000000e+00,0.000000000000000000e+00,0.000000000000000000e+00,0.000000000000000000e+00,0.000000000000000000e+00,0.000000000000000000e+00,0.000000000000000000e+00,0.000000000000000000e+00,0.000000000000000000e+00,0.000000000000000000e+00,0.000000000000000000e+00,0.000000000000000000e+00,0.000000000000000000e+00,0.000000000000000000e+00,0.000000000000000000e+00,0.000000000000000000e+00,0.000000000000000000e+00,0.000000000000000000e+00,0.000000000000000000e+00,0.000000000000000000e+00,0.000000000000000000e+00,0.000000000000000000e+00,0.000000000000000000e+00,0.000000000000000000e+00,0.000000000000000000e+00,0.000000000000000000e+00,0.000000000000000000e+00,0.000000000000000000e+00,0.000000000000000000e+00,0.000000000000000000e+00,0.000000000000000000e+00,0.000000000000000000e+00,0.000000000000000000e+00,1.000000000000000000e+00,4.732284920040648601e-01,1.000000000000000000e+00,6.835037131135253130e-01,7.190571075017795355e-01,7.520179555969865870e-01,2.146745011208954779e-01,-3.905728071797412992e-01,-3.823823041739517481e-01,1.000000000000000000e+00,9.443500972224231349e-01,-7.619940062761332289e-01,3.279392145332399866e-01,1.000000000000000000e+00,4.876647275331587594e-01,-4.749305398550960344e-01,-8.012860422651139070e-01,5.868445424509882713e-01,-7.224744424137495846e-01,5.027400995709949694e-01,1.000000000000000000e+00,1.000000000000000000e+00,8.512016445065233583e-01,-6.763366054180054432e-01,-1.257811356119756807e-01,8.494153796855447025e-01,3.494530943327149308e-01,-1.000000000000000000e+00,8.222651507325386966e-01,-1.181360669609143529e-03,-1.154408154918840634e-01,-7.933740687756912768e-01,7.806557345442188822e-01,-9.214581497390206266e-01,1.029483422310559365e-01,6.581493796919525296e-01,-1.147789605889519560e-02,2.766929848747170032e-02,-3.253164008543360519e-01,3.419750886795873135e-01,4.014810331920055653e-01,1.000000000000000000e+00,-1.000000000000000000e+00,-4.342495567653712474e-01,-1.839709321053000224e-01,-6.357521099809714249e-01,1.000000000000000000e+00,-9.081745129549818607e-01,-1.229259306175116695e-01
0.000000000000000000e+00,0.000000000000000000e+00,0.000000000000000000e+00,0.000000000000000000e+00,0.000000000000000000e+00,0.000000000000000000e+00,0.000000000000000000e+00,0.000000000000000000e+00,0.000000000000000000e+00,0.000000000000000000e+00,0.000000000000000000e+00,0.000000000000000000e+00,0.000000000000000000e+00,0.000000000000000000e+00,0.000000000000000000e+00,0.000000000000000000e+00,0.000000000000000000e+00,0.000000000000000000e+00,0.000000000000000000e+00,0.000000000000000000e+00,0.000000000000000000e+00,0.000000000000000000e+00,0.000000000000000000e+00,0.000000000000000000e+00,0.000000000000000000e+00,0.000000000000000000e+00,0.000000000000000000e+00,0.000000000000000000e+00,0.000000000000000000e+00,0.000000000000000000e+00,0.000000000000000000e+00,0.000000000000000000e+00,0.000000000000000000e+00,0.000000000000000000e+00,0.000000000000000000e+00,0.000000000000000000e+00,0.000000000000000000e+00,0.000000000000000000e+00,0.000000000000000000e+00,0.000000000000000000e+00,0.000000000000000000e+00,0.000000000000000000e+00,0.000000000000000000e+00,0.000000000000000000e+00,0.000000000000000000e+00,0.000000000000000000e+00,0.000000000000000000e+00,0.000000000000000000e+00,0.000000000000000000e+00,0.000000000000000000e+00,0.000000000000000000e+00,0.000000000000000000e+00,1.000000000000000000e+00,5.993573144394296476e-02,3.934981147415327341e-01,-4.213990623851793238e-01,2.953789221918441399e-01,-7.778617775616007701e-02,4.418820920499909599e-01,-7.215196784577687650e-01,2.417361126329712895e-01,4.534915558495302146e-01,-4.115882911974650536e-06,7.306567043436551501e-01,6.876961973771990033e-01,3.410357767999249723e-01,2.264607381748869053e-01,7.825743717641862884e-02,7.290418704770932345e-01,-2.602370662048695826e-01,1.160398399093481442e-01,-1.117205594354185733e-01,5.522272953371454296e-01,-7.465445649535513983e-02,-1.631256786438500250e-01,2.644722748563134718e-01,-1.506656654857700950e-01,-5.895801457770604159e-01,-8.585901081432514292e-01,6.300164128494446514e-01,4.944771582679288180e-01,4.499868255136137141e-02,2.073378645587795610e-01,4.864193336814774393e-01,-9.828462809620270857e-01,2.906758878501602972e-01,8.464536208440849308e-01,5.226736368162574475e-01,-5.249090423570820230e-01,1.927366928887317699e-01,3.361537392463841423e-01,9.997595215590724393e-01,3.182402139864315416e-01,-7.678705627197713879e-01,9.583264105608289007e-01,5.098435096152732493e-01,-1.496821780155688786e-01,2.132576421697174596e-01,-9.069248569704018159e-01,-4.285054027066105276e-01
0.000000000000000000e+00,0.000000000000000000e+00,0.000000000000000000e+00,0.000000000000000000e+00,0.000000000000000000e+00,0.000000000000000000e+00,0.000000000000000000e+00,0.000000000000000000e+00,0.000000000000000000e+00,0.000000000000000000e+00,0.000000000000000000e+00,0.000000000000000000e+00,0.000000000000000000e+00,0.000000000000000000e+00,0.000000000000000000e+00,0.000000000000000000e+00,0.000000000000000000e+00,0.000000000000000000e+00,0.000000000000000000e+00,0.000000000000000000e+00,0.000000000000000000e+00,0.000000000000000000e+00,0.000000000000000000e+00,0.000000000000000000e+00,0.000000000000000000e+00,0.000000000000000000e+00,0.000000000000000000e+00,0.000000000000000000e+00,0.000000000000000000e+00,0.000000000000000000e+00,0.000000000000000000e+00,0.000000000000000000e+00,0.000000000000000000e+00,0.000000000000000000e+00,0.000000000000000000e+00,0.000000000000000000e+00,0.000000000000000000e+00,0.000000000000000000e+00,0.000000000000000000e+00,0.000000000000000000e+00,0.000000000000000000e+00,0.000000000000000000e+00,0.000000000000000000e+00,0.000000000000000000e+00,0.000000000000000000e+00,0.000000000000000000e+00,0.000000000000000000e+00,0.000000000000000000e+00,0.000000000000000000e+00,0.000000000000000000e+00,0.000000000000000000e+00,0.000000000000000000e+00,0.000000000000000000e+00,1.000000000000000000e+00,1.760687340971656967e-01,7.192742808775991481e-01,3.155456634941010696e-01,-3.119384410215036985e-01,-3.949105212032860135e-01,-1.712786078293103975e-01,1.075291831634360984e-01,1.321391910653850477e-01,-4.089862007139576372e-01,-3.499139082109230248e-02,5.785082445174721810e-01,1.755354194091417741e-01,-1.262690853943197744e-01,-7.022142018115701267e-01,2.001928032598258578e-01,-2.979657322555418486e-01,2.882839151923721199e-01,8.193241654286823605e-01,1.000000000000000000e+00,8.311803958542772763e-01,-4.168592519986383249e-01,-2.058577130876581007e-01,5.614398048589455126e-01,5.246412906346569205e-01,-5.688400140946867634e-01,3.408917057916767690e-01,-4.307309395358068227e-01,1.792497437500812085e-01,-3.397310569594867435e-01,3.849201530982527264e-01,-4.708622235975554182e-03,-1.113782216398899183e-01,2.936563145446647316e-01,-2.278657273291278540e-01,-2.331254735594106133e-04,7.003152873207750539e-02,1.672394732703547382e-01,2.449562957492179283e-01,-1.157289636323350496e-02,-1.969661921356049006e-01,-4.443093887573857370e-01,-8.348562676193455045e-02,-5.072197088792974595e-01,9.728760902463208238e-01,-4.074155887304299617e-02,4.093449291763762848e-02
0.000000000000000000e+00,0.000000000000000000e+00,0.000000000000000000e+00,0.000000000000000000e+00,0.000000000000000000e+00,0.000000000000000000e+00,0.000000000000000000e+00,0.000000000000000000e+00,0.000000000000000000e+00,0.000000000000000000e+00,0.000000000000000000e+00,0.000000000000000000e+00,0.000000000000000000e+00,0.000000000000000000e+00,0.000000000000000000e+00,0.000000000000000000e+00,0.000000000000000000e+00,0.000000000000000000e+00,0.000000000000000000e+00,0.000000000000000000e+00,0.000000000000000000e+00,0.000000000000000000e+00,0.000000000000000000e+00,0.000000000000000000e+00,0.000000000000000000e+00,0.000000000000000000e+00,0.000000000000000000e+00,0.000000000000000000e+00,0.000000000000000000e+00,0.000000000000000000e+00,0.000000000000000000e+00,0.000000000000000000e+00,0.000000000000000000e+00,0.000000000000000000e+00,0.000000000000000000e+00,0.000000000000000000e+00,0.000000000000000000e+00,0.000000000000000000e+00,0.000000000000000000e+00,0.000000000000000000e+00,0.000000000000000000e+00,0.000000000000000000e+00,0.000000000000000000e+00,0.000000000000000000e+00,0.000000000000000000e+00,0.000000000000000000e+00,0.000000000000000000e+00,0.000000000000000000e+00,0.000000000000000000e+00,0.000000000000000000e+00,0.000000000000000000e+00,0.000000000000000000e+00,0.000000000000000000e+00,0.000000000000000000e+00,1.000000000000000000e+00,4.999261408904194792e-01,1.000000000000000000e+00,3.787662865131796730e-01,1.659182214160496993e-01,-5.446501736512338043e-02,7.737135011179341326e-01,1.000000000000000000e+00,-1.968091566813379711e-01,5.164767321070669048e-01,7.804440315175544818e-01,4.847651580267037241e-01,-5.943163409348833914e-01,-8.123462092047630811e-01,9.301061830658549079e-01,-8.200070549199262038e-01,-1.091038670073077033e-01,4.735507549574455299e-02,1.000000000000000000e+00,-2.412357124561454180e-01,-2.145782294408760116e-01,-4.707471432427013380e-01,5.642457202469099986e-01,-2.376032831103400134e-01,-1.000000000000000000e+00,8.365985021495112584e-01,3.569610344914318500e-01,-6.593000780306794706e-01,-6.261223938587699989e-01,8.606829198820793447e-01,-1.000000000000000000e+00,2.108450829187665521e-01,7.152248634091626922e-01,5.805528934106893857e-01,1.604975066982015919e-01,-6.593192709497609494e-01,-3.940641212591607379e-01,3.775839115328057383e-01,1.000000000000000000e+00,-1.000000000000000000e+00,2.070612004790333138e-01,-9.846690834756836874e-02,-2.569730150123643031e-01,8.777135476780757450e-01,-6.495356463630653776e-01,6.652898150880437456e-03
0.000000000000000000e+00,0.000000000000000000e+00,0.000000000000000000e+00,0.000000000000000000e+00,0.000000000000000000e+00,0.000000000000000000e+00,0.000000000000000000e+00,0.000000000000000000e+00,0.000000000000000000e+00,0.000000000000000000e+00,0.000000000000000000e+00,0.000000000000000000e+00,0.000000000000000000e+00,0.000000000000000000e+00,0.000000000000000000e+00,0.000000000000000000e+00,0.000000000000000000e+00,0.000000000000000000e+00,0.000000000000000000e+00,0.000000000000000000e+00,0.000000000000000000e+00,0.000000000000000000e+00,0.000000000000000000e+00,0.000000000000000000e+00,0.000000000000000000e+00,0.000000000000000000e+00,0.000000000000000000e+00,0.000000000000000000e+00,0.000000000000000000e+00,0.000000000000000000e+00,0.000000000000000000e+00,0.000000000000000000e+00,0.000000000000000000e+00,0.000000000000000000e+00,0.000000000000000000e+00,0.000000000000000000e+00,0.000000000000000000e+00,0.000000000000000000e+00,0.000000000000000000e+00,0.000000000000000000e+00,0.000000000000000000e+00,0.000000000000000000e+00,0.000000000000000000e+00,0.000000000000000000e+00,0.000000000000000000e+00,0.000000000000000000e+00,0.000000000000000000e+00,0.000000000000000000e+00,0.000000000000000000e+00,0.000000000000000000e+00,0.000000000000000000e+00,0.000000000000000000e+00,0.000000000000000000e+00,0.000000000000000000e+00,0.000000000000000000e+00,1.000000000000000000e+00,2.603820588279985859e-01,1.407517972554825081e-01,-2.748824919841832415e-01,4.072005337993426233e-01,2.521785919872225334e-01,2.734393173268612198e-01,-1.184709035030597768e-01,-8.222771140184026439e-02,1.864936758038293896e-01,1.291586556854845413e-01,-2.928094223524753056e-02,-3.943522948754609736e-01,-1.431499204377891243e-01,2.127447398490872055e-01,3.752712889971134835e-01,5.298420358005381248e-01,8.412792902696858421e-01,3.872789483173703640e-01,-2.166311983538695557e-02,-2.096870519593373727e-01,5.196601723532282557e-01,4.007827370122603039e-01,-1.147801637454465562e-01,-3.112158447471733980e-01,-4.875632662509265525e-01,-5.565604009717064343e-02,-3.445050660681542865e-01,9.711454799305267727e-02,6.741516795785792993e-02,2.693196812220184921e-01,-7.303085317871303717e-02,-2.357677766490067217e-01,1.197811132761163605e-01,-1.581871709367400070e-01,-2.162980052908315687e-01,-3.700937353898196003e-01,2.287601140521325627e-01,-2.990265936336847785e-01,-5.085660803174560929e-01,-2.136124514127845930e-01,-3.237565210982704667e-01,9.336648101408940859e-01,1.680996984665800165e-01,1.129796867971847030e-01
0.000000000000000000e+00,0.000000000000000000e+00,0.000000000000000000e+00,0.000000000000000000e+00,0.000000000000000000e+00,0.000000000000000000e+00,0.000000000000000000e+00,0.000000000000000000e+00,0.000000000000000000e+00,0.000000000000000000e+00,0.000000000000000000e+00,0.000000000000000000e+00,0.000000000000000000e+00,0.000000000000000000e+00,0.000000000000000000e+00,0.000000000000000000e+00,0.000000000000000000e+00,0.000000000000000000e+00,0.000000000000000000e+00,0.000000000000000000e+00,0.000000000000000000e+00,0.000000000000000000e+00,0.000000000000000000e+00,0.000000000000000000e+00,0.000000000000000000e+00,0.000000000000000000e+00,0.000000000000000000e+00,0.000000000000000000e+00,0.000000000000000000e+00,0.000000000000000000e+00,0.000000000000000000e+00,0.000000000000000000e+00,0.000000000000000000e+00,0.000000000000000000e+00,0.000000000000000000e+00,0.000000000000000000e+00,0.000000000000000000e+00,0.000000000000000000e+00,0.000000000000000000e+00,0.000000000000000000e+00,0.000000000000000000e+00,0.000000000000000000e+00,0.000000000000000000e+00,0.000000000000000000e+00,0.000000000000000000e+00,0.000000000000000000e+00,0.000000000000000000e+00,0.000000000000000000e+00,0.000000000000000000e+00,0.000000000000000000e+00,0.000000000000000000e+00,0.000000000000000000e+00,0.000000000000000000e+00,0.000000000000000000e+00,0.000000000000000000e+00,0.000000000000000000e+00,1.000000000000000000e+00,-1.816691676432065639e-01,2.145185855677737494e-02,2.469179441847898504e-01,-5.147639579262712310e-03,5.968717360528660310e-01,7.132287682150414976e-02,1.742270418340710059e-01,3.024026731254293443e-01,2.512449455910871210e-01,-3.251378272790854673e-01,-3.515518923922343886e-01,3.589035790458371955e-01,-3.506820560383716590e-01,7.394052924605182264e-02,1.986060327664328218e-01,7.845244947074415665e-01,-1.880220706733802816e-01,-6.813997925507485343e-02,-6.503914904035934530e-01,2.480501878432835039e-02,-5.530513637847433300e-02,-5.068124971797169920e-01,4.264588278467681404e-01,5.384856754591644812e-01,-2.298058218174886536e-01,-1.853421159321499145e-01,4.982164505849235314e-01,-8.391766208647142289e-01,4.917028243587975855e-02,1.646275722978455258e-01,3.361966952230495131e-01,6.863616897799838801e-02,-3.630341015231183244e-01,-3.503572723451748305e-01,3.065522801223487526e-01,3.423790096395135651e-01,-8.421228908184030804e-01,-3.751307394666849454e-02,-1.100072103928255579e-01,-1.803691362591305081e-01,3.688506197991994195e-01,-7.898976559312469170e-02,7.477935632425335155e-02
0.000000000000000000e+00,0.000000000000000000e+00,0.000000000000000000e+00,0.000000000000000000e+00,0.000000000000000000e+00,0.000000000000000000e+00,0.000000000000000000e+00,0.000000000000000000e+00,0.000000000000000000e+00,0.000000000000000000e+00,0.000000000000000000e+00,0.000000000000000000e+00,0.000000000000000000e+00,0.000000000000000000e+00,0.000000000000000000e+00,0.000000000000000000e+00,0.000000000000000000e+00,0.000000000000000000e+00,0.000000000000000000e+00,0.000000000000000000e+00,0.000000000000000000e+00,0.000000000000000000e+00,0.000000000000000000e+00,0.000000000000000000e+00,0.000000000000000000e+00,0.000000000000000000e+00,0.000000000000000000e+00,0.000000000000000000e+00,0.000000000000000000e+00,0.000000000000000000e+00,0.000000000000000000e+00,0.000000000000000000e+00,0.000000000000000000e+00,0.000000000000000000e+00,0.000000000000000000e+00,0.000000000000000000e+00,0.000000000000000000e+00,0.000000000000000000e+00,0.000000000000000000e+00,0.000000000000000000e+00,0.000000000000000000e+00,0.000000000000000000e+00,0.000000000000000000e+00,0.000000000000000000e+00,0.000000000000000000e+00,0.000000000000000000e+00,0.000000000000000000e+00,0.000000000000000000e+00,0.000000000000000000e+00,0.000000000000000000e+00,0.000000000000000000e+00,0.000000000000000000e+00,0.000000000000000000e+00,0.000000000000000000e+00,0.000000000000000000e+00,0.000000000000000000e+00,0.000000000000000000e+00,1.000000000000000000e+00,-1.029496594920825681e-01,-2.342529345664101093e-01,1.000000000000000000e+00,4.468550021735459010e-01,-3.109868608691117586e-01,1.527396839469792600e-01,-1.564462540022866846e-02,3.649218130881987099e-02,-2.164278227680200770e-02,-7.106817284059233075e-02,-8.163151744159473366e-02,-4.350037503945331646e-02,6.249121150780975742e-02,-1.460699766062796001e-01,-2.122905234267090380e-01,-8.579377488735945301e-02,-1.595509314880700080e-01,5.878235260918983629e-01,3.018579118419814633e-01,-4.931278489215043526e-02,6.671827129127681777e-02,-4.416507055359206874e-02,-4.907133647022939305e-01,-2.575022826506705442e-01,-5.504968091519494289e-01,-2.743967977310166617e-01,1.245538440693828332e-02,2.146319282951254237e-01,-7.622910536601978232e-03,-1.316510253964879029e-01,2.300684182529188770e-01,-3.046566746413232885e-01,3.003912176609262463e-01,-6.246518947023677049e-01,1.000000000000000000e+00,-7.840710319719789156e-01,-2.081497475261052388e-01,-2.401402389446706531e-01,1.060305955817726492e-01,2.114804280567901817e-01,-4.505577114304711861e-01,-8.756101282094923277e-02
0.000000000000000000e+00,0.000000000000000000e+00,0.000000000000000000e+00,0.000000000000000000e+00,0.000000000000000000e+00,0.000000000000000000e+00,0.000000000000000000e+00,0.000000000000000000e+00,0.000000000000000000e+00,0.000000000000000000e+00,0.000000000000000000e+00,0.000000000000000000e+00,0.000000000000000000e+00,0.000000000000000000e+00,0.000000000000000000e+00,0.000000000000000000e+00,0.000000000000000000e+00,0.000000000000000000e+00,0.000000000000000000e+00,0.000000000000000000e+00,0.000000000000000000e+00,0.000000000000000000e+00,0.000000000000000000e+00,0.000000000000000000e+00,0.000000000000000000e+00,0.000000000000000000e+00,0.000000000000000000e+00,0.000000000000000000e+00,0.000000000000000000e+00,0.000000000000000000e+00,0.000000000000000000e+00,0.000000000000000000e+00,0.000000000000000000e+00,0.000000000000000000e+00,0.000000000000000000e+00,0.000000000000000000e+00,0.000000000000000000e+00,0.000000000000000000e+00,0.000000000000000000e+00,0.000000000000000000e+00,0.000000000000000000e+00,0.000000000000000000e+00,0.000000000000000000e+00,0.000000000000000000e+00,0.000000000000000000e+00,0.000000000000000000e+00,0.000000000000000000e+00,0.000000000000000000e+00,0.000000000000000000e+00,0.000000000000000000e+00,0.000000000000000000e+00,0.000000000000000000e+00,0.000000000000000000e+00,0.000000000000000000e+00,0.000000000000000000e+00,0.000000000000000000e+00,0.000000000000000000e+00,0.000000000000000000e+00,1.000000000000000000e+00,-1.611574639733471259e-01,-3.336497878936919848e-01,9.173011991495689382e-03,5.772471445144691238e-01,3.437632608306702142e-01,3.141052457799234365e-01,1.172137453395017265e-01,3.864408081811841478e-01,7.436306946498886239e-01,1.239288400398503159e-01,2.711641516396322560e-01,1.528827077839224613e-01,-2.764679738331976555e-01,-6.116786593650880288e-01,-7.457314471304803405e-01,2.942593946574295627e-01,-7.236884817054356316e-03,-6.854482236857333266e-01,-7.436048173493331470e-01,8.785985436652184177e-02,-1.694427800046117150e-01,8.660095076549838566e-01,4.089897942283704513e-02,6.208088986685621480e-01,1.532774230113793101e-01,-8.262795908367213116e-01,4.890906311931926265e-01,4.104743777269516669e-01,4.645643800761413700e-01,-3.637997754239725712e-01,3.989667394679353163e-01,-6.832511890504530117e-01,4.057410688786539654e-01,-9.794804297245530977e-02,1.838950123380102275e-01,6.581359185618219643e-01,5.330351977158466203e-01,1.563086225611302060e-01,-4.039746185362482200e-01,-1.524763773172906067e-01,-2.190051798622535129e-01
0.000000000000000000e+00,0.000000000000000000e+00,0.000000000000000000e+00,0.000000000000000000e+00,0.000000000000000000e+00,0.000000000000000000e+00,0.000000000000000000e+00,0.000000000000000000e+00,0.000000000000000000e+00,0.000000000000000000e+00,0.000000000000000000e+00,0.000000000000000000e+00,0.000000000000000000e+00,0.000000000000000000e+00,0.000000000000000000e+00,0.000000000000000000e+00,0.000000000000000000e+00,0.000000000000000000e+00,0.000000000000000000e+00,0.000000000000000000e+00,0.000000000000000000e+00,0.000000000000000000e+00,0.000000000000000000e+00,0.000000000000000000e+00,0.000000000000000000e+00,0.000000000000000000e+00,0.000000000000000000e+00,0.000000000000000000e+00,0.000000000000000000e+00,0.000000000000000000e+00,0.000000000000000000e+00,0.000000000000000000e+00,0.000000000000000000e+00,0.000000000000000000e+00,0.000000000000000000e+00,0.000000000000000000e+00,0.000000000000000000e+00,0.000000000000000000e+00,0.000000000000000000e+00,0.000000000000000000e+00,0.000000000000000000e+00,0.000000000000000000e+00,0.000000000000000000e+00,0.000000000000000000e+00,0.000000000000000000e+00,0.000000000000000000e+00,0.000000000000000000e+00,0.000000000000000000e+00,0.000000000000000000e+00,0.000000000000000000e+00,0.000000000000000000e+00,0.000000000000000000e+00,0.000000000000000000e+00,0.000000000000000000e+00,0.000000000000000000e+00,0.000000000000000000e+00,0.000000000000000000e+00,0.000000000000000000e+00,0.000000000000000000e+00,1.000000000000000000e+00,-4.290021111128910491e-01,1.491982273515153334e-01,2.662992044795218782e-01,-3.277303836305521245e-01,-2.546836719528439152e-01,3.148165865174907055e-03,-2.352255365179624080e-01,2.846183425310915838e-01,-1.611572579832430963e-01,2.580323725546458391e-01,-9.198333713739222095e-02,1.533012530482815716e-01,2.489112512743692565e-02,-2.176573664005777009e-01,4.370699633113699356e-01,-5.503743569728464236e-01,7.407206243020293679e-02,1.494418220524669771e-01,1.138780206468166523e-01,-4.262292310923989080e-01,2.360446678490749073e-01,-2.574869726203882769e-01,1.486104132533319633e-01,7.282700592229263137e-02,-1.105569797447318314e-01,1.072022944634469233e-01,-3.298882119341013941e-01,2.743297376805564278e-02,1.436491401139224355e-01,-2.951560440815351738e-01,-5.618313860159916961e-01,-3.006713131349019186e-01,-7.566726802001515484e-01,2.260403938619774400e-01,-1.618606409176797656e-01,-5.201600293308510092e-02,-3.991983868211026326e-02,-2.516676958620842619e-01,2.529876148215113862e-01,2.071627098425526392e-01
0.000000000000000000e+00,0.000000000000000000e+00,0.000000000000000000e+00,0.000000000000000000e+00,0.000000000000000000e+00,0.000000000000000000e+00,0.000000000000000000e+00,0.000000000000000000e+00,0.000000000000000000e+00,0.000000000000000000e+00,0.000000000000000000e+00,0.000000000000000000e+00,0.000000000000000000e+00,0.000000000000000000e+00,0.000000000000000000e+00,0.000000000000000000e+00,0.000000000000000000e+00,0.000000000000000000e+00,0.000000000000000000e+00,0.000000000000000000e+00,0.000000000000000000e+00,0.000000000000000000e+00,0.000000000000000000e+00,0.000000000000000000e+00,0.000000000000000000e+00,0.000000000000000000e+00,0.000000000000000000e+00,0.000000000000000000e+00,0.000000000000000000e+00,0.000000000000000000e+00,0.000000000000000000e+00,0.000000000000000000e+00,0.000000000000000000e+00,0.000000000000000000e+00,0.000000000000000000e+00,0.000000000000000000e+00,0.000000000000000000e+00,0.000000000000000000e+00,0.000000000000000000e+00,0.000000000000000000e+00,0.000000000000000000e+00,0.000000000000000000e+00,0.000000000000000000e+00,0.000000000000000000e+00,0.000000000000000000e+00,0.000000000000000000e+00,0.000000000000000000e+00,0.000000000000000000e+00,0.000000000000000000e+00,0.000000000000000000e+00,0.000000000000000000e+00,0.000000000000000000e+00,0.000000000000000000e+00,0.000000000000000000e+00,0.000000000000000000e+00,0.000000000000000000e+00,0.000000000000000000e+00,0.000000000000000000e+00,0.000000000000000000e+00,0.000000000000000000e+00,1.000000000000000000e+00,2.512210796731368934e-01,-2.801475403563219446e-01,1.882526384286291599e-01,3.148105064593930136e-01,1.212315754664707312e-01,4.245153324539806261e-02,4.248254351998028734e-03,-8.466279356313650972e-02,-7.811771710528776780e-03,3.307088543802406688e-01,2.839709666958483147e-01,5.544383258500134443e-02,1.706499437530103469e-01,-2.637528577005064934e-01,3.583241122364557718e-01,1.556519206511096931e-01,-1.637864292368630334e-02,1.207191893432237040e-02,6.963622589709624056e-02,-8.978388142552190532e-02,1.230346205162618015e-02,-3.170781349632699753e-01,-4.016424640945525509e-02,-1.148433243828682476e-01,2.514554161907976426e-01,1.238815713128645773e-01,-1.290188393486795815e-01,-1.097766326951166854e-02,-2.612135673283592918e-02,2.487893333329064260e-01,-1.520705296010158303e-01,1.000000000000000000e+00,-6.889220762928194297e-01,-2.720086957886581613e-01,-8.895265093760242048e-02,-9.961513514107361855e-02,3.456413029317870200e-01,-4.350476383726812890e-01,-1.598382412476812564e-01
0.000000000000000000e+00,0.000000000000000000e+00,0.000000000000000000e+00,0.000000000000000000e+00,0.000000000000000000e+00,0.000000000000000000e+00,0.000000000000000000e+00,0.000000000000000000e+00,0.000000000000000000e+00,0.000000000000000000e+00,0.000000000000000000e+00,0.000000000000000000e+00,0.000000000000000000e+00,0.000000000000000000e+00,0.000000000000000000e+00,0.000000000000000000e+00,0.000000000000000000e+00,0.000000000000000000e+00,0.000000000000000000e+00,0.000000000000000000e+00,0.000000000000000000e+00,0.000000000000000000e+00,0.000000000000000000e+00,0.000000000000000000e+00,0.000000000000000000e+00,0.000000000000000000e+00,0.000000000000000000e+00,0.000000000000000000e+00,0.000000000000000000e+00,0.000000000000000000e+00,0.000000000000000000e+00,0.000000000000000000e+00,0.000000000000000000e+00,0.000000000000000000e+00,0.000000000000000000e+00,0.000000000000000000e+00,0.000000000000000000e+00,0.000000000000000000e+00,0.000000000000000000e+00,0.000000000000000000e+00,0.000000000000000000e+00,0.000000000000000000e+00,0.000000000000000000e+00,0.000000000000000000e+00,0.000000000000000000e+00,0.000000000000000000e+00,0.000000000000000000e+00,0.000000000000000000e+00,0.000000000000000000e+00,0.000000000000000000e+00,0.000000000000000000e+00,0.000000000000000000e+00,0.000000000000000000e+00,0.000000000000000000e+00,0.000000000000000000e+00,0.000000000000000000e+00,0.000000000000000000e+00,0.000000000000000000e+00,0.000000000000000000e+00,0.000000000000000000e+00,0.000000000000000000e+00,1.000000000000000000e+00,-1.129014586089983341e-01,1.035158162832080370e-01,3.973508884438434752e-01,3.208245744499101382e-01,-3.773013463478658847e-01,-2.984094167353574731e-02,3.181397979626815475e-01,-3.238035247181515475e-01,1.103109286000672311e-02,4.261127535091574492e-01,7.874512891124343383e-01,-9.693371599878874978e-02,-4.681482748531373694e-02,-2.837597365300504326e-01,2.346829302992110844e-01,-2.133463616209039723e-02,-6.157469948234417512e-01,2.462581818519943566e-01,4.096706413441085770e-01,-3.548747617099791696e-01,-2.958523939958939142e-01,3.980036994040465070e-01,-7.697074435674035042e-01,2.440102424113033686e-01,1.858326270716735562e-01,2.313122263089833208e-01,1.257303580526674125e-01,-4.924901160477451190e-01,-1.261372810626158192e-01,-1.848191134237461104e-03,5.023643348489627014e-01,-1.000000000000000000e+00,-1.582649577522780848e-02,-5.060318909686573746e-02,-2.352335919640543838e-01,7.667906458786194479e-02,-6.325921156937807099e-01,-1.547485852426932519e-02
0.000000000000000000e+00,0.000000000000000000e+00,0.000000000000000000e+00,0.000000000000000000e+00,0.000000000000000000e+00,0.000000000000000000e+00,0.000000000000000000e+00,0.000000000000000000e+00,0.000000000000000000e+00,0.000000000000000000e+00,0.000000000000000000e+00,0.000000000000000000e+00,0.000000000000000000e+00,0.000000000000000000e+00,0.000000000000000000e+00,0.000000000000000000e+00,0.000000000000000000e+00,0.000000000000000000e+00,0.000000000000000000e+00,0.000000000000000000e+00,0.000000000000000000e+00,0.000000000000000000e+00,0.000000000000000000e+00,0.000000000000000000e+00,0.000000000000000000e+00,0.000000000000000000e+00,0.000000000000000000e+00,0.000000000000000000e+00,0.000000000000000000e+00,0.000000000000000000e+00,0.000000000000000000e+00,0.000000000000000000e+00,0.000000000000000000e+00,0.000000000000000000e+00,0.000000000000000000e+00,0.000000000000000000e+00,0.000000000000000000e+00,0.000000000000000000e+00,0.000000000000000000e+00,0.000000000000000000e+00,0.000000000000000000e+00,0.000000000000000000e+00,0.000000000000000000e+00,0.000000000000000000e+00,0.000000000000000000e+00,0.000000000000000000e+00,0.000000000000000000e+00,0.000000000000000000e+00,0.000000000000000000e+00,0.000000000000000000e+00,0.000000000000000000e+00,0.000000000000000000e+00,0.000000000000000000e+00,0.000000000000000000e+00,0.000000000000000000e+00,0.000000000000000000e+00,0.000000000000000000e+00,0.000000000000000000e+00,0.000000000000000000e+00,0.000000000000000000e+00,0.000000000000000000e+00,0.000000000000000000e+00,1.000000000000000000e+00,-4.173760412563646410e-02,-4.704953817785373360e-01,-2.744777426264208633e-02,3.311997499819509527e-01,9.156469151376088744e-01,-2.287469534567408425e-01,8.086787042443728257e-01,-1.778190970053337983e-01,-4.351939142914831860e-01,-8.611540062173209664e-01,-9.710460709564486814e-01,8.475685560132752983e-01,-5.727476028489961735e-01,-7.308714162790496127e-01,-5.294645866824786440e-01,4.851175443065455228e-01,-7.379479752337823051e-01,7.724769046227107916e-01,-1.172082295366782684e-01,9.389341254537787451e-01,-4.831747607351859208e-02,-3.578248886952491437e-01,5.004459142262535076e-01,-2.437148847467999480e-01,4.064180121663464318e-01,-2.917062239102766741e-01,1.396536154298314292e-01,-1.000000000000000000e+00,1.066414743827626549e-01,-1.000000000000000000e+00,7.331389540747265121e-01,5.544182445562898520e-01,4.365893850450757729e-01,1.831859191634051809e-01,-6.983567844755015352e-01,5.367669006051760672e-01,3.226342728560394751e-02
0.000000000000000000e+00,0.000000000000000000e+00,0.000000000000000000e+00,0.000000000000000000e+00,0.000000000000000000e+00,0.000000000000000000e+00,0.000000000000000000e+00,0.000000000000000000e+00,0.000000000000000000e+00,0.000000000000000000e+00,0.000000000000000000e+00,0.000000000000000000e+00,0.000000000000000000e+00,0.000000000000000000e+00,0.000000000000000000e+00,0.000000000000000000e+00,0.000000000000000000e+00,0.000000000000000000e+00,0.000000000000000000e+00,0.000000000000000000e+00,0.000000000000000000e+00,0.000000000000000000e+00,0.000000000000000000e+00,0.000000000000000000e+00,0.000000000000000000e+00,0.000000000000000000e+00,0.000000000000000000e+00,0.000000000000000000e+00,0.000000000000000000e+00,0.000000000000000000e+00,0.000000000000000000e+00,0.000000000000000000e+00,0.000000000000000000e+00,0.000000000000000000e+00,0.000000000000000000e+00,0.000000000000000000e+00,0.000000000000000000e+00,0.000000000000000000e+00,0.000000000000000000e+00,0.000000000000000000e+00,0.000000000000000000e+00,0.000000000000000000e+00,0.000000000000000000e+00,0.000000000000000000e+00,0.000000000000000000e+00,0.000000000000000000e+00,0.000000000000000000e+00,0.000000000000000000e+00,0.000000000000000000e+00,0.000000000000000000e+00,0.000000000000000000e+00,0.000000000000000000e+00,0.000000000000000000e+00,0.000000000000000000e+00,0.000000000000000000e+00,0.000000000000000000e+00,0.000000000000000000e+00,0.000000000000000000e+00,0.000000000000000000e+00,0.000000000000000000e+00,0.000000000000000000e+00,0.000000000000000000e+00,0.000000000000000000e+00,1.000000000000000000e+00,5.156551670177087487e-01,2.739830780973656066e-01,6.422922823017274130e-01,-9.717086132360820694e-02,4.262576455537214204e-01,1.346921029413089277e-01,4.793086291018263667e-01,-3.881184516162313192e-01,1.581426277473509112e-01,-3.083471930442923184e-02,-2.635692217746790078e-01,6.711178093938267031e-01,-1.580899692667014633e-01,-6.517798427449812415e-01,-4.346396144424096164e-01,3.987451853527454460e-01,-9.355381123154083572e-03,1.872347066165990781e-01,1.008943275199049132e-02,1.476547440801257161e-01,-5.538249443613226797e-01,5.093160453446001767e-01,7.017986389044076345e-01,3.387662985163530927e-01,-6.075987487780849516e-01,2.742326642168533835e-01,6.109344292897795903e-01,7.353757383861810881e-01,1.000000000000000000e+00,-9.337498738349468974e-01,7.764258002794144353e-01,3.237693955335921303e-01,-5.271397488000108961e-02,8.443886232650240631e-01,-7.033882505207644797e-01,-5.396554837383897851e-01
0.000000000000000000e+00,0.000000000000000000e+00,0.000000000000000000e+00,0.000000000000000000e+00,0.000000000000000000e+00,0.000000000000000000e+00,0.000000000000000000e+00,0.000000000000000000e+00,0.000000000000000000e+00,0.000000000000000000e+00,0.000000000000000000e+00,0.000000000000000000e+00,0.000000000000000000e+00,0.000000000000000000e+00,0.000000000000000000e+00,0.000000000000000000e+00,0.000000000000000000e+00,0.000000000000000000e+00,0.000000000000000000e+00,0.000000000000000000e+00,0.000000000000000000e+00,0.000000000000000000e+00,0.000000000000000000e+00,0.000000000000000000e+00,0.000000000000000000e+00,0.000000000000000000e+00,0.000000000000000000e+00,0.000000000000000000e+00,0.000000000000000000e+00,0.000000000000000000e+00,0.000000000000000000e+00,0.000000000000000000e+00,0.000000000000000000e+00,0.000000000000000000e+00,0.000000000000000000e+00,0.000000000000000000e+00,0.000000000000000000e+00,0.000000000000000000e+00,0.000000000000000000e+00,0.000000000000000000e+00,0.000000000000000000e+00,0.000000000000000000e+00,0.000000000000000000e+00,0.000000000000000000e+00,0.000000000000000000e+00,0.000000000000000000e+00,0.000000000000000000e+00,0.000000000000000000e+00,0.000000000000000000e+00,0.000000000000000000e+00,0.000000000000000000e+00,0.000000000000000000e+00,0.000000000000000000e+00,0.000000000000000000e+00,0.000000000000000000e+00,0.000000000000000000e+00,0.000000000000000000e+00,0.000000000000000000e+00,0.000000000000000000e+00,0.000000000000000000e+00,0.000000000000000000e+00,0.000000000000000000e+00,0.000000000000000000e+00,0.000000000000000000e+00,1.000000000000000000e+00,3.631855582861194254e-01,1.272828772288109866e-01,3.376027644715792753e-02,1.717265230294165168e-01,-9.770247423827523037e-02,5.548042899808113271e-01,8.682454356302601317e-01,8.988653547902578644e-01,3.896588184415511469e-01,-3.963938586176961598e-01,8.220866138802403189e-02,1.090604819031609496e-01,-2.883497134390060335e-02,-4.859409328282058294e-01,3.149598405859414529e-01,2.956636622146135984e-01,1.760077527083287185e-01,-1.034092894962039266e-01,4.302891608713565463e-01,-6.177260044117702797e-01,4.385561638191791123e-01,5.614286493885448648e-01,9.077445080531931776e-03,-2.570869467420152099e-01,2.186278084555093593e-01,9.802265393845314978e-03,4.056115808085842267e-01,5.285443463326601199e-01,-6.373607025256189385e-01,-2.151671681575603179e-01,2.174165190090622535e-01,-4.744072424942511468e-01,6.691924541477906052e-01,-6.521933668137612772e-01,-2.706189230434318249e-01
0.000000000000000000e+00,0.000000000000000000e+00,0.000000000000000000e+00,0.000000000000000000e+00,0.000000000000000000e+00,0.000000000000000000e+00,0.000000000000000000e+00,0.000000000000000000e+00,0.000000000000000000e+00,0.000000000000000000e+00,0.000000000000000000e+00,0.000000000000000000e+00,0.000000000000000000e+00,0.000000000000000000e+00,0.000000000000000000e+00,0.000000000000000000e+00,0.000000000000000000e+00,0.000000000000000000e+00,0.000000000000000000e+00,0.000000000000000000e+00,0.000000000000000000e+00,0.000000000000000000e+00,0.000000000000000000e+00,0.000000000000000000e+00,0.000000000000000000e+00,0.000000000000000000e+00,0.000000000000000000e+00,0.000000000000000000e+00,0.000000000000000000e+00,0.000000000000000000e+00,0.000000000000000000e+00,0.000000000000000000e+00,0.000000000000000000e+00,0.000000000000000000e+00,0.000000000000000000e+00,0.000000000000000000e+00,0.000000000000000000e+00,0.000000000000000000e+00,0.000000000000000000e+00,0.000000000000000000e+00,0.000000000000000000e+00,0.000000000000000000e+00,0.000000000000000000e+00,0.000000000000000000e+00,0.000000000000000000e+00,0.000000000000000000e+00,0.000000000000000000e+00,0.000000000000000000e+00,0.000000000000000000e+00,0.000000000000000000e+00,0.000000000000000000e+00,0.000000000000000000e+00,0.000000000000000000e+00,0.000000000000000000e+00,0.000000000000000000e+00,0.000000000000000000e+00,0.000000000000000000e+00,0.000000000000000000e+00,0.000000000000000000e+00,0.000000000000000000e+00,0.000000000000000000e+00,0.000000000000000000e+00,0.000000000000000000e+00,0.000000000000000000e+00,0.000000000000000000e+00,1.000000000000000000e+00,2.031063915191544389e-01,4.707388080496182070e-01,4.514238715163333415e-01,2.040313160576329998e-01,8.099362501295505057e-01,1.000000000000000000e+00,1.000000000000000000e+00,1.960089106567264594e-01,-2.337858887903588589e-01,-2.661275193854351628e-01,1.902599883142947479e-01,-3.145656502315699599e-01,-1.000000000000000000e+00,3.498881191345828978e-01,9.610458883677297504e-01,-1.843816446567203005e-01,3.611260473702197077e-02,1.000000000000000000e+00,-1.000000000000000000e+00,1.000000000000000000e+00,9.806663224400808954e-01,4.101699318486380363e-01,-6.331455740861782200e-01,-1.569873628363564200e-01,-2.569198870817385183e-01,7.965391845337455035e-01,6.809507695237968505e-01,-1.000000000000000000e+00,-5.092656645124044035e-02,5.871232050848225192e-01,-1.000000000000000000e+00,1.000000000000000000e+00,-1.000000000000000000e+00,-6.025543203461286579e-01
0.000000000000000000e+00,0.000000000000000000e+00,0.000000000000000000e+00,0.000000000000000000e+00,0.000000000000000000e+00,0.000000000000000000e+00,0.000000000000000000e+00,0.000000000000000000e+00,0.000000000000000000e+00,0.000000000000000000e+00,0.000000000000000000e+00,0.000000000000000000e+00,0.000000000000000000e+00,0.000000000000000000e+00,0.000000000000000000e+00,0.000000000000000000e+00,0.000000000000000000e+00,0.000000000000000000e+00,0.000000000000000000e+00,0.000000000000000000e+00,0.000000000000000000e+00,0.000000000000000000e+00,0.000000000000000000e+00,0.000000000000000000e+00,0.000000000000000000e+00,0.000000000000000000e+00,0.000000000000000000e+00,0.000000000000000000e+00,0.000000000000000000e+00,0.000000000000000000e+00,0.000000000000000000e+00,0.000000000000000000e+00,0.000000000000000000e+00,0.000000000000000000e+00,0.000000000000000000e+00,0.000000000000000000e+00,0.000000000000000000e+00,0.000000000000000000e+00,0.000000000000000000e+00,0.000000000000000000e+00,0.000000000000000000e+00,0.000000000000000000e+00,0.000000000000000000e+00,0.000000000000000000e+00,0.000000000000000000e+00,0.000000000000000000e+00,0.000000000000000000e+00,0.000000000000000000e+00,0.000000000000000000e+00,0.000000000000000000e+00,0.000000000000000000e+00,0.000000000000000000e+00,0.000000000000000000e+00,0.000000000000000000e+00,0.000000000000000000e+00,0.000000000000000000e+00,0.000000000000000000e+00,0.000000000000000000e+00,0.000000000000000000e+00,0.000000000000000000e+00,0.000000000000000000e+00,0.000000000000000000e+00,0.000000000000000000e+00,0.000000000000000000e+00,0.000000000000000000e+00,0.000000000000000000e+00,1.000000000000000000e+00,4.812137946250654719e-01,-3.811139773195548197e-01,8.021564029967128695e-01,5.522559794500686570e-01,3.827529933498437925e-02,-4.626080653545651122e-01,1.085375564934125264e-01,-1.511814473932598761e-02,6.883675995670467396e-01,-3.985864277601964267e-01,-2.799564930260267648e-01,3.619199500974343287e-01,-3.973462192735097709e-01,-2.870004566060475049e-01,4.412766905342124235e-01,4.528683641012606897e-01,-3.377979118713063666e-01,4.628182650580265900e-01,6.344848194276779818e-01,1.661096668729152293e-01,-1.349215271338467526e-01,-5.689661776265144688e-01,6.381379212078926999e-01,3.366554271490249106e-01,1.905098542180850563e-01,-7.062727194990985058e-02,4.728879745628821185e-01,1.563351812114908423e-01,4.204879290642974943e-01,-1.136657281453997415e-01,4.066876357350914795e-01,-1.226562951539435092e-01,-4.382979204010937213e-01
0.000000000000000000e+00,0.000000000000000000e+00,0.000000000000000000e+00,0.000000000000000000e+00,0.000000000000000000e+00,0.000000000000000000e+00,0.000000000000000000e+00,0.000000000000000000e+00,0.000000000000000000e+00,0.000000000000000000e+00,0.000000000000000000e+00,0.000000000000000000e+00,0.000000000000000000e+00,0.000000000000000000e+00,0.000000000000000000e+00,0.000000000000000000e+00,0.000000000000000000e+00,0.000000000000000000e+00,0.000000000000000000e+00,0.000000000000000000e+00,0.000000000000000000e+00,0.000000000000000000e+00,0.000000000000000000e+00,0.000000000000000000e+00,0.000000000000000000e+00,0.000000000000000000e+00,0.000000000000000000e+00,0.000000000000000000e+00,0.000000000000000000e+00,0.000000000000000000e+00,0.000000000000000000e+00,0.000000000000000000e+00,0.000000000000000000e+00,0.000000000000000000e+00,0.000000000000000000e+00,0.000000000000000000e+00,0.000000000000000000e+00,0.000000000000000000e+00,0.000000000000000000e+00,0.000000000000000000e+00,0.000000000000000000e+00,0.000000000000000000e+00,0.000000000000000000e+00,0.000000000000000000e+00,0.000000000000000000e+00,0.000000000000000000e+00,0.000000000000000000e+00,0.000000000000000000e+00,0.000000000000000000e+00,0.000000000000000000e+00,0.000000000000000000e+00,0.000000000000000000e+00,0.000000000000000000e+00,0.000000000000000000e+00,0.000000000000000000e+00,0.000000000000000000e+00,0.000000000000000000e+00,0.000000000000000000e+00,0.000000000000000000e+00,0.000000000000000000e+00,0.000000000000000000e+00,0.000000000000000000e+00,0.000000000000000000e+00,0.000000000000000000e+00,0.000000000000000000e+00,0.000000000000000000e+00,0.000000000000000000e+00,1.000000000000000000e+00,-3.392543751130773777e-01,5.906499933349635967e-01,2.615935938868524935e-01,3.127909604677343580e-01,-5.919245730191967647e-01,-2.735976580758316401e-01,2.776014131986889177e-01,6.318317107817572609e-02,-4.336756716855579841e-01,-2.147084760692045124e-01,3.436546438324196151e-01,-4.820377452401256035e-01,4.666115552430288305e-01,1.022784953908890265e-01,4.707489762322557003e-01,-1.630083227921070299e-01,4.780672194751634657e-02,4.321012293756898437e-01,-8.556460269746271607e-02,-5.092638916214952891e-03,-2.503784892758694203e-01,1.916939322099498189e-01,-1.942859571395708085e-01,-7.534791456863534909e-02,-4.199533787251910066e-01,3.568112978494287768e-01,2.368980282760869971e-02,3.120562010112800655e-01,-4.185123329713370810e-02,-5.542103300223948370e-01,-2.800130426406847728e-01,-1.931471065933449138e-01
0.000000000000000000e+00,0.000000000000000000e+00,0.000000000000000000e+00,0.000000000000000000e+00,0.000000000000000000e+00,0.000000000000000000e+00,0.000000000000000000e+00,0.000000000000000000e+00,0.000000000000000000e+00,0.000000000000000000e+00,0.000000000000000000e+00,0.000000000000000000e+00,0.000000000000000000e+00,0.000000000000000000e+00,0.000000000000000000e+00,0.000000000000000000e+00,0.000000000000000000e+00,0.000000000000000000e+00,0.000000000000000000e+00,0.000000000000000000e+00,0.000000000000000000e+00,0.000000000000000000e+00,0.000000000000000000e+00,0.000000000000000000e+00,0.000000000000000000e+00,0.000000000000000000e+00,0.000000000000000000e+00,0.000000000000000000e+00,0.000000000000000000e+00,0.000000000000000000e+00,0.000000000000000000e+00,0.000000000000000000e+00,0.000000000000000000e+00,0.000000000000000000e+00,0.000000000000000000e+00,0.000000000000000000e+00,0.000000000000000000e+00,0.000000000000000000e+00,0.000000000000000000e+00,0.000000000000000000e+00,0.000000000000000000e+00,0.000000000000000000e+00,0.000000000000000000e+00,0.000000000000000000e+00,0.000000000000000000e+00,0.000000000000000000e+00,0.000000000000000000e+00,0.000000000000000000e+00,0.000000000000000000e+00,0.000000000000000000e+00,0.000000000000000000e+00,0.000000000000000000e+00,0.000000000000000000e+00,0.000000000000000000e+00,0.000000000000000000e+00,0.000000000000000000e+00,0.000000000000000000e+00,0.000000000000000000e+00,0.000000000000000000e+00,0.000000000000000000e+00,0.000000000000000000e+00,0.000000000000000000e+00,0.000000000000000000e+00,0.000000000000000000e+00,0.000000000000000000e+00,0.000000000000000000e+00,0.000000000000000000e+00,0.000000000000000000e+00,1.000000000000000000e+00,-8.501373932792096744e-01,-5.005365764289850805e-01,-5.632568042632284389e-01,8.803071661587658081e-01,-9.674048921404451717e-02,-1.220457522115858673e-01,-2.197004905289741683e-01,2.855994678548698373e-01,-2.058278714969120071e-01,-1.000000000000000000e+00,8.404788891375440940e-01,8.882912813095752980e-02,-3.268349828247717470e-01,-2.200294863757202568e-01,5.386756252972517700e-01,-8.470322681828178490e-01,-5.129885690561578615e-01,5.726745896666025626e-01,5.180576288051937928e-01,4.070551008349469063e-02,-3.186255436448091061e-01,1.850591316702021871e-01,6.559656665237150186e-01,2.983059705865325761e-01,-7.118620811286548999e-01,7.721929100076225794e-01,4.293514142657060134e-02,8.099590167050452205e-02,6.119714629631112929e-02,-3.592112826100799516e-01,3.692774606565193962e-02
0.000000000000000000e+00,0.000000000000000000e+00,0.000000000000000000e+00,0.000000000000000000e+00,0.000000000000000000e+00,0.000000000000000000e+00,0.000000000000000000e+00,0.000000000000000000e+00,0.000000000000000000e+00,0.000000000000000000e+00,0.000000000000000000e+00,0.000000000000000000e+00,0.000000000000000000e+00,0.000000000000000000e+00,0.000000000000000000e+00,0.000000000000000000e+00,0.000000000000000000e+00,0.000000000000000000e+00,0.000000000000000000e+00,0.000000000000000000e+00,0.000000000000000000e+00,0.000000000000000000e+00,0.000000000000000000e+00,0.000000000000000000e+00,0.000000000000000000e+00,0.000000000000000000e+00,0.000000000000000000e+00,0.000000000000000000e+00,0.000000000000000000e+00,0.000000000000000000e+00,0.000000000000000000e+00,0.000000000000000000e+00,0.000000000000000000e+00,0.000000000000000000e+00,0.000000000000000000e+00,0.000000000000000000e+00,0.000000000000000000e+00,0.000000000000000000e+00,0.000000000000000000e+00,0.000000000000000000e+00,0.000000000000000000e+00,0.000000000000000000e+00,0.000000000000000000e+00,0.000000000000000000e+00,0.000000000000000000e+00,0.000000000000000000e+00,0.000000000000000000e+00,0.000000000000000000e+00,0.000000000000000000e+00,0.000000000000000000e+00,0.000000000000000000e+00,0.000000000000000000e+00,0.000000000000000000e+00,0.000000000000000000e+00,0.000000000000000000e+00,0.000000000000000000e+00,0.000000000000000000e+00,0.000000000000000000e+00,0.000000000000000000e+00,0.000000000000000000e+00,0.000000000000000000e+00,0.000000000000000000e+00,0.000000000000000000e+00,0.000000000000000000e+00,0.000000000000000000e+00,0.000000000000000000e+00,0.000000000000000000e+00,0.000000000000000000e+00,0.000000000000000000e+00,1.000000000000000000e+00,3.798830051534663466e-01,1.913028972640754555e-01,-4.270473297938330859e-01,-7.684532242258730605e-02,3.287459558339456689e-01,1.670150119799566624e-01,-2.243356312186185475e-01,-9.412596140658037458e-02,4.895947789213509482e-01,-7.864098898888828293e-01,-1.410961037001079998e-01,1.672011830304042102e-01,4.165651269952631019e-01,-3.058767065493147030e-01,4.219178772878005024e-01,5.872746260796430917e-01,-1.654239470220617292e-01,-1.693915084126181858e-01,-3.409841276673417632e-01,2.629927568869380172e-01,-1.413762190357218951e-01,-2.202180362739405706e-01,-3.690042884428107461e-01,4.167099439486311452e-01,-1.150622238694323923e-01,2.348110520550731328e-01,-1.189579716985905283e-01,9.608185294225438100e-02,1.202056596541428886e-02,-1.974269724155714723e-01
0.000000000000000000e+00,0.000000000000000000e+00,0.000000000000000000e+00,0.000000000000000000e+00,0.000000000000000000e+00,0.000000000000000000e+00,0.000000000000000000e+00,0.000000000000000000e+00,0.000000000000000000e+00,0.000000000000000000e+00,0.000000000000000000e+00,0.000000000000000000e+00,0.000000000000000000e+00,0.000000000000000000e+00,0.000000000000000000e+00,0.000000000000000000e+00,0.000000000000000000e+00,0.000000000000000000e+00,0.000000000000000000e+00,0.000000000000000000e+00,0.000000000000000000e+00,0.000000000000000000e+00,0.000000000000000000e+00,0.000000000000000000e+00,0.000000000000000000e+00,0.000000000000000000e+00,0.000000000000000000e+00,0.000000000000000000e+00,0.000000000000000000e+00,0.000000000000000000e+00,0.000000000000000000e+00,0.000000000000000000e+00,0.000000000000000000e+00,0.000000000000000000e+00,0.000000000000000000e+00,0.000000000000000000e+00,0.000000000000000000e+00,0.000000000000000000e+00,0.000000000000000000e+00,0.000000000000000000e+00,0.000000000000000000e+00,0.000000000000000000e+00,0.000000000000000000e+00,0.000000000000000000e+00,0.000000000000000000e+00,0.000000000000000000e+00,0.000000000000000000e+00,0.000000000000000000e+00,0.000000000000000000e+00,0.000000000000000000e+00,0.000000000000000000e+00,0.000000000000000000e+00,0.000000000000000000e+00,0.000000000000000000e+00,0.000000000000000000e+00,0.000000000000000000e+00,0.000000000000000000e+00,0.000000000000000000e+00,0.000000000000000000e+00,0.000000000000000000e+00,0.000000000000000000e+00,0.000000000000000000e+00,0.000000000000000000e+00,0.000000000000000000e+00,0.000000000000000000e+00,0.000000000000000000e+00,0.000000000000000000e+00,0.000000000000000000e+00,0.000000000000000000e+00,0.000000000000000000e+00,1.000000000000000000e+00,5.510077753376575460e-01,8.877492341016176083e-03,3.541420864867297347e-01,-1.435667237684795094e-01,2.244116530943229826e-01,-8.299983319883263988e-02,1.307425587083772822e-02,1.203520734132759035e-01,-2.918677295767101443e-01,1.614065689862020370e-01,3.721397547166431230e-01,-9.829293605228165559e-03,-2.051397114728237617e-02,1.353697696731975819e-01,3.499475084014815329e-01,7.849597307388635203e-02,-1.631054177244826708e-01,-2.509855631634770878e-01,2.963150787167868616e-01,1.526000773779520314e-01,1.302759311802178036e-02,3.594317313805237002e-01,-9.250616458312545601e-03,-1.256828389558751757e-01,5.696607686079756955e-02,-1.433294262338382363e-01,5.147480024722058678e-01,-2.015448756123272289e-01,-2.094595292552797750e-01
0.000000000000000000e+00,0.000000000000000000e+00,0.000000000000000000e+00,0.000000000000000000e+00,0.000000000000000000e+00,0.000000000000000000e+00,0.000000000000000000e+00,0.000000000000000000e+00,0.000000000000000000e+00,0.000000000000000000e+00,0.000000000000000000e+00,0.000000000000000000e+00,0.000000000000000000e+00,0.000000000000000000e+00,0.000000000000000000e+00,0.000000000000000000e+00,0.000000000000000000e+00,0.000000000000000000e+00,0.000000000000000000e+00,0.000000000000000000e+00,0.000000000000000000e+00,0.000000000000000000e+00,0.000000000000000000e+00,0.000000000000000000e+00,0.000000000000000000e+00,0.000000000000000000e+00,0.000000000000000000e+00,0.000000000000000000e+00,0.000000000000000000e+00,0.000000000000000000e+00,0.000000000000000000e+00,0.000000000000000000e+00,0.000000000000000000e+00,0.000000000000000000e+00,0.000000000000000000e+00,0.000000000000000000e+00,0.000000000000000000e+00,0.000000000000000000e+00,0.000000000000000000e+00,0.000000000000000000e+00,0.000000000000000000e+00,0.000000000000000000e+00,0.000000000000000000e+00,0.000000000000000000e+00,0.000000000000000000e+00,0.000000000000000000e+00,0.000000000000000000e+00,0.000000000000000000e+00,0.000000000000000000e+00,0.000000000000000000e+00,0.000000000000000000e+00,0.000000000000000000e+00,0.000000000000000000e+00,0.000000000000000000e+00,0.000000000000000000e+00,0.000000000000000000e+00,0.000000000000000000e+00,0.000000000000000000e+00,0.000000000000000000e+00,0.000000000000000000e+00,0.000000000000000000e+00,0.000000000000000000e+00,0.000000000000000000e+00,0.000000000000000000e+00,0.000000000000000000e+00,0.000000000000000000e+00,0.000000000000000000e+00,0.000000000000000000e+00,0.000000000000000000e+00,0.000000000000000000e+00,0.000000000000000000e+00,1.000000000000000000e+00,5.215752797801403995e-01,3.748226468116354626e-01,-1.524456790337972989e-01,-1.314729679778329774e-01,6.436490129395004700e-02,2.528535380539109756e-01,-5.323465728615958681e-02,-1.188431314948112244e-01,2.338478365497619060e-01,1.806766369213689549e-01,-1.936823749672385991e-02,1.626620680813081754e-01,-1.894477154539029803e-02,3.294024188534097619e-01,1.898876476868672017e-02,-2.152316091220942695e-01,-6.626841930003936343e-02,8.898743662253706665e-02,-1.016100890127716178e-01,-4.807626795650184887e-02,-1.152023368190400882e-01,-7.283571863078996955e-02,-5.070193271541144631e-01,4.722740502208199603e-02,-4.008880195399591173e-01,2.293238564104491950e-01,-2.656771617649250072e-01,-6.882251807447617442e-02
0.000000000000000000e+00,0.000000000000000000e+00,0.000000000000000000e+00,0.000000000000000000e+00,0.000000000000000000e+00,0.000000000000000000e+00,0.000000000000000000e+00,0.000000000000000000e+00,0.000000000000000000e+00,0.000000000000000000e+00,0.000000000000000000e+00,0.000000000000000000e+00,0.000000000000000000e+00,0.000000000000000000e+00,0.000000000000000000e+00,0.000000000000000000e+00,0.000000000000000000e+00,0.000000000000000000e+00,0.000000000000000000e+00,0.000000000000000000e+00,0.000000000000000000e+00,0.000000000000000000e+00,0.000000000000000000e+00,0.000000000000000000e+00,0.000000000000000000e+00,0.000000000000000000e+00,0.000000000000000000e+00,0.000000000000000000e+00,0.000000000000000000e+00,0.000000000000000000e+00,0.000000000000000000e+00,0.000000000000000000e+00,0.000000000000000000e+00,0.000000000000000000e+00,0.000000000000000000e+00,0.000000000000000000e+00,0.000000000000000000e+00,0.000000000000000000e+00,0.000000000000000000e+00,0.000000000000000000e+00,0.000000000000000000e+00,0.000000000000000000e+00,0.000000000000000000e+00,0.000000000000000000e+00,0.000000000000000000e+00,0.000000000000000000e+00,0.000000000000000000e+00,0.000000000000000000e+00,0.000000000000000000e+00,0.000000000000000000e+00,0.000000000000000000e+00,0.000000000000000000e+00,0.000000000000000000e+00,0.000000000000000000e+00,0.000000000000000000e+00,0.000000000000000000e+00,0.000000000000000000e+00,0.000000000000000000e+00,0.000000000000000000e+00,0.000000000000000000e+00,0.000000000000000000e+00,0.000000000000000000e+00,0.000000000000000000e+00,0.000000000000000000e+00,0.000000000000000000e+00,0.000000000000000000e+00,0.000000000000000000e+00,0.000000000000000000e+00,0.000000000000000000e+00,0.000000000000000000e+00,0.000000000000000000e+00,0.000000000000000000e+00,1.000000000000000000e+00,3.015411080555193135e-01,-1.372537463306498229e-01,-2.177387242438899584e-01,3.465402132145218306e-01,1.915652382890313810e-01,-5.085068955190309437e-01,2.284774613276616961e-01,-1.068471800396727789e-01,-9.150932287767932216e-02,-1.830805669192998031e-01,3.391586764739518145e-01,-2.685594484101528900e-01,5.327131764304663536e-03,2.170332095332208333e-01,2.634484245868337279e-02,1.404815569987852286e-02,-1.480902224063346262e-01,8.804829739387922544e-03,1.720336520454305573e-01,2.661939566742371234e-03,-4.044743326322436938e-01,-9.204403565849755831e-02,-1.944225662518654640e-02,-2.805425434221692771e-01,4.389727292008201998e-01,-1.697117895038487700e-01,2.548530620896009499e-02
0.000000000000000000e+00,0.000000000000000000e+00,0.000000000000000000e+00,0.000000000000000000e+00,0.000000000000000000e+00,0.000000000000000000e+00,0.000000000000000000e+00,0.000000000000000000e+00,0.000000000000000000e+00,0.000000000000000000e+00,0.000000000000000000e+00,0.000000000000000000e+00,0.000000000000000000e+00,0.000000000000000000e+00,0.000000000000000000e+00,0.000000000000000000e+00,0.000000000000000000e+00,0.000000000000000000e+00,0.000000000000000000e+00,0.000000000000000000e+00,0.000000000000000000e+00,0.000000000000000000e+00,0.000000000000000000e+00,0.000000000000000000e+00,0.000000000000000000e+00,0.000000000000000000e+00,0.000000000000000000e+00,0.000000000000000000e+00,0.000000000000000000e+00,0.000000000000000000e+00,0.000000000000000000e+00,0.000000000000000000e+00,0.000000000000000000e+00,0.000000000000000000e+00,0.000000000000000000e+00,0.000000000000000000e+00,0.000000000000000000e+00,0.000000000000000000e+00,0.000000000000000000e+00,0.000000000000000000e+00,0.000000000000000000e+00,0.000000000000000000e+00,0.000000000000000000e+00,0.000000000000000000e+00,0.000000000000000000e+00,0.000000000000000000e+00,0.000000000000000000e+00,0.000000000000000000e+00,0.000000000000000000e+00,0.000000000000000000e+00,0.000000000000000000e+00,0.000000000000000000e+00,0.000000000000000000e+00,0.000000000000000000e+00,0.000000000000000000e+00,0.000000000000000000e+00,0.000000000000000000e+00,0.000000000000000000e+00,0.000000000000000000e+00,0.000000000000000000e+00,0.000000000000000000e+00,0.000000000000000000e+00,0.000000000000000000e+00,0.000000000000000000e+00,0.000000000000000000e+00,0.000000000000000000e+00,0.000000000000000000e+00,0.000000000000000000e+00,0.000000000000000000e+00,0.000000000000000000e+00,0.000000000000000000e+00,0.000000000000000000e+00,0.000000000000000000e+00,1.000000000000000000e+00,-4.057729341113788246e-01,2.505022098398397845e-01,4.063783730257881088e-01,4.828837865527297324e-01,-2.082127140956030464e-01,6.904628639690540970e-02,-4.004533007348932139e-01,4.137398553293846204e-01,-2.713036818838620023e-01,9.208352871793010208e-02,5.850551279887197254e-01,-1.184388523946697108e-01,5.194629599109452933e-02,-3.836919778293274019e-01,-9.059472327051390494e-02,1.955272059775221560e-01,6.334420640772903122e-01,1.275015920110485479e-01,-7.153532165486389816e-02,8.313233024465464804e-02,-3.075082030109011488e-01,-1.404588533007320172e-01,-2.990923782020647459e-01,6.949820002304338828e-01,-1.338876483835144682e-01,-5.539178680978289887e-02
0.000000000000000000e+00,0.000000000000000000e+00,0.000000000000000000e+00,0.000000000000000000e+00,0.000000000000000000e+00,0.000000000000000000e+00,0.000000000000000000e+00,0.000000000000000000e+00,0.000000000000000000e+00,0.000000000000000000e+00,0.000000000000000000e+00,0.000000000000000000e+00,0.000000000000000000e+00,0.000000000000000000e+00,0.000000000000000000e+00,0.000000000000000000e+00,0.000000000000000000e+00,0.000000000000000000e+00,0.000000000000000000e+00,0.000000000000000000e+00,0.000000000000000000e+00,0.000000000000000000e+00,0.000000000000000000e+00,0.000000000000000000e+00,0.000000000000000000e+00,0.000000000000000000e+00,0.000000000000000000e+00,0.000000000000000000e+00,0.000000000000000000e+00,0.000000000000000000e+00,0.000000000000000000e+00,0.000000000000000000e+00,0.000000000000000000e+00,0.000000000000000000e+00,0.000000000000000000e+00,0.000000000000000000e+00,0.000000000000000000e+00,0.000000000000000000e+00,0.000000000000000000e+00,0.000000000000000000e+00,0.000000000000000000e+00,0.000000000000000000e+00,0.000000000000000000e+00,0.000000000000000000e+00,0.000000000000000000e+00,0.000000000000000000e+00,0.000000000000000000e+00,0.000000000000000000e+00,0.000000000000000000e+00,0.000000000000000000e+00,0.000000000000000000e+00,0.000000000000000000e+00,0.000000000000000000e+00,0.000000000000000000e+00,0.000000000000000000e+00,0.000000000000000000e+00,0.000000000000000000e+00,0.000000000000000000e+00,0.000000000000000000e+00,0.000000000000000000e+00,0.000000000000000000e+00,0.000000000000000000e+00,0.000000000000000000e+00,0.000000000000000000e+00,0.000000000000000000e+00,0.000000000000000000e+00,0.000000000000000000e+00,0.000000000000000000e+00,0.000000000000000000e+00,0.000000000000000000e+00,0.000000000000000000e+00,0.000000000000000000e+00,0.000000000000000000e+00,0.000000000000000000e+00,1.000000000000000000e+00,-5.919208644536093633e-01,-2.245118812600188085e-01,-2.058997659850889395e-01,3.497621941339288942e-01,-9.316894698651975171e-01,3.912718907230993137e-01,-3.829342093338797270e-01,6.906807579590240609e-01,-6.653808078818969352e-02,-9.401226736295445474e-02,2.333032222543735545e-01,-4.226059167728353216e-01,2.673255172825182435e-01,-7.492105813024627081e-02,-2.409146152769175153e-01,-8.284458856028180662e-01,-2.489692596303958172e-01,-1.000000000000000000e+00,5.891732664421939214e-01,4.375924897936637747e-01,2.070232836858518777e-01,2.234729229644693282e-01,-8.265108423855165309e-01,3.688599717327065708e-01,1.783731026042471302e-01
0.000000000000000000e+00,0.000000000000000000e+00,0.000000000000000000e+00,0.000000000000000000e+00,0.000000000000000000e+00,0.000000000000000000e+00,0.000000000000000000e+00,0.000000000000000000e+00,0.000000000000000000e+00,0.000000000000000000e+00,0.000000000000000000e+00,0.000000000000000000e+00,0.000000000000000000e+00,0.000000000000000000e+00,0.000000000000000000e+00,0.000000000000000000e+00,0.000000000000000000e+00,0.000000000000000000e+00,0.000000000000000000e+00,0.000000000000000000e+00,0.000000000000000000e+00,0.000000000000000000e+00,0.000000000000000000e+00,0.000000000000000000e+00,0.000000000000000000e+00,0.000000000000000000e+00,0.000000000000000000e+00,0.000000000000000000e+00,0.000000000000000000e+00,0.000000000000000000e+00,0.000000000000000000e+00,0.000000000000000000e+00,0.000000000000000000e+00,0.000000000000000000e+00,0.000000000000000000e+00,0.000000000000000000e+00,0.000000000000000000e+00,0.000000000000000000e+00,0.000000000000000000e+00,0.000000000000000000e+00,0.000000000000000000e+00,0.000000000000000000e+00,0.000000000000000000e+00,0.000000000000000000e+00,0.000000000000000000e+00,0.000000000000000000e+00,0.000000000000000000e+00,0.000000000000000000e+00,0.000000000000000000e+00,0.000000000000000000e+00,0.000000000000000000e+00,0.000000000000000000e+00,0.000000000000000000e+00,0.000000000000000000e+00,0.000000000000000000e+00,0.000000000000000000e+00,0.000000000000000000e+00,0.000000000000000000e+00,0.000000000000000000e+00,0.000000000000000000e+00,0.000000000000000000e+00,0.000000000000000000e+00,0.000000000000000000e+00,0.000000000000000000e+00,0.000000000000000000e+00,0.000000000000000000e+00,0.000000000000000000e+00,0.000000000000000000e+00,0.000000000000000000e+00,0.000000000000000000e+00,0.000000000000000000e+00,0.000000000000000000e+00,0.000000000000000000e+00,0.000000000000000000e+00,0.000000000000000000e+00,1.000000000000000000e+00,-4.856053420104016610e-02,-1.778802157335865886e-01,1.869471600816346168e-01,5.225368219705662717e-03,-5.872875105532964213e-01,2.580989301981306272e-01,-6.441507046044472884e-02,-4.166970396629225415e-01,4.575310485670346927e-01,1.937639436029636730e-01,2.320764658142459580e-01,-2.006435029118840419e-01,-2.368676575723954736e-01,3.960083691096868974e-01,7.501616464874588663e-01,-2.003097557391313524e-02,7.829133712149075608e-01,-2.063994231015705769e-02,1.316301601270579158e-01,1.590304524866287539e-01,7.656538780117001786e-02,2.597235636661983094e-01,-3.727318890098660908e-01,-3.589419235402404595e-01
0.000000000000000000e+00,0.000000000000000000e+00,0.000000000000000000e+00,0.000000000000000000e+00,0.000000000000000000e+00,0.000000000000000000e+00,0.000000000000000000e+00,0.000000000000000000e+00,0.000000000000000000e+00,0.000000000000000000e+00,0.000000000000000000e+00,0.000000000000000000e+00,0.000000000000000000e+00,0.000000000000000000e+00,0.000000000000000000e+00,0.000000000000000000e+00,0.000000000000000000e+00,0.000000000000000000e+00,0.000000000000000000e+00,0.000000000000000000e+00,0.000000000000000000e+00,0.000000000000000000e+00,0.000000000000000000e+00,0.000000000000000000e+00,0.000000000000000000e+00,0.000000000000000000e+00,0.000000000000000000e+00,0.000000000000000000e+00,0.000000000000000000e+00,0.000000000000000000e+00,0.000000000000000000e+00,0.000000000000000000e+00,0.000000000000000000e+00,0.000000000000000000e+00,0.000000000000000000e+00,0.000000000000000000e+00,0.000000000000000000e+00,0.000000000000000000e+00,0.000000000000000000e+00,0.000000000000000000e+00,0.000000000000000000e+00,0.000000000000000000e+00,0.000000000000000000e+00,0.000000000000000000e+00,0.000000000000000000e+00,0.000000000000000000e+00,0.000000000000000000e+00,0.000000000000000000e+00,0.000000000000000000e+00,0.000000000000000000e+00,0.000000000000000000e+00,0.000000000000000000e+00,0.000000000000000000e+00,0.000000000000000000e+00,0.000000000000000000e+00,0.000000000000000000e+00,0.000000000000000000e+00,0.000000000000000000e+00,0.000000000000000000e+00,0.000000000000000000e+00,0.000000000000000000e+00,0.000000000000000000e+00,0.000000000000000000e+00,0.000000000000000000e+00,0.000000000000000000e+00,0.000000000000000000e+00,0.000000000000000000e+00,0.000000000000000000e+00,0.000000000000000000e+00,0.000000000000000000e+00,0.000000000000000000e+00,0.000000000000000000e+00,0.000000000000000000e+00,0.000000000000000000e+00,0.000000000000000000e+00,0.000000000000000000e+00,1.000000000000000000e+00,4.910203531302066993e-01,-4.866760254727335866e-01,1.505364796547875306e-01,-8.320153844414577282e-01,-3.254790613533767862e-01,-6.952486616671860187e-01,2.163685613993124868e-01,-9.445859241460384526e-02,-2.140486638364174354e-01,8.350043289708679317e-02,-1.982986221006936833e-01,3.399522826522839991e-01,-4.282834769507550265e-01,1.221384333035676201e-01,-3.146850849836459463e-01,4.728323797329566647e-01,-6.543113792285200070e-01,-3.224027909284398752e-01,-3.584537873335209568e-01,-1.961597720363553454e-01,8.348941239456326713e-01,8.631215051104205310e-03,2.181021986561854364e-01
0.000000000000000000e+00,0.000000000000000000e+00,0.000000000000000000e+00,0.000000000000000000e+00,0.000000000000000000e+00,0.000000000000000000e+00,0.000000000000000000e+00,0.000000000000000000e+00,0.000000000000000000e+00,0.000000000000000000e+00,0.000000000000000000e+00,0.000000000000000000e+00,0.000000000000000000e+00,0.000000000000000000e+00,0.000000000000000000e+00,0.000000000000000000e+00,0.000000000000000000e+00,0.000000000000000000e+00,0.000000000000000000e+00,0.000000000000000000e+00,0.000000000000000000e+00,0.000000000000000000e+00,0.000000000000000000e+00,0.000000000000000000e+00,0.000000000000000000e+00,0.000000000000000000e+00,0.000000000000000000e+00,0.000000000000000000e+00,0.000000000000000000e+00,0.000000000000000000e+00,0.000000000000000000e+00,0.000000000000000000e+00,0.000000000000000000e+00,0.000000000000000000e+00,0.000000000000000000e+00,0.000000000000000000e+00,0.000000000000000000e+00,0.000000000000000000e+00,0.000000000000000000e+00,0.000000000000000000e+00,0.000000000000000000e+00,0.000000000000000000e+00,0.000000000000000000e+00,0.000000000000000000e+00,0.000000000000000000e+00,0.000000000000000000e+00,0.000000000000000000e+00,0.000000000000000000e+00,0.000000000000000000e+00,0.000000000000000000e+00,0.000000000000000000e+00,0.000000000000000000e+00,0.000000000000000000e+00,0.000000000000000000e+00,0.000000000000000000e+00,0.000000000000000000e+00,0.000000000000000000e+00,0.000000000000000000e+00,0.000000000000000000e+00,0.000000000000000000e+00,0.000000000000000000e+00,0.000000000000000000e+00,0.000000000000000000e+00,0.000000000000000000e+00,0.000000000000000000e+00,0.000000000000000000e+00,0.000000000000000000e+00,0.000000000000000000e+00,0.000000000000000000e+00,0.000000000000000000e+00,0.000000000000000000e+00,0.000000000000000000e+00,0.000000000000000000e+00,0.000000000000000000e+00,0.000000000000000000e+00,0.000000000000000000e+00,0.000000000000000000e+00,1.000000000000000000e+00,-1.436360852413455687e-02,-1.270942593479935379e-01,-6.617281068033132874e-01,8.136284990324703370e-02,-5.083820088192404496e-01,2.481298011980504316e-04,8.596872684462892877e-01,-4.998729065949449324e-01,-4.534701537948633843e-01,-5.877452986807073509e-01,4.846224766534334427e-01,-2.472933946545615436e-01,8.688398991471266153e-02,-5.786975733989440096e-01,-4.330956841736364749e-01,4.571282979405787983e-01,-1.000000000000000000e+00,-5.260281987026113049e-01,-2.931289018892817011e-01,3.669430271827188728e-01,4.018387981209868287e-01,3.996867600227974604e-01
0.000000000000000000e+00,0.000000000000000000e+00,0.000000000000000000e+00,0.000000000000000000e+00,0.000000000000000000e+00,0.000000000000000000e+00,0.000000000000000000e+00,0.000000000000000000e+00,0.000000000000000000e+00,0.000000000000000000e+00,0.000000000000000000e+00,0.000000000000000000e+00,0.000000000000000000e+00,0.000000000000000000e+00,0.000000000000000000e+00,0.000000000000000000e+00,0.000000000000000000e+00,0.000000000000000000e+00,0.000000000000000000e+00,0.000000000000000000e+00,0.000000000000000000e+00,0.000000000000000000e+00,0.000000000000000000e+00,0.000000000000000000e+00,0.000000000000000000e+00,0.000000000000000000e+00,0.000000000000000000e+00,0.000000000000000000e+00,0.000000000000000000e+00,0.000000000000000000e+00,0.000000000000000000e+00,0.000000000000000000e+00,0.000000000000000000e+00,0.000000000000000000e+00,0.000000000000000000e+00,0.000000000000000000e+00,0.000000000000000000e+00,0.000000000000000000e+00,0.000000000000000000e+00,0.000000000000000000e+00,0.000000000000000000e+00,0.000000000000000000e+00,0.000000000000000000e+00,0.000000000000000000e+00,0.000000000000000000e+00,0.000000000000000000e+00,0.000000000000000000e+00,0.000000000000000000e+00,0.000000000000000000e+00,0.000000000000000000e+00,0.000000000000000000e+00,0.000000000000000000e+00,0.000000000000000000e+00,0.000000000000000000e+00,0.000000000000000000e+00,0.000000000000000000e+00,0.000000000000000000e+00,0.000000000000000000e+00,0.000000000000000000e+00,0.000000000000000000e+00,0.000000000000000000e+00,0.000000000000000000e+00,0.000000000000000000e+00,0.000000000000000000e+00,0.000000000000000000e+00,0.000000000000000000e+00,0.000000000000000000e+00,0.000000000000000000e+00,0.000000000000000000e+00,0.000000000000000000e+00,0.000000000000000000e+00,0.000000000000000000e+00,0.000000000000000000e+00,0.000000000000000000e+00,0.000000000000000000e+00,0.000000000000000000e+00,0.000000000000000000e+00,0.000000000000000000e+00,1.000000000000000000e+00,-6.361027373022469789e-01,-6.569671708982696701e-02,2.118420851417117667e-01,2.052650559045530176e-01,-5.280171070805290690e-01,6.602665278968475882e-01,1.744708184416860208e-01,-4.984329034158215266e-01,-3.100473119965882485e-01,2.788097176275933231e-02,2.486303658062888611e-01,-2.139324403182341627e-01,-5.318893259144023000e-01,-9.110157604743496229e-02,7.082147349077688725e-01,-3.961896355432341643e-01,-8.407746553481021401e-02,2.116924281358077697e-01,-2.960009344156052657e-01,5.025610169472023436e-01,4.395485859400744683e-02
0.000000000000000000e+00,0.000000000000000000e+00,0.000000000000000000e+00,0.000000000000000000e+00,0.000000000000000000e+00,0.000000000000000000e+00,0.000000000000000000e+00,0.000000000000000000e+00,0.000000000000000000e+00,0.000000000000000000e+00,0.000000000000000000e+00,0.000000000000000000e+00,0.000000000000000000e+00,0.000000000000000000e+00,0.000000000000000000e+00,0.000000000000000000e+00,0.000000000000000000e+00,0.000000000000000000e+00,0.000000000000000000e+00,0.000000000000000000e+00,0.000000000000000000e+00,0.000000000000000000e+00,0.000000000000000000e+00,0.000000000000000000e+00,0.000000000000000000e+00,0.000000000000000000e+00,0.000000000000000000e+00,0.000000000000000000e+00,0.000000000000000000e+00,0.000000000000000000e+00,0.000000000000000000e+00,0.000000000000000000e+00,0.000000000000000000e+00,0.000000000000000000e+00,0.000000000000000000e+00,0.000000000000000000e+00,0.000000000000000000e+00,0.000000000000000000e+00,0.000000000000000000e+00,0.000000000000000000e+00,0.000000000000000000e+00,0.000000000000000000e+00,0.000000000000000000e+00,0.000000000000000000e+00,0.000000000000000000e+00,0.000000000000000000e+00,0.000000000000000000e+00,0.000000000000000000e+00,0.000000000000000000e+00,0.000000000000000000e+00,0.000000000000000000e+00,0.000000000000000000e+00,0.000000000000000000e+00,0.000000000000000000e+00,0.000000000000000000e+00,0.000000000000000000e+00,0.000000000000000000e+00,0.000000000000000000e+00,0.000000000000000000e+00,0.000000000000000000e+00,0.000000000000000000e+00,0.000000000000000000e+00,0.000000000000000000e+00,0.000000000000000000e+00,0.000000000000000000e+00,0.000000000000000000e+00,0.000000000000000000e+00,0.000000000000000000e+00,0.000000000000000000e+00,0.000000000000000000e+00,0.000000000000000000e+00,0.000000000000000000e+00,0.000000000000000000e+00,0.000000000000000000e+00,0.000000000000000000e+00,0.000000000000000000e+00,0.000000000000000000e+00,0.000000000000000000e+00,0.000000000000000000e+00,1.000000000000000000e+00,9.207200479243590752e-02,-4.876124315106086793e-02,-3.407376736040254039e-01,3.195898159934950633e-01,-5.085867223023142758e-01,-3.694294388774834736e-01,3.549481728407598013e-01,2.079839622052674086e-01,1.250552870621606805e-01,-1.118329614222068474e-01,2.948751265975460556e-01,4.760911876460180436e-01,5.270692477784065799e-01,-5.152438139962115526e-01,1.735842126186312451e-01,-9.298738838523074035e-02,-1.896066819042966853e-02,1.610049153399960575e-01,-2.016707221387606941e-01,1.241274028687864781e-02
0.000000000000000000e+00,0.000000000000000000e+00,0.000000000000000000e+00,0.000000000000000000e+00,0.000000000000000000e+00,0.000000000000000000e+00,0.000000000000000000e+00,0.000000000000000000e+00,0.000000000000000000e+00,0.000000000000000000e+00,0.000000000000000000e+00,0.000000000000000000e+00,0.000000000000000000e+00,0.000000000000000000e+00,0.000000000000000000e+00,0.000000000000000000e+00,0.000000000000000000e+00,0.000000000000000000e+00,0.000000000000000000e+00,0.000000000000000000e+00,0.000000000000000000e+00,0.000000000000000000e+00,0.000000000000000000e+00,0.000000000000000000e+00,0.000000000000000000e+00,0.000000000000000000e+00,0.000000000000000000e+00,0.000000000000000000e+00,0.000000000000000000e+00,0.000000000000000000e+00,0.000000000000000000e+00,0.000000000000000000e+00,0.000000000000000000e+00,0.000000000000000000e+00,0.000000000000000000e+00,0.000000000000000000e+00,0.000000000000000000e+00,0.000000000000000000e+00,0.000000000000000000e+00,0.000000000000000000e+00,0.000000000000000000e+00,0.000000000000000000e+00,0.000000000000000000e+00,0.000000000000000000e+00,0.000000000000000000e+00,0.000000000000000000e+00,0.000000000000000000e+00,0.000000000000000000e+00,0.000000000000000000e+00,0.000000000000000000e+00,0.000000000000000000e+00,0.000000000000000000e+00,0.000000000000000000e+00,0.000000000000000000e+00,0.000000000000000000e+00,0.000000000000000000e+00,0.000000000000000000e+00,0.000000000000000000e+00,0.000000000000000000e+00,0.000000000000000000e+00,0.000000000000000000e+00,0.000000000000000000e+00,0.000000000000000000e+00,0.000000000000000000e+00,0.000000000000000000e+00,0.000000000000000000e+00,0.000000000000000000e+00,0.000000000000000000e+00,0.000000000000000000e+00,0.000000000000000000e+00,0.000000000000000000e+00,0.000000000000000000e+00,0.000000000000000000e+00,0.000000000000000000e+00,0.000000000000000000e+00,0.000000000000000000e+00,0.000000000000000000e+00,0.000000000000000000e+00,0.000000000000000000e+00,0.000000000000000000e+00,1.000000000000000000e+00,2.921557690670928756e-02,2.577928453956150334e-01,2.868336586283961598e-01,-5.071666722485983492e-01,1.312918099271732919e-01,-2.456364692316633305e-02,2.491024824236613422e-01,-8.794289640713064127e-02,-3.757191848594663292e-02,-3.122798860850757863e-01,3.052524530659817548e-01,-4.064847388307807896e-01,-1.198136650408633680e-01,1.952359034152216788e-01,1.031838779124680527e-01,2.625866658622527747e-03,-4.488194372513627517e-01,-1.442071031266374814e-01,-1.396506528291539036e-03
0.000000000000000000e+00,0.000000000000000000e+00,0.000000000000000000e+00,0.000000000000000000e+00,0.000000000000000000e+00,0.000000000000000000e+00,0.000000000000000000e+00,0.000000000000000000e+00,0.000000000000000000e+00,0.000000000000000000e+00,0.000000000000000000e+00,0.000000000000000000e+00,0.000000000000000000e+00,0.000000000000000000e+00,0.000000000000000000e+00,0.000000000000000000e+00,0.000000000000000000e+00,0.000000000000000000e+00,0.000000000000000000e+00,0.000000000000000000e+00,0.000000000000000000e+00,0.000000000000000000e+00,0.000000000000000000e+00,0.000000000000000000e+00,0.000000000000000000e+00,0.000000000000000000e+00,0.000000000000000000e+00,0.000000000000000000e+00,0.000000000000000000e+00,0.000000000000000000e+00,0.000000000000000000e+00,0.000000000000000000e+00,0.000000000000000000e+00,0.000000000000000000e+00,0.000000000000000000e+00,0.000000000000000000e+00,0.000000000000000000e+00,0.000000000000000000e+00,0.000000000000000000e+00,0.000000000000000000e+00,0.000000000000000000e+00,0.000000000000000000e+00,0.000000000000000000e+00,0.000000000000000000e+00,0.000000000000000000e+00,0.000000000000000000e+00,0.000000000000000000e+00,0.000000000000000000e+00,0.000000000000000000e+00,0.000000000000000000e+00,0.000000000000000000e+00,0.000000000000000000e+00,0.000000000000000000e+00,0.000000000000000000e+00,0.000000000000000000e+00,0.000000000000000000e+00,0.000000000000000000e+00,0.000000000000000000e+00,0.000000000000000000e+00,0.000000000000000000e+00,0.000000000000000000e+00,0.000000000000000000e+00,0.000000000000000000e+00,0.000000000000000000e+00,0.000000000000000000e+00,0.000000000000000000e+00,0.000000000000000000e+00,0.000000000000000000e+00,0.000000000000000000e+00,0.000000000000000000e+00,0.000000000000000000e+00,0.000000000000000000e+00,0.000000000000000000e+00,0.000000000000000000e+00,0.000000000000000000e+00,0.000000000000000000e+00,0.000000000000000000e+00,0.000000000000000000e+00,0.000000000000000000e+00,0.000000000000000000e+00,0.000000000000000000e+00,1.000000000000000000e+00,1.804828801132999649e-01,-1.752455751113705384e-01,8.795420228298301835e-01,1.183741292860635702e-01,-2.237381337579545659e-02,-3.568321734610631624e-01,-4.361517185718860601e-01,7.566001140038728368e-01,5.873396724289344784e-01,3.485568188834720638e-01,-2.235137692000802589e-01,9.278397245833484019e-01,1.027486109053647734e-02,7.159113815255850610e-02,-1.377047031156656554e-01,4.425823165493754652e-01,5.142891765723972552e-02,-2.364932836446194120e-01
0.000000000000000000e+00,0.000000000000000000e+00,0.000000000000000000e+00,0.000000000000000000e+00,0.000000000000000000e+00,0.000000000000000000e+00,0.000000000000000000e+00,0.000000000000000000e+00,0.000000000000000000e+00,0.000000000000000000e+00,0.000000000000000000e+00,0.000000000000000000e+00,0.000000000000000000e+00,0.000000000000000000e+00,0.000000000000000000e+00,0.000000000000000000e+00,0.000000000000000000e+00,0.000000000000000000e+00,0.000000000000000000e+00,0.000000000000000000e+00,0.000000000000000000e+00,0.000000000000000000e+00,0.000000000000000000e+00,0.000000000000000000e+00,0.000000000000000000e+00,0.000000000000000000e+00,0.000000000000000000e+00,0.000000000000000000e+00,0.000000000000000000e+00,0.000000000000000000e+00,0.000000000000000000e+00,0.000000000000000000e+00,0.000000000000000000e+00,0.000000000000000000e+00,0.000000000000000000e+00,0.000000000000000000e+00,0.000000000000000000e+00,0.000000000000000000e+00,0.000000000000000000e+00,0.000000000000000000e+00,0.000000000000000000e+00,0.000000000000000000e+00,0.000000000000000000e+00,0.000000000000000000e+00,0.000000000000000000e+00,0.000000000000000000e+00,0.000000000000000000e+00,0.000000000000000000e+00,0.000000000000000000e+00,0.000000000000000000e+00,0.000000000000000000e+00,0.000000000000000000e+00,0.000000000000000000e+00,0.000000000000000000e+00,0.000000000000000000e+00,0.000000000000000000e+00,0.000000000000000000e+00,0.000000000000000000e+00,0.000000000000000000e+00,0.000000000000000000e+00,0.000000000000000000e+00,0.000000000000000000e+00,0.000000000000000000e+00,0.000000000000000000e+00,0.000000000000000000e+00,0.000000000000000000e+00,0.000000000000000000e+00,0.000000000000000000e+00,0.000000000000000000e+00,0.000000000000000000e+00,0.000000000000000000e+00,0.000000000000000000e+00,0.000000000000000000e+00,0.000000000000000000e+00,0.000000000000000000e+00,0.000000000000000000e+00,0.000000000000000000e+00,0.000000000000000000e+00,0.000000000000000000e+00,0.000000000000000000e+00,0.000000000000000000e+00,0.000000000000000000e+00,1.000000000000000000e+00,-7.093855796336308306e-02,3.579809409890993832e-02,3.695310805436326507e-01,2.696634801051684023e-03,1.999458913212554811e-01,-4.962965552927742774e-01,4.425043024951098025e-01,-2.940178486828472493e-01,4.281195625247005143e-01,-1.000000000000000000e+00,8.139848684811465951e-01,4.625540516144494574e-01,6.182152933308270315e-01,4.383648175297425419e-03,-7.348690159763953123e-01,3.523217197525349564e-02,-2.128100966951892159e-01
0.000000000000000000e+00,0.000000000000000000e+00,0.000000000000000000e+00,0.000000000000000000e+00,0.000000000000000000e+00,0.000000000000000000e+00,0.000000000000000000e+00,0.000000000000000000e+00,0.000000000000000000e+00,0.000000000000000000e+00,0.000000000000000000e+00,0.000000000000000000e+00,0.000000000000000000e+00,0.000000000000000000e+00,0.000000000000000000e+00,0.000000000000000000e+00,0.000000000000000000e+00,0.000000000000000000e+00,0.000000000000000000e+00,0.000000000000000000e+00,0.000000000000000000e+00,0.000000000000000000e+00,0.000000000000000000e+00,0.000000000000000000e+00,0.000000000000000000e+00,0.000000000000000000e+00,0.000000000000000000e+00,0.000000000000000000e+00,0.000000000000000000e+00,0.000000000000000000e+00,0.000000000000000000e+00,0.000000000000000000e+00,0.000000000000000000e+00,0.000000000000000000e+00,0.000000000000000000e+00,0.000000000000000000e+00,0.000000000000000000e+00,0.000000000000000000e+00,0.000000000000000000e+00,0.000000000000000000e+00,0.000000000000000000e+00,0.000000000000000000e+00,0.000000000000000000e+00,0.000000000000000000e+00,0.000000000000000000e+00,0.000000000000000000e+00,0.000000000000000000e+00,0.000000000000000000e+00,0.000000000000000000e+00,0.000000000000000000e+00,0.000000000000000000e+00,0.000000000000000000e+00,0.000000000000000000e+00,0.000000000000000000e+00,0.000000000000000000e+00,0.000000000000000000e+00,0.000000000000000000e+00,0.000000000000000000e+00,0.000000000000000000e+00,0.000000000000000000e+00,0.000000000000000000e+00,0.000000000000000000e+00,0.000000000000000000e+00,0.000000000000000000e+00,0.000000000000000000e+00,0.000000000000000000e+00,0.000000000000000000e+00,0.000000000000000000e+00,0.000000000000000000e+00,0.000000000000000000e+00,0.000000000000000000e+00,0.000000000000000000e+00,0.000000000000000000e+00,0.000000000000000000e+00,0.000000000000000000e+00,0.000000000000000000e+00,0.000000000000000000e+00,0.000000000000000000e+00,0.000000000000000000e+00,0.000000000000000000e+00,0.000000000000000000e+00,0.000000000000000000e+00,0.000000000000000000e+00,1.000000000000000000e+00,-1.000000000000000000e+00,1.099265676868776617e-02,4.221083891286149248e-01,4.394733651938484975e-01,-3.471930368947623996e-02,-3.351388248365705369e-01,-4.256217322960004767e-01,7.434315715436037308e-01,-3.476459574851734624e-01,-8.020579503649051256e-01,2.782389662707332456e-01,2.601825019456148122e-02,-3.496308148655496995e-01,3.669298592976892315e-01,-3.010869636285315454e-01,1.184638923198590016e-01
0.000000000000000000e+00,0.000000000000000000e+00,0.000000000000000000e+00,0.000000000000000000e+00,0.000000000000000000e+00,0.000000000000000000e+00,0.000000000000000000e+00,0.000000000000000000e+00,0.000000000000000000e+00,0.000000000000000000e+00,0.000000000000000000e+00,0.000000000000000000e+00,0.000000000000000000e+00,0.000000000000000000e+00,0.000000000000000000e+00,0.000000000000000000e+00,0.000000000000000000e+00,0.000000000000000000e+00,0.000000000000000000e+00,0.000000000000000000e+00,0.000000000000000000e+00,0.000000000000000000e+00,0.000000000000000000e+00,0.000000000000000000e+00,0.000000000000000000e+00,0.000000000000000000e+00,0.000000000000000000e+00,0.000000000000000000e+00,0.000000000000000000e+00,0.000000000000000000e+00,0.000000000000000000e+00,0.000000000000000000e+00,0.000000000000000000e+00,0.000000000000000000e+00,0.000000000000000000e+00,0.000000000000000000e+00,0.000000000000000000e+00,0.000000000000000000e+00,0.000000000000000000e+00,0.000000000000000000e+00,0.000000000000000000e+00,0.000000000000000000e+00,0.000000000000000000e+00,0.000000000000000000e+00,0.000000000000000000e+00,0.000000000000000000e+00,0.000000000000000000e+00,0.000000000000000000e+00,0.000000000000000000e+00,0.000000000000000000e+00,0.000000000000000000e+00,0.000000000000000000e+00,0.000000000000000000e+00,0.000000000000000000e+00,0.000000000000000000e+00,0.000000000000000000e+00,0.000000000000000000e+00,0.000000000000000000e+00,0.000000000000000000e+00,0.000000000000000000e+00,0.000000000000000000e+00,0.000000000000000000e+00,0.000000000000000000e+00,0.000000000000000000e+00,0.000000000000000000e+00,0.000000000000000000e+00,0.000000000000000000e+00,0.000000000000000000e+00,0.000000000000000000e+00,0.000000000000000000e+00,0.000000000000000000e+00,0.000000000000000000e+00,0.000000000000000000e+00,0.000000000000000000e+00,0.000000000000000000e+00,0.000000000000000000e+00,0.000000000000000000e+00,0.000000000000000000e+00,0.000000000000000000e+00,0.000000000000000000e+00,0.000000000000000000e+00,0.000000000000000000e+00,0.000000000000000000e+00,0.000000000000000000e+00,1.000000000000000000e+00,-2.098449082309116753e-01,-3.196457650839666931e-01,-3.359968907748594469e-01,2.007793867809185527e-03,1.534180013635778050e-01,4.185087791007570668e-01,-2.750357817002764826e-01,-2.422136242242894921e-01,6.772367925335419647e-01,-2.001272482704199718e-01,-1.326630006465596701e-01,7.972948653963302101e-02,-9.461324069725578212e-02,2.126283023422533280e-01,1.858410168377691574e-02
0.000000000000000000e+00,0.000000000000000000e+00,0.000000000000000000e+00,0.000000000000000000e+00,0.000000000000000000e+00,0.000000000000000000e+00,0.000000000000000000e+00,0.000000000000000000e+00,0.000000000000000000e+00,0.000000000000000000e+00,0.000000000000000000e+00,0.000000000000000000e+00,0.000000000000000000e+00,0.000000000000000000e+00,0.000000000000000000e+00,0.000000000000000000e+00,0.000000000000000000e+00,0.000000000000000000e+00,0.000000000000000000e+00,0.000000000000000000e+00,0.000000000000000000e+00,0.000000000000000000e+00,0.000000000000000000e+00,0.000000000000000000e+00,0.000000000000000000e+00,0.000000000000000000e+00,0.000000000000000000e+00,0.000000000000000000e+00,0.000000000000000000e+00,0.000000000000000000e+00,0.000000000000000000e+00,0.000000000000000000e+00,0.000000000000000000e+00,0.000000000000000000e+00,0.000000000000000000e+00,0.000000000000000000e+00,0.000000000000000000e+00,0.000000000000000000e+00,0.000000000000000000e+00,0.000000000000000000e+00,0.000000000000000000e+00,0.000000000000000000e+00,0.000000000000000000e+00,0.000000000000000000e+00,0.000000000000000000e+00,0.000000000000000000e+00,0.000000000000000000e+00,0.000000000000000000e+00,0.000000000000000000e+00,0.000000000000000000e+00,0.000000000000000000e+00,0.000000000000000000e+00,0.000000000000000000e+00,0.000000000000000000e+00,0.000000000000000000e+00,0.000000000000000000e+00,0.000000000000000000e+00,0.000000000000000000e+00,0.000000000000000000e+00,0.000000000000000000e+00,0.000000000000000000e+00,0.000000000000000000e+00,0.000000000000000000e+00,0.000000000000000000e+00,0.000000000000000000e+00,0.000000000000000000e+00,0.000000000000000000e+00,0.000000000000000000e+00,0.000000000000000000e+00,0.000000000000000000e+00,0.000000000000000000e+00,0.000000000000000000e+00,0.000000000000000000e+00,0.000000000000000000e+00,0.000000000000000000e+00,0.000000000000000000e+00,0.000000000000000000e+00,0.000000000000000000e+00,0.000000000000000000e+00,0.000000000000000000e+00,0.000000000000000000e+00,0.000000000000000000e+00,0.000000000000000000e+00,0.000000000000000000e+00,0.000000000000000000e+00,1.000000000000000000e+00,1.303544608902061641e-01,-1.905048488274345073e-02,-3.635897779581362954e-01,2.213235324552456085e-01,-2.790312160350628679e-01,-8.466615862042012461e-04,5.949991630353189398e-02,-3.489062731793072247e-01,-1.053431266588571447e-01,3.245602043326203945e-01,-3.306606952179998449e-01,4.564799712213173932e-01,-3.012050685373426906e-01,-3.016674494926949168e-01
0.000000000000000000e+00,0.000000000000000000e+00,0.000000000000000000e+00,0.000000000000000000e+00,0.000000000000000000e+00,0.000000000000000000e+00,0.000000000000000000e+00,0.000000000000000000e+00,0.000000000000000000e+00,0.000000000000000000e+00,0.000000000000000000e+00,0.000000000000000000e+00,0.000000000000000000e+00,0.000000000000000000e+00,0.000000000000000000e+00,0.000000000000000000e+00,0.000000000000000000e+00,0.000000000000000000e+00,0.000000000000000000e+00,0.000000000000000000e+00,0.000000000000000000e+00,0.000000000000000000e+00,0.000000000000000000e+00,0.000000000000000000e+00,0.000000000000000000e+00,0.000000000000000000e+00,0.000000000000000000e+00,0.000000000000000000e+00,0.000000000000000000e+00,0.000000000000000000e+00,0.000000000000000000e+00,0.000000000000000000e+00,0.000000000000000000e+00,0.000000000000000000e+00,0.000000000000000000e+00,0.000000000000000000e+00,0.000000000000000000e+00,0.000000000000000000e+00,0.000000000000000000e+00,0.000000000000000000e+00,0.000000000000000000e+00,0.000000000000000000e+00,0.000000000000000000e+00,0.000000000000000000e+00,0.000000000000000000e+00,0.000000000000000000e+00,0.000000000000000000e+00,0.000000000000000000e+00,0.000000000000000000e+00,0.000000000000000000e+00,0.000000000000000000e+00,0.000000000000000000e+00,0.000000000000000000e+00,0.000000000000000000e+00,0.000000000000000000e+00,0.000000000000000000e+00,0.000000000000000000e+00,0.000000000000000000e+00,0.000000000000000000e+00,0.000000000000000000e+00,0.000000000000000000e+00,0.000000000000000000e+00,0.000000000000000000e+00,0.000000000000000000e+00,0.000000000000000000e+00,0.000000000000000000e+00,0.000000000000000000e+00,0.000000000000000000e+00,0.000000000000000000e+00,0.000000000000000000e+00,0.000000000000000000e+00,0.000000000000000000e+00,0.000000000000000000e+00,0.000000000000000000e+00,0.000000000000000000e+00,0.000000000000000000e+00,0.000000000000000000e+00,0.000000000000000000e+00,0.000000000000000000e+00,0.000000000000000000e+00,0.000000000000000000e+00,0.000000000000000000e+00,0.000000000000000000e+00,0.000000000000000000e+00,0.000000000000000000e+00,0.000000000000000000e+00,1.000000000000000000e+00,3.127261265917671285e-01,-3.706140691214566685e-01,3.272022614593230738e-01,2.415491354415001124e-01,7.512435364643829105e-01,7.514907176186991222e-01,-7.358153479932636465e-01,4.878890652374225367e-01,4.893834569775873944e-01,-2.360803796787658004e-01,5.766985527931325350e-01,-7.526443385362694416e-01,-4.045245286516102046e-01
0.000000000000000000e+00,0.000000000000000000e+00,0.000000000000000000e+00,0.000000000000000000e+00,0.000000000000000000e+00,0.000000000000000000e+00,0.000000000000000000e+00,0.000000000000000000e+00,0.000000000000000000e+00,0.000000000000000000e+00,0.000000000000000000e+00,0.000000000000000000e+00,0.000000000000000000e+00,0.000000000000000000e+00,0.000000000000000000e+00,0.000000000000000000e+00,0.000000000000000000e+00,0.000000000000000000e+00,0.000000000000000000e+00,0.000000000000000000e+00,0.000000000000000000e+00,0.000000000000000000e+00,0.000000000000000000e+00,0.000000000000000000e+00,0.000000000000000000e+00,0.000000000000000000e+00,0.000000000000000000e+00,0.000000000000000000e+00,0.000000000000000000e+00,0.000000000000000000e+00,0.000000000000000000e+00,0.000000000000000000e+00,0.000000000000000000e+00,0.000000000000000000e+00,0.000000000000000000e+00,0.000000000000000000e+00,0.000000000000000000e+00,0.000000000000000000e+00,0.000000000000000000e+00,0.000000000000000000e+00,0.000000000000000000e+00,0.000000000000000000e+00,0.000000000000000000e+00,0.000000000000000000e+00,0.000000000000000000e+00,0.000000000000000000e+00,0.000000000000000000e+00,0.000000000000000000e+00,0.000000000000000000e+00,0.000000000000000000e+00,0.000000000000000000e+00,0.000000000000000000e+00,0.000000000000000000e+00,0.000000000000000000e+00,0.000000000000000000e+00,0.000000000000000000e+00,0.000000000000000000e+00,0.000000000000000000e+00,0.000000000000000000e+00,0.000000000000000000e+00,0.000000000000000000e+00,0.000000000000000000e+00,0.000000000000000000e+00,0.000000000000000000e+00,0.000000000000000000e+00,0.000000000000000000e+00,0.000000000000000000e+00,0.000000000000000000e+00,0.000000000000000000e+00,0.000000000000000000e+00,0.000000000000000000e+00,0.000000000000000000e+00,0.000000000000000000e+00,0.000000000000000000e+00,0.000000000000000000e+00,0.000000000000000000e+00,0.000000000000000000e+00,0.000000000000000000e+00,0.000000000000000000e+00,0.000000000000000000e+00,0.000000000000000000e+00,0.000000000000000000e+00,0.000000000000000000e+00,0.000000000000000000e+00,0.000000000000000000e+00,0.000000000000000000e+00,0.000000000000000000e+00,1.000000000000000000e+00,-1.791523446195295854e-01,-3.375026250469905786e-01,-4.383436942439291606e-01,9.152480900125677943e-01,-2.482565386279319830e-01,-8.108467255842393140e-01,1.000000000000000000e+00,3.673984788616967423e-01,2.670087013073320636e-01,-5.821455908746210328e-01,-3.132045851964880279e-01,-4.548753288668483385e-02
0.000000000000000000e+00,0.000000000000000000e+00,0.000000000000000000e+00,0.000000000000000000e+00,0.000000000000000000e+00,0.000000000000000000e+00,0.000000000000000000e+00,0.000000000000000000e+00,0.000000000000000000e+00,0.000000000000000000e+00,0.000000000000000000e+00,0.000000000000000000e+00,0.000000000000000000e+00,0.000000000000000000e+00,0.000000000000000000e+00,0.000000000000000000e+00,0.000000000000000000e+00,0.000000000000000000e+00,0.000000000000000000e+00,0.000000000000000000e+00,0.000000000000000000e+00,0.000000000000000000e+00,0.000000000000000000e+00,0.000000000000000000e+00,0.000000000000000000e+00,0.000000000000000000e+00,0.000000000000000000e+00,0.000000000000000000e+00,0.000000000000000000e+00,0.000000000000000000e+00,0.000000000000000000e+00,0.000000000000000000e+00,0.000000000000000000e+00,0.000000000000000000e+00,0.000000000000000000e+00,0.000000000000000000e+00,0.000000000000000000e+00,0.000000000000000000e+00,0.000000000000000000e+00,0.000000000000000000e+00,0.000000000000000000e+00,0.000000000000000000e+00,0.000000000000000000e+00,0.000000000000000000e+00,0.000000000000000000e+00,0.000000000000000000e+00,0.000000000000000000e+00,0.000000000000000000e+00,0.000000000000000000e+00,0.000000000000000000e+00,0.000000000000000000e+00,0.000000000000000000e+00,0.000000000000000000e+00,0.000000000000000000e+00,0.000000000000000000e+00,0.000000000000000000e+00,0.000000000000000000e+00,0.000000000000000000e+00,0.000000000000000000e+00,0.000000000000000000e+00,0.000000000000000000e+00,0.000000000000000000e+00,0.000000000000000000e+00,0.000000000000000000e+00,0.000000000000000000e+00,0.000000000000000000e+00,0.000000000000000000e+00,0.000000000000000000e+00,0.000000000000000000e+00,0.000000000000000000e+00,0.000000000000000000e+00,0.000000000000000000e+00,0.000000000000000000e+00,0.000000000000000000e+00,0.000000000000000000e+00,0.000000000000000000e+00,0.000000000000000000e+00,0.000000000000000000e+00,0.000000000000000000e+00,0.000000000000000000e+00,0.000000000000000000e+00,0.000000000000000000e+00,0.000000000000000000e+00,0.000000000000000000e+00,0.000000000000000000e+00,0.000000000000000000e+00,0.000000000000000000e+00,0.000000000000000000e+00,1.000000000000000000e+00,-7.323443036130081740e-01,-4.500375432997247849e-01,-8.845399137837565151e-01,5.410201538701560064e-01,-1.209783652429984174e-01,-7.116044935723561116e-01,-7.448481479371011904e-01,2.696563701179765515e-01,-3.342276639023936680e-01,6.066350012750623133e-01,6.537171373969682397e-01
0.000000000000000000e+00,0.000000000000000000e+00,0.000000000000000000e+00,0.000000000000000000e+00,0.000000000000000000e+00,0.000000000000000000e+00,0.000000000000000000e+00,0.000000000000000000e+00,0.000000000000000000e+00,0.000000000000000000e+00,0.000000000000000000e+00,0.000000000000000000e+00,0.000000000000000000e+00,0.000000000000000000e+00,0.000000000000000000e+00,0.000000000000000000e+00,0.000000000000000000e+00,0.000000000000000000e+00,0.000000000000000000e+00,0.000000000000000000e+00,0.000000000000000000e+00,0.000000000000000000e+00,0.000000000000000000e+00,0.000000000000000000e+00,0.000000000000000000e+00,0.000000000000000000e+00,0.000000000000000000e+00,0.000000000000000000e+00,0.000000000000000000e+00,0.000000000000000000e+00,0.000000000000000000e+00,0.000000000000000000e+00,0.000000000000000000e+00,0.000000000000000000e+00,0.000000000000000000e+00,0.000000000000000000e+00,0.000000000000000000e+00,0.000000000000000000e+00,0.000000000000000000e+00,0.000000000000000000e+00,0.000000000000000000e+00,0.000000000000000000e+00,0.000000000000000000e+00,0.000000000000000000e+00,0.000000000000000000e+00,0.000000000000000000e+00,0.000000000000000000e+00,0.000000000000000000e+00,0.000000000000000000e+00,0.000000000000000000e+00,0.000000000000000000e+00,0.000000000000000000e+00,0.000000000000000000e+00,0.000000000000000000e+00,0.000000000000000000e+00,0.000000000000000000e+00,0.000000000000000000e+00,0.000000000000000000e+00,0.000000000000000000e+00,0.000000000000000000e+00,0.000000000000000000e+00,0.000000000000000000e+00,0.000000000000000000e+00,0.000000000000000000e+00,0.000000000000000000e+00,0.000000000000000000e+00,0.000000000000000000e+00,0.000000000000000000e+00,0.000000000000000000e+00,0.000000000000000000e+00,0.000000000000000000e+00,0.000000000000000000e+00,0.000000000000000000e+00,0.000000000000000000e+00,0.000000000000000000e+00,0.000000000000000000e+00,0.000000000000000000e+00,0.000000000000000000e+00,0.000000000000000000e+00,0.000000000000000000e+00,0.000000000000000000e+00,0.000000000000000000e+00,0.000000000000000000e+00,0.000000000000000000e+00,0.000000000000000000e+00,0.000000000000000000e+00,0.000000000000000000e+00,0.000000000000000000e+00,0.000000000000000000e+00,1.000000000000000000e+00,2.243126366393041748e-01,4.076800838737282273e-01,-3.075837785719787165e-01,8.287318760482462743e-01,1.179880144970207739e-01,4.976663927340669313e-01,-9.398916571977235235e-02,2.773859343576145498e-01,5.213486151518752221e-02,-3.795540978036260893e-01
0.000000000000000000e+00,0.000000000000000000e+00,0.000000000000000000e+00,0.000000000000000000e+00,0.000000000000000000e+00,0.000000000000000000e+00,0.000000000000000000e+00,0.000000000000000000e+00,0.000000000000000000e+00,0.000000000000000000e+00,0.000000000000000000e+00,0.000000000000000000e+00,0.000000000000000000e+00,0.000000000000000000e+00,0.000000000000000000e+00,0.000000000000000000e+00,0.000000000000000000e+00,0.000000000000000000e+00,0.000000000000000000e+00,0.000000000000000000e+00,0.000000000000000000e+00,0.000000000000000000e+00,0.000000000000000000e+00,0.000000000000000000e+00,0.000000000000000000e+00,0.000000000000000000e+00,0.000000000000000000e+00,0.000000000000000000e+00,0.000000000000000000e+00,0.000000000000000000e+00,0.000000000000000000e+00,0.000000000000000000e+00,0.000000000000000000e+00,0.000000000000000000e+00,0.000000000000000000e+00,0.000000000000000000e+00,0.000000000000000000e+00,0.000000000000000000e+00,0.000000000000000000e+00,0.000000000000000000e+00,0.000000000000000000e+00,0.000000000000000000e+00,0.000000000000000000e+00,0.000000000000000000e+00,0.000000000000000000e+00,0.000000000000000000e+00,0.000000000000000000e+00,0.000000000000000000e+00,0.000000000000000000e+00,0.000000000000000000e+00,0.000000000000000000e+00,0.000000000000000000e+00,0.000000000000000000e+00,0.000000000000000000e+00,0.000000000000000000e+00,0.000000000000000000e+00,0.000000000000000000e+00,0.000000000000000000e+00,0.000000000000000000e+00,0.000000000000000000e+00,0.000000000000000000e+00,0.000000000000000000e+00,0.000000000000000000e+00,0.000000000000000000e+00,0.000000000000000000e+00,0.000000000000000000e+00,0.000000000000000000e+00,0.000000000000000000e+00,0.000000000000000000e+00,0.000000000000000000e+00,0.000000000000000000e+00,0.000000000000000000e+00,0.000000000000000000e+00,0.000000000000000000e+00,0.000000000000000000e+00,0.000000000000000000e+00,0.000000000000000000e+00,0.000000000000000000e+00,0.000000000000000000e+00,0.000000000000000000e+00,0.000000000000000000e+00,0.000000000000000000e+00,0.000000000000000000e+00,0.000000000000000000e+00,0.000000000000000000e+00,0.000000000000000000e+00,0.000000000000000000e+00,0.000000000000000000e+00,0.000000000000000000e+00,0.000000000000000000e+00,1.000000000000000000e+00,2.150505289389061381e-01,3.588990777604226801e-01,-1.071947351519448449e-01,2.224853186998506371e-01,-2.567943151636514418e-02,3.924045164477547171e-02,1.236817360505722552e-01,-3.862596565497465328e-01,-2.208712027891265028e-01
0.000000000000000000e+00,0.000000000000000000e+00,0.000000000000000000e+00,0.000000000000000000e+00,0.000000000000000000e+00,0.000000000000000000e+00,0.000000000000000000e+00,0.000000000000000000e+00,0.000000000000000000e+00,0.000000000000000000e+00,0.000000000000000000e+00,0.000000000000000000e+00,0.000000000000000000e+00,0.000000000000000000e+00,0.000000000000000000e+00,0.000000000000000000e+00,0.000000000000000000e+00,0.000000000000000000e+00,0.000000000000000000e+00,0.000000000000000000e+00,0.000000000000000000e+00,0.000000000000000000e+00,0.000000000000000000e+00,0.000000000000000000e+00,0.000000000000000000e+00,0.000000000000000000e+00,0.000000000000000000e+00,0.000000000000000000e+00,0.000000000000000000e+00,0.000000000000000000e+00,0.000000000000000000e+00,0.000000000000000000e+00,0.000000000000000000e+00,0.000000000000000000e+00,0.000000000000000000e+00,0.000000000000000000e+00,0.000000000000000000e+00,0.000000000000000000e+00,0.000000000000000000e+00,0.000000000000000000e+00,0.000000000000000000e+00,0.000000000000000000e+00,0.000000000000000000e+00,0.000000000000000000e+00,0.000000000000000000e+00,0.000000000000000000e+00,0.000000000000000000e+00,0.000000000000000000e+00,0.000000000000000000e+00,0.000000000000000000e+00,0.000000000000000000e+00,0.000000000000000000e+00,0.000000000000000000e+00,0.000000000000000000e+00,0.000000000000000000e+00,0.000000000000000000e+00,0.000000000000000000e+00,0.000000000000000000e+00,0.000000000000000000e+00,0.000000000000000000e+00,0.000000000000000000e+00,0.000000000000000000e+00,0.000000000000000000e+00,0.000000000000000000e+00,0.000000000000000000e+00,0.000000000000000000e+00,0.000000000000000000e+00,0.000000000000000000e+00,0.000000000000000000e+00,0.000000000000000000e+00,0.000000000000000000e+00,0.000000000000000000e+00,0.000000000000000000e+00,0.000000000000000000e+00,0.000000000000000000e+00,0.000000000000000000e+00,0.000000000000000000e+00,0.000000000000000000e+00,0.000000000000000000e+00,0.000000000000000000e+00,0.000000000000000000e+00,0.000000000000000000e+00,0.000000000000000000e+00,0.000000000000000000e+00,0.000000000000000000e+00,0.000000000000000000e+00,0.000000000000000000e+00,0.000000000000000000e+00,0.000000000000000000e+00,0.000000000000000000e+00,0.000000000000000000e+00,1.000000000000000000e+00,-5.011941875589273065e-01,-1.850120535351444662e-01,6.903424567463823935e-01,3.508266604553469392e-01,-1.043251908000213113e-01,9.095180968026843338e-02,-2.881252041643240225e-01,-2.244196506533952251e-01
0.000000000000000000e+00,0.000000000000000000e+00,0.000000000000000000e+00,0.000000000000000000e+00,0.000000000000000000e+00,0.000000000000000000e+00,0.000000000000000000e+00,0.000000000000000000e+00,0.000000000000000000e+00,0.000000000000000000e+00,0.000000000000000000e+00,0.000000000000000000e+00,0.000000000000000000e+00,0.000000000000000000e+00,0.000000000000000000e+00,0.000000000000000000e+00,0.000000000000000000e+00,0.000000000000000000e+00,0.000000000000000000e+00,0.000000000000000000e+00,0.000000000000000000e+00,0.000000000000000000e+00,0.000000000000000000e+00,0.000000000000000000e+00,0.000000000000000000e+00,0.000000000000000000e+00,0.000000000000000000e+00,0.000000000000000000e+00,0.000000000000000000e+00,0.000000000000000000e+00,0.000000000000000000e+00,0.000000000000000000e+00,0.000000000000000000e+00,0.000000000000000000e+00,0.000000000000000000e+00,0.000000000000000000e+00,0.000000000000000000e+00,0.000000000000000000e+00,0.000000000000000000e+00,0.000000000000000000e+00,0.000000000000000000e+00,0.000000000000000000e+00,0.000000000000000000e+00,0.000000000000000000e+00,0.000000000000000000e+00,0.000000000000000000e+00,0.000000000000000000e+00,0.000000000000000000e+00,0.000000000000000000e+00,0.000000000000000000e+00,0.000000000000000000e+00,0.000000000000000000e+00,0.000000000000000000e+00,0.000000000000000000e+00,0.000000000000000000e+00,0.000000000000000000e+00,0.000000000000000000e+00,0.000000000000000000e+00,0.000000000000000000e+00,0.000000000000000000e+00,0.000000000000000000e+00,0.000000000000000000e+00,0.000000000000000000e+00,0.000000000000000000e+00,0.000000000000000000e+00,0.000000000000000000e+00,0.000000000000000000e+00,0.000000000000000000e+00,0.000000000000000000e+00,0.000000000000000000e+00,0.000000000000000000e+00,0.000000000000000000e+00,0.000000000000000000e+00,0.000000000000000000e+00,0.000000000000000000e+00,0.000000000000000000e+00,0.000000000000000000e+00,0.000000000000000000e+00,0.000000000000000000e+00,0.000000000000000000e+00,0.000000000000000000e+00,0.000000000000000000e+00,0.000000000000000000e+00,0.000000000000000000e+00,0.000000000000000000e+00,0.000000000000000000e+00,0.000000000000000000e+00,0.000000000000000000e+00,0.000000000000000000e+00,0.000000000000000000e+00,0.000000000000000000e+00,0.000000000000000000e+00,1.000000000000000000e+00,-4.705621977268810707e-01,-1.173321922639625065e-01,-1.249597129363937548e-01,3.623714196857742015e-02,2.803354058836945994e-01,-1.883051844009482889e-01,-6.044952914848129855e-02
0.000000000000000000e+00,0.000000000000000000e+00,0.000000000000000000e+00,0.000000000000000000e+00,0.000000000000000000e+00,0.000000000000000000e+00,0.000000000000000000e+00,0.000000000000000000e+00,0.000000000000000000e+00,0.000000000000000000e+00,0.000000000000000000e+00,0.000000000000000000e+00,0.000000000000000000e+00,0.000000000000000000e+00,0.000000000000000000e+00,0.000000000000000000e+00,0.000000000000000000e+00,0.000000000000000000e+00,0.000000000000000000e+00,0.000000000000000000e+00,0.000000000000000000e+00,0.000000000000000000e+00,0.000000000000000000e+00,0.000000000000000000e+00,0.000000000000000000e+00,0.000000000000000000e+00,0.000000000000000000e+00,0.000000000000000000e+00,0.000000000000000000e+00,0.000000000000000000e+00,0.000000000000000000e+00,0.000000000000000000e+00,0.000000000000000000e+00,0.000000000000000000e+00,0.000000000000000000e+00,0.000000000000000000e+00,0.000000000000000000e+00,0.000000000000000000e+00,0.000000000000000000e+00,0.000000000000000000e+00,0.000000000000000000e+00,0.000000000000000000e+00,0.000000000000000000e+00,0.000000000000000000e+00,0.000000000000000000e+00,0.000000000000000000e+00,0.000000000000000000e+00,0.000000000000000000e+00,0.000000000000000000e+00,0.000000000000000000e+00,0.000000000000000000e+00,0.000000000000000000e+00,0.000000000000000000e+00,0.000000000000000000e+00,0.000000000000000000e+00,0.000000000000000000e+00,0.000000000000000000e+00,0.000000000000000000e+00,0.000000000000000000e+00,0.000000000000000000e+00,0.000000000000000000e+00,0.000000000000000000e+00,0.000000000000000000e+00,0.000000000000000000e+00,0.000000000000000000e+00,0.000000000000000000e+00,0.000000000000000000e+00,0.000000000000000000e+00,0.000000000000000000e+00,0.000000000000000000e+00,0.000000000000000000e+00,0.000000000000000000e+00,0.000000000000000000e+00,0.000000000000000000e+00,0.000000000000000000e+00,0.000000000000000000e+00,0.000000000000000000e+00,0.000000000000000000e+00,0.000000000000000000e+00,0.000000000000000000e+00,0.000000000000000000e+00,0.000000000000000000e+00,0.000000000000000000e+00,0.000000000000000000e+00,0.000000000000000000e+00,0.000000000000000000e+00,0.000000000000000000e+00,0.000000000000000000e+00,0.000000000000000000e+00,0.000000000000000000e+00,0.000000000000000000e+00,0.000000000000000000e+00,0.000000000000000000e+00,1.000000000000000000e+00,-4.992519780070744928e-03,6.161750204292858885e-02,8.002997612047030307e-02,-2.719043954682822117e-01,3.507651956233279189e-01,6.973740781861613447e-02
0.000000000000000000e+00,0.000000000000000000e+00,0.000000000000000000e+00,0.000000000000000000e+00,0.000000000000000000e+00,0.000000000000000000e+00,0.000000000000000000e+00,0.000000000000000000e+00,0.000000000000000000e+00,0.000000000000000000e+00,0.000000000000000000e+00,0.000000000000000000e+00,0.000000000000000000e+00,0.000000000000000000e+00,0.000000000000000000e+00,0.000000000000000000e+00,0.000000000000000000e+00,0.000000000000000000e+00,0.000000000000000000e+00,0.000000000000000000e+00,0.000000000000000000e+00,0.000000000000000000e+00,0.000000000000000000e+00,0.000000000000000000e+00,0.000000000000000000e+00,0.000000000000000000e+00,0.000000000000000000e+00,0.000000000000000000e+00,0.000000000000000000e+00,0.000000000000000000e+00,0.000000000000000000e+00,0.000000000000000000e+00,0.000000000000000000e+00,0.000000000000000000e+00,0.000000000000000000e+00,0.000000000000000000e+00,0.000000000000000000e+00,0.000000000000000000e+00,0.000000000000000000e+00,0.000000000000000000e+00,0.000000000000000000e+00,0.000000000000000000e+00,0.000000000000000000e+00,0.000000000000000000e+00,0.000000000000000000e+00,0.000000000000000000e+00,0.000000000000000000e+00,0.000000000000000000e+00,0.000000000000000000e+00,0.000000000000000000e+00,0.000000000000000000e+00,0.000000000000000000e+00,0.000000000000000000e+00,0.000000000000000000e+00,0.000000000000000000e+00,0.000000000000000000e+00,0.000000000000000000e+00,0.000000000000000000e+00,0.000000000000000000e+00,0.000000000000000000e+00,0.000000000000000000e+00,0.000000000000000000e+00,0.000000000000000000e+00,0.000000000000000000e+00,0.000000000000000000e+00,0.000000000000000000e+00,0.000000000000000000e+00,0.000000000000000000e+00,0.000000000000000000e+00,0.000000000000000000e+00,0.000000000000000000e+00,0.000000000000000000e+00,0.000000000000000000e+00,0.000000000000000000e+00,0.000000000000000000e+00,0.000000000000000000e+00,0.000000000000000000e+00,0.000000000000000000e+00,0.000000000000000000e+00,0.000000000000000000e+00,0.000000000000000000e+00,0.000000000000000000e+00,0.000000000000000000e+00,0.000000000000000000e+00,0.000000000000000000e+00,0.000000000000000000e+00,0.000000000000000000e+00,0.000000000000000000e+00,0.000000000000000000e+00,0.000000000000000000e+00,0.000000000000000000e+00,0.000000000000000000e+00,0.000000000000000000e+00,0.000000000000000000e+00,1.000000000000000000e+00,2.430279204744260624e-01,2.352838921298288921e-01,-2.335632043663643798e-01,-1.351413810424774986e-01,-1.160314559802489986e-01
0.000000000000000000e+00,0.000000000000000000e+00,0.000000000000000000e+00,0.000000000000000000e+00,0.000000000000000000e+00,0.000000000000000000e+00,0.000000000000000000e+00,0.000000000000000000e+00,0.000000000000000000e+00,0.000000000000000000e+00,0.000000000000000000e+00,0.000000000000000000e+00,0.000000000000000000e+00,0.000000000000000000e+00,0.000000000000000000e+00,0.000000000000000000e+00,0.000000000000000000e+00,0.000000000000000000e+00,0.000000000000000000e+00,0.000000000000000000e+00,0.000000000000000000e+00,0.000000000000000000e+00,0.000000000000000000e+00,0.000000000000000000e+00,0.000000000000000000e+00,0.000000000000000000e+00,0.000000000000000000e+00,0.000000000000000000e+00,0.000000000000000000e+00,0.000000000000000000e+00,0.000000000000000000e+00,0.000000000000000000e+00,0.000000000000000000e+00,0.000000000000000000e+00,0.000000000000000000e+00,0.000000000000000000e+00,0.000000000000000000e+00,0.000000000000000000e+00,0.000000000000000000e+00,0.000000000000000000e+00,0.000000000000000000e+00,0.000000000000000000e+00,0.000000000000000000e+00,0.000000000000000000e+00,0.000000000000000000e+00,0.000000000000000000e+00,0.000000000000000000e+00,0.000000000000000000e+00,0.000000000000000000e+00,0.000000000000000000e+00,0.000000000000000000e+00,0.000000000000000000e+00,0.000000000000000000e+00,0.000000000000000000e+00,0.000000000000000000e+00,0.000000000000000000e+00,0.000000000000000000e+00,0.000000000000000000e+00,0.000000000000000000e+00,0.000000000000000000e+00,0.000000000000000000e+00,0.000000000000000000e+00,0.000000000000000000e+00,0.000000000000000000e+00,0.000000000000000000e+00,0.000000000000000000e+00,0.000000000000000000e+00,0.000000000000000000e+00,0.000000000000000000e+00,0.000000000000000000e+00,0.000000000000000000e+00,0.000000000000000000e+00,0.000000000000000000e+00,0.000000000000000000e+00,0.000000000000000000e+00,0.000000000000000000e+00,0.000000000000000000e+00,0.000000000000000000e+00,0.000000000000000000e+00,0.000000000000000000e+00,0.000000000000000000e+00,0.000000000000000000e+00,0.000000000000000000e+00,0.000000000000000000e+00,0.000000000000000000e+00,0.000000000000000000e+00,0.000000000000000000e+00,0.000000000000000000e+00,0.000000000000000000e+00,0.000000000000000000e+00,0.000000000000000000e+00,0.000000000000000000e+00,0.000000000000000000e+00,0.000000000000000000e+00,0.000000000000000000e+00,1.000000000000000000e+00,-2.269897153373812704e-01,-3.287603315566864359e-01,-5.588513580957701343e-01,-5.487255513946166507e-01
0.000000000000000000e+00,0.000000000000000000e+00,0.000000000000000000e+00,0.000000000000000000e+00,0.000000000000000000e+00,0.000000000000000000e+00,0.000000000000000000e+00,0.000000000000000000e+00,0.000000000000000000e+00,0.000000000000000000e+00,0.000000000000000000e+00,0.000000000000000000e+00,0.000000000000000000e+00,0.000000000000000000e+00,0.000000000000000000e+00,0.000000000000000000e+00,0.000000000000000000e+00,0.000000000000000000e+00,0.000000000000000000e+00,0.000000000000000000e+00,0.000000000000000000e+00,0.000000000000000000e+00,0.000000000000000000e+00,0.000000000000000000e+00,0.000000000000000000e+00,0.000000000000000000e+00,0.000000000000000000e+00,0.000000000000000000e+00,0.000000000000000000e+00,0.000000000000000000e+00,0.000000000000000000e+00,0.000000000000000000e+00,0.000000000000000000e+00,0.000000000000000000e+00,0.000000000000000000e+00,0.000000000000000000e+00,0.000000000000000000e+00,0.000000000000000000e+00,0.000000000000000000e+00,0.000000000000000000e+00,0.000000000000000000e+00,0.000000000000000000e+00,0.000000000000000000e+00,0.000000000000000000e+00,0.000000000000000000e+00,0.000000000000000000e+00,0.000000000000000000e+00,0.000000000000000000e+00,0.000000000000000000e+00,0.000000000000000000e+00,0.000000000000000000e+00,0.000000000000000000e+00,0.000000000000000000e+00,0.000000000000000000e+00,0.000000000000000000e+00,0.000000000000000000e+00,0.000000000000000000e+00,0.000000000000000000e+00,0.000000000000000000e+00,0.000000000000000000e+00,0.000000000000000000e+00,0.000000000000000000e+00,0.000000000000000000e+00,0.000000000000000000e+00,0.000000000000000000e+00,0.000000000000000000e+00,0.000000000000000000e+00,0.000000000000000000e+00,0.000000000000000000e+00,0.000000000000000000e+00,0.000000000000000000e+00,0.000000000000000000e+00,0.000000000000000000e+00,0.000000000000000000e+00,0.000000000000000000e+00,0.000000000000000000e+00,0.000000000000000000e+00,0.000000000000000000e+00,0.000000000000000000e+00,0.000000000000000000e+00,0.000000000000000000e+00,0.000000000000000000e+00,0.000000000000000000e+00,0.000000000000000000e+00,0.000000000000000000e+00,0.000000000000000000e+00,0.000000000000000000e+00,0.000000000000000000e+00,0.000000000000000000e+00,0.000000000000000000e+00,0.000000000000000000e+00,0.000000000000000000e+00,0.000000000000000000e+00,0.000000000000000000e+00,0.000000000000000000e+00,0.000000000000000000e+00,1.000000000000000000e+00,-1.000000000000000000e+00,5.822254064321489286e-01,2.489108949357283496e-01
0.000000000000000000e+00,0.000000000000000000e+00,0.000000000000000000e+00,0.000000000000000000e+00,0.000000000000000000e+00,0.000000000000000000e+00,0.000000000000000000e+00,0.000000000000000000e+00,0.000000000000000000e+00,0.000000000000000000e+00,0.000000000000000000e+00,0.000000000000000000e+00,0.000000000000000000e+00,0.000000000000000000e+00,0.000000000000000000e+00,0.000000000000000000e+00,0.000000000000000000e+00,0.000000000000000000e+00,0.000000000000000000e+00,0.000000000000000000e+00,0.000000000000000000e+00,0.000000000000000000e+00,0.000000000000000000e+00,0.000000000000000000e+00,0.000000000000000000e+00,0.000000000000000000e+00,0.000000000000000000e+00,0.000000000000000000e+00,0.000000000000000000e+00,0.000000000000000000e+00,0.000000000000000000e+00,0.000000000000000000e+00,0.000000000000000000e+00,0.000000000000000000e+00,0.000000000000000000e+00,0.000000000000000000e+00,0.000000000000000000e+00,0.000000000000000000e+00,0.000000000000000000e+00,0.000000000000000000e+00,0.000000000000000000e+00,0.000000000000000000e+00,0.000000000000000000e+00,0.000000000000000000e+00,0.000000000000000000e+00,0.000000000000000000e+00,0.000000000000000000e+00,0.000000000000000000e+00,0.000000000000000000e+00,0.000000000000000000e+00,0.000000000000000000e+00,0.000000000000000000e+00,0.000000000000000000e+00,0.000000000000000000e+00,0.000000000000000000e+00,0.000000000000000000e+00,0.000000000000000000e+00,0.000000000000000000e+00,0.000000000000000000e+00,0.000000000000000000e+00,0.000000000000000000e+00,0.000000000000000000e+00,0.000000000000000000e+00,0.000000000000000000e+00,0.000000000000000000e+00,0.000000000000000000e+00,0.000000000000000000e+00,0.000000000000000000e+00,0.000000000000000000e+00,0.000000000000000000e+00,0.000000000000000000e+00,0.000000000000000000e+00,0.000000000000000000e+00,0.000000000000000000e+00,0.000000000000000000e+00,0.000000000000000000e+00,0.000000000000000000e+00,0.000000000000000000e+00,0.000000000000000000e+00,0.000000000000000000e+00,0.000000000000000000e+00,0.000000000000000000e+00,0.000000000000000000e+00,0.000000000000000000e+00,0.000000000000000000e+00,0.000000000000000000e+00,0.000000000000000000e+00,0.000000000000000000e+00,0.000000000000000000e+00,0.000000000000000000e+00,0.000000000000000000e+00,0.000000000000000000e+00,0.000000000000000000e+00,0.000000000000000000e+00,0.000000000000000000e+00,0.000000000000000000e+00,0.000000000000000000e+00,1.000000000000000000e+00,4.435576044458366257e-02,-6.695944257902489150e-02
0.000000000000000000e+00,0.000000000000000000e+00,0.000000000000000000e+00,0.000000000000000000e+00,0.000000000000000000e+00,0.000000000000000000e+00,0.000000000000000000e+00,0.000000000000000000e+00,0.000000000000000000e+00,0.000000000000000000e+00,0.000000000000000000e+00,0.000000000000000000e+00,0.000000000000000000e+00,0.000000000000000000e+00,0.000000000000000000e+00,0.000000000000000000e+00,0.000000000000000000e+00,0.000000000000000000e+00,0.000000000000000000e+00,0.000000000000000000e+00,0.000000000000000000e+00,0.000000000000000000e+00,0.000000000000000000e+00,0.000000000000000000e+00,0.000000000000000000e+00,0.000000000000000000e+00,0.000000000000000000e+00,0.000000000000000000e+00,0.000000000000000000e+00,0.000000000000000000e+00,0.000000000000000000e+00,0.000000000000000000e+00,0.000000000000000000e+00,0.000000000000000000e+00,0.000000000000000000e+00,0.000000000000000000e+00,0.000000000000000000e+00,0.000000000000000000e+00,0.000000000000000000e+00,0.000000000000000000e+00,0.000000000000000000e+00,0.000000000000000000e+00,0.000000000000000000e+00,0.000000000000000000e+00,0.000000000000000000e+00,0.000000000000000000e+00,0.000000000000000000e+00,0.000000000000000000e+00,0.000000000000000000e+00,0.000000000000000000e+00,0.000000000000000000e+00,0.000000000000000000e+00,0.000000000000000000e+00,0.000000000000000000e+00,0.000000000000000000e+00,0.000000000000000000e+00,0.000000000000000000e+00,0.000000000000000000e+00,0.000000000000000000e+00,0.000000000000000000e+00,0.000000000000000000e+00,0.000000000000000000e+00,0.000000000000000000e+00,0.000000000000000000e+00,0.000000000000000000e+00,0.000000000000000000e+00,0.000000000000000000e+00,0.000000000000000000e+00,0.000000000000000000e+00,0.000000000000000000e+00,0.000000000000000000e+00,0.000000000000000000e+00,0.000000000000000000e+00,0.000000000000000000e+00,0.000000000000000000e+00,0.000000000000000000e+00,0.000000000000000000e+00,0.000000000000000000e+00,0.000000000000000000e+00,0.000000000000000000e+00,0.000000000000000000e+00,0.000000000000000000e+00,0.000000000000000000e+00,0.000000000000000000e+00,0.000000000000000000e+00,0.000000000000000000e+00,0.000000000000000000e+00,0.000000000000000000e+00,0.000000000000000000e+00,0.000000000000000000e+00,0.000000000000000000e+00,0.000000000000000000e+00,0.000000000000000000e+00,0.000000000000000000e+00,0.000000000000000000e+00,0.000000000000000000e+00,0.000000000000000000e+00,0.000000000000000000e+00,1.000000000000000000e+00,3.407113161792474920e-01
0.000000000000000000e+00,0.000000000000000000e+00,0.000000000000000000e+00,0.000000000000000000e+00,0.000000000000000000e+00,0.000000000000000000e+00,0.000000000000000000e+00,0.000000000000000000e+00,0.000000000000000000e+00,0.000000000000000000e+00,0.000000000000000000e+00,0.000000000000000000e+00,0.000000000000000000e+00,0.000000000000000000e+00,0.000000000000000000e+00,0.000000000000000000e+00,0.000000000000000000e+00,0.000000000000000000e+00,0.000000000000000000e+00,0.000000000000000000e+00,0.000000000000000000e+00,0.000000000000000000e+00,0.000000000000000000e+00,0.000000000000000000e+00,0.000000000000000000e+00,0.000000000000000000e+00,0.000000000000000000e+00,0.000000000000000000e+00,0.000000000000000000e+00,0.000000000000000000e+00,0.000000000000000000e+00,0.000000000000000000e+00,0.000000000000000000e+00,0.000000000000000000e+00,0.000000000000000000e+00,0.000000000000000000e+00,0.000000000000000000e+00,0.000000000000000000e+00,0.000000000000000000e+00,0.000000000000000000e+00,0.000000000000000000e+00,0.000000000000000000e+00,0.000000000000000000e+00,0.000000000000000000e+00,0.000000000000000000e+00,0.000000000000000000e+00,0.000000000000000000e+00,0.000000000000000000e+00,0.000000000000000000e+00,0.000000000000000000e+00,0.000000000000000000e+00,0.000000000000000000e+00,0.000000000000000000e+00,0.000000000000000000e+00,0.000000000000000000e+00,0.000000000000000000e+00,0.000000000000000000e+00,0.000000000000000000e+00,0.000000000000000000e+00,0.000000000000000000e+00,0.000000000000000000e+00,0.000000000000000000e+00,0.000000000000000000e+00,0.000000000000000000e+00,0.000000000000000000e+00,0.000000000000000000e+00,0.000000000000000000e+00,0.000000000000000000e+00,0.000000000000000000e+00,0.000000000000000000e+00,0.000000000000000000e+00,0.000000000000000000e+00,0.000000000000000000e+00,0.000000000000000000e+00,0.000000000000000000e+00,0.000000000000000000e+00,0.000000000000000000e+00,0.000000000000000000e+00,0.000000000000000000e+00,0.000000000000000000e+00,0.000000000000000000e+00,0.000000000000000000e+00,0.000000000000000000e+00,0.000000000000000000e+00,0.000000000000000000e+00,0.000000000000000000e+00,0.000000000000000000e+00,0.000000000000000000e+00,0.000000000000000000e+00,0.000000000000000000e+00,0.000000000000000000e+00,0.000000000000000000e+00,0.000000000000000000e+00,0.000000000000000000e+00,0.000000000000000000e+00,0.000000000000000000e+00,0.000000000000000000e+00,0.000000000000000000e+00,0.000000000000000000e+00,1.000000000000000000e+00
