1.000000000000000000e+00,-1.000000000000000000e+00,-1.000000000000000000e+00,-1.000000000000000000e+00,-1.000000000000000000e+00,-1.000000000000000000e+00,-1.000000000000000000e+00,-1.000000000000000000e+00,1.000000000000000000e+00,1.000000000000000000e+00,-1.000000000000000000e+00,-1.000000000000000000e+00,-1.000000000000000000e+00,1.000000000000000000e+00,-1.000000000000000000e+00,-1.000000000000000000e+00,1.000000000000000000e+00,-1.000000000000000000e+00,1.000000000000000000e+00,-1.000000000000000000e+00,1.000000000000000000e+00,1.000000000000000000e+00,1.000000000000000000e+00,-1.000000000000000000e+00,1.000000000000000000e+00,-1.000000000000000000e+00,-1.000000000000000000e+00,-1.000000000000000000e+00,1.000000000000000000e+00,1.000000000000000000e+00,1.000000000000000000e+00,1.000000000000000000e+00,-1.000000000000000000e+00,-1.000000000000000000e+00,-1.000000000000000000e+00,1.000000000000000000e+00,-1.000000000000000000e+00,-1.000000000000000000e+00,-1.000000000000000000e+00,1.000000000000000000e+00,1.000000000000000000e+00,-1.000000000000000000e+00,1.000000000000000000e+00,1.000000000000000000e+00,1.000000000000000000e+00,1.000000000000000000e+00,1.000000000000000000e+00,-1.000000000000000000e+00,1.000000000000000000e+00,1.000000000000000000e+00,-1.000000000000000000e+00,-1.000000000000000000e+00,1.000000000000000000e+00,1.000000000000000000e+00,-1.000000000000000000e+00,1.000000000000000000e+00,-1.000000000000000000e+00,-1.000000000000000000e+00,1.000000000000000000e+00,1.000000000000000000e+00,-1.000000000000000000e+00,1.000000000000000000e+00,1.000000000000000000e+00,1.000000000000000000e+00,-1.000000000000000000e+00,-1.000000000000000000e+00,-1.000000000000000000e+00,-1.000000000000000000e+00,1.000000000000000000e+00,1.000000000000000000e+00,-1.000000000000000000e+00,-1.000000000000000000e+00,1.000000000000000000e+00,-1.000000000000000000e+00,1.000000000000000000e+00,1.000000000000000000e+00,1.000000000000000000e+00,-1.000000000000000000e+00,-1.000000000000000000e+00,1.000000000000000000e+00,-1.000000000000000000e+00,1.000000000000000000e+00,-1.000000000000000000e+00,1.000000000000000000e+00,-1.000000000000000000e+00,1.000000000000000000e+00,1.000000000000000000e+00,1.000000000000000000e+00,-1.000000000000000000e+00,-1.000000000000000000e+00,1.000000000000000000e+00,1.000000000000000000e+00,-1.000000000000000000e+00,-1.000000000000000000e+00,1.000000000000000000e+00,1.000000000000000000e+00,1.000000000000000000e+00,1.000000000000000000e+00,1.000000000000000000e+00,-1.000000000000000000e+00
0.000000000000000000e+00,1.000000000000000000e+00,1.000000000000000000e+00,1.000000000000000000e+00,1.000000000000000000e+00,-1.000000000000000000e+00,1.000000000000000000e+00,1.000000000000000000e+00,-1.000000000000000000e+00,-1.000000000000000000e+00,1.000000000000000000e+00,1.000000000000000000e+00,1.000000000000000000e+00,-2.932895317759116049e-01,-5.752827452771924754e-01,1.000000000000000000e+00,-1.000000000000000000e+00,1.000000000000000000e+00,-1.000000000000000000e+00,1.000000000000000000e+00,-1.000000000000000000e+00,-1.000000000000000000e+00,-1.000000000000000000e+00,9.054345504460301619e-01,-1.000000000000000000e+00,1.000000000000000000e+00,1.000000000000000000e+00,-1.000000000000000000e+00,-1.000000000000000000e+00,-1.000000000000000000e+00,-1.000000000000000000e+00,-1.000000000000000000e+00,-1.000000000000000000e+00,-1.000000000000000000e+00,4.220155497280654311e-01,-1.000000000000000000e+00,1.000000000000000000e+00,1.000000000000000000e+00,1.000000000000000000e+00,-1.000000000000000000e+00,-1.000000000000000000e+00,3.329999794519720169e-01,-1.000000000000000000e+00,-1.000000000000000000e+00,-1.000000000000000000e+00,-1.000000000000000000e+00,-1.000000000000000000e+00,-1.000000000000000000e+00,-1.000000000000000000e+00,-1.000000000000000000e+00,1.000000000000000000e+00,2.829106011409263655e-01,2.531748760408514820e-01,-1.000000000000000000e+00,-3.058659187627581488e-01,-1.000000000000000000e+00,1.000000000000000000e+00,1.000000000000000000e+00,-1.000000000000000000e+00,-1.000000000000000000e+00,-1.000000000000000000e+00,-1.000000000000000000e+00,-1.000000000000000000e+00,-1.000000000000000000e+00,-9.407972346698423305e-01,-9.598337596781857384e-01,-2.165200321287037710e-01,-1.000000000000000000e+00,1.000000000000000000e+00,-1.000000000000000000e+00,-1.000000000000000000e+00,-1.000000000000000000e+00,-1.000000000000000000e+00,3.917846105229434994e-01,-1.000000000000000000e+00,-1.000000000000000000e+00,-1.000000000000000000e+00,-1.000000000000000000e+00,1.000000000000000000e+00,-1.000000000000000000e+00,1.000000000000000000e+00,-1.000000000000000000e+00,1.000000000000000000e+00,-1.000000000000000000e+00,1.000000000000000000e+00,-1.000000000000000000e+00,-1.000000000000000000e+00,-1.000000000000000000e+00,-1.000000000000000000e+00,4.316557330568286943e-01,-1.000000000000000000e+00,-1.000000000000000000e+00,1.000000000000000000e+00,-1.000000000000000000e+00,-1.000000000000000000e+00,-1.000000000000000000e+00,-1.000000000000000000e+00,-1.000000000000000000e+00,-1.000000000000000000e+00,1.000000000000000000e+00
0.000000000000000000e+00,0.000000000000000000e+00,1.000000000000000000e+00,1.000000000000000000e+00,1.000000000000000000e+00,-6.764110994114013176e-01,1.000000000000000000e+00,1.000000000000000000e+00,-1.000000000000000000e+00,-1.000000000000000000e+00,1.000000000000000000e+00,1.000000000000000000e+00,1.000000000000000000e+00,-1.000000000000000000e+00,-1.000000000000000000e+00,1.000000000000000000e+00,-7.030256764557228921e-01,1.000000000000000000e+00,-1.000000000000000000e+00,1.000000000000000000e+00,-1.000000000000000000e+00,-1.000000000000000000e+00,-1.000000000000000000e+00,1.000000000000000000e+00,-1.000000000000000000e+00,1.000000000000000000e+00,1.000000000000000000e+00,1.000000000000000000e+00,-7.588357285999359769e-01,-1.000000000000000000e+00,-1.000000000000000000e+00,-1.000000000000000000e+00,1.000000000000000000e+00,1.738234237418950431e-02,1.000000000000000000e+00,-1.000000000000000000e+00,1.000000000000000000e+00,1.000000000000000000e+00,1.000000000000000000e+00,-1.000000000000000000e+00,1.000000000000000000e+00,1.000000000000000000e+00,-1.000000000000000000e+00,-1.000000000000000000e+00,-1.000000000000000000e+00,-1.000000000000000000e+00,-1.000000000000000000e+00,-9.348180166672321878e-01,-1.000000000000000000e+00,-1.000000000000000000e+00,1.000000000000000000e+00,1.000000000000000000e+00,6.694767922950972672e-01,2.824229847892712475e-01,1.000000000000000000e+00,-1.000000000000000000e+00,1.000000000000000000e+00,8.191705995946927873e-03,-1.000000000000000000e+00,-1.000000000000000000e+00,-6.072007588960876001e-01,-3.618676853334296117e-01,-1.000000000000000000e+00,-1.000000000000000000e+00,1.000000000000000000e+00,1.000000000000000000e+00,1.000000000000000000e+00,8.786425484352854420e-01,-1.000000000000000000e+00,-1.000000000000000000e+00,1.000000000000000000e+00,-4.216660660673784422e-01,-1.000000000000000000e+00,1.000000000000000000e+00,-1.000000000000000000e+00,-1.000000000000000000e+00,-1.000000000000000000e+00,1.000000000000000000e+00,5.948985305291810688e-01,-1.000000000000000000e+00,1.000000000000000000e+00,-1.000000000000000000e+00,1.000000000000000000e+00,-1.000000000000000000e+00,1.000000000000000000e+00,-1.000000000000000000e+00,9.395637378267944484e-02,-1.000000000000000000e+00,2.243192519895752524e-01,1.000000000000000000e+00,-1.000000000000000000e+00,-1.000000000000000000e+00,1.000000000000000000e+00,-9.838870201028292461e-01,-5.124837521954898195e-02,-1.000000000000000000e+00,9.981206279776309032e-01,-1.000000000000000000e+00,-1.000000000000000000e+00,1.000000000000000000e+00
0.000000000000000000e+00,0.000000000000000000e+00,0.000000000000000000e+00,1.000000000000000000e+00,6.971931509344615474e-01,3.747393758591294199e-01,1.000000000000000000e+00,1.000000000000000000e+00,-5.910235327391654137e-01,-1.000000000000000000e+00,7.768355141894472959e-01,1.000000000000000000e+00,1.000000000000000000e+00,-1.000000000000000000e+00,-1.000000000000000000e+00,1.000000000000000000e+00,3.768804123918511606e-01,9.178680849963490873e-01,-1.000000000000000000e+00,3.517531652600292547e-01,-2.140390193180352618e-01,-8.139974418654480903e-01,-1.000000000000000000e+00,1.000000000000000000e+00,1.479702794923505038e-01,1.000000000000000000e+00,1.000000000000000000e+00,7.064999747139900643e-01,1.202753142506490097e-01,6.009120574312700608e-02,-1.000000000000000000e+00,-8.754549995554431474e-01,1.000000000000000000e+00,-7.889540207724345111e-02,8.876308491299073067e-01,-1.000000000000000000e+00,1.000000000000000000e+00,1.000000000000000000e+00,1.000000000000000000e+00,-1.000000000000000000e+00,7.938489968975009914e-02,4.325894415434313744e-01,-1.000451067243893211e-01,-9.716861170182388152e-01,-1.000000000000000000e+00,3.477978199294936013e-01,-3.143301407589843555e-01,-2.032363194723593169e-01,-1.000000000000000000e+00,-7.695414411354438711e-01,1.000000000000000000e+00,4.938441629961896062e-01,-1.145181879534301790e-02,4.546073901827522024e-01,1.000000000000000000e+00,-1.000000000000000000e+00,1.000000000000000000e+00,-3.023924234239003805e-01,-1.000000000000000000e+00,2.147054211312618768e-02,2.028482980818122061e-01,2.476992062881800682e-01,-1.000000000000000000e+00,-9.350220760825315169e-01,1.000000000000000000e+00,8.388301600278581516e-01,1.000000000000000000e+00,1.000000000000000000e+00,-7.707661233096489983e-01,-3.330804717203066923e-01,5.183324140999413521e-01,5.352124256341653785e-01,-1.000000000000000000e+00,1.000000000000000000e+00,-1.000000000000000000e+00,-8.107191708355725446e-01,-9.506711019512796845e-01,6.703375982119649246e-01,3.053466822507600389e-02,-2.130883067858977131e-01,6.333188000719971456e-01,-1.000000000000000000e+00,1.000000000000000000e+00,-5.463115724858906563e-02,-2.758912172948470576e-01,-1.000000000000000000e+00,-1.966904908831498822e-01,-5.586047730178257398e-01,5.353486865057504041e-01,1.000000000000000000e+00,-1.000000000000000000e+00,-9.927556053379333889e-01,8.049087318517125222e-01,-3.635705357007162353e-01,4.098862370064841887e-01,-3.006787109845598382e-01,7.167106303351531427e-01,-1.000000000000000000e+00,-1.000000000000000000e+00,1.000000000000000000e+00
0.000000000000000000e+00,0.000000000000000000e+00,0.000000000000000000e+00,0.000000000000000000e+00,1.000000000000000000e+00,-5.569322101260494318e-01,1.000000000000000000e+00,1.000000000000000000e+00,-1.000000000000000000e+00,-1.000000000000000000e+00,-5.029105265540601694e-02,9.174718005494206796e-01,1.000000000000000000e+00,-3.155089111955396985e-01,-1.000000000000000000e+00,1.000000000000000000e+00,-9.474141423215264313e-01,1.000000000000000000e+00,-1.000000000000000000e+00,1.000000000000000000e+00,-1.000000000000000000e+00,-1.000000000000000000e+00,-1.000000000000000000e+00,8.585128559648270707e-01,-3.794279476322547917e-01,1.000000000000000000e+00,7.945986247992699036e-01,4.136901885795807865e-01,-3.022353056383851877e-01,-5.747499761474944568e-01,-1.000000000000000000e+00,-1.000000000000000000e+00,9.512876680685674602e-01,-1.996840505071569294e-01,8.696790727759026174e-01,-1.000000000000000000e+00,1.000000000000000000e+00,1.000000000000000000e+00,1.000000000000000000e+00,-1.000000000000000000e+00,4.107596663308974438e-01,1.000000000000000000e+00,-8.071252893819517160e-01,-8.181577889586526542e-01,-1.000000000000000000e+00,-3.731887402195739889e-01,-1.000000000000000000e+00,-1.000000000000000000e+00,-1.000000000000000000e+00,-9.717038415307907018e-01,1.000000000000000000e+00,9.588136954724724159e-01,6.007791334648246995e-01,-4.344940948533281277e-01,1.000000000000000000e+00,-1.000000000000000000e+00,1.000000000000000000e+00,1.000000000000000000e+00,-1.000000000000000000e+00,-4.301063036026747111e-01,-1.000000000000000000e+00,-6.603245276604798875e-01,-1.000000000000000000e+00,-8.307069154798458754e-01,1.000000000000000000e+00,8.162687304972969793e-01,1.000000000000000000e+00,3.877107729873773001e-02,3.788594142157120093e-02,-1.000000000000000000e+00,-7.147182607842231805e-01,2.433916271839973167e-01,-1.000000000000000000e+00,8.066737396508364411e-01,-1.000000000000000000e+00,-1.000000000000000000e+00,-1.000000000000000000e+00,-1.017335488517846082e-01,1.000000000000000000e+00,-1.000000000000000000e+00,5.932732198875206864e-01,-1.000000000000000000e+00,1.000000000000000000e+00,-1.000000000000000000e+00,-1.986720214371058835e-01,-1.000000000000000000e+00,-3.880814076055080220e-01,-1.000000000000000000e+00,2.838722160447419429e-01,1.000000000000000000e+00,-1.000000000000000000e+00,-1.000000000000000000e+00,1.000000000000000000e+00,3.263297388043669423e-01,-4.071404978696224197e-01,-8.063346249419534040e-01,-3.644499675812347406e-02,-8.387080283849632778e-01,-1.000000000000000000e+00,1.000000000000000000e+00
0.000000000000000000e+00,0.000000000000000000e+00,0.000000000000000000e+00,0.000000000000000000e+00,0.000000000000000000e+00,1.000000000000000000e+00,1.401552254008037457e-01,1.888466220201366966e-02,1.403747537631981068e-01,-2.649035415395905591e-01,-1.777520136584095356e-01,9.358034732032016745e-02,6.877103314854127181e-02,-2.640714959299297893e-01,5.787356886844421400e-01,-2.950436153496836106e-02,4.051188630737515561e-01,-1.297149884680809662e-01,-7.355602000274880092e-02,-2.721863913276282854e-01,2.858535311594878614e-01,-8.040331088844049345e-02,1.289010133473467157e-01,2.488065980501688312e-01,-2.066280145837522952e-01,3.111635498850656711e-01,4.052285931808916608e-01,2.308852145406444234e-01,-2.167799795931251994e-01,6.144357145220130656e-02,1.111880440340954207e-01,-7.428583253359127836e-02,2.170925878617777083e-01,4.464665406708098749e-01,2.059450758928101088e-02,6.403507697502670848e-02,-1.261829389883754593e-01,-8.885536414041074471e-02,1.943487614202918379e-01,8.032967874875443504e-02,-6.646440012434363942e-02,3.477057601008573529e-02,1.867582371775811656e-01,8.984307637970684324e-02,3.284374132126363643e-01,1.706432763617143356e-01,2.848956648296323557e-01,5.472033458461537103e-01,-1.647961500811607471e-01,1.596234648741741424e-02,3.938599926994040649e-03,-2.262987900770210004e-01,-4.605750138683638584e-01,9.030362223311477754e-02,6.614608868390567907e-03,2.485937496157142323e-01,2.539745452606607112e-01,-8.388589623489861591e-02,-3.626424879069051754e-01,3.055068434365957319e-01,5.038544103573082689e-01,2.510892183146634093e-01,2.177412972147687864e-01,7.285058717539691364e-02,-8.846311704145763677e-02,-1.114298584053834418e-01,8.909404875357848641e-02,3.418814695053515873e-01,-1.387605252353725782e-01,1.273282111217779733e-01,3.735481677610767992e-01,2.566793420321297758e-01,1.058619829884289015e-01,2.921731606211729892e-01,-3.603690338146065542e-01,3.740404817949891103e-02,2.656022283157079000e-01,2.547268581549126942e-01,-1.948208923319476316e-01,3.129248108519749882e-01,-2.990178462631645773e-01,-2.608693669977798016e-02,-5.456400526436817194e-02,3.513128897808984741e-01,4.430614287011576669e-01,1.861324303230653121e-01,-3.549706341416096755e-01,2.340771042052991746e-01,1.230346628968145700e-01,1.679820879636025333e-01,4.247439966853411852e-01,1.465795275125103547e-01,1.623432467503508614e-01,5.052747480583023032e-01,1.838966181188892712e-01,5.887405328690937800e-01,1.411773239602232277e-01,-1.592720386457007198e-01,-4.494532805647200729e-02,4.794995219840461065e-01
0.000000000000000000e+00,0.000000000000000000e+00,0.000000000000000000e+00,0.000000000000000000e+00,0.000000000000000000e+00,0.000000000000000000e+00,1.000000000000000000e+00,3.548943251468398286e-01,6.198721759207280468e-02,-4.857900422741487367e-01,3.621939446216084768e-01,8.568581249992475446e-02,8.304793346049398339e-01,-1.000000000000000000e+00,-1.503416925513445801e-01,5.673449257115571465e-01,-4.668446536024005271e-03,1.634767799876777616e-01,-2.597466770261206426e-01,5.829653084614265790e-01,4.161761662927356692e-02,-7.642471196948115164e-01,8.207823089938520722e-02,4.111692761475750357e-01,4.133324677414191850e-01,3.185650545097327702e-01,2.917109911513758869e-01,3.369016463001102690e-01,-9.658578992490786386e-02,2.123412599802779466e-01,-3.541109312001886056e-01,-2.890005559998255480e-01,4.569665485012798789e-01,2.784940180892838124e-01,4.393550652901385134e-01,-6.715437344465283731e-01,6.467096573558929196e-01,4.793927445019961486e-01,4.357374933093789982e-01,-5.251587529006724875e-01,1.752436994719729912e-01,6.405616817819189679e-01,9.139579733566559339e-02,3.608164262426418190e-01,-3.235967851224625519e-02,2.737830469308381032e-01,-1.355056135942145079e-01,-2.560339980582582720e-01,-5.271276446932581239e-01,-1.993929616653392911e-01,2.195418511630063407e-01,-3.401530335946267858e-02,-2.733226802620490337e-01,-2.705486685997226526e-01,7.523510968448378078e-01,-6.817063645651180170e-01,7.542213719310485454e-01,4.794169691730701399e-01,-7.814198967761161185e-01,4.525421211772481800e-01,-1.592444468354307918e-01,-1.123378128505898021e-01,-5.557617587390118602e-02,9.817289601185036352e-02,-2.395163825547861891e-01,1.426382549893915330e-01,3.702139899075961860e-01,5.304584288656740698e-01,5.637962534067290921e-02,8.234407041305423502e-02,8.626959215011631432e-02,5.996515189513342836e-01,2.418999429144238003e-02,7.275536344671319489e-01,-1.000000000000000000e+00,-6.312622703604393593e-01,3.582898188260404126e-02,4.033961537196176228e-01,6.313196014519506516e-01,-1.617545691612360392e-01,-3.946410165853938556e-01,-7.113917887453274913e-01,9.370918516381357977e-01,9.798926246047152955e-02,3.006764938887909744e-01,-6.654710282468602467e-02,-4.484188452686218018e-01,-3.411369234493989433e-01,4.966093270508933899e-01,6.618611911687397598e-01,-2.246895355119315346e-02,3.665606723629418195e-01,9.204300856622785743e-01,5.987145956033796956e-01,9.685426461144330812e-02,2.543709141229516524e-01,1.517548796188442906e-01,-5.553184369725234770e-01,-4.322772006558068814e-01,3.805580707917476380e-01
0.000000000000000000e+00,0.000000000000000000e+00,0.000000000000000000e+00,0.000000000000000000e+00,0.000000000000000000e+00,0.000000000000000000e+00,0.000000000000000000e+00,1.000000000000000000e+00,-3.014803855020357082e-01,-7.127638417260043768e-01,7.632874094245334362e-01,6.705468493984826361e-01,5.091017439656198018e-01,-7.498996338173364862e-01,2.728258814739417115e-01,4.365951024932324676e-01,2.402943780408719754e-01,1.000000000000000000e+00,-9.467993284142062205e-01,-2.717466242230595630e-01,-3.483026513994733619e-01,-6.803573825072943837e-01,-4.060190764881815850e-01,5.691078567729001003e-01,-8.103580657183155900e-01,8.610949597571381231e-01,8.124678959804858547e-01,2.561408499089684598e-01,-3.014621083775672616e-01,-2.973077603860892482e-01,-8.347873526871965044e-01,-4.553117302911920405e-01,6.171710176436286110e-02,1.582751277747460328e-01,3.591477435497622550e-01,-1.000000000000000000e+00,3.922261867665048918e-01,6.065248113090327964e-01,7.940752822436113467e-01,-1.000000000000000000e+00,3.061349655128119962e-01,2.165407437515443068e-02,-1.090661292993285320e-01,-7.707172204476916422e-01,-4.443693150091778676e-01,-4.317078777511720866e-01,-4.674294638576482197e-01,1.640284738323820879e-01,-8.266441782148026274e-01,-6.377023051774178830e-01,8.007460754095657718e-01,4.712470193832755117e-01,-9.276400721318808773e-02,-4.046042785928004315e-02,5.696577555807281756e-01,-6.205341365082661653e-01,1.000000000000000000e+00,-1.491983627288360481e-01,-1.000000000000000000e+00,-4.211803373379345850e-01,3.670008424279501691e-01,-1.048267507857050390e-01,-7.046556867901159205e-01,-6.959231599809194702e-01,5.526727878370583102e-01,5.392765956389324877e-01,4.516220125320933865e-01,4.670852569374200902e-02,-3.341737859826917068e-01,-7.706901854068820557e-01,5.500711425264814824e-01,-3.107713369311807319e-02,-9.460105851325769644e-01,3.952133368918223644e-01,-1.000000000000000000e+00,-3.062833759240892739e-01,-7.496154491279588550e-01,2.094710958891335684e-01,-1.125234096863581973e-01,-4.009869605135301662e-01,3.440934149894946947e-01,-1.000000000000000000e+00,1.000000000000000000e+00,-1.305827321317184486e-01,1.000000000000000000e+00,-8.414210718831234281e-01,1.174502075021557207e-02,-2.642318992150466048e-02,-7.212210094702625751e-02,4.428409447747376215e-01,-7.207028223915699083e-01,-7.458668179141531018e-01,3.260800225010455078e-01,-3.880563414553418466e-01,7.077884153402638767e-02,-5.194104815011831855e-01,3.205003858499461816e-02,-3.076161835630829566e-01,-3.796866597184082037e-01,6.439462686379363587e-01
0.000000000000000000e+00,0.000000000000000000e+00,0.000000000000000000e+00,0.000000000000000000e+00,0.000000000000000000e+00,0.000000000000000000e+00,0.000000000000000000e+00,0.000000000000000000e+00,1.000000000000000000e+00,1.802820181036246527e-01,1.146888224822611990e-01,1.157449097837175006e-01,-3.059601316663879134e-01,-6.527295626233434733e-01,1.212958018588417425e-01,1.646381626782312813e-01,3.839807700297924731e-01,-6.365301408873209610e-01,8.506064160664406071e-01,-1.841416867964938142e-01,5.963582534865169427e-01,9.998182959370945089e-02,3.276792780916888415e-01,1.786656697882340328e-01,5.011480806982855363e-01,2.383121691688186439e-02,1.624111889321066052e-02,2.428282002690556329e-01,3.536466802446678326e-01,3.640186933719783968e-01,2.723485537456208916e-01,3.861804165923216625e-01,3.062312266356420065e-01,1.947258157017741353e-01,1.788818685984375489e-01,4.061345720327349529e-01,-8.286936391261272294e-02,-5.937226955392602701e-01,-1.684998195043024005e-01,5.551319239371027559e-01,4.834328767983958053e-01,-2.207479796924613144e-02,4.448010582044055750e-01,2.635264134776265088e-01,3.769825754315658251e-01,3.870432707271679318e-01,5.165254984011180550e-01,2.240165507627367714e-01,1.028274680572106164e-02,2.488872060372090966e-01,4.482831948449465809e-02,1.063072289950439120e-01,-1.262430161102958137e-01,3.939245837218070534e-01,3.753509878327692673e-01,3.714152643512533825e-01,3.829232817165887925e-01,-4.939040364898899527e-01,4.492543004102073079e-01,3.636002231740866342e-01,3.861148355116779674e-01,3.802511910643852078e-01,2.944430819432558577e-01,1.054589311114316336e-01,7.861474148524617844e-02,2.263844293537776720e-01,1.748453450694106015e-01,4.565638739665512924e-01,-1.999017597149212178e-01,2.959644710750083396e-01,3.876089016840320589e-01,1.654786989025012200e-01,2.633096553655777106e-01,2.811796625646709735e-01,8.121607738463561266e-02,3.658946442712481262e-01,6.538413173110995125e-01,3.902386715559859609e-01,-3.011094565211486773e-01,3.626210205999104152e-01,-1.110429674684084156e-01,1.660979344638511546e-01,2.662672424603254595e-02,4.661568606783059177e-01,1.571777797122241027e-01,3.889143006572719496e-01,8.961795935538302560e-02,2.586967330912375851e-01,2.472532065703462734e-01,1.996461273821320270e-01,3.210905131117240408e-01,2.463242870859528033e-01,-3.665637781950309981e-01,1.975960827890846372e-01,3.483848836534678139e-01,2.930932771915662483e-01,3.120624898495014121e-01,2.082258896866720776e-01,3.962223669641292134e-01,-2.381945940275951301e-01
0.000000000000000000e+00,0.000000000000000000e+00,0.000000000000000000e+00,0.000000000000000000e+00,0.000000000000000000e+00,0.000000000000000000e+00,0.000000000000000000e+00,0.000000000000000000e+00,0.000000000000000000e+00,1.000000000000000000e+00,-1.150746653064274594e-01,-3.751839970219179032e-01,-2.330615607555714675e-01,8.138627778962119752e-01,2.241803300200428950e-02,-7.931376489163969312e-01,-1.404219060297810795e-01,5.902477456569280717e-02,3.164151635271402196e-01,-5.404916786746441493e-02,1.169962210788571683e-01,2.835026167954373677e-01,3.171857576507139953e-01,-3.275971120727100838e-01,4.643473573845054853e-02,-5.006440223900618935e-01,-4.325563773032737314e-01,-1.772207490396787710e-01,4.892436942458338461e-02,3.924131695668279379e-02,3.203961076439161837e-01,1.690466046649925502e-01,-2.459941007202173791e-01,-2.019941668799374868e-01,-2.420847873857857602e-01,6.253901406261348495e-01,-3.704427617664435290e-01,-3.543976002246965740e-01,-3.654148238362621703e-01,2.726376634060894144e-01,1.788583800354776321e-01,-7.546201847051149658e-02,-4.662779261155991506e-02,1.659873529430574979e-01,7.956239173928982694e-03,-2.327423796739531425e-01,-4.103042912422371485e-02,-1.513543426673329695e-01,4.717541327057511169e-01,1.392081992320848838e-01,-3.081042982655157747e-01,2.392205174843025361e-01,2.315055470560310191e-01,-1.177718287831917149e-01,-3.302273907900671879e-01,2.803905346845299573e-01,-5.288685512340141059e-01,1.495893796491574446e-01,8.288519357436334722e-01,-1.340954408002415499e-01,-3.773009273903614180e-01,-2.097140160399369735e-01,2.859766411938576836e-01,1.912911889921544706e-01,-1.445482708029507402e-01,-2.002359113678731928e-01,-2.844809466652052921e-01,-3.459510046353114210e-01,2.090709714345559134e-01,-8.590086279740886954e-02,-3.824579457737783406e-01,-1.134884272201109323e-01,1.818746629904804402e-01,-3.232652114298751878e-01,1.000000000000000000e+00,1.328361063271876752e-01,2.126769466416686960e-01,-2.736480635456129962e-01,9.598283283689391931e-02,1.794913147714626359e-02,2.149659436356483877e-01,8.423616691592491490e-01,-2.820244468752343692e-01,-1.665784994590573109e-01,2.698793637267358214e-01,1.340170614774863767e-01,1.575099962047910862e-01,-4.691400441149010114e-02,-1.405593419267716360e-01,-3.325617969724981027e-01,4.222737973606425776e-01,1.961532376793039267e-01,-2.099825682284395256e-01,-8.021483124346184823e-02,-1.089540715886916089e-01,-1.507812971888184139e-01,-2.683832803718165794e-01,2.866209137985115118e-01,5.136936733887346174e-01,-5.993446409062452851e-01
0.000000000000000000e+00,0.000000000000000000e+00,0.000000000000000000e+00,0.000000000000000000e+00,0.000000000000000000e+00,0.000000000000000000e+00,0.000000000000000000e+00,0.000000000000000000e+00,0.000000000000000000e+00,0.000000000000000000e+00,1.000000000000000000e+00,-3.077642586226930418e-02,6.354735467493058398e-02,-7.182946211541562098e-01,-2.417260268451228850e-02,4.897807810715038707e-02,1.149070300671516248e-01,-4.470617152206279171e-02,2.357899722643484741e-01,-1.488046217186120290e-02,2.978331272404196595e-01,-3.293028255827958328e-01,2.870702328270965942e-01,-4.107174691540277194e-03,-7.668799174992768641e-02,7.240557956934849659e-02,1.449792707020938938e-02,-1.110378943551250663e-01,-8.881102302628636480e-02,2.452736613592309753e-02,-1.994445807198326204e-01,-2.033040740980427141e-01,-1.796580415542450571e-01,-1.587188416507745725e-01,5.637504502019705793e-02,-1.328104591839611714e-01,-3.490941266197621073e-02,5.381103532069750166e-03,-5.391722238276828311e-02,-2.201147787907856979e-01,-2.326191186433429203e-01,-9.575448030131018806e-02,-3.675280922228692237e-02,-5.774989261613943520e-02,-1.451186576614053592e-01,-1.535357078707263179e-01,8.590580100725957180e-02,-1.467857406368222317e-01,-2.250926953432888511e-02,-2.315891537985467763e-01,-1.964004209306560444e-01,-9.605577942862868202e-02,-7.749720031772841522e-02,-2.431406528573969716e-01,9.733810905286831294e-02,-3.423595277375936219e-02,2.805950867006630212e-01,-5.404768429433311205e-02,3.821877312738169996e-01,-1.073989017316664546e-01,2.824991665337052704e-01,-2.081161560249689124e-01,2.840235040761024746e-02,-1.235912576308044603e-01,-1.869161864288352293e-01,1.007032121604857196e-03,-1.912825337494931111e-01,-3.383793406892158379e-02,-4.275548186272597195e-02,-7.232403817449663264e-02,1.904113770042349663e-01,2.898296277981973756e-02,-4.042106460360891940e-01,4.972843899662859196e-02,-9.119101474304844301e-02,-1.682105404162450024e-01,-1.617390680244346901e-01,5.389198502144619540e-02,4.489594343127296071e-03,-2.840493224903306024e-01,6.798199153019358898e-02,-8.937225569861888264e-02,3.136257761375703668e-01,8.052979520775463418e-02,3.370067242380835881e-01,-7.552932739999899947e-02,7.057069305330404552e-02,-1.154750420195062161e-01,-3.709278903807552291e-02,-7.855818897028776782e-02,-1.034810574145784839e-01,-1.351525473980024243e-04,1.257784114864965719e-01,-6.426745656423853426e-01,-5.938223175791340971e-03,-3.777766270913391344e-01,-3.510985824880537981e-02,-2.863838398412007491e-01,-2.406638540531316414e-02,-4.009609868687292744e-01
0.000000000000000000e+00,0.000000000000000000e+00,0.000000000000000000e+00,0.000000000000000000e+00,0.000000000000000000e+00,0.000000000000000000e+00,0.000000000000000000e+00,0.000000000000000000e+00,0.000000000000000000e+00,0.000000000000000000e+00,0.000000000000000000e+00,1.000000000000000000e+00,-9.764610759167931253e-02,-8.255249506039664675e-01,9.072968211743255573e-02,1.000000000000000000e+00,3.877055721338957817e-01,3.601249296202743144e-01,-3.213488130349362870e-01,-3.288580943022428871e-01,-7.679278031341760236e-02,4.206249081614413937e-02,-6.820394515209234898e-01,6.413381412558740724e-01,-3.805998877606145414e-02,8.092716191371845946e-01,6.507429613800811419e-01,4.729149909100206495e-01,2.714577520109021647e-01,-6.436931745251954495e-02,-3.701263408051309600e-01,1.993024565431169848e-01,6.599947520428643966e-01,2.366040622290965512e-01,4.648529072282870378e-01,-8.831154713437572301e-01,4.533083634334058587e-01,2.095099718995219185e-01,5.883031336533065536e-01,-1.337274533277841571e-01,7.066006841131015070e-01,-8.402945065095046573e-02,2.701876521814908227e-01,-4.478384197310493753e-01,-1.595408536120658874e-02,1.958602416996837736e-01,7.202324118123577812e-02,4.897939108751289128e-01,-7.742302800364604387e-01,-8.037581946643991559e-02,9.749936761958714060e-01,5.249725997216140305e-01,2.590221856558028862e-02,7.413418353029289642e-01,7.021528624804616037e-01,-4.002996997042558847e-01,1.000000000000000000e+00,-8.168516896323034793e-01,-1.000000000000000000e+00,-2.526409818089896814e-02,5.900919719779074146e-01,6.143890733323891240e-01,-6.594164580860349956e-01,-5.469279630977994522e-01,1.000000000000000000e+00,7.756937816618388881e-01,7.329486628995746100e-01,5.220176514511927213e-01,-5.798424878658147152e-01,-2.778402577177059296e-01,6.975699865853285386e-01,-1.548578613984747665e-01,-3.973425429789311791e-01,4.536000397042870280e-01,-1.000000000000000000e+00,3.546197670306482364e-01,-8.496466874113535461e-02,4.745558958593363297e-01,-6.039197202493101768e-01,2.225267427912311913e-01,3.628957109483736954e-01,-1.000000000000000000e+00,5.667242323276397986e-01,1.809904644905607485e-01,2.744468184523855547e-01,-3.683340697537673125e-01,1.947975218494274185e-01,3.184391498728155745e-01,1.044326253036109986e-01,5.997085841271273532e-01,-9.736163714546731685e-01,-7.535749437781845694e-01,-3.292601892636221605e-01,1.478053982287757528e-01,3.866732019865937175e-01,-7.420454535852821776e-02,4.976465065554787626e-01,2.249998613212157161e-01,-2.318673500459832171e-01,7.388908326843388608e-01
0.000000000000000000e+00,0.000000000000000000e+00,0.000000000000000000e+00,0.000000000000000000e+00,0.000000000000000000e+00,0.000000000000000000e+00,0.000000000000000000e+00,0.000000000000000000e+00,0.000000000000000000e+00,0.000000000000000000e+00,0.000000000000000000e+00,0.000000000000000000e+00,1.000000000000000000e+00,-5.044408816099701237e-02,-2.934439562248599698e-01,1.356766172038487983e-01,-2.918055554593133039e-01,5.213703912903172588e-01,-7.919881297713571300e-01,5.844225139162922966e-01,-4.365523006056609145e-01,-7.247773833026194268e-01,-4.725836498689804481e-03,1.020531190013913014e-01,4.157788115692715586e-02,1.737543923892907183e-01,1.763575223603948972e-01,7.249867997923241381e-02,-3.939474047907539078e-01,-6.819040779127238938e-02,-4.043339322232482602e-01,-6.296158156822239116e-01,9.312214684214879801e-02,-6.484109512548341669e-02,9.826661468458838811e-02,-7.773331284055383650e-01,4.863974491617523710e-01,7.047105393873926982e-01,4.035011589176747404e-01,-8.673407120853400265e-01,-4.476598861297582665e-01,4.789664174717663814e-01,-3.357537090546991454e-01,6.596832891471275662e-02,-2.542008979980832084e-01,-1.037190356365835647e-01,-4.893403539959259585e-01,-3.181422640184622397e-01,-3.705341027647270358e-01,-4.034942850704744677e-01,9.392879770101018877e-02,-1.882878941542360518e-01,-1.493316750478003996e-01,-6.050766917088908903e-01,2.154353234041365139e-01,-8.184165654113941812e-01,2.677575836085079319e-01,7.774108959801789842e-01,-9.614414209963630942e-01,2.839042951082631702e-02,-4.171415995478882088e-01,-4.450746807680228123e-01,-1.524904705851646836e-01,7.142956040994133393e-02,-4.456690885882025888e-01,-2.379034037015857195e-01,1.310637612099191940e-01,1.186683800266184197e-01,2.352491419958320229e-01,-1.938747594071358327e-01,-2.870148325263662259e-01,4.415161673562163491e-01,-1.160836964447360675e-01,3.513195810183378232e-01,-9.301525337196498988e-01,-8.573476232355159432e-01,-4.814119305477289612e-01,7.155622628143529750e-03,8.249343983109681533e-01,-3.925839276562800850e-01,-2.112503358315478696e-01,-5.726746419868159466e-01,6.666989670480156782e-01,-2.986317562875533405e-01,8.723060909503405069e-02,-3.806423458661387649e-01,-4.430569325232924238e-01,-5.172608609661727419e-01,2.296843505098027372e-01,3.528252129435988094e-01,-1.811216628107150950e-01,1.324956768631531390e-01,1.000000000000000000e+00,3.916259883048863188e-01,-1.939381631358045033e-01,-5.951832375263809566e-02,-1.990657768534556948e-01,-7.700531136873687288e-01,-5.988493048095903104e-01,4.478968411814075457e-01
0.000000000000000000e+00,0.000000000000000000e+00,0.000000000000000000e+00,0.000000000000000000e+00,0.000000000000000000e+00,0.000000000000000000e+00,0.000000000000000000e+00,0.000000000000000000e+00,0.000000000000000000e+00,0.000000000000000000e+00,0.000000000000000000e+00,0.000000000000000000e+00,0.000000000000000000e+00,1.000000000000000000e+00,-1.418163183366541180e-01,-4.293065418661877186e-01,-1.095263358678463528e-01,2.024250076980907975e-01,-1.378362192938681341e-01,-9.027615185367361683e-02,-1.977442610409652080e-01,1.757556311829949758e-01,-2.421299794628168408e-03,-2.209001254373703094e-01,-1.224770369543016907e-01,-1.653128472742964594e-01,-1.054683617823265335e-01,-1.305031457088725866e-01,-7.393816953465418007e-02,-1.041051238264107670e-01,1.047490710695081761e-01,-1.012178870131794639e-01,-2.333485652685839962e-01,-2.431550766029564326e-01,-2.734060334285265403e-01,1.116792416252810616e-01,-1.734162772589864510e-01,-6.788240549448190664e-02,-1.087700648037519952e-01,-9.312744046682684684e-02,-3.101515159226572171e-01,-1.599114108311278371e-01,-2.074971916842459907e-01,-1.929381572038453008e-01,-8.249409137680790982e-02,-2.067524007793472840e-01,-9.245129146387975894e-02,5.852644968074888210e-02,1.841232855675696278e-01,-4.200841020213657434e-02,-4.511158895481845454e-02,9.344695611337331537e-03,1.615708873602455797e-01,-5.835254094941025316e-02,-4.095397198550606577e-01,3.797623730566544037e-02,-3.947677203790069256e-01,5.620298781505618513e-02,6.334988479472164480e-02,-2.647797215272704174e-01,-9.191609411285950326e-02,-1.151182047497027183e-01,2.394465061772256195e-02,1.593872217817956030e-02,-7.109396271929761812e-02,-2.374952863989759910e-01,-1.099855003326486863e-01,-2.396700141997271938e-01,8.683726584108278357e-02,-1.345607039293893470e-01,-2.423579823407678302e-01,-1.058525119009126048e-01,2.453363917170036518e-02,-2.592980243971607091e-01,2.695197610861296833e-01,3.165521482392885211e-04,-1.386293879264978712e-01,-2.531865221458725612e-01,6.206584338996894851e-02,-1.779199086949408842e-02,2.088810187115720252e-01,2.221404931276665939e-01,-2.697052185120226708e-01,-1.752698849990453889e-01,-1.254517254278432192e-01,-8.615699469083897000e-02,8.298260970522096380e-02,-5.674945341066498644e-02,-1.549108028657043001e-01,-2.044823170078135799e-01,-7.231441019808084771e-03,-1.715374043327692888e-01,-2.337678136332374534e-02,-9.134881319965949820e-02,-1.142934227259026631e-01,-1.595145338758522935e-01,-2.250159238048932697e-01,-1.969446617726102952e-02,9.166256970587052799e-02,2.119607284833958244e-02
0.000000000000000000e+00,0.000000000000000000e+00,0.000000000000000000e+00,0.000000000000000000e+00,0.000000000000000000e+00,0.000000000000000000e+00,0.000000000000000000e+00,0.000000000000000000e+00,0.000000000000000000e+00,0.000000000000000000e+00,0.000000000000000000e+00,0.000000000000000000e+00,0.000000000000000000e+00,0.000000000000000000e+00,1.000000000000000000e+00,-2.864994092471973564e-01,2.366470085636225851e-01,2.560212870803182938e-01,-3.348178397105296966e-01,-3.492901034120055037e-01,-2.966925791756106282e-02,-1.966225179937448331e-01,1.621141791484013717e-01,1.380775544697983581e-01,-6.050664288772507060e-01,1.979875864062934920e-01,2.788972053647248983e-01,6.043652414773361542e-02,-3.739073188978361828e-01,-1.679001515943404355e-01,-3.376746814712219342e-05,-5.644408952695934359e-03,-1.654965564327290639e-01,4.152592596038506279e-01,-5.096600158757054987e-03,3.408049521781194580e-01,-3.627552629023338415e-01,-3.998961810666328692e-02,1.459446888721357694e-01,2.041786557694082183e-01,9.161390884622461206e-02,-5.563207675286539755e-02,9.400264466330185420e-02,7.188815385084456819e-03,2.744486394539628615e-01,-1.802331715516955202e-01,-7.305880666146841174e-02,4.355044081480060614e-01,-4.156831760957723637e-02,-8.918291575344781952e-02,-1.802945878597722595e-02,-8.850325939014627719e-02,-4.147972170509009460e-01,-1.108201356458017039e-01,-5.911745449623172916e-02,4.547291610516376870e-01,1.527369820184907578e-01,-2.498989488576761585e-03,-4.206976696604795007e-01,4.751088740744886796e-02,3.238004931170213041e-01,1.176689252683640018e-02,1.497911446681821079e-01,-3.169107322412579447e-02,-9.745249380253016847e-02,-2.005801770555736691e-02,-1.470952400101123436e-01,-1.938036793695542201e-02,-3.666271651659738090e-02,-2.153142538816578133e-01,3.385260945614024242e-01,-2.527003299023135308e-02,-1.034081783148320943e-01,4.616820418232219642e-02,1.175699810631142539e-01,6.292692738058769386e-02,-5.548214200702594745e-02,9.519350271903276317e-02,-2.424548842466071052e-01,5.426724371366520999e-02,-2.804746815584448494e-01,3.311593559819331345e-01,3.610120465615473256e-02,1.063165791775117913e-01,8.842011064220173244e-01,-6.811504095743850518e-02,-2.186863564044156105e-01,3.023130840923879958e-01,-1.192332325531693937e-01,-1.662652931524228606e-01,6.045694320890425688e-01,7.785680481436950406e-02,8.429255626229091580e-02,1.952905254567744719e-01,-6.178582056153462260e-03,2.728215719143197160e-01,-3.975538956385970407e-02,9.118594179844645431e-02,3.284631479041586616e-02,2.205503206245846004e-01
0.000000000000000000e+00,0.000000000000000000e+00,0.000000000000000000e+00,0.000000000000000000e+00,0.000000000000000000e+00,0.000000000000000000e+00,0.000000000000000000e+00,0.000000000000000000e+00,0.000000000000000000e+00,0.000000000000000000e+00,0.000000000000000000e+00,0.000000000000000000e+00,0.000000000000000000e+00,0.000000000000000000e+00,0.000000000000000000e+00,1.000000000000000000e+00,-6.629225161990830173e-02,-1.918764048390556032e-01,-1.912019789578814910e-01,3.194784532884248907e-01,-1.466203877033384756e-02,-9.146155014497436841e-02,-3.630301687578434411e-01,1.706790377411356308e-01,5.613940947328445175e-01,1.383451419889856759e-01,-3.687615819956494706e-02,9.627288797921397523e-02,1.782903713626828313e-01,6.392659371307157778e-02,-9.378027000911703936e-02,1.025162758392764578e-01,4.591792614545653350e-01,-5.048453342792291049e-02,2.768081601632397803e-01,-6.003288145182299473e-01,4.212937257607932140e-01,3.612638557725977861e-01,1.466036200302416048e-01,1.076875564515622496e-01,2.410299517242805445e-01,1.472522872584021703e-01,1.061127732924100203e-01,2.572698912575165364e-01,-7.072925926200453184e-02,3.331004534574854570e-01,-1.570759976906313179e-02,-6.783718908930479186e-02,-2.753701840985335325e-01,7.647303220057803663e-02,1.508880468852638046e-01,1.059105369357974252e-01,9.187369652526403141e-02,2.897420597070111681e-01,3.071995414293801629e-01,-3.436434275133841143e-01,4.029657087569818996e-01,-1.532623983003623402e-01,3.081756613142886021e-03,2.211628154899962506e-01,-7.583572381058199981e-03,1.624208719463879347e-01,-2.493388020718727005e-01,-8.512937580669924231e-02,3.441026899991473931e-01,2.969295362156032514e-01,2.488100363153513961e-01,3.408465782223698559e-01,-1.329182254030446819e-01,1.146387726937655172e-01,7.765514776236688566e-02,-1.774135332616367383e-02,-5.891517362402543673e-02,2.740423827108101618e-01,-6.447944619621182039e-01,-1.111293422307149496e-02,1.017609510391459526e-01,2.290667939453529811e-01,-9.959212469496178319e-03,8.575487972038010540e-03,5.284786203496010665e-02,-6.432547180682511856e-01,1.759213941262145753e-01,2.603620332238523391e-02,-4.734957999921682870e-01,-4.506852634792947801e-03,2.903943176172682841e-02,-5.243611745010549191e-02,1.859553633658357075e-01,3.237110721024780702e-01,-5.012449248499460941e-01,-3.411447832478924774e-02,6.111909916809058797e-03,6.137977091886257647e-02,1.139734296850513223e-01,5.549537282148168243e-02,3.013876677068423882e-01,-4.341717828141709867e-02,-3.522419883793374562e-01,1.584847330286948131e-01
0.000000000000000000e+00,0.000000000000000000e+00,0.000000000000000000e+00,0.000000000000000000e+00,0.000000000000000000e+00,0.000000000000000000e+00,0.000000000000000000e+00,0.000000000000000000e+00,0.000000000000000000e+00,0.000000000000000000e+00,0.000000000000000000e+00,0.000000000000000000e+00,0.000000000000000000e+00,0.000000000000000000e+00,0.000000000000000000e+00,0.000000000000000000e+00,1.000000000000000000e+00,-3.729470661038273849e-01,7.170379749346783571e-01,-7.903689069566152137e-01,8.906670522486440644e-01,1.703097092927366163e-01,2.717779163379722140e-01,5.274966185565288512e-01,-3.026856955980351538e-01,5.430595414966161716e-01,7.613285064343473518e-01,4.331756212791291749e-01,1.628794775779592030e-01,3.607466898069963679e-01,1.476500707925392508e-01,1.654654788750401506e-01,3.300760267670937997e-01,6.363488128344866324e-01,1.196404420244138039e-01,4.369498116176672720e-01,-1.910276544835379786e-01,-8.272679229193716788e-01,1.738108394070848328e-01,-2.863590037965985102e-02,1.996827744971210461e-01,-1.905440312504922684e-01,5.568206761058589471e-01,-3.430551060255320750e-01,3.042273507517793130e-01,3.338303746457194077e-01,8.463551176410061272e-01,7.123118412611794126e-01,-2.201067994039722919e-01,1.176843121763354177e-01,1.908594315225760896e-01,-9.338129086303909032e-03,-4.819310304275926105e-01,6.026304221952663021e-01,2.466279323526746059e-01,5.062086657842974624e-01,4.575877020666738737e-01,-7.210366158759223820e-01,-4.619625207419022495e-01,4.018584026040707968e-01,1.000000000000000000e+00,6.068023021186712551e-01,2.654131684174637629e-01,-1.097961951450320967e-01,3.348108769192124634e-01,1.726989452428289162e-01,3.450914203649964040e-01,5.485534162731858787e-01,-4.876686867419076643e-01,3.605664323217797618e-01,7.832622732596007387e-01,3.589668111257896532e-01,2.869548044556992014e-02,4.293614136162551831e-01,-3.357432855314039788e-01,4.402482389196302193e-01,5.845915876160386881e-01,4.358060171995843390e-01,-7.288661363558817108e-01,6.551300590290473069e-01,-1.545280546738374838e-01,-1.220080101215242491e-01,-8.610507491248514667e-02,8.445012337203776642e-01,6.268128977121297796e-01,3.736434206024200622e-01,-1.369638851722907724e-01,4.751839761869709466e-01,1.981453422256483354e-01,3.952674364289577302e-01,4.230718764650188146e-01,9.551226456917052271e-03,-5.433408050243841991e-01,-3.870543074989264004e-02,5.090859759953346719e-01,7.652266092013463306e-01,3.996153440157164671e-01,1.066304023100985016e-01,4.788158421311559110e-01,2.759037096664053723e-01
0.000000000000000000e+00,0.000000000000000000e+00,0.000000000000000000e+00,0.000000000000000000e+00,0.000000000000000000e+00,0.000000000000000000e+00,0.000000000000000000e+00,0.000000000000000000e+00,0.000000000000000000e+00,0.000000000000000000e+00,0.000000000000000000e+00,0.000000000000000000e+00,0.000000000000000000e+00,0.000000000000000000e+00,0.000000000000000000e+00,0.000000000000000000e+00,0.000000000000000000e+00,1.000000000000000000e+00,-6.323197241520706058e-01,-3.043282617587594191e-02,-4.760378907789920011e-01,-1.427820270525656521e-01,-2.734166841043993990e-01,6.224686258915453768e-02,-4.050317218130609631e-01,9.924406679302312517e-02,2.062551680677856825e-01,6.560776975517049019e-03,-1.421361794720155114e-01,-2.402551943859941586e-01,-2.673876699737449125e-01,-7.578967660523290573e-02,-2.284645385670871220e-01,5.561703584487346502e-02,2.555123188065177436e-03,-1.272932562284170843e-01,1.018442242125940228e-01,3.197587015013972911e-01,2.314457576280318230e-01,-2.982037230744233880e-01,1.123013314220221714e-01,7.670436601505657703e-02,-1.446605672844280266e-01,-2.567466684970393098e-01,-2.180244939606328369e-01,-3.292339867715620150e-01,-3.497863592903711072e-01,1.249963467017765895e-02,-1.077320885775572279e-01,-1.539323916598433206e-01,2.950215432942328575e-01,2.925380960923856244e-01,1.505674280669438425e-01,-8.527431715515435343e-03,-6.451124198558737255e-02,-1.282499363785677415e-01,-5.274811414515861302e-02,1.712518238340020593e-01,-5.246363380012659672e-01,-2.074331830722144498e-01,-4.565713213737322695e-02,-1.234835374054788493e-01,-2.345205411501066761e-01,-1.966318465422217387e-01,1.903980603502605784e-01,1.624503043533981061e-01,9.487616034631717044e-02,-2.563021217454615197e-01,5.252998006768068440e-02,-3.714432612482405083e-01,-8.888007590411119152e-02,-1.226958422269312787e-01,-2.178959930547860468e-01,-2.678240294248201286e-02,1.129374686774975850e-01,-1.056441151169135589e-01,-3.069089370631634672e-01,-1.473221867355882231e-01,1.428896255436232499e-01,-1.959179214441747752e-01,1.726975204930051022e-01,-1.008907628302191661e-01,3.170256448386785109e-01,-1.898813864928053652e-01,5.074515847372840227e-01,-2.906103428499687280e-01,4.026592424154146893e-02,-5.434139478398918727e-02,-1.101107057190064548e-01,-3.369062710305052721e-02,-5.751756504207159761e-03,-3.026379161742544510e-01,1.001497943431354926e-01,-1.173288422888328908e-01,-1.263221011561879159e-01,-1.460892755712235869e-01,-1.915853385949451704e-01,1.430629585723810770e-01,-5.817315618635196528e-02,3.162976290410505209e-01
0.000000000000000000e+00,0.000000000000000000e+00,0.000000000000000000e+00,0.000000000000000000e+00,0.000000000000000000e+00,0.000000000000000000e+00,0.000000000000000000e+00,0.000000000000000000e+00,0.000000000000000000e+00,0.000000000000000000e+00,0.000000000000000000e+00,0.000000000000000000e+00,0.000000000000000000e+00,0.000000000000000000e+00,0.000000000000000000e+00,0.000000000000000000e+00,0.000000000000000000e+00,0.000000000000000000e+00,1.000000000000000000e+00,-1.196390927011485583e-01,5.074661012914728486e-01,2.187841473033140527e-01,2.780863345476204396e-01,4.629471038762824481e-02,2.425157446952815599e-01,-6.748807449531546432e-02,-2.370317159480420099e-02,1.135286601466378442e-01,3.576337877077719885e-01,3.133442989157942393e-01,1.688000243026102354e-01,2.336879514679980896e-01,3.771313066685442333e-02,1.479734161393921887e-01,6.286182112234779684e-02,4.048145259426512710e-01,-2.024052033885966398e-02,-5.120540301562547247e-01,-2.166819883982124550e-01,2.035662877874546417e-01,1.823448955048566633e-01,-2.546070564481276582e-02,2.642101938871757594e-01,2.489693703470096872e-02,1.762815787700666714e-01,2.688618469580099091e-01,4.794242955619377744e-01,-8.236558561302365078e-02,1.214314220515440856e-01,2.124007106311001092e-01,-4.021625407475625663e-02,-6.273623455170640462e-02,-2.587281087254781481e-02,1.822605948399895204e-01,2.353914009845873290e-01,2.240959577629543786e-01,1.144417524137431204e-02,-2.448272279578433686e-01,4.563900662694694854e-01,1.987681977270415734e-01,1.759687323871032272e-01,2.444436314631375229e-01,2.237569981222585214e-01,1.188527126652088317e-01,-8.190095677547680475e-02,8.396448067714440411e-02,8.195157478205702950e-02,1.517757198919114370e-01,-7.710481779904460042e-02,4.065354255230311242e-01,1.763706727806297336e-01,1.530101433187020521e-01,2.746760640032887557e-01,4.897805729826008869e-02,3.053674175900561449e-01,2.603974853530965361e-01,4.239881422922546217e-01,1.489093855458120119e-01,-1.482339276073812717e-01,2.132941916386846826e-01,-1.343622904959865250e-01,1.975058634510925837e-01,-7.747221582838943743e-02,3.516653072674466585e-01,-2.017790608219796611e-01,3.891465135754324511e-01,1.047824999676563312e-01,9.835833341720097434e-02,1.446815809653472784e-01,8.255645300785005580e-02,1.732636964713742400e-01,1.883971248322298120e-01,-3.366123330581028417e-01,1.581556590620599237e-02,1.958842132606858077e-01,1.154821438459939092e-01,1.700787218770442311e-01,1.522114217286789639e-01,3.482862370328966839e-01,-2.367016087828073823e-01
0.000000000000000000e+00,0.000000000000000000e+00,0.000000000000000000e+00,0.000000000000000000e+00,0.000000000000000000e+00,0.000000000000000000e+00,0.000000000000000000e+00,0.000000000000000000e+00,0.000000000000000000e+00,0.000000000000000000e+00,0.000000000000000000e+00,0.000000000000000000e+00,0.000000000000000000e+00,0.000000000000000000e+00,0.000000000000000000e+00,0.000000000000000000e+00,0.000000000000000000e+00,0.000000000000000000e+00,0.000000000000000000e+00,1.000000000000000000e+00,-2.780261888852472718e-01,-2.486071795778092008e-01,-1.785258479041039736e-01,-1.306803746468777339e-01,8.545023574218885143e-01,-3.370829763667825274e-01,-5.062785299883610923e-01,-8.515830399036958265e-02,9.305420253253247898e-02,3.621948487018733509e-02,-4.208227561240769632e-02,1.508465200210888819e-02,2.164541039651999010e-01,-3.221294481686249878e-01,1.851713677082295617e-01,-5.073045057789024037e-01,5.357332903149882863e-01,6.217029070481198127e-01,-1.394132060035396456e-02,-5.944460488632462292e-02,6.860157432864033566e-02,4.798027910440516020e-01,-1.604389750409413451e-01,6.674867967079816111e-01,-1.827795594194023265e-01,1.944820202713325730e-01,-3.684139041259238412e-01,-6.071108847876538483e-01,-1.623246360125937121e-02,6.449203785701564107e-02,-9.149986106327370750e-02,6.227611708130351836e-02,3.192572266326276220e-01,-2.519931075666633769e-01,1.815972455797457974e-01,-6.417695300091088573e-01,-3.969000396637716727e-02,5.424900476357603640e-01,5.157863946331062710e-01,1.973031456384648774e-01,-7.123544754500472642e-01,-2.933229044160975407e-01,-1.287661888931970200e-01,2.396204726915304173e-01,-1.601527804296936364e-01,5.953374490816251349e-03,-1.075379100486046485e-02,6.937874879420574681e-02,3.087067234350179268e-01,9.173971627053728595e-02,-5.588091265292248755e-01,6.933200222886148900e-02,1.961149471848627757e-01,1.257846163969472408e-01,-1.460668979459343320e-01,-4.482192781375299862e-01,-2.231240233575510976e-02,-5.348908783635793196e-02,7.461329201763023944e-01,-3.021173785156305303e-01,-7.079533997221212904e-02,-3.365649371580834992e-01,3.009813606990291435e-01,-3.416478683549530881e-01,-6.819599496639782155e-01,1.858557615256823878e-02,-9.301677936497836086e-02,-4.931186492400850274e-01,2.262365745827144559e-01,1.378342023636184299e-01,-3.961100397864126821e-01,2.914540076048159900e-01,5.922483321760798614e-01,3.686071964232086051e-01,-1.971241327034394253e-01,-1.455278341219621296e-01,-4.481127295219882595e-02,-1.730370856071309638e-01,-4.341138478398854361e-01,-6.814198778493690822e-02
0.000000000000000000e+00,0.000000000000000000e+00,0.000000000000000000e+00,0.000000000000000000e+00,0.000000000000000000e+00,0.000000000000000000e+00,0.000000000000000000e+00,0.000000000000000000e+00,0.000000000000000000e+00,0.000000000000000000e+00,0.000000000000000000e+00,0.000000000000000000e+00,0.000000000000000000e+00,0.000000000000000000e+00,0.000000000000000000e+00,0.000000000000000000e+00,0.000000000000000000e+00,0.000000000000000000e+00,0.000000000000000000e+00,0.000000000000000000e+00,1.000000000000000000e+00,2.595515681121687290e-01,3.426252141312350341e-01,1.819523019632750538e-01,2.279937934759794504e-01,8.502209567015889258e-02,6.076260585960840954e-02,1.957398749099943103e-01,2.417892701660087629e-01,4.010962531136604836e-01,2.891058612042831655e-01,1.479468975908125317e-01,4.014154265145113420e-01,2.327027184184801700e-01,1.036758471753943256e-01,2.231952627843672710e-01,-8.697253714381276979e-02,-5.672161248436846659e-01,-1.142600401695777479e-01,1.462834946260432589e-01,2.521363174210954350e-01,-4.008806776111304565e-02,3.725461521731075476e-01,1.910945816892191396e-01,1.994594403691482554e-01,3.863088584357239341e-01,6.647494575729566701e-01,1.228066016527805393e-01,2.802776316911219368e-02,2.109144508137595353e-01,-2.286843949939198761e-01,-6.376018041634107236e-02,-2.317884074390706428e-01,2.425590848802537391e-01,2.232912318916553396e-01,2.023497309028327307e-01,1.979283417277559742e-01,-3.339777189590598661e-01,6.008355975417856154e-01,4.027591712974447624e-01,3.608028055655657096e-01,3.078273473433364438e-01,2.929294998942804096e-01,1.317676238911711095e-01,7.874699257564526933e-02,-4.373534030534999111e-03,6.260281000760153924e-02,3.865875687017932272e-01,-2.120928754099717928e-01,4.704555141578853905e-01,3.194773528586891120e-01,2.683165182430019002e-01,1.631608077653146083e-01,2.339307213972618982e-01,-4.169775631776728025e-02,2.544678878470105210e-01,6.211117091554817504e-01,2.750679744203747279e-01,-3.535175636546237787e-01,4.103711976185061561e-01,-8.075970821271583056e-02,2.852077067863543688e-02,-2.123472671187816019e-01,5.014319201214063604e-01,1.768793957622865828e-02,4.685479253684617373e-01,-9.161962799122215506e-02,1.287044664422206108e-01,1.853018982829927885e-01,2.379755842879430205e-01,1.637254663767385154e-01,3.374529269975038992e-01,-2.863438314143083585e-01,6.803890983076914256e-02,3.206200897658773030e-01,3.715251394897471915e-01,3.077947574856561563e-01,-1.148126148586790796e-02,3.443912207692326755e-01,-2.502694473730699420e-01
0.000000000000000000e+00,0.000000000000000000e+00,0.000000000000000000e+00,0.000000000000000000e+00,0.000000000000000000e+00,0.000000000000000000e+00,0.000000000000000000e+00,0.000000000000000000e+00,0.000000000000000000e+00,0.000000000000000000e+00,0.000000000000000000e+00,0.000000000000000000e+00,0.000000000000000000e+00,0.000000000000000000e+00,0.000000000000000000e+00,0.000000000000000000e+00,0.000000000000000000e+00,0.000000000000000000e+00,0.000000000000000000e+00,0.000000000000000000e+00,0.000000000000000000e+00,1.000000000000000000e+00,-2.431191865445802569e-01,-9.196429355901132585e-02,1.523605833646347885e-01,-1.770129673529316494e-01,-1.578171188077676368e-01,2.614101607861328558e-02,5.440042810482386137e-01,1.946738595125389881e-01,3.743362490658209696e-01,4.228913311572300993e-01,3.324897557214462340e-01,-9.310726053820009285e-02,-1.316415767190824704e-01,3.378187267797599924e-01,-9.077155664908702348e-02,-5.938997118828696076e-01,-2.659851462873055183e-01,2.353653456084424667e-01,3.088132152276173992e-01,-2.421393653886986241e-01,1.876153537147197403e-01,-1.659365319016135598e-01,-5.175747419739519517e-02,2.281683491054924406e-01,4.966208141539976695e-01,4.763154255772678557e-03,2.807629021419600357e-01,4.406139133797933316e-01,-2.381488268965796865e-02,2.582130186886155698e-01,3.579930919768023467e-01,5.999367025722360802e-01,-1.776668990754783350e-01,1.364402386955760882e-01,-5.311442586426300405e-01,-4.482094594388096320e-01,7.386383930495582506e-01,6.849250552585377239e-02,-4.641801704406852552e-02,4.315689310527693334e-01,-6.973925770128701872e-03,2.629340755582823194e-02,5.875574903687069694e-01,6.363568425088032832e-02,1.370419365424969116e-01,-4.113743261707227677e-02,-1.713128554726405794e-01,3.679370400697097310e-01,-1.743365948951786648e-01,-1.663928620534828873e-01,2.948565930117216793e-01,-2.585810825850006212e-01,5.107812253532031388e-01,6.020966869018590240e-01,4.735056234603984282e-01,-1.501383299961084605e-01,-4.940473183711916461e-01,5.279082241938720665e-01,4.373217330776055789e-01,1.357067638513299590e-01,-7.601579029423353173e-01,1.515017017097702035e-01,-5.923811507736269633e-01,3.515130197244876187e-01,3.011479301985830470e-01,1.506954558139450284e-01,-6.638942048594446976e-02,2.092175189879952671e-02,-2.821176803770270580e-01,-1.287287785680009122e-01,-9.097706045536341213e-01,-1.496546735880475987e-01,1.788860039073768282e-01,2.009583244384277323e-01,1.775901496144200453e-01,5.689337787250556833e-01,5.356787721226673460e-01,-3.362029041321656919e-01
0.000000000000000000e+00,0.000000000000000000e+00,0.000000000000000000e+00,0.000000000000000000e+00,0.000000000000000000e+00,0.000000000000000000e+00,0.000000000000000000e+00,0.000000000000000000e+00,0.000000000000000000e+00,0.000000000000000000e+00,0.000000000000000000e+00,0.000000000000000000e+00,0.000000000000000000e+00,0.000000000000000000e+00,0.000000000000000000e+00,0.000000000000000000e+00,0.000000000000000000e+00,0.000000000000000000e+00,0.000000000000000000e+00,0.000000000000000000e+00,0.000000000000000000e+00,0.000000000000000000e+00,1.000000000000000000e+00,-2.249329339419042506e-01,-1.896361651830876655e-02,-2.208453072794656358e-01,-1.442422679874638125e-01,-8.820093999625686076e-02,-2.384660723135071658e-01,2.044762118434670095e-01,3.256437137172163432e-01,-1.676761955612794674e-01,-3.674170994600585716e-01,-9.116195014848417315e-04,-2.414866879321577731e-01,7.616145241040562786e-01,-5.874607951453604260e-01,-6.176346720371569399e-01,-3.963629112619070360e-01,3.045031436317931495e-01,-4.885681651468836151e-01,-1.560186406254873426e-01,5.015072401583092754e-02,2.442853274405691888e-01,4.652150785344230099e-01,-4.745119861470272621e-02,3.595946220113512837e-01,1.721696139268993342e-01,3.520636091500449760e-01,-7.561151084724888893e-02,-5.638346244731181622e-01,-5.393510523281991320e-01,-4.617783239981367305e-01,-5.015629410833868373e-01,-1.716264968899910703e-01,5.952680734338636759e-01,-3.375088762290047451e-02,5.692000044630880773e-02,7.404837685510841094e-01,7.355550194464956226e-02,3.298334202381573710e-01,-1.821632967911489265e-01,7.083263000784615349e-01,3.459272079008146039e-01,-9.368879339570543863e-01,-5.288593080600111351e-01,-4.643830019100310680e-01,6.860154471282259303e-02,1.360842234109374549e-01,1.585070105566027676e-01,1.929120521500413687e-01,2.945818413577110939e-01,1.875860834997035986e-01,-4.774757809650617690e-02,4.282648676854654002e-01,-8.914837663833595494e-02,2.412150961657600345e-01,9.069492506714810220e-02,6.068387177650830938e-02,1.977052329894009655e-02,-4.083882006851342616e-01,8.804688296300604566e-01,-1.638561086651793008e-01,2.766664089531160053e-01,4.267048080242936137e-01,3.070484993731777967e-01,-1.817253287851983701e-01,7.334412518230923328e-02,2.602103697421349893e-02,-3.328482589496959965e-01,8.664242708538439919e-01,5.121121130030125146e-01,3.069375174034930098e-01,7.973368327131256927e-02,2.109210264084850073e-02,3.769196781618144171e-02,-1.719495048659657188e-01,-3.906063234924822547e-01,3.239034476944797625e-01,-5.020592452042870191e-01
0.000000000000000000e+00,0.000000000000000000e+00,0.000000000000000000e+00,0.000000000000000000e+00,0.000000000000000000e+00,0.000000000000000000e+00,0.000000000000000000e+00,0.000000000000000000e+00,0.000000000000000000e+00,0.000000000000000000e+00,0.000000000000000000e+00,0.000000000000000000e+00,0.000000000000000000e+00,0.000000000000000000e+00,0.000000000000000000e+00,0.000000000000000000e+00,0.000000000000000000e+00,0.000000000000000000e+00,0.000000000000000000e+00,0.000000000000000000e+00,0.000000000000000000e+00,0.000000000000000000e+00,0.000000000000000000e+00,1.000000000000000000e+00,-2.643990384011246642e-01,8.208660567805852182e-01,9.449970310625976921e-01,7.526683765453545671e-01,3.540565123071940379e-01,3.264387296510042336e-01,-3.451496703410788514e-01,3.522609135588348206e-01,6.779541576218411914e-01,1.000000000000000000e+00,7.194072456510142155e-01,-1.672915621488757498e-01,5.864767085131215030e-01,-1.676000789380080180e-01,7.157916908876217343e-01,-4.039864088094644590e-01,1.000000000000000000e+00,4.352624016518979455e-01,6.874938404052222118e-01,-2.558017813587910583e-01,7.419943360590963710e-02,4.976448695226983743e-01,3.482421010974464104e-01,1.788043956844367899e-01,-7.615299178583874173e-01,1.289034194039290204e-01,8.564253607129124202e-01,4.433102465777054579e-01,-3.489684747730004144e-01,6.640869627755895399e-01,1.000000000000000000e+00,-1.943632895166773067e-01,9.342181903600812465e-01,-3.728251397197827610e-01,-1.000000000000000000e+00,6.292571287755212017e-01,4.405083576067802542e-01,6.557780960768017087e-01,-3.107214668446307559e-01,-2.504391070587859702e-01,8.093281509938886620e-01,8.591450417917873006e-01,8.776981445255606085e-01,6.504673721747501469e-01,-4.567501846071101990e-01,2.785716117816879334e-01,7.791828347213645145e-01,4.178355477528028494e-01,5.747839138730595487e-02,8.094780172541755636e-01,-7.746551759506989931e-01,2.314824142663611251e-01,3.793009103259443182e-01,6.251787152329476571e-01,-3.870540498286891284e-01,4.510551907360637602e-01,-3.830524752172914660e-01,-9.507738544743439268e-01,7.922666971878405962e-01,6.407526460258524681e-01,6.733020831551320695e-01,1.254462862233603204e-01,-2.517903698261445000e-01,3.037302132974445401e-01,4.291039242240042850e-01,9.288837818241169053e-01,-5.040472866069459906e-03,9.733977797575933677e-03,-2.690468016782602834e-01,5.323826027636495706e-01,4.845502957917586229e-01,7.729135553034969242e-01,6.180059130113371157e-01,4.129933911200663887e-01,9.692222554693724623e-02,8.501037134787373661e-01
0.000000000000000000e+00,0.000000000000000000e+00,0.000000000000000000e+00,0.000000000000000000e+00,0.000000000000000000e+00,0.000000000000000000e+00,0.000000000000000000e+00,0.000000000000000000e+00,0.000000000000000000e+00,0.000000000000000000e+00,0.000000000000000000e+00,0.000000000000000000e+00,0.000000000000000000e+00,0.000000000000000000e+00,0.000000000000000000e+00,0.000000000000000000e+00,0.000000000000000000e+00,0.000000000000000000e+00,0.000000000000000000e+00,0.000000000000000000e+00,0.000000000000000000e+00,0.000000000000000000e+00,0.000000000000000000e+00,0.000000000000000000e+00,1.000000000000000000e+00,-2.487604359812773946e-01,-3.124196152864702203e-01,2.447279585610073402e-02,3.072980254299336189e-01,2.350695080464126896e-01,2.149750934830744753e-01,2.017463574582620822e-01,2.978350348340517151e-01,-2.730009122355306905e-01,6.861077968182324738e-02,-1.416843355415538241e-01,2.773254963671904494e-01,2.625029064613694507e-02,-1.907523475820476488e-01,2.859857627940691760e-01,1.419582091004136046e-03,1.303358775783275691e-01,9.440644966786800041e-02,4.681959942538572728e-01,4.705544110187462326e-02,3.574543868302473282e-01,2.058222022800829665e-01,-9.481581333670292822e-02,6.691909518951036362e-02,2.155661688102165907e-01,-6.864583043595806622e-02,6.476865131996262237e-02,2.394919628768198694e-01,2.460586746039541972e-01,4.280644173990869050e-02,-1.969172581081997941e-01,3.203897648787854685e-02,-8.931283859060923369e-02,8.223662331417366245e-01,2.559975983871340399e-01,-4.715900257726756556e-02,1.046032484915269678e-01,1.045246736928430037e-01,1.849938508875310084e-01,9.264840055614978649e-04,1.652873055042999167e-02,9.721094911676735062e-02,3.058907052881617017e-01,2.449918508159336719e-02,2.860497426934787701e-01,-2.004648576192340215e-01,9.506911365236532518e-02,2.635518294748886436e-01,1.686449499976419020e-01,-6.536476068472811540e-02,4.889632642810203163e-03,4.155011699948685244e-01,1.139032202191603005e-01,2.420159549766144891e-01,1.033653852848050170e-01,8.923700240559777341e-02,-1.606406412009156737e-01,-2.098088116131315711e-02,7.809915066811430606e-02,-6.108017827635917607e-01,2.939947755968154164e-01,8.699221186274821993e-02,-1.574224549300468345e-01,2.630891273545826747e-01,1.724536455322460415e-01,-2.268005383744755299e-01,1.473207000948785483e-01,1.283404834507305414e-02,1.299097804902323017e-01,1.064605336719332690e-01,7.300723169665118695e-02,1.377344868294394786e-01,-4.428124218544224333e-02,-4.540594029027451850e-02,-1.452493269602473658e-01
0.000000000000000000e+00,0.000000000000000000e+00,0.000000000000000000e+00,0.000000000000000000e+00,0.000000000000000000e+00,0.000000000000000000e+00,0.000000000000000000e+00,0.000000000000000000e+00,0.000000000000000000e+00,0.000000000000000000e+00,0.000000000000000000e+00,0.000000000000000000e+00,0.000000000000000000e+00,0.000000000000000000e+00,0.000000000000000000e+00,0.000000000000000000e+00,0.000000000000000000e+00,0.000000000000000000e+00,0.000000000000000000e+00,0.000000000000000000e+00,0.000000000000000000e+00,0.000000000000000000e+00,0.000000000000000000e+00,0.000000000000000000e+00,0.000000000000000000e+00,1.000000000000000000e+00,1.000000000000000000e+00,5.072307012367401891e-01,-8.856847962905442517e-02,-5.476795196095810177e-03,-4.622695986009214275e-01,-1.513420936118304305e-01,4.561115440088010509e-01,7.280666722008343195e-01,4.056923389799054758e-01,-5.235284236247289558e-01,2.362710724758146641e-01,1.708117899706825633e-03,7.247699794171775789e-01,-5.677138213988298654e-01,4.217210415558279024e-01,4.040375600481100477e-02,3.000924612144832415e-01,-6.190294637679535361e-01,3.471861071135032284e-02,1.300682379776704478e-01,1.569061095583927368e-01,4.712646245200677875e-01,-7.718268664768322962e-01,-2.349977321364463412e-01,6.890520732085059219e-01,8.190303978730131829e-02,-5.098209800481758869e-01,3.061588483013497619e-01,7.130365387393257093e-01,-1.468580170101678462e-01,9.355761695534751121e-01,-4.071249326015564662e-01,-1.000000000000000000e+00,1.536462548616222556e-01,6.567299717171898310e-01,4.479299335282785344e-01,-3.832034415787107240e-01,-4.304388668396309514e-01,5.641851574035829930e-01,4.859424494064957245e-01,5.877721595901213014e-01,4.657291535070567368e-01,-4.919462740422127500e-01,-9.954982680520244043e-02,8.539238909110004050e-01,2.332366894248569522e-01,-3.740432591617338098e-01,5.416481494003647645e-01,-1.000000000000000000e+00,7.733113414833692190e-02,-1.753810789883792909e-01,4.733689589058307501e-01,-5.732209291358907333e-01,2.411098656852515287e-01,-1.776499868343356103e-01,-9.978605593231856252e-01,5.313261426902015083e-01,4.076550894620368237e-01,7.435015470699823936e-01,-2.970632541142190219e-01,-2.503506634281970622e-01,3.356745886372938248e-01,1.154020901985801512e-01,6.138201420117983531e-01,-2.172038441916166462e-01,-3.378926006715493591e-01,-2.847949221849552931e-02,2.044417393872714483e-01,3.353014607863240015e-01,3.908753521014157184e-01,4.062230668188542837e-01,-8.095199195301888695e-02,-1.666420455269268797e-01,8.261001105221071894e-01
0.000000000000000000e+00,0.000000000000000000e+00,0.000000000000000000e+00,0.000000000000000000e+00,0.000000000000000000e+00,0.000000000000000000e+00,0.000000000000000000e+00,0.000000000000000000e+00,0.000000000000000000e+00,0.000000000000000000e+00,0.000000000000000000e+00,0.000000000000000000e+00,0.000000000000000000e+00,0.000000000000000000e+00,0.000000000000000000e+00,0.000000000000000000e+00,0.000000000000000000e+00,0.000000000000000000e+00,0.000000000000000000e+00,0.000000000000000000e+00,0.000000000000000000e+00,0.000000000000000000e+00,0.000000000000000000e+00,0.000000000000000000e+00,0.000000000000000000e+00,0.000000000000000000e+00,1.000000000000000000e+00,4.461425760464337587e-01,6.117383186106069900e-04,5.770347036101928367e-02,-3.165494255753230068e-01,-1.197030004983014838e-02,9.478872364266265060e-02,7.321382610272221259e-01,2.244544423874471339e-01,8.131464105573184276e-02,1.457756503045408991e-01,-2.192668686185546001e-01,5.189721595607648119e-01,-4.722700089131227075e-01,2.515750799822333295e-01,6.042575911264371630e-02,3.202497900875597159e-01,-6.058622381844528393e-01,8.701890022891282939e-02,7.112422582924718406e-02,2.946434376564160407e-01,5.035173731140820674e-01,-4.784013289666028679e-01,-9.575716774444011092e-02,6.202660060467343195e-01,8.669315612660062620e-02,-3.624765322472565110e-01,3.657261506207022950e-01,4.120798195676742548e-01,1.376915435247596797e-01,4.941921833250352281e-01,-3.056869755481552708e-01,-1.000000000000000000e+00,1.845336827219579978e-01,7.471401266967417909e-01,4.282216252849593285e-01,-1.064727951218556179e-01,-2.767574922386066838e-01,3.465383403736200241e-01,3.558508579460635812e-01,5.086437928493109384e-01,2.900478380110547150e-01,-3.367555657014323911e-01,1.609544273041633305e-02,6.339062188049533475e-01,2.956494208928344136e-01,-1.082739249135805798e-01,4.340404669742397026e-01,-5.433919344726448886e-01,1.262913341545728596e-01,5.863097571725535417e-02,3.059325597469387814e-01,-3.391064431969539883e-01,3.070910290285157607e-01,-2.299939121219194971e-01,-4.878570129541510703e-01,4.071692142535149328e-01,5.194503720312139139e-01,7.773321068386929156e-01,-2.200269140480480556e-02,-1.962273932493125150e-01,3.309074566543987461e-01,1.572822856214123044e-01,4.436612213025155071e-01,2.346189972679171287e-01,-2.754413991277119278e-01,-1.707240244743996327e-01,1.497112108863730973e-01,2.891697963758749768e-01,5.894664760974471784e-01,2.096267982150884779e-01,1.033513488290123405e-01,1.252964256120970565e-01,7.676476836974249762e-01
0.000000000000000000e+00,0.000000000000000000e+00,0.000000000000000000e+00,0.000000000000000000e+00,0.000000000000000000e+00,0.000000000000000000e+00,0.000000000000000000e+00,0.000000000000000000e+00,0.000000000000000000e+00,0.000000000000000000e+00,0.000000000000000000e+00,0.000000000000000000e+00,0.000000000000000000e+00,0.000000000000000000e+00,0.000000000000000000e+00,0.000000000000000000e+00,0.000000000000000000e+00,0.000000000000000000e+00,0.000000000000000000e+00,0.000000000000000000e+00,0.000000000000000000e+00,0.000000000000000000e+00,0.000000000000000000e+00,0.000000000000000000e+00,0.000000000000000000e+00,0.000000000000000000e+00,0.000000000000000000e+00,1.000000000000000000e+00,6.179514729392369121e-01,5.687305468963328448e-01,-1.306551975387483799e-01,5.567803926415363369e-01,8.842778479716674189e-01,1.000000000000000000e+00,7.631992039790600479e-01,7.993261287966582640e-02,6.777070547105773501e-01,-4.778643466850763799e-01,6.512111274252284643e-01,-1.843661190459658095e-01,1.000000000000000000e+00,5.657127459484909693e-01,8.887041388857034319e-01,-7.654453370002058110e-02,3.563946771277161085e-01,7.667083172808466518e-01,6.748072398115481096e-01,3.158697026360099414e-01,-7.483898659489333083e-01,3.414971370139182616e-01,1.000000000000000000e+00,5.042238050884069178e-01,-3.436541540576143472e-01,8.948596700287102523e-01,1.000000000000000000e+00,-1.265919250199640245e-01,9.691557314412752033e-01,-4.895020017742430229e-01,-1.000000000000000000e+00,9.067127387288629325e-01,5.760179755241481292e-01,9.449289491343516589e-01,-9.842403925236511975e-02,-5.988818058431399916e-02,7.486898085475067743e-01,8.913809431151419327e-01,1.000000000000000000e+00,9.405872204114534840e-01,-4.768719573687474900e-01,5.101497946771555991e-01,8.297129855179676827e-01,6.443611314504326115e-01,4.776643161360469292e-01,1.000000000000000000e+00,-6.587310727975385083e-01,3.809190405646453725e-01,8.564590811499707135e-01,8.038404076678270505e-01,-3.069191369604959974e-01,7.552625843199859412e-01,-4.635933861401511091e-01,-8.947898809413267207e-01,7.979534442089748492e-01,8.992592085445421102e-01,6.376260077372268853e-01,4.463006444381311111e-01,-2.887711599841915611e-01,3.537837361879032638e-01,6.716907500620922233e-01,1.000000000000000000e+00,2.115296348157117146e-01,1.411135744189425389e-01,-2.750685170339597918e-01,1.000000000000000000e+00,6.755802868995386401e-01,1.000000000000000000e+00,7.132943177529572631e-01,5.243707319337086448e-01,3.317254657024522047e-01,1.000000000000000000e+00
0.000000000000000000e+00,0.000000000000000000e+00,0.000000000000000000e+00,0.000000000000000000e+00,0.000000000000000000e+00,0.000000000000000000e+00,0.000000000000000000e+00,0.000000000000000000e+00,0.000000000000000000e+00,0.000000000000000000e+00,0.000000000000000000e+00,0.000000000000000000e+00,0.000000000000000000e+00,0.000000000000000000e+00,0.000000000000000000e+00,0.000000000000000000e+00,0.000000000000000000e+00,0.000000000000000000e+00,0.000000000000000000e+00,0.000000000000000000e+00,0.000000000000000000e+00,0.000000000000000000e+00,0.000000000000000000e+00,0.000000000000000000e+00,0.000000000000000000e+00,0.000000000000000000e+00,0.000000000000000000e+00,0.000000000000000000e+00,1.000000000000000000e+00,5.086330510961658558e-01,8.279597199131369378e-02,6.806249086700641993e-01,4.495438338100562481e-01,1.363238135130072082e-01,3.517160358016259147e-01,2.457834333617174294e-01,5.434756650932449640e-01,-5.529628527689638418e-01,-1.330613660488711436e-01,1.431435804622123165e-01,8.124030340129434480e-01,1.835245940108126694e-01,4.904583985678467317e-01,-3.725684179093213810e-02,-7.467589208619422603e-02,5.893172367811277956e-01,5.875850279840491019e-01,-3.902621202306286174e-01,-3.556539985586648633e-02,5.111630230696221355e-01,4.292918699718179520e-01,4.707404783296111894e-01,4.705033847844668493e-01,8.167048126930487317e-01,6.477512055231426924e-01,-1.635292670513274760e-01,4.471248737688610780e-02,-4.937568750300930231e-01,3.770174324831349622e-01,3.971224553374179123e-01,-4.684993776481181232e-02,5.820329342673585815e-01,-1.164153251281123264e-01,1.053145226751865497e-02,6.386923666635270225e-01,6.180507772866477012e-01,5.994109435714656264e-01,3.131976654439475038e-01,-2.057313832891976835e-01,6.174799073218565360e-01,-1.589122738016135504e-03,1.211867928136227401e-01,4.641796808973649990e-01,2.241257237585627948e-01,2.514325154727646283e-01,4.905951697662187527e-01,6.965435783657034641e-01,2.131976288386372709e-01,-1.308734820804059451e-01,4.156836601175487034e-01,1.428769802007453793e-01,-3.442174641609564434e-01,9.330558851306119950e-02,4.171036932373717865e-01,-7.454556225175905659e-01,5.024378624710756913e-01,3.882045447983520359e-01,2.778787779682940356e-02,3.771714914420735143e-01,5.049960400016899609e-01,-3.954421757456090813e-01,-2.281290641267503128e-03,-8.586330849308595470e-01,-3.609068917146567024e-02,3.626074698737595803e-01,2.446060391214861240e-01,4.358454510084471267e-01,6.597230746849295224e-01,4.897253209365782234e-01,-2.159133185799749499e-01
0.000000000000000000e+00,0.000000000000000000e+00,0.000000000000000000e+00,0.000000000000000000e+00,0.000000000000000000e+00,0.000000000000000000e+00,0.000000000000000000e+00,0.000000000000000000e+00,0.000000000000000000e+00,0.000000000000000000e+00,0.000000000000000000e+00,0.000000000000000000e+00,0.000000000000000000e+00,0.000000000000000000e+00,0.000000000000000000e+00,0.000000000000000000e+00,0.000000000000000000e+00,0.000000000000000000e+00,0.000000000000000000e+00,0.000000000000000000e+00,0.000000000000000000e+00,0.000000000000000000e+00,0.000000000000000000e+00,0.000000000000000000e+00,0.000000000000000000e+00,0.000000000000000000e+00,0.000000000000000000e+00,0.000000000000000000e+00,0.000000000000000000e+00,1.000000000000000000e+00,3.977798798128113211e-01,5.718822121229888422e-01,8.076098633091627343e-01,4.793021578302775754e-01,4.119851498086766206e-01,5.315019162694930577e-01,4.545157046331934070e-01,-1.000000000000000000e+00,-1.973577986932017747e-01,1.541828229945018669e-01,6.497895904428684366e-01,3.529078448741009288e-01,8.259691601806170569e-01,3.447803973472572392e-01,2.584446134938089279e-01,1.000000000000000000e+00,1.000000000000000000e+00,-2.410410921096654002e-01,-3.157212342981231129e-02,6.076705428522726216e-01,3.194457543566744939e-02,6.768669509445329746e-02,-8.082255171007057815e-02,7.554236212479371604e-01,8.368106628683565917e-01,3.281754281941991896e-02,2.868227656407654202e-01,-4.585154757971480199e-01,6.579652579457332395e-01,9.995396381976671130e-01,2.624430230065575298e-01,6.955579501565346545e-01,4.401621246199543536e-01,3.637397423872328894e-01,1.944399457600128056e-01,3.222313583238883838e-01,6.170458470310383747e-01,8.819807208143696231e-01,-2.680587372414305891e-01,1.000000000000000000e+00,2.836178416324903195e-01,7.584256765029646630e-01,7.974259642923373637e-01,6.627794639763204820e-01,-8.925163802902344456e-02,3.726648071839088194e-01,1.000000000000000000e+00,5.701204528916949954e-01,-1.282346906722275637e-01,7.768161563222530930e-01,-3.559968813892418482e-01,-1.020037260408829527e-01,6.180289062667341420e-04,9.635797687234487485e-01,-6.490946649019114778e-01,9.961757515820273134e-01,-4.899624907398929252e-02,3.730957403552749574e-02,7.407520519816619409e-01,8.397883956792705495e-01,2.788001506955316566e-01,7.068697156418702887e-01,-5.742673125680629598e-01,3.208324096044277707e-01,6.299347621701838484e-01,9.070611096839334975e-01,6.668843606060567142e-01,2.325930167138453020e-01,6.542308963132318356e-01,-2.717882938513173641e-01
0.000000000000000000e+00,0.000000000000000000e+00,0.000000000000000000e+00,0.000000000000000000e+00,0.000000000000000000e+00,0.000000000000000000e+00,0.000000000000000000e+00,0.000000000000000000e+00,0.000000000000000000e+00,0.000000000000000000e+00,0.000000000000000000e+00,0.000000000000000000e+00,0.000000000000000000e+00,0.000000000000000000e+00,0.000000000000000000e+00,0.000000000000000000e+00,0.000000000000000000e+00,0.000000000000000000e+00,0.000000000000000000e+00,0.000000000000000000e+00,0.000000000000000000e+00,0.000000000000000000e+00,0.000000000000000000e+00,0.000000000000000000e+00,0.000000000000000000e+00,0.000000000000000000e+00,0.000000000000000000e+00,0.000000000000000000e+00,0.000000000000000000e+00,0.000000000000000000e+00,1.000000000000000000e+00,3.288421604827111433e-01,1.911093998268197647e-01,-2.501139253890449776e-01,-4.174018837665979254e-01,7.614016407519311747e-01,-5.871109029823226022e-01,-7.218997838812452050e-01,-6.416687922687462908e-01,1.000000000000000000e+00,-2.392205579307735697e-01,-2.815076764486408867e-01,2.027457435042199219e-01,7.384228655079255743e-01,5.583355124835472916e-01,4.152895642507697382e-01,6.806177218841383825e-01,5.387924670283241735e-01,6.344666096832159985e-01,4.830972126201486527e-01,-6.878786082693583159e-01,-2.369841295509952928e-01,-2.959256933610389731e-02,2.968643049265718425e-01,-7.225652531292184877e-01,7.351722763290378104e-01,-5.343523278072204175e-01,-3.390194111092543205e-01,1.000000000000000000e+00,3.369914378890553341e-01,2.991351435670602799e-01,2.366265600682028458e-01,7.779277381385514278e-01,5.280232954535466483e-01,-3.160474437977142670e-01,-5.676925933305886351e-01,-3.615773356076193434e-01,2.886842157188029279e-01,3.394968901896954633e-02,5.050487290909814186e-01,-1.574363361878520773e-01,5.165675874699088288e-02,6.353194564192470306e-01,-1.646582178517525252e-01,6.909100919431235832e-01,4.335796598070033037e-01,9.867251794692351030e-01,2.995478689765780720e-03,-2.215790366615551787e-01,6.053109617732181924e-01,2.176008050327732368e-02,9.142765708894596832e-01,-1.000000000000000000e+00,3.467153196128905379e-01,-5.585164956893582389e-01,7.793021991706133855e-01,-2.427606248627648886e-02,1.978594118989310535e-01,6.915570944245490181e-02,-2.888999852905868582e-01,6.179263843659990041e-01,4.807193319860507685e-01,-3.323015261834296186e-01,4.360967884623345725e-01,1.820999563515721398e-01,5.358327076883732110e-01,4.123230988209513476e-02,3.397900702045941052e-02,4.704973575136768837e-01,-3.836832400366559370e-01
0.000000000000000000e+00,0.000000000000000000e+00,0.000000000000000000e+00,0.000000000000000000e+00,0.000000000000000000e+00,0.000000000000000000e+00,0.000000000000000000e+00,0.000000000000000000e+00,0.000000000000000000e+00,0.000000000000000000e+00,0.000000000000000000e+00,0.000000000000000000e+00,0.000000000000000000e+00,0.000000000000000000e+00,0.000000000000000000e+00,0.000000000000000000e+00,0.000000000000000000e+00,0.000000000000000000e+00,0.000000000000000000e+00,0.000000000000000000e+00,0.000000000000000000e+00,0.000000000000000000e+00,0.000000000000000000e+00,0.000000000000000000e+00,0.000000000000000000e+00,0.000000000000000000e+00,0.000000000000000000e+00,0.000000000000000000e+00,0.000000000000000000e+00,0.000000000000000000e+00,0.000000000000000000e+00,1.000000000000000000e+00,2.679609175590777492e-01,4.761513706590294048e-01,3.854608969751709413e-01,7.238511648559939893e-01,2.659577020694998684e-01,-5.131973533709816016e-01,-1.252638682539847781e-01,7.027496474983893071e-01,1.000000000000000000e+00,2.046823249111296428e-01,6.565694719751318242e-01,2.805561340910578405e-01,2.504007990469405698e-01,5.221579200337369553e-01,4.828481526488156983e-01,-3.622062747062468335e-02,6.761261968748377704e-02,6.408440761186944279e-01,4.458649249498685685e-01,5.771218034956627774e-01,3.211303095330176327e-01,8.783694842959823834e-01,5.348716221145102256e-01,3.468013632515977163e-01,2.204914311018528819e-02,-5.218690567366568445e-01,5.316529052742990924e-01,5.088954449187055307e-01,1.116092309213810030e-01,6.443442082311461316e-01,4.182518067696652797e-02,7.925393699403869563e-02,6.484175931325361075e-01,7.268275909356600728e-01,4.404150074742546606e-01,2.429633263335479743e-01,-1.589939154028218171e-01,4.750815703259035905e-01,1.728137201998339312e-01,-6.493356165843547356e-02,5.770793365562106869e-01,1.931954541118690583e-01,8.298033424274938730e-01,7.115823348055474451e-01,8.766629990323666632e-01,2.582706371675418389e-01,-2.652788148712663663e-01,4.933295481567031016e-01,-9.940170878580949221e-02,9.510486483900401633e-02,7.080378460087066728e-02,4.607862997851161491e-01,-1.462731874927287457e-01,6.253366193570122356e-01,3.011037521487874846e-01,3.273108247434993734e-01,2.832034972750631652e-01,2.596132763399113252e-01,1.799495514714664901e-01,1.147589284542308435e-01,-9.454653396699613799e-01,3.400698983638303363e-01,3.333426674704061954e-01,4.960751133493736531e-01,4.077027133778555190e-01,1.000000000000000000e+00,5.699244966583889571e-01,-1.366794759244617432e-03
0.000000000000000000e+00,0.000000000000000000e+00,0.000000000000000000e+00,0.000000000000000000e+00,0.000000000000000000e+00,0.000000000000000000e+00,0.000000000000000000e+00,0.000000000000000000e+00,0.000000000000000000e+00,0.000000000000000000e+00,0.000000000000000000e+00,0.000000000000000000e+00,0.000000000000000000e+00,0.000000000000000000e+00,0.000000000000000000e+00,0.000000000000000000e+00,0.000000000000000000e+00,0.000000000000000000e+00,0.000000000000000000e+00,0.000000000000000000e+00,0.000000000000000000e+00,0.000000000000000000e+00,0.000000000000000000e+00,0.000000000000000000e+00,0.000000000000000000e+00,0.000000000000000000e+00,0.000000000000000000e+00,0.000000000000000000e+00,0.000000000000000000e+00,0.000000000000000000e+00,0.000000000000000000e+00,0.000000000000000000e+00,1.000000000000000000e+00,1.220971208001467023e-01,3.306836711742054957e-01,-5.362076374663334866e-01,3.925927287628586115e-01,-3.672541149405861988e-02,2.138749447006826898e-01,-4.975146909292695041e-02,5.278072756393166198e-01,2.406520784727636253e-01,2.882161745648090245e-01,2.846431365692281279e-01,-2.433750714668704920e-02,5.233925072365867015e-01,2.466880350477664852e-01,-4.736435841553310322e-02,-3.215485511481070424e-01,2.126574962216847275e-01,1.024903910223965153e-01,2.092356322828478887e-01,-3.982187908656289327e-02,4.036340392583565029e-01,5.106931969058599030e-01,-4.654836809539563691e-01,4.240363791006456773e-01,-1.853590639116604877e-01,-1.857453061612246714e-01,4.945121624871582910e-01,-1.553476989790756047e-01,3.461204175099947822e-01,-1.571699254632687448e-01,3.445876560192940447e-02,5.479283705340807220e-01,2.306499676133287047e-01,4.162987056611734404e-01,5.975004841196329686e-01,-2.420629538013186199e-01,3.128479382268035125e-01,4.475625521503147353e-02,2.466575044746932566e-01,1.207337187406021806e-01,4.418842239111711589e-01,-8.490549294603090269e-01,6.331549491997219559e-02,3.904666634477309550e-01,3.287108569726778229e-01,-1.919957717166116407e-01,4.032046758685373655e-01,9.694031350731455166e-02,-6.837905593670139393e-01,-1.159351571376535280e-02,1.748845881991091811e-01,-3.063401113657588382e-01,1.154242850625105954e-01,-1.487260258364179466e-01,-4.062972918424608004e-02,3.176113708119865375e-01,6.245909661589186257e-01,-4.701076035388755958e-01,1.964927579067941021e-01,-7.055201865603064060e-02,3.684222779811358595e-01,2.863579644603990726e-01,4.602519278139676207e-01,4.597882936229071293e-01,3.167132937337827168e-03,-6.037948228930910960e-02,-3.058574850835469802e-02
0.000000000000000000e+00,0.000000000000000000e+00,0.000000000000000000e+00,0.000000000000000000e+00,0.000000000000000000e+00,0.000000000000000000e+00,0.000000000000000000e+00,0.000000000000000000e+00,0.000000000000000000e+00,0.000000000000000000e+00,0.000000000000000000e+00,0.000000000000000000e+00,0.000000000000000000e+00,0.000000000000000000e+00,0.000000000000000000e+00,0.000000000000000000e+00,0.000000000000000000e+00,0.000000000000000000e+00,0.000000000000000000e+00,0.000000000000000000e+00,0.000000000000000000e+00,0.000000000000000000e+00,0.000000000000000000e+00,0.000000000000000000e+00,0.000000000000000000e+00,0.000000000000000000e+00,0.000000000000000000e+00,0.000000000000000000e+00,0.000000000000000000e+00,0.000000000000000000e+00,0.000000000000000000e+00,0.000000000000000000e+00,0.000000000000000000e+00,1.000000000000000000e+00,3.597575007361965005e-01,4.028515120287767814e-01,1.073260921907516346e-01,-2.101449242418905461e-01,3.275705210190704708e-01,3.155420405207610274e-02,7.196998058461645531e-01,2.934714358238990628e-01,4.680171798107380376e-01,-6.405601067528231274e-02,2.653340832516396519e-01,2.544559160792909114e-01,2.543641779241059830e-01,1.494363779152814431e-01,-2.699420407900531838e-01,1.689507580457875191e-01,3.388401594350917145e-01,5.767922554887670861e-02,-4.308933576296312129e-01,2.488111137681396634e-01,5.981416140273565496e-01,2.951132202718774744e-01,3.403732541836200776e-01,-3.152916741657049021e-02,-9.008734933695288216e-01,4.677637312263465685e-01,2.538470231571657298e-01,3.892610547246254660e-01,5.109490706399556076e-02,-7.718067288533106592e-03,1.882562573626328783e-01,4.176388013189444859e-01,3.593905448811684500e-01,2.232435160507836858e-01,-1.477538233745057383e-01,2.876825146591937554e-01,5.309975631829897402e-01,2.744825265985578744e-01,2.500526030881278783e-01,3.695129746252065472e-01,6.464739741341656021e-02,2.223872271581500137e-01,3.365117367458747566e-01,3.441594799508411184e-01,-2.533644897707866273e-01,2.947300001637437328e-01,-5.852492478237034668e-01,2.541948648505104255e-02,3.423776482685654265e-01,4.762818426993761789e-01,6.323332346441903340e-01,2.703954482852929941e-01,-2.744186875452622187e-01,3.344294638792616459e-01,1.991373668048755929e-01,3.472698421025088300e-01,6.224623799634004806e-01,2.622897274727770678e-01,-1.958089862124825498e-01,5.608864880644641726e-01,2.362184157112682814e-01,6.809873217725337380e-01,3.009513459140220615e-01,3.929986549320664824e-01,1.754175085418547275e-01,5.636627524863324634e-01
0.000000000000000000e+00,0.000000000000000000e+00,0.000000000000000000e+00,0.000000000000000000e+00,0.000000000000000000e+00,0.000000000000000000e+00,0.000000000000000000e+00,0.000000000000000000e+00,0.000000000000000000e+00,0.000000000000000000e+00,0.000000000000000000e+00,0.000000000000000000e+00,0.000000000000000000e+00,0.000000000000000000e+00,0.000000000000000000e+00,0.000000000000000000e+00,0.000000000000000000e+00,0.000000000000000000e+00,0.000000000000000000e+00,0.000000000000000000e+00,0.000000000000000000e+00,0.000000000000000000e+00,0.000000000000000000e+00,0.000000000000000000e+00,0.000000000000000000e+00,0.000000000000000000e+00,0.000000000000000000e+00,0.000000000000000000e+00,0.000000000000000000e+00,0.000000000000000000e+00,0.000000000000000000e+00,0.000000000000000000e+00,0.000000000000000000e+00,0.000000000000000000e+00,1.000000000000000000e+00,-4.145458528586163927e-01,9.328762065315775454e-01,1.765995159516561275e-01,5.895234273712770534e-01,-1.622162993690921262e-01,1.000000000000000000e+00,7.319735873918358227e-01,6.775865002316271424e-01,2.231521919974302492e-01,-2.425885398211942087e-02,6.351664418107383359e-01,8.032387207462678147e-02,-4.997554885431961247e-01,-7.453752519981972080e-01,2.431583348502945330e-01,7.809650474649301177e-01,5.636463017899138173e-01,-9.795183030368426191e-02,4.922325241875062374e-01,1.000000000000000000e+00,-5.634783646543614077e-01,1.000000000000000000e+00,-1.121808754733358421e-01,-1.000000000000000000e+00,7.417125755953906108e-01,-2.240577682363274481e-01,4.973190825090625933e-01,-4.775022120455018615e-01,-1.492078139736998932e-01,7.859434403889863363e-01,1.000000000000000000e+00,8.444029106196275780e-01,6.129849229736588079e-01,-2.713549486678709655e-01,3.492371364976112336e-01,5.136396097944191386e-01,3.124531850577368375e-01,1.480360288934999546e-01,8.139170783134689335e-01,-6.482479266781741023e-01,1.046361141863790256e-01,3.602879450343334788e-01,6.604894965983486577e-01,-5.161052591964483682e-02,1.569725205620083053e-01,-4.392626952415582542e-01,-1.000000000000000000e+00,1.000000000000000000e+00,3.655584843884408519e-01,2.367372983498788608e-01,1.237460280464804108e-01,-1.232148184253888390e-01,5.463305013529099613e-02,5.339417986722500009e-01,9.583250374745917455e-01,-3.410855306458436265e-01,2.698545095157316442e-01,-1.361969725790271868e-01,6.160780379603065793e-01,3.704776115207525367e-01,4.180770167894698464e-01,7.025434050831098620e-01,5.440482571958760172e-01,-9.833687013772174357e-02,4.051274594423788233e-01
0.000000000000000000e+00,0.000000000000000000e+00,0.000000000000000000e+00,0.000000000000000000e+00,0.000000000000000000e+00,0.000000000000000000e+00,0.000000000000000000e+00,0.000000000000000000e+00,0.000000000000000000e+00,0.000000000000000000e+00,0.000000000000000000e+00,0.000000000000000000e+00,0.000000000000000000e+00,0.000000000000000000e+00,0.000000000000000000e+00,0.000000000000000000e+00,0.000000000000000000e+00,0.000000000000000000e+00,0.000000000000000000e+00,0.000000000000000000e+00,0.000000000000000000e+00,0.000000000000000000e+00,0.000000000000000000e+00,0.000000000000000000e+00,0.000000000000000000e+00,0.000000000000000000e+00,0.000000000000000000e+00,0.000000000000000000e+00,0.000000000000000000e+00,0.000000000000000000e+00,0.000000000000000000e+00,0.000000000000000000e+00,0.000000000000000000e+00,0.000000000000000000e+00,0.000000000000000000e+00,1.000000000000000000e+00,-3.437313242599173702e-01,-6.012133335526184119e-01,-2.591537385149122463e-01,3.611028221459518517e-01,7.903871323371905455e-02,-7.711548369040155393e-02,2.165597254026052909e-01,-1.850183808255734946e-02,2.966867661070245465e-01,9.688602556093259049e-04,3.075897396008326345e-01,1.272959876488880815e-01,3.187167835026225582e-01,2.008667186774570068e-01,-1.028631995179889180e-01,-8.830047868903412311e-02,-1.097386965208615450e-01,6.640560972837857012e-02,-9.866241869797033603e-02,6.466016221779097295e-01,-3.137313282331003483e-01,-9.476392553659665485e-02,3.986876717266747971e-01,1.237118784449984799e-01,2.336195890022049748e-01,1.208746486160398731e-01,4.031931188650303977e-01,1.721202701139108171e-01,-2.395789138279378616e-01,-5.664721885464220341e-02,-1.289181252746269823e-01,-1.160747927904412918e-01,6.598937828640150105e-02,1.967470432402748104e-01,9.778184764514809280e-02,6.243589221707741832e-02,3.372739682311308163e-01,-1.167191037542247428e-01,8.438678760614541918e-01,2.732407703952919875e-01,3.426678633115229355e-01,-2.455941323438088839e-02,-1.018206720701499146e-01,2.085655778643318303e-01,-2.802766934147973843e-01,7.725175287045440431e-01,-2.188840081531097659e-01,2.945764323561828602e-01,2.825788158426320029e-01,3.611123864137953943e-01,3.382185235228492293e-02,2.435529511561483895e-01,9.348020239373465564e-04,-2.331383658630913625e-01,7.672598318287454644e-01,2.206705339510126318e-01,-3.593313357488082116e-01,3.390735637919049111e-02,4.984019395938713709e-02,3.108584286338055835e-01,-7.446283688381200028e-02,3.580727053241652413e-01,5.022795246275885139e-01,-1.849939220506621740e-01
0.000000000000000000e+00,0.000000000000000000e+00,0.000000000000000000e+00,0.000000000000000000e+00,0.000000000000000000e+00,0.000000000000000000e+00,0.000000000000000000e+00,0.000000000000000000e+00,0.000000000000000000e+00,0.000000000000000000e+00,0.000000000000000000e+00,0.000000000000000000e+00,0.000000000000000000e+00,0.000000000000000000e+00,0.000000000000000000e+00,0.000000000000000000e+00,0.000000000000000000e+00,0.000000000000000000e+00,0.000000000000000000e+00,0.000000000000000000e+00,0.000000000000000000e+00,0.000000000000000000e+00,0.000000000000000000e+00,0.000000000000000000e+00,0.000000000000000000e+00,0.000000000000000000e+00,0.000000000000000000e+00,0.000000000000000000e+00,0.000000000000000000e+00,0.000000000000000000e+00,0.000000000000000000e+00,0.000000000000000000e+00,0.000000000000000000e+00,0.000000000000000000e+00,0.000000000000000000e+00,0.000000000000000000e+00,1.000000000000000000e+00,4.551862698338838831e-01,3.642540409296525228e-01,-4.629020338855099892e-01,5.982573501263553917e-01,5.736802595312441300e-01,1.877945403844412386e-01,1.086266670281911956e-01,-3.438791838267680756e-01,4.348667586202451529e-01,-4.088622736735732233e-02,-5.369618419230929307e-01,-4.567755897455976766e-01,1.543796741298966435e-01,5.763693085899214141e-01,4.220600178259587554e-01,3.605666543398934887e-01,4.013867949504948407e-01,7.581740373031313762e-01,-8.587790715985256229e-01,3.577788546841729200e-01,1.223447118426921609e-01,-4.605045418431239490e-01,3.888149132486169446e-01,-3.352605977131811188e-01,2.182740692729406018e-01,-4.664777161696773145e-01,-8.073782810630038276e-02,5.431481814813329256e-01,5.989167073104307848e-01,6.700140312879379056e-01,3.396690871279897106e-01,-5.918430287657479305e-02,2.790026386984048035e-01,-1.442641808952158655e-01,2.335138902904791702e-01,1.450592349693768934e-01,4.965436950895391055e-01,-5.889928744957291240e-01,-1.676647970831040835e-01,1.459115155011716791e-01,2.114765623661551408e-01,4.150720066717697998e-01,-9.231658638486874707e-03,2.340669305133932787e-02,-1.000000000000000000e+00,6.879512158487937068e-01,4.892724168742871443e-02,-5.455678795753063914e-01,5.362188358862857857e-02,1.552006509955215427e-02,-3.212439669993230051e-01,4.384927446193768175e-01,7.255318157455984407e-01,-7.080250197431504633e-01,-4.863552004710794407e-02,8.539672570227554993e-02,2.350195650279844062e-01,1.353483656788532774e-01,1.395342838675115715e-01,3.203546568717288712e-01,1.604531451185258195e-01,-2.790565372085032081e-01,4.132366144454369117e-01
0.000000000000000000e+00,0.000000000000000000e+00,0.000000000000000000e+00,0.000000000000000000e+00,0.000000000000000000e+00,0.000000000000000000e+00,0.000000000000000000e+00,0.000000000000000000e+00,0.000000000000000000e+00,0.000000000000000000e+00,0.000000000000000000e+00,0.000000000000000000e+00,0.000000000000000000e+00,0.000000000000000000e+00,0.000000000000000000e+00,0.000000000000000000e+00,0.000000000000000000e+00,0.000000000000000000e+00,0.000000000000000000e+00,0.000000000000000000e+00,0.000000000000000000e+00,0.000000000000000000e+00,0.000000000000000000e+00,0.000000000000000000e+00,0.000000000000000000e+00,0.000000000000000000e+00,0.000000000000000000e+00,0.000000000000000000e+00,0.000000000000000000e+00,0.000000000000000000e+00,0.000000000000000000e+00,0.000000000000000000e+00,0.000000000000000000e+00,0.000000000000000000e+00,0.000000000000000000e+00,0.000000000000000000e+00,0.000000000000000000e+00,1.000000000000000000e+00,2.482503027724310141e-01,-1.897347890229442169e-01,-1.147950371969484323e-01,2.107763346507849911e-01,-3.495234850933500170e-01,2.338511866729029443e-01,-2.467413568157252324e-01,-2.218662752137152416e-01,-6.363856737277620024e-01,-1.636081220146576587e-01,-1.918764224536136931e-01,-2.262138810969537284e-01,5.119341098058639156e-02,5.383111506703716631e-02,1.359978504084956297e-01,-3.177089929469901208e-01,-1.001421112817371534e-01,-5.070360881103745943e-01,1.022890731488609734e-01,4.652159672592676709e-01,-2.037666156874874679e-01,-1.896292397695013843e-01,-3.711184214019740413e-01,-3.438243992617994182e-01,-3.515805835920641220e-01,-1.010689803410476650e-01,-2.557884426668900757e-02,1.122823020911384480e-02,-8.266887720103507919e-02,-1.834725282178938099e-01,1.815844078758804825e-01,-3.870781856954976785e-01,-2.577857462529408172e-01,-1.961158642445439138e-01,-2.956023856414147222e-01,-9.034857625127373781e-03,-3.507075209448204389e-01,-4.112513546224559891e-01,-4.721340870926793998e-01,-1.279517542406515829e-01,4.311680202950994856e-01,-4.648426828085917561e-01,9.468029215466672310e-02,-4.327028109512283671e-01,3.599558919068884255e-01,-4.882316224672516025e-01,-2.778598798601955577e-02,-3.774378445612490696e-01,-1.044495890942488819e-01,-2.718131592337959535e-01,-9.058819754502617227e-02,-4.951289092559683219e-02,-4.273741808020902200e-01,-1.613268643341868036e-01,5.992158177660962259e-01,1.517109774453423710e-01,-2.705963335742430642e-01,-3.582168351323654076e-01,-1.617301377440128474e-01,-2.556785154311966290e-01,-6.601505481741606340e-01,3.646194025467814903e-01
0.000000000000000000e+00,0.000000000000000000e+00,0.000000000000000000e+00,0.000000000000000000e+00,0.000000000000000000e+00,0.000000000000000000e+00,0.000000000000000000e+00,0.000000000000000000e+00,0.000000000000000000e+00,0.000000000000000000e+00,0.000000000000000000e+00,0.000000000000000000e+00,0.000000000000000000e+00,0.000000000000000000e+00,0.000000000000000000e+00,0.000000000000000000e+00,0.000000000000000000e+00,0.000000000000000000e+00,0.000000000000000000e+00,0.000000000000000000e+00,0.000000000000000000e+00,0.000000000000000000e+00,0.000000000000000000e+00,0.000000000000000000e+00,0.000000000000000000e+00,0.000000000000000000e+00,0.000000000000000000e+00,0.000000000000000000e+00,0.000000000000000000e+00,0.000000000000000000e+00,0.000000000000000000e+00,0.000000000000000000e+00,0.000000000000000000e+00,0.000000000000000000e+00,0.000000000000000000e+00,0.000000000000000000e+00,0.000000000000000000e+00,0.000000000000000000e+00,1.000000000000000000e+00,-8.890556911371571003e-01,7.558666082408075360e-01,4.372797799771996341e-01,1.568658649579474096e-01,-4.229846458423074385e-01,-2.385213663794955585e-01,7.833445433346394871e-03,-4.100455920815817001e-01,1.546739407221363882e-01,-9.018939782715185149e-01,-2.746057569671099263e-01,8.837202623753351860e-01,4.311540216975653372e-01,-2.779815757395427411e-01,1.717732204950996877e-01,7.701431055693459538e-01,-6.143767105003881124e-01,8.287691930421994257e-01,1.099862024152210710e-01,-1.000000000000000000e+00,1.623734762929216202e-01,5.051079369325611745e-02,1.834052477223506172e-01,-6.587338162508851180e-01,-4.197161051607273818e-01,7.409724920849604102e-01,6.190899548396299190e-01,6.952104097061866383e-01,2.915161695845197021e-01,-2.776508066600363867e-01,-3.469159151706715516e-01,4.546650819221136897e-01,1.971750956402461008e-01,-3.728104167316124151e-01,6.060155717943522813e-01,-1.000000000000000000e+00,-2.358665868425202927e-01,-3.929224262009415880e-01,3.103796081540046714e-01,-8.156232391778961421e-02,1.242424134489977100e-02,-1.558277044322019800e-01,-1.000000000000000000e+00,8.868196395213712169e-01,2.776032786918867720e-02,8.232484268350843681e-01,-5.159169999605758283e-01,-3.870111332466709131e-01,5.972305974030541614e-02,1.457838076261234739e-01,7.384386948252735783e-01,-3.630248553861153971e-01,-3.150799087505727902e-01,3.569847387581593368e-01,5.354795989212509655e-01,1.239429550721460604e-01,3.626389166415796006e-01,2.599266960514456382e-01,2.688094025709965654e-02,-4.344802700665166273e-01,1.000000000000000000e+00
0.000000000000000000e+00,0.000000000000000000e+00,0.000000000000000000e+00,0.000000000000000000e+00,0.000000000000000000e+00,0.000000000000000000e+00,0.000000000000000000e+00,0.000000000000000000e+00,0.000000000000000000e+00,0.000000000000000000e+00,0.000000000000000000e+00,0.000000000000000000e+00,0.000000000000000000e+00,0.000000000000000000e+00,0.000000000000000000e+00,0.000000000000000000e+00,0.000000000000000000e+00,0.000000000000000000e+00,0.000000000000000000e+00,0.000000000000000000e+00,0.000000000000000000e+00,0.000000000000000000e+00,0.000000000000000000e+00,0.000000000000000000e+00,0.000000000000000000e+00,0.000000000000000000e+00,0.000000000000000000e+00,0.000000000000000000e+00,0.000000000000000000e+00,0.000000000000000000e+00,0.000000000000000000e+00,0.000000000000000000e+00,0.000000000000000000e+00,0.000000000000000000e+00,0.000000000000000000e+00,0.000000000000000000e+00,0.000000000000000000e+00,0.000000000000000000e+00,0.000000000000000000e+00,1.000000000000000000e+00,1.866040504396385413e-01,-1.234237617284629773e-01,1.778699930213960279e-01,5.306352387222776912e-01,4.742846209199199081e-01,1.871405662602452225e-01,2.247244674094545092e-01,3.021044816463348548e-01,2.792459153895153756e-01,2.827470258477787768e-01,-2.331751375934760229e-01,-1.018789379124178246e-01,-5.447891760441192499e-02,1.743204902024420577e-01,-1.461160155645148118e-01,5.802742485735891131e-01,-3.455304462716664998e-02,-2.458052890108279598e-01,1.000000000000000000e+00,1.744204811314279957e-01,2.076780349333268161e-01,1.957480617882640384e-01,3.489101249144226369e-01,2.043464991051285595e-01,-1.823122601311704949e-01,-2.217874048508153631e-02,-2.087577382065933518e-01,1.089476159098801689e-01,3.051004721418969917e-02,1.450249563630152949e-01,1.220423751664389406e-01,-1.676918423327097563e-01,3.094828533332986686e-01,-7.877167109381998100e-02,5.431203977033435271e-01,3.543450873776701759e-01,4.948452557825916975e-01,1.398846921625536421e-01,-1.684768186389044020e-01,1.687071129214896825e-01,-1.466921067565399306e-01,5.689442848544024045e-01,-3.187539372382686698e-01,1.548600504590806615e-01,-8.401152240548072359e-02,3.791994227893014102e-01,1.001821019074122660e-01,2.834771640515328928e-01,1.293904606595219428e-02,-2.767952545876871673e-01,4.410223893527391859e-01,2.210418141921785817e-01,-2.565404749010433139e-01,3.206614509905776900e-01,8.737844560399829485e-02,1.496638253281416253e-01,8.554996521070336313e-02,2.435382178604590109e-01,1.389890929856249513e-01,-1.915175205050120288e-01
0.000000000000000000e+00,0.000000000000000000e+00,0.000000000000000000e+00,0.000000000000000000e+00,0.000000000000000000e+00,0.000000000000000000e+00,0.000000000000000000e+00,0.000000000000000000e+00,0.000000000000000000e+00,0.000000000000000000e+00,0.000000000000000000e+00,0.000000000000000000e+00,0.000000000000000000e+00,0.000000000000000000e+00,0.000000000000000000e+00,0.000000000000000000e+00,0.000000000000000000e+00,0.000000000000000000e+00,0.000000000000000000e+00,0.000000000000000000e+00,0.000000000000000000e+00,0.000000000000000000e+00,0.000000000000000000e+00,0.000000000000000000e+00,0.000000000000000000e+00,0.000000000000000000e+00,0.000000000000000000e+00,0.000000000000000000e+00,0.000000000000000000e+00,0.000000000000000000e+00,0.000000000000000000e+00,0.000000000000000000e+00,0.000000000000000000e+00,0.000000000000000000e+00,0.000000000000000000e+00,0.000000000000000000e+00,0.000000000000000000e+00,0.000000000000000000e+00,0.000000000000000000e+00,0.000000000000000000e+00,1.000000000000000000e+00,2.419452771330359853e-01,3.219281472350949413e-01,8.393357884352356524e-02,3.775407316985748829e-02,1.942847653930285523e-01,9.017946818131283848e-03,-1.410427018010599609e-01,-1.899703899533630447e-01,1.975853601285197936e-01,3.527657156903828972e-01,4.400088325658370048e-01,7.353327114103531958e-02,2.960507984161566686e-01,5.651270064188984588e-01,-3.212117892072751529e-02,2.802935239310248017e-01,-1.117030186249849399e-01,-3.372317045513014699e-01,2.326103194895933479e-01,-1.810233680835218462e-01,2.480954068475869911e-01,-1.584309366170225108e-01,-6.206742801676978089e-02,4.602587807438676681e-01,5.093186480683596917e-01,3.327631225305221485e-01,1.196060956281678883e-01,-1.005448700425497360e-01,5.529896660140425080e-02,1.678364977192812191e-01,8.507992802584516019e-04,1.310531115364133026e-01,2.066271032704452004e-01,1.039195853247861095e-01,2.386927522729418993e-01,2.920146473015215460e-01,1.961033876542052079e-01,-1.335988808336017186e-01,1.545206538410657249e-01,-5.981471440718361121e-02,-1.909571967646283563e-01,2.983921131048863917e-01,1.244102016715446651e-01,2.291468778221923686e-01,9.891256526248619341e-02,4.404143391669901320e-02,1.288441927831456557e-01,1.313183047867642339e-01,2.971330812620831541e-01,4.658930897722125299e-03,7.604272024027491916e-02,-3.011141625786531995e-01,3.723076989008947124e-01,1.599776008200382016e-01,1.803221088643324754e-01,2.344967602057924927e-01,4.735401145526442201e-01,2.005281256250406596e-01,1.084029027837771775e-01
0.000000000000000000e+00,0.000000000000000000e+00,0.000000000000000000e+00,0.000000000000000000e+00,0.000000000000000000e+00,0.000000000000000000e+00,0.000000000000000000e+00,0.000000000000000000e+00,0.000000000000000000e+00,0.000000000000000000e+00,0.000000000000000000e+00,0.000000000000000000e+00,0.000000000000000000e+00,0.000000000000000000e+00,0.000000000000000000e+00,0.000000000000000000e+00,0.000000000000000000e+00,0.000000000000000000e+00,0.000000000000000000e+00,0.000000000000000000e+00,0.000000000000000000e+00,0.000000000000000000e+00,0.000000000000000000e+00,0.000000000000000000e+00,0.000000000000000000e+00,0.000000000000000000e+00,0.000000000000000000e+00,0.000000000000000000e+00,0.000000000000000000e+00,0.000000000000000000e+00,0.000000000000000000e+00,0.000000000000000000e+00,0.000000000000000000e+00,0.000000000000000000e+00,0.000000000000000000e+00,0.000000000000000000e+00,0.000000000000000000e+00,0.000000000000000000e+00,0.000000000000000000e+00,0.000000000000000000e+00,0.000000000000000000e+00,1.000000000000000000e+00,3.005991600451849433e-01,6.191640015975199418e-01,-4.969916043218045726e-02,4.605619760759672721e-01,-2.173437413602464507e-01,-6.722696076074567983e-01,-3.709969343162280442e-01,2.274600004711203327e-01,3.634682191973503951e-01,2.912865822725640430e-01,7.077498339516229142e-03,-2.797498703168167788e-02,9.680621214322433499e-01,-6.567365691630009383e-01,3.193794392466447474e-01,7.125607813748955355e-01,-5.565898379845714006e-01,7.556093073734531096e-01,-7.193586583582760596e-01,4.720897969318976067e-02,-1.372374102749177593e-01,2.617799917153093014e-01,7.865339631212878158e-02,4.853863622947465206e-01,5.213875405779695438e-01,3.460379718982494746e-01,2.225622920291687179e-01,3.486880354367307144e-01,-2.218250735979039878e-01,5.085751788946651919e-01,4.943993987330965734e-01,6.449866587082577762e-01,-2.260065237859956722e-01,-3.973888318193498637e-01,3.234575492550346154e-01,2.864280953779886896e-01,7.531313347381014545e-01,-1.945366318995508936e-02,-5.764231150710762419e-01,-4.517699666303211514e-01,8.738537761457072506e-01,6.250395945536144082e-02,6.292082729373722760e-02,2.295560489763797396e-01,-4.134715923350427147e-01,-3.381776994816130255e-01,5.659829127111095648e-01,6.969997281053003091e-01,1.693296655657618166e-01,6.049104970705111439e-01,5.756513276399778389e-01,1.000000000000000000e+00,3.243129238638560452e-02,5.800057793069437473e-01,2.244170110812350183e-01,2.081484974700250068e-01,-2.248423292318490474e-01,4.321473268781271249e-01
0.000000000000000000e+00,0.000000000000000000e+00,0.000000000000000000e+00,0.000000000000000000e+00,0.000000000000000000e+00,0.000000000000000000e+00,0.000000000000000000e+00,0.000000000000000000e+00,0.000000000000000000e+00,0.000000000000000000e+00,0.000000000000000000e+00,0.000000000000000000e+00,0.000000000000000000e+00,0.000000000000000000e+00,0.000000000000000000e+00,0.000000000000000000e+00,0.000000000000000000e+00,0.000000000000000000e+00,0.000000000000000000e+00,0.000000000000000000e+00,0.000000000000000000e+00,0.000000000000000000e+00,0.000000000000000000e+00,0.000000000000000000e+00,0.000000000000000000e+00,0.000000000000000000e+00,0.000000000000000000e+00,0.000000000000000000e+00,0.000000000000000000e+00,0.000000000000000000e+00,0.000000000000000000e+00,0.000000000000000000e+00,0.000000000000000000e+00,0.000000000000000000e+00,0.000000000000000000e+00,0.000000000000000000e+00,0.000000000000000000e+00,0.000000000000000000e+00,0.000000000000000000e+00,0.000000000000000000e+00,0.000000000000000000e+00,0.000000000000000000e+00,1.000000000000000000e+00,1.818706471164330818e-01,4.470195782329742795e-01,8.406921645772049700e-01,9.195649392339450001e-01,2.314993741817160944e-01,-2.640491222062846255e-01,5.760077071790014047e-01,4.688165766376412580e-01,3.351767216012345174e-01,-2.643548508220632809e-01,9.402194114041323436e-01,9.747181742771336976e-01,4.557179848317835513e-01,5.874682084389086789e-01,-6.693737236587542494e-01,-1.321194730454366972e-01,9.259235954613577180e-01,6.150022497295999369e-01,8.953783795834504566e-01,2.246201677237597005e-01,7.404015939271711699e-02,6.032502572922103790e-01,7.704331942683607659e-01,6.905053227546861239e-01,7.477691627455036461e-01,-4.182977410963236720e-01,7.811847256795858563e-01,7.701792611956103096e-01,4.300579157335457370e-01,5.627741925074778440e-01,6.842557353458988967e-01,8.801262508253181183e-02,6.766994805978155947e-01,1.000000000000000000e+00,6.785417519386651719e-01,-5.486731898679070296e-01,7.913628731501127778e-01,-4.911588686929379000e-01,-1.467967891955733184e-01,2.454520216380289277e-01,1.000000000000000000e+00,2.889004140377628982e-01,8.018706836048304920e-01,-6.802698102666565605e-02,4.983420006910914690e-01,5.354107735280865255e-01,7.185893648608643325e-01,5.554276083446750834e-01,4.080222888394324232e-01,-8.291416813472485270e-01,5.493460846042924617e-01,6.433207698905225591e-01,1.000000000000000000e+00,7.207382378816100665e-01,7.487502052639213312e-01,6.226285574690996194e-01,2.699411401381517361e-01
0.000000000000000000e+00,0.000000000000000000e+00,0.000000000000000000e+00,0.000000000000000000e+00,0.000000000000000000e+00,0.000000000000000000e+00,0.000000000000000000e+00,0.000000000000000000e+00,0.000000000000000000e+00,0.000000000000000000e+00,0.000000000000000000e+00,0.000000000000000000e+00,0.000000000000000000e+00,0.000000000000000000e+00,0.000000000000000000e+00,0.000000000000000000e+00,0.000000000000000000e+00,0.000000000000000000e+00,0.000000000000000000e+00,0.000000000000000000e+00,0.000000000000000000e+00,0.000000000000000000e+00,0.000000000000000000e+00,0.000000000000000000e+00,0.000000000000000000e+00,0.000000000000000000e+00,0.000000000000000000e+00,0.000000000000000000e+00,0.000000000000000000e+00,0.000000000000000000e+00,0.000000000000000000e+00,0.000000000000000000e+00,0.000000000000000000e+00,0.000000000000000000e+00,0.000000000000000000e+00,0.000000000000000000e+00,0.000000000000000000e+00,0.000000000000000000e+00,0.000000000000000000e+00,0.000000000000000000e+00,0.000000000000000000e+00,0.000000000000000000e+00,0.000000000000000000e+00,1.000000000000000000e+00,2.913342861424181307e-01,3.148850937972253461e-01,3.151408892283331237e-02,-5.011645441532257272e-02,1.529599752606256857e-01,2.275551908212249119e-01,-3.949828743302087886e-01,-9.953510139634705323e-02,-4.203320970580712301e-02,-1.175409375821463986e-01,7.531431657679893074e-03,-9.695248604421221467e-03,5.025394796572957984e-02,2.683358297643176904e-01,1.000000000000000000e+00,4.450801406065364452e-01,-2.120761764338527644e-01,-6.486582435623659826e-02,3.123421270693567120e-01,3.896900268449736138e-01,-3.138456864534291402e-01,-1.466201337219708856e-01,-2.024174500937286625e-01,2.803226151214582851e-01,2.041904252000290299e-01,2.192939627213170151e-01,-2.141850569713187602e-01,1.045318226828234193e-01,3.385234549456357378e-01,1.898683447657773526e-01,1.317154542597947786e-01,-1.359544558748446708e-01,4.911717014285280625e-01,1.524019101102752904e-01,3.664025443332228904e-01,2.993943879375398145e-02,-2.253083100969172359e-01,1.984011579709929196e-01,-4.266369070378692868e-02,3.363429602608550436e-04,-1.947264463111691990e-01,3.742134496105737895e-01,-2.135719947481913572e-01,-1.351655154901670319e-01,2.287294497365165713e-01,-1.165969366071757315e-02,2.392502696718707689e-01,5.522885312293818183e-01,4.091941706149900271e-01,6.264561480191449538e-01,-1.005432028395359181e-02,2.489797217762136083e-01,6.461948967986555492e-02,-1.073653379342490721e-01,-1.841154689163071734e-01,-1.725585052632086225e-01
0.000000000000000000e+00,0.000000000000000000e+00,0.000000000000000000e+00,0.000000000000000000e+00,0.000000000000000000e+00,0.000000000000000000e+00,0.000000000000000000e+00,0.000000000000000000e+00,0.000000000000000000e+00,0.000000000000000000e+00,0.000000000000000000e+00,0.000000000000000000e+00,0.000000000000000000e+00,0.000000000000000000e+00,0.000000000000000000e+00,0.000000000000000000e+00,0.000000000000000000e+00,0.000000000000000000e+00,0.000000000000000000e+00,0.000000000000000000e+00,0.000000000000000000e+00,0.000000000000000000e+00,0.000000000000000000e+00,0.000000000000000000e+00,0.000000000000000000e+00,0.000000000000000000e+00,0.000000000000000000e+00,0.000000000000000000e+00,0.000000000000000000e+00,0.000000000000000000e+00,0.000000000000000000e+00,0.000000000000000000e+00,0.000000000000000000e+00,0.000000000000000000e+00,0.000000000000000000e+00,0.000000000000000000e+00,0.000000000000000000e+00,0.000000000000000000e+00,0.000000000000000000e+00,0.000000000000000000e+00,0.000000000000000000e+00,0.000000000000000000e+00,0.000000000000000000e+00,0.000000000000000000e+00,1.000000000000000000e+00,3.429902604696257185e-01,5.420722680736151933e-01,7.756136174290341190e-01,1.201938763071428162e-01,2.322876575042354952e-01,-1.094763447324402506e-01,-4.713488400248854737e-01,-6.142753986501171548e-01,1.315166360500860318e-02,8.653948007990580615e-02,9.346717646992530604e-01,3.038839528233955867e-01,-2.913625838498530851e-01,4.687457640547581517e-01,4.376661352162157792e-01,7.425682211493782603e-01,4.135992167789482310e-01,7.110178799926123450e-01,3.733712050474770061e-01,-6.458674088165989868e-01,-1.669743160865963527e-01,-1.375187084406269689e-01,4.638054117269929666e-01,-3.588684223611766227e-02,2.754196238157386456e-01,6.137464280973922159e-01,2.281067745055789797e-01,5.570389187308616430e-01,2.237987462440107489e-01,2.959004502774283951e-01,3.266385026129282609e-01,7.259875300429161626e-01,4.527661562260776873e-01,-2.167987363550897550e-01,4.235121776223680912e-01,-7.001540838877148287e-01,6.520722841879532661e-01,-1.851329660639833841e-01,5.800237980249839387e-01,4.625104687887138799e-01,5.883715363728405645e-01,-2.831244233144751266e-01,5.258940012886459403e-01,1.932721417431805810e-01,-1.551721306533557221e-01,1.000000000000000000e+00,4.401454556702235066e-01,1.027879812618749528e-01,1.000000000000000000e+00,2.610627190201260106e-01,6.333155050806356101e-01,1.401095105113137063e-01,1.555104781920142211e-02,2.237825688687187509e-01,2.640047384168673350e-01
0.000000000000000000e+00,0.000000000000000000e+00,0.000000000000000000e+00,0.000000000000000000e+00,0.000000000000000000e+00,0.000000000000000000e+00,0.000000000000000000e+00,0.000000000000000000e+00,0.000000000000000000e+00,0.000000000000000000e+00,0.000000000000000000e+00,0.000000000000000000e+00,0.000000000000000000e+00,0.000000000000000000e+00,0.000000000000000000e+00,0.000000000000000000e+00,0.000000000000000000e+00,0.000000000000000000e+00,0.000000000000000000e+00,0.000000000000000000e+00,0.000000000000000000e+00,0.000000000000000000e+00,0.000000000000000000e+00,0.000000000000000000e+00,0.000000000000000000e+00,0.000000000000000000e+00,0.000000000000000000e+00,0.000000000000000000e+00,0.000000000000000000e+00,0.000000000000000000e+00,0.000000000000000000e+00,0.000000000000000000e+00,0.000000000000000000e+00,0.000000000000000000e+00,0.000000000000000000e+00,0.000000000000000000e+00,0.000000000000000000e+00,0.000000000000000000e+00,0.000000000000000000e+00,0.000000000000000000e+00,0.000000000000000000e+00,0.000000000000000000e+00,0.000000000000000000e+00,0.000000000000000000e+00,0.000000000000000000e+00,1.000000000000000000e+00,7.359482023501385806e-01,-2.711562218821858203e-02,-1.940029345525031979e-01,5.241572126304528956e-01,1.301274010035711748e-01,-2.185103192909124484e-02,-9.017791425631251079e-02,6.913489418103473394e-01,6.587516492857317107e-01,-5.677551181280381803e-02,3.734963997649968781e-01,-3.651516802782898696e-01,3.070025882338042744e-01,8.720750247689378343e-01,1.791953245751956025e-01,6.553054654160542780e-01,1.662141886678150660e-01,2.571613517963651230e-01,3.068641199417259102e-01,3.509041956605236101e-01,5.482240934666139376e-01,8.379907029654170003e-01,-2.415061600860112789e-01,9.111842217945033129e-01,2.634807646880930054e-01,4.616060662651085278e-01,6.340751111856532951e-01,5.839052485125955094e-01,-5.078559971413244556e-01,2.901840794715553340e-01,9.617787984184159589e-01,5.307266867632634000e-01,-1.468927451741411927e-01,6.186617415463585568e-01,-3.755338097676997333e-01,-4.326855507511055410e-01,-8.000254083016544726e-02,6.674482607971394810e-01,-8.622462403960854394e-01,7.173712804420666611e-01,-1.351197943309967453e-01,1.018205457420779947e-01,5.895132499802008264e-01,7.140688172000166922e-01,-1.582150309958746436e-03,4.810870931926694016e-01,-3.343398227525800070e-01,6.184436871906896505e-01,4.676854581019198043e-01,8.703256822457161590e-01,6.543419480002109490e-01,1.639926714390101126e-01,1.040287895813319097e-01,1.806927813517114623e-01
0.000000000000000000e+00,0.000000000000000000e+00,0.000000000000000000e+00,0.000000000000000000e+00,0.000000000000000000e+00,0.000000000000000000e+00,0.000000000000000000e+00,0.000000000000000000e+00,0.000000000000000000e+00,0.000000000000000000e+00,0.000000000000000000e+00,0.000000000000000000e+00,0.000000000000000000e+00,0.000000000000000000e+00,0.000000000000000000e+00,0.000000000000000000e+00,0.000000000000000000e+00,0.000000000000000000e+00,0.000000000000000000e+00,0.000000000000000000e+00,0.000000000000000000e+00,0.000000000000000000e+00,0.000000000000000000e+00,0.000000000000000000e+00,0.000000000000000000e+00,0.000000000000000000e+00,0.000000000000000000e+00,0.000000000000000000e+00,0.000000000000000000e+00,0.000000000000000000e+00,0.000000000000000000e+00,0.000000000000000000e+00,0.000000000000000000e+00,0.000000000000000000e+00,0.000000000000000000e+00,0.000000000000000000e+00,0.000000000000000000e+00,0.000000000000000000e+00,0.000000000000000000e+00,0.000000000000000000e+00,0.000000000000000000e+00,0.000000000000000000e+00,0.000000000000000000e+00,0.000000000000000000e+00,0.000000000000000000e+00,0.000000000000000000e+00,1.000000000000000000e+00,3.588041386932551702e-01,8.554376035967205250e-02,3.515410678270916578e-01,-4.638129118243874971e-02,-1.376961292396735870e-01,-1.547743311080782558e-01,5.747563877842395419e-01,1.323839355317263100e-01,4.059717921075086666e-01,8.291499023674692159e-02,-5.835994834101091433e-01,7.434483912888530943e-01,4.797350448439233195e-01,7.881497025386267063e-01,5.869556919235701109e-01,4.034391090907225585e-01,1.403283041893109151e-01,7.484259334807549791e-02,4.004147140824850654e-02,2.196542801799649391e-01,4.849573733296318467e-01,-2.843041041865563834e-01,6.813110211522165338e-01,4.020491751819071369e-01,3.298130050939652724e-01,3.725892892941432555e-01,2.740785161106908396e-01,1.118475434797037843e-01,4.472848192883696616e-01,8.479453124844151812e-01,3.185739202990436891e-01,-3.900983599041583649e-01,6.040800238800086985e-01,-1.057122889420925999e-01,7.224187310037899490e-02,-2.934403148266489514e-01,7.720076856370756690e-01,-1.661262145086005448e-01,7.063388505624014213e-01,2.310090815778423692e-02,2.580559429086677348e-01,2.968871425887461002e-01,2.638187312474329360e-01,2.741308687658690624e-01,1.731884184025495044e-01,-5.614214711373916034e-01,1.633481814033795401e-02,4.425760406851225182e-01,6.064598787273409730e-01,3.520813153306137644e-01,1.311482186439443254e-01,4.814215156710390797e-01,-6.406715884214979340e-02
0.000000000000000000e+00,0.000000000000000000e+00,0.000000000000000000e+00,0.000000000000000000e+00,0.000000000000000000e+00,0.000000000000000000e+00,0.000000000000000000e+00,0.000000000000000000e+00,0.000000000000000000e+00,0.000000000000000000e+00,0.000000000000000000e+00,0.000000000000000000e+00,0.000000000000000000e+00,0.000000000000000000e+00,0.000000000000000000e+00,0.000000000000000000e+00,0.000000000000000000e+00,0.000000000000000000e+00,0.000000000000000000e+00,0.000000000000000000e+00,0.000000000000000000e+00,0.000000000000000000e+00,0.000000000000000000e+00,0.000000000000000000e+00,0.000000000000000000e+00,0.000000000000000000e+00,0.000000000000000000e+00,0.000000000000000000e+00,0.000000000000000000e+00,0.000000000000000000e+00,0.000000000000000000e+00,0.000000000000000000e+00,0.000000000000000000e+00,0.000000000000000000e+00,0.000000000000000000e+00,0.000000000000000000e+00,0.000000000000000000e+00,0.000000000000000000e+00,0.000000000000000000e+00,0.000000000000000000e+00,0.000000000000000000e+00,0.000000000000000000e+00,0.000000000000000000e+00,0.000000000000000000e+00,0.000000000000000000e+00,0.000000000000000000e+00,0.000000000000000000e+00,1.000000000000000000e+00,-4.334560698729399142e-02,-3.826940105157727173e-02,8.509263918168200047e-02,-1.118823738805267559e-01,-2.930418289090581663e-01,2.746869731265079162e-01,-4.106920902085841041e-01,5.602435805202267138e-01,1.940027351014153301e-01,-4.576187109038786782e-01,-4.547039207171801184e-02,-6.764625201624414885e-03,9.337907592684305813e-01,2.865744157349399135e-01,2.677204439414904713e-01,-5.854497165649053675e-02,-1.845961332578083605e-02,-1.630372834286848149e-01,-2.776332196918668976e-02,2.482179591681688280e-01,-2.232234929914275745e-01,-1.429375933742309535e-01,4.497296430585868143e-01,-1.441494944060838640e-02,-5.570509585868979596e-02,1.113582311784938189e-01,-1.542640797923375273e-01,2.477488759565756316e-01,2.735572103510687247e-01,1.667268791607784684e-01,-3.784765764428880686e-01,3.256771726059094485e-01,2.317084801185502821e-02,6.591853086613559676e-02,-2.468482153335794238e-01,3.434429085913005553e-01,5.415869779274912199e-01,1.221402681212708091e-01,-1.089078223520822536e-01,4.058852854743240646e-01,-4.700486967391492160e-02,-9.878344291894253226e-02,3.772449018353665751e-01,-2.521844239204765192e-01,-8.173023191433466395e-02,2.523230388793921142e-01,1.959612590716435232e-01,3.849240402763214330e-01,5.164539597119132894e-03,-1.121872124998607584e-01,7.169016879576022017e-02,5.112490376934903935e-01
0.000000000000000000e+00,0.000000000000000000e+00,0.000000000000000000e+00,0.000000000000000000e+00,0.000000000000000000e+00,0.000000000000000000e+00,0.000000000000000000e+00,0.000000000000000000e+00,0.000000000000000000e+00,0.000000000000000000e+00,0.000000000000000000e+00,0.000000000000000000e+00,0.000000000000000000e+00,0.000000000000000000e+00,0.000000000000000000e+00,0.000000000000000000e+00,0.000000000000000000e+00,0.000000000000000000e+00,0.000000000000000000e+00,0.000000000000000000e+00,0.000000000000000000e+00,0.000000000000000000e+00,0.000000000000000000e+00,0.000000000000000000e+00,0.000000000000000000e+00,0.000000000000000000e+00,0.000000000000000000e+00,0.000000000000000000e+00,0.000000000000000000e+00,0.000000000000000000e+00,0.000000000000000000e+00,0.000000000000000000e+00,0.000000000000000000e+00,0.000000000000000000e+00,0.000000000000000000e+00,0.000000000000000000e+00,0.000000000000000000e+00,0.000000000000000000e+00,0.000000000000000000e+00,0.000000000000000000e+00,0.000000000000000000e+00,0.000000000000000000e+00,0.000000000000000000e+00,0.000000000000000000e+00,0.000000000000000000e+00,0.000000000000000000e+00,0.000000000000000000e+00,0.000000000000000000e+00,1.000000000000000000e+00,2.237841874956517096e-01,-9.088712210072478204e-01,-3.534862694750202650e-01,2.701605416118609826e-01,-3.068666899432540007e-01,-1.000000000000000000e+00,7.238381053847159352e-01,-1.000000000000000000e+00,1.832922188372229089e-01,1.000000000000000000e+00,-2.486781623208264291e-01,-1.601516326193484774e-01,-3.543344187084347952e-01,6.558098397041465244e-01,4.128090480224853032e-01,-7.307221618527066642e-01,-7.197567362116011891e-01,-8.093500363899923666e-01,-5.865735038772302845e-01,4.035802863689073039e-01,1.621499672531900582e-01,-6.117579997064515052e-01,-2.580405512758165432e-01,3.282902135358568008e-01,-7.479702989557528436e-01,1.000000000000000000e+00,1.598330277118385490e-01,2.294660372941578208e-01,-5.434998063988324413e-01,1.588999695844693638e-01,-6.536031518460111434e-02,1.446699096235348481e-01,1.000000000000000000e+00,-9.792979723984701623e-01,-1.608369338928768988e-01,-4.228784038362253250e-01,4.181055279489075960e-01,2.537676621149192457e-01,-7.204775977974268997e-02,-3.073713109970178659e-01,-9.005761080410795705e-01,6.896183602665240109e-01,2.991264697611439316e-01,-2.620379135314601649e-01,-4.944547685139382698e-01,-2.935701720032993234e-01,-2.360107558696236951e-01,-4.820618975814436880e-01,9.828103539690422052e-02,4.686232352598484474e-01,-9.426853130957582039e-01
0.000000000000000000e+00,0.000000000000000000e+00,0.000000000000000000e+00,0.000000000000000000e+00,0.000000000000000000e+00,0.000000000000000000e+00,0.000000000000000000e+00,0.000000000000000000e+00,0.000000000000000000e+00,0.000000000000000000e+00,0.000000000000000000e+00,0.000000000000000000e+00,0.000000000000000000e+00,0.000000000000000000e+00,0.000000000000000000e+00,0.000000000000000000e+00,0.000000000000000000e+00,0.000000000000000000e+00,0.000000000000000000e+00,0.000000000000000000e+00,0.000000000000000000e+00,0.000000000000000000e+00,0.000000000000000000e+00,0.000000000000000000e+00,0.000000000000000000e+00,0.000000000000000000e+00,0.000000000000000000e+00,0.000000000000000000e+00,0.000000000000000000e+00,0.000000000000000000e+00,0.000000000000000000e+00,0.000000000000000000e+00,0.000000000000000000e+00,0.000000000000000000e+00,0.000000000000000000e+00,0.000000000000000000e+00,0.000000000000000000e+00,0.000000000000000000e+00,0.000000000000000000e+00,0.000000000000000000e+00,0.000000000000000000e+00,0.000000000000000000e+00,0.000000000000000000e+00,0.000000000000000000e+00,0.000000000000000000e+00,0.000000000000000000e+00,0.000000000000000000e+00,0.000000000000000000e+00,0.000000000000000000e+00,1.000000000000000000e+00,6.061350196622605768e-02,3.499968640170691980e-01,3.191545590399894605e-01,1.000000000000000000e+00,3.800423274102086579e-01,3.820425996271740177e-01,-3.454060559793108443e-01,-4.356729903239370816e-01,1.000000000000000000e+00,9.427484849112940379e-01,-1.157765387974874632e-02,8.473938208678963857e-01,3.367293980315526625e-01,4.042424080782822671e-01,5.645493791433807695e-01,4.835237289788468784e-01,4.606993333717800954e-01,4.655139723328047263e-01,-1.096499208405623954e-01,1.000000000000000000e+00,-7.699195365375433031e-02,1.791311926450762093e-01,1.000000000000000000e+00,2.415445520131713764e-01,8.947143980368983396e-01,8.044368417749335753e-01,1.000000000000000000e+00,2.717417053887735134e-01,-2.293845283849652306e-01,8.621967524528895144e-01,-1.977720364362571259e-01,3.380362622495880487e-01,-4.956162861281745990e-01,6.934241642821210583e-01,-8.665689776899326846e-01,1.000000000000000000e+00,1.631043981104886020e-01,2.592407551009399680e-01,4.917187894293189587e-01,4.022390194466308189e-01,3.574161536472147405e-01,5.293776136302850155e-01,-1.000000000000000000e+00,6.142715236016759173e-01,4.443739137254487104e-01,1.000000000000000000e+00,5.654383699805999308e-01,1.000000000000000000e+00,6.797668394309180906e-01,-1.546214449355825249e-01
0.000000000000000000e+00,0.000000000000000000e+00,0.000000000000000000e+00,0.000000000000000000e+00,0.000000000000000000e+00,0.000000000000000000e+00,0.000000000000000000e+00,0.000000000000000000e+00,0.000000000000000000e+00,0.000000000000000000e+00,0.000000000000000000e+00,0.000000000000000000e+00,0.000000000000000000e+00,0.000000000000000000e+00,0.000000000000000000e+00,0.000000000000000000e+00,0.000000000000000000e+00,0.000000000000000000e+00,0.000000000000000000e+00,0.000000000000000000e+00,0.000000000000000000e+00,0.000000000000000000e+00,0.000000000000000000e+00,0.000000000000000000e+00,0.000000000000000000e+00,0.000000000000000000e+00,0.000000000000000000e+00,0.000000000000000000e+00,0.000000000000000000e+00,0.000000000000000000e+00,0.000000000000000000e+00,0.000000000000000000e+00,0.000000000000000000e+00,0.000000000000000000e+00,0.000000000000000000e+00,0.000000000000000000e+00,0.000000000000000000e+00,0.000000000000000000e+00,0.000000000000000000e+00,0.000000000000000000e+00,0.000000000000000000e+00,0.000000000000000000e+00,0.000000000000000000e+00,0.000000000000000000e+00,0.000000000000000000e+00,0.000000000000000000e+00,0.000000000000000000e+00,0.000000000000000000e+00,0.000000000000000000e+00,0.000000000000000000e+00,1.000000000000000000e+00,5.634026935132331326e-01,2.047445768363998775e-01,5.187408539990555623e-01,6.389668607199660011e-01,-2.288729654669156011e-01,4.623592487406100182e-01,-3.143649076320473856e-01,-1.000000000000000000e+00,6.386919421367577565e-03,2.053557358124723231e-01,4.033211364746580596e-01,-4.453894693379694125e-01,-3.197953714882796894e-01,6.453844670891636381e-01,7.200832295452085363e-01,6.951436512222368691e-01,1.609397299874495701e-01,-2.363264629848767784e-01,-1.430634905160962922e-01,3.411446808841067657e-01,6.711081486230187874e-03,1.026213309510723773e-02,3.225624499522544708e-01,-2.602637452717891375e-01,2.131052542162229502e-01,8.570827097957655488e-03,2.193892387372069208e-01,-7.262647706584678120e-02,1.127914080497422894e-01,5.007391900509643862e-02,-7.671232127982282600e-01,6.803646721385601115e-01,1.617042418254483749e-01,2.884605487104778265e-01,-1.460943123665490451e-01,1.484822474860416630e-01,1.621930681100103022e-01,1.689709779972587422e-01,4.748310310627735786e-01,-3.224073185051141710e-01,-4.929697328632268727e-01,-2.743446679725325965e-01,3.346783037918723558e-01,2.085472146150390838e-01,7.914416523920814184e-02,1.964683099672448752e-01,4.628268799601999994e-01,6.705998141168452442e-02,7.805691553252680492e-01
0.000000000000000000e+00,0.000000000000000000e+00,0.000000000000000000e+00,0.000000000000000000e+00,0.000000000000000000e+00,0.000000000000000000e+00,0.000000000000000000e+00,0.000000000000000000e+00,0.000000000000000000e+00,0.000000000000000000e+00,0.000000000000000000e+00,0.000000000000000000e+00,0.000000000000000000e+00,0.000000000000000000e+00,0.000000000000000000e+00,0.000000000000000000e+00,0.000000000000000000e+00,0.000000000000000000e+00,0.000000000000000000e+00,0.000000000000000000e+00,0.000000000000000000e+00,0.000000000000000000e+00,0.000000000000000000e+00,0.000000000000000000e+00,0.000000000000000000e+00,0.000000000000000000e+00,0.000000000000000000e+00,0.000000000000000000e+00,0.000000000000000000e+00,0.000000000000000000e+00,0.000000000000000000e+00,0.000000000000000000e+00,0.000000000000000000e+00,0.000000000000000000e+00,0.000000000000000000e+00,0.000000000000000000e+00,0.000000000000000000e+00,0.000000000000000000e+00,0.000000000000000000e+00,0.000000000000000000e+00,0.000000000000000000e+00,0.000000000000000000e+00,0.000000000000000000e+00,0.000000000000000000e+00,0.000000000000000000e+00,0.000000000000000000e+00,0.000000000000000000e+00,0.000000000000000000e+00,0.000000000000000000e+00,0.000000000000000000e+00,0.000000000000000000e+00,1.000000000000000000e+00,5.518587494121374171e-01,6.087914835073097164e-01,3.863397580110950469e-01,-3.445396723133345440e-01,1.612997487644347583e-01,-2.421908837611153054e-01,-3.441460162830707881e-01,-1.570498341525165126e-02,-2.360690603590156200e-01,1.983846337168984897e-01,-4.465456153311254672e-01,-2.772770879747666894e-01,9.668762895905833599e-01,6.943233214251621765e-01,5.017649321686090680e-01,-3.538142748283416156e-02,-1.530329878197417282e-01,-2.452618363302908333e-01,-1.008825142971594702e-01,-2.023810820529647891e-01,-8.928990302016159841e-02,1.520581891876281455e-01,2.321815143930040792e-01,2.806655843356976043e-01,1.848789513050435318e-01,6.081517501050070183e-03,-5.630350470764092924e-02,9.557701068001299427e-02,5.272785138527149584e-01,-4.977340394931273337e-01,4.501671162469872423e-01,-7.956344561061333420e-02,3.247212621799893673e-01,-1.178997474889013769e-01,3.228864439218261384e-01,-1.247474389459994962e-02,6.439537248745368092e-02,3.562999442408602002e-01,-4.772059423985494098e-01,-3.680313621089114084e-01,-5.147554266725034022e-01,-2.870120073333470509e-02,1.351979630325993165e-01,-9.658604404873125104e-02,1.225741491323325549e-01,6.917709256892926595e-01,2.948023440454394795e-01,1.459745903831604352e-01
0.000000000000000000e+00,0.000000000000000000e+00,0.000000000000000000e+00,0.000000000000000000e+00,0.000000000000000000e+00,0.000000000000000000e+00,0.000000000000000000e+00,0.000000000000000000e+00,0.000000000000000000e+00,0.000000000000000000e+00,0.000000000000000000e+00,0.000000000000000000e+00,0.000000000000000000e+00,0.000000000000000000e+00,0.000000000000000000e+00,0.000000000000000000e+00,0.000000000000000000e+00,0.000000000000000000e+00,0.000000000000000000e+00,0.000000000000000000e+00,0.000000000000000000e+00,0.000000000000000000e+00,0.000000000000000000e+00,0.000000000000000000e+00,0.000000000000000000e+00,0.000000000000000000e+00,0.000000000000000000e+00,0.000000000000000000e+00,0.000000000000000000e+00,0.000000000000000000e+00,0.000000000000000000e+00,0.000000000000000000e+00,0.000000000000000000e+00,0.000000000000000000e+00,0.000000000000000000e+00,0.000000000000000000e+00,0.000000000000000000e+00,0.000000000000000000e+00,0.000000000000000000e+00,0.000000000000000000e+00,0.000000000000000000e+00,0.000000000000000000e+00,0.000000000000000000e+00,0.000000000000000000e+00,0.000000000000000000e+00,0.000000000000000000e+00,0.000000000000000000e+00,0.000000000000000000e+00,0.000000000000000000e+00,0.000000000000000000e+00,0.000000000000000000e+00,0.000000000000000000e+00,1.000000000000000000e+00,3.653832481104845042e-01,-2.146661580960503857e-01,-4.662535709334891254e-01,-4.840169067977525552e-01,-6.643835721798355132e-02,7.836978838999348884e-01,-3.413490761386385741e-01,-4.857457623514522260e-01,-7.820885139816297071e-02,-3.725102790579390422e-01,-1.217915995382757577e-01,5.203170160575377734e-01,2.622966495096616946e-01,1.574090663531204914e-01,-3.478633354599885430e-01,1.138101113972471989e-01,-1.336006327845404296e-01,-6.789000515439503891e-01,-3.820267404756282903e-01,9.439764913817198788e-03,-2.941604473129655339e-01,5.253780712569156019e-01,1.099399440041589210e-01,9.687633620162910573e-04,-3.847106598055334281e-01,3.484617485028184136e-01,-1.731834075646048188e-01,7.673153796257419224e-01,-2.882515195328813618e-01,-1.910725130959523661e-03,-3.848113250536825958e-01,-7.996443097763223928e-01,-5.431295808371768008e-02,5.790577902768623275e-01,-3.364439843116336926e-01,-4.798546754370179579e-02,-4.341580859111549007e-02,-8.455232335400040267e-01,-4.860565682596010295e-01,-4.380366903308399729e-01,-4.529987107623218989e-01,-1.257496106141353931e-01,-5.558098855078671408e-01,-1.686122841362740765e-01,4.082450798565729344e-01,1.275709656568405070e-01,-2.721516859568680613e-01
0.000000000000000000e+00,0.000000000000000000e+00,0.000000000000000000e+00,0.000000000000000000e+00,0.000000000000000000e+00,0.000000000000000000e+00,0.000000000000000000e+00,0.000000000000000000e+00,0.000000000000000000e+00,0.000000000000000000e+00,0.000000000000000000e+00,0.000000000000000000e+00,0.000000000000000000e+00,0.000000000000000000e+00,0.000000000000000000e+00,0.000000000000000000e+00,0.000000000000000000e+00,0.000000000000000000e+00,0.000000000000000000e+00,0.000000000000000000e+00,0.000000000000000000e+00,0.000000000000000000e+00,0.000000000000000000e+00,0.000000000000000000e+00,0.000000000000000000e+00,0.000000000000000000e+00,0.000000000000000000e+00,0.000000000000000000e+00,0.000000000000000000e+00,0.000000000000000000e+00,0.000000000000000000e+00,0.000000000000000000e+00,0.000000000000000000e+00,0.000000000000000000e+00,0.000000000000000000e+00,0.000000000000000000e+00,0.000000000000000000e+00,0.000000000000000000e+00,0.000000000000000000e+00,0.000000000000000000e+00,0.000000000000000000e+00,0.000000000000000000e+00,0.000000000000000000e+00,0.000000000000000000e+00,0.000000000000000000e+00,0.000000000000000000e+00,0.000000000000000000e+00,0.000000000000000000e+00,0.000000000000000000e+00,0.000000000000000000e+00,0.000000000000000000e+00,0.000000000000000000e+00,0.000000000000000000e+00,1.000000000000000000e+00,2.202701550269715314e-01,8.686106228780300642e-02,1.425137179207976446e-01,-6.693653995308750382e-01,3.312125738490177135e-02,3.464207117804654623e-01,4.821500120227780739e-01,6.404300195667849138e-01,-1.099334929674146699e-01,-1.427915058473346877e-01,8.066229792732291237e-01,5.223721120776985138e-01,5.595026023567851725e-01,3.881943043470695853e-01,-3.589220939637884356e-01,3.590493189581669409e-01,2.473625585621987977e-01,2.080250643034574007e-02,2.055491996594530635e-01,2.848266377596285759e-01,-2.990834036429919351e-02,5.498085977118229994e-01,6.240096481181123256e-01,2.432513316685093741e-01,-4.228724771413854833e-01,5.243724829441337443e-01,2.283892511623029364e-01,-3.869082572331046244e-01,-6.996322080031043555e-02,4.854271170028183202e-01,-2.512249752984395679e-01,3.606108546692878281e-01,2.400609775216486774e-01,2.536749187698059127e-01,2.388673315833455268e-01,4.363404887078931038e-01,-1.875773085899840320e-01,-2.310382380314262019e-01,-8.069414436845558924e-01,-7.282765039870572887e-02,3.931899290347650733e-01,4.873874952405461425e-01,4.162339544357299137e-01,5.572044054982834282e-01,3.192661761479248517e-01,3.189688231518189032e-01
0.000000000000000000e+00,0.000000000000000000e+00,0.000000000000000000e+00,0.000000000000000000e+00,0.000000000000000000e+00,0.000000000000000000e+00,0.000000000000000000e+00,0.000000000000000000e+00,0.000000000000000000e+00,0.000000000000000000e+00,0.000000000000000000e+00,0.000000000000000000e+00,0.000000000000000000e+00,0.000000000000000000e+00,0.000000000000000000e+00,0.000000000000000000e+00,0.000000000000000000e+00,0.000000000000000000e+00,0.000000000000000000e+00,0.000000000000000000e+00,0.000000000000000000e+00,0.000000000000000000e+00,0.000000000000000000e+00,0.000000000000000000e+00,0.000000000000000000e+00,0.000000000000000000e+00,0.000000000000000000e+00,0.000000000000000000e+00,0.000000000000000000e+00,0.000000000000000000e+00,0.000000000000000000e+00,0.000000000000000000e+00,0.000000000000000000e+00,0.000000000000000000e+00,0.000000000000000000e+00,0.000000000000000000e+00,0.000000000000000000e+00,0.000000000000000000e+00,0.000000000000000000e+00,0.000000000000000000e+00,0.000000000000000000e+00,0.000000000000000000e+00,0.000000000000000000e+00,0.000000000000000000e+00,0.000000000000000000e+00,0.000000000000000000e+00,0.000000000000000000e+00,0.000000000000000000e+00,0.000000000000000000e+00,0.000000000000000000e+00,0.000000000000000000e+00,0.000000000000000000e+00,0.000000000000000000e+00,0.000000000000000000e+00,1.000000000000000000e+00,-2.920179729998217399e-01,6.024049382254120788e-01,-6.257069491466343836e-02,-7.868635218489109517e-01,3.766868247966961292e-01,-1.770082578131921547e-01,2.852089679411248802e-01,-2.179045780936111620e-01,-5.944387300421358211e-02,3.181606371473872930e-01,5.764537406281378118e-01,4.853094316475709546e-01,3.439813360594577429e-01,-1.479320404329283745e-01,2.217019971992484906e-01,3.186965999658259441e-01,2.492693153761736391e-01,1.363547308497847776e-01,4.326453459910816757e-01,-3.778133954631996971e-01,5.641331335361191718e-02,1.752563423914741403e-01,3.895893992479665946e-01,-4.478294300232598529e-02,1.038378818159686051e-01,-2.992198123818328725e-01,-5.129370832624111642e-01,6.167447810160208155e-01,2.267903702023422452e-01,1.398910907253787805e-01,5.005307719521758653e-02,-5.911730299130297378e-02,4.139606953623498065e-02,3.095174484186746233e-01,5.443283138675056865e-01,-1.391636009003114072e-01,1.853959113276215098e-01,-7.388882842406856166e-02,3.859385804178326329e-01,2.266475501232276812e-01,1.902144289816318223e-01,3.806600361130445531e-01,2.560748909173199972e-01,5.220077599016520464e-02,9.702409560472385897e-02
0.000000000000000000e+00,0.000000000000000000e+00,0.000000000000000000e+00,0.000000000000000000e+00,0.000000000000000000e+00,0.000000000000000000e+00,0.000000000000000000e+00,0.000000000000000000e+00,0.000000000000000000e+00,0.000000000000000000e+00,0.000000000000000000e+00,0.000000000000000000e+00,0.000000000000000000e+00,0.000000000000000000e+00,0.000000000000000000e+00,0.000000000000000000e+00,0.000000000000000000e+00,0.000000000000000000e+00,0.000000000000000000e+00,0.000000000000000000e+00,0.000000000000000000e+00,0.000000000000000000e+00,0.000000000000000000e+00,0.000000000000000000e+00,0.000000000000000000e+00,0.000000000000000000e+00,0.000000000000000000e+00,0.000000000000000000e+00,0.000000000000000000e+00,0.000000000000000000e+00,0.000000000000000000e+00,0.000000000000000000e+00,0.000000000000000000e+00,0.000000000000000000e+00,0.000000000000000000e+00,0.000000000000000000e+00,0.000000000000000000e+00,0.000000000000000000e+00,0.000000000000000000e+00,0.000000000000000000e+00,0.000000000000000000e+00,0.000000000000000000e+00,0.000000000000000000e+00,0.000000000000000000e+00,0.000000000000000000e+00,0.000000000000000000e+00,0.000000000000000000e+00,0.000000000000000000e+00,0.000000000000000000e+00,0.000000000000000000e+00,0.000000000000000000e+00,0.000000000000000000e+00,0.000000000000000000e+00,0.000000000000000000e+00,0.000000000000000000e+00,1.000000000000000000e+00,-1.769195407145141008e-01,-3.056905184357546768e-01,4.691071071043628193e-01,1.581647066647473912e-02,6.250801173354068041e-01,1.731517453237178539e-01,4.868105455284088001e-01,9.451453984040646128e-02,-3.127040884651129948e-01,-1.280195206538353170e-01,-2.638949985801408715e-01,-8.198314890608132677e-02,-3.185978578412564793e-02,8.980154589787488206e-02,3.932419161826618548e-01,-7.190270172216367550e-02,1.829990485576528381e-01,-1.724928316578163701e-01,7.240175962475071669e-01,3.976640146153579969e-01,3.573669227514335023e-01,4.364226113730540479e-02,-3.812871708418332228e-01,2.176334914811809129e-01,-2.913995303645259827e-01,8.677012465246024542e-01,-3.981602943466077127e-01,3.829159852316085799e-01,4.232340381276628594e-01,3.535034164983390514e-01,2.003452238461794419e-02,4.588344197494929610e-01,-1.328160301719265302e-01,-4.005132529998342572e-01,9.367723140484029987e-01,1.157695803768235832e-01,-3.943042498388565908e-01,4.631689195620747324e-02,8.745900184103153063e-02,3.057952700902660803e-01,-6.425629657365528047e-02,2.199110971396731895e-01,4.057065150915092899e-01,4.629420996059312697e-03
0.000000000000000000e+00,0.000000000000000000e+00,0.000000000000000000e+00,0.000000000000000000e+00,0.000000000000000000e+00,0.000000000000000000e+00,0.000000000000000000e+00,0.000000000000000000e+00,0.000000000000000000e+00,0.000000000000000000e+00,0.000000000000000000e+00,0.000000000000000000e+00,0.000000000000000000e+00,0.000000000000000000e+00,0.000000000000000000e+00,0.000000000000000000e+00,0.000000000000000000e+00,0.000000000000000000e+00,0.000000000000000000e+00,0.000000000000000000e+00,0.000000000000000000e+00,0.000000000000000000e+00,0.000000000000000000e+00,0.000000000000000000e+00,0.000000000000000000e+00,0.000000000000000000e+00,0.000000000000000000e+00,0.000000000000000000e+00,0.000000000000000000e+00,0.000000000000000000e+00,0.000000000000000000e+00,0.000000000000000000e+00,0.000000000000000000e+00,0.000000000000000000e+00,0.000000000000000000e+00,0.000000000000000000e+00,0.000000000000000000e+00,0.000000000000000000e+00,0.000000000000000000e+00,0.000000000000000000e+00,0.000000000000000000e+00,0.000000000000000000e+00,0.000000000000000000e+00,0.000000000000000000e+00,0.000000000000000000e+00,0.000000000000000000e+00,0.000000000000000000e+00,0.000000000000000000e+00,0.000000000000000000e+00,0.000000000000000000e+00,0.000000000000000000e+00,0.000000000000000000e+00,0.000000000000000000e+00,0.000000000000000000e+00,0.000000000000000000e+00,0.000000000000000000e+00,1.000000000000000000e+00,-2.945484539785679923e-01,-8.896648071445510952e-01,2.264841830056339989e-01,3.378855125977785478e-01,2.534658080778433575e-01,-1.796345288418273733e-01,-1.848007620051087263e-01,2.339973274353891464e-01,4.293793786169177729e-01,3.731436403675403857e-01,5.277029256469522034e-01,-2.897112973071230835e-01,-6.683757972162686356e-02,6.002299692968132705e-01,1.831318180854353272e-01,-1.969260698207529747e-01,5.348611597866571588e-01,-9.054361679144542485e-01,-1.643019930285918168e-02,8.411797254760600140e-02,5.242910396229455428e-01,-1.928690800757166812e-01,5.155329202362550489e-02,-1.814800133800391069e-01,-7.479976180236549421e-01,6.562994878406378518e-01,2.587360473329561872e-01,4.465788080503139135e-01,-1.173067892183078664e-01,-1.292937855644638312e-01,1.589448283609037338e-01,2.417180048277649540e-01,4.820500888490528713e-01,-2.339640199736066350e-01,-2.700376571829435010e-02,1.620119853887282135e-01,3.722868189135222772e-01,2.843341638071116839e-01,1.062665688490783827e-01,3.678103387649195311e-01,-1.509223723447526699e-01,-2.033017518839114468e-01,3.266971597111433812e-01
0.000000000000000000e+00,0.000000000000000000e+00,0.000000000000000000e+00,0.000000000000000000e+00,0.000000000000000000e+00,0.000000000000000000e+00,0.000000000000000000e+00,0.000000000000000000e+00,0.000000000000000000e+00,0.000000000000000000e+00,0.000000000000000000e+00,0.000000000000000000e+00,0.000000000000000000e+00,0.000000000000000000e+00,0.000000000000000000e+00,0.000000000000000000e+00,0.000000000000000000e+00,0.000000000000000000e+00,0.000000000000000000e+00,0.000000000000000000e+00,0.000000000000000000e+00,0.000000000000000000e+00,0.000000000000000000e+00,0.000000000000000000e+00,0.000000000000000000e+00,0.000000000000000000e+00,0.000000000000000000e+00,0.000000000000000000e+00,0.000000000000000000e+00,0.000000000000000000e+00,0.000000000000000000e+00,0.000000000000000000e+00,0.000000000000000000e+00,0.000000000000000000e+00,0.000000000000000000e+00,0.000000000000000000e+00,0.000000000000000000e+00,0.000000000000000000e+00,0.000000000000000000e+00,0.000000000000000000e+00,0.000000000000000000e+00,0.000000000000000000e+00,0.000000000000000000e+00,0.000000000000000000e+00,0.000000000000000000e+00,0.000000000000000000e+00,0.000000000000000000e+00,0.000000000000000000e+00,0.000000000000000000e+00,0.000000000000000000e+00,0.000000000000000000e+00,0.000000000000000000e+00,0.000000000000000000e+00,0.000000000000000000e+00,0.000000000000000000e+00,0.000000000000000000e+00,0.000000000000000000e+00,1.000000000000000000e+00,-1.142455306863884440e-01,-3.245867413988763606e-02,-8.522500550677206688e-01,-5.899599589215448470e-01,5.636537155273304255e-03,2.342839285334581967e-01,-5.604154395258195143e-01,-3.336345260532181389e-01,-2.954346792336897676e-01,-3.622255139683162595e-01,4.720096501577436543e-01,-1.585153976035149070e-01,-5.633007848557627373e-01,1.170030182024545951e-01,5.513916250791338347e-02,-1.101790762806949542e-01,1.399126990248727165e-01,-6.360789263972878027e-01,-4.318347839420479950e-01,-2.804204724235329627e-01,7.377720210723379690e-01,-4.555853120570910186e-01,-2.894783605798935677e-01,2.948342070608515053e-01,2.119903740447244556e-01,-5.072727360466001700e-01,8.882083476146201972e-02,-2.170786470607187768e-01,-3.412920339448095031e-01,-4.242869351178922832e-01,-3.892556349928597698e-02,-1.592262786779229111e-01,2.515219018206006907e-01,3.909663774265766389e-01,8.367509777955722816e-01,3.125879080109476571e-01,-4.124336039884569094e-01,-1.251207033324858997e-01,-3.593953394160405712e-01,-3.053617318707786410e-01,-3.694966525829140314e-01,-5.656907915640985857e-02
0.000000000000000000e+00,0.000000000000000000e+00,0.000000000000000000e+00,0.000000000000000000e+00,0.000000000000000000e+00,0.000000000000000000e+00,0.000000000000000000e+00,0.000000000000000000e+00,0.000000000000000000e+00,0.000000000000000000e+00,0.000000000000000000e+00,0.000000000000000000e+00,0.000000000000000000e+00,0.000000000000000000e+00,0.000000000000000000e+00,0.000000000000000000e+00,0.000000000000000000e+00,0.000000000000000000e+00,0.000000000000000000e+00,0.000000000000000000e+00,0.000000000000000000e+00,0.000000000000000000e+00,0.000000000000000000e+00,0.000000000000000000e+00,0.000000000000000000e+00,0.000000000000000000e+00,0.000000000000000000e+00,0.000000000000000000e+00,0.000000000000000000e+00,0.000000000000000000e+00,0.000000000000000000e+00,0.000000000000000000e+00,0.000000000000000000e+00,0.000000000000000000e+00,0.000000000000000000e+00,0.000000000000000000e+00,0.000000000000000000e+00,0.000000000000000000e+00,0.000000000000000000e+00,0.000000000000000000e+00,0.000000000000000000e+00,0.000000000000000000e+00,0.000000000000000000e+00,0.000000000000000000e+00,0.000000000000000000e+00,0.000000000000000000e+00,0.000000000000000000e+00,0.000000000000000000e+00,0.000000000000000000e+00,0.000000000000000000e+00,0.000000000000000000e+00,0.000000000000000000e+00,0.000000000000000000e+00,0.000000000000000000e+00,0.000000000000000000e+00,0.000000000000000000e+00,0.000000000000000000e+00,0.000000000000000000e+00,1.000000000000000000e+00,5.213691331957855807e-02,7.014315218200622981e-02,-3.169443900890107912e-02,1.855424012548169688e-01,1.302284853009163246e-01,-1.438028771533586547e-01,-1.441027370877499547e-01,-1.864028711489039425e-01,-2.186525005655474974e-02,7.388960444281209017e-02,1.134526832767919491e-01,-1.293162366643034189e-01,-4.764793760397982580e-02,9.309231510980804647e-02,-8.982889330746626766e-02,3.365155327650884987e-01,5.428455725987004626e-02,2.241483961164805749e-01,-6.077957631861690552e-02,7.400466863429812359e-02,1.390887328365870632e-02,1.021116785238504604e-01,2.454418939353628926e-01,-2.146305586114711783e-01,2.818539610737606435e-02,-1.805929375696548045e-01,2.188358995367342408e-01,7.654399335030698248e-02,-6.000148425698831334e-02,1.230093054250041337e-03,-1.650388030450550547e-01,6.283515070562395444e-02,1.072665654330142021e-01,-4.106458955890976426e-02,-1.025339212459284444e-01,-1.460541109826279764e-02,-5.715858015883701349e-02,-5.203162207557832097e-02,-5.364577877529472412e-03,7.667097261825725485e-02,-2.611993061510008984e-01
0.000000000000000000e+00,0.000000000000000000e+00,0.000000000000000000e+00,0.000000000000000000e+00,0.000000000000000000e+00,0.000000000000000000e+00,0.000000000000000000e+00,0.000000000000000000e+00,0.000000000000000000e+00,0.000000000000000000e+00,0.000000000000000000e+00,0.000000000000000000e+00,0.000000000000000000e+00,0.000000000000000000e+00,0.000000000000000000e+00,0.000000000000000000e+00,0.000000000000000000e+00,0.000000000000000000e+00,0.000000000000000000e+00,0.000000000000000000e+00,0.000000000000000000e+00,0.000000000000000000e+00,0.000000000000000000e+00,0.000000000000000000e+00,0.000000000000000000e+00,0.000000000000000000e+00,0.000000000000000000e+00,0.000000000000000000e+00,0.000000000000000000e+00,0.000000000000000000e+00,0.000000000000000000e+00,0.000000000000000000e+00,0.000000000000000000e+00,0.000000000000000000e+00,0.000000000000000000e+00,0.000000000000000000e+00,0.000000000000000000e+00,0.000000000000000000e+00,0.000000000000000000e+00,0.000000000000000000e+00,0.000000000000000000e+00,0.000000000000000000e+00,0.000000000000000000e+00,0.000000000000000000e+00,0.000000000000000000e+00,0.000000000000000000e+00,0.000000000000000000e+00,0.000000000000000000e+00,0.000000000000000000e+00,0.000000000000000000e+00,0.000000000000000000e+00,0.000000000000000000e+00,0.000000000000000000e+00,0.000000000000000000e+00,0.000000000000000000e+00,0.000000000000000000e+00,0.000000000000000000e+00,0.000000000000000000e+00,0.000000000000000000e+00,1.000000000000000000e+00,1.768299497475906146e-01,4.961432894363722590e-01,2.827621522717483349e-01,3.142711964926696577e-01,1.591663738229052716e-01,2.760389005694708353e-01,4.028740614957920796e-01,7.152116535311711099e-01,-1.137948954546904035e-01,7.564558292351275526e-01,2.260936557994401575e-01,5.456495618342843690e-01,5.825165658162063664e-01,6.546165158837717879e-01,-2.218135827300761753e-01,1.244544130338607613e-01,8.834861519725017986e-01,4.935112805423261251e-01,1.724617709388655794e-03,5.458364533122609386e-01,-5.331956390779063470e-01,-1.227319042318464060e-01,1.004033861880408302e-01,6.419976664669071464e-01,-6.943947884041481999e-02,6.739963636201724562e-01,-3.540700743306953169e-01,7.965640219705795444e-02,5.632256150960798236e-01,6.100235125960096205e-01,4.703636633106057507e-01,6.749776397268385519e-01,-4.732562129695356418e-02,6.600514576361032892e-01,3.629021173904030118e-01,1.000000000000000000e+00,5.065991485459560018e-01,2.257616354800243696e-01,1.320874893326919042e-01,1.848542610089579652e-01
0.000000000000000000e+00,0.000000000000000000e+00,0.000000000000000000e+00,0.000000000000000000e+00,0.000000000000000000e+00,0.000000000000000000e+00,0.000000000000000000e+00,0.000000000000000000e+00,0.000000000000000000e+00,0.000000000000000000e+00,0.000000000000000000e+00,0.000000000000000000e+00,0.000000000000000000e+00,0.000000000000000000e+00,0.000000000000000000e+00,0.000000000000000000e+00,0.000000000000000000e+00,0.000000000000000000e+00,0.000000000000000000e+00,0.000000000000000000e+00,0.000000000000000000e+00,0.000000000000000000e+00,0.000000000000000000e+00,0.000000000000000000e+00,0.000000000000000000e+00,0.000000000000000000e+00,0.000000000000000000e+00,0.000000000000000000e+00,0.000000000000000000e+00,0.000000000000000000e+00,0.000000000000000000e+00,0.000000000000000000e+00,0.000000000000000000e+00,0.000000000000000000e+00,0.000000000000000000e+00,0.000000000000000000e+00,0.000000000000000000e+00,0.000000000000000000e+00,0.000000000000000000e+00,0.000000000000000000e+00,0.000000000000000000e+00,0.000000000000000000e+00,0.000000000000000000e+00,0.000000000000000000e+00,0.000000000000000000e+00,0.000000000000000000e+00,0.000000000000000000e+00,0.000000000000000000e+00,0.000000000000000000e+00,0.000000000000000000e+00,0.000000000000000000e+00,0.000000000000000000e+00,0.000000000000000000e+00,0.000000000000000000e+00,0.000000000000000000e+00,0.000000000000000000e+00,0.000000000000000000e+00,0.000000000000000000e+00,0.000000000000000000e+00,0.000000000000000000e+00,1.000000000000000000e+00,3.197958406619152427e-01,2.236530432629893483e-01,-9.015737672823984084e-02,-1.522430432893284898e-02,1.211387184825427413e-02,6.114531874356347874e-02,2.520785165351208112e-01,-2.414939814531619489e-01,7.675917305611594521e-02,5.123556275855383202e-01,7.711961556350870051e-02,-5.722836447983124797e-02,1.759920999814767462e-01,-5.090278440858923836e-02,2.469576256208264875e-01,3.004275716515108496e-01,2.105990960121598699e-01,-3.169371469202155178e-01,2.445342371287700378e-01,-2.594125314341192215e-02,-3.476963600475917876e-02,-3.699515144360687735e-02,4.942016165939513983e-01,3.839972766172592977e-01,2.396651110519974759e-01,1.358501044465328144e-03,2.979139543125834400e-01,5.053440347630267643e-02,-2.527366345842329241e-03,2.766383147566352507e-01,-2.018068010509434518e-01,-1.929221883769247081e-01,-9.568622924873060320e-02,2.380938283112019049e-01,2.657597801809161164e-01,9.056913488794803013e-02,-4.522475679684723887e-02,1.379081550820423774e-01,3.594938084733996786e-01
0.000000000000000000e+00,0.000000000000000000e+00,0.000000000000000000e+00,0.000000000000000000e+00,0.000000000000000000e+00,0.000000000000000000e+00,0.000000000000000000e+00,0.000000000000000000e+00,0.000000000000000000e+00,0.000000000000000000e+00,0.000000000000000000e+00,0.000000000000000000e+00,0.000000000000000000e+00,0.000000000000000000e+00,0.000000000000000000e+00,0.000000000000000000e+00,0.000000000000000000e+00,0.000000000000000000e+00,0.000000000000000000e+00,0.000000000000000000e+00,0.000000000000000000e+00,0.000000000000000000e+00,0.000000000000000000e+00,0.000000000000000000e+00,0.000000000000000000e+00,0.000000000000000000e+00,0.000000000000000000e+00,0.000000000000000000e+00,0.000000000000000000e+00,0.000000000000000000e+00,0.000000000000000000e+00,0.000000000000000000e+00,0.000000000000000000e+00,0.000000000000000000e+00,0.000000000000000000e+00,0.000000000000000000e+00,0.000000000000000000e+00,0.000000000000000000e+00,0.000000000000000000e+00,0.000000000000000000e+00,0.000000000000000000e+00,0.000000000000000000e+00,0.000000000000000000e+00,0.000000000000000000e+00,0.000000000000000000e+00,0.000000000000000000e+00,0.000000000000000000e+00,0.000000000000000000e+00,0.000000000000000000e+00,0.000000000000000000e+00,0.000000000000000000e+00,0.000000000000000000e+00,0.000000000000000000e+00,0.000000000000000000e+00,0.000000000000000000e+00,0.000000000000000000e+00,0.000000000000000000e+00,0.000000000000000000e+00,0.000000000000000000e+00,0.000000000000000000e+00,0.000000000000000000e+00,1.000000000000000000e+00,4.243136566489913442e-02,-5.949038157513419217e-02,7.047558911197355780e-01,6.080140269745322179e-01,7.165035734682242419e-01,6.734610128386417927e-01,-4.882593308361020679e-01,6.257015854543929168e-01,6.506389961220613305e-01,2.269489648537145188e-01,4.507797358466425486e-01,4.865962383688661741e-01,-1.743647700639250064e-01,7.341052353577403045e-01,9.225524014677088935e-01,5.317663916340393815e-01,-6.457512974219544732e-01,8.074271902879495144e-01,-1.239851953108315474e-01,-4.371677245235681131e-01,-4.063140652536527397e-02,8.433879510204319585e-01,-1.032117225974278490e-01,6.200528462991772294e-01,8.145048152430596489e-02,5.016168249952946967e-01,3.891258279935647102e-01,6.023477500738045887e-01,5.275632665307704305e-02,-8.710140670968112564e-02,-8.663015037511582195e-01,4.568354934696201020e-01,6.053412545195939742e-01,8.458552560472831772e-01,6.331273715283364245e-01,6.081722005032432765e-01,4.317945019519820460e-01,5.045824021044541530e-01
0.000000000000000000e+00,0.000000000000000000e+00,0.000000000000000000e+00,0.000000000000000000e+00,0.000000000000000000e+00,0.000000000000000000e+00,0.000000000000000000e+00,0.000000000000000000e+00,0.000000000000000000e+00,0.000000000000000000e+00,0.000000000000000000e+00,0.000000000000000000e+00,0.000000000000000000e+00,0.000000000000000000e+00,0.000000000000000000e+00,0.000000000000000000e+00,0.000000000000000000e+00,0.000000000000000000e+00,0.000000000000000000e+00,0.000000000000000000e+00,0.000000000000000000e+00,0.000000000000000000e+00,0.000000000000000000e+00,0.000000000000000000e+00,0.000000000000000000e+00,0.000000000000000000e+00,0.000000000000000000e+00,0.000000000000000000e+00,0.000000000000000000e+00,0.000000000000000000e+00,0.000000000000000000e+00,0.000000000000000000e+00,0.000000000000000000e+00,0.000000000000000000e+00,0.000000000000000000e+00,0.000000000000000000e+00,0.000000000000000000e+00,0.000000000000000000e+00,0.000000000000000000e+00,0.000000000000000000e+00,0.000000000000000000e+00,0.000000000000000000e+00,0.000000000000000000e+00,0.000000000000000000e+00,0.000000000000000000e+00,0.000000000000000000e+00,0.000000000000000000e+00,0.000000000000000000e+00,0.000000000000000000e+00,0.000000000000000000e+00,0.000000000000000000e+00,0.000000000000000000e+00,0.000000000000000000e+00,0.000000000000000000e+00,0.000000000000000000e+00,0.000000000000000000e+00,0.000000000000000000e+00,0.000000000000000000e+00,0.000000000000000000e+00,0.000000000000000000e+00,0.000000000000000000e+00,0.000000000000000000e+00,1.000000000000000000e+00,5.391560110311308662e-01,-9.558702657314220863e-01,-6.337422049815105707e-01,-4.577114168250390747e-01,2.068543956359515934e-01,1.667993948364506762e-01,4.376165457452764751e-01,1.006999124328793876e-01,3.637555748682128609e-01,5.393171249232079356e-01,1.125007029817797106e-02,7.078803863979951094e-01,8.753710788158282352e-02,7.674741864738160446e-01,1.050396606129399557e-01,8.449607851591110774e-02,3.303552584943665327e-01,-4.771108596472616870e-01,1.000000000000000000e+00,-5.377162504641981311e-01,5.207754119406728943e-01,2.374897155787999148e-01,7.357660930617152539e-01,-2.512955753926910396e-01,1.964688678253347087e-01,1.555542302861185611e-01,-3.493498252210822663e-01,1.000000000000000000e+00,6.445022673183388173e-01,1.278694555871736083e-01,3.576804657418595768e-01,1.101719998503150055e-01,5.900145917939013662e-01,-1.411570216477422979e-01,-2.447054940580705162e-01,4.450375837238375043e-01,-3.516498970993455209e-01
0.000000000000000000e+00,0.000000000000000000e+00,0.000000000000000000e+00,0.000000000000000000e+00,0.000000000000000000e+00,0.000000000000000000e+00,0.000000000000000000e+00,0.000000000000000000e+00,0.000000000000000000e+00,0.000000000000000000e+00,0.000000000000000000e+00,0.000000000000000000e+00,0.000000000000000000e+00,0.000000000000000000e+00,0.000000000000000000e+00,0.000000000000000000e+00,0.000000000000000000e+00,0.000000000000000000e+00,0.000000000000000000e+00,0.000000000000000000e+00,0.000000000000000000e+00,0.000000000000000000e+00,0.000000000000000000e+00,0.000000000000000000e+00,0.000000000000000000e+00,0.000000000000000000e+00,0.000000000000000000e+00,0.000000000000000000e+00,0.000000000000000000e+00,0.000000000000000000e+00,0.000000000000000000e+00,0.000000000000000000e+00,0.000000000000000000e+00,0.000000000000000000e+00,0.000000000000000000e+00,0.000000000000000000e+00,0.000000000000000000e+00,0.000000000000000000e+00,0.000000000000000000e+00,0.000000000000000000e+00,0.000000000000000000e+00,0.000000000000000000e+00,0.000000000000000000e+00,0.000000000000000000e+00,0.000000000000000000e+00,0.000000000000000000e+00,0.000000000000000000e+00,0.000000000000000000e+00,0.000000000000000000e+00,0.000000000000000000e+00,0.000000000000000000e+00,0.000000000000000000e+00,0.000000000000000000e+00,0.000000000000000000e+00,0.000000000000000000e+00,0.000000000000000000e+00,0.000000000000000000e+00,0.000000000000000000e+00,0.000000000000000000e+00,0.000000000000000000e+00,0.000000000000000000e+00,0.000000000000000000e+00,0.000000000000000000e+00,1.000000000000000000e+00,-1.000000000000000000e+00,-7.830880120997665284e-01,-4.632606123993952552e-01,3.231959975417508235e-01,5.214537891488796317e-01,8.016516234908775962e-01,-5.532741688527010870e-01,5.622961725268269539e-01,1.000000000000000000e+00,7.588363099973947923e-02,7.232172576567104105e-01,-2.541006653485433087e-01,9.048736814260456285e-01,4.707604034661337644e-02,7.385568567821267916e-01,2.943947350337438040e-01,-7.623865810444959701e-01,1.000000000000000000e+00,-5.716293913589440834e-01,2.047179046350784126e-01,-6.439233292829006361e-01,9.313556060639724965e-01,-4.946407541546352649e-01,-2.386008701487620787e-01,4.208191345372378489e-01,-1.762884571628037245e-01,1.000000000000000000e+00,1.000000000000000000e+00,6.578066955741094235e-01,1.000000000000000000e+00,-5.971731421653924538e-02,7.370418810803404108e-01,-1.030435387481474369e-01,-2.836476699401336288e-01,1.596239584486991436e-01,-5.062356799432217169e-01
0.000000000000000000e+00,0.000000000000000000e+00,0.000000000000000000e+00,0.000000000000000000e+00,0.000000000000000000e+00,0.000000000000000000e+00,0.000000000000000000e+00,0.000000000000000000e+00,0.000000000000000000e+00,0.000000000000000000e+00,0.000000000000000000e+00,0.000000000000000000e+00,0.000000000000000000e+00,0.000000000000000000e+00,0.000000000000000000e+00,0.000000000000000000e+00,0.000000000000000000e+00,0.000000000000000000e+00,0.000000000000000000e+00,0.000000000000000000e+00,0.000000000000000000e+00,0.000000000000000000e+00,0.000000000000000000e+00,0.000000000000000000e+00,0.000000000000000000e+00,0.000000000000000000e+00,0.000000000000000000e+00,0.000000000000000000e+00,0.000000000000000000e+00,0.000000000000000000e+00,0.000000000000000000e+00,0.000000000000000000e+00,0.000000000000000000e+00,0.000000000000000000e+00,0.000000000000000000e+00,0.000000000000000000e+00,0.000000000000000000e+00,0.000000000000000000e+00,0.000000000000000000e+00,0.000000000000000000e+00,0.000000000000000000e+00,0.000000000000000000e+00,0.000000000000000000e+00,0.000000000000000000e+00,0.000000000000000000e+00,0.000000000000000000e+00,0.000000000000000000e+00,0.000000000000000000e+00,0.000000000000000000e+00,0.000000000000000000e+00,0.000000000000000000e+00,0.000000000000000000e+00,0.000000000000000000e+00,0.000000000000000000e+00,0.000000000000000000e+00,0.000000000000000000e+00,0.000000000000000000e+00,0.000000000000000000e+00,0.000000000000000000e+00,0.000000000000000000e+00,0.000000000000000000e+00,0.000000000000000000e+00,0.000000000000000000e+00,0.000000000000000000e+00,1.000000000000000000e+00,5.582088937116322924e-01,4.802004350806076682e-01,1.328171447614451273e-01,-3.043655046123877606e-01,2.074207914327928694e-03,9.283974677201363435e-02,-1.433669934284916292e-01,-1.321345751154611170e-01,1.635260587641426400e-01,-2.623110346262041981e-01,3.321061631036553718e-01,1.253888866351245135e-01,8.656774887137877461e-02,-3.924592599353798339e-01,2.639858487849331969e-01,3.849944174601350744e-01,-6.428156453753994803e-01,7.948470508208391183e-02,7.411993676866482361e-02,-5.881954148179241448e-02,-8.494730832993127589e-02,2.005498430611334648e-01,1.046759359908712855e-01,4.267558260018208816e-02,4.127514281061311352e-01,-5.706064325482341770e-01,-3.234586755419593951e-01,-6.204759055229476239e-01,-1.871986258411874327e-01,2.054613495147678826e-01,1.498636162864215304e-01,3.167883699333533531e-01,5.018773720877652833e-01,1.284895642422714257e-01,1.866885986313492618e-01
0.000000000000000000e+00,0.000000000000000000e+00,0.000000000000000000e+00,0.000000000000000000e+00,0.000000000000000000e+00,0.000000000000000000e+00,0.000000000000000000e+00,0.000000000000000000e+00,0.000000000000000000e+00,0.000000000000000000e+00,0.000000000000000000e+00,0.000000000000000000e+00,0.000000000000000000e+00,0.000000000000000000e+00,0.000000000000000000e+00,0.000000000000000000e+00,0.000000000000000000e+00,0.000000000000000000e+00,0.000000000000000000e+00,0.000000000000000000e+00,0.000000000000000000e+00,0.000000000000000000e+00,0.000000000000000000e+00,0.000000000000000000e+00,0.000000000000000000e+00,0.000000000000000000e+00,0.000000000000000000e+00,0.000000000000000000e+00,0.000000000000000000e+00,0.000000000000000000e+00,0.000000000000000000e+00,0.000000000000000000e+00,0.000000000000000000e+00,0.000000000000000000e+00,0.000000000000000000e+00,0.000000000000000000e+00,0.000000000000000000e+00,0.000000000000000000e+00,0.000000000000000000e+00,0.000000000000000000e+00,0.000000000000000000e+00,0.000000000000000000e+00,0.000000000000000000e+00,0.000000000000000000e+00,0.000000000000000000e+00,0.000000000000000000e+00,0.000000000000000000e+00,0.000000000000000000e+00,0.000000000000000000e+00,0.000000000000000000e+00,0.000000000000000000e+00,0.000000000000000000e+00,0.000000000000000000e+00,0.000000000000000000e+00,0.000000000000000000e+00,0.000000000000000000e+00,0.000000000000000000e+00,0.000000000000000000e+00,0.000000000000000000e+00,0.000000000000000000e+00,0.000000000000000000e+00,0.000000000000000000e+00,0.000000000000000000e+00,0.000000000000000000e+00,0.000000000000000000e+00,1.000000000000000000e+00,6.889719482416518659e-01,2.005027155704270647e-01,-2.730331555473948235e-01,1.002576339426515251e-01,3.987718431024919741e-01,-4.874563911342190414e-02,2.166629469559581619e-02,3.696897622678869122e-01,-4.731042916366386131e-02,3.789637501604042336e-01,2.338013992005331665e-01,3.300722449638924805e-01,-2.480654405496748593e-01,1.212684680785266200e-01,-2.049126169103717560e-02,-6.478711693205556621e-01,6.967661461557524971e-01,2.615403863992922795e-01,1.974443674002847593e-01,3.971556816366924453e-02,2.348069216915263102e-01,1.879745059140242036e-01,2.199775200299630973e-01,5.375700281994739704e-01,-2.850380440660622017e-01,-2.059275705041395399e-01,-5.845820536577294169e-01,1.020046915840192442e-01,2.730611157322175298e-01,1.222212867789285312e-01,4.308797612136877619e-01,7.479998179801008451e-01,1.516892883428292427e-01,3.935149622863973740e-01
0.000000000000000000e+00,0.000000000000000000e+00,0.000000000000000000e+00,0.000000000000000000e+00,0.000000000000000000e+00,0.000000000000000000e+00,0.000000000000000000e+00,0.000000000000000000e+00,0.000000000000000000e+00,0.000000000000000000e+00,0.000000000000000000e+00,0.000000000000000000e+00,0.000000000000000000e+00,0.000000000000000000e+00,0.000000000000000000e+00,0.000000000000000000e+00,0.000000000000000000e+00,0.000000000000000000e+00,0.000000000000000000e+00,0.000000000000000000e+00,0.000000000000000000e+00,0.000000000000000000e+00,0.000000000000000000e+00,0.000000000000000000e+00,0.000000000000000000e+00,0.000000000000000000e+00,0.000000000000000000e+00,0.000000000000000000e+00,0.000000000000000000e+00,0.000000000000000000e+00,0.000000000000000000e+00,0.000000000000000000e+00,0.000000000000000000e+00,0.000000000000000000e+00,0.000000000000000000e+00,0.000000000000000000e+00,0.000000000000000000e+00,0.000000000000000000e+00,0.000000000000000000e+00,0.000000000000000000e+00,0.000000000000000000e+00,0.000000000000000000e+00,0.000000000000000000e+00,0.000000000000000000e+00,0.000000000000000000e+00,0.000000000000000000e+00,0.000000000000000000e+00,0.000000000000000000e+00,0.000000000000000000e+00,0.000000000000000000e+00,0.000000000000000000e+00,0.000000000000000000e+00,0.000000000000000000e+00,0.000000000000000000e+00,0.000000000000000000e+00,0.000000000000000000e+00,0.000000000000000000e+00,0.000000000000000000e+00,0.000000000000000000e+00,0.000000000000000000e+00,0.000000000000000000e+00,0.000000000000000000e+00,0.000000000000000000e+00,0.000000000000000000e+00,0.000000000000000000e+00,0.000000000000000000e+00,1.000000000000000000e+00,5.535437645489578173e-01,-3.662091107148717772e-01,3.340854795692592139e-01,3.344639119413854722e-01,3.212723852317743711e-01,2.403464201229839892e-01,6.256529212192506462e-01,-6.494301563470330496e-01,2.694877071484220732e-01,4.265581795196542458e-01,4.254432095831392480e-01,-1.513432108331703441e-01,4.333639223996050838e-01,-2.544294476856976978e-03,-9.756732730684006816e-01,5.874031479359131946e-01,4.492831556021660844e-01,-1.127400912692432394e-01,1.403554439051261371e-01,5.173955258561972054e-02,1.017260784824934872e-01,4.647629003253342939e-01,9.276251842004576975e-01,-3.849360957362186197e-01,-2.029778192798580572e-01,-4.428395427917780625e-01,4.039967097777389382e-01,4.374801950559204511e-01,5.389090933887936696e-01,5.240056480938548589e-01,4.599503620369167489e-01,1.489324557697927209e-01,7.090639157176086282e-01
0.000000000000000000e+00,0.000000000000000000e+00,0.000000000000000000e+00,0.000000000000000000e+00,0.000000000000000000e+00,0.000000000000000000e+00,0.000000000000000000e+00,0.000000000000000000e+00,0.000000000000000000e+00,0.000000000000000000e+00,0.000000000000000000e+00,0.000000000000000000e+00,0.000000000000000000e+00,0.000000000000000000e+00,0.000000000000000000e+00,0.000000000000000000e+00,0.000000000000000000e+00,0.000000000000000000e+00,0.000000000000000000e+00,0.000000000000000000e+00,0.000000000000000000e+00,0.000000000000000000e+00,0.000000000000000000e+00,0.000000000000000000e+00,0.000000000000000000e+00,0.000000000000000000e+00,0.000000000000000000e+00,0.000000000000000000e+00,0.000000000000000000e+00,0.000000000000000000e+00,0.000000000000000000e+00,0.000000000000000000e+00,0.000000000000000000e+00,0.000000000000000000e+00,0.000000000000000000e+00,0.000000000000000000e+00,0.000000000000000000e+00,0.000000000000000000e+00,0.000000000000000000e+00,0.000000000000000000e+00,0.000000000000000000e+00,0.000000000000000000e+00,0.000000000000000000e+00,0.000000000000000000e+00,0.000000000000000000e+00,0.000000000000000000e+00,0.000000000000000000e+00,0.000000000000000000e+00,0.000000000000000000e+00,0.000000000000000000e+00,0.000000000000000000e+00,0.000000000000000000e+00,0.000000000000000000e+00,0.000000000000000000e+00,0.000000000000000000e+00,0.000000000000000000e+00,0.000000000000000000e+00,0.000000000000000000e+00,0.000000000000000000e+00,0.000000000000000000e+00,0.000000000000000000e+00,0.000000000000000000e+00,0.000000000000000000e+00,0.000000000000000000e+00,0.000000000000000000e+00,0.000000000000000000e+00,0.000000000000000000e+00,1.000000000000000000e+00,-3.409091840611488400e-01,5.373918363818743771e-01,4.536847478950131185e-01,5.182724638932693084e-01,3.161959638523309524e-01,7.521544806832772823e-01,-1.000000000000000000e+00,1.095809274982741666e-01,7.365068349183807594e-01,6.459002159418618660e-01,-1.888812368152443522e-01,5.695148313969967679e-01,-2.596971810858414442e-01,-6.648053333865956427e-01,1.434712038457489347e-01,6.414167003419137814e-01,-1.887164772753404385e-01,4.149065024424286041e-01,-2.627690664017462430e-01,1.338558083000262189e-01,5.594054658714340267e-01,7.312412138670049133e-01,-3.571957852610559148e-02,3.004747329634617770e-01,5.238787865509281910e-02,6.115572516929274061e-01,4.938635739387593482e-01,7.904886365024499373e-01,5.774588387643516674e-01,-1.709845230385832748e-01,-3.031871602209777750e-02,3.084548160810665629e-01
0.000000000000000000e+00,0.000000000000000000e+00,0.000000000000000000e+00,0.000000000000000000e+00,0.000000000000000000e+00,0.000000000000000000e+00,0.000000000000000000e+00,0.000000000000000000e+00,0.000000000000000000e+00,0.000000000000000000e+00,0.000000000000000000e+00,0.000000000000000000e+00,0.000000000000000000e+00,0.000000000000000000e+00,0.000000000000000000e+00,0.000000000000000000e+00,0.000000000000000000e+00,0.000000000000000000e+00,0.000000000000000000e+00,0.000000000000000000e+00,0.000000000000000000e+00,0.000000000000000000e+00,0.000000000000000000e+00,0.000000000000000000e+00,0.000000000000000000e+00,0.000000000000000000e+00,0.000000000000000000e+00,0.000000000000000000e+00,0.000000000000000000e+00,0.000000000000000000e+00,0.000000000000000000e+00,0.000000000000000000e+00,0.000000000000000000e+00,0.000000000000000000e+00,0.000000000000000000e+00,0.000000000000000000e+00,0.000000000000000000e+00,0.000000000000000000e+00,0.000000000000000000e+00,0.000000000000000000e+00,0.000000000000000000e+00,0.000000000000000000e+00,0.000000000000000000e+00,0.000000000000000000e+00,0.000000000000000000e+00,0.000000000000000000e+00,0.000000000000000000e+00,0.000000000000000000e+00,0.000000000000000000e+00,0.000000000000000000e+00,0.000000000000000000e+00,0.000000000000000000e+00,0.000000000000000000e+00,0.000000000000000000e+00,0.000000000000000000e+00,0.000000000000000000e+00,0.000000000000000000e+00,0.000000000000000000e+00,0.000000000000000000e+00,0.000000000000000000e+00,0.000000000000000000e+00,0.000000000000000000e+00,0.000000000000000000e+00,0.000000000000000000e+00,0.000000000000000000e+00,0.000000000000000000e+00,0.000000000000000000e+00,0.000000000000000000e+00,1.000000000000000000e+00,-3.069427978924848532e-01,-1.000000000000000000e+00,-1.050896156242121932e-01,3.451773050649654118e-01,-6.047105288193140860e-01,1.000000000000000000e+00,-8.464446085506508455e-01,-5.252749307028903303e-01,-6.950983471561722471e-01,1.000000000000000000e+00,-8.551968175407573813e-01,-3.508405665429608633e-01,1.000000000000000000e+00,-1.205060036811148733e-02,-9.207259649487067321e-01,-2.470396136715106161e-01,-1.077927555053756620e-01,-2.022456653444077157e-01,-6.696698602289188340e-01,-1.962292096593548640e-01,-8.508736320324488123e-01,6.521662362047697670e-01,5.935508267481344191e-01,1.000000000000000000e+00,3.805922742706079331e-01,-8.127869552622593030e-01,-5.630367933765850763e-01,-8.838989999230364436e-01,-3.292564422183293371e-01,-3.495616129004887607e-01,-5.073262002882633626e-01
0.000000000000000000e+00,0.000000000000000000e+00,0.000000000000000000e+00,0.000000000000000000e+00,0.000000000000000000e+00,0.000000000000000000e+00,0.000000000000000000e+00,0.000000000000000000e+00,0.000000000000000000e+00,0.000000000000000000e+00,0.000000000000000000e+00,0.000000000000000000e+00,0.000000000000000000e+00,0.000000000000000000e+00,0.000000000000000000e+00,0.000000000000000000e+00,0.000000000000000000e+00,0.000000000000000000e+00,0.000000000000000000e+00,0.000000000000000000e+00,0.000000000000000000e+00,0.000000000000000000e+00,0.000000000000000000e+00,0.000000000000000000e+00,0.000000000000000000e+00,0.000000000000000000e+00,0.000000000000000000e+00,0.000000000000000000e+00,0.000000000000000000e+00,0.000000000000000000e+00,0.000000000000000000e+00,0.000000000000000000e+00,0.000000000000000000e+00,0.000000000000000000e+00,0.000000000000000000e+00,0.000000000000000000e+00,0.000000000000000000e+00,0.000000000000000000e+00,0.000000000000000000e+00,0.000000000000000000e+00,0.000000000000000000e+00,0.000000000000000000e+00,0.000000000000000000e+00,0.000000000000000000e+00,0.000000000000000000e+00,0.000000000000000000e+00,0.000000000000000000e+00,0.000000000000000000e+00,0.000000000000000000e+00,0.000000000000000000e+00,0.000000000000000000e+00,0.000000000000000000e+00,0.000000000000000000e+00,0.000000000000000000e+00,0.000000000000000000e+00,0.000000000000000000e+00,0.000000000000000000e+00,0.000000000000000000e+00,0.000000000000000000e+00,0.000000000000000000e+00,0.000000000000000000e+00,0.000000000000000000e+00,0.000000000000000000e+00,0.000000000000000000e+00,0.000000000000000000e+00,0.000000000000000000e+00,0.000000000000000000e+00,0.000000000000000000e+00,0.000000000000000000e+00,1.000000000000000000e+00,1.143172458497513366e-01,4.472518503915612897e-01,6.300220867918777667e-01,2.981213414311384979e-01,6.440561684282267163e-02,2.646296006349020402e-01,8.130142312242990554e-01,2.852249679733324661e-01,-1.119399329702609053e-01,5.064718251824608108e-01,-4.161766179934179299e-01,8.455880262342301001e-02,-2.775431852939199695e-01,6.357946234787164030e-01,-7.957313084805300862e-01,7.810885884288570891e-01,-9.597222234099794802e-02,4.561924353816084604e-02,4.298522276563517264e-01,4.124612605460076797e-01,2.733494846655605270e-01,5.415938479123065807e-01,-4.049056327831226931e-01,1.841587263878724234e-01,3.262252469667874522e-01,7.355123063369274350e-01,4.495204705589841421e-01,1.696629304822456219e-01,2.703274804902129902e-01,-1.010365971453718592e-01
0.000000000000000000e+00,0.000000000000000000e+00,0.000000000000000000e+00,0.000000000000000000e+00,0.000000000000000000e+00,0.000000000000000000e+00,0.000000000000000000e+00,0.000000000000000000e+00,0.000000000000000000e+00,0.000000000000000000e+00,0.000000000000000000e+00,0.000000000000000000e+00,0.000000000000000000e+00,0.000000000000000000e+00,0.000000000000000000e+00,0.000000000000000000e+00,0.000000000000000000e+00,0.000000000000000000e+00,0.000000000000000000e+00,0.000000000000000000e+00,0.000000000000000000e+00,0.000000000000000000e+00,0.000000000000000000e+00,0.000000000000000000e+00,0.000000000000000000e+00,0.000000000000000000e+00,0.000000000000000000e+00,0.000000000000000000e+00,0.000000000000000000e+00,0.000000000000000000e+00,0.000000000000000000e+00,0.000000000000000000e+00,0.000000000000000000e+00,0.000000000000000000e+00,0.000000000000000000e+00,0.000000000000000000e+00,0.000000000000000000e+00,0.000000000000000000e+00,0.000000000000000000e+00,0.000000000000000000e+00,0.000000000000000000e+00,0.000000000000000000e+00,0.000000000000000000e+00,0.000000000000000000e+00,0.000000000000000000e+00,0.000000000000000000e+00,0.000000000000000000e+00,0.000000000000000000e+00,0.000000000000000000e+00,0.000000000000000000e+00,0.000000000000000000e+00,0.000000000000000000e+00,0.000000000000000000e+00,0.000000000000000000e+00,0.000000000000000000e+00,0.000000000000000000e+00,0.000000000000000000e+00,0.000000000000000000e+00,0.000000000000000000e+00,0.000000000000000000e+00,0.000000000000000000e+00,0.000000000000000000e+00,0.000000000000000000e+00,0.000000000000000000e+00,0.000000000000000000e+00,0.000000000000000000e+00,0.000000000000000000e+00,0.000000000000000000e+00,0.000000000000000000e+00,0.000000000000000000e+00,1.000000000000000000e+00,1.313094819017278925e-01,-9.941222829525062088e-02,3.478335231623059243e-01,-3.217506197715607752e-01,3.709552249681064562e-01,2.495703498252141161e-01,4.930557415749750039e-01,-6.322596778087972158e-01,2.635861053129616716e-01,-3.642948771527206864e-01,-1.947457645593770048e-01,2.843036490828839136e-01,6.034643851255540037e-01,6.971809896275049656e-01,1.472543999981887342e-01,-9.542318217266600178e-02,5.094095864530260309e-01,7.420450018740096243e-02,2.214031026328169560e-01,3.848686166770105554e-01,-6.168911267400469661e-02,-2.650662072172415007e-01,1.897537054533667833e-01,3.638086454121592928e-01,2.848286510944108563e-01,3.567060931953650593e-01,9.563592723341778068e-02,1.249621244984240459e-01,5.352344589077533410e-01
0.000000000000000000e+00,0.000000000000000000e+00,0.000000000000000000e+00,0.000000000000000000e+00,0.000000000000000000e+00,0.000000000000000000e+00,0.000000000000000000e+00,0.000000000000000000e+00,0.000000000000000000e+00,0.000000000000000000e+00,0.000000000000000000e+00,0.000000000000000000e+00,0.000000000000000000e+00,0.000000000000000000e+00,0.000000000000000000e+00,0.000000000000000000e+00,0.000000000000000000e+00,0.000000000000000000e+00,0.000000000000000000e+00,0.000000000000000000e+00,0.000000000000000000e+00,0.000000000000000000e+00,0.000000000000000000e+00,0.000000000000000000e+00,0.000000000000000000e+00,0.000000000000000000e+00,0.000000000000000000e+00,0.000000000000000000e+00,0.000000000000000000e+00,0.000000000000000000e+00,0.000000000000000000e+00,0.000000000000000000e+00,0.000000000000000000e+00,0.000000000000000000e+00,0.000000000000000000e+00,0.000000000000000000e+00,0.000000000000000000e+00,0.000000000000000000e+00,0.000000000000000000e+00,0.000000000000000000e+00,0.000000000000000000e+00,0.000000000000000000e+00,0.000000000000000000e+00,0.000000000000000000e+00,0.000000000000000000e+00,0.000000000000000000e+00,0.000000000000000000e+00,0.000000000000000000e+00,0.000000000000000000e+00,0.000000000000000000e+00,0.000000000000000000e+00,0.000000000000000000e+00,0.000000000000000000e+00,0.000000000000000000e+00,0.000000000000000000e+00,0.000000000000000000e+00,0.000000000000000000e+00,0.000000000000000000e+00,0.000000000000000000e+00,0.000000000000000000e+00,0.000000000000000000e+00,0.000000000000000000e+00,0.000000000000000000e+00,0.000000000000000000e+00,0.000000000000000000e+00,0.000000000000000000e+00,0.000000000000000000e+00,0.000000000000000000e+00,0.000000000000000000e+00,0.000000000000000000e+00,0.000000000000000000e+00,1.000000000000000000e+00,5.511848211986839496e-01,7.863148206820814723e-01,-7.011076510103628756e-01,-2.949893056533037239e-01,6.602644422758645604e-01,4.929495742975014139e-01,3.044811525225967763e-01,4.660483899426999810e-01,-6.876981428939962226e-01,-1.747349510165868980e-01,3.323722305425979573e-01,7.141223996680917674e-01,1.193556280970799882e-01,5.384527581156546283e-01,-5.793690037563561379e-01,-1.129489183952820247e-01,6.806327356303004672e-01,7.756465465040138785e-01,6.296923467864290469e-01,7.203063422234717850e-01,4.580410748165081314e-01,6.843117360986213926e-01,3.599749373596367596e-01,1.000000000000000000e+00,3.218691901478416550e-01,-3.935142601073831070e-01,1.593753419208275013e-01,2.431360464084746931e-01
0.000000000000000000e+00,0.000000000000000000e+00,0.000000000000000000e+00,0.000000000000000000e+00,0.000000000000000000e+00,0.000000000000000000e+00,0.000000000000000000e+00,0.000000000000000000e+00,0.000000000000000000e+00,0.000000000000000000e+00,0.000000000000000000e+00,0.000000000000000000e+00,0.000000000000000000e+00,0.000000000000000000e+00,0.000000000000000000e+00,0.000000000000000000e+00,0.000000000000000000e+00,0.000000000000000000e+00,0.000000000000000000e+00,0.000000000000000000e+00,0.000000000000000000e+00,0.000000000000000000e+00,0.000000000000000000e+00,0.000000000000000000e+00,0.000000000000000000e+00,0.000000000000000000e+00,0.000000000000000000e+00,0.000000000000000000e+00,0.000000000000000000e+00,0.000000000000000000e+00,0.000000000000000000e+00,0.000000000000000000e+00,0.000000000000000000e+00,0.000000000000000000e+00,0.000000000000000000e+00,0.000000000000000000e+00,0.000000000000000000e+00,0.000000000000000000e+00,0.000000000000000000e+00,0.000000000000000000e+00,0.000000000000000000e+00,0.000000000000000000e+00,0.000000000000000000e+00,0.000000000000000000e+00,0.000000000000000000e+00,0.000000000000000000e+00,0.000000000000000000e+00,0.000000000000000000e+00,0.000000000000000000e+00,0.000000000000000000e+00,0.000000000000000000e+00,0.000000000000000000e+00,0.000000000000000000e+00,0.000000000000000000e+00,0.000000000000000000e+00,0.000000000000000000e+00,0.000000000000000000e+00,0.000000000000000000e+00,0.000000000000000000e+00,0.000000000000000000e+00,0.000000000000000000e+00,0.000000000000000000e+00,0.000000000000000000e+00,0.000000000000000000e+00,0.000000000000000000e+00,0.000000000000000000e+00,0.000000000000000000e+00,0.000000000000000000e+00,0.000000000000000000e+00,0.000000000000000000e+00,0.000000000000000000e+00,0.000000000000000000e+00,1.000000000000000000e+00,2.062296493379476847e-01,5.991499981695980193e-01,2.461080465700581643e-01,9.090359266820869921e-01,1.901961063696627763e-01,2.583953619000694535e-01,4.999927812800102345e-01,-5.366054267955270296e-01,4.853131045193130877e-01,-2.178923868223970051e-01,4.386832420025718049e-01,-5.807681271814641999e-01,8.012310237559067128e-01,-1.359745553960411413e-01,7.921047615922248430e-02,4.388295787130774284e-01,2.248374450736570496e-01,6.688304799924600363e-01,5.922887812675265984e-01,-1.905449147902732732e-01,9.567029141399915337e-01,2.058097347971508950e-01,7.912609836380016803e-01,1.928264780261122191e-01,3.805820443113702156e-01,3.788477198922977074e-01,1.150849665619470830e-01
0.000000000000000000e+00,0.000000000000000000e+00,0.000000000000000000e+00,0.000000000000000000e+00,0.000000000000000000e+00,0.000000000000000000e+00,0.000000000000000000e+00,0.000000000000000000e+00,0.000000000000000000e+00,0.000000000000000000e+00,0.000000000000000000e+00,0.000000000000000000e+00,0.000000000000000000e+00,0.000000000000000000e+00,0.000000000000000000e+00,0.000000000000000000e+00,0.000000000000000000e+00,0.000000000000000000e+00,0.000000000000000000e+00,0.000000000000000000e+00,0.000000000000000000e+00,0.000000000000000000e+00,0.000000000000000000e+00,0.000000000000000000e+00,0.000000000000000000e+00,0.000000000000000000e+00,0.000000000000000000e+00,0.000000000000000000e+00,0.000000000000000000e+00,0.000000000000000000e+00,0.000000000000000000e+00,0.000000000000000000e+00,0.000000000000000000e+00,0.000000000000000000e+00,0.000000000000000000e+00,0.000000000000000000e+00,0.000000000000000000e+00,0.000000000000000000e+00,0.000000000000000000e+00,0.000000000000000000e+00,0.000000000000000000e+00,0.000000000000000000e+00,0.000000000000000000e+00,0.000000000000000000e+00,0.000000000000000000e+00,0.000000000000000000e+00,0.000000000000000000e+00,0.000000000000000000e+00,0.000000000000000000e+00,0.000000000000000000e+00,0.000000000000000000e+00,0.000000000000000000e+00,0.000000000000000000e+00,0.000000000000000000e+00,0.000000000000000000e+00,0.000000000000000000e+00,0.000000000000000000e+00,0.000000000000000000e+00,0.000000000000000000e+00,0.000000000000000000e+00,0.000000000000000000e+00,0.000000000000000000e+00,0.000000000000000000e+00,0.000000000000000000e+00,0.000000000000000000e+00,0.000000000000000000e+00,0.000000000000000000e+00,0.000000000000000000e+00,0.000000000000000000e+00,0.000000000000000000e+00,0.000000000000000000e+00,0.000000000000000000e+00,0.000000000000000000e+00,1.000000000000000000e+00,-9.965183326334462466e-01,-6.980436820345835292e-02,6.673446183206678262e-01,7.063939699125142413e-01,7.145396868208299390e-02,4.285204783961998887e-01,-3.959050823529592922e-01,-8.798251698951586874e-01,7.459976231112497302e-01,6.542427249085972507e-01,3.963828371115230009e-01,3.351710820364548482e-01,-3.891138024770660064e-01,5.636077477844794043e-02,6.699013053738591683e-01,9.502604454298010372e-01,9.618986489855427258e-02,3.100050037323649477e-01,2.397317998633920477e-01,7.355289626604771813e-01,4.785429552789378094e-01,8.784744813877061187e-01,5.513198940176685658e-01,-4.658081468712904627e-02,-8.286980528152974868e-02,6.354774709279075173e-01
0.000000000000000000e+00,0.000000000000000000e+00,0.000000000000000000e+00,0.000000000000000000e+00,0.000000000000000000e+00,0.000000000000000000e+00,0.000000000000000000e+00,0.000000000000000000e+00,0.000000000000000000e+00,0.000000000000000000e+00,0.000000000000000000e+00,0.000000000000000000e+00,0.000000000000000000e+00,0.000000000000000000e+00,0.000000000000000000e+00,0.000000000000000000e+00,0.000000000000000000e+00,0.000000000000000000e+00,0.000000000000000000e+00,0.000000000000000000e+00,0.000000000000000000e+00,0.000000000000000000e+00,0.000000000000000000e+00,0.000000000000000000e+00,0.000000000000000000e+00,0.000000000000000000e+00,0.000000000000000000e+00,0.000000000000000000e+00,0.000000000000000000e+00,0.000000000000000000e+00,0.000000000000000000e+00,0.000000000000000000e+00,0.000000000000000000e+00,0.000000000000000000e+00,0.000000000000000000e+00,0.000000000000000000e+00,0.000000000000000000e+00,0.000000000000000000e+00,0.000000000000000000e+00,0.000000000000000000e+00,0.000000000000000000e+00,0.000000000000000000e+00,0.000000000000000000e+00,0.000000000000000000e+00,0.000000000000000000e+00,0.000000000000000000e+00,0.000000000000000000e+00,0.000000000000000000e+00,0.000000000000000000e+00,0.000000000000000000e+00,0.000000000000000000e+00,0.000000000000000000e+00,0.000000000000000000e+00,0.000000000000000000e+00,0.000000000000000000e+00,0.000000000000000000e+00,0.000000000000000000e+00,0.000000000000000000e+00,0.000000000000000000e+00,0.000000000000000000e+00,0.000000000000000000e+00,0.000000000000000000e+00,0.000000000000000000e+00,0.000000000000000000e+00,0.000000000000000000e+00,0.000000000000000000e+00,0.000000000000000000e+00,0.000000000000000000e+00,0.000000000000000000e+00,0.000000000000000000e+00,0.000000000000000000e+00,0.000000000000000000e+00,0.000000000000000000e+00,0.000000000000000000e+00,1.000000000000000000e+00,1.961100451785411924e-01,1.585781514512970003e-01,-1.865614473372294579e-01,6.332125081806390388e-02,-3.669827729331157778e-02,-1.362906684418250039e-02,6.360950294741223310e-01,-1.160005377300021290e-01,-4.205725877426117441e-03,1.655986085234317784e-01,2.209862637238667882e-01,1.587557375336962895e-01,5.856668549952970954e-02,-1.164386825265104480e-01,-3.377127979309509365e-01,4.047037381930840838e-01,6.311409079909059694e-02,-2.555789312424813220e-01,-7.996966393497867420e-02,-8.825604446552391680e-02,-1.029266834297594829e-01,-1.827275126582822151e-01,3.706363017999244613e-01,3.200311475846537856e-01,-1.845980807165634729e-01
0.000000000000000000e+00,0.000000000000000000e+00,0.000000000000000000e+00,0.000000000000000000e+00,0.000000000000000000e+00,0.000000000000000000e+00,0.000000000000000000e+00,0.000000000000000000e+00,0.000000000000000000e+00,0.000000000000000000e+00,0.000000000000000000e+00,0.000000000000000000e+00,0.000000000000000000e+00,0.000000000000000000e+00,0.000000000000000000e+00,0.000000000000000000e+00,0.000000000000000000e+00,0.000000000000000000e+00,0.000000000000000000e+00,0.000000000000000000e+00,0.000000000000000000e+00,0.000000000000000000e+00,0.000000000000000000e+00,0.000000000000000000e+00,0.000000000000000000e+00,0.000000000000000000e+00,0.000000000000000000e+00,0.000000000000000000e+00,0.000000000000000000e+00,0.000000000000000000e+00,0.000000000000000000e+00,0.000000000000000000e+00,0.000000000000000000e+00,0.000000000000000000e+00,0.000000000000000000e+00,0.000000000000000000e+00,0.000000000000000000e+00,0.000000000000000000e+00,0.000000000000000000e+00,0.000000000000000000e+00,0.000000000000000000e+00,0.000000000000000000e+00,0.000000000000000000e+00,0.000000000000000000e+00,0.000000000000000000e+00,0.000000000000000000e+00,0.000000000000000000e+00,0.000000000000000000e+00,0.000000000000000000e+00,0.000000000000000000e+00,0.000000000000000000e+00,0.000000000000000000e+00,0.000000000000000000e+00,0.000000000000000000e+00,0.000000000000000000e+00,0.000000000000000000e+00,0.000000000000000000e+00,0.000000000000000000e+00,0.000000000000000000e+00,0.000000000000000000e+00,0.000000000000000000e+00,0.000000000000000000e+00,0.000000000000000000e+00,0.000000000000000000e+00,0.000000000000000000e+00,0.000000000000000000e+00,0.000000000000000000e+00,0.000000000000000000e+00,0.000000000000000000e+00,0.000000000000000000e+00,0.000000000000000000e+00,0.000000000000000000e+00,0.000000000000000000e+00,0.000000000000000000e+00,0.000000000000000000e+00,1.000000000000000000e+00,7.449553647231482723e-01,2.006972157859385764e-01,-8.887566178989064758e-01,6.222513254616550693e-01,1.543675441116379721e-01,2.542626034249099720e-01,-4.235512118121419478e-01,5.736783426922107409e-01,-1.139033159086131307e-02,5.109324735992123445e-01,4.118744002205285692e-01,6.124703704443664742e-01,-2.417950851027909909e-02,3.705225026579763575e-02,1.927283750821150443e-01,-2.171481111266070074e-01,-1.000000000000000000e+00,-6.394480193681446878e-02,4.189194000966142695e-01,3.281615037858546802e-01,3.900460862557644237e-01,8.954212904046522370e-01,7.037853784472705154e-01,3.719912875523885554e-02
0.000000000000000000e+00,0.000000000000000000e+00,0.000000000000000000e+00,0.000000000000000000e+00,0.000000000000000000e+00,0.000000000000000000e+00,0.000000000000000000e+00,0.000000000000000000e+00,0.000000000000000000e+00,0.000000000000000000e+00,0.000000000000000000e+00,0.000000000000000000e+00,0.000000000000000000e+00,0.000000000000000000e+00,0.000000000000000000e+00,0.000000000000000000e+00,0.000000000000000000e+00,0.000000000000000000e+00,0.000000000000000000e+00,0.000000000000000000e+00,0.000000000000000000e+00,0.000000000000000000e+00,0.000000000000000000e+00,0.000000000000000000e+00,0.000000000000000000e+00,0.000000000000000000e+00,0.000000000000000000e+00,0.000000000000000000e+00,0.000000000000000000e+00,0.000000000000000000e+00,0.000000000000000000e+00,0.000000000000000000e+00,0.000000000000000000e+00,0.000000000000000000e+00,0.000000000000000000e+00,0.000000000000000000e+00,0.000000000000000000e+00,0.000000000000000000e+00,0.000000000000000000e+00,0.000000000000000000e+00,0.000000000000000000e+00,0.000000000000000000e+00,0.000000000000000000e+00,0.000000000000000000e+00,0.000000000000000000e+00,0.000000000000000000e+00,0.000000000000000000e+00,0.000000000000000000e+00,0.000000000000000000e+00,0.000000000000000000e+00,0.000000000000000000e+00,0.000000000000000000e+00,0.000000000000000000e+00,0.000000000000000000e+00,0.000000000000000000e+00,0.000000000000000000e+00,0.000000000000000000e+00,0.000000000000000000e+00,0.000000000000000000e+00,0.000000000000000000e+00,0.000000000000000000e+00,0.000000000000000000e+00,0.000000000000000000e+00,0.000000000000000000e+00,0.000000000000000000e+00,0.000000000000000000e+00,0.000000000000000000e+00,0.000000000000000000e+00,0.000000000000000000e+00,0.000000000000000000e+00,0.000000000000000000e+00,0.000000000000000000e+00,0.000000000000000000e+00,0.000000000000000000e+00,0.000000000000000000e+00,0.000000000000000000e+00,1.000000000000000000e+00,3.055925175851128550e-01,-1.103605472913873758e-01,5.378397642329373340e-01,-1.359660206042678510e-01,1.473263698509876263e-01,-1.545146890559257746e-01,5.874748319793702267e-01,-1.189774391595872505e-01,7.262792476226298533e-01,-2.724008911125290130e-02,1.926353766824777658e-01,3.616018749332746141e-01,2.936906161830382112e-01,4.041039493937121363e-01,3.258877717313557465e-01,-4.141688166963972129e-01,4.781956633899192011e-01,3.671612154908830972e-01,6.799241486812624968e-01,3.002812069905501091e-01,2.902582016843881507e-01,4.169709953966054816e-01,2.838000716225856299e-02
0.000000000000000000e+00,0.000000000000000000e+00,0.000000000000000000e+00,0.000000000000000000e+00,0.000000000000000000e+00,0.000000000000000000e+00,0.000000000000000000e+00,0.000000000000000000e+00,0.000000000000000000e+00,0.000000000000000000e+00,0.000000000000000000e+00,0.000000000000000000e+00,0.000000000000000000e+00,0.000000000000000000e+00,0.000000000000000000e+00,0.000000000000000000e+00,0.000000000000000000e+00,0.000000000000000000e+00,0.000000000000000000e+00,0.000000000000000000e+00,0.000000000000000000e+00,0.000000000000000000e+00,0.000000000000000000e+00,0.000000000000000000e+00,0.000000000000000000e+00,0.000000000000000000e+00,0.000000000000000000e+00,0.000000000000000000e+00,0.000000000000000000e+00,0.000000000000000000e+00,0.000000000000000000e+00,0.000000000000000000e+00,0.000000000000000000e+00,0.000000000000000000e+00,0.000000000000000000e+00,0.000000000000000000e+00,0.000000000000000000e+00,0.000000000000000000e+00,0.000000000000000000e+00,0.000000000000000000e+00,0.000000000000000000e+00,0.000000000000000000e+00,0.000000000000000000e+00,0.000000000000000000e+00,0.000000000000000000e+00,0.000000000000000000e+00,0.000000000000000000e+00,0.000000000000000000e+00,0.000000000000000000e+00,0.000000000000000000e+00,0.000000000000000000e+00,0.000000000000000000e+00,0.000000000000000000e+00,0.000000000000000000e+00,0.000000000000000000e+00,0.000000000000000000e+00,0.000000000000000000e+00,0.000000000000000000e+00,0.000000000000000000e+00,0.000000000000000000e+00,0.000000000000000000e+00,0.000000000000000000e+00,0.000000000000000000e+00,0.000000000000000000e+00,0.000000000000000000e+00,0.000000000000000000e+00,0.000000000000000000e+00,0.000000000000000000e+00,0.000000000000000000e+00,0.000000000000000000e+00,0.000000000000000000e+00,0.000000000000000000e+00,0.000000000000000000e+00,0.000000000000000000e+00,0.000000000000000000e+00,0.000000000000000000e+00,0.000000000000000000e+00,1.000000000000000000e+00,-4.104198293642605244e-01,5.687743530938861314e-01,-6.329343776050131432e-01,-7.074442263537882303e-01,6.479968537638358672e-01,9.131419634230092397e-01,3.999868245495217245e-01,4.881362654228998399e-01,-2.999568795946447319e-01,4.179174428265522434e-01,6.485286821896046883e-01,8.752213932453066780e-01,2.643993228299890141e-01,3.946637541742517019e-01,-5.935370830851564167e-02,9.059691197251167338e-01,6.718513632211482456e-01,8.539433708427098813e-01,8.030072807738017904e-01,4.486446750453995658e-02,2.625913919942736430e-02,5.312021166395297644e-01
0.000000000000000000e+00,0.000000000000000000e+00,0.000000000000000000e+00,0.000000000000000000e+00,0.000000000000000000e+00,0.000000000000000000e+00,0.000000000000000000e+00,0.000000000000000000e+00,0.000000000000000000e+00,0.000000000000000000e+00,0.000000000000000000e+00,0.000000000000000000e+00,0.000000000000000000e+00,0.000000000000000000e+00,0.000000000000000000e+00,0.000000000000000000e+00,0.000000000000000000e+00,0.000000000000000000e+00,0.000000000000000000e+00,0.000000000000000000e+00,0.000000000000000000e+00,0.000000000000000000e+00,0.000000000000000000e+00,0.000000000000000000e+00,0.000000000000000000e+00,0.000000000000000000e+00,0.000000000000000000e+00,0.000000000000000000e+00,0.000000000000000000e+00,0.000000000000000000e+00,0.000000000000000000e+00,0.000000000000000000e+00,0.000000000000000000e+00,0.000000000000000000e+00,0.000000000000000000e+00,0.000000000000000000e+00,0.000000000000000000e+00,0.000000000000000000e+00,0.000000000000000000e+00,0.000000000000000000e+00,0.000000000000000000e+00,0.000000000000000000e+00,0.000000000000000000e+00,0.000000000000000000e+00,0.000000000000000000e+00,0.000000000000000000e+00,0.000000000000000000e+00,0.000000000000000000e+00,0.000000000000000000e+00,0.000000000000000000e+00,0.000000000000000000e+00,0.000000000000000000e+00,0.000000000000000000e+00,0.000000000000000000e+00,0.000000000000000000e+00,0.000000000000000000e+00,0.000000000000000000e+00,0.000000000000000000e+00,0.000000000000000000e+00,0.000000000000000000e+00,0.000000000000000000e+00,0.000000000000000000e+00,0.000000000000000000e+00,0.000000000000000000e+00,0.000000000000000000e+00,0.000000000000000000e+00,0.000000000000000000e+00,0.000000000000000000e+00,0.000000000000000000e+00,0.000000000000000000e+00,0.000000000000000000e+00,0.000000000000000000e+00,0.000000000000000000e+00,0.000000000000000000e+00,0.000000000000000000e+00,0.000000000000000000e+00,0.000000000000000000e+00,0.000000000000000000e+00,1.000000000000000000e+00,-4.157151495155101961e-01,-1.157208895754236605e-01,1.289825803882267696e-02,4.252385648671634377e-01,-3.579646575207977022e-01,-2.211809321866267664e-01,-2.735604190808523309e-02,-1.388361774840967400e-01,-5.059707987293143860e-01,1.774359798827901680e-01,-4.390728608957106260e-02,-4.488656931919246355e-03,2.005675861420462280e-01,7.906944298136564520e-01,3.502094943515624559e-01,-2.891006001259566749e-01,-1.946189641960694161e-01,-3.485821201130327451e-01,-3.116841968155224518e-01,-3.181672533373057776e-01,3.562138564446934441e-02
0.000000000000000000e+00,0.000000000000000000e+00,0.000000000000000000e+00,0.000000000000000000e+00,0.000000000000000000e+00,0.000000000000000000e+00,0.000000000000000000e+00,0.000000000000000000e+00,0.000000000000000000e+00,0.000000000000000000e+00,0.000000000000000000e+00,0.000000000000000000e+00,0.000000000000000000e+00,0.000000000000000000e+00,0.000000000000000000e+00,0.000000000000000000e+00,0.000000000000000000e+00,0.000000000000000000e+00,0.000000000000000000e+00,0.000000000000000000e+00,0.000000000000000000e+00,0.000000000000000000e+00,0.000000000000000000e+00,0.000000000000000000e+00,0.000000000000000000e+00,0.000000000000000000e+00,0.000000000000000000e+00,0.000000000000000000e+00,0.000000000000000000e+00,0.000000000000000000e+00,0.000000000000000000e+00,0.000000000000000000e+00,0.000000000000000000e+00,0.000000000000000000e+00,0.000000000000000000e+00,0.000000000000000000e+00,0.000000000000000000e+00,0.000000000000000000e+00,0.000000000000000000e+00,0.000000000000000000e+00,0.000000000000000000e+00,0.000000000000000000e+00,0.000000000000000000e+00,0.000000000000000000e+00,0.000000000000000000e+00,0.000000000000000000e+00,0.000000000000000000e+00,0.000000000000000000e+00,0.000000000000000000e+00,0.000000000000000000e+00,0.000000000000000000e+00,0.000000000000000000e+00,0.000000000000000000e+00,0.000000000000000000e+00,0.000000000000000000e+00,0.000000000000000000e+00,0.000000000000000000e+00,0.000000000000000000e+00,0.000000000000000000e+00,0.000000000000000000e+00,0.000000000000000000e+00,0.000000000000000000e+00,0.000000000000000000e+00,0.000000000000000000e+00,0.000000000000000000e+00,0.000000000000000000e+00,0.000000000000000000e+00,0.000000000000000000e+00,0.000000000000000000e+00,0.000000000000000000e+00,0.000000000000000000e+00,0.000000000000000000e+00,0.000000000000000000e+00,0.000000000000000000e+00,0.000000000000000000e+00,0.000000000000000000e+00,0.000000000000000000e+00,0.000000000000000000e+00,0.000000000000000000e+00,1.000000000000000000e+00,-8.961577179107592384e-02,-6.044230186877699168e-02,-5.200284601341471635e-01,8.004255474727557385e-01,-1.012867205982184993e-01,6.931442336934219295e-01,-1.184466161359377379e-01,4.301368767972312268e-01,3.641444977258769811e-01,5.253661892954187840e-01,3.322899792676605735e-01,2.015788438480751177e-01,-7.591450348885551147e-01,4.955565589480493416e-01,5.558501260527887178e-01,1.000000000000000000e+00,5.109828474667037490e-01,4.179134993332391246e-01,6.006691016791411153e-01,1.873739301771353838e-01
0.000000000000000000e+00,0.000000000000000000e+00,0.000000000000000000e+00,0.000000000000000000e+00,0.000000000000000000e+00,0.000000000000000000e+00,0.000000000000000000e+00,0.000000000000000000e+00,0.000000000000000000e+00,0.000000000000000000e+00,0.000000000000000000e+00,0.000000000000000000e+00,0.000000000000000000e+00,0.000000000000000000e+00,0.000000000000000000e+00,0.000000000000000000e+00,0.000000000000000000e+00,0.000000000000000000e+00,0.000000000000000000e+00,0.000000000000000000e+00,0.000000000000000000e+00,0.000000000000000000e+00,0.000000000000000000e+00,0.000000000000000000e+00,0.000000000000000000e+00,0.000000000000000000e+00,0.000000000000000000e+00,0.000000000000000000e+00,0.000000000000000000e+00,0.000000000000000000e+00,0.000000000000000000e+00,0.000000000000000000e+00,0.000000000000000000e+00,0.000000000000000000e+00,0.000000000000000000e+00,0.000000000000000000e+00,0.000000000000000000e+00,0.000000000000000000e+00,0.000000000000000000e+00,0.000000000000000000e+00,0.000000000000000000e+00,0.000000000000000000e+00,0.000000000000000000e+00,0.000000000000000000e+00,0.000000000000000000e+00,0.000000000000000000e+00,0.000000000000000000e+00,0.000000000000000000e+00,0.000000000000000000e+00,0.000000000000000000e+00,0.000000000000000000e+00,0.000000000000000000e+00,0.000000000000000000e+00,0.000000000000000000e+00,0.000000000000000000e+00,0.000000000000000000e+00,0.000000000000000000e+00,0.000000000000000000e+00,0.000000000000000000e+00,0.000000000000000000e+00,0.000000000000000000e+00,0.000000000000000000e+00,0.000000000000000000e+00,0.000000000000000000e+00,0.000000000000000000e+00,0.000000000000000000e+00,0.000000000000000000e+00,0.000000000000000000e+00,0.000000000000000000e+00,0.000000000000000000e+00,0.000000000000000000e+00,0.000000000000000000e+00,0.000000000000000000e+00,0.000000000000000000e+00,0.000000000000000000e+00,0.000000000000000000e+00,0.000000000000000000e+00,0.000000000000000000e+00,0.000000000000000000e+00,0.000000000000000000e+00,1.000000000000000000e+00,-3.699270529832546228e-01,-2.341563707202687084e-01,-3.498714722700299595e-01,-1.960178173133567681e-01,-3.187340758509943917e-01,4.389378344801617149e-01,-1.831758289516940419e-01,-2.337080415893825480e-01,-9.164675253389401033e-02,-8.913348357120759458e-01,-6.230914570128013308e-01,-3.284531085819263341e-01,-7.189947988312969107e-01,-4.231038254554126549e-02,-5.888600384363011919e-01,-1.479150294969787116e-01,2.800452181637979807e-02,8.118003141446201998e-02,-3.386339818657105871e-01
0.000000000000000000e+00,0.000000000000000000e+00,0.000000000000000000e+00,0.000000000000000000e+00,0.000000000000000000e+00,0.000000000000000000e+00,0.000000000000000000e+00,0.000000000000000000e+00,0.000000000000000000e+00,0.000000000000000000e+00,0.000000000000000000e+00,0.000000000000000000e+00,0.000000000000000000e+00,0.000000000000000000e+00,0.000000000000000000e+00,0.000000000000000000e+00,0.000000000000000000e+00,0.000000000000000000e+00,0.000000000000000000e+00,0.000000000000000000e+00,0.000000000000000000e+00,0.000000000000000000e+00,0.000000000000000000e+00,0.000000000000000000e+00,0.000000000000000000e+00,0.000000000000000000e+00,0.000000000000000000e+00,0.000000000000000000e+00,0.000000000000000000e+00,0.000000000000000000e+00,0.000000000000000000e+00,0.000000000000000000e+00,0.000000000000000000e+00,0.000000000000000000e+00,0.000000000000000000e+00,0.000000000000000000e+00,0.000000000000000000e+00,0.000000000000000000e+00,0.000000000000000000e+00,0.000000000000000000e+00,0.000000000000000000e+00,0.000000000000000000e+00,0.000000000000000000e+00,0.000000000000000000e+00,0.000000000000000000e+00,0.000000000000000000e+00,0.000000000000000000e+00,0.000000000000000000e+00,0.000000000000000000e+00,0.000000000000000000e+00,0.000000000000000000e+00,0.000000000000000000e+00,0.000000000000000000e+00,0.000000000000000000e+00,0.000000000000000000e+00,0.000000000000000000e+00,0.000000000000000000e+00,0.000000000000000000e+00,0.000000000000000000e+00,0.000000000000000000e+00,0.000000000000000000e+00,0.000000000000000000e+00,0.000000000000000000e+00,0.000000000000000000e+00,0.000000000000000000e+00,0.000000000000000000e+00,0.000000000000000000e+00,0.000000000000000000e+00,0.000000000000000000e+00,0.000000000000000000e+00,0.000000000000000000e+00,0.000000000000000000e+00,0.000000000000000000e+00,0.000000000000000000e+00,0.000000000000000000e+00,0.000000000000000000e+00,0.000000000000000000e+00,0.000000000000000000e+00,0.000000000000000000e+00,0.000000000000000000e+00,0.000000000000000000e+00,1.000000000000000000e+00,-3.631817008847289530e-01,4.055556752028027616e-03,2.186310452199277943e-01,1.939382891685195454e-01,2.927419382708784483e-03,1.068291059532644610e-01,-1.544042503995114168e-01,-4.563247749370129003e-01,7.677789561254805273e-01,2.871985345665282185e-01,-7.713591259128049771e-02,-6.555996262152150034e-02,-1.282945748011700693e-01,2.952899485661758874e-02,-2.316569111798550407e-01,9.983159056335264014e-02,2.904595489583763346e-01,-3.457905786650674052e-01
0.000000000000000000e+00,0.000000000000000000e+00,0.000000000000000000e+00,0.000000000000000000e+00,0.000000000000000000e+00,0.000000000000000000e+00,0.000000000000000000e+00,0.000000000000000000e+00,0.000000000000000000e+00,0.000000000000000000e+00,0.000000000000000000e+00,0.000000000000000000e+00,0.000000000000000000e+00,0.000000000000000000e+00,0.000000000000000000e+00,0.000000000000000000e+00,0.000000000000000000e+00,0.000000000000000000e+00,0.000000000000000000e+00,0.000000000000000000e+00,0.000000000000000000e+00,0.000000000000000000e+00,0.000000000000000000e+00,0.000000000000000000e+00,0.000000000000000000e+00,0.000000000000000000e+00,0.000000000000000000e+00,0.000000000000000000e+00,0.000000000000000000e+00,0.000000000000000000e+00,0.000000000000000000e+00,0.000000000000000000e+00,0.000000000000000000e+00,0.000000000000000000e+00,0.000000000000000000e+00,0.000000000000000000e+00,0.000000000000000000e+00,0.000000000000000000e+00,0.000000000000000000e+00,0.000000000000000000e+00,0.000000000000000000e+00,0.000000000000000000e+00,0.000000000000000000e+00,0.000000000000000000e+00,0.000000000000000000e+00,0.000000000000000000e+00,0.000000000000000000e+00,0.000000000000000000e+00,0.000000000000000000e+00,0.000000000000000000e+00,0.000000000000000000e+00,0.000000000000000000e+00,0.000000000000000000e+00,0.000000000000000000e+00,0.000000000000000000e+00,0.000000000000000000e+00,0.000000000000000000e+00,0.000000000000000000e+00,0.000000000000000000e+00,0.000000000000000000e+00,0.000000000000000000e+00,0.000000000000000000e+00,0.000000000000000000e+00,0.000000000000000000e+00,0.000000000000000000e+00,0.000000000000000000e+00,0.000000000000000000e+00,0.000000000000000000e+00,0.000000000000000000e+00,0.000000000000000000e+00,0.000000000000000000e+00,0.000000000000000000e+00,0.000000000000000000e+00,0.000000000000000000e+00,0.000000000000000000e+00,0.000000000000000000e+00,0.000000000000000000e+00,0.000000000000000000e+00,0.000000000000000000e+00,0.000000000000000000e+00,0.000000000000000000e+00,0.000000000000000000e+00,1.000000000000000000e+00,-1.310317385810194852e-03,5.909516079632085583e-01,-1.854848229060088449e-01,-4.364835865738463105e-02,-1.044315345689518088e-01,1.990813943460436330e-01,3.308130427512150917e-01,-1.289254100676470449e-01,-7.751979192335398117e-02,3.281926930817450350e-01,2.401003445685503390e-01,3.941947886246807004e-02,-1.711709484478014798e-01,6.058026158156095548e-02,6.548346719080780365e-02,-1.707837895680640594e-01,3.770637588605165735e-01
0.000000000000000000e+00,0.000000000000000000e+00,0.000000000000000000e+00,0.000000000000000000e+00,0.000000000000000000e+00,0.000000000000000000e+00,0.000000000000000000e+00,0.000000000000000000e+00,0.000000000000000000e+00,0.000000000000000000e+00,0.000000000000000000e+00,0.000000000000000000e+00,0.000000000000000000e+00,0.000000000000000000e+00,0.000000000000000000e+00,0.000000000000000000e+00,0.000000000000000000e+00,0.000000000000000000e+00,0.000000000000000000e+00,0.000000000000000000e+00,0.000000000000000000e+00,0.000000000000000000e+00,0.000000000000000000e+00,0.000000000000000000e+00,0.000000000000000000e+00,0.000000000000000000e+00,0.000000000000000000e+00,0.000000000000000000e+00,0.000000000000000000e+00,0.000000000000000000e+00,0.000000000000000000e+00,0.000000000000000000e+00,0.000000000000000000e+00,0.000000000000000000e+00,0.000000000000000000e+00,0.000000000000000000e+00,0.000000000000000000e+00,0.000000000000000000e+00,0.000000000000000000e+00,0.000000000000000000e+00,0.000000000000000000e+00,0.000000000000000000e+00,0.000000000000000000e+00,0.000000000000000000e+00,0.000000000000000000e+00,0.000000000000000000e+00,0.000000000000000000e+00,0.000000000000000000e+00,0.000000000000000000e+00,0.000000000000000000e+00,0.000000000000000000e+00,0.000000000000000000e+00,0.000000000000000000e+00,0.000000000000000000e+00,0.000000000000000000e+00,0.000000000000000000e+00,0.000000000000000000e+00,0.000000000000000000e+00,0.000000000000000000e+00,0.000000000000000000e+00,0.000000000000000000e+00,0.000000000000000000e+00,0.000000000000000000e+00,0.000000000000000000e+00,0.000000000000000000e+00,0.000000000000000000e+00,0.000000000000000000e+00,0.000000000000000000e+00,0.000000000000000000e+00,0.000000000000000000e+00,0.000000000000000000e+00,0.000000000000000000e+00,0.000000000000000000e+00,0.000000000000000000e+00,0.000000000000000000e+00,0.000000000000000000e+00,0.000000000000000000e+00,0.000000000000000000e+00,0.000000000000000000e+00,0.000000000000000000e+00,0.000000000000000000e+00,0.000000000000000000e+00,0.000000000000000000e+00,1.000000000000000000e+00,2.040705203770911691e-01,7.423430754704229972e-01,-1.086936210184746565e-01,4.035963543341504201e-01,4.059006057051527394e-01,4.264227583718730452e-01,6.219805267099930424e-01,2.305885880236694940e-01,-5.249549069188983452e-01,2.431830282745835736e-01,5.272124680692088505e-01,9.048773624265527005e-01,4.471079927988223512e-01,2.308328382866083051e-01,4.770388214421428241e-01,3.352412217848632081e-01
0.000000000000000000e+00,0.000000000000000000e+00,0.000000000000000000e+00,0.000000000000000000e+00,0.000000000000000000e+00,0.000000000000000000e+00,0.000000000000000000e+00,0.000000000000000000e+00,0.000000000000000000e+00,0.000000000000000000e+00,0.000000000000000000e+00,0.000000000000000000e+00,0.000000000000000000e+00,0.000000000000000000e+00,0.000000000000000000e+00,0.000000000000000000e+00,0.000000000000000000e+00,0.000000000000000000e+00,0.000000000000000000e+00,0.000000000000000000e+00,0.000000000000000000e+00,0.000000000000000000e+00,0.000000000000000000e+00,0.000000000000000000e+00,0.000000000000000000e+00,0.000000000000000000e+00,0.000000000000000000e+00,0.000000000000000000e+00,0.000000000000000000e+00,0.000000000000000000e+00,0.000000000000000000e+00,0.000000000000000000e+00,0.000000000000000000e+00,0.000000000000000000e+00,0.000000000000000000e+00,0.000000000000000000e+00,0.000000000000000000e+00,0.000000000000000000e+00,0.000000000000000000e+00,0.000000000000000000e+00,0.000000000000000000e+00,0.000000000000000000e+00,0.000000000000000000e+00,0.000000000000000000e+00,0.000000000000000000e+00,0.000000000000000000e+00,0.000000000000000000e+00,0.000000000000000000e+00,0.000000000000000000e+00,0.000000000000000000e+00,0.000000000000000000e+00,0.000000000000000000e+00,0.000000000000000000e+00,0.000000000000000000e+00,0.000000000000000000e+00,0.000000000000000000e+00,0.000000000000000000e+00,0.000000000000000000e+00,0.000000000000000000e+00,0.000000000000000000e+00,0.000000000000000000e+00,0.000000000000000000e+00,0.000000000000000000e+00,0.000000000000000000e+00,0.000000000000000000e+00,0.000000000000000000e+00,0.000000000000000000e+00,0.000000000000000000e+00,0.000000000000000000e+00,0.000000000000000000e+00,0.000000000000000000e+00,0.000000000000000000e+00,0.000000000000000000e+00,0.000000000000000000e+00,0.000000000000000000e+00,0.000000000000000000e+00,0.000000000000000000e+00,0.000000000000000000e+00,0.000000000000000000e+00,0.000000000000000000e+00,0.000000000000000000e+00,0.000000000000000000e+00,0.000000000000000000e+00,0.000000000000000000e+00,1.000000000000000000e+00,-1.106189718160549562e-01,-1.203762610445546777e-01,1.481805670085581395e-01,-6.754660900227187070e-02,-5.554390929275268562e-02,3.932668716879918480e-01,-2.597039478314279448e-02,1.248303535429233363e-01,8.524153995182359722e-02,1.413938520934115983e-02,4.862572252410177903e-02,-8.889758465124614206e-02,8.029070172180249876e-02,1.192870785523381522e-01,1.398392500448949471e-01
0.000000000000000000e+00,0.000000000000000000e+00,0.000000000000000000e+00,0.000000000000000000e+00,0.000000000000000000e+00,0.000000000000000000e+00,0.000000000000000000e+00,0.000000000000000000e+00,0.000000000000000000e+00,0.000000000000000000e+00,0.000000000000000000e+00,0.000000000000000000e+00,0.000000000000000000e+00,0.000000000000000000e+00,0.000000000000000000e+00,0.000000000000000000e+00,0.000000000000000000e+00,0.000000000000000000e+00,0.000000000000000000e+00,0.000000000000000000e+00,0.000000000000000000e+00,0.000000000000000000e+00,0.000000000000000000e+00,0.000000000000000000e+00,0.000000000000000000e+00,0.000000000000000000e+00,0.000000000000000000e+00,0.000000000000000000e+00,0.000000000000000000e+00,0.000000000000000000e+00,0.000000000000000000e+00,0.000000000000000000e+00,0.000000000000000000e+00,0.000000000000000000e+00,0.000000000000000000e+00,0.000000000000000000e+00,0.000000000000000000e+00,0.000000000000000000e+00,0.000000000000000000e+00,0.000000000000000000e+00,0.000000000000000000e+00,0.000000000000000000e+00,0.000000000000000000e+00,0.000000000000000000e+00,0.000000000000000000e+00,0.000000000000000000e+00,0.000000000000000000e+00,0.000000000000000000e+00,0.000000000000000000e+00,0.000000000000000000e+00,0.000000000000000000e+00,0.000000000000000000e+00,0.000000000000000000e+00,0.000000000000000000e+00,0.000000000000000000e+00,0.000000000000000000e+00,0.000000000000000000e+00,0.000000000000000000e+00,0.000000000000000000e+00,0.000000000000000000e+00,0.000000000000000000e+00,0.000000000000000000e+00,0.000000000000000000e+00,0.000000000000000000e+00,0.000000000000000000e+00,0.000000000000000000e+00,0.000000000000000000e+00,0.000000000000000000e+00,0.000000000000000000e+00,0.000000000000000000e+00,0.000000000000000000e+00,0.000000000000000000e+00,0.000000000000000000e+00,0.000000000000000000e+00,0.000000000000000000e+00,0.000000000000000000e+00,0.000000000000000000e+00,0.000000000000000000e+00,0.000000000000000000e+00,0.000000000000000000e+00,0.000000000000000000e+00,0.000000000000000000e+00,0.000000000000000000e+00,0.000000000000000000e+00,0.000000000000000000e+00,1.000000000000000000e+00,-6.034240885492063444e-02,1.854076399215633109e-01,3.928580955205389080e-01,1.709183352379645970e-01,6.432410686853026194e-01,4.978561264520202645e-01,-4.424722257336984876e-01,4.534056373389480088e-01,3.450513043641740274e-01,7.790244922154002660e-01,2.803312949471193360e-01,3.063669623216527249e-01,4.616455739049961093e-01,-3.064575381730212048e-03
0.000000000000000000e+00,0.000000000000000000e+00,0.000000000000000000e+00,0.000000000000000000e+00,0.000000000000000000e+00,0.000000000000000000e+00,0.000000000000000000e+00,0.000000000000000000e+00,0.000000000000000000e+00,0.000000000000000000e+00,0.000000000000000000e+00,0.000000000000000000e+00,0.000000000000000000e+00,0.000000000000000000e+00,0.000000000000000000e+00,0.000000000000000000e+00,0.000000000000000000e+00,0.000000000000000000e+00,0.000000000000000000e+00,0.000000000000000000e+00,0.000000000000000000e+00,0.000000000000000000e+00,0.000000000000000000e+00,0.000000000000000000e+00,0.000000000000000000e+00,0.000000000000000000e+00,0.000000000000000000e+00,0.000000000000000000e+00,0.000000000000000000e+00,0.000000000000000000e+00,0.000000000000000000e+00,0.000000000000000000e+00,0.000000000000000000e+00,0.000000000000000000e+00,0.000000000000000000e+00,0.000000000000000000e+00,0.000000000000000000e+00,0.000000000000000000e+00,0.000000000000000000e+00,0.000000000000000000e+00,0.000000000000000000e+00,0.000000000000000000e+00,0.000000000000000000e+00,0.000000000000000000e+00,0.000000000000000000e+00,0.000000000000000000e+00,0.000000000000000000e+00,0.000000000000000000e+00,0.000000000000000000e+00,0.000000000000000000e+00,0.000000000000000000e+00,0.000000000000000000e+00,0.000000000000000000e+00,0.000000000000000000e+00,0.000000000000000000e+00,0.000000000000000000e+00,0.000000000000000000e+00,0.000000000000000000e+00,0.000000000000000000e+00,0.000000000000000000e+00,0.000000000000000000e+00,0.000000000000000000e+00,0.000000000000000000e+00,0.000000000000000000e+00,0.000000000000000000e+00,0.000000000000000000e+00,0.000000000000000000e+00,0.000000000000000000e+00,0.000000000000000000e+00,0.000000000000000000e+00,0.000000000000000000e+00,0.000000000000000000e+00,0.000000000000000000e+00,0.000000000000000000e+00,0.000000000000000000e+00,0.000000000000000000e+00,0.000000000000000000e+00,0.000000000000000000e+00,0.000000000000000000e+00,0.000000000000000000e+00,0.000000000000000000e+00,0.000000000000000000e+00,0.000000000000000000e+00,0.000000000000000000e+00,0.000000000000000000e+00,0.000000000000000000e+00,1.000000000000000000e+00,3.671944138988839090e-02,-2.636006495749552703e-01,-3.068032810123679233e-01,-8.220512008689867534e-01,-7.751789256784396009e-01,-1.000000000000000000e+00,-1.000000000000000000e+00,1.467430908745018248e-02,-9.579246918993721271e-01,-5.443691305136134917e-02,6.361860358643205426e-01,4.413650578183653805e-01,-6.307075583744256031e-01
0.000000000000000000e+00,0.000000000000000000e+00,0.000000000000000000e+00,0.000000000000000000e+00,0.000000000000000000e+00,0.000000000000000000e+00,0.000000000000000000e+00,0.000000000000000000e+00,0.000000000000000000e+00,0.000000000000000000e+00,0.000000000000000000e+00,0.000000000000000000e+00,0.000000000000000000e+00,0.000000000000000000e+00,0.000000000000000000e+00,0.000000000000000000e+00,0.000000000000000000e+00,0.000000000000000000e+00,0.000000000000000000e+00,0.000000000000000000e+00,0.000000000000000000e+00,0.000000000000000000e+00,0.000000000000000000e+00,0.000000000000000000e+00,0.000000000000000000e+00,0.000000000000000000e+00,0.000000000000000000e+00,0.000000000000000000e+00,0.000000000000000000e+00,0.000000000000000000e+00,0.000000000000000000e+00,0.000000000000000000e+00,0.000000000000000000e+00,0.000000000000000000e+00,0.000000000000000000e+00,0.000000000000000000e+00,0.000000000000000000e+00,0.000000000000000000e+00,0.000000000000000000e+00,0.000000000000000000e+00,0.000000000000000000e+00,0.000000000000000000e+00,0.000000000000000000e+00,0.000000000000000000e+00,0.000000000000000000e+00,0.000000000000000000e+00,0.000000000000000000e+00,0.000000000000000000e+00,0.000000000000000000e+00,0.000000000000000000e+00,0.000000000000000000e+00,0.000000000000000000e+00,0.000000000000000000e+00,0.000000000000000000e+00,0.000000000000000000e+00,0.000000000000000000e+00,0.000000000000000000e+00,0.000000000000000000e+00,0.000000000000000000e+00,0.000000000000000000e+00,0.000000000000000000e+00,0.000000000000000000e+00,0.000000000000000000e+00,0.000000000000000000e+00,0.000000000000000000e+00,0.000000000000000000e+00,0.000000000000000000e+00,0.000000000000000000e+00,0.000000000000000000e+00,0.000000000000000000e+00,0.000000000000000000e+00,0.000000000000000000e+00,0.000000000000000000e+00,0.000000000000000000e+00,0.000000000000000000e+00,0.000000000000000000e+00,0.000000000000000000e+00,0.000000000000000000e+00,0.000000000000000000e+00,0.000000000000000000e+00,0.000000000000000000e+00,0.000000000000000000e+00,0.000000000000000000e+00,0.000000000000000000e+00,0.000000000000000000e+00,0.000000000000000000e+00,0.000000000000000000e+00,1.000000000000000000e+00,-9.714232044441650782e-02,-7.630775106849023437e-02,8.650536973694560317e-01,-1.630095077897537603e-01,-9.656315385217162373e-01,3.472014734602729136e-01,4.320670892586984113e-01,6.973937038002132605e-01,3.500707116738633329e-01,6.250680278137007440e-01,5.348570923835740398e-01,4.691921857642659677e-01
0.000000000000000000e+00,0.000000000000000000e+00,0.000000000000000000e+00,0.000000000000000000e+00,0.000000000000000000e+00,0.000000000000000000e+00,0.000000000000000000e+00,0.000000000000000000e+00,0.000000000000000000e+00,0.000000000000000000e+00,0.000000000000000000e+00,0.000000000000000000e+00,0.000000000000000000e+00,0.000000000000000000e+00,0.000000000000000000e+00,0.000000000000000000e+00,0.000000000000000000e+00,0.000000000000000000e+00,0.000000000000000000e+00,0.000000000000000000e+00,0.000000000000000000e+00,0.000000000000000000e+00,0.000000000000000000e+00,0.000000000000000000e+00,0.000000000000000000e+00,0.000000000000000000e+00,0.000000000000000000e+00,0.000000000000000000e+00,0.000000000000000000e+00,0.000000000000000000e+00,0.000000000000000000e+00,0.000000000000000000e+00,0.000000000000000000e+00,0.000000000000000000e+00,0.000000000000000000e+00,0.000000000000000000e+00,0.000000000000000000e+00,0.000000000000000000e+00,0.000000000000000000e+00,0.000000000000000000e+00,0.000000000000000000e+00,0.000000000000000000e+00,0.000000000000000000e+00,0.000000000000000000e+00,0.000000000000000000e+00,0.000000000000000000e+00,0.000000000000000000e+00,0.000000000000000000e+00,0.000000000000000000e+00,0.000000000000000000e+00,0.000000000000000000e+00,0.000000000000000000e+00,0.000000000000000000e+00,0.000000000000000000e+00,0.000000000000000000e+00,0.000000000000000000e+00,0.000000000000000000e+00,0.000000000000000000e+00,0.000000000000000000e+00,0.000000000000000000e+00,0.000000000000000000e+00,0.000000000000000000e+00,0.000000000000000000e+00,0.000000000000000000e+00,0.000000000000000000e+00,0.000000000000000000e+00,0.000000000000000000e+00,0.000000000000000000e+00,0.000000000000000000e+00,0.000000000000000000e+00,0.000000000000000000e+00,0.000000000000000000e+00,0.000000000000000000e+00,0.000000000000000000e+00,0.000000000000000000e+00,0.000000000000000000e+00,0.000000000000000000e+00,0.000000000000000000e+00,0.000000000000000000e+00,0.000000000000000000e+00,0.000000000000000000e+00,0.000000000000000000e+00,0.000000000000000000e+00,0.000000000000000000e+00,0.000000000000000000e+00,0.000000000000000000e+00,0.000000000000000000e+00,0.000000000000000000e+00,1.000000000000000000e+00,1.000000000000000000e+00,1.470638981357610398e-01,6.249535010282398773e-01,1.054237880515577069e-01,9.711178043823175399e-01,5.613448605404216529e-01,1.000000000000000000e+00,6.381686528574468387e-01,5.644112825700264152e-02,1.156349440639660164e-01,3.521597358700105374e-01
0.000000000000000000e+00,0.000000000000000000e+00,0.000000000000000000e+00,0.000000000000000000e+00,0.000000000000000000e+00,0.000000000000000000e+00,0.000000000000000000e+00,0.000000000000000000e+00,0.000000000000000000e+00,0.000000000000000000e+00,0.000000000000000000e+00,0.000000000000000000e+00,0.000000000000000000e+00,0.000000000000000000e+00,0.000000000000000000e+00,0.000000000000000000e+00,0.000000000000000000e+00,0.000000000000000000e+00,0.000000000000000000e+00,0.000000000000000000e+00,0.000000000000000000e+00,0.000000000000000000e+00,0.000000000000000000e+00,0.000000000000000000e+00,0.000000000000000000e+00,0.000000000000000000e+00,0.000000000000000000e+00,0.000000000000000000e+00,0.000000000000000000e+00,0.000000000000000000e+00,0.000000000000000000e+00,0.000000000000000000e+00,0.000000000000000000e+00,0.000000000000000000e+00,0.000000000000000000e+00,0.000000000000000000e+00,0.000000000000000000e+00,0.000000000000000000e+00,0.000000000000000000e+00,0.000000000000000000e+00,0.000000000000000000e+00,0.000000000000000000e+00,0.000000000000000000e+00,0.000000000000000000e+00,0.000000000000000000e+00,0.000000000000000000e+00,0.000000000000000000e+00,0.000000000000000000e+00,0.000000000000000000e+00,0.000000000000000000e+00,0.000000000000000000e+00,0.000000000000000000e+00,0.000000000000000000e+00,0.000000000000000000e+00,0.000000000000000000e+00,0.000000000000000000e+00,0.000000000000000000e+00,0.000000000000000000e+00,0.000000000000000000e+00,0.000000000000000000e+00,0.000000000000000000e+00,0.000000000000000000e+00,0.000000000000000000e+00,0.000000000000000000e+00,0.000000000000000000e+00,0.000000000000000000e+00,0.000000000000000000e+00,0.000000000000000000e+00,0.000000000000000000e+00,0.000000000000000000e+00,0.000000000000000000e+00,0.000000000000000000e+00,0.000000000000000000e+00,0.000000000000000000e+00,0.000000000000000000e+00,0.000000000000000000e+00,0.000000000000000000e+00,0.000000000000000000e+00,0.000000000000000000e+00,0.000000000000000000e+00,0.000000000000000000e+00,0.000000000000000000e+00,0.000000000000000000e+00,0.000000000000000000e+00,0.000000000000000000e+00,0.000000000000000000e+00,0.000000000000000000e+00,0.000000000000000000e+00,0.000000000000000000e+00,1.000000000000000000e+00,-3.946313222617088279e-01,1.188755304756650838e-01,-1.241064084594372674e-01,4.483910857790185389e-01,4.210600641140725409e-01,6.446866844444194555e-01,5.652450215331746852e-01,1.101956023156255848e-01,3.683790914360581328e-03,4.454257191563659735e-01
0.000000000000000000e+00,0.000000000000000000e+00,0.000000000000000000e+00,0.000000000000000000e+00,0.000000000000000000e+00,0.000000000000000000e+00,0.000000000000000000e+00,0.000000000000000000e+00,0.000000000000000000e+00,0.000000000000000000e+00,0.000000000000000000e+00,0.000000000000000000e+00,0.000000000000000000e+00,0.000000000000000000e+00,0.000000000000000000e+00,0.000000000000000000e+00,0.000000000000000000e+00,0.000000000000000000e+00,0.000000000000000000e+00,0.000000000000000000e+00,0.000000000000000000e+00,0.000000000000000000e+00,0.000000000000000000e+00,0.000000000000000000e+00,0.000000000000000000e+00,0.000000000000000000e+00,0.000000000000000000e+00,0.000000000000000000e+00,0.000000000000000000e+00,0.000000000000000000e+00,0.000000000000000000e+00,0.000000000000000000e+00,0.000000000000000000e+00,0.000000000000000000e+00,0.000000000000000000e+00,0.000000000000000000e+00,0.000000000000000000e+00,0.000000000000000000e+00,0.000000000000000000e+00,0.000000000000000000e+00,0.000000000000000000e+00,0.000000000000000000e+00,0.000000000000000000e+00,0.000000000000000000e+00,0.000000000000000000e+00,0.000000000000000000e+00,0.000000000000000000e+00,0.000000000000000000e+00,0.000000000000000000e+00,0.000000000000000000e+00,0.000000000000000000e+00,0.000000000000000000e+00,0.000000000000000000e+00,0.000000000000000000e+00,0.000000000000000000e+00,0.000000000000000000e+00,0.000000000000000000e+00,0.000000000000000000e+00,0.000000000000000000e+00,0.000000000000000000e+00,0.000000000000000000e+00,0.000000000000000000e+00,0.000000000000000000e+00,0.000000000000000000e+00,0.000000000000000000e+00,0.000000000000000000e+00,0.000000000000000000e+00,0.000000000000000000e+00,0.000000000000000000e+00,0.000000000000000000e+00,0.000000000000000000e+00,0.000000000000000000e+00,0.000000000000000000e+00,0.000000000000000000e+00,0.000000000000000000e+00,0.000000000000000000e+00,0.000000000000000000e+00,0.000000000000000000e+00,0.000000000000000000e+00,0.000000000000000000e+00,0.000000000000000000e+00,0.000000000000000000e+00,0.000000000000000000e+00,0.000000000000000000e+00,0.000000000000000000e+00,0.000000000000000000e+00,0.000000000000000000e+00,0.000000000000000000e+00,0.000000000000000000e+00,0.000000000000000000e+00,1.000000000000000000e+00,3.548934406292101329e-01,5.432153383765801063e-02,2.718856297542529554e-01,1.480684495076381273e-02,4.070309406576007594e-01,-8.872340427539827934e-02,8.848093887913062450e-02,2.475852078710773230e-01,9.987879127461306294e-02
0.000000000000000000e+00,0.000000000000000000e+00,0.000000000000000000e+00,0.000000000000000000e+00,0.000000000000000000e+00,0.000000000000000000e+00,0.000000000000000000e+00,0.000000000000000000e+00,0.000000000000000000e+00,0.000000000000000000e+00,0.000000000000000000e+00,0.000000000000000000e+00,0.000000000000000000e+00,0.000000000000000000e+00,0.000000000000000000e+00,0.000000000000000000e+00,0.000000000000000000e+00,0.000000000000000000e+00,0.000000000000000000e+00,0.000000000000000000e+00,0.000000000000000000e+00,0.000000000000000000e+00,0.000000000000000000e+00,0.000000000000000000e+00,0.000000000000000000e+00,0.000000000000000000e+00,0.000000000000000000e+00,0.000000000000000000e+00,0.000000000000000000e+00,0.000000000000000000e+00,0.000000000000000000e+00,0.000000000000000000e+00,0.000000000000000000e+00,0.000000000000000000e+00,0.000000000000000000e+00,0.000000000000000000e+00,0.000000000000000000e+00,0.000000000000000000e+00,0.000000000000000000e+00,0.000000000000000000e+00,0.000000000000000000e+00,0.000000000000000000e+00,0.000000000000000000e+00,0.000000000000000000e+00,0.000000000000000000e+00,0.000000000000000000e+00,0.000000000000000000e+00,0.000000000000000000e+00,0.000000000000000000e+00,0.000000000000000000e+00,0.000000000000000000e+00,0.000000000000000000e+00,0.000000000000000000e+00,0.000000000000000000e+00,0.000000000000000000e+00,0.000000000000000000e+00,0.000000000000000000e+00,0.000000000000000000e+00,0.000000000000000000e+00,0.000000000000000000e+00,0.000000000000000000e+00,0.000000000000000000e+00,0.000000000000000000e+00,0.000000000000000000e+00,0.000000000000000000e+00,0.000000000000000000e+00,0.000000000000000000e+00,0.000000000000000000e+00,0.000000000000000000e+00,0.000000000000000000e+00,0.000000000000000000e+00,0.000000000000000000e+00,0.000000000000000000e+00,0.000000000000000000e+00,0.000000000000000000e+00,0.000000000000000000e+00,0.000000000000000000e+00,0.000000000000000000e+00,0.000000000000000000e+00,0.000000000000000000e+00,0.000000000000000000e+00,0.000000000000000000e+00,0.000000000000000000e+00,0.000000000000000000e+00,0.000000000000000000e+00,0.000000000000000000e+00,0.000000000000000000e+00,0.000000000000000000e+00,0.000000000000000000e+00,0.000000000000000000e+00,0.000000000000000000e+00,1.000000000000000000e+00,3.242496968216450615e-01,5.546535963280226911e-01,3.350376991085615708e-02,5.695445020369799272e-01,1.607960083289690367e-01,-1.005398890343451868e-01,8.001982456322535853e-02,-3.916543666816683644e-01
0.000000000000000000e+00,0.000000000000000000e+00,0.000000000000000000e+00,0.000000000000000000e+00,0.000000000000000000e+00,0.000000000000000000e+00,0.000000000000000000e+00,0.000000000000000000e+00,0.000000000000000000e+00,0.000000000000000000e+00,0.000000000000000000e+00,0.000000000000000000e+00,0.000000000000000000e+00,0.000000000000000000e+00,0.000000000000000000e+00,0.000000000000000000e+00,0.000000000000000000e+00,0.000000000000000000e+00,0.000000000000000000e+00,0.000000000000000000e+00,0.000000000000000000e+00,0.000000000000000000e+00,0.000000000000000000e+00,0.000000000000000000e+00,0.000000000000000000e+00,0.000000000000000000e+00,0.000000000000000000e+00,0.000000000000000000e+00,0.000000000000000000e+00,0.000000000000000000e+00,0.000000000000000000e+00,0.000000000000000000e+00,0.000000000000000000e+00,0.000000000000000000e+00,0.000000000000000000e+00,0.000000000000000000e+00,0.000000000000000000e+00,0.000000000000000000e+00,0.000000000000000000e+00,0.000000000000000000e+00,0.000000000000000000e+00,0.000000000000000000e+00,0.000000000000000000e+00,0.000000000000000000e+00,0.000000000000000000e+00,0.000000000000000000e+00,0.000000000000000000e+00,0.000000000000000000e+00,0.000000000000000000e+00,0.000000000000000000e+00,0.000000000000000000e+00,0.000000000000000000e+00,0.000000000000000000e+00,0.000000000000000000e+00,0.000000000000000000e+00,0.000000000000000000e+00,0.000000000000000000e+00,0.000000000000000000e+00,0.000000000000000000e+00,0.000000000000000000e+00,0.000000000000000000e+00,0.000000000000000000e+00,0.000000000000000000e+00,0.000000000000000000e+00,0.000000000000000000e+00,0.000000000000000000e+00,0.000000000000000000e+00,0.000000000000000000e+00,0.000000000000000000e+00,0.000000000000000000e+00,0.000000000000000000e+00,0.000000000000000000e+00,0.000000000000000000e+00,0.000000000000000000e+00,0.000000000000000000e+00,0.000000000000000000e+00,0.000000000000000000e+00,0.000000000000000000e+00,0.000000000000000000e+00,0.000000000000000000e+00,0.000000000000000000e+00,0.000000000000000000e+00,0.000000000000000000e+00,0.000000000000000000e+00,0.000000000000000000e+00,0.000000000000000000e+00,0.000000000000000000e+00,0.000000000000000000e+00,0.000000000000000000e+00,0.000000000000000000e+00,0.000000000000000000e+00,0.000000000000000000e+00,1.000000000000000000e+00,3.807600236900091084e-01,-2.311978594778107965e-01,-1.743820192117017109e-01,-2.354114084560190723e-01,-5.940527874118181062e-01,-4.908080163771513793e-01,1.838856949055151235e-01
0.000000000000000000e+00,0.000000000000000000e+00,0.000000000000000000e+00,0.000000000000000000e+00,0.000000000000000000e+00,0.000000000000000000e+00,0.000000000000000000e+00,0.000000000000000000e+00,0.000000000000000000e+00,0.000000000000000000e+00,0.000000000000000000e+00,0.000000000000000000e+00,0.000000000000000000e+00,0.000000000000000000e+00,0.000000000000000000e+00,0.000000000000000000e+00,0.000000000000000000e+00,0.000000000000000000e+00,0.000000000000000000e+00,0.000000000000000000e+00,0.000000000000000000e+00,0.000000000000000000e+00,0.000000000000000000e+00,0.000000000000000000e+00,0.000000000000000000e+00,0.000000000000000000e+00,0.000000000000000000e+00,0.000000000000000000e+00,0.000000000000000000e+00,0.000000000000000000e+00,0.000000000000000000e+00,0.000000000000000000e+00,0.000000000000000000e+00,0.000000000000000000e+00,0.000000000000000000e+00,0.000000000000000000e+00,0.000000000000000000e+00,0.000000000000000000e+00,0.000000000000000000e+00,0.000000000000000000e+00,0.000000000000000000e+00,0.000000000000000000e+00,0.000000000000000000e+00,0.000000000000000000e+00,0.000000000000000000e+00,0.000000000000000000e+00,0.000000000000000000e+00,0.000000000000000000e+00,0.000000000000000000e+00,0.000000000000000000e+00,0.000000000000000000e+00,0.000000000000000000e+00,0.000000000000000000e+00,0.000000000000000000e+00,0.000000000000000000e+00,0.000000000000000000e+00,0.000000000000000000e+00,0.000000000000000000e+00,0.000000000000000000e+00,0.000000000000000000e+00,0.000000000000000000e+00,0.000000000000000000e+00,0.000000000000000000e+00,0.000000000000000000e+00,0.000000000000000000e+00,0.000000000000000000e+00,0.000000000000000000e+00,0.000000000000000000e+00,0.000000000000000000e+00,0.000000000000000000e+00,0.000000000000000000e+00,0.000000000000000000e+00,0.000000000000000000e+00,0.000000000000000000e+00,0.000000000000000000e+00,0.000000000000000000e+00,0.000000000000000000e+00,0.000000000000000000e+00,0.000000000000000000e+00,0.000000000000000000e+00,0.000000000000000000e+00,0.000000000000000000e+00,0.000000000000000000e+00,0.000000000000000000e+00,0.000000000000000000e+00,0.000000000000000000e+00,0.000000000000000000e+00,0.000000000000000000e+00,0.000000000000000000e+00,0.000000000000000000e+00,0.000000000000000000e+00,0.000000000000000000e+00,0.000000000000000000e+00,1.000000000000000000e+00,8.438495044968891134e-02,3.735073346101069891e-01,8.050402051048696772e-02,1.760309165760670994e-02,-6.401831312691137754e-02,4.204385838511094375e-01
0.000000000000000000e+00,0.000000000000000000e+00,0.000000000000000000e+00,0.000000000000000000e+00,0.000000000000000000e+00,0.000000000000000000e+00,0.000000000000000000e+00,0.000000000000000000e+00,0.000000000000000000e+00,0.000000000000000000e+00,0.000000000000000000e+00,0.000000000000000000e+00,0.000000000000000000e+00,0.000000000000000000e+00,0.000000000000000000e+00,0.000000000000000000e+00,0.000000000000000000e+00,0.000000000000000000e+00,0.000000000000000000e+00,0.000000000000000000e+00,0.000000000000000000e+00,0.000000000000000000e+00,0.000000000000000000e+00,0.000000000000000000e+00,0.000000000000000000e+00,0.000000000000000000e+00,0.000000000000000000e+00,0.000000000000000000e+00,0.000000000000000000e+00,0.000000000000000000e+00,0.000000000000000000e+00,0.000000000000000000e+00,0.000000000000000000e+00,0.000000000000000000e+00,0.000000000000000000e+00,0.000000000000000000e+00,0.000000000000000000e+00,0.000000000000000000e+00,0.000000000000000000e+00,0.000000000000000000e+00,0.000000000000000000e+00,0.000000000000000000e+00,0.000000000000000000e+00,0.000000000000000000e+00,0.000000000000000000e+00,0.000000000000000000e+00,0.000000000000000000e+00,0.000000000000000000e+00,0.000000000000000000e+00,0.000000000000000000e+00,0.000000000000000000e+00,0.000000000000000000e+00,0.000000000000000000e+00,0.000000000000000000e+00,0.000000000000000000e+00,0.000000000000000000e+00,0.000000000000000000e+00,0.000000000000000000e+00,0.000000000000000000e+00,0.000000000000000000e+00,0.000000000000000000e+00,0.000000000000000000e+00,0.000000000000000000e+00,0.000000000000000000e+00,0.000000000000000000e+00,0.000000000000000000e+00,0.000000000000000000e+00,0.000000000000000000e+00,0.000000000000000000e+00,0.000000000000000000e+00,0.000000000000000000e+00,0.000000000000000000e+00,0.000000000000000000e+00,0.000000000000000000e+00,0.000000000000000000e+00,0.000000000000000000e+00,0.000000000000000000e+00,0.000000000000000000e+00,0.000000000000000000e+00,0.000000000000000000e+00,0.000000000000000000e+00,0.000000000000000000e+00,0.000000000000000000e+00,0.000000000000000000e+00,0.000000000000000000e+00,0.000000000000000000e+00,0.000000000000000000e+00,0.000000000000000000e+00,0.000000000000000000e+00,0.000000000000000000e+00,0.000000000000000000e+00,0.000000000000000000e+00,0.000000000000000000e+00,0.000000000000000000e+00,1.000000000000000000e+00,1.000000000000000000e+00,9.577478159563506122e-01,4.330396868979768388e-01,6.834262551202966440e-01,4.346426855625407648e-01
0.000000000000000000e+00,0.000000000000000000e+00,0.000000000000000000e+00,0.000000000000000000e+00,0.000000000000000000e+00,0.000000000000000000e+00,0.000000000000000000e+00,0.000000000000000000e+00,0.000000000000000000e+00,0.000000000000000000e+00,0.000000000000000000e+00,0.000000000000000000e+00,0.000000000000000000e+00,0.000000000000000000e+00,0.000000000000000000e+00,0.000000000000000000e+00,0.000000000000000000e+00,0.000000000000000000e+00,0.000000000000000000e+00,0.000000000000000000e+00,0.000000000000000000e+00,0.000000000000000000e+00,0.000000000000000000e+00,0.000000000000000000e+00,0.000000000000000000e+00,0.000000000000000000e+00,0.000000000000000000e+00,0.000000000000000000e+00,0.000000000000000000e+00,0.000000000000000000e+00,0.000000000000000000e+00,0.000000000000000000e+00,0.000000000000000000e+00,0.000000000000000000e+00,0.000000000000000000e+00,0.000000000000000000e+00,0.000000000000000000e+00,0.000000000000000000e+00,0.000000000000000000e+00,0.000000000000000000e+00,0.000000000000000000e+00,0.000000000000000000e+00,0.000000000000000000e+00,0.000000000000000000e+00,0.000000000000000000e+00,0.000000000000000000e+00,0.000000000000000000e+00,0.000000000000000000e+00,0.000000000000000000e+00,0.000000000000000000e+00,0.000000000000000000e+00,0.000000000000000000e+00,0.000000000000000000e+00,0.000000000000000000e+00,0.000000000000000000e+00,0.000000000000000000e+00,0.000000000000000000e+00,0.000000000000000000e+00,0.000000000000000000e+00,0.000000000000000000e+00,0.000000000000000000e+00,0.000000000000000000e+00,0.000000000000000000e+00,0.000000000000000000e+00,0.000000000000000000e+00,0.000000000000000000e+00,0.000000000000000000e+00,0.000000000000000000e+00,0.000000000000000000e+00,0.000000000000000000e+00,0.000000000000000000e+00,0.000000000000000000e+00,0.000000000000000000e+00,0.000000000000000000e+00,0.000000000000000000e+00,0.000000000000000000e+00,0.000000000000000000e+00,0.000000000000000000e+00,0.000000000000000000e+00,0.000000000000000000e+00,0.000000000000000000e+00,0.000000000000000000e+00,0.000000000000000000e+00,0.000000000000000000e+00,0.000000000000000000e+00,0.000000000000000000e+00,0.000000000000000000e+00,0.000000000000000000e+00,0.000000000000000000e+00,0.000000000000000000e+00,0.000000000000000000e+00,0.000000000000000000e+00,0.000000000000000000e+00,0.000000000000000000e+00,0.000000000000000000e+00,1.000000000000000000e+00,2.738277984159673273e-01,1.632254054409959243e-01,1.911222689170874178e-01,3.113793710080391963e-01
0.000000000000000000e+00,0.000000000000000000e+00,0.000000000000000000e+00,0.000000000000000000e+00,0.000000000000000000e+00,0.000000000000000000e+00,0.000000000000000000e+00,0.000000000000000000e+00,0.000000000000000000e+00,0.000000000000000000e+00,0.000000000000000000e+00,0.000000000000000000e+00,0.000000000000000000e+00,0.000000000000000000e+00,0.000000000000000000e+00,0.000000000000000000e+00,0.000000000000000000e+00,0.000000000000000000e+00,0.000000000000000000e+00,0.000000000000000000e+00,0.000000000000000000e+00,0.000000000000000000e+00,0.000000000000000000e+00,0.000000000000000000e+00,0.000000000000000000e+00,0.000000000000000000e+00,0.000000000000000000e+00,0.000000000000000000e+00,0.000000000000000000e+00,0.000000000000000000e+00,0.000000000000000000e+00,0.000000000000000000e+00,0.000000000000000000e+00,0.000000000000000000e+00,0.000000000000000000e+00,0.000000000000000000e+00,0.000000000000000000e+00,0.000000000000000000e+00,0.000000000000000000e+00,0.000000000000000000e+00,0.000000000000000000e+00,0.000000000000000000e+00,0.000000000000000000e+00,0.000000000000000000e+00,0.000000000000000000e+00,0.000000000000000000e+00,0.000000000000000000e+00,0.000000000000000000e+00,0.000000000000000000e+00,0.000000000000000000e+00,0.000000000000000000e+00,0.000000000000000000e+00,0.000000000000000000e+00,0.000000000000000000e+00,0.000000000000000000e+00,0.000000000000000000e+00,0.000000000000000000e+00,0.000000000000000000e+00,0.000000000000000000e+00,0.000000000000000000e+00,0.000000000000000000e+00,0.000000000000000000e+00,0.000000000000000000e+00,0.000000000000000000e+00,0.000000000000000000e+00,0.000000000000000000e+00,0.000000000000000000e+00,0.000000000000000000e+00,0.000000000000000000e+00,0.000000000000000000e+00,0.000000000000000000e+00,0.000000000000000000e+00,0.000000000000000000e+00,0.000000000000000000e+00,0.000000000000000000e+00,0.000000000000000000e+00,0.000000000000000000e+00,0.000000000000000000e+00,0.000000000000000000e+00,0.000000000000000000e+00,0.000000000000000000e+00,0.000000000000000000e+00,0.000000000000000000e+00,0.000000000000000000e+00,0.000000000000000000e+00,0.000000000000000000e+00,0.000000000000000000e+00,0.000000000000000000e+00,0.000000000000000000e+00,0.000000000000000000e+00,0.000000000000000000e+00,0.000000000000000000e+00,0.000000000000000000e+00,0.000000000000000000e+00,0.000000000000000000e+00,0.000000000000000000e+00,1.000000000000000000e+00,4.207049002461596410e-01,1.003951101359467357e-01,2.321601914715594739e-01
0.000000000000000000e+00,0.000000000000000000e+00,0.000000000000000000e+00,0.000000000000000000e+00,0.000000000000000000e+00,0.000000000000000000e+00,0.000000000000000000e+00,0.000000000000000000e+00,0.000000000000000000e+00,0.000000000000000000e+00,0.000000000000000000e+00,0.000000000000000000e+00,0.000000000000000000e+00,0.000000000000000000e+00,0.000000000000000000e+00,0.000000000000000000e+00,0.000000000000000000e+00,0.000000000000000000e+00,0.000000000000000000e+00,0.000000000000000000e+00,0.000000000000000000e+00,0.000000000000000000e+00,0.000000000000000000e+00,0.000000000000000000e+00,0.000000000000000000e+00,0.000000000000000000e+00,0.000000000000000000e+00,0.000000000000000000e+00,0.000000000000000000e+00,0.000000000000000000e+00,0.000000000000000000e+00,0.000000000000000000e+00,0.000000000000000000e+00,0.000000000000000000e+00,0.000000000000000000e+00,0.000000000000000000e+00,0.000000000000000000e+00,0.000000000000000000e+00,0.000000000000000000e+00,0.000000000000000000e+00,0.000000000000000000e+00,0.000000000000000000e+00,0.000000000000000000e+00,0.000000000000000000e+00,0.000000000000000000e+00,0.000000000000000000e+00,0.000000000000000000e+00,0.000000000000000000e+00,0.000000000000000000e+00,0.000000000000000000e+00,0.000000000000000000e+00,0.000000000000000000e+00,0.000000000000000000e+00,0.000000000000000000e+00,0.000000000000000000e+00,0.000000000000000000e+00,0.000000000000000000e+00,0.000000000000000000e+00,0.000000000000000000e+00,0.000000000000000000e+00,0.000000000000000000e+00,0.000000000000000000e+00,0.000000000000000000e+00,0.000000000000000000e+00,0.000000000000000000e+00,0.000000000000000000e+00,0.000000000000000000e+00,0.000000000000000000e+00,0.000000000000000000e+00,0.000000000000000000e+00,0.000000000000000000e+00,0.000000000000000000e+00,0.000000000000000000e+00,0.000000000000000000e+00,0.000000000000000000e+00,0.000000000000000000e+00,0.000000000000000000e+00,0.000000000000000000e+00,0.000000000000000000e+00,0.000000000000000000e+00,0.000000000000000000e+00,0.000000000000000000e+00,0.000000000000000000e+00,0.000000000000000000e+00,0.000000000000000000e+00,0.000000000000000000e+00,0.000000000000000000e+00,0.000000000000000000e+00,0.000000000000000000e+00,0.000000000000000000e+00,0.000000000000000000e+00,0.000000000000000000e+00,0.000000000000000000e+00,0.000000000000000000e+00,0.000000000000000000e+00,0.000000000000000000e+00,0.000000000000000000e+00,1.000000000000000000e+00,4.829986334168838713e-01,5.618082310117251260e-02
0.000000000000000000e+00,0.000000000000000000e+00,0.000000000000000000e+00,0.000000000000000000e+00,0.000000000000000000e+00,0.000000000000000000e+00,0.000000000000000000e+00,0.000000000000000000e+00,0.000000000000000000e+00,0.000000000000000000e+00,0.000000000000000000e+00,0.000000000000000000e+00,0.000000000000000000e+00,0.000000000000000000e+00,0.000000000000000000e+00,0.000000000000000000e+00,0.000000000000000000e+00,0.000000000000000000e+00,0.000000000000000000e+00,0.000000000000000000e+00,0.000000000000000000e+00,0.000000000000000000e+00,0.000000000000000000e+00,0.000000000000000000e+00,0.000000000000000000e+00,0.000000000000000000e+00,0.000000000000000000e+00,0.000000000000000000e+00,0.000000000000000000e+00,0.000000000000000000e+00,0.000000000000000000e+00,0.000000000000000000e+00,0.000000000000000000e+00,0.000000000000000000e+00,0.000000000000000000e+00,0.000000000000000000e+00,0.000000000000000000e+00,0.000000000000000000e+00,0.000000000000000000e+00,0.000000000000000000e+00,0.000000000000000000e+00,0.000000000000000000e+00,0.000000000000000000e+00,0.000000000000000000e+00,0.000000000000000000e+00,0.000000000000000000e+00,0.000000000000000000e+00,0.000000000000000000e+00,0.000000000000000000e+00,0.000000000000000000e+00,0.000000000000000000e+00,0.000000000000000000e+00,0.000000000000000000e+00,0.000000000000000000e+00,0.000000000000000000e+00,0.000000000000000000e+00,0.000000000000000000e+00,0.000000000000000000e+00,0.000000000000000000e+00,0.000000000000000000e+00,0.000000000000000000e+00,0.000000000000000000e+00,0.000000000000000000e+00,0.000000000000000000e+00,0.000000000000000000e+00,0.000000000000000000e+00,0.000000000000000000e+00,0.000000000000000000e+00,0.000000000000000000e+00,0.000000000000000000e+00,0.000000000000000000e+00,0.000000000000000000e+00,0.000000000000000000e+00,0.000000000000000000e+00,0.000000000000000000e+00,0.000000000000000000e+00,0.000000000000000000e+00,0.000000000000000000e+00,0.000000000000000000e+00,0.000000000000000000e+00,0.000000000000000000e+00,0.000000000000000000e+00,0.000000000000000000e+00,0.000000000000000000e+00,0.000000000000000000e+00,0.000000000000000000e+00,0.000000000000000000e+00,0.000000000000000000e+00,0.000000000000000000e+00,0.000000000000000000e+00,0.000000000000000000e+00,0.000000000000000000e+00,0.000000000000000000e+00,0.000000000000000000e+00,0.000000000000000000e+00,0.000000000000000000e+00,0.000000000000000000e+00,0.000000000000000000e+00,1.000000000000000000e+00,-4.598171499442380017e-01
0.000000000000000000e+00,0.000000000000000000e+00,0.000000000000000000e+00,0.000000000000000000e+00,0.000000000000000000e+00,0.000000000000000000e+00,0.000000000000000000e+00,0.000000000000000000e+00,0.000000000000000000e+00,0.000000000000000000e+00,0.000000000000000000e+00,0.000000000000000000e+00,0.000000000000000000e+00,0.000000000000000000e+00,0.000000000000000000e+00,0.000000000000000000e+00,0.000000000000000000e+00,0.000000000000000000e+00,0.000000000000000000e+00,0.000000000000000000e+00,0.000000000000000000e+00,0.000000000000000000e+00,0.000000000000000000e+00,0.000000000000000000e+00,0.000000000000000000e+00,0.000000000000000000e+00,0.000000000000000000e+00,0.000000000000000000e+00,0.000000000000000000e+00,0.000000000000000000e+00,0.000000000000000000e+00,0.000000000000000000e+00,0.000000000000000000e+00,0.000000000000000000e+00,0.000000000000000000e+00,0.000000000000000000e+00,0.000000000000000000e+00,0.000000000000000000e+00,0.000000000000000000e+00,0.000000000000000000e+00,0.000000000000000000e+00,0.000000000000000000e+00,0.000000000000000000e+00,0.000000000000000000e+00,0.000000000000000000e+00,0.000000000000000000e+00,0.000000000000000000e+00,0.000000000000000000e+00,0.000000000000000000e+00,0.000000000000000000e+00,0.000000000000000000e+00,0.000000000000000000e+00,0.000000000000000000e+00,0.000000000000000000e+00,0.000000000000000000e+00,0.000000000000000000e+00,0.000000000000000000e+00,0.000000000000000000e+00,0.000000000000000000e+00,0.000000000000000000e+00,0.000000000000000000e+00,0.000000000000000000e+00,0.000000000000000000e+00,0.000000000000000000e+00,0.000000000000000000e+00,0.000000000000000000e+00,0.000000000000000000e+00,0.000000000000000000e+00,0.000000000000000000e+00,0.000000000000000000e+00,0.000000000000000000e+00,0.000000000000000000e+00,0.000000000000000000e+00,0.000000000000000000e+00,0.000000000000000000e+00,0.000000000000000000e+00,0.000000000000000000e+00,0.000000000000000000e+00,0.000000000000000000e+00,0.000000000000000000e+00,0.000000000000000000e+00,0.000000000000000000e+00,0.000000000000000000e+00,0.000000000000000000e+00,0.000000000000000000e+00,0.000000000000000000e+00,0.000000000000000000e+00,0.000000000000000000e+00,0.000000000000000000e+00,0.000000000000000000e+00,0.000000000000000000e+00,0.000000000000000000e+00,0.000000000000000000e+00,0.000000000000000000e+00,0.000000000000000000e+00,0.000000000000000000e+00,0.000000000000000000e+00,0.000000000000000000e+00,0.000000000000000000e+00,1.000000000000000000e+00
