0.000000000000000000e+00,0.000000000000000000e+00,0.000000000000000000e+00,0.000000000000000000e+00,0.000000000000000000e+00,0.000000000000000000e+00,0.000000000000000000e+00,0.000000000000000000e+00,0.000000000000000000e+00,0.000000000000000000e+00,0.000000000000000000e+00,0.000000000000000000e+00,0.000000000000000000e+00,0.000000000000000000e+00,0.000000000000000000e+00,0.000000000000000000e+00,0.000000000000000000e+00,0.000000000000000000e+00,0.000000000000000000e+00,0.000000000000000000e+00,0.000000000000000000e+00,0.000000000000000000e+00,0.000000000000000000e+00,0.000000000000000000e+00,0.000000000000000000e+00,0.000000000000000000e+00,0.000000000000000000e+00,0.000000000000000000e+00,0.000000000000000000e+00,0.000000000000000000e+00,0.000000000000000000e+00,0.000000000000000000e+00,0.000000000000000000e+00,0.000000000000000000e+00,0.000000000000000000e+00,0.000000000000000000e+00,0.000000000000000000e+00,0.000000000000000000e+00,0.000000000000000000e+00,0.000000000000000000e+00,0.000000000000000000e+00,0.000000000000000000e+00,0.000000000000000000e+00,0.000000000000000000e+00,0.000000000000000000e+00,0.000000000000000000e+00,0.000000000000000000e+00,0.000000000000000000e+00,0.000000000000000000e+00,0.000000000000000000e+00,0.000000000000000000e+00,0.000000000000000000e+00,0.000000000000000000e+00,0.000000000000000000e+00,0.000000000000000000e+00,0.000000000000000000e+00,0.000000000000000000e+00,0.000000000000000000e+00,0.000000000000000000e+00,0.000000000000000000e+00,0.000000000000000000e+00,0.000000000000000000e+00,0.000000000000000000e+00,0.000000000000000000e+00,0.000000000000000000e+00,0.000000000000000000e+00,0.000000000000000000e+00,0.000000000000000000e+00,0.000000000000000000e+00,0.000000000000000000e+00,0.000000000000000000e+00,0.000000000000000000e+00,0.000000000000000000e+00,0.000000000000000000e+00,0.000000000000000000e+00,0.000000000000000000e+00,0.000000000000000000e+00,0.000000000000000000e+00,0.000000000000000000e+00,0.000000000000000000e+00,0.000000000000000000e+00,0.000000000000000000e+00,0.000000000000000000e+00,0.000000000000000000e+00,0.000000000000000000e+00,0.000000000000000000e+00,0.000000000000000000e+00,0.000000000000000000e+00,0.000000000000000000e+00,0.000000000000000000e+00,0.000000000000000000e+00,0.000000000000000000e+00,0.000000000000000000e+00,0.000000000000000000e+00,0.000000000000000000e+00,0.000000000000000000e+00,0.000000000000000000e+00,0.000000000000000000e+00,0.000000000000000000e+00,0.000000000000000000e+00
0.000000000000000000e+00,1.000000000000000000e+00,2.887320553323200478e-01,1.639083458514604963e-01,1.781099352321763145e-04,1.924621669955869085e-01,1.360683282134342031e-01,1.206191211529943214e-01,6.612872970902878844e-01,9.247563915235786913e-01,8.328343822411636843e-01,1.000000000000000000e+00,1.000000000000000000e+00,1.000000000000000000e+00,1.000000000000000000e+00,1.000000000000000000e+00,1.000000000000000000e+00,1.000000000000000000e+00,1.000000000000000000e+00,1.000000000000000000e+00,1.000000000000000000e+00,1.000000000000000000e+00,1.000000000000000000e+00,1.000000000000000000e+00,1.000000000000000000e+00,1.000000000000000000e+00,1.000000000000000000e+00,1.000000000000000000e+00,1.000000000000000000e+00,1.000000000000000000e+00,1.000000000000000000e+00,1.000000000000000000e+00,1.000000000000000000e+00,1.000000000000000000e+00,1.000000000000000000e+00,1.000000000000000000e+00,1.000000000000000000e+00,5.102327841028724276e-01,7.855099223103356731e-01,-1.000000000000000000e+00,1.000000000000000000e+00,1.000000000000000000e+00,1.000000000000000000e+00,1.000000000000000000e+00,1.000000000000000000e+00,2.285171284791164548e-01,6.259326050380931150e-01,1.000000000000000000e+00,1.000000000000000000e+00,-2.798876728832234706e-01,1.000000000000000000e+00,1.000000000000000000e+00,8.832252469421429941e-01,8.222224702850630118e-01,1.000000000000000000e+00,1.000000000000000000e+00,6.757067641623752952e-01,-7.968949465577084279e-01,-6.506130929440667732e-01,1.000000000000000000e+00,1.000000000000000000e+00,-5.576012711868699734e-01,1.000000000000000000e+00,1.000000000000000000e+00,1.996678080788873433e-01,1.000000000000000000e+00,1.000000000000000000e+00,5.426656486073665464e-01,-1.000000000000000000e+00,-8.263867907704862681e-01,1.000000000000000000e+00,1.000000000000000000e+00,5.435257577181087374e-01,1.000000000000000000e+00,1.000000000000000000e+00,1.000000000000000000e+00,1.000000000000000000e+00,-1.000000000000000000e+00,1.000000000000000000e+00,1.000000000000000000e+00,1.000000000000000000e+00,-1.000000000000000000e+00,-1.000000000000000000e+00,-1.000000000000000000e+00,-1.000000000000000000e+00,1.000000000000000000e+00,1.000000000000000000e+00,1.000000000000000000e+00,1.000000000000000000e+00,-1.000000000000000000e+00,1.000000000000000000e+00,1.000000000000000000e+00,6.154552708091467483e-01,1.000000000000000000e+00,1.000000000000000000e+00,-1.000000000000000000e+00,-1.000000000000000000e+00,1.000000000000000000e+00,-1.000000000000000000e+00,1.000000000000000000e+00
0.000000000000000000e+00,0.000000000000000000e+00,1.000000000000000000e+00,1.204904661234845464e-01,7.766627170631876242e-02,-2.138554740849800961e-01,1.909475819287278497e-01,-7.999239370987552833e-02,-2.321535396075295743e-02,6.490448507505597320e-02,5.000645208023558608e-01,5.793804559813362509e-01,1.000000000000000000e+00,5.146221238479344873e-01,1.000000000000000000e+00,5.476160095712811343e-02,1.000000000000000000e+00,9.623145499098204603e-01,4.145369549243611007e-01,1.000000000000000000e+00,-7.441579527977486563e-01,1.000000000000000000e+00,-6.272573168071958472e-02,-1.000000000000000000e+00,1.000000000000000000e+00,1.000000000000000000e+00,1.000000000000000000e+00,-1.000000000000000000e+00,-4.444921852626203262e-02,1.000000000000000000e+00,1.000000000000000000e+00,1.000000000000000000e+00,1.000000000000000000e+00,1.000000000000000000e+00,-1.000000000000000000e+00,1.000000000000000000e+00,-1.000000000000000000e+00,-1.000000000000000000e+00,-1.000000000000000000e+00,1.000000000000000000e+00,2.060848265069112339e-01,1.000000000000000000e+00,1.000000000000000000e+00,1.000000000000000000e+00,1.000000000000000000e+00,1.000000000000000000e+00,-1.000000000000000000e+00,1.000000000000000000e+00,-1.000000000000000000e+00,1.000000000000000000e+00,1.000000000000000000e+00,-1.000000000000000000e+00,-1.000000000000000000e+00,-1.000000000000000000e+00,-4.473704208520525860e-01,-1.000000000000000000e+00,1.000000000000000000e+00,1.000000000000000000e+00,2.021761943585912435e-01,1.000000000000000000e+00,1.000000000000000000e+00,1.000000000000000000e+00,-1.000000000000000000e+00,1.000000000000000000e+00,1.000000000000000000e+00,-1.000000000000000000e+00,-1.000000000000000000e+00,1.000000000000000000e+00,-1.000000000000000000e+00,-1.000000000000000000e+00,1.000000000000000000e+00,-1.000000000000000000e+00,1.000000000000000000e+00,-1.000000000000000000e+00,-1.000000000000000000e+00,-1.000000000000000000e+00,6.452034044231146348e-01,-9.584415359290864300e-01,1.000000000000000000e+00,1.000000000000000000e+00,1.000000000000000000e+00,-1.000000000000000000e+00,-1.000000000000000000e+00,-1.000000000000000000e+00,3.383410710889382944e-01,-1.000000000000000000e+00,9.668187779620905919e-01,-5.747108104432303577e-01,-1.000000000000000000e+00,-1.000000000000000000e+00,1.000000000000000000e+00,1.000000000000000000e+00,-4.780706965353438420e-01,5.117259546279314675e-01,1.000000000000000000e+00,1.000000000000000000e+00,-1.000000000000000000e+00,-1.000000000000000000e+00,-5.028623430489759238e-01,2.396243474624170644e-01
0.000000000000000000e+00,0.000000000000000000e+00,0.000000000000000000e+00,1.000000000000000000e+00,9.105843534228233449e-02,-3.239344458083738380e-03,-1.587554319736014519e-01,-8.997974733654927337e-02,-3.036080553849008767e-01,3.330012375919177980e-01,5.733524508841389977e-01,5.310312885780059666e-01,2.195283161723955712e-01,1.000000000000000000e+00,7.147319303481858288e-02,3.683266762021285556e-01,1.000000000000000000e+00,4.494588863345828078e-01,1.000000000000000000e+00,5.287081336939872811e-01,1.000000000000000000e+00,-7.584615538711416693e-01,1.000000000000000000e+00,-2.138197743500185044e-01,-1.000000000000000000e+00,-9.859878990249354436e-01,-9.443951924534537135e-01,1.000000000000000000e+00,-2.381007242552861669e-01,1.000000000000000000e+00,1.000000000000000000e+00,9.139837821646510374e-01,1.000000000000000000e+00,4.223995150882833283e-01,1.000000000000000000e+00,1.000000000000000000e+00,1.000000000000000000e+00,1.000000000000000000e+00,-1.000000000000000000e+00,1.000000000000000000e+00,-1.000000000000000000e+00,1.000000000000000000e+00,1.000000000000000000e+00,1.000000000000000000e+00,1.000000000000000000e+00,1.000000000000000000e+00,-1.000000000000000000e+00,1.000000000000000000e+00,-1.000000000000000000e+00,1.990061424049869576e-01,1.000000000000000000e+00,1.000000000000000000e+00,-1.000000000000000000e+00,-9.554619376332815772e-01,1.000000000000000000e+00,1.000000000000000000e+00,1.000000000000000000e+00,-6.240832616863997151e-01,-1.000000000000000000e+00,1.000000000000000000e+00,-2.559678462628984796e-01,1.000000000000000000e+00,-1.000000000000000000e+00,-1.000000000000000000e+00,1.000000000000000000e+00,1.000000000000000000e+00,1.008222636520622467e-01,-1.000000000000000000e+00,-3.763441717211516435e-01,1.000000000000000000e+00,1.000000000000000000e+00,-1.000000000000000000e+00,1.000000000000000000e+00,-7.830024593525386489e-02,-1.000000000000000000e+00,1.000000000000000000e+00,1.000000000000000000e+00,-1.000000000000000000e+00,5.101667893180670266e-01,1.000000000000000000e+00,1.000000000000000000e+00,-1.000000000000000000e+00,-1.000000000000000000e+00,-1.000000000000000000e+00,-1.000000000000000000e+00,1.000000000000000000e+00,-1.000000000000000000e+00,-1.000000000000000000e+00,-1.000000000000000000e+00,-1.000000000000000000e+00,-1.000000000000000000e+00,-1.000000000000000000e+00,-1.000000000000000000e+00,-1.000000000000000000e+00,1.000000000000000000e+00,1.071202027423942965e-01,-1.000000000000000000e+00,-1.000000000000000000e+00,-1.000000000000000000e+00,4.742034838160922861e-01
0.000000000000000000e+00,0.000000000000000000e+00,0.000000000000000000e+00,0.000000000000000000e+00,1.000000000000000000e+00,-4.804819915657172480e-01,-1.000000000000000000e+00,-9.724891942382408727e-01,-1.000000000000000000e+00,-1.000000000000000000e+00,-1.000000000000000000e+00,-1.000000000000000000e+00,-1.000000000000000000e+00,-1.000000000000000000e+00,-1.000000000000000000e+00,-1.000000000000000000e+00,-1.000000000000000000e+00,-1.000000000000000000e+00,-1.000000000000000000e+00,-1.000000000000000000e+00,-1.000000000000000000e+00,-1.000000000000000000e+00,-1.000000000000000000e+00,-1.000000000000000000e+00,-1.000000000000000000e+00,-1.000000000000000000e+00,-1.000000000000000000e+00,-1.000000000000000000e+00,-1.000000000000000000e+00,-1.000000000000000000e+00,-1.000000000000000000e+00,-1.000000000000000000e+00,-1.000000000000000000e+00,-1.000000000000000000e+00,-1.000000000000000000e+00,-1.000000000000000000e+00,-1.000000000000000000e+00,3.760578959410412064e-02,-6.611844642124883320e-01,3.408990577781970122e-01,-5.238601303803401832e-01,-1.000000000000000000e+00,-1.000000000000000000e+00,-1.000000000000000000e+00,-5.130905548618603512e-02,-1.000000000000000000e+00,-1.000000000000000000e+00,-1.000000000000000000e+00,-1.000000000000000000e+00,-7.734928914681014067e-01,2.947814897282234892e-01,-1.000000000000000000e+00,-1.000000000000000000e+00,2.457617428617238364e-01,-1.000000000000000000e+00,1.000000000000000000e+00,-1.000000000000000000e+00,-1.000000000000000000e+00,1.770584265994607220e-01,-4.515202444284985295e-01,-1.000000000000000000e+00,-4.192715587097555971e-03,5.003254630441740514e-02,-1.000000000000000000e+00,1.000000000000000000e+00,-1.000000000000000000e+00,-1.000000000000000000e+00,-1.000000000000000000e+00,-1.000000000000000000e+00,-3.196458640201081947e-01,1.000000000000000000e+00,-1.000000000000000000e+00,-1.000000000000000000e+00,-1.000000000000000000e+00,-1.000000000000000000e+00,-1.000000000000000000e+00,-1.000000000000000000e+00,-1.000000000000000000e+00,1.000000000000000000e+00,-1.000000000000000000e+00,1.000000000000000000e+00,1.000000000000000000e+00,1.000000000000000000e+00,1.000000000000000000e+00,-1.000000000000000000e+00,1.000000000000000000e+00,-1.000000000000000000e+00,1.000000000000000000e+00,-1.000000000000000000e+00,-1.000000000000000000e+00,-1.000000000000000000e+00,-1.000000000000000000e+00,-1.000000000000000000e+00,-1.000000000000000000e+00,-1.000000000000000000e+00,1.000000000000000000e+00,1.000000000000000000e+00,1.000000000000000000e+00,1.000000000000000000e+00,-1.000000000000000000e+00
0.000000000000000000e+00,0.000000000000000000e+00,0.000000000000000000e+00,0.000000000000000000e+00,0.000000000000000000e+00,1.000000000000000000e+00,4.463477491899409677e-01,7.891494118089090182e-02,9.383504974604834903e-01,1.000000000000000000e+00,1.000000000000000000e+00,1.000000000000000000e+00,1.000000000000000000e+00,1.000000000000000000e+00,1.000000000000000000e+00,1.000000000000000000e+00,1.000000000000000000e+00,1.000000000000000000e+00,1.000000000000000000e+00,1.000000000000000000e+00,1.000000000000000000e+00,1.000000000000000000e+00,1.000000000000000000e+00,1.000000000000000000e+00,1.000000000000000000e+00,1.000000000000000000e+00,-8.655587536120230574e-01,1.000000000000000000e+00,1.000000000000000000e+00,1.000000000000000000e+00,1.000000000000000000e+00,1.000000000000000000e+00,1.000000000000000000e+00,1.000000000000000000e+00,1.000000000000000000e+00,1.000000000000000000e+00,6.447857975667999897e-01,1.000000000000000000e+00,1.000000000000000000e+00,-1.000000000000000000e+00,1.000000000000000000e+00,1.000000000000000000e+00,1.000000000000000000e+00,1.000000000000000000e+00,1.000000000000000000e+00,-1.000000000000000000e+00,-3.961414060474775789e-02,-1.037813531229369798e-02,1.000000000000000000e+00,-9.159722364943340134e-01,-7.185182286544058439e-01,1.000000000000000000e+00,1.000000000000000000e+00,-5.505149960840769463e-01,1.000000000000000000e+00,1.000000000000000000e+00,1.000000000000000000e+00,1.000000000000000000e+00,-1.000000000000000000e+00,1.000000000000000000e+00,1.000000000000000000e+00,-1.000000000000000000e+00,1.000000000000000000e+00,9.016712757117505417e-01,-1.000000000000000000e+00,1.000000000000000000e+00,1.000000000000000000e+00,-5.520287265653167630e-01,1.000000000000000000e+00,1.000000000000000000e+00,-1.000000000000000000e+00,1.000000000000000000e+00,1.000000000000000000e+00,1.000000000000000000e+00,1.000000000000000000e+00,-1.000000000000000000e+00,1.000000000000000000e+00,1.000000000000000000e+00,-1.000000000000000000e+00,1.000000000000000000e+00,-1.000000000000000000e+00,-1.000000000000000000e+00,-1.000000000000000000e+00,-1.000000000000000000e+00,-1.000000000000000000e+00,1.000000000000000000e+00,-1.000000000000000000e+00,-1.000000000000000000e+00,1.000000000000000000e+00,1.000000000000000000e+00,1.000000000000000000e+00,1.000000000000000000e+00,1.000000000000000000e+00,1.000000000000000000e+00,1.000000000000000000e+00,-1.000000000000000000e+00,-1.000000000000000000e+00,7.148250844940383653e-01,-1.000000000000000000e+00,-4.907671524539850560e-01
0.000000000000000000e+00,0.000000000000000000e+00,0.000000000000000000e+00,0.000000000000000000e+00,0.000000000000000000e+00,0.000000000000000000e+00,1.000000000000000000e+00,-3.212521248098676452e-01,4.466620748998813006e-01,5.017114650043474899e-01,9.230533565064612533e-01,1.000000000000000000e+00,1.000000000000000000e+00,1.000000000000000000e+00,1.000000000000000000e+00,1.000000000000000000e+00,1.000000000000000000e+00,1.000000000000000000e+00,1.000000000000000000e+00,1.000000000000000000e+00,1.000000000000000000e+00,1.000000000000000000e+00,1.000000000000000000e+00,1.000000000000000000e+00,1.000000000000000000e+00,1.000000000000000000e+00,1.000000000000000000e+00,1.000000000000000000e+00,1.000000000000000000e+00,1.000000000000000000e+00,1.000000000000000000e+00,1.000000000000000000e+00,1.000000000000000000e+00,1.000000000000000000e+00,1.000000000000000000e+00,1.000000000000000000e+00,1.909075224143831073e-01,4.145583068747706740e-03,-3.468852546621270516e-01,7.571089378902637335e-02,-2.832040823848919198e-01,1.000000000000000000e+00,1.000000000000000000e+00,1.000000000000000000e+00,6.153371502118131220e-01,-4.447574556739804508e-01,1.000000000000000000e+00,1.000000000000000000e+00,1.000000000000000000e+00,3.641705762560803472e-01,1.000000000000000000e+00,1.000000000000000000e+00,1.000000000000000000e+00,-8.466365368045356554e-01,-1.000000000000000000e+00,-1.000000000000000000e+00,1.000000000000000000e+00,1.000000000000000000e+00,-7.474719954691197987e-01,1.000000000000000000e+00,1.000000000000000000e+00,-1.000000000000000000e+00,-3.224738346028656610e-01,8.422558091828195037e-01,-1.000000000000000000e+00,9.807275152139210972e-01,1.000000000000000000e+00,1.000000000000000000e+00,-5.064930569367290802e-01,-8.611063565229853944e-02,-1.000000000000000000e+00,1.000000000000000000e+00,1.000000000000000000e+00,1.000000000000000000e+00,1.000000000000000000e+00,1.000000000000000000e+00,6.824354026263944606e-01,-8.017917277688481059e-01,6.779118501551261167e-01,1.000000000000000000e+00,-1.000000000000000000e+00,-1.000000000000000000e+00,-9.219628214887140016e-01,-7.422801396514788763e-01,3.811883279354896792e-01,-1.000000000000000000e+00,1.000000000000000000e+00,9.545754607763239363e-01,1.000000000000000000e+00,1.000000000000000000e+00,1.000000000000000000e+00,1.000000000000000000e+00,1.000000000000000000e+00,-4.272985473692474945e-01,1.000000000000000000e+00,-1.000000000000000000e+00,-1.000000000000000000e+00,3.379767437775583194e-01,-1.000000000000000000e+00,-4.964478345026636652e-01
0.000000000000000000e+00,0.000000000000000000e+00,0.000000000000000000e+00,0.000000000000000000e+00,0.000000000000000000e+00,0.000000000000000000e+00,0.000000000000000000e+00,1.000000000000000000e+00,1.000000000000000000e+00,7.998794421376386188e-01,1.000000000000000000e+00,1.000000000000000000e+00,1.000000000000000000e+00,1.000000000000000000e+00,1.000000000000000000e+00,1.000000000000000000e+00,1.000000000000000000e+00,1.000000000000000000e+00,1.000000000000000000e+00,1.000000000000000000e+00,1.000000000000000000e+00,1.000000000000000000e+00,1.000000000000000000e+00,1.000000000000000000e+00,1.000000000000000000e+00,1.000000000000000000e+00,1.000000000000000000e+00,1.000000000000000000e+00,1.000000000000000000e+00,1.000000000000000000e+00,1.000000000000000000e+00,1.000000000000000000e+00,1.000000000000000000e+00,1.000000000000000000e+00,1.000000000000000000e+00,8.181349929972434598e-01,1.000000000000000000e+00,1.000000000000000000e+00,7.168797076410385882e-01,8.433062232015736681e-01,1.000000000000000000e+00,1.000000000000000000e+00,1.000000000000000000e+00,1.000000000000000000e+00,4.054426475102765881e-01,1.000000000000000000e+00,3.923183765611904517e-01,-6.680297146066027647e-01,1.491836156343818720e-01,7.166633129396458024e-01,1.000000000000000000e+00,1.000000000000000000e+00,1.138379576942146199e-01,1.000000000000000000e+00,1.000000000000000000e+00,9.563145767810049547e-01,1.000000000000000000e+00,2.277273331907674059e-01,1.951066222170390607e-01,1.000000000000000000e+00,6.043072949818042439e-01,1.000000000000000000e+00,2.124350305359361257e-01,1.000000000000000000e+00,8.441825093461925722e-02,1.000000000000000000e+00,3.463745786794302783e-01,1.000000000000000000e+00,-4.374262255726368287e-01,1.000000000000000000e+00,-1.000404689695060245e-01,1.000000000000000000e+00,4.209827267042385857e-01,1.000000000000000000e+00,1.000000000000000000e+00,-3.645269333892468544e-01,1.000000000000000000e+00,-2.002576634149345336e-01,8.217496638898261763e-01,1.000000000000000000e+00,1.000000000000000000e+00,1.000000000000000000e+00,8.520470481603281687e-01,7.877236182282737476e-01,1.000000000000000000e+00,5.905831134764600865e-01,1.849135774442435820e-01,-1.000000000000000000e+00,1.947014155298050220e-01,-5.959833112278528633e-02,-1.000000000000000000e+00,7.643798629938338696e-01,1.000000000000000000e+00,6.686782030968630997e-01,9.067341247489362210e-01,1.000000000000000000e+00,-1.383575376104251853e-01,5.133715327669821082e-01,9.856709356997016558e-01,8.128726250429525457e-01
0.000000000000000000e+00,0.000000000000000000e+00,0.000000000000000000e+00,0.000000000000000000e+00,0.000000000000000000e+00,0.000000000000000000e+00,0.000000000000000000e+00,0.000000000000000000e+00,1.000000000000000000e+00,4.766672998447492593e-01,1.000000000000000000e+00,6.289026240952437785e-01,1.000000000000000000e+00,1.000000000000000000e+00,1.000000000000000000e+00,1.000000000000000000e+00,1.000000000000000000e+00,1.000000000000000000e+00,1.000000000000000000e+00,1.000000000000000000e+00,1.000000000000000000e+00,1.000000000000000000e+00,1.000000000000000000e+00,1.000000000000000000e+00,1.000000000000000000e+00,1.000000000000000000e+00,1.000000000000000000e+00,1.000000000000000000e+00,1.000000000000000000e+00,1.000000000000000000e+00,1.000000000000000000e+00,6.894352479875690554e-01,1.000000000000000000e+00,1.000000000000000000e+00,1.000000000000000000e+00,8.793581914522672349e-01,4.673014244613332702e-01,4.284047112325066187e-01,4.313838565146250192e-01,3.547102518387248438e-01,6.850253783287740816e-01,1.000000000000000000e+00,8.221903281271630837e-01,1.000000000000000000e+00,4.405994224552799432e-01,6.686527663373885710e-01,6.205277995294480320e-01,6.745810553029106815e-01,2.396791622956019885e-01,4.030048307991369039e-01,6.144841189028557027e-01,6.812072853389201654e-01,6.771425295064956718e-01,7.651324759448980828e-01,8.747498424768147540e-01,4.719419086969108834e-01,7.692707736291024556e-01,8.769553174593818223e-01,3.217002177585013278e-01,1.000000000000000000e+00,4.162837123689506202e-01,7.403700328802884645e-01,1.291027329356164988e-01,1.000000000000000000e+00,-1.136465957944593763e-01,9.973699519762718735e-01,6.239625963440399437e-01,1.000000000000000000e+00,3.212718371490901892e-01,7.968642884854605368e-01,-3.611868627788797359e-01,1.000000000000000000e+00,-1.166492403453666948e-01,1.000000000000000000e+00,1.000000000000000000e+00,4.894168711931060622e-01,9.052832779696389220e-01,-1.445823810564389467e-01,1.000000000000000000e+00,1.000000000000000000e+00,8.604982890167323095e-01,7.759677596049847914e-02,2.251646391032085248e-01,4.322032201782063376e-01,1.000000000000000000e+00,7.346911839432761215e-02,3.605531147560673277e-01,-8.852959105763121839e-01,1.000000000000000000e+00,3.527238398543241504e-01,-1.000000000000000000e+00,1.000000000000000000e+00,1.000000000000000000e+00,-3.157918490939163325e-01,1.000000000000000000e+00,5.946830413979988794e-01,-8.829552454671421580e-02,4.753954160630328718e-01,6.226080840396990279e-01,-1.000000000000000000e+00
0.000000000000000000e+00,0.000000000000000000e+00,0.000000000000000000e+00,0.000000000000000000e+00,0.000000000000000000e+00,0.000000000000000000e+00,0.000000000000000000e+00,0.000000000000000000e+00,0.000000000000000000e+00,1.000000000000000000e+00,1.000000000000000000e+00,6.806475027108517262e-01,1.000000000000000000e+00,1.000000000000000000e+00,1.000000000000000000e+00,1.000000000000000000e+00,1.000000000000000000e+00,1.000000000000000000e+00,1.000000000000000000e+00,1.000000000000000000e+00,1.000000000000000000e+00,1.000000000000000000e+00,1.000000000000000000e+00,8.290868300972442650e-01,1.000000000000000000e+00,1.000000000000000000e+00,1.000000000000000000e+00,1.000000000000000000e+00,1.000000000000000000e+00,1.000000000000000000e+00,9.247240263367454416e-01,2.433024392629223875e-01,1.000000000000000000e+00,1.000000000000000000e+00,1.000000000000000000e+00,1.000000000000000000e+00,9.745507318651680517e-01,1.000000000000000000e+00,4.152513249147525287e-01,7.875221545686662827e-02,3.032000545639639277e-01,1.000000000000000000e+00,1.000000000000000000e+00,1.000000000000000000e+00,1.000000000000000000e+00,3.449684520978592295e-02,3.679982028726170862e-01,1.000000000000000000e+00,4.373134983121630959e-01,1.000000000000000000e+00,1.000000000000000000e+00,1.000000000000000000e+00,1.000000000000000000e+00,-3.401343327586259790e-01,1.000000000000000000e+00,8.194084277037826380e-01,1.000000000000000000e+00,1.000000000000000000e+00,-2.944900035642091796e-01,1.000000000000000000e+00,9.716647073768790444e-01,1.000000000000000000e+00,4.901777114432961935e-01,1.000000000000000000e+00,4.758028574395520294e-01,1.000000000000000000e+00,9.435279676392883674e-01,4.052652103179142373e-01,1.000000000000000000e+00,1.000000000000000000e+00,6.907229948229099969e-01,2.454390607244983646e-01,4.166042651240654815e-02,1.000000000000000000e+00,1.000000000000000000e+00,9.894411842132839752e-01,1.000000000000000000e+00,-3.800709479701722127e-01,1.000000000000000000e+00,1.000000000000000000e+00,1.000000000000000000e+00,-1.683989594971981377e-02,-3.702877208207722703e-01,2.035112262883885872e-02,2.142688737749809669e-01,-2.050192377643883512e-01,-1.000000000000000000e+00,-1.000000000000000000e+00,1.000000000000000000e+00,-1.054458767175722317e-01,-1.000000000000000000e+00,7.648119386560796595e-01,9.800423039782383272e-01,5.987548172961847381e-01,1.000000000000000000e+00,-1.000000000000000000e+00,9.241161055729247842e-01,-1.000000000000000000e+00,1.320670336665117073e-01,1.837026354449770582e-01
0.000000000000000000e+00,0.000000000000000000e+00,0.000000000000000000e+00,0.000000000000000000e+00,0.000000000000000000e+00,0.000000000000000000e+00,0.000000000000000000e+00,0.000000000000000000e+00,0.000000000000000000e+00,0.000000000000000000e+00,1.000000000000000000e+00,4.247930419413682990e-01,9.062007748154405906e-01,1.000000000000000000e+00,9.079870571689632186e-01,1.000000000000000000e+00,1.000000000000000000e+00,1.000000000000000000e+00,1.000000000000000000e+00,1.000000000000000000e+00,1.000000000000000000e+00,1.000000000000000000e+00,1.000000000000000000e+00,1.000000000000000000e+00,1.000000000000000000e+00,1.000000000000000000e+00,1.000000000000000000e+00,1.000000000000000000e+00,1.000000000000000000e+00,1.000000000000000000e+00,8.583472719545880425e-01,9.773567090568126281e-02,1.000000000000000000e+00,9.548242647095452895e-01,8.366499438537481348e-01,6.017369891511952229e-01,3.824428496953619638e-01,4.005741273272878655e-01,8.972932004759648361e-02,3.979550602681838356e-01,5.954308369388187083e-01,1.000000000000000000e+00,5.851541793562060612e-01,8.664441613298812239e-01,4.634233686675135466e-01,5.406688115329861821e-01,3.892290824443526698e-01,3.150555157626269698e-01,-3.318671858209211456e-02,7.678281519381742193e-01,8.179614430320141238e-01,4.444837697190032189e-01,5.537668825690642560e-01,2.828723054844877183e-01,3.849161579142945100e-01,4.971868793738471459e-01,8.064128678336702771e-01,9.214219614427288096e-01,3.866063608090984371e-01,5.888068628614511191e-01,5.790312172825216180e-02,8.950038738080239309e-01,-3.359743213475270274e-01,5.128540104007498490e-01,8.595076864330389310e-02,4.784220439322581231e-01,4.133419734507410848e-01,5.261295014198956732e-01,7.225846344052675452e-01,5.385827694409304200e-01,6.327596217685778693e-03,3.026637162187786195e-02,5.661941357310225076e-01,1.000000000000000000e+00,7.742426704825781103e-01,1.641463777156924875e-01,4.851294070242471723e-01,3.442351897020439755e-01,3.971448570670532141e-01,1.000000000000000000e+00,9.384365381580574983e-01,3.391713394090454248e-01,-1.974337696171277468e-01,4.923235998130298663e-01,7.919360278370849437e-01,-8.817467365625305531e-01,-4.242832874266527221e-01,-7.557772237121007652e-01,4.038094018305705690e-01,-3.463449207270150598e-01,-4.427224469581427790e-01,6.858952270992394462e-01,6.238276284998640620e-01,1.860077718832010285e-01,1.000000000000000000e+00,1.704630001967810948e-01,-9.604440833684173284e-02,-4.450058744419689294e-01,7.586275156343575965e-01,-5.645696506398112380e-01
0.000000000000000000e+00,0.000000000000000000e+00,0.000000000000000000e+00,0.000000000000000000e+00,0.000000000000000000e+00,0.000000000000000000e+00,0.000000000000000000e+00,0.000000000000000000e+00,0.000000000000000000e+00,0.000000000000000000e+00,0.000000000000000000e+00,1.000000000000000000e+00,6.139075165664275024e-01,7.782471622590829696e-01,9.054976660669545874e-01,9.890063665107668989e-01,1.000000000000000000e+00,8.241808568941191293e-01,1.000000000000000000e+00,7.294262364090000617e-01,1.000000000000000000e+00,6.881405850836745941e-01,1.000000000000000000e+00,8.232485864606466919e-01,1.000000000000000000e+00,1.000000000000000000e+00,6.224418219664574758e-01,1.000000000000000000e+00,1.000000000000000000e+00,1.000000000000000000e+00,1.000000000000000000e+00,8.592324882577603296e-01,1.000000000000000000e+00,9.763240669752704104e-01,5.863395046532572374e-01,1.000000000000000000e+00,8.694066261070220181e-01,6.833414758254219290e-01,6.751969761012577287e-02,-4.694580757728376158e-02,-3.529128699233398114e-01,1.000000000000000000e+00,1.000000000000000000e+00,7.460501586059455903e-01,8.338183400077219254e-01,-1.944824488997516643e-02,-2.041108335695138998e-01,8.149495136871021117e-01,-3.818403422679456649e-01,2.786926060121848736e-01,-9.625560330455776303e-02,6.108215666657200726e-01,1.547848762680970047e-02,2.721043852379936845e-01,7.843450253455331866e-01,7.239240073859204427e-01,3.609524588120578414e-01,2.231068655113928878e-01,-4.366674961926846343e-01,1.000000000000000000e+00,1.000000000000000000e+00,1.842959449986538434e-01,6.605080955511373197e-01,1.000000000000000000e+00,1.665705008861550762e-01,9.446819977805342994e-01,4.629749977331792388e-01,2.287702678446058013e-01,1.654775223075038992e-01,5.647293502515962071e-01,5.021718584348866532e-01,8.273645625709977747e-01,9.207270194926500673e-02,1.000000000000000000e+00,1.000000000000000000e+00,9.446971193603075356e-01,1.000000000000000000e+00,-3.033104635662009496e-01,1.682329826172110632e-01,1.000000000000000000e+00,8.400447768394292414e-01,-7.688898287000185405e-01,-6.335762732893135407e-01,-1.465014933745636405e-01,9.928511187269795091e-01,4.579366405751293390e-01,-5.721080073232922558e-01,-3.452000020582522422e-01,3.428541996259358848e-01,-3.476255913884230830e-01,-1.568028342112858242e-01,1.000000000000000000e+00,1.000000000000000000e+00,-1.011838052556737338e-01,1.000000000000000000e+00,-6.712322041989922106e-01,2.719899082312809361e-03,6.304814727015274345e-01,-2.417087129993916172e-01,-3.895658249765369119e-01
0.000000000000000000e+00,0.000000000000000000e+00,0.000000000000000000e+00,0.000000000000000000e+00,0.000000000000000000e+00,0.000000000000000000e+00,0.000000000000000000e+00,0.000000000000000000e+00,0.000000000000000000e+00,0.000000000000000000e+00,0.000000000000000000e+00,0.000000000000000000e+00,1.000000000000000000e+00,7.237159513171492753e-01,7.045709375397097851e-01,8.824842176608883593e-01,9.891103322920491436e-01,8.927560391896715020e-01,1.000000000000000000e+00,1.000000000000000000e+00,1.000000000000000000e+00,8.065212959167642470e-01,1.000000000000000000e+00,5.914194060164741362e-01,9.246614505838308684e-01,1.000000000000000000e+00,9.825865262019449764e-01,7.449083636183696511e-01,1.000000000000000000e+00,9.920416747532260215e-01,8.010888919478934556e-01,3.150844704898622672e-01,1.000000000000000000e+00,4.592353621738471392e-01,6.281439850537681169e-01,5.482229066451705934e-01,3.136803915639285734e-01,2.810505003772156840e-01,9.781411060689113729e-03,2.229035149098803348e-01,1.943922941664610882e-01,8.816513445489587708e-01,8.042397757078345588e-01,8.697178154050296817e-01,4.134623369291547945e-01,1.736508652391172136e-01,9.288141188936691051e-02,3.815630254508804442e-01,2.350303241350858441e-01,3.836320600341827647e-01,2.096559006984174689e-01,6.635741023632462099e-01,5.278686349066760153e-01,4.283397336498222935e-02,3.169327174566419769e-01,3.117507340353137812e-01,8.126751753302947634e-01,5.233041664795575754e-01,1.371378072846956009e-01,6.674355896754154971e-01,2.561969823029469628e-01,1.920212721483724183e-01,1.241909443931813600e-02,4.199505080635697052e-01,1.636284456862073244e-01,5.847113452504212328e-01,2.464221304739191709e-01,4.043323712176715712e-01,1.609534495284436206e-01,3.319247973147012587e-01,-3.467752838635816768e-03,-1.018458841285912186e-01,3.017386744509322205e-01,7.948098226044074677e-01,3.483737773804940763e-01,1.757397942239590782e-01,3.557012179474566826e-01,4.832637237567622424e-01,5.100778575267892467e-01,7.312610982922653768e-01,6.279653444944640617e-01,-1.032438099964811395e-01,-1.795843346997431644e-01,2.457677702663029484e-01,3.748617022146783495e-01,-3.247085959594480098e-01,-2.476232652454380678e-01,-6.917980966997331338e-01,6.873837276910994554e-01,-1.057646087143768003e-02,5.746886663239196558e-02,1.632207162171367965e-01,6.558441952449044487e-01,6.062623879028619100e-01,1.000000000000000000e+00,4.198647353998088971e-02,5.263244186588745405e-02,-2.219483686896156494e-01,-6.737495099403975618e-02,-2.726692157626417479e-01
0.000000000000000000e+00,0.000000000000000000e+00,0.000000000000000000e+00,0.000000000000000000e+00,0.000000000000000000e+00,0.000000000000000000e+00,0.000000000000000000e+00,0.000000000000000000e+00,0.000000000000000000e+00,0.000000000000000000e+00,0.000000000000000000e+00,0.000000000000000000e+00,0.000000000000000000e+00,1.000000000000000000e+00,8.515451331532537527e-01,9.454416235539803148e-01,1.000000000000000000e+00,1.000000000000000000e+00,1.000000000000000000e+00,9.637774658711900644e-01,1.000000000000000000e+00,8.997329467972839945e-01,1.000000000000000000e+00,6.063877633349845642e-01,1.000000000000000000e+00,8.102338640016070181e-01,8.937469155533021015e-01,7.368167444969283553e-01,9.257115724272936275e-01,1.000000000000000000e+00,8.417288340371599231e-01,3.394228868502952579e-01,5.960356798462262962e-01,7.616569532684591692e-01,9.733701615569320120e-01,7.250988258337640602e-01,3.451546046582087413e-01,5.206224031217385750e-01,1.674895021478104151e-01,2.136019366339124981e-01,1.260193288060747208e-01,9.653415055511933573e-01,7.748498855168159949e-01,6.836772344679804547e-01,5.270206320712493842e-01,3.800239823733994604e-01,8.687422308171316443e-02,3.699260416811703256e-01,3.728116985041863840e-01,1.899594596101998323e-01,4.547153354500763633e-01,7.705255890144433462e-01,4.605851767479496872e-01,1.359330202279887545e-01,6.328728160685831439e-01,4.920013733135042422e-01,6.209094720646365362e-01,3.873348321694060070e-01,-9.365237368140830188e-02,6.389578700075115858e-01,3.044959312377087390e-01,4.052446272296391649e-01,3.699632786250878214e-02,4.033072361907001913e-01,9.338207968708252260e-02,5.013070518960366373e-01,3.291883069218746738e-01,3.069421019794903449e-01,2.293533014787506874e-01,6.720525662761412944e-01,-9.625361724282240072e-02,2.187533410617130136e-01,2.991077568742426251e-01,4.668112703844426448e-01,4.013036638877565121e-01,5.590798632761689174e-02,7.292724045829677149e-01,-7.303713296345587525e-02,1.976130657348612596e-01,7.392307344611530606e-01,2.585839113524027177e-01,6.396236195577545414e-02,-1.442510449872369260e-01,1.058213116595240061e-01,6.843850652678036550e-02,3.135184075743139287e-01,2.318488115151199624e-01,-6.420753735376171223e-01,5.429990583423089934e-01,-2.698985243630308561e-01,-1.252187551683442701e-01,1.020451011337553809e-01,3.797598023609261575e-01,2.051679444786738693e-01,4.966550265478862913e-01,-6.155442550154936743e-02,-3.622145739075530724e-01,-4.759789542063660450e-01,-8.056559802716115049e-02,2.315186970153324808e-01
0.000000000000000000e+00,0.000000000000000000e+00,0.000000000000000000e+00,0.000000000000000000e+00,0.000000000000000000e+00,0.000000000000000000e+00,0.000000000000000000e+00,0.000000000000000000e+00,0.000000000000000000e+00,0.000000000000000000e+00,0.000000000000000000e+00,0.000000000000000000e+00,0.000000000000000000e+00,0.000000000000000000e+00,1.000000000000000000e+00,9.581643811332881677e-01,9.954999752713783456e-01,9.988805306426590258e-01,8.837536591020672683e-01,8.681439689460128672e-01,9.706400008518724087e-01,9.943769310407495343e-01,8.038435202582743244e-01,6.258061379147616954e-01,1.000000000000000000e+00,9.136735072191030094e-01,1.000000000000000000e+00,6.984216802357635645e-01,8.905932513525082195e-01,9.392307549951549595e-01,9.389585540306283340e-01,5.860354135270969822e-01,4.780328002329777837e-01,7.315784248171107729e-01,8.344037406770677956e-01,5.411316465921457430e-01,2.676493371383602549e-01,3.177881297159610985e-01,2.245780659441583282e-01,9.038760079127775016e-02,2.787817709413206724e-01,9.103149527575782329e-01,7.086067254993038134e-01,9.011966333715570876e-01,4.797882735828680190e-01,2.798553667817049173e-01,6.283283850183167540e-02,3.591718578335268419e-01,4.612804096984450819e-01,1.520133622001533687e-02,2.094697959525168296e-01,7.558541430946256190e-01,3.703657216784062012e-01,2.372889097347230525e-01,5.868626020400966592e-01,3.127906399464250864e-01,4.069474858715464438e-01,9.105153092990100894e-02,-1.565844835297519333e-01,6.542824058952482202e-01,5.080350749725963677e-01,2.637067899648586899e-01,2.353854531281056595e-01,5.134859062352163939e-01,-5.431826496827775463e-02,5.116826574411142969e-01,4.319641771251196416e-01,5.746397931124412883e-01,2.748557168679445772e-01,3.472540765059887180e-01,7.756811795995476044e-02,6.165774824069082394e-01,1.825740037499243851e-01,6.686864768706474171e-01,8.479253205661180237e-01,2.402161264643985494e-01,6.526449820831112802e-01,-2.905471490009991498e-01,4.032186734504093484e-01,9.057473095248571582e-01,2.133796428914371546e-01,-2.662844905129456430e-02,-4.530818555503732942e-02,-2.026029019840196177e-01,5.987462478853605718e-02,3.793272607137340713e-01,3.753666833638018563e-01,-4.875063312119882752e-01,7.432958675396585946e-01,2.173788460027929748e-01,-7.015290466736665009e-02,4.018631903770749636e-01,7.071664148659745353e-01,3.172846067737010722e-01,5.115361664145753329e-01,-2.588603730814715287e-01,-4.304041072737229690e-01,2.843124839734237352e-01,-2.977956669379164256e-01,1.935558098530668625e-01
0.000000000000000000e+00,0.000000000000000000e+00,0.000000000000000000e+00,0.000000000000000000e+00,0.000000000000000000e+00,0.000000000000000000e+00,0.000000000000000000e+00,0.000000000000000000e+00,0.000000000000000000e+00,0.000000000000000000e+00,0.000000000000000000e+00,0.000000000000000000e+00,0.000000000000000000e+00,0.000000000000000000e+00,0.000000000000000000e+00,1.000000000000000000e+00,8.988541230345337141e-01,8.271914194290151956e-01,8.501833170189219135e-01,8.169707239351079453e-01,9.087440121864240883e-01,8.561357481860859542e-01,7.438080008077579963e-01,7.138485693570827406e-01,8.657876472686368841e-01,7.726153629316221405e-01,8.962840544199343062e-01,6.958852087643240258e-01,7.701681494278925788e-01,8.567464899664961608e-01,8.562441166678737003e-01,3.825072353380570278e-01,4.894756444551995878e-01,5.131648816330179885e-01,8.607214320818585840e-01,4.450426353628318954e-01,2.586531384385677979e-01,1.462504798711013188e-01,2.252702122182035360e-01,2.661452256112145989e-02,3.582435815882840657e-01,6.881859838733332957e-01,5.126777921974230434e-01,6.980375682434144524e-01,3.222081817473278487e-01,2.414760438063024428e-01,1.943062829172961803e-01,3.423585176161986765e-01,4.020469283977802233e-01,4.517043840851675540e-02,1.803782863351005017e-01,6.239437962127541981e-01,4.616966757799276788e-01,2.376451248226164048e-01,4.219721227593084545e-01,2.577875530537431792e-01,3.871805019626274880e-01,1.532233637492275424e-01,7.914047498912794984e-05,4.552206689688417240e-01,4.017814016589722481e-01,2.141574237057963515e-01,1.006284036354145317e-01,3.449312611333918976e-01,6.579668641197249264e-03,4.772324157118132404e-01,3.444238551247865709e-01,5.339435153743448126e-01,4.244955216048159619e-01,1.518140484895802444e-01,2.193233294864461447e-01,5.374913288563174518e-01,1.459241168472016348e-01,6.575342431095209106e-01,7.338348618784276134e-01,4.267903887162655674e-01,5.305224058689606004e-01,-1.412893061959490937e-01,4.824624219678862458e-01,6.942957262094808790e-01,1.003875429726333451e-01,-2.123768445515801517e-02,-7.194179537246662981e-02,-8.194415215880199166e-02,-1.981220314891095347e-02,2.935674365980541767e-01,2.491458384325964670e-01,-3.813676831361374475e-01,6.110236142175233809e-01,-3.651017163810511140e-02,-4.203445487144054360e-02,2.748706781614148609e-01,5.273032461111204494e-01,2.383741878102398071e-01,4.355590907548649304e-01,-1.975350585439276108e-01,-3.795858147622906409e-01,1.833400547640715861e-01,-1.477237118274198346e-01,3.917024384405471543e-02
0.000000000000000000e+00,0.000000000000000000e+00,0.000000000000000000e+00,0.000000000000000000e+00,0.000000000000000000e+00,0.000000000000000000e+00,0.000000000000000000e+00,0.000000000000000000e+00,0.000000000000000000e+00,0.000000000000000000e+00,0.000000000000000000e+00,0.000000000000000000e+00,0.000000000000000000e+00,0.000000000000000000e+00,0.000000000000000000e+00,0.000000000000000000e+00,1.000000000000000000e+00,6.555130187666247110e-01,6.954817437389726464e-01,6.788524474860642144e-01,6.114068779727590552e-01,6.433782686106285231e-01,6.188523891732181648e-01,4.107981631451878002e-01,6.351466261573106564e-01,5.188615715322446587e-01,7.219150775669777031e-01,4.358175164402968704e-01,5.758157114115121100e-01,7.633539742095589720e-01,7.032595638423171369e-01,2.505556867319447822e-01,4.265860459651901748e-01,3.514513752509901834e-01,5.628465786948905203e-01,4.459624560139115457e-01,3.080925377141697230e-01,2.041892058842352531e-01,3.546765637777127972e-02,1.336492391727798767e-01,2.915480630076687785e-01,5.408879627949433333e-01,5.737731827720276012e-01,5.434766192668593066e-01,2.604518670829116256e-01,3.976276639772879373e-01,4.023304840674143956e-02,2.714238969160248649e-01,2.306329358820260467e-01,5.525455042061846490e-03,1.246296946252608007e-01,4.080298234339558849e-01,1.340210644561599385e-01,2.131248651949143869e-01,3.362088228855780181e-01,9.467044283587433551e-02,2.909290896833190976e-01,2.670919594251048856e-01,-3.030539385042491443e-02,2.513140584741463956e-01,2.972224978320285871e-01,4.104566718242540491e-01,8.788964251278739981e-02,3.490023435614504899e-01,1.087564153393261596e-01,2.741448738084636405e-01,2.184962159645934265e-01,4.605183359531279663e-01,1.269817631778421803e-03,8.163081404132511987e-02,7.387403502306656711e-02,1.536080985272445520e-01,9.082247937731699472e-03,4.550754298050204150e-01,4.131761367186501666e-01,1.835081978631471766e-01,3.450118532712782016e-01,-7.107751393650284244e-02,4.407697653198868748e-01,6.994712108681728768e-01,2.515770298136646432e-01,-2.161169169637402188e-01,-5.511796568255552392e-02,-3.365362668399548424e-02,1.658382918598593977e-02,4.890165624567938130e-02,3.285993542553167779e-01,-2.978239893771968405e-01,3.894604193124542868e-01,-1.988692377935607214e-01,-3.656142329634021887e-02,1.878245777497046798e-01,6.222594155601103294e-01,9.982627069184030200e-02,3.960129737021345631e-01,-3.941152423207023442e-02,-2.033216879223805895e-01,7.950482692934700280e-02,2.121356406160749067e-02,2.479038635970649274e-01
0.000000000000000000e+00,0.000000000000000000e+00,0.000000000000000000e+00,0.000000000000000000e+00,0.000000000000000000e+00,0.000000000000000000e+00,0.000000000000000000e+00,0.000000000000000000e+00,0.000000000000000000e+00,0.000000000000000000e+00,0.000000000000000000e+00,0.000000000000000000e+00,0.000000000000000000e+00,0.000000000000000000e+00,0.000000000000000000e+00,0.000000000000000000e+00,0.000000000000000000e+00,1.000000000000000000e+00,7.688977363412961008e-01,7.798369284905187770e-01,7.034123264707073941e-01,7.172099605958641710e-01,6.542095178763405183e-01,5.029329415683926330e-01,7.273975921554092228e-01,5.197046001206905297e-01,7.525445746221794963e-01,5.272534977613440033e-01,7.355094694433241820e-01,6.682872058441022833e-01,6.774205764993143086e-01,4.620222893152031718e-01,3.038796193233228582e-01,4.795305270082448890e-01,5.747185901693762089e-01,3.209879542495651106e-01,2.642208435676464406e-02,1.834500693875630306e-01,8.795256143517388159e-02,1.808618081574640268e-01,2.892740075943103784e-01,5.611789483229986386e-01,4.451686825095743094e-01,6.069939337099566901e-01,2.381712497967509723e-01,1.639459393840025647e-01,4.967789761051341624e-02,1.515527952611927520e-01,2.507889896861789092e-01,3.374473929106965725e-02,2.131478977052229662e-01,7.124581804361621584e-01,4.863319927563752865e-01,1.987415777997560140e-01,3.368436951344989105e-01,2.177961905996451397e-01,4.617374960449310284e-01,3.350851395554280132e-01,2.833330593032565986e-02,3.669286988678566175e-01,2.525059443265109671e-01,2.060693576208413036e-01,-5.663984230651896573e-02,1.114255058589162378e-01,-1.452295587391466136e-01,3.696119038096968845e-01,2.493278762643760527e-01,3.894762895161038574e-01,2.372563192403565335e-01,3.792995660817780612e-01,-2.573751377097586723e-01,2.667955668206261066e-01,2.586835268439152680e-01,1.481632714983334154e-01,1.600163928218433229e-01,-1.511213637935959753e-01,2.134102177089463592e-01,8.030543234056720936e-02,-7.078962980097003310e-02,3.890483104234775391e-01,1.035704468091654812e-01,5.289025208661160549e-02,-2.760535055005548452e-02,-1.559665301972612272e-01,1.812605011764461260e-01,8.686674532227699197e-02,4.752533010007398140e-01,-3.753181553488453837e-01,5.302439767583214669e-01,1.305470069113796316e-01,-4.964329632888574845e-02,6.295497947885335399e-02,4.695801265882523223e-01,2.682424682486045375e-01,5.781661136735559703e-01,-5.252517637533851008e-02,-5.184203396130759867e-01,-5.513060570923030562e-02,-1.565222088631892383e-01,-5.864811733761719076e-02
0.000000000000000000e+00,0.000000000000000000e+00,0.000000000000000000e+00,0.000000000000000000e+00,0.000000000000000000e+00,0.000000000000000000e+00,0.000000000000000000e+00,0.000000000000000000e+00,0.000000000000000000e+00,0.000000000000000000e+00,0.000000000000000000e+00,0.000000000000000000e+00,0.000000000000000000e+00,0.000000000000000000e+00,0.000000000000000000e+00,0.000000000000000000e+00,0.000000000000000000e+00,0.000000000000000000e+00,1.000000000000000000e+00,7.525773473336383468e-01,7.339040791857701640e-01,5.902011315877964126e-01,7.902463601366482848e-01,4.707033017812989883e-01,6.292755730374481882e-01,5.590705423454664924e-01,5.979997823545715185e-01,5.815457009119553433e-01,7.279004702921120229e-01,8.517975288282353397e-01,7.943678586424551824e-01,4.076070771033212248e-01,5.428611827045429772e-01,3.831852588591207476e-01,5.637126677063756253e-01,4.355310505243669694e-01,2.642093409962257833e-01,3.675162590687872655e-01,2.866343705098247860e-02,1.916679936259684525e-01,1.110805629406028672e-01,6.267044126246495983e-01,6.113743037630441357e-01,5.912820493959434209e-01,4.225779861947436822e-01,2.890677525847754614e-01,-6.658982474211297409e-02,4.006754780920546710e-01,1.386426263892513444e-01,1.734765348900852225e-02,1.585289793533707914e-01,5.153797765845186118e-01,3.222634179349111450e-01,1.477042246258689073e-01,3.502467292285890710e-01,3.696297954049857504e-01,5.386592415486913810e-01,3.920788284466047990e-01,-6.293406728553671559e-02,3.722448195136958127e-01,2.991872137289393607e-01,2.494311314571179272e-01,-1.943611659258110205e-02,1.628902200266537370e-01,7.929688066903613219e-02,4.193807876866837980e-01,2.374761766217847181e-01,1.216269833941617112e-01,2.549957668932756882e-01,2.142043281559397883e-01,-1.957153010770938117e-01,3.945513402878825238e-02,3.663797570784291247e-01,4.541744190174423212e-01,3.197353263588004202e-01,9.053076683060250207e-02,5.635940969131916223e-01,-4.699116611344799493e-02,3.858855700775204456e-02,5.243242150358131681e-01,3.802946234319412033e-01,-8.620496570220610721e-02,-2.710092015270559873e-01,-2.290215671264765329e-01,3.052488404882897632e-01,7.156737183200033436e-02,7.339807240994883353e-02,-3.375207864185927331e-01,2.563924209807019183e-01,3.206241476698915016e-02,-2.119926804781934251e-02,2.406602374300609304e-01,6.293221743178862848e-01,1.182341893727284626e-01,5.340847555400297653e-01,-1.398912802825776902e-01,-1.603026847606961458e-01,-1.625890286378418592e-01,-2.133495473374901960e-02,-6.393231947256466929e-02
0.000000000000000000e+00,0.000000000000000000e+00,0.000000000000000000e+00,0.000000000000000000e+00,0.000000000000000000e+00,0.000000000000000000e+00,0.000000000000000000e+00,0.000000000000000000e+00,0.000000000000000000e+00,0.000000000000000000e+00,0.000000000000000000e+00,0.000000000000000000e+00,0.000000000000000000e+00,0.000000000000000000e+00,0.000000000000000000e+00,0.000000000000000000e+00,0.000000000000000000e+00,0.000000000000000000e+00,0.000000000000000000e+00,1.000000000000000000e+00,6.502627532990542525e-01,6.013820047731245344e-01,5.878885258274550996e-01,3.965007214944777370e-01,5.297665011269189206e-01,4.458369106728375386e-01,7.480915626530841855e-01,4.832170652149780921e-01,6.266687957486773985e-01,5.833910583599104527e-01,5.935092855748108631e-01,2.126045844767398829e-01,4.448841908557047975e-01,3.461562478302458445e-01,4.025168275296209242e-01,2.277794326793188273e-01,6.573003432632675003e-02,9.722212966120824529e-02,2.751390506710874040e-02,1.991406104064903371e-01,3.558026306850341491e-01,4.939099031363358705e-01,4.290220938589879851e-01,5.028187161158825802e-01,2.399281512174293030e-01,3.042269320375149966e-01,-8.323059876408696323e-03,1.942623523563077048e-01,1.938102522477663792e-01,1.365117477951733049e-01,2.224977943926214063e-01,4.898825739957901604e-01,2.609415508900247982e-01,1.390546602254655872e-01,2.502591425919829526e-01,1.198732378613827365e-01,4.963273259689015560e-01,3.912426145223574792e-01,6.614052240941777072e-02,1.702156516195465485e-01,1.922891691602487962e-01,4.558725875769331082e-01,-2.024951362352367668e-01,1.331608698977632121e-01,2.484133572735872791e-02,2.851404107836041923e-01,2.444324491275799427e-01,3.855476515441023655e-01,3.832460346000240992e-01,9.833046719322040274e-02,-6.891024131393735930e-02,-3.757397737732173781e-02,4.475231037304328585e-01,5.331777567358502168e-01,2.040862720492091220e-01,-9.487725414069796137e-02,2.265584472748442546e-01,3.146513549988574909e-02,1.884075746687767228e-01,3.656879615423344609e-01,3.169624534332649568e-01,1.490146799247568377e-01,-2.830209470917523576e-02,-2.679726538433847838e-02,2.892624132175526941e-01,-3.407313777463145676e-01,3.956026454454459468e-02,-5.411897045628567549e-01,3.009012971922766511e-01,-1.993574267114099630e-03,3.828661454564337430e-02,9.918331955760496810e-02,4.173086447075644023e-01,2.843431708505185784e-01,5.235797109649744652e-01,-1.622851205544945455e-02,-3.201809159741310085e-01,-1.656993251295181824e-01,6.422620078691694545e-02,7.276729337872575587e-02
0.000000000000000000e+00,0.000000000000000000e+00,0.000000000000000000e+00,0.000000000000000000e+00,0.000000000000000000e+00,0.000000000000000000e+00,0.000000000000000000e+00,0.000000000000000000e+00,0.000000000000000000e+00,0.000000000000000000e+00,0.000000000000000000e+00,0.000000000000000000e+00,0.000000000000000000e+00,0.000000000000000000e+00,0.000000000000000000e+00,0.000000000000000000e+00,0.000000000000000000e+00,0.000000000000000000e+00,0.000000000000000000e+00,0.000000000000000000e+00,1.000000000000000000e+00,6.424003200831406302e-01,6.047397179333778849e-01,4.415070387027004717e-01,6.546326634791787002e-01,5.722957046632450862e-01,6.257352347730942288e-01,5.738304476655761155e-01,5.632988213404308553e-01,6.749712123693830668e-01,5.907780978150847240e-01,3.326213504248544117e-01,4.732004496579554353e-01,3.980408804556387348e-01,6.277140524166701097e-01,3.216110904460344755e-01,2.017512236730404640e-01,3.088753292741790446e-01,1.728947149045222120e-01,6.771572223505642474e-02,6.161650557145635643e-02,6.519064882150863438e-01,5.034448032237386350e-01,5.617038341018936176e-01,3.117674251985994571e-01,1.346469735948213342e-01,7.895740125651903862e-02,2.376520655686220895e-01,2.412462449898469252e-01,6.058966188248943868e-02,2.070780693334448030e-01,5.868916931036920470e-01,4.243753999143698996e-01,1.808213082184391418e-01,3.508988683741284809e-01,3.351350973081155260e-01,4.497729935585390582e-01,1.310609244097785953e-01,-9.911999984557329224e-02,3.851621203098768431e-01,1.987487193764830296e-01,3.231049985850134587e-02,4.424633756773467541e-02,2.024342560097486254e-01,4.810383992701239286e-02,4.020437623146037587e-01,2.096486731901337219e-01,3.828748061436066386e-01,2.647518066115988611e-01,4.118127839335093965e-01,-2.583725973312187355e-02,2.061995396785258061e-01,3.579955374263042445e-01,5.801898149548502248e-01,4.751585360649270839e-01,3.941369738394960853e-01,5.735867896748438888e-01,-2.243187916723650144e-01,1.715952456427469186e-01,2.611436055074735085e-01,8.140559669922323160e-02,2.074481328194947294e-01,2.657456094783714612e-02,-2.667583429377473267e-02,1.498038878104421545e-01,1.646155226948633199e-01,-1.023908515865927099e-01,-5.677001408166776342e-01,4.510183388779001601e-01,2.639754410092010062e-01,-8.940061437197659167e-02,6.997917363554499726e-02,5.695880279973609683e-01,1.641499083541106130e-01,4.018778042972970255e-01,-2.869106765062665043e-02,-5.961353603314308025e-02,2.344078620066183255e-02,-7.959836176826234899e-02,4.859730970867344457e-02
0.000000000000000000e+00,0.000000000000000000e+00,0.000000000000000000e+00,0.000000000000000000e+00,0.000000000000000000e+00,0.000000000000000000e+00,0.000000000000000000e+00,0.000000000000000000e+00,0.000000000000000000e+00,0.000000000000000000e+00,0.000000000000000000e+00,0.000000000000000000e+00,0.000000000000000000e+00,0.000000000000000000e+00,0.000000000000000000e+00,0.000000000000000000e+00,0.000000000000000000e+00,0.000000000000000000e+00,0.000000000000000000e+00,0.000000000000000000e+00,0.000000000000000000e+00,1.000000000000000000e+00,4.459931739315946553e-01,5.166436445022037915e-01,6.088900436983750719e-01,5.115447607226037974e-01,7.657874598410621125e-01,4.442910324159906610e-01,4.681848662720438092e-01,5.790020470922085938e-01,6.191204873792581775e-01,3.214443786044536289e-01,2.399333627732493368e-01,4.824803155908755081e-01,6.033932638867258724e-01,3.507752691162262515e-01,1.453064544261171431e-01,5.568875897941212572e-02,1.349685727401452595e-01,1.023214437842957930e-01,2.039329724609385275e-01,3.868729506833484821e-01,2.124704928014429506e-01,5.113475854330327142e-01,1.050699452348121954e-01,2.517289760265659093e-01,1.159845667926182461e-01,-3.651937596016182480e-02,2.836093665586578161e-01,-2.976395960682944736e-02,2.566488036121979399e-01,4.742211430541828365e-01,1.747998246234350739e-01,2.508540425264288998e-01,1.776169960744396759e-01,2.859724140334404252e-01,2.980008200293057796e-01,8.100933475793030414e-02,-3.729113500656097138e-04,2.958030732188422496e-01,1.647155465714064682e-01,4.827524423230918071e-02,6.095800030708008188e-02,2.323505932270795160e-01,-1.160564733044746055e-01,2.673270322687595346e-01,2.926346075448599260e-01,3.740423879653716477e-01,-6.539615619552753209e-03,1.821260782630820252e-01,1.169392133064799388e-01,4.689244399434672195e-01,3.606182273479918154e-01,3.307179477742530627e-01,5.622534956125799788e-01,2.601533625423198548e-01,1.952244709734154704e-01,-1.626316047276262777e-01,1.863032815930541763e-01,4.485802655998161192e-01,-2.295012592267192120e-01,4.640511999815029320e-02,2.467342573933951067e-01,1.385316321779598847e-01,8.483689367914623580e-02,2.701492895466146016e-01,5.095032530560279493e-01,-2.101162092255066394e-01,6.482717330985162674e-01,1.197456826158897342e-01,-1.794477281797776658e-02,1.284763222763608548e-01,3.752662903158292540e-01,1.832986308424398858e-01,1.991919814304518033e-01,7.287856487782147508e-02,-2.585190559908684960e-01,3.037253278788508704e-01,-1.076811510175226805e-01,6.886904373661771606e-02
0.000000000000000000e+00,0.000000000000000000e+00,0.000000000000000000e+00,0.000000000000000000e+00,0.000000000000000000e+00,0.000000000000000000e+00,0.000000000000000000e+00,0.000000000000000000e+00,0.000000000000000000e+00,0.000000000000000000e+00,0.000000000000000000e+00,0.000000000000000000e+00,0.000000000000000000e+00,0.000000000000000000e+00,0.000000000000000000e+00,0.000000000000000000e+00,0.000000000000000000e+00,0.000000000000000000e+00,0.000000000000000000e+00,0.000000000000000000e+00,0.000000000000000000e+00,0.000000000000000000e+00,1.000000000000000000e+00,3.726350385663017573e-01,5.994255213942464300e-01,6.105107793072930278e-01,4.663599263498895420e-01,4.549596328106107479e-01,6.720549271605079644e-01,6.219235949939878605e-01,6.187967874211922625e-01,3.178547064179743642e-01,6.030185310174481783e-01,3.548552754174732482e-01,5.814188535531447100e-01,5.108372941718887228e-01,3.456039785245711426e-01,4.255062855738900307e-01,4.615018994279986714e-02,1.091717765625823816e-01,-6.786091918255320043e-02,6.365193250462696239e-01,5.971699196400092058e-01,5.442057805544477933e-01,4.533492052404212158e-01,7.848864887097603549e-02,-6.262350646397446541e-02,5.363173495755501063e-01,5.779787539586938444e-02,9.493405760292669693e-02,1.485412150554354660e-01,5.122329983584502644e-01,1.542781572201070150e-01,-4.651495352864878918e-02,4.124430612821453623e-01,4.650739328745289725e-01,4.380074475836331915e-01,3.229853746317702390e-01,-1.592746582158735824e-01,4.819109239390402255e-01,3.338570760558913220e-01,6.151315424827377004e-02,9.931057827408477923e-02,3.768714164032694325e-01,6.662417356317887340e-02,3.670735431126848636e-01,2.802969144546395008e-01,6.195830562047410089e-02,1.676503789298413594e-01,4.485275549389956540e-01,-2.226384757152951865e-01,8.568726779122161352e-02,1.636147520927372020e-02,5.013060117685771422e-01,2.803290050724071558e-01,7.881624935344756777e-02,5.831312176519147794e-01,6.593796940751610151e-03,2.657262395134332711e-01,7.527982756052788993e-01,5.149057556727325569e-01,-2.483089803526993822e-01,-2.452646771241255297e-01,-1.357455167695451881e-01,1.143020895680912502e-01,2.098266838283635027e-01,-6.756672316854284155e-02,-7.642771325841871133e-02,3.333271729689109009e-01,-2.153980459840391937e-01,-2.938524006870880667e-01,-1.744073957010756556e-02,5.346565802892325747e-01,9.964636244096393425e-02,5.234973435343732717e-01,-1.196834196342522055e-01,-8.721286291611764219e-02,-3.185135949765147689e-01,-3.259977280730237681e-02,2.758879271405701925e-02
0.000000000000000000e+00,0.000000000000000000e+00,0.000000000000000000e+00,0.000000000000000000e+00,0.000000000000000000e+00,0.000000000000000000e+00,0.000000000000000000e+00,0.000000000000000000e+00,0.000000000000000000e+00,0.000000000000000000e+00,0.000000000000000000e+00,0.000000000000000000e+00,0.000000000000000000e+00,0.000000000000000000e+00,0.000000000000000000e+00,0.000000000000000000e+00,0.000000000000000000e+00,0.000000000000000000e+00,0.000000000000000000e+00,0.000000000000000000e+00,0.000000000000000000e+00,0.000000000000000000e+00,0.000000000000000000e+00,1.000000000000000000e+00,2.693443299580193240e-01,4.945944291942449555e-01,4.050599823872275129e-01,5.106861328452177995e-01,2.956428325137583357e-01,4.129311377573720576e-01,3.463703821407050354e-01,1.446918512830311920e-01,2.431064738484614851e-01,2.863299066171128282e-01,4.495179339447673561e-01,9.127143117379070414e-02,2.060830408081217591e-01,-3.586405559896312795e-02,2.090080736204528444e-01,-1.214170082555399571e-01,4.590671073910707056e-01,5.608636300870022823e-02,-1.715687570480796675e-01,3.346153664801845840e-01,-9.250349946391811518e-02,1.239681992233731406e-01,4.004339179306068974e-01,-1.906670851018675839e-01,1.189858613099406548e-01,1.207928766789671121e-01,1.103507962048630442e-01,3.671481598095894250e-01,2.596149434815032686e-01,3.716755740069705993e-01,6.076170882500924603e-02,2.984298783249894615e-01,2.848598392905515170e-02,1.582553450506721804e-01,3.051256346923375551e-01,1.577048173207923620e-01,2.882626611303829717e-02,-3.506615005408530994e-02,5.328601065056913499e-02,-2.836859494843615645e-02,-2.113451561731456707e-01,1.527671050937325636e-01,3.194781378109121661e-01,3.978075358096869185e-01,3.381520934777359488e-01,1.868353340039189195e-02,4.772558979635899840e-02,6.717909215805868417e-01,9.912121466974335715e-02,2.353326573079115025e-01,5.544677182982888919e-01,3.628240782227071803e-01,-1.674074711689741701e-01,-6.983459473972682303e-03,1.068766540140042021e-01,2.337818524660031372e-01,-1.828141811825105545e-01,3.546835372244289131e-01,2.208730790092914564e-01,1.559508201223717416e-01,1.970642767177338828e-01,1.662156611595687061e-01,3.084521358720897499e-01,-1.506963324484832112e-02,4.130816038674519630e-01,-2.614159026211688996e-02,-1.566425800473643937e-01,3.323337806390992688e-02,1.783250166601689224e-01,-3.686740710703654417e-02,1.832317721952921308e-01,1.303151590773097071e-02,-2.096670270364970334e-01,1.942521424496822802e-01,-6.301785971901631422e-02,-3.103813247353524041e-01
0.000000000000000000e+00,0.000000000000000000e+00,0.000000000000000000e+00,0.000000000000000000e+00,0.000000000000000000e+00,0.000000000000000000e+00,0.000000000000000000e+00,0.000000000000000000e+00,0.000000000000000000e+00,0.000000000000000000e+00,0.000000000000000000e+00,0.000000000000000000e+00,0.000000000000000000e+00,0.000000000000000000e+00,0.000000000000000000e+00,0.000000000000000000e+00,0.000000000000000000e+00,0.000000000000000000e+00,0.000000000000000000e+00,0.000000000000000000e+00,0.000000000000000000e+00,0.000000000000000000e+00,0.000000000000000000e+00,0.000000000000000000e+00,1.000000000000000000e+00,4.116742124739136699e-01,3.919402179748802673e-01,3.281612504003580399e-01,6.057984085728829182e-01,4.796812585540720653e-01,4.696649460163918599e-01,3.138792137979944386e-01,2.754899500454741079e-01,3.995255528791796240e-01,5.191457144371727228e-01,3.059836015474058368e-01,2.845749321337780191e-02,2.008677603972826298e-01,1.270233704283698917e-01,6.769819596110134008e-02,8.570061730923442256e-02,5.244730593411074393e-01,4.605008295744822955e-01,4.892853844233117089e-01,3.493445797942685838e-01,-4.283270165435686810e-02,3.793813344144487953e-02,2.758867708138248998e-01,2.448880571632706116e-01,-4.375830697143465176e-02,1.014168929364688831e-01,3.578229631667104171e-01,2.682315821844559744e-01,2.347463871441154634e-02,1.970131002976564238e-01,3.385611898186175611e-02,2.122239817836148734e-01,1.756011883347365909e-01,-1.625695662773549988e-01,3.414179082946291466e-01,2.366835878927462944e-01,1.429488177825802009e-01,1.381073353467305032e-01,2.455157734063038721e-01,-1.384534446864384982e-01,3.659445368452483027e-01,1.301537817128691765e-01,1.617115562965401043e-01,2.930479553221198574e-01,2.165933834250105272e-01,-9.797851729725635950e-02,3.051966261442381478e-01,2.554918496558097364e-03,2.916334208243518411e-01,5.356083730105075658e-01,1.085887373464017175e-01,2.878609561324910748e-01,-1.757299854692656316e-01,1.994048138009270332e-01,5.273863468131377852e-01,2.238898664870626609e-01,-1.178908984089821060e-01,-1.703327125942200038e-01,-5.624542480772973946e-02,1.848860407035939762e-02,2.162029255466646482e-01,1.185775647358429663e-01,-5.556558573877025120e-01,4.246292977829324577e-01,3.674771923018765873e-02,5.698269144585314111e-02,3.451916666095517505e-01,2.286250990688311613e-01,6.226106093144608000e-02,1.966483973149619480e-01,-2.142825828958452028e-01,-1.324629901738103854e-01,1.182580669366896098e-01,-1.748121539761898421e-02,2.305610444896945971e-02
0.000000000000000000e+00,0.000000000000000000e+00,0.000000000000000000e+00,0.000000000000000000e+00,0.000000000000000000e+00,0.000000000000000000e+00,0.000000000000000000e+00,0.000000000000000000e+00,0.000000000000000000e+00,0.000000000000000000e+00,0.000000000000000000e+00,0.000000000000000000e+00,0.000000000000000000e+00,0.000000000000000000e+00,0.000000000000000000e+00,0.000000000000000000e+00,0.000000000000000000e+00,0.000000000000000000e+00,0.000000000000000000e+00,0.000000000000000000e+00,0.000000000000000000e+00,0.000000000000000000e+00,0.000000000000000000e+00,0.000000000000000000e+00,0.000000000000000000e+00,1.000000000000000000e+00,3.659643345613987075e-01,3.485586696311656074e-01,4.870011700434460078e-01,4.082623581769458943e-01,4.793835288940072603e-01,2.080303872571444279e-01,4.483289228199117127e-01,1.799131935563582640e-01,2.721239484938325348e-01,2.529604495800279462e-01,2.157757681919709181e-01,1.656594681316483353e-01,1.235848777807876664e-01,-2.463890976864056837e-02,1.367795865385800502e-01,4.438340333136487903e-01,2.723095289492573623e-01,4.620370346866195521e-01,2.517761726936884603e-01,9.007373898412274205e-02,5.777665854962811542e-02,1.112117169961344271e-01,1.367224230285447040e-01,1.898103365391466679e-01,9.662867278444191299e-02,2.490127860579682273e-01,1.912257825377471632e-01,6.004182542313436788e-02,1.574844892551141573e-01,3.202037218183695355e-01,8.855783524988340705e-02,6.535658571412199247e-02,3.399929426836602840e-03,4.200490124143382853e-01,2.361843166977950770e-01,1.230545068659490322e-02,2.738567185821058625e-01,3.439400059981380653e-01,-8.538930065984376427e-02,1.969599503767530124e-01,4.573660774686748587e-01,2.678943988956306588e-01,8.699709388087031869e-02,3.408687623124341537e-02,1.758409570979699577e-01,3.851002681576879971e-01,-5.064816078283974204e-02,5.939674313438103592e-01,4.512532528208824667e-01,3.453788340944832086e-02,4.660725767590551682e-01,2.447321442734325895e-03,2.427143145688753501e-01,6.248607924605724673e-01,2.989666089812172411e-01,-1.304182260715671671e-01,-7.754003880324421283e-02,-9.812058454170898003e-02,-4.827457582139203091e-02,1.253322996954951973e-01,-1.674198887064278218e-01,-3.567130624449104531e-02,4.165415080388003011e-01,7.895649408068976249e-02,4.153098889197986976e-02,3.564591285019336198e-01,3.360547983801145944e-01,3.220800770585419137e-02,2.825685295079399806e-01,-2.090172925867482823e-01,3.174798835825699134e-02,1.841988646594814594e-01,-1.867408317474719692e-01,-1.124515546802560689e-01
0.000000000000000000e+00,0.000000000000000000e+00,0.000000000000000000e+00,0.000000000000000000e+00,0.000000000000000000e+00,0.000000000000000000e+00,0.000000000000000000e+00,0.000000000000000000e+00,0.000000000000000000e+00,0.000000000000000000e+00,0.000000000000000000e+00,0.000000000000000000e+00,0.000000000000000000e+00,0.000000000000000000e+00,0.000000000000000000e+00,0.000000000000000000e+00,0.000000000000000000e+00,0.000000000000000000e+00,0.000000000000000000e+00,0.000000000000000000e+00,0.000000000000000000e+00,0.000000000000000000e+00,0.000000000000000000e+00,0.000000000000000000e+00,0.000000000000000000e+00,0.000000000000000000e+00,1.000000000000000000e+00,2.176205287923056453e-01,3.745874803943303188e-01,3.339776719654452553e-01,3.609223955666732708e-01,1.583816537396953716e-01,1.475668136222528515e-01,2.280969279736622390e-01,3.351066346826832576e-01,2.002239674232254851e-01,1.135440187474558299e-01,-1.900893458731636038e-02,2.223729883767705875e-02,1.160484699071374082e-01,1.802768310898102966e-01,2.576051564834558327e-01,2.041896765106394340e-01,3.207100191030935465e-01,2.118453470017120713e-02,3.039081973028087691e-01,2.666046182020989294e-02,-3.530927881637944271e-02,1.378088301356364398e-01,-8.179189741695800167e-04,5.189027211082453128e-02,4.074478551621969480e-01,2.312567186841647110e-02,1.744243276404204290e-01,2.654673151099197770e-01,6.062966358576616678e-03,2.349294742827486848e-01,5.246281704932712238e-03,-1.037495827800783386e-02,1.110752237887700361e-01,1.470194155379067336e-01,2.573077449326282018e-01,5.893210401102463858e-02,2.225830054463384666e-01,4.892643109559358799e-02,1.676604141467046560e-01,1.080626458687517499e-01,3.378057935522630895e-01,-1.057620704026537017e-01,-5.031954395825062772e-03,5.938154203081073140e-02,2.265726182042656078e-01,1.213742721937409036e-01,2.130203028826682110e-01,3.366907132780572187e-01,1.835260166485214450e-01,9.247556368663790993e-02,3.180265792571813997e-03,4.248067566977906662e-01,2.363975305617276312e-01,5.892255976201172391e-02,6.620058171439434369e-02,3.100606305489474468e-01,2.511908109842821424e-01,6.745894079569658697e-02,-4.136869291735501691e-02,2.107957441473161664e-01,-2.909995793018287924e-01,2.687089908567869001e-01,-4.650781830340115081e-02,-1.339446920856228740e-01,-5.323660944403788703e-02,2.200324080621164913e-01,3.060709971303844923e-01,1.360041516561526498e-01,1.630908347001261693e-01,-2.207016862420608516e-01,2.370958036889771470e-01,-3.510083290168378167e-02,2.867628523476323799e-01
0.000000000000000000e+00,0.000000000000000000e+00,0.000000000000000000e+00,0.000000000000000000e+00,0.000000000000000000e+00,0.000000000000000000e+00,0.000000000000000000e+00,0.000000000000000000e+00,0.000000000000000000e+00,0.000000000000000000e+00,0.000000000000000000e+00,0.000000000000000000e+00,0.000000000000000000e+00,0.000000000000000000e+00,0.000000000000000000e+00,0.000000000000000000e+00,0.000000000000000000e+00,0.000000000000000000e+00,0.000000000000000000e+00,0.000000000000000000e+00,0.000000000000000000e+00,0.000000000000000000e+00,0.000000000000000000e+00,0.000000000000000000e+00,0.000000000000000000e+00,0.000000000000000000e+00,0.000000000000000000e+00,1.000000000000000000e+00,3.357602710728807560e-01,4.457141370658632695e-01,3.635186462431550525e-01,1.263207490253226983e-01,4.960744733048529920e-01,3.441182077631261826e-01,4.650149886068373206e-01,1.762146604796936411e-01,2.081166133562776521e-01,1.621676164185908431e-01,2.464863592202602427e-01,-1.154977186521186638e-01,1.790881977816464743e-01,4.384011065959073083e-01,1.925283513717695461e-01,4.597644450275766848e-01,1.172615507169949417e-01,-3.766246110986704726e-02,1.281878584707827617e-01,1.394939345267945940e-01,2.096469025345042703e-01,1.271437981473402534e-01,2.738274677885095820e-01,2.402350984974935544e-01,3.743810780096508140e-01,3.374889578281066171e-01,1.941275123876567144e-01,3.486595159587799198e-01,2.022110697931385481e-01,2.542516721656966627e-01,1.378674861817993091e-01,3.316618516788224502e-01,1.475477738244735659e-01,-3.651034824338760670e-02,1.367850227452313550e-02,4.396599189928222795e-02,-2.181467050754958559e-01,2.142225948033774363e-01,3.502495328195299185e-01,2.418452508242383003e-01,2.957898303407102136e-01,2.791078966369536785e-01,3.695003244207640397e-02,3.837728176388937595e-01,1.339002563550437952e-01,4.088813206250769272e-01,4.912137217610787476e-01,2.288955116972265780e-01,2.247088740271465657e-01,-2.663573870483030848e-01,7.913572213484497408e-02,4.108109774971293038e-01,-2.648785921026922553e-03,1.606934488984298748e-01,-1.805784468070267476e-02,-4.605032624035130390e-02,3.089813603811825682e-01,2.657355642503650972e-01,6.299887378330090715e-02,-2.847055811305793105e-01,3.717848848809890971e-01,2.960655784244807243e-01,-1.264057746960133843e-01,2.747147243933991123e-01,3.512046624847111609e-01,1.140086129122698001e-02,4.543193292542918038e-01,-9.779971309542039026e-02,-9.609192538345988355e-02,-1.803307095041432190e-02,-3.255704688956034126e-02,-2.928141032308240743e-01
0.000000000000000000e+00,0.000000000000000000e+00,0.000000000000000000e+00,0.000000000000000000e+00,0.000000000000000000e+00,0.000000000000000000e+00,0.000000000000000000e+00,0.000000000000000000e+00,0.000000000000000000e+00,0.000000000000000000e+00,0.000000000000000000e+00,0.000000000000000000e+00,0.000000000000000000e+00,0.000000000000000000e+00,0.000000000000000000e+00,0.000000000000000000e+00,0.000000000000000000e+00,0.000000000000000000e+00,0.000000000000000000e+00,0.000000000000000000e+00,0.000000000000000000e+00,0.000000000000000000e+00,0.000000000000000000e+00,0.000000000000000000e+00,0.000000000000000000e+00,0.000000000000000000e+00,0.000000000000000000e+00,0.000000000000000000e+00,1.000000000000000000e+00,4.912895437709065560e-01,5.019344748792344824e-01,2.787970895653443804e-01,2.679507229283898395e-01,2.195331108473244919e-01,3.880313382236923458e-01,2.685795870384365402e-01,2.080453271893646996e-02,1.367409209673897674e-01,1.576957128920597126e-02,7.346477850568451651e-02,1.926618021882525456e-01,3.765001311020315100e-01,4.746315049295112276e-01,4.265432978597556435e-01,3.334334615009892921e-01,6.399433600855336524e-02,-3.223945772492547990e-02,8.384175631558549169e-02,1.987019667787897903e-01,7.300390527423688408e-03,-3.606925936177763498e-02,3.295548363019393245e-01,2.659679427171196542e-01,-2.944783815263807281e-02,1.563556391271739010e-01,4.135752310443358004e-02,2.481392148028326305e-01,2.131731288991255135e-01,-6.449814707058959540e-02,2.491630718526209876e-01,3.049283537916157583e-01,1.354650983920861751e-01,5.183966025338293537e-02,1.461247326210352304e-01,-2.524769642279913948e-02,4.105263370149510593e-01,1.231357651662212671e-01,-8.162655959965896268e-02,1.603404174239497215e-01,1.068605100849271128e-01,8.638388898521463799e-02,7.365491719622313527e-02,3.556704545852359262e-02,3.540146399410378786e-01,1.647517606466694651e-01,-1.764361255293705466e-01,2.640067810613567212e-01,3.508210336828682663e-01,-1.242424043624651420e-01,3.763913700265583695e-01,2.769497254452655821e-01,-2.170832103873999441e-01,-3.721637837763504542e-01,2.327204409101124322e-03,3.263582904535674775e-03,1.082713399177828995e-01,-1.205949230508769066e-01,-4.267790351968869800e-01,2.208224480419276048e-01,-1.536414209445967904e-01,1.762025424241468741e-01,2.081467588149871484e-01,1.482803812754426576e-01,4.095870180801118310e-01,3.559192918531322025e-01,-2.454294918874582176e-01,-1.742689732130038027e-01,-7.770713924607651479e-02,-1.177790967752886803e-01,-4.858598217060913077e-03
0.000000000000000000e+00,0.000000000000000000e+00,0.000000000000000000e+00,0.000000000000000000e+00,0.000000000000000000e+00,0.000000000000000000e+00,0.000000000000000000e+00,0.000000000000000000e+00,0.000000000000000000e+00,0.000000000000000000e+00,0.000000000000000000e+00,0.000000000000000000e+00,0.000000000000000000e+00,0.000000000000000000e+00,0.000000000000000000e+00,0.000000000000000000e+00,0.000000000000000000e+00,0.000000000000000000e+00,0.000000000000000000e+00,0.000000000000000000e+00,0.000000000000000000e+00,0.000000000000000000e+00,0.000000000000000000e+00,0.000000000000000000e+00,0.000000000000000000e+00,0.000000000000000000e+00,0.000000000000000000e+00,0.000000000000000000e+00,0.000000000000000000e+00,1.000000000000000000e+00,3.640106270730208426e-01,1.809752475056734256e-01,2.686356413321334125e-01,2.774213880833079626e-01,3.214765486484508217e-01,2.856271820340398615e-01,9.306712895513810646e-02,1.797741367771379106e-01,-2.299502387252065627e-02,1.195597800390774679e-01,8.165528386288800622e-02,2.990250349921076967e-01,3.222962963036135053e-01,3.597031218162522470e-01,2.486126599950020666e-01,2.258037443549544276e-01,9.140810760163267656e-02,2.924298873336940163e-01,1.165216491293159101e-01,-4.497979210116408860e-02,7.042067290425350901e-02,-1.129680509692515683e-01,1.121536577951075114e-01,6.805591494010131137e-02,1.446744370462230700e-01,8.633968255533512604e-02,1.869760111313984730e-01,2.768018365830696159e-01,-3.612626089664306567e-02,2.055021960646775392e-01,1.774058269001542176e-01,2.621601489569954646e-01,-4.033139531906017317e-02,1.600718207423915129e-01,1.723615504713168212e-01,1.973195979644787046e-01,5.068418246831635221e-02,1.843923394016604433e-01,4.308372933892226642e-02,-4.440830829180400507e-02,1.066177813463694835e-01,4.390603983394103516e-02,1.123526554193932658e-01,3.769535888211858476e-01,2.924604335527323795e-01,2.824969203320265576e-01,4.135226441185264612e-01,-2.553476608994265651e-01,9.436494258381766809e-02,3.194124089304504199e-01,1.731880303114242681e-01,-4.241305394141860891e-02,-3.497194682682187583e-01,5.081931390435873858e-02,2.921987544610774590e-01,1.040359727579925203e-01,1.357216641170864713e-01,-2.869663410045221741e-01,8.028360912180929065e-02,-1.268255423023116786e-02,9.417093158209562109e-02,3.160258866653010146e-01,4.945871904269616981e-01,-9.669276632562963381e-02,3.715775758229641346e-01,-3.807744575644398527e-02,3.305629478537193411e-02,9.528504718782891680e-02,1.350598732272673685e-01,-1.023495867380105895e-01
0.000000000000000000e+00,0.000000000000000000e+00,0.000000000000000000e+00,0.000000000000000000e+00,0.000000000000000000e+00,0.000000000000000000e+00,0.000000000000000000e+00,0.000000000000000000e+00,0.000000000000000000e+00,0.000000000000000000e+00,0.000000000000000000e+00,0.000000000000000000e+00,0.000000000000000000e+00,0.000000000000000000e+00,0.000000000000000000e+00,0.000000000000000000e+00,0.000000000000000000e+00,0.000000000000000000e+00,0.000000000000000000e+00,0.000000000000000000e+00,0.000000000000000000e+00,0.000000000000000000e+00,0.000000000000000000e+00,0.000000000000000000e+00,0.000000000000000000e+00,0.000000000000000000e+00,0.000000000000000000e+00,0.000000000000000000e+00,0.000000000000000000e+00,0.000000000000000000e+00,1.000000000000000000e+00,3.457083396706807088e-01,2.301939374094675028e-01,1.548008455525851368e-01,3.084144726324059005e-01,2.905948280512434811e-01,1.987133554669087421e-01,1.490192148288872753e-01,-2.360172638329706071e-02,7.874055839274943236e-02,7.338574311753459645e-02,3.370738935466738861e-01,4.441657075893026274e-01,3.199215282670843097e-01,3.195324876084309484e-01,2.665825624818431439e-01,-7.996495316337720594e-02,3.408343375929663854e-01,1.078126203926122462e-01,-1.346889692332914057e-01,2.367027700890797504e-02,2.527459183603154580e-01,1.208518414953837009e-02,-7.784253212236437458e-02,1.914322163098248208e-01,9.754871241150270267e-02,1.783296786221393315e-01,9.858458450459775882e-03,-1.517564529669679640e-01,3.460773879606221515e-01,2.389605862047556872e-01,9.300515672479853224e-02,1.671791555057842160e-01,1.852300237099132885e-01,7.621999950246355349e-02,2.703255339999846019e-01,1.392713243927565236e-01,8.569332411073443678e-02,5.672234530466588320e-02,4.488880785472891544e-02,-1.224782372578124418e-01,1.466018884640719333e-01,8.457840591413526288e-02,3.590783892847525527e-01,1.872808527615944518e-01,8.531743428963931009e-02,3.907605330885032258e-01,-7.496835941956625504e-02,2.263642456370647538e-01,4.424205615853490925e-01,1.838167235719071202e-01,-3.509869182033585888e-01,-3.484199387303592022e-01,-4.975005925094846959e-01,-1.253852051115736388e-01,1.754524503346693576e-01,1.602300811511242831e-02,-5.341131030129118995e-02,3.356547421026348510e-01,9.134497409085827468e-02,2.642574403751600520e-02,3.156482563350203052e-01,2.452203955621838904e-01,-5.529703282669130859e-02,2.878932965290377788e-01,-9.925082452456070181e-02,-3.488346099433459746e-01,-3.757363613659344542e-02,-2.768045837136043907e-01,-1.899247173933801131e-02
0.000000000000000000e+00,0.000000000000000000e+00,0.000000000000000000e+00,0.000000000000000000e+00,0.000000000000000000e+00,0.000000000000000000e+00,0.000000000000000000e+00,0.000000000000000000e+00,0.000000000000000000e+00,0.000000000000000000e+00,0.000000000000000000e+00,0.000000000000000000e+00,0.000000000000000000e+00,0.000000000000000000e+00,0.000000000000000000e+00,0.000000000000000000e+00,0.000000000000000000e+00,0.000000000000000000e+00,0.000000000000000000e+00,0.000000000000000000e+00,0.000000000000000000e+00,0.000000000000000000e+00,0.000000000000000000e+00,0.000000000000000000e+00,0.000000000000000000e+00,0.000000000000000000e+00,0.000000000000000000e+00,0.000000000000000000e+00,0.000000000000000000e+00,0.000000000000000000e+00,0.000000000000000000e+00,1.000000000000000000e+00,1.068659066718736506e-01,2.648599115696161910e-01,1.424698243041339629e-01,2.366342997727167718e-01,1.097958506382257365e-01,1.701491241200490945e-01,-3.868937198792476995e-02,9.555852848584901749e-02,1.411982242187740690e-02,4.380333343545628200e-01,5.061105937827000689e-01,4.393413842244373035e-01,4.342499545817670170e-01,-6.216080277607533011e-02,-2.563001265055686595e-01,4.075314664082750893e-01,-2.108681115513506583e-03,-2.698031609858975721e-01,-1.456724073487899451e-01,4.746799464718662875e-01,1.826284691501892099e-01,-1.121709436751275601e-01,2.949725263976980538e-01,1.357988119346600631e-01,2.302213914949985119e-01,-1.504600259127960582e-01,-3.003984422092186857e-01,4.874200646576206108e-01,4.981192945298685282e-01,-2.405522761417802635e-02,2.947553405715465646e-01,2.021468150739956504e-01,6.874934808154814503e-02,4.583890715899933133e-01,4.725076974557661930e-03,1.377628990197696524e-01,5.660224507176066233e-02,2.639601787202958683e-01,-2.359053440005578484e-01,4.048520289128933469e-01,2.919045746349327453e-01,1.638586874249652880e-01,4.006383478780383145e-01,2.434697273334191642e-02,4.968665123299370046e-01,-2.432448130086167226e-01,-1.669570569903878199e-01,4.832976043985641734e-01,4.206919596214290236e-01,-3.092019139479321721e-01,-1.903063589405687706e-01,-8.204301515109214682e-01,-3.596102403003682835e-02,4.276673221549543991e-01,1.661268008890354475e-01,-5.987918921501267366e-02,5.142444577703647601e-01,6.588363021810756948e-01,1.950659279259452927e-01,4.271015532458747876e-01,5.268455908952487388e-01,1.640829244772996076e-01,4.079764110052123693e-01,-3.206219637437076608e-01,-3.158867715921134245e-01,4.146783057968096986e-01,-4.405924313021703509e-01,-2.137076786755973401e-01
0.000000000000000000e+00,0.000000000000000000e+00,0.000000000000000000e+00,0.000000000000000000e+00,0.000000000000000000e+00,0.000000000000000000e+00,0.000000000000000000e+00,0.000000000000000000e+00,0.000000000000000000e+00,0.000000000000000000e+00,0.000000000000000000e+00,0.000000000000000000e+00,0.000000000000000000e+00,0.000000000000000000e+00,0.000000000000000000e+00,0.000000000000000000e+00,0.000000000000000000e+00,0.000000000000000000e+00,0.000000000000000000e+00,0.000000000000000000e+00,0.000000000000000000e+00,0.000000000000000000e+00,0.000000000000000000e+00,0.000000000000000000e+00,0.000000000000000000e+00,0.000000000000000000e+00,0.000000000000000000e+00,0.000000000000000000e+00,0.000000000000000000e+00,0.000000000000000000e+00,0.000000000000000000e+00,0.000000000000000000e+00,1.000000000000000000e+00,2.074086925019833494e-01,1.784306996578000626e-01,2.900381630629959018e-01,3.141086546934555579e-01,2.882654883370646681e-01,2.249877762825962593e-02,5.073436744382788660e-02,-6.616910901962497205e-02,4.609645157525605330e-01,4.002704648861416525e-01,4.490419226027540511e-01,2.843495906892815617e-01,2.411431493518069111e-02,-1.639398854418360960e-02,3.542693918653555540e-01,-4.738391766346807671e-02,2.478985221735845457e-01,1.653087478176020753e-01,2.939329390969076458e-02,1.037749394089360205e-01,-2.654842178202843420e-02,1.293655682275690055e-01,2.156854893639801596e-01,3.483023375176256264e-01,2.764957883414204121e-01,-5.465569474852908366e-02,3.348157397109186584e-01,1.129807921795006609e-01,1.322555554115360521e-01,9.396310012448318150e-02,3.545321715743243729e-01,1.436178903928900241e-02,2.403922208006886441e-01,3.234203482981532485e-01,1.712954254225753647e-01,1.518901706950887831e-01,1.474149114935435489e-01,-2.324522864428890390e-01,-1.330242856393212547e-01,-2.831205447491781657e-02,7.139717132717875447e-01,3.432209124597052630e-01,2.241604258748062795e-01,3.321262807972441000e-01,-6.545039408070257858e-02,2.740921194865565402e-01,6.451679766620168621e-01,4.688462341446280046e-01,-1.736334820188483730e-01,-2.539965302138398329e-01,-6.987250418620315207e-02,3.178657290615141684e-01,-2.164140119148320607e-01,-4.987119689826168267e-01,-2.965046879449739214e-01,3.113048067168867616e-01,2.266499514279689820e-01,-1.311643935791191318e-01,3.757202222924529433e-01,6.172758943823747346e-01,2.880831053016940507e-02,5.221700455175586342e-01,-1.150484289181522013e-01,3.866051692669253415e-01,-1.897183293856870845e-01,1.615078202027052101e-01,-2.699261780049269088e-01
0.000000000000000000e+00,0.000000000000000000e+00,0.000000000000000000e+00,0.000000000000000000e+00,0.000000000000000000e+00,0.000000000000000000e+00,0.000000000000000000e+00,0.000000000000000000e+00,0.000000000000000000e+00,0.000000000000000000e+00,0.000000000000000000e+00,0.000000000000000000e+00,0.000000000000000000e+00,0.000000000000000000e+00,0.000000000000000000e+00,0.000000000000000000e+00,0.000000000000000000e+00,0.000000000000000000e+00,0.000000000000000000e+00,0.000000000000000000e+00,0.000000000000000000e+00,0.000000000000000000e+00,0.000000000000000000e+00,0.000000000000000000e+00,0.000000000000000000e+00,0.000000000000000000e+00,0.000000000000000000e+00,0.000000000000000000e+00,0.000000000000000000e+00,0.000000000000000000e+00,0.000000000000000000e+00,0.000000000000000000e+00,0.000000000000000000e+00,1.000000000000000000e+00,3.297593009851312318e-01,3.012769070032542684e-01,7.402526502214210047e-02,1.799570848199458784e-01,1.134181309447943563e-02,9.884353204748252963e-02,1.184177466297073322e-01,2.210714954890830863e-01,1.605054262951604027e-01,2.807703417349382558e-01,2.269446090721773668e-01,-5.025101202949000534e-02,1.050299160662164361e-01,2.132195867492746588e-01,6.677799274161050347e-02,5.585202796102397421e-02,1.918965507962585304e-01,1.138113063786749257e-01,1.309637782421291252e-01,-8.997919893631040750e-03,1.010911261234819780e-01,4.903583272775036833e-02,1.778610852118467089e-01,-2.231848014508049094e-02,-1.147458650267538932e-01,1.490777917269238972e-01,6.649306744720659412e-02,3.124695895887642516e-01,-1.799076116848951357e-01,9.629137490028734370e-02,6.991483458325166434e-02,1.716886953079981848e-01,7.763825433525331499e-02,-1.291844599535862115e-01,1.541600333314452898e-01,2.682878949969739191e-01,1.690151259565493835e-01,1.546692954149012644e-01,1.780177822869703774e-01,1.003186638205577352e-01,5.067431797586406939e-01,5.511934408616431247e-02,1.177661108610502660e-01,-1.137722002304725755e-01,-9.953228891348453455e-02,3.059316298446608795e-01,-7.976593140765116108e-02,1.338262778359737386e-02,-8.720366264390978783e-02,1.118756967876011338e-01,-3.029127949046993284e-02,4.293536015710721493e-02,-1.105971024754851331e-02,-1.866053811024581954e-01,4.161227553049874107e-03,-1.220890093189838524e-03,-1.389078277527301675e-01,8.930225851889249389e-02,2.190692974120044267e-01,-1.638401941509829429e-01,1.147068490833964144e-01,-2.991651729165304904e-02,2.086554292797956345e-01,3.909766060419259115e-02,-1.757875098107896869e-02,-1.204650937761390234e-01
0.000000000000000000e+00,0.000000000000000000e+00,0.000000000000000000e+00,0.000000000000000000e+00,0.000000000000000000e+00,0.000000000000000000e+00,0.000000000000000000e+00,0.000000000000000000e+00,0.000000000000000000e+00,0.000000000000000000e+00,0.000000000000000000e+00,0.000000000000000000e+00,0.000000000000000000e+00,0.000000000000000000e+00,0.000000000000000000e+00,0.000000000000000000e+00,0.000000000000000000e+00,0.000000000000000000e+00,0.000000000000000000e+00,0.000000000000000000e+00,0.000000000000000000e+00,0.000000000000000000e+00,0.000000000000000000e+00,0.000000000000000000e+00,0.000000000000000000e+00,0.000000000000000000e+00,0.000000000000000000e+00,0.000000000000000000e+00,0.000000000000000000e+00,0.000000000000000000e+00,0.000000000000000000e+00,0.000000000000000000e+00,0.000000000000000000e+00,0.000000000000000000e+00,1.000000000000000000e+00,1.836793151744398611e-01,1.510902790305875820e-01,1.681200772488721518e-01,2.193165212537836750e-01,-9.103779775751844050e-02,6.650356212232001740e-02,2.558520265732019405e-01,1.629713525550040287e-01,2.165111096479319930e-01,1.744781238940791013e-01,1.301392642361089702e-01,2.696918009320591891e-01,-2.168774948355172913e-02,2.145314305304338309e-01,-8.224168017357672000e-02,5.907366611522571476e-02,2.464670606639105255e-01,2.804132549760106063e-01,1.596852714524037431e-01,2.708554823526470035e-01,1.506086356276423455e-01,6.054139620956813794e-02,3.230376363127174938e-02,-5.108195869187016902e-02,9.537246123935082254e-02,1.675753153027978726e-01,-5.863685659361930064e-03,1.188060410575656096e-02,8.818217775894972299e-02,-7.306429734207427196e-02,1.812364751072473856e-01,5.875968183507492004e-02,4.456971860695184418e-02,1.752350804683441565e-01,3.566794677106089329e-01,1.220010996164812705e-01,3.403504310213283368e-01,-9.916810825798524909e-02,2.529170853130062735e-01,2.275797620666034360e-01,3.545877689833340507e-01,2.649732529169930850e-01,-1.544858119814579156e-01,1.345144505458333306e-01,2.708333880692319617e-01,-3.075017881952267218e-01,-3.203461620687020339e-02,-7.029069824543382472e-02,1.021744240429663247e-01,-2.410456431807336264e-01,5.316550621005399213e-01,2.328093036151537287e-01,-2.202876001156343633e-01,2.075034474517358785e-01,-3.338079730115091071e-01,-9.648218778328220002e-02,-1.325184611113702227e-01,4.426067849066850357e-02,1.152335802059317182e-01,-1.631868911471484052e-01,-2.053548886226605474e-01,-1.919966598481287479e-01,5.627474775107896288e-02,-5.718241514831771261e-02,2.233319949813832306e-01
0.000000000000000000e+00,0.000000000000000000e+00,0.000000000000000000e+00,0.000000000000000000e+00,0.000000000000000000e+00,0.000000000000000000e+00,0.000000000000000000e+00,0.000000000000000000e+00,0.000000000000000000e+00,0.000000000000000000e+00,0.000000000000000000e+00,0.000000000000000000e+00,0.000000000000000000e+00,0.000000000000000000e+00,0.000000000000000000e+00,0.000000000000000000e+00,0.000000000000000000e+00,0.000000000000000000e+00,0.000000000000000000e+00,0.000000000000000000e+00,0.000000000000000000e+00,0.000000000000000000e+00,0.000000000000000000e+00,0.000000000000000000e+00,0.000000000000000000e+00,0.000000000000000000e+00,0.000000000000000000e+00,0.000000000000000000e+00,0.000000000000000000e+00,0.000000000000000000e+00,0.000000000000000000e+00,0.000000000000000000e+00,0.000000000000000000e+00,0.000000000000000000e+00,0.000000000000000000e+00,1.000000000000000000e+00,4.410159916750376330e-01,3.102052174759913905e-01,-9.670509448931675911e-02,1.252382781575888948e-01,-2.548478193109652845e-01,4.227077369161091336e-01,5.573897232115968547e-01,1.838440380168463451e-01,4.004472617080049313e-01,7.096692301545805270e-02,-1.901862244243861522e-01,4.706865904228500486e-01,7.620924540041336404e-02,-1.574371287957699456e-02,1.632886585670471069e-01,1.557770113018479841e-01,1.644172918815020243e-02,-2.097930248318342905e-01,2.526108113864859450e-01,3.168701176067826863e-01,2.400808666553226611e-01,5.940270862136825397e-02,-3.427690328518333551e-01,3.775651963059712402e-01,3.766668257511899265e-01,1.032967459422281103e-01,2.710965996945006173e-01,3.937297318801863955e-01,2.282967395164048341e-01,3.037348826643625488e-01,1.820428325169751449e-01,-1.458908656118745595e-01,-3.208764327953765316e-01,3.329664189013746278e-01,2.096737155169918210e-01,5.814307577102451746e-02,3.280666557561195962e-02,2.537286882114405673e-01,6.825375477465045471e-01,2.814214421885286588e-01,5.725166331379727414e-01,5.335017425349402459e-03,3.871528521809924905e-01,6.797134137857465674e-01,2.563364606199090567e-01,-5.029601513838176663e-01,4.583495687055996227e-03,3.038553751466332130e-03,-9.367192776629944262e-02,3.111378674296037539e-01,-2.916376457336384426e-02,-2.087165938692472356e-01,3.927540882616190610e-01,-1.821578599029901047e-01,-1.079744004391151313e-01,1.468038147978602825e-01,2.876765061164880954e-01,1.814529421834117084e-02,2.239749892092774419e-01,-1.356661008162381166e-01,1.538667878105383635e-01,-2.422319661839346938e-01,-2.612122672960265901e-01,1.362853098494814508e-01
0.000000000000000000e+00,0.000000000000000000e+00,0.000000000000000000e+00,0.000000000000000000e+00,0.000000000000000000e+00,0.000000000000000000e+00,0.000000000000000000e+00,0.000000000000000000e+00,0.000000000000000000e+00,0.000000000000000000e+00,0.000000000000000000e+00,0.000000000000000000e+00,0.000000000000000000e+00,0.000000000000000000e+00,0.000000000000000000e+00,0.000000000000000000e+00,0.000000000000000000e+00,0.000000000000000000e+00,0.000000000000000000e+00,0.000000000000000000e+00,0.000000000000000000e+00,0.000000000000000000e+00,0.000000000000000000e+00,0.000000000000000000e+00,0.000000000000000000e+00,0.000000000000000000e+00,0.000000000000000000e+00,0.000000000000000000e+00,0.000000000000000000e+00,0.000000000000000000e+00,0.000000000000000000e+00,0.000000000000000000e+00,0.000000000000000000e+00,0.000000000000000000e+00,0.000000000000000000e+00,0.000000000000000000e+00,1.000000000000000000e+00,3.543301388864378842e-01,3.076032106681086606e-02,-1.723022456926850132e-01,-2.429016609154244499e-01,2.491447416184406072e-01,3.795179243842029537e-01,2.680033397625782368e-02,2.954170379087951992e-01,3.583226822298906655e-01,-7.960816684004307087e-02,2.702681368605335810e-01,2.098633799930919169e-02,-3.081785917826198110e-02,-6.886839644326629706e-02,1.748203122144371402e-01,-4.571819497320166459e-01,1.518754760305754403e-02,4.154608893934752523e-01,4.449168650559875982e-01,1.910764015747796335e-02,-3.088345804095303793e-01,-2.401505291253085705e-01,3.994432995981856971e-01,3.121585015955994913e-01,-6.680633287067014314e-02,4.897835618590440365e-01,3.907980270438948245e-01,2.939709885628316033e-01,8.220790037981995368e-02,2.749736073295736549e-01,-7.268533675822130835e-02,-2.651016646639078322e-01,1.789965074356962837e-01,-1.182786809933379125e-02,2.884901438249448113e-01,-1.140284938500255724e-01,3.894297481062182764e-01,5.686494932363702626e-01,7.897390993132801240e-01,3.189173821434528877e-01,-1.783147592384236590e-01,6.036706685473550715e-01,6.922215814958191382e-01,1.961073142746108389e-01,-2.721653552423333178e-01,2.151099174170106321e-01,-2.065735068079983527e-01,-1.733851371913677775e-01,4.031782360016846201e-01,-1.945386977889941305e-01,7.252772352457474703e-02,4.150602261494187317e-01,-1.334658592161553914e-01,-2.869243181085253114e-01,-2.432212010837723759e-01,4.296485666472284470e-01,1.758498095796604543e-01,6.522754744161197993e-02,-5.108699253500267184e-02,1.280176935815060812e-01,5.494167559473665634e-03,-2.514979458985735494e-01,3.592099176106023917e-01
0.000000000000000000e+00,0.000000000000000000e+00,0.000000000000000000e+00,0.000000000000000000e+00,0.000000000000000000e+00,0.000000000000000000e+00,0.000000000000000000e+00,0.000000000000000000e+00,0.000000000000000000e+00,0.000000000000000000e+00,0.000000000000000000e+00,0.000000000000000000e+00,0.000000000000000000e+00,0.000000000000000000e+00,0.000000000000000000e+00,0.000000000000000000e+00,0.000000000000000000e+00,0.000000000000000000e+00,0.000000000000000000e+00,0.000000000000000000e+00,0.000000000000000000e+00,0.000000000000000000e+00,0.000000000000000000e+00,0.000000000000000000e+00,0.000000000000000000e+00,0.000000000000000000e+00,0.000000000000000000e+00,0.000000000000000000e+00,0.000000000000000000e+00,0.000000000000000000e+00,0.000000000000000000e+00,0.000000000000000000e+00,0.000000000000000000e+00,0.000000000000000000e+00,0.000000000000000000e+00,0.000000000000000000e+00,0.000000000000000000e+00,1.000000000000000000e+00,7.323642051522638585e-02,7.415670625683135064e-02,-5.407738929322402077e-01,5.814491854127934456e-01,5.572621775918616960e-01,2.922145926580699826e-01,5.967047684753994385e-01,1.136608789583342105e-01,-1.820400523669248039e-01,4.555146387157236743e-01,-2.424787404680492017e-02,-5.892981881792056301e-03,1.918575055601591250e-01,2.072893707988306133e-01,8.554689137381431621e-03,-1.117934602170959635e-01,4.028589636222820181e-01,6.190088196707352886e-01,2.958646656141628029e-01,5.676638144652391277e-02,-4.796126308402589578e-01,3.381970366342323953e-01,3.308895603186977341e-02,1.321837229483185383e-01,1.340500279380892612e-01,2.129785692249246687e-01,1.288890068141811118e-01,2.233074545130903088e-01,1.897344335690645534e-01,-4.954747279556285799e-01,-7.032296761038071831e-02,6.228715893349116017e-01,-3.564691202830748140e-01,-1.179555867286293525e-01,-9.995985086297469457e-02,4.143936465364851940e-01,1.597197356505540844e-01,-6.319516936633945425e-02,9.106364828439172943e-01,-2.771218588603268085e-01,-4.874020881680674738e-02,3.869881075215683142e-01,4.265246167961652679e-01,-9.444091822233105504e-02,-4.448554584660721067e-01,-2.362934585789377706e-01,1.985038284244312889e-01,4.103756395223108200e-01,-4.825233193629643313e-01,-3.416027055655074252e-01,-1.077139308758092717e-01,1.956285499572016084e-01,-4.772317767397972199e-01,1.482097819573601760e-01,6.108283845677356938e-01,-1.255895020258190053e-01,2.567934772499655752e-02,-2.682596690633165526e-01,5.345939110007263961e-01,-4.517310274217714583e-01,2.792373147206522396e-02,2.790828286793554658e-01
0.000000000000000000e+00,0.000000000000000000e+00,0.000000000000000000e+00,0.000000000000000000e+00,0.000000000000000000e+00,0.000000000000000000e+00,0.000000000000000000e+00,0.000000000000000000e+00,0.000000000000000000e+00,0.000000000000000000e+00,0.000000000000000000e+00,0.000000000000000000e+00,0.000000000000000000e+00,0.000000000000000000e+00,0.000000000000000000e+00,0.000000000000000000e+00,0.000000000000000000e+00,0.000000000000000000e+00,0.000000000000000000e+00,0.000000000000000000e+00,0.000000000000000000e+00,0.000000000000000000e+00,0.000000000000000000e+00,0.000000000000000000e+00,0.000000000000000000e+00,0.000000000000000000e+00,0.000000000000000000e+00,0.000000000000000000e+00,0.000000000000000000e+00,0.000000000000000000e+00,0.000000000000000000e+00,0.000000000000000000e+00,0.000000000000000000e+00,0.000000000000000000e+00,0.000000000000000000e+00,0.000000000000000000e+00,0.000000000000000000e+00,0.000000000000000000e+00,1.000000000000000000e+00,-7.684181247736779907e-01,-9.510642697457748207e-02,3.427980285788355674e-01,-3.210176634410752405e-01,2.379529436463483916e-01,-2.513725545972195774e-01,-2.876678285112316824e-01,5.639350900033460734e-01,-4.674975473219711297e-01,7.388666861036023992e-01,-8.802423075305806921e-02,-1.225212466213606612e-02,5.528137678856591686e-01,6.118609114388697812e-01,7.478230476806291271e-01,3.658128553322498311e-01,4.298878560460209219e-01,-2.694932016374591566e-01,-3.711512644568054076e-01,7.574903117559037002e-02,6.249141596516414460e-02,2.506805889525715592e-01,-8.582080501222516533e-01,3.001063723176866649e-01,2.104253901150751616e-01,-9.840062907461764041e-01,1.118138302534562728e-01,4.781623694980527417e-01,7.099710452408142247e-01,4.808663865500975576e-01,2.376290786745792472e-01,7.334020886766337566e-02,1.000000000000000000e+00,-4.453342985280471233e-01,5.027102676133491377e-01,4.855388887384499141e-01,4.470213669371645993e-01,1.500712825973225528e-01,-3.406837481546010626e-01,-1.950616664772725217e-01,3.330467983707222634e-01,-1.000000000000000000e+00,2.489877642719437179e-01,7.929316685968184064e-01,4.062930321623289820e-01,-2.198667695519742338e-01,1.000000000000000000e+00,4.576141591039687428e-01,9.274240829246871431e-02,7.850204285975017626e-01,-3.454473692698094983e-02,-8.096001006621399154e-02,1.966476136695535781e-02,8.566015156874941250e-02,3.358642577441117716e-01,-7.622398517522285255e-01,-5.793715965974632898e-01,-2.533132907558614533e-01,8.609293038973261369e-01,8.083467279354562482e-03,3.314257590662634256e-01
0.000000000000000000e+00,0.000000000000000000e+00,0.000000000000000000e+00,0.000000000000000000e+00,0.000000000000000000e+00,0.000000000000000000e+00,0.000000000000000000e+00,0.000000000000000000e+00,0.000000000000000000e+00,0.000000000000000000e+00,0.000000000000000000e+00,0.000000000000000000e+00,0.000000000000000000e+00,0.000000000000000000e+00,0.000000000000000000e+00,0.000000000000000000e+00,0.000000000000000000e+00,0.000000000000000000e+00,0.000000000000000000e+00,0.000000000000000000e+00,0.000000000000000000e+00,0.000000000000000000e+00,0.000000000000000000e+00,0.000000000000000000e+00,0.000000000000000000e+00,0.000000000000000000e+00,0.000000000000000000e+00,0.000000000000000000e+00,0.000000000000000000e+00,0.000000000000000000e+00,0.000000000000000000e+00,0.000000000000000000e+00,0.000000000000000000e+00,0.000000000000000000e+00,0.000000000000000000e+00,0.000000000000000000e+00,0.000000000000000000e+00,0.000000000000000000e+00,0.000000000000000000e+00,1.000000000000000000e+00,-1.232088326546802552e-02,3.005593297313403633e-01,2.839276589753214064e-01,2.250385902478328759e-01,2.877916819875029897e-01,4.115467058598684669e-01,-3.895268272033255985e-01,2.043184943401316345e-01,-6.684249205886397815e-01,2.008600745449218850e-01,4.268463138383315481e-01,-1.102484433963788063e-01,-7.422535694530582595e-02,-3.331655206266904701e-01,-1.209544429346078032e-01,-2.825369327892257500e-03,6.091856780445453756e-01,5.229677543135127227e-01,-3.785079632086088552e-02,1.175896424662465078e-01,-4.549523562491329942e-01,8.361186902309002411e-01,-5.868506940734589117e-01,-1.473796766747381137e-01,6.141647793257379861e-01,4.351482634991901688e-02,-2.120821108421649670e-01,-4.670807530632698490e-01,-1.305649639660669825e-01,3.336507449048765617e-01,-3.496573405125548151e-01,-1.000000000000000000e+00,7.216706675074097133e-01,-2.944502255586761152e-01,-2.955481692579118858e-01,-7.016904159352275183e-01,1.288339774432131490e-01,1.283605339229298425e-01,-1.824146058641410162e-01,-3.107649369318429833e-01,8.819792845332309339e-01,3.506053790432955841e-01,-4.743100914295992343e-01,-1.193534135555439774e-01,4.824255976000111357e-01,-9.567493166500742330e-01,-3.035911397137028289e-01,-7.107907729957949616e-01,-5.223509020845805706e-01,-1.511712247430843370e-01,-7.749395919752766204e-02,2.141888222775715223e-01,2.301260354131518318e-02,-3.260704004787172150e-01,5.407432106914323855e-01,7.044535341017924557e-01,-3.409493653370872235e-02,-7.164467587268625870e-01,2.635246612435421798e-01,-4.107638004499259976e-01
0.000000000000000000e+00,0.000000000000000000e+00,0.000000000000000000e+00,0.000000000000000000e+00,0.000000000000000000e+00,0.000000000000000000e+00,0.000000000000000000e+00,0.000000000000000000e+00,0.000000000000000000e+00,0.000000000000000000e+00,0.000000000000000000e+00,0.000000000000000000e+00,0.000000000000000000e+00,0.000000000000000000e+00,0.000000000000000000e+00,0.000000000000000000e+00,0.000000000000000000e+00,0.000000000000000000e+00,0.000000000000000000e+00,0.000000000000000000e+00,0.000000000000000000e+00,0.000000000000000000e+00,0.000000000000000000e+00,0.000000000000000000e+00,0.000000000000000000e+00,0.000000000000000000e+00,0.000000000000000000e+00,0.000000000000000000e+00,0.000000000000000000e+00,0.000000000000000000e+00,0.000000000000000000e+00,0.000000000000000000e+00,0.000000000000000000e+00,0.000000000000000000e+00,0.000000000000000000e+00,0.000000000000000000e+00,0.000000000000000000e+00,0.000000000000000000e+00,0.000000000000000000e+00,0.000000000000000000e+00,1.000000000000000000e+00,-1.364980516959153900e-01,-3.949730486232996829e-02,1.661796215446149638e-01,-9.351343233561366930e-02,7.516375184144473420e-02,2.066389183658994544e-01,-1.361730460052193170e-01,1.525753271506918030e-01,1.412085631526156237e-01,5.516717511617146713e-02,1.955908149231647686e-01,3.092362469081803567e-01,1.011459829653500175e-01,-1.472048331139603761e-01,-2.093693291162365411e-01,-7.052682724454066576e-02,2.427785948772874514e-01,3.335886790400145463e-01,-1.893279795661014508e-01,-8.087981853171232610e-03,3.575959867402255798e-01,-1.353486889018932493e-01,-1.987666425472189857e-01,1.713455834821929480e-03,-2.323953920582064875e-02,9.035781890604570321e-02,9.711774828469513232e-02,3.341638918815417192e-01,-2.579506308842330342e-01,3.856030585724896653e-01,6.423594836178646295e-02,7.419842717790263442e-02,1.326571174976840239e-01,-7.019602769901406303e-02,-2.029122695466508974e-01,-3.497871697478694974e-01,1.889282558254776478e-01,9.671441917463603766e-02,3.091135315297929495e-02,3.371640873721748477e-02,1.881040486792747157e-01,-1.328626661779791496e-01,3.956216476492684792e-02,-2.120116399152121855e-01,-2.926131687636329692e-01,2.619946524654095388e-01,4.772780420272355884e-03,-6.218910377935237162e-03,-1.381064012004942429e-02,1.289002546078861500e-01,2.388981666377603882e-02,-1.277498174052828783e-01,1.901366820535969338e-01,6.109330270248852779e-02,-1.439520853939506295e-01,-2.697532813591615314e-02,-4.611407432353587660e-02,2.822205277858818098e-02,-4.677363491062250245e-02
0.000000000000000000e+00,0.000000000000000000e+00,0.000000000000000000e+00,0.000000000000000000e+00,0.000000000000000000e+00,0.000000000000000000e+00,0.000000000000000000e+00,0.000000000000000000e+00,0.000000000000000000e+00,0.000000000000000000e+00,0.000000000000000000e+00,0.000000000000000000e+00,0.000000000000000000e+00,0.000000000000000000e+00,0.000000000000000000e+00,0.000000000000000000e+00,0.000000000000000000e+00,0.000000000000000000e+00,0.000000000000000000e+00,0.000000000000000000e+00,0.000000000000000000e+00,0.000000000000000000e+00,0.000000000000000000e+00,0.000000000000000000e+00,0.000000000000000000e+00,0.000000000000000000e+00,0.000000000000000000e+00,0.000000000000000000e+00,0.000000000000000000e+00,0.000000000000000000e+00,0.000000000000000000e+00,0.000000000000000000e+00,0.000000000000000000e+00,0.000000000000000000e+00,0.000000000000000000e+00,0.000000000000000000e+00,0.000000000000000000e+00,0.000000000000000000e+00,0.000000000000000000e+00,0.000000000000000000e+00,0.000000000000000000e+00,1.000000000000000000e+00,5.690591697296735196e-01,4.836090615111309776e-01,3.499703306691788196e-01,6.668307644365961684e-02,-1.320653515972260161e-01,3.273966493120722410e-01,-1.039003762915984286e-01,9.466662887762551659e-02,1.978194403755520470e-01,3.433086675359885986e-01,2.736895671414934506e-01,6.012220250591088916e-02,3.420126796576171690e-01,3.999016426187008699e-01,3.292367381853767427e-01,-5.077175426597491797e-02,-2.066498897631836307e-01,4.555389779904155390e-01,2.688306145522550983e-01,-5.281833528375848297e-02,5.849184551076797370e-03,2.482439482140266496e-01,2.860360277193552125e-02,1.972058578156338782e-01,2.678616550649063344e-01,7.927236103198481709e-02,9.510230849750134219e-02,2.088640019823415350e-01,3.066166167769432405e-02,-7.975670814373887751e-02,9.981803039907322095e-02,3.125633812446612647e-01,2.247744366451262799e-01,4.898511700215887193e-02,5.546294884678395487e-01,-2.756399010525787951e-01,1.464208912750968594e-01,4.371762333839255277e-01,3.816989333050836986e-01,2.760282399364797842e-02,-9.818677513803851509e-02,-2.704960516160517248e-01,-3.012584883519954515e-02,1.710627493150646827e-01,-2.178522502386171511e-01,-4.210407393997228631e-01,1.861771820490155105e-01,-1.274282978533133881e-01,-2.389435769651772692e-02,3.316130066257114151e-01,2.111833543218217812e-01,3.446420211681693047e-02,2.416404335826446703e-01,-2.188789734059488068e-01,-2.151936831648969262e-01,-1.011246281411228159e-01,-1.227209399786190480e-01,-1.044593103532757451e-02
0.000000000000000000e+00,0.000000000000000000e+00,0.000000000000000000e+00,0.000000000000000000e+00,0.000000000000000000e+00,0.000000000000000000e+00,0.000000000000000000e+00,0.000000000000000000e+00,0.000000000000000000e+00,0.000000000000000000e+00,0.000000000000000000e+00,0.000000000000000000e+00,0.000000000000000000e+00,0.000000000000000000e+00,0.000000000000000000e+00,0.000000000000000000e+00,0.000000000000000000e+00,0.000000000000000000e+00,0.000000000000000000e+00,0.000000000000000000e+00,0.000000000000000000e+00,0.000000000000000000e+00,0.000000000000000000e+00,0.000000000000000000e+00,0.000000000000000000e+00,0.000000000000000000e+00,0.000000000000000000e+00,0.000000000000000000e+00,0.000000000000000000e+00,0.000000000000000000e+00,0.000000000000000000e+00,0.000000000000000000e+00,0.000000000000000000e+00,0.000000000000000000e+00,0.000000000000000000e+00,0.000000000000000000e+00,0.000000000000000000e+00,0.000000000000000000e+00,0.000000000000000000e+00,0.000000000000000000e+00,0.000000000000000000e+00,0.000000000000000000e+00,1.000000000000000000e+00,4.010848206473548450e-01,4.821658033401020060e-01,1.125670131759876763e-01,-2.878226150481170698e-01,5.181111025338780429e-01,1.055967597330170066e-01,-6.406421608294178560e-02,1.002099603507420750e-01,2.548271890977992227e-01,4.443316455176157115e-02,-2.087683408296836518e-01,3.145306427249777714e-01,7.193972777853101241e-02,2.843800432688539104e-01,-2.207066121869320427e-02,-3.252016002032774300e-01,3.497900864421715772e-01,3.691827572404322577e-01,2.008108502099451853e-01,1.241616168821940563e-01,2.612185868859867588e-01,2.210769730458562454e-01,3.300497979757682776e-01,6.618069790170859334e-02,-7.183163656935073749e-02,-3.022371091331032752e-02,1.158453241266881456e-01,6.067430061857499723e-02,-2.131115550615598486e-01,1.036477749790397640e-01,3.567453613202135609e-01,4.534228700056802674e-02,6.430137302424690504e-02,4.880031155192326442e-01,-5.723427601234456347e-02,1.495184022683220260e-01,5.179364900640270886e-01,4.947869856459932159e-01,-3.488474685849214940e-01,-4.578631268942152110e-01,-4.478773934083424280e-01,-1.297311420125800696e-01,1.501387681497080018e-01,-2.521593844083456770e-01,-2.289310213144066519e-01,1.467970203642764981e-01,-3.903029884503280561e-02,3.255327523583469856e-02,2.001657780422175237e-01,2.675920632630405804e-01,1.753921941008498853e-01,3.694995601967593912e-01,-2.343892498267091673e-01,-6.415498438507655221e-02,-3.034364670630078087e-01,-2.299695493650279476e-01,3.083701179369333634e-01
0.000000000000000000e+00,0.000000000000000000e+00,0.000000000000000000e+00,0.000000000000000000e+00,0.000000000000000000e+00,0.000000000000000000e+00,0.000000000000000000e+00,0.000000000000000000e+00,0.000000000000000000e+00,0.000000000000000000e+00,0.000000000000000000e+00,0.000000000000000000e+00,0.000000000000000000e+00,0.000000000000000000e+00,0.000000000000000000e+00,0.000000000000000000e+00,0.000000000000000000e+00,0.000000000000000000e+00,0.000000000000000000e+00,0.000000000000000000e+00,0.000000000000000000e+00,0.000000000000000000e+00,0.000000000000000000e+00,0.000000000000000000e+00,0.000000000000000000e+00,0.000000000000000000e+00,0.000000000000000000e+00,0.000000000000000000e+00,0.000000000000000000e+00,0.000000000000000000e+00,0.000000000000000000e+00,0.000000000000000000e+00,0.000000000000000000e+00,0.000000000000000000e+00,0.000000000000000000e+00,0.000000000000000000e+00,0.000000000000000000e+00,0.000000000000000000e+00,0.000000000000000000e+00,0.000000000000000000e+00,0.000000000000000000e+00,0.000000000000000000e+00,0.000000000000000000e+00,1.000000000000000000e+00,2.750539595127612924e-01,7.761145020047832688e-02,6.101311519478763018e-02,2.271555658886056095e-01,1.022055044783540118e-01,1.437714166047853945e-02,1.865295525532887633e-01,2.067722785853556011e-01,2.326140318295878417e-01,1.378234805176148103e-01,9.625983823624670310e-02,2.082585373665092610e-01,2.599480650719060981e-01,4.497692141693530876e-02,-6.362682729327180653e-02,2.614952111083390651e-01,1.038632776201351277e-01,6.164660592015262786e-02,-8.526692511370223548e-02,7.509685861334127605e-03,9.711416664295136753e-03,2.183823183312036120e-01,3.021146007602569239e-01,2.324076502105969222e-01,2.507337688052212465e-01,-6.468854088251205225e-02,7.944822204728492487e-02,1.418296147425935905e-01,9.980604284818321570e-02,3.212002068054784498e-01,3.356798685024227624e-01,-1.120072817494243145e-01,1.696040787179227960e-01,-3.337357320098648383e-01,2.098689178902646280e-01,4.847263113455002603e-01,2.600582773134926806e-01,2.085070488580210296e-02,-1.907548549776598712e-01,-2.308454213756839513e-01,2.398628912394798751e-01,1.234441661390258405e-01,2.994039719229881977e-02,-1.967145032281629458e-01,1.837133642110812537e-01,2.258957594368663502e-01,-4.901748968742597468e-02,1.789021121319402385e-01,4.664004759564074343e-01,-1.671335261569693864e-02,3.136032623675261699e-01,-1.372058407663689361e-01,-7.230526674428415512e-02,-1.569879522529218918e-02,-2.090300445983694078e-01,-1.682971010563342473e-01
0.000000000000000000e+00,0.000000000000000000e+00,0.000000000000000000e+00,0.000000000000000000e+00,0.000000000000000000e+00,0.000000000000000000e+00,0.000000000000000000e+00,0.000000000000000000e+00,0.000000000000000000e+00,0.000000000000000000e+00,0.000000000000000000e+00,0.000000000000000000e+00,0.000000000000000000e+00,0.000000000000000000e+00,0.000000000000000000e+00,0.000000000000000000e+00,0.000000000000000000e+00,0.000000000000000000e+00,0.000000000000000000e+00,0.000000000000000000e+00,0.000000000000000000e+00,0.000000000000000000e+00,0.000000000000000000e+00,0.000000000000000000e+00,0.000000000000000000e+00,0.000000000000000000e+00,0.000000000000000000e+00,0.000000000000000000e+00,0.000000000000000000e+00,0.000000000000000000e+00,0.000000000000000000e+00,0.000000000000000000e+00,0.000000000000000000e+00,0.000000000000000000e+00,0.000000000000000000e+00,0.000000000000000000e+00,0.000000000000000000e+00,0.000000000000000000e+00,0.000000000000000000e+00,0.000000000000000000e+00,0.000000000000000000e+00,0.000000000000000000e+00,0.000000000000000000e+00,0.000000000000000000e+00,1.000000000000000000e+00,1.021947366556827108e-01,-1.998322061724296383e-01,7.321506328900334593e-01,1.021913679182575724e-01,-3.775932733124868351e-02,1.509139987350132384e-01,1.223925974454106724e-01,2.032954125545131108e-01,-4.209806306317796509e-01,2.757564618331542206e-01,2.443881152629200082e-01,3.015297199526416616e-01,7.675920938218235012e-02,-3.706320879923680200e-01,4.700948811625025869e-01,3.744223684649352069e-01,3.596313581452191266e-01,5.495677420132286106e-02,1.887839482059847640e-01,4.554544507108514995e-01,3.622794735612288597e-01,5.160924452697287362e-02,-3.459043615057223464e-01,2.993997812444452733e-01,1.878002436640392181e-01,-2.686545217855693460e-02,-2.992352053435508030e-01,1.215461792310491979e-01,4.485334156483820056e-01,3.298130585661721015e-01,1.222297699832424200e-01,9.535173044896556593e-01,-1.837467535358429660e-01,2.415089023982704974e-01,6.066876474620962467e-01,8.136174899047553533e-01,-2.962740288155509827e-01,-6.623260792576798339e-01,-6.684268238049986266e-01,-1.801262061661702552e-01,1.493767567145510011e-01,-5.146549831317001056e-01,-2.804795719051443870e-01,7.304932872336904193e-02,8.283782625902318120e-02,6.908599417933242171e-02,2.188222176653391582e-01,3.139822358445157335e-01,-4.557411647920336234e-02,4.924260893888571800e-01,-5.094908316184147967e-01,1.972139954421124330e-01,-3.047309774032058716e-01,-1.643007238582627483e-01,7.244383172830623496e-02
0.000000000000000000e+00,0.000000000000000000e+00,0.000000000000000000e+00,0.000000000000000000e+00,0.000000000000000000e+00,0.000000000000000000e+00,0.000000000000000000e+00,0.000000000000000000e+00,0.000000000000000000e+00,0.000000000000000000e+00,0.000000000000000000e+00,0.000000000000000000e+00,0.000000000000000000e+00,0.000000000000000000e+00,0.000000000000000000e+00,0.000000000000000000e+00,0.000000000000000000e+00,0.000000000000000000e+00,0.000000000000000000e+00,0.000000000000000000e+00,0.000000000000000000e+00,0.000000000000000000e+00,0.000000000000000000e+00,0.000000000000000000e+00,0.000000000000000000e+00,0.000000000000000000e+00,0.000000000000000000e+00,0.000000000000000000e+00,0.000000000000000000e+00,0.000000000000000000e+00,0.000000000000000000e+00,0.000000000000000000e+00,0.000000000000000000e+00,0.000000000000000000e+00,0.000000000000000000e+00,0.000000000000000000e+00,0.000000000000000000e+00,0.000000000000000000e+00,0.000000000000000000e+00,0.000000000000000000e+00,0.000000000000000000e+00,0.000000000000000000e+00,0.000000000000000000e+00,0.000000000000000000e+00,0.000000000000000000e+00,1.000000000000000000e+00,-2.575497674936548520e-02,-2.312886232525324381e-01,-1.522857710941978582e-01,-6.954705177007206897e-03,-2.103453723019921978e-02,2.052745201450320578e-02,-4.387617055284573353e-01,8.244016636591063041e-02,2.635840760771643310e-01,1.948160625882428346e-02,8.339955976761063983e-02,-1.112106255362285273e-01,1.550225242575829776e-02,-3.401845351449844790e-02,-5.962157743553841982e-02,3.750752123342057653e-01,-1.008475262514672982e-01,6.044190059321237658e-03,2.975061887316929887e-01,-3.904610867202872038e-02,1.361952559085180259e-01,1.109617601792410591e-01,-1.103001922494513537e-01,-1.679686757767923644e-01,-3.353981533859488190e-02,-9.019858885193945963e-02,1.557857005342803691e-01,1.535523073446440900e-01,-5.930812725482673825e-02,-5.205473958019364578e-02,1.332148755458796019e-01,-7.598612384690076049e-02,2.313494958781143473e-01,-3.589345597253331549e-02,8.223750728438679325e-02,7.646407114179409881e-02,6.819560858169218531e-02,-7.006816492352953285e-02,4.866330004326682029e-02,-1.904560554454756693e-01,-1.062022246950680288e-01,-1.161160171943238645e-01,-8.022081982670292710e-02,-1.232537351711795875e-01,-6.694560304541873064e-02,-1.151695818141830301e-02,-5.503115397816213394e-02,1.769930265305297845e-01,-2.274825975323778171e-01,3.212762419279031056e-01,-3.083168483354796208e-01,-5.231226933101865151e-02,7.950502626440404674e-02,1.593967057699586243e-01
0.000000000000000000e+00,0.000000000000000000e+00,0.000000000000000000e+00,0.000000000000000000e+00,0.000000000000000000e+00,0.000000000000000000e+00,0.000000000000000000e+00,0.000000000000000000e+00,0.000000000000000000e+00,0.000000000000000000e+00,0.000000000000000000e+00,0.000000000000000000e+00,0.000000000000000000e+00,0.000000000000000000e+00,0.000000000000000000e+00,0.000000000000000000e+00,0.000000000000000000e+00,0.000000000000000000e+00,0.000000000000000000e+00,0.000000000000000000e+00,0.000000000000000000e+00,0.000000000000000000e+00,0.000000000000000000e+00,0.000000000000000000e+00,0.000000000000000000e+00,0.000000000000000000e+00,0.000000000000000000e+00,0.000000000000000000e+00,0.000000000000000000e+00,0.000000000000000000e+00,0.000000000000000000e+00,0.000000000000000000e+00,0.000000000000000000e+00,0.000000000000000000e+00,0.000000000000000000e+00,0.000000000000000000e+00,0.000000000000000000e+00,0.000000000000000000e+00,0.000000000000000000e+00,0.000000000000000000e+00,0.000000000000000000e+00,0.000000000000000000e+00,0.000000000000000000e+00,0.000000000000000000e+00,0.000000000000000000e+00,0.000000000000000000e+00,1.000000000000000000e+00,-2.938125337808752402e-01,1.738645132091540813e-01,1.107518120984930798e-01,1.424488954539815389e-01,-7.397755197841175689e-02,4.326937802850241988e-01,2.774795305297734216e-01,-1.067021787642001562e-01,-1.077090410660879183e-01,-1.869699280253687979e-01,2.078426885724009299e-01,3.603621663538371100e-01,-1.186002330828254542e-01,-8.713888113389846313e-02,-8.250067051390606865e-02,-1.736102860752966603e-01,-1.251838779888942710e-01,-1.594688345462500489e-01,-1.889671795118692543e-01,-3.252360417695689399e-01,4.554833878648174017e-01,1.939289615401288136e-01,-1.515918272452475291e-01,7.422042344764349930e-02,4.057333711092169226e-01,-5.060498216495856044e-02,-2.273559781615322895e-03,1.543619871765909979e-01,2.980161372802842545e-01,-4.825310888511178398e-01,-1.652986192195690374e-01,7.998517982308982199e-02,-4.797371295599151854e-03,-4.577480695803283206e-01,2.070043544486236120e-01,9.669099455775041763e-02,5.510101348244103026e-01,2.406012237152887479e-01,1.926166068737815429e-01,4.019792537094136198e-01,-5.262143232074718152e-02,1.565203338026944779e-01,-4.219197355952223338e-01,-4.826181472463961925e-02,-2.649119268695238616e-01,-8.544188347770755032e-02,1.697487394846055112e-02,-1.189996604547413211e-01,8.518459998493857488e-02,5.290971150780487270e-02,1.468966432102195296e-01,4.788235757593622965e-01,-7.821752159707824614e-02
0.000000000000000000e+00,0.000000000000000000e+00,0.000000000000000000e+00,0.000000000000000000e+00,0.000000000000000000e+00,0.000000000000000000e+00,0.000000000000000000e+00,0.000000000000000000e+00,0.000000000000000000e+00,0.000000000000000000e+00,0.000000000000000000e+00,0.000000000000000000e+00,0.000000000000000000e+00,0.000000000000000000e+00,0.000000000000000000e+00,0.000000000000000000e+00,0.000000000000000000e+00,0.000000000000000000e+00,0.000000000000000000e+00,0.000000000000000000e+00,0.000000000000000000e+00,0.000000000000000000e+00,0.000000000000000000e+00,0.000000000000000000e+00,0.000000000000000000e+00,0.000000000000000000e+00,0.000000000000000000e+00,0.000000000000000000e+00,0.000000000000000000e+00,0.000000000000000000e+00,0.000000000000000000e+00,0.000000000000000000e+00,0.000000000000000000e+00,0.000000000000000000e+00,0.000000000000000000e+00,0.000000000000000000e+00,0.000000000000000000e+00,0.000000000000000000e+00,0.000000000000000000e+00,0.000000000000000000e+00,0.000000000000000000e+00,0.000000000000000000e+00,0.000000000000000000e+00,0.000000000000000000e+00,0.000000000000000000e+00,0.000000000000000000e+00,0.000000000000000000e+00,1.000000000000000000e+00,7.722132854618549147e-02,-8.141385081389782008e-02,3.739129154114338716e-02,-7.248406486554426209e-02,1.318695164079317778e-02,-2.321388074388849310e-01,5.973537980409725917e-02,-7.328288049768150072e-05,1.229773941717853536e-01,5.373552863195181495e-02,-1.776028017586783470e-01,2.039918633504249068e-01,1.603006960302888473e-01,5.181984284028356286e-02,5.806955772217077538e-02,1.594607992280709374e-01,2.246443142682523486e-01,8.373657116704444348e-02,-3.817160224350626962e-02,-8.943390286323342486e-03,5.752450159212512543e-02,3.976995191850488109e-02,-6.458035043548428222e-02,-8.076454748843593656e-02,-2.104625064064087961e-02,1.649392490739128303e-01,1.241266368717536539e-01,2.158229730977856420e-01,3.632088153241813666e-01,-5.995703362179943818e-02,3.937402338547116853e-01,3.487655101666811142e-01,4.533164347829843344e-01,-3.227905811757664223e-01,-2.382590765169840807e-01,-4.152190638201791462e-01,-9.422758575327465358e-02,-6.068556515108252530e-02,-1.046784502560458019e-01,2.050028812301825654e-01,8.302518212823749300e-02,1.452303643758008078e-01,-6.670167229448291379e-02,3.625472920859970638e-01,3.479021901440517706e-01,-2.460261083585036368e-01,3.502908851287102054e-01,-1.818021026166058984e-01,1.026463921627410597e-01,-1.183740928923729951e-01,-1.345066018949522997e-02,-6.078336717401019995e-02
0.000000000000000000e+00,0.000000000000000000e+00,0.000000000000000000e+00,0.000000000000000000e+00,0.000000000000000000e+00,0.000000000000000000e+00,0.000000000000000000e+00,0.000000000000000000e+00,0.000000000000000000e+00,0.000000000000000000e+00,0.000000000000000000e+00,0.000000000000000000e+00,0.000000000000000000e+00,0.000000000000000000e+00,0.000000000000000000e+00,0.000000000000000000e+00,0.000000000000000000e+00,0.000000000000000000e+00,0.000000000000000000e+00,0.000000000000000000e+00,0.000000000000000000e+00,0.000000000000000000e+00,0.000000000000000000e+00,0.000000000000000000e+00,0.000000000000000000e+00,0.000000000000000000e+00,0.000000000000000000e+00,0.000000000000000000e+00,0.000000000000000000e+00,0.000000000000000000e+00,0.000000000000000000e+00,0.000000000000000000e+00,0.000000000000000000e+00,0.000000000000000000e+00,0.000000000000000000e+00,0.000000000000000000e+00,0.000000000000000000e+00,0.000000000000000000e+00,0.000000000000000000e+00,0.000000000000000000e+00,0.000000000000000000e+00,0.000000000000000000e+00,0.000000000000000000e+00,0.000000000000000000e+00,0.000000000000000000e+00,0.000000000000000000e+00,0.000000000000000000e+00,0.000000000000000000e+00,1.000000000000000000e+00,-1.579711866888461602e-01,4.635657983548544664e-02,1.678004303777246298e-01,2.782619084647654506e-01,8.469001626297824326e-02,4.821927256387168598e-02,-1.426242455395606012e-01,-7.573097214516039122e-02,4.882951253913499906e-02,5.462578766506787781e-02,-2.861558546466131878e-02,2.046451016786045851e-01,-8.658301876031610292e-03,2.277083562331333189e-01,2.981337846985241194e-03,-1.399091750371800058e-01,1.109442764474030951e-01,1.688830043810550866e-02,2.454376675981085054e-01,7.714413750358414812e-02,-9.482493299521413399e-02,2.753844885895411210e-01,3.643544397818077041e-01,-1.288952953131968990e-02,2.062417145081626157e-01,8.304996633855754595e-02,2.881603241291597617e-01,9.269091246366413517e-02,1.507344340538639971e-01,1.263600466659043353e-01,2.630955986557772519e-01,-3.266703101935732323e-01,-2.930562704352453474e-01,6.356725873055139864e-02,1.197675194287868006e-01,-3.457903824397031145e-01,4.050009325695863027e-01,4.497619261803407209e-01,1.232222177923269213e-01,3.645702468634992588e-01,4.750753250364812136e-02,3.572465454057615064e-01,-4.034802313401840423e-02,2.502842853358548669e-02,3.909915457848128217e-01,6.521042726977677173e-02,-3.498201935849220012e-01,-4.327813112661697131e-02,1.267026526835073608e-01,-9.454759246915603321e-02,4.600771324067464696e-01
0.000000000000000000e+00,0.000000000000000000e+00,0.000000000000000000e+00,0.000000000000000000e+00,0.000000000000000000e+00,0.000000000000000000e+00,0.000000000000000000e+00,0.000000000000000000e+00,0.000000000000000000e+00,0.000000000000000000e+00,0.000000000000000000e+00,0.000000000000000000e+00,0.000000000000000000e+00,0.000000000000000000e+00,0.000000000000000000e+00,0.000000000000000000e+00,0.000000000000000000e+00,0.000000000000000000e+00,0.000000000000000000e+00,0.000000000000000000e+00,0.000000000000000000e+00,0.000000000000000000e+00,0.000000000000000000e+00,0.000000000000000000e+00,0.000000000000000000e+00,0.000000000000000000e+00,0.000000000000000000e+00,0.000000000000000000e+00,0.000000000000000000e+00,0.000000000000000000e+00,0.000000000000000000e+00,0.000000000000000000e+00,0.000000000000000000e+00,0.000000000000000000e+00,0.000000000000000000e+00,0.000000000000000000e+00,0.000000000000000000e+00,0.000000000000000000e+00,0.000000000000000000e+00,0.000000000000000000e+00,0.000000000000000000e+00,0.000000000000000000e+00,0.000000000000000000e+00,0.000000000000000000e+00,0.000000000000000000e+00,0.000000000000000000e+00,0.000000000000000000e+00,0.000000000000000000e+00,0.000000000000000000e+00,1.000000000000000000e+00,4.996499899012243895e-01,3.341476046514946785e-01,3.076017515591398799e-01,-4.886129790983097243e-02,-5.452489447088839508e-02,1.725680721484627866e-01,1.864213396648283783e-01,5.194974184555937180e-01,3.703517603113983259e-01,1.114720826438685836e-01,-1.888472193857649584e-01,3.390182985282459427e-01,-2.587526564004434815e-01,2.887932391106108176e-03,8.439367240690642813e-02,-2.754297812553637217e-02,3.283819486321041259e-01,9.319934705761731553e-02,3.825923945222529099e-01,3.060038384136359868e-01,3.000419334041273256e-01,-3.826288448476479198e-01,1.787033826059061525e-01,1.964381092415456165e-01,-6.924774909881172003e-02,-2.695623374419406360e-01,-3.727589260837059319e-03,2.726622405445395803e-01,2.962795447988517822e-02,9.684709666462240629e-02,4.064044006661136632e-01,5.217931328007365810e-01,1.179198991739308783e-01,4.368782303680933121e-01,2.706276735674278955e-01,-8.789753562897020256e-01,-6.104528387163243863e-01,-2.433305006192499065e-01,-1.603448395399283410e-01,-2.804628661730222960e-01,-3.439482421122859179e-01,-1.508885497164041134e-01,-4.076815075479717776e-01,5.247595143805295487e-02,3.830836007099915341e-01,3.558779554633783454e-02,2.351849388559975884e-01,-6.432986786818202241e-01,1.402708915984556270e-01,-3.888680023715015976e-01
0.000000000000000000e+00,0.000000000000000000e+00,0.000000000000000000e+00,0.000000000000000000e+00,0.000000000000000000e+00,0.000000000000000000e+00,0.000000000000000000e+00,0.000000000000000000e+00,0.000000000000000000e+00,0.000000000000000000e+00,0.000000000000000000e+00,0.000000000000000000e+00,0.000000000000000000e+00,0.000000000000000000e+00,0.000000000000000000e+00,0.000000000000000000e+00,0.000000000000000000e+00,0.000000000000000000e+00,0.000000000000000000e+00,0.000000000000000000e+00,0.000000000000000000e+00,0.000000000000000000e+00,0.000000000000000000e+00,0.000000000000000000e+00,0.000000000000000000e+00,0.000000000000000000e+00,0.000000000000000000e+00,0.000000000000000000e+00,0.000000000000000000e+00,0.000000000000000000e+00,0.000000000000000000e+00,0.000000000000000000e+00,0.000000000000000000e+00,0.000000000000000000e+00,0.000000000000000000e+00,0.000000000000000000e+00,0.000000000000000000e+00,0.000000000000000000e+00,0.000000000000000000e+00,0.000000000000000000e+00,0.000000000000000000e+00,0.000000000000000000e+00,0.000000000000000000e+00,0.000000000000000000e+00,0.000000000000000000e+00,0.000000000000000000e+00,0.000000000000000000e+00,0.000000000000000000e+00,0.000000000000000000e+00,0.000000000000000000e+00,1.000000000000000000e+00,-1.007486075038413337e-01,3.725627522463551555e-01,-8.615473792956929167e-02,-4.260057915817060115e-02,2.024179534332885277e-01,2.425155634531783178e-01,2.047250161621223252e-01,7.892464144836024154e-02,1.648492989099334671e-01,-2.230407404859293952e-01,2.677292549588582982e-01,-2.177788274867157314e-01,-1.392533448607699842e-01,7.096538959729302432e-02,-6.537768643979716132e-02,-2.873777544427995670e-02,2.659324232715362408e-03,-1.170037137478709410e-01,3.899994691407640546e-02,1.169851720410290952e-01,-1.752927243916458377e-01,5.295092973868993358e-01,1.985206597872154685e-02,-2.257015931003968634e-01,-4.437417460994119017e-02,1.452100860501105983e-01,-1.774328977429082133e-01,-4.442686916965071786e-02,1.065742527942552670e-01,1.456456878119884724e-01,2.709128935617750589e-01,9.261270849056188470e-02,1.421491887329822401e-01,1.825562182601747074e-01,-6.714536925642232423e-02,1.896448927984990948e-03,1.188289139505734199e-01,-3.225251027342037474e-02,-1.730353742079361323e-01,-1.749935631991785812e-01,7.422632504786513818e-02,-2.682784186315020358e-01,-1.205197739356585196e-01,3.516996404288915690e-01,1.010148379428351811e-01,1.136604047841747490e-02,-4.673160565445989012e-01,1.922624062927979216e-01,3.252451727262269804e-02
0.000000000000000000e+00,0.000000000000000000e+00,0.000000000000000000e+00,0.000000000000000000e+00,0.000000000000000000e+00,0.000000000000000000e+00,0.000000000000000000e+00,0.000000000000000000e+00,0.000000000000000000e+00,0.000000000000000000e+00,0.000000000000000000e+00,0.000000000000000000e+00,0.000000000000000000e+00,0.000000000000000000e+00,0.000000000000000000e+00,0.000000000000000000e+00,0.000000000000000000e+00,0.000000000000000000e+00,0.000000000000000000e+00,0.000000000000000000e+00,0.000000000000000000e+00,0.000000000000000000e+00,0.000000000000000000e+00,0.000000000000000000e+00,0.000000000000000000e+00,0.000000000000000000e+00,0.000000000000000000e+00,0.000000000000000000e+00,0.000000000000000000e+00,0.000000000000000000e+00,0.000000000000000000e+00,0.000000000000000000e+00,0.000000000000000000e+00,0.000000000000000000e+00,0.000000000000000000e+00,0.000000000000000000e+00,0.000000000000000000e+00,0.000000000000000000e+00,0.000000000000000000e+00,0.000000000000000000e+00,0.000000000000000000e+00,0.000000000000000000e+00,0.000000000000000000e+00,0.000000000000000000e+00,0.000000000000000000e+00,0.000000000000000000e+00,0.000000000000000000e+00,0.000000000000000000e+00,0.000000000000000000e+00,0.000000000000000000e+00,0.000000000000000000e+00,1.000000000000000000e+00,2.259974608570184396e-01,1.371785340038670642e-01,1.816796371894259243e-01,2.084291878165427381e-01,1.619605327528222116e-01,5.168744744767884980e-02,1.871680926678596230e-02,6.478367807321150362e-02,1.572578516833903484e-01,-1.126538232169728149e-01,3.405260033619880722e-02,-3.542240797874458835e-02,-1.847143226787621439e-01,1.575312790921713779e-01,1.723288520559356496e-01,1.138697089039876903e-01,1.355851231207352292e-01,2.907574337816792864e-01,-2.845310939752448628e-02,1.267900454381410413e-01,6.722891538101775921e-02,-3.787692655096733252e-02,2.924373278217002811e-02,-7.776383381338436429e-02,-1.665408678561172695e-02,1.945124808182884524e-01,-8.374250490768153643e-02,1.046522681646460361e-02,-7.051934190885815468e-02,1.212972924351050502e-01,2.253724470903992472e-01,-4.536264792762521349e-03,-2.611387286489570969e-01,6.332573356976443912e-02,7.961570123037135793e-02,-1.908102755534873962e-01,2.213850922131625765e-01,-1.050486331336374785e-01,-9.838785312454624565e-02,-2.897537838128634302e-01,-5.280717293411564539e-02,3.654019374559360211e-01,-7.522221946969520623e-02,-1.378939390800961728e-01,-2.081921961766726725e-01,-1.093749557005290057e-01,-2.174465752771355398e-01,2.096803330198208637e-01
0.000000000000000000e+00,0.000000000000000000e+00,0.000000000000000000e+00,0.000000000000000000e+00,0.000000000000000000e+00,0.000000000000000000e+00,0.000000000000000000e+00,0.000000000000000000e+00,0.000000000000000000e+00,0.000000000000000000e+00,0.000000000000000000e+00,0.000000000000000000e+00,0.000000000000000000e+00,0.000000000000000000e+00,0.000000000000000000e+00,0.000000000000000000e+00,0.000000000000000000e+00,0.000000000000000000e+00,0.000000000000000000e+00,0.000000000000000000e+00,0.000000000000000000e+00,0.000000000000000000e+00,0.000000000000000000e+00,0.000000000000000000e+00,0.000000000000000000e+00,0.000000000000000000e+00,0.000000000000000000e+00,0.000000000000000000e+00,0.000000000000000000e+00,0.000000000000000000e+00,0.000000000000000000e+00,0.000000000000000000e+00,0.000000000000000000e+00,0.000000000000000000e+00,0.000000000000000000e+00,0.000000000000000000e+00,0.000000000000000000e+00,0.000000000000000000e+00,0.000000000000000000e+00,0.000000000000000000e+00,0.000000000000000000e+00,0.000000000000000000e+00,0.000000000000000000e+00,0.000000000000000000e+00,0.000000000000000000e+00,0.000000000000000000e+00,0.000000000000000000e+00,0.000000000000000000e+00,0.000000000000000000e+00,0.000000000000000000e+00,0.000000000000000000e+00,0.000000000000000000e+00,1.000000000000000000e+00,5.558569696949080402e-02,-7.132448966272672553e-02,6.715066694876344056e-02,1.295939516937169300e-01,2.119056418641083184e-01,1.121170205315688839e-01,4.548509878222974784e-02,5.813678281355372235e-02,2.943193025166020074e-03,-9.649523718027300245e-02,-1.361260107602854652e-01,-1.116370867644824183e-01,2.769353442258661382e-02,-5.422801948616848972e-02,6.830320799244203600e-02,1.163482893077121133e-01,-3.377170170141789718e-02,8.341490923537341062e-02,-3.570974380750168570e-02,5.453380306432214358e-02,7.866026433741945059e-03,-1.080676008012930872e-01,-1.237194807095910037e-01,7.301553027240273441e-02,5.935330848005385129e-02,-1.286471674672214904e-01,-3.379662531321742753e-04,-6.596196801902881601e-02,1.411153776087849254e-01,4.244917544937351628e-02,3.908535975954958303e-02,-1.134484822699871748e-01,7.498792152515754150e-02,1.053965108532194661e-01,-1.109196685561886359e-01,1.034323978958993362e-01,-6.829221785469087591e-02,2.243941011264846686e-01,1.111074190170761450e-01,-8.324404999732275268e-02,1.596309262703901888e-01,1.480913573792757287e-01,-2.556830025374599025e-01,8.271635542976801814e-02,-1.496793595275013877e-01,-5.841863180076022760e-02,-1.715026863037263927e-02
0.000000000000000000e+00,0.000000000000000000e+00,0.000000000000000000e+00,0.000000000000000000e+00,0.000000000000000000e+00,0.000000000000000000e+00,0.000000000000000000e+00,0.000000000000000000e+00,0.000000000000000000e+00,0.000000000000000000e+00,0.000000000000000000e+00,0.000000000000000000e+00,0.000000000000000000e+00,0.000000000000000000e+00,0.000000000000000000e+00,0.000000000000000000e+00,0.000000000000000000e+00,0.000000000000000000e+00,0.000000000000000000e+00,0.000000000000000000e+00,0.000000000000000000e+00,0.000000000000000000e+00,0.000000000000000000e+00,0.000000000000000000e+00,0.000000000000000000e+00,0.000000000000000000e+00,0.000000000000000000e+00,0.000000000000000000e+00,0.000000000000000000e+00,0.000000000000000000e+00,0.000000000000000000e+00,0.000000000000000000e+00,0.000000000000000000e+00,0.000000000000000000e+00,0.000000000000000000e+00,0.000000000000000000e+00,0.000000000000000000e+00,0.000000000000000000e+00,0.000000000000000000e+00,0.000000000000000000e+00,0.000000000000000000e+00,0.000000000000000000e+00,0.000000000000000000e+00,0.000000000000000000e+00,0.000000000000000000e+00,0.000000000000000000e+00,0.000000000000000000e+00,0.000000000000000000e+00,0.000000000000000000e+00,0.000000000000000000e+00,0.000000000000000000e+00,0.000000000000000000e+00,0.000000000000000000e+00,1.000000000000000000e+00,-1.595555334532978813e-03,1.431602325047395818e-01,-6.814469395701684695e-02,6.714450694858376846e-03,2.847596054141675603e-01,-2.032120576512618793e-01,-1.857586377889827028e-02,-2.562689909639299657e-01,-7.875473154472482917e-02,-1.699407354722491659e-01,-4.033668851369015540e-01,-8.612283725904672227e-02,3.254859799873133230e-02,4.409606343366181402e-01,9.754197765836059020e-02,1.693885804099878600e-01,1.140551169698162670e-01,4.374292622117872398e-01,-9.015868344065494644e-03,-7.597672743318815980e-02,2.427924222741313087e-01,1.658366765423844036e-01,-3.284553621439024185e-01,-1.807504559095670926e-01,-2.279057173892463373e-01,-1.007567398501436062e-01,-5.810710692969276447e-01,2.658964301338538894e-01,5.347570967284702714e-01,4.430950082262214984e-01,2.648406090441886018e-01,1.487928251166313331e-01,5.217204193659698008e-01,-2.174319107825437025e-01,1.474116355395635111e-02,-8.519605077838851570e-02,1.034495564751132107e-01,-7.768094300929152818e-02,2.844284030331208912e-01,1.864855413260418648e-01,-2.049062315804618950e-01,3.885039743327314832e-02,-2.026152407069430061e-01,4.416246810525936151e-01,1.916024590365196512e-01,-4.873679667314288755e-02
0.000000000000000000e+00,0.000000000000000000e+00,0.000000000000000000e+00,0.000000000000000000e+00,0.000000000000000000e+00,0.000000000000000000e+00,0.000000000000000000e+00,0.000000000000000000e+00,0.000000000000000000e+00,0.000000000000000000e+00,0.000000000000000000e+00,0.000000000000000000e+00,0.000000000000000000e+00,0.000000000000000000e+00,0.000000000000000000e+00,0.000000000000000000e+00,0.000000000000000000e+00,0.000000000000000000e+00,0.000000000000000000e+00,0.000000000000000000e+00,0.000000000000000000e+00,0.000000000000000000e+00,0.000000000000000000e+00,0.000000000000000000e+00,0.000000000000000000e+00,0.000000000000000000e+00,0.000000000000000000e+00,0.000000000000000000e+00,0.000000000000000000e+00,0.000000000000000000e+00,0.000000000000000000e+00,0.000000000000000000e+00,0.000000000000000000e+00,0.000000000000000000e+00,0.000000000000000000e+00,0.000000000000000000e+00,0.000000000000000000e+00,0.000000000000000000e+00,0.000000000000000000e+00,0.000000000000000000e+00,0.000000000000000000e+00,0.000000000000000000e+00,0.000000000000000000e+00,0.000000000000000000e+00,0.000000000000000000e+00,0.000000000000000000e+00,0.000000000000000000e+00,0.000000000000000000e+00,0.000000000000000000e+00,0.000000000000000000e+00,0.000000000000000000e+00,0.000000000000000000e+00,0.000000000000000000e+00,0.000000000000000000e+00,1.000000000000000000e+00,2.136356683299861225e-01,1.689275379848962921e-01,-2.933558412441351071e-01,-3.197015224154721169e-01,3.591108087896139334e-01,4.814126305896105351e-01,1.466519037294894134e-01,2.030778546765694692e-01,4.920229089556634183e-01,1.537995240476203729e-01,3.165100033757392572e-01,9.248618399156993686e-02,1.747398992371891890e-01,-1.442700356923152794e-01,4.151028573161244517e-01,-6.443703986360202474e-02,2.206526164244358157e-01,-1.013935328066696978e-01,4.094420189003559751e-01,2.234656136414041316e-01,3.136810098716508177e-01,5.826463344672228040e-01,-3.113132033608297933e-01,9.075944759118960425e-02,4.307285255425591930e-01,1.290309610033671117e-01,-1.992857818382994528e-01,1.802996289604711921e-01,-1.615831824132143990e-01,-1.812812063066691071e-01,6.134634278028394672e-01,-1.166793249510687108e-01,-2.336853840596867793e-01,1.558261914578163154e-01,-2.597888560974168648e-01,-4.704575305249231176e-01,-1.930094903813005525e-01,1.990760266590712035e-01,2.293875111022244673e-01,5.682308055089258653e-02,-2.112121498198793121e-02,-3.913527502224484200e-01,1.280639969058461058e-01,-1.355499457758717330e-01,3.323918945278846460e-01
0.000000000000000000e+00,0.000000000000000000e+00,0.000000000000000000e+00,0.000000000000000000e+00,0.000000000000000000e+00,0.000000000000000000e+00,0.000000000000000000e+00,0.000000000000000000e+00,0.000000000000000000e+00,0.000000000000000000e+00,0.000000000000000000e+00,0.000000000000000000e+00,0.000000000000000000e+00,0.000000000000000000e+00,0.000000000000000000e+00,0.000000000000000000e+00,0.000000000000000000e+00,0.000000000000000000e+00,0.000000000000000000e+00,0.000000000000000000e+00,0.000000000000000000e+00,0.000000000000000000e+00,0.000000000000000000e+00,0.000000000000000000e+00,0.000000000000000000e+00,0.000000000000000000e+00,0.000000000000000000e+00,0.000000000000000000e+00,0.000000000000000000e+00,0.000000000000000000e+00,0.000000000000000000e+00,0.000000000000000000e+00,0.000000000000000000e+00,0.000000000000000000e+00,0.000000000000000000e+00,0.000000000000000000e+00,0.000000000000000000e+00,0.000000000000000000e+00,0.000000000000000000e+00,0.000000000000000000e+00,0.000000000000000000e+00,0.000000000000000000e+00,0.000000000000000000e+00,0.000000000000000000e+00,0.000000000000000000e+00,0.000000000000000000e+00,0.000000000000000000e+00,0.000000000000000000e+00,0.000000000000000000e+00,0.000000000000000000e+00,0.000000000000000000e+00,0.000000000000000000e+00,0.000000000000000000e+00,0.000000000000000000e+00,0.000000000000000000e+00,1.000000000000000000e+00,1.857886326594157533e-01,-7.688424925522192865e-02,-6.180720171926047668e-02,3.162817884126045698e-01,-1.550652178728967497e-02,-3.629992282754870292e-01,7.360348532614426585e-03,-1.500731198518529506e-02,-9.227346103301173330e-02,-7.383571844678685214e-02,4.175188922673928049e-01,-1.845376459359798493e-01,-3.955386829459140580e-02,2.434130914529817891e-01,1.446041556000977543e-02,-3.372683428143947310e-02,3.572642186011281557e-02,1.396341234170995205e-01,8.011457194653778813e-02,2.510870036317036647e-02,2.963759681833291193e-01,-1.100233229763160625e-01,-6.435740145129364986e-02,1.129018613737717558e-01,9.499269359677139923e-02,3.196795776485655827e-01,1.513925755364033399e-01,-1.073744767530684791e-01,-9.542234648945730618e-03,3.042297965506055024e-01,-6.725344223175436231e-02,7.284323288024566190e-02,1.114576759303371467e-01,-6.761663780131284274e-02,-2.690544888383126221e-01,-1.640315949892847680e-01,2.997700069974014100e-02,8.476933703643811657e-02,5.734748286455512017e-02,-1.192397757709772743e-01,4.777035680588794658e-02,-2.554594549105784762e-01,-1.338031536554450396e-01,2.750902751787361392e-02
0.000000000000000000e+00,0.000000000000000000e+00,0.000000000000000000e+00,0.000000000000000000e+00,0.000000000000000000e+00,0.000000000000000000e+00,0.000000000000000000e+00,0.000000000000000000e+00,0.000000000000000000e+00,0.000000000000000000e+00,0.000000000000000000e+00,0.000000000000000000e+00,0.000000000000000000e+00,0.000000000000000000e+00,0.000000000000000000e+00,0.000000000000000000e+00,0.000000000000000000e+00,0.000000000000000000e+00,0.000000000000000000e+00,0.000000000000000000e+00,0.000000000000000000e+00,0.000000000000000000e+00,0.000000000000000000e+00,0.000000000000000000e+00,0.000000000000000000e+00,0.000000000000000000e+00,0.000000000000000000e+00,0.000000000000000000e+00,0.000000000000000000e+00,0.000000000000000000e+00,0.000000000000000000e+00,0.000000000000000000e+00,0.000000000000000000e+00,0.000000000000000000e+00,0.000000000000000000e+00,0.000000000000000000e+00,0.000000000000000000e+00,0.000000000000000000e+00,0.000000000000000000e+00,0.000000000000000000e+00,0.000000000000000000e+00,0.000000000000000000e+00,0.000000000000000000e+00,0.000000000000000000e+00,0.000000000000000000e+00,0.000000000000000000e+00,0.000000000000000000e+00,0.000000000000000000e+00,0.000000000000000000e+00,0.000000000000000000e+00,0.000000000000000000e+00,0.000000000000000000e+00,0.000000000000000000e+00,0.000000000000000000e+00,0.000000000000000000e+00,0.000000000000000000e+00,1.000000000000000000e+00,3.053116263194551872e-01,-1.095983421813320202e-01,3.007434152065590061e-01,-5.400619222164530775e-02,1.307671290832120303e-01,-3.780368506946215068e-01,-3.924849261003759276e-02,1.455389182368793943e-01,2.367445645259768916e-01,2.018369642062742969e-02,-1.706309920359396215e-01,3.495321435934919257e-03,2.554589077132450314e-01,-3.850338656628743417e-01,-6.503321505275031500e-01,7.125741226211702584e-01,1.396285869624416288e-02,-1.471292858469074316e-01,-2.225429804721354710e-01,3.148103359262708345e-01,6.071361368108577766e-02,-1.288076515741458372e-01,-1.615570969257476563e-02,4.588784478531607869e-01,2.041514205996872722e-01,6.195769822153974343e-02,-1.114782154029047290e-01,1.868594648229831567e-01,-4.179801737835500131e-01,-2.227159811415247992e-01,-5.341982560923078660e-01,5.176730237268976215e-02,5.000722666319867837e-02,2.251017836567198883e-03,-4.283167331983309123e-02,2.590167023833371829e-01,2.387297390507780726e-01,5.282594894171966926e-01,2.301928687857580647e-01,-1.289514126239258984e-01,-5.447062285254579139e-01,6.013392300262862533e-02,-6.692445566693602799e-02
0.000000000000000000e+00,0.000000000000000000e+00,0.000000000000000000e+00,0.000000000000000000e+00,0.000000000000000000e+00,0.000000000000000000e+00,0.000000000000000000e+00,0.000000000000000000e+00,0.000000000000000000e+00,0.000000000000000000e+00,0.000000000000000000e+00,0.000000000000000000e+00,0.000000000000000000e+00,0.000000000000000000e+00,0.000000000000000000e+00,0.000000000000000000e+00,0.000000000000000000e+00,0.000000000000000000e+00,0.000000000000000000e+00,0.000000000000000000e+00,0.000000000000000000e+00,0.000000000000000000e+00,0.000000000000000000e+00,0.000000000000000000e+00,0.000000000000000000e+00,0.000000000000000000e+00,0.000000000000000000e+00,0.000000000000000000e+00,0.000000000000000000e+00,0.000000000000000000e+00,0.000000000000000000e+00,0.000000000000000000e+00,0.000000000000000000e+00,0.000000000000000000e+00,0.000000000000000000e+00,0.000000000000000000e+00,0.000000000000000000e+00,0.000000000000000000e+00,0.000000000000000000e+00,0.000000000000000000e+00,0.000000000000000000e+00,0.000000000000000000e+00,0.000000000000000000e+00,0.000000000000000000e+00,0.000000000000000000e+00,0.000000000000000000e+00,0.000000000000000000e+00,0.000000000000000000e+00,0.000000000000000000e+00,0.000000000000000000e+00,0.000000000000000000e+00,0.000000000000000000e+00,0.000000000000000000e+00,0.000000000000000000e+00,0.000000000000000000e+00,0.000000000000000000e+00,0.000000000000000000e+00,1.000000000000000000e+00,2.364787348392474453e-01,-7.044261242458091377e-02,-1.399518695940979961e-02,2.469440715192089686e-01,-1.092568887096402319e-01,-8.887726805257148421e-02,2.190836738930393435e-02,-2.182952144344600665e-02,-8.544298884240086878e-02,7.828113959388489917e-03,2.118044982774187068e-01,8.044135525823346844e-02,-2.264794884762105220e-01,-2.894879144687405037e-01,1.367956005806628683e-01,-5.034992945642144391e-02,-1.736844072930644745e-01,-1.129999459392154043e-01,1.414317257599433629e-02,1.850632185835860144e-01,-7.306550932128935694e-02,1.707741905375987843e-02,2.777948798151970711e-01,4.144826097048039809e-02,-2.519911738694151637e-01,1.987559918596419062e-01,3.251402168856795671e-01,-3.384524273811255757e-01,1.583943941526835819e-01,-3.359194960154249232e-01,7.138251125351545955e-03,-1.433542709407799320e-01,1.401597737761225426e-01,4.993761558708807030e-02,2.300853485367013174e-01,2.420920046567115180e-01,3.554446271223315468e-01,-3.195498524319644040e-02,1.251982385767452521e-01,-3.035165923810068112e-01,4.041246805640746342e-01,-1.714594686737216100e-01
0.000000000000000000e+00,0.000000000000000000e+00,0.000000000000000000e+00,0.000000000000000000e+00,0.000000000000000000e+00,0.000000000000000000e+00,0.000000000000000000e+00,0.000000000000000000e+00,0.000000000000000000e+00,0.000000000000000000e+00,0.000000000000000000e+00,0.000000000000000000e+00,0.000000000000000000e+00,0.000000000000000000e+00,0.000000000000000000e+00,0.000000000000000000e+00,0.000000000000000000e+00,0.000000000000000000e+00,0.000000000000000000e+00,0.000000000000000000e+00,0.000000000000000000e+00,0.000000000000000000e+00,0.000000000000000000e+00,0.000000000000000000e+00,0.000000000000000000e+00,0.000000000000000000e+00,0.000000000000000000e+00,0.000000000000000000e+00,0.000000000000000000e+00,0.000000000000000000e+00,0.000000000000000000e+00,0.000000000000000000e+00,0.000000000000000000e+00,0.000000000000000000e+00,0.000000000000000000e+00,0.000000000000000000e+00,0.000000000000000000e+00,0.000000000000000000e+00,0.000000000000000000e+00,0.000000000000000000e+00,0.000000000000000000e+00,0.000000000000000000e+00,0.000000000000000000e+00,0.000000000000000000e+00,0.000000000000000000e+00,0.000000000000000000e+00,0.000000000000000000e+00,0.000000000000000000e+00,0.000000000000000000e+00,0.000000000000000000e+00,0.000000000000000000e+00,0.000000000000000000e+00,0.000000000000000000e+00,0.000000000000000000e+00,0.000000000000000000e+00,0.000000000000000000e+00,0.000000000000000000e+00,0.000000000000000000e+00,1.000000000000000000e+00,-2.706779618525837483e-01,-3.141202957881678581e-01,5.779590369051576526e-02,-3.683050022103934174e-01,-5.318211808376561711e-01,-1.501478490192857673e-01,-2.994307522443668268e-01,-6.813050514598861795e-02,3.569866168562178532e-01,4.051180125473062277e-01,-2.958787303715229577e-01,1.892575160685931179e-01,-1.241154849298507640e-01,2.300866995207583865e-01,-3.927018194077558366e-01,-4.870811648681289130e-01,-2.546255448352642836e-01,-8.667831323485785111e-01,6.557080696279469212e-01,-8.987238540175532253e-02,-4.122872817798579059e-01,-2.774822004204283155e-01,5.876463949683410348e-01,1.357393856494154005e-01,5.574227460622769303e-01,2.447603497037049436e-01,-6.006187466390663365e-01,4.550555458380053375e-01,1.476014477682391010e-02,-5.451645161520660143e-02,-2.616542804886561324e-01,3.563383165883930448e-01,-2.670519935170713177e-01,-4.351397365922588523e-01,3.629268479369227585e-01,2.525110869183002649e-01,2.236842040860755332e-01,-2.074374336488923332e-01,-1.520147774552914055e-01,4.061347520892180096e-01,-4.473957156453269857e-01
0.000000000000000000e+00,0.000000000000000000e+00,0.000000000000000000e+00,0.000000000000000000e+00,0.000000000000000000e+00,0.000000000000000000e+00,0.000000000000000000e+00,0.000000000000000000e+00,0.000000000000000000e+00,0.000000000000000000e+00,0.000000000000000000e+00,0.000000000000000000e+00,0.000000000000000000e+00,0.000000000000000000e+00,0.000000000000000000e+00,0.000000000000000000e+00,0.000000000000000000e+00,0.000000000000000000e+00,0.000000000000000000e+00,0.000000000000000000e+00,0.000000000000000000e+00,0.000000000000000000e+00,0.000000000000000000e+00,0.000000000000000000e+00,0.000000000000000000e+00,0.000000000000000000e+00,0.000000000000000000e+00,0.000000000000000000e+00,0.000000000000000000e+00,0.000000000000000000e+00,0.000000000000000000e+00,0.000000000000000000e+00,0.000000000000000000e+00,0.000000000000000000e+00,0.000000000000000000e+00,0.000000000000000000e+00,0.000000000000000000e+00,0.000000000000000000e+00,0.000000000000000000e+00,0.000000000000000000e+00,0.000000000000000000e+00,0.000000000000000000e+00,0.000000000000000000e+00,0.000000000000000000e+00,0.000000000000000000e+00,0.000000000000000000e+00,0.000000000000000000e+00,0.000000000000000000e+00,0.000000000000000000e+00,0.000000000000000000e+00,0.000000000000000000e+00,0.000000000000000000e+00,0.000000000000000000e+00,0.000000000000000000e+00,0.000000000000000000e+00,0.000000000000000000e+00,0.000000000000000000e+00,0.000000000000000000e+00,0.000000000000000000e+00,1.000000000000000000e+00,2.468960070573162913e-01,-2.013014752227526571e-01,3.548528839998153495e-01,3.358022751403648143e-01,2.201633970250913841e-01,1.912765415337666086e-01,1.985636028552239807e-01,4.194537401852892200e-02,-9.462072008937137679e-02,1.192613750491182678e-01,-1.218853757050304132e-01,2.012658708741892066e-01,9.015035707126711761e-02,2.174140309660689829e-01,2.936185388375142646e-01,1.921062079107185572e-01,4.141407021076001782e-01,-1.990551181483858900e-01,1.709899084018896287e-01,5.481374972634828202e-01,4.585125035758572665e-01,-7.904342218575120815e-02,-1.654999147383295899e-01,-3.427082125390230050e-01,7.370073721217679230e-02,4.210100671351856838e-01,-1.409460985816942367e-02,-9.627416054050075278e-02,5.235810894720246411e-01,-3.553606341084143694e-02,1.050634012990691590e-01,3.760981520791841226e-01,7.844087264789559311e-02,3.267834368192223948e-02,5.602355912257993564e-01,-2.580207470555110141e-02,-2.565287242826825298e-01,-6.823865388635094731e-02,-3.591867375951052765e-01,-1.513054884418848223e-01
0.000000000000000000e+00,0.000000000000000000e+00,0.000000000000000000e+00,0.000000000000000000e+00,0.000000000000000000e+00,0.000000000000000000e+00,0.000000000000000000e+00,0.000000000000000000e+00,0.000000000000000000e+00,0.000000000000000000e+00,0.000000000000000000e+00,0.000000000000000000e+00,0.000000000000000000e+00,0.000000000000000000e+00,0.000000000000000000e+00,0.000000000000000000e+00,0.000000000000000000e+00,0.000000000000000000e+00,0.000000000000000000e+00,0.000000000000000000e+00,0.000000000000000000e+00,0.000000000000000000e+00,0.000000000000000000e+00,0.000000000000000000e+00,0.000000000000000000e+00,0.000000000000000000e+00,0.000000000000000000e+00,0.000000000000000000e+00,0.000000000000000000e+00,0.000000000000000000e+00,0.000000000000000000e+00,0.000000000000000000e+00,0.000000000000000000e+00,0.000000000000000000e+00,0.000000000000000000e+00,0.000000000000000000e+00,0.000000000000000000e+00,0.000000000000000000e+00,0.000000000000000000e+00,0.000000000000000000e+00,0.000000000000000000e+00,0.000000000000000000e+00,0.000000000000000000e+00,0.000000000000000000e+00,0.000000000000000000e+00,0.000000000000000000e+00,0.000000000000000000e+00,0.000000000000000000e+00,0.000000000000000000e+00,0.000000000000000000e+00,0.000000000000000000e+00,0.000000000000000000e+00,0.000000000000000000e+00,0.000000000000000000e+00,0.000000000000000000e+00,0.000000000000000000e+00,0.000000000000000000e+00,0.000000000000000000e+00,0.000000000000000000e+00,0.000000000000000000e+00,1.000000000000000000e+00,1.878517100422438498e-03,3.572753279101339996e-01,4.808405144968531109e-01,7.626988661912846579e-02,3.149597450665204135e-01,7.421370662114425143e-02,3.317064861266216802e-01,3.706198896713219781e-02,-1.249083276513863472e-01,3.443238900040185291e-01,3.836665548176637630e-01,-1.353460234604601242e-01,4.898269604152294399e-01,5.067432962603799496e-01,3.775339371023680446e-01,5.098750775507606692e-01,-2.023858046931087049e-02,2.240258390705812397e-01,7.374275258982015968e-01,1.420447893848518217e-01,-6.346100863998476171e-01,-3.350263473402594928e-03,-1.703575045984137837e-01,-1.849159300914182402e-01,4.629642118195582134e-01,8.843797849653084464e-02,4.336411030757097995e-02,4.098320478614292384e-01,-2.174528227868441077e-01,2.899085948354664377e-01,1.451937495149896173e-01,3.849843789467169430e-01,4.749652407015808597e-01,2.277105812495014703e-01,-5.829023055954776211e-01,-1.985097587891771209e-01,5.118444150750622867e-01,-1.159188843198787761e-01,2.774095746053385492e-01
0.000000000000000000e+00,0.000000000000000000e+00,0.000000000000000000e+00,0.000000000000000000e+00,0.000000000000000000e+00,0.000000000000000000e+00,0.000000000000000000e+00,0.000000000000000000e+00,0.000000000000000000e+00,0.000000000000000000e+00,0.000000000000000000e+00,0.000000000000000000e+00,0.000000000000000000e+00,0.000000000000000000e+00,0.000000000000000000e+00,0.000000000000000000e+00,0.000000000000000000e+00,0.000000000000000000e+00,0.000000000000000000e+00,0.000000000000000000e+00,0.000000000000000000e+00,0.000000000000000000e+00,0.000000000000000000e+00,0.000000000000000000e+00,0.000000000000000000e+00,0.000000000000000000e+00,0.000000000000000000e+00,0.000000000000000000e+00,0.000000000000000000e+00,0.000000000000000000e+00,0.000000000000000000e+00,0.000000000000000000e+00,0.000000000000000000e+00,0.000000000000000000e+00,0.000000000000000000e+00,0.000000000000000000e+00,0.000000000000000000e+00,0.000000000000000000e+00,0.000000000000000000e+00,0.000000000000000000e+00,0.000000000000000000e+00,0.000000000000000000e+00,0.000000000000000000e+00,0.000000000000000000e+00,0.000000000000000000e+00,0.000000000000000000e+00,0.000000000000000000e+00,0.000000000000000000e+00,0.000000000000000000e+00,0.000000000000000000e+00,0.000000000000000000e+00,0.000000000000000000e+00,0.000000000000000000e+00,0.000000000000000000e+00,0.000000000000000000e+00,0.000000000000000000e+00,0.000000000000000000e+00,0.000000000000000000e+00,0.000000000000000000e+00,0.000000000000000000e+00,0.000000000000000000e+00,1.000000000000000000e+00,-1.602858445313635749e-01,5.674222324129886419e-02,2.656425240081242700e-01,7.253463496846623837e-02,-1.293457048871183845e-01,-1.327048635117629716e-01,9.977573515983920172e-02,-1.114762830235550284e-01,2.131659182555866172e-01,-2.272681441006426106e-01,8.940962244673433812e-02,2.173874627586801778e-01,-3.828804171937446807e-03,-1.783281470040456174e-01,1.490635736525331989e-01,-2.946972282272801794e-02,7.246863891862885543e-02,9.783966180491575348e-02,3.209547632615741830e-01,1.615818797135932117e-03,-2.828847206629870326e-01,5.489920949225419317e-02,1.321447906628676616e-01,-3.563551173285449680e-01,-1.315114604561079814e-01,-2.202405930862944006e-01,-3.179463717511426535e-01,-1.263770910540658043e-01,5.305754311203846746e-03,2.045417214511436321e-01,6.018040612623166280e-02,2.259769679865686678e-02,1.045368563561866193e-01,-6.263773954507226294e-02,1.536619534691554545e-01,-1.538199234949565175e-01,1.397877041582257507e-01,9.784487689780063668e-02
0.000000000000000000e+00,0.000000000000000000e+00,0.000000000000000000e+00,0.000000000000000000e+00,0.000000000000000000e+00,0.000000000000000000e+00,0.000000000000000000e+00,0.000000000000000000e+00,0.000000000000000000e+00,0.000000000000000000e+00,0.000000000000000000e+00,0.000000000000000000e+00,0.000000000000000000e+00,0.000000000000000000e+00,0.000000000000000000e+00,0.000000000000000000e+00,0.000000000000000000e+00,0.000000000000000000e+00,0.000000000000000000e+00,0.000000000000000000e+00,0.000000000000000000e+00,0.000000000000000000e+00,0.000000000000000000e+00,0.000000000000000000e+00,0.000000000000000000e+00,0.000000000000000000e+00,0.000000000000000000e+00,0.000000000000000000e+00,0.000000000000000000e+00,0.000000000000000000e+00,0.000000000000000000e+00,0.000000000000000000e+00,0.000000000000000000e+00,0.000000000000000000e+00,0.000000000000000000e+00,0.000000000000000000e+00,0.000000000000000000e+00,0.000000000000000000e+00,0.000000000000000000e+00,0.000000000000000000e+00,0.000000000000000000e+00,0.000000000000000000e+00,0.000000000000000000e+00,0.000000000000000000e+00,0.000000000000000000e+00,0.000000000000000000e+00,0.000000000000000000e+00,0.000000000000000000e+00,0.000000000000000000e+00,0.000000000000000000e+00,0.000000000000000000e+00,0.000000000000000000e+00,0.000000000000000000e+00,0.000000000000000000e+00,0.000000000000000000e+00,0.000000000000000000e+00,0.000000000000000000e+00,0.000000000000000000e+00,0.000000000000000000e+00,0.000000000000000000e+00,0.000000000000000000e+00,0.000000000000000000e+00,1.000000000000000000e+00,4.803264609378898875e-01,-5.872745894892889354e-03,1.435480033508277353e-01,9.615146326269720378e-02,1.937887881929011291e-01,-2.983051621790238639e-01,6.494024114277344162e-02,-1.237539474080292801e-01,6.551426544782144035e-01,-3.089331935193049272e-01,2.704249026501130970e-01,4.898518572503949287e-01,5.037444986148156278e-01,2.522921783265829054e-01,-8.439700914474838889e-02,3.991735543979938461e-01,4.411728925744685115e-01,1.314405238352009397e-01,-5.318757349422027492e-01,1.282997660351187230e-01,-1.476384131470602490e-01,-1.539190386998614823e-01,6.221369858364443894e-01,2.291433921577912813e-01,1.116774189583897570e-01,6.796776065641741971e-01,2.944169536958162747e-01,1.524456341345375443e-01,2.295064095501984369e-01,2.441375856963672042e-01,1.604811289659006657e-01,2.581964934511694898e-02,-1.780658031649473005e-01,1.026454284159250691e-01,3.836454346787954162e-01,-3.589046612942168313e-01,2.935378480161856540e-01
0.000000000000000000e+00,0.000000000000000000e+00,0.000000000000000000e+00,0.000000000000000000e+00,0.000000000000000000e+00,0.000000000000000000e+00,0.000000000000000000e+00,0.000000000000000000e+00,0.000000000000000000e+00,0.000000000000000000e+00,0.000000000000000000e+00,0.000000000000000000e+00,0.000000000000000000e+00,0.000000000000000000e+00,0.000000000000000000e+00,0.000000000000000000e+00,0.000000000000000000e+00,0.000000000000000000e+00,0.000000000000000000e+00,0.000000000000000000e+00,0.000000000000000000e+00,0.000000000000000000e+00,0.000000000000000000e+00,0.000000000000000000e+00,0.000000000000000000e+00,0.000000000000000000e+00,0.000000000000000000e+00,0.000000000000000000e+00,0.000000000000000000e+00,0.000000000000000000e+00,0.000000000000000000e+00,0.000000000000000000e+00,0.000000000000000000e+00,0.000000000000000000e+00,0.000000000000000000e+00,0.000000000000000000e+00,0.000000000000000000e+00,0.000000000000000000e+00,0.000000000000000000e+00,0.000000000000000000e+00,0.000000000000000000e+00,0.000000000000000000e+00,0.000000000000000000e+00,0.000000000000000000e+00,0.000000000000000000e+00,0.000000000000000000e+00,0.000000000000000000e+00,0.000000000000000000e+00,0.000000000000000000e+00,0.000000000000000000e+00,0.000000000000000000e+00,0.000000000000000000e+00,0.000000000000000000e+00,0.000000000000000000e+00,0.000000000000000000e+00,0.000000000000000000e+00,0.000000000000000000e+00,0.000000000000000000e+00,0.000000000000000000e+00,0.000000000000000000e+00,0.000000000000000000e+00,0.000000000000000000e+00,0.000000000000000000e+00,1.000000000000000000e+00,1.394917195094389287e-02,1.760605141631864656e-01,1.003988940044786560e-01,1.526910834178420440e-01,-2.327650414446640614e-01,9.718099784578315692e-02,1.166519519835959844e-03,3.068705818371211258e-01,-3.661309267365566722e-01,5.445821687096491504e-01,5.065927549746915837e-01,3.301132137271469702e-01,4.166128495513396479e-01,-1.776770723270548469e-01,4.366164461064143132e-01,7.105017022488043787e-01,2.619620651331888150e-01,-4.315471056227076496e-01,3.260370634219717650e-02,6.850785123868882720e-02,1.054157881600539942e-01,1.978708849655668733e-01,-9.478683542130722506e-02,7.064475585293948645e-02,2.928985057743191955e-01,-1.020936178229409352e-01,-2.119322821403007706e-01,3.633214378541395062e-01,5.259317983123363849e-01,-2.998313832312082122e-02,7.157930323347910795e-02,-5.933601723925231719e-02,2.401947463493945278e-01,3.930122288035401978e-01,3.267156780606981364e-02,2.441854511736988587e-01
0.000000000000000000e+00,0.000000000000000000e+00,0.000000000000000000e+00,0.000000000000000000e+00,0.000000000000000000e+00,0.000000000000000000e+00,0.000000000000000000e+00,0.000000000000000000e+00,0.000000000000000000e+00,0.000000000000000000e+00,0.000000000000000000e+00,0.000000000000000000e+00,0.000000000000000000e+00,0.000000000000000000e+00,0.000000000000000000e+00,0.000000000000000000e+00,0.000000000000000000e+00,0.000000000000000000e+00,0.000000000000000000e+00,0.000000000000000000e+00,0.000000000000000000e+00,0.000000000000000000e+00,0.000000000000000000e+00,0.000000000000000000e+00,0.000000000000000000e+00,0.000000000000000000e+00,0.000000000000000000e+00,0.000000000000000000e+00,0.000000000000000000e+00,0.000000000000000000e+00,0.000000000000000000e+00,0.000000000000000000e+00,0.000000000000000000e+00,0.000000000000000000e+00,0.000000000000000000e+00,0.000000000000000000e+00,0.000000000000000000e+00,0.000000000000000000e+00,0.000000000000000000e+00,0.000000000000000000e+00,0.000000000000000000e+00,0.000000000000000000e+00,0.000000000000000000e+00,0.000000000000000000e+00,0.000000000000000000e+00,0.000000000000000000e+00,0.000000000000000000e+00,0.000000000000000000e+00,0.000000000000000000e+00,0.000000000000000000e+00,0.000000000000000000e+00,0.000000000000000000e+00,0.000000000000000000e+00,0.000000000000000000e+00,0.000000000000000000e+00,0.000000000000000000e+00,0.000000000000000000e+00,0.000000000000000000e+00,0.000000000000000000e+00,0.000000000000000000e+00,0.000000000000000000e+00,0.000000000000000000e+00,0.000000000000000000e+00,0.000000000000000000e+00,1.000000000000000000e+00,1.143004477069256737e-02,-2.923808870797757198e-01,-7.248154227822849183e-02,-3.567948211301247979e-02,-1.075051360824973018e-01,1.500248471496978819e-01,-2.983910633695815440e-01,2.106787552444832901e-01,4.084487737784727596e-02,1.062176183722528949e-01,2.148630148507209014e-01,2.719513404286749148e-01,-9.257740259124527804e-02,3.921943279377904101e-01,1.197562123856007674e-02,5.092626907338351216e-01,-4.820643906250675348e-02,-1.894009467451202300e-01,-1.761334600276525109e-01,1.147766804324784062e-01,-1.383224234279057108e-01,-2.017453505114168710e-01,-1.270158243278489939e-02,-1.377282467004381505e-01,-5.354859958237305484e-02,1.301492033777039148e-01,-3.392502253024186343e-02,1.109230719680062843e-01,-4.756158495763091083e-03,3.533946174099116266e-01,2.053184458715181515e-01,1.870780890891181603e-01,-2.041097719035085967e-01,-5.998780114722571805e-02,-6.411264780290067133e-02
0.000000000000000000e+00,0.000000000000000000e+00,0.000000000000000000e+00,0.000000000000000000e+00,0.000000000000000000e+00,0.000000000000000000e+00,0.000000000000000000e+00,0.000000000000000000e+00,0.000000000000000000e+00,0.000000000000000000e+00,0.000000000000000000e+00,0.000000000000000000e+00,0.000000000000000000e+00,0.000000000000000000e+00,0.000000000000000000e+00,0.000000000000000000e+00,0.000000000000000000e+00,0.000000000000000000e+00,0.000000000000000000e+00,0.000000000000000000e+00,0.000000000000000000e+00,0.000000000000000000e+00,0.000000000000000000e+00,0.000000000000000000e+00,0.000000000000000000e+00,0.000000000000000000e+00,0.000000000000000000e+00,0.000000000000000000e+00,0.000000000000000000e+00,0.000000000000000000e+00,0.000000000000000000e+00,0.000000000000000000e+00,0.000000000000000000e+00,0.000000000000000000e+00,0.000000000000000000e+00,0.000000000000000000e+00,0.000000000000000000e+00,0.000000000000000000e+00,0.000000000000000000e+00,0.000000000000000000e+00,0.000000000000000000e+00,0.000000000000000000e+00,0.000000000000000000e+00,0.000000000000000000e+00,0.000000000000000000e+00,0.000000000000000000e+00,0.000000000000000000e+00,0.000000000000000000e+00,0.000000000000000000e+00,0.000000000000000000e+00,0.000000000000000000e+00,0.000000000000000000e+00,0.000000000000000000e+00,0.000000000000000000e+00,0.000000000000000000e+00,0.000000000000000000e+00,0.000000000000000000e+00,0.000000000000000000e+00,0.000000000000000000e+00,0.000000000000000000e+00,0.000000000000000000e+00,0.000000000000000000e+00,0.000000000000000000e+00,0.000000000000000000e+00,0.000000000000000000e+00,1.000000000000000000e+00,1.278851638242477495e-01,-2.194568276587673117e-02,4.338900665860545569e-01,4.234925698419057527e-01,1.426599104282697816e-01,2.616186084866902184e-01,1.132664196365978510e-01,5.079982752553008352e-01,6.208689486927552181e-01,2.364204118370964169e-01,6.226184520780045917e-01,9.253568979093090840e-02,-1.258853485216696044e-01,4.114248084297312258e-01,2.288951335049052224e-02,-4.686513010484600339e-01,-3.262597921673778822e-01,-1.971852630761009029e-01,6.707662729720254013e-02,3.952794073409022224e-01,-3.769659358836167651e-01,-6.306956734086412997e-01,3.679672678731287783e-01,3.282173188263685648e-01,-8.059240214379595479e-02,1.274580480800836801e-01,2.931003379205782133e-01,-6.434315976350410415e-02,2.976283352952263650e-01,-3.323676719438783955e-01,-1.569334714534220132e-01,1.528904414962831970e-01,-4.464476045830050865e-01,-2.808477706804559659e-01
0.000000000000000000e+00,0.000000000000000000e+00,0.000000000000000000e+00,0.000000000000000000e+00,0.000000000000000000e+00,0.000000000000000000e+00,0.000000000000000000e+00,0.000000000000000000e+00,0.000000000000000000e+00,0.000000000000000000e+00,0.000000000000000000e+00,0.000000000000000000e+00,0.000000000000000000e+00,0.000000000000000000e+00,0.000000000000000000e+00,0.000000000000000000e+00,0.000000000000000000e+00,0.000000000000000000e+00,0.000000000000000000e+00,0.000000000000000000e+00,0.000000000000000000e+00,0.000000000000000000e+00,0.000000000000000000e+00,0.000000000000000000e+00,0.000000000000000000e+00,0.000000000000000000e+00,0.000000000000000000e+00,0.000000000000000000e+00,0.000000000000000000e+00,0.000000000000000000e+00,0.000000000000000000e+00,0.000000000000000000e+00,0.000000000000000000e+00,0.000000000000000000e+00,0.000000000000000000e+00,0.000000000000000000e+00,0.000000000000000000e+00,0.000000000000000000e+00,0.000000000000000000e+00,0.000000000000000000e+00,0.000000000000000000e+00,0.000000000000000000e+00,0.000000000000000000e+00,0.000000000000000000e+00,0.000000000000000000e+00,0.000000000000000000e+00,0.000000000000000000e+00,0.000000000000000000e+00,0.000000000000000000e+00,0.000000000000000000e+00,0.000000000000000000e+00,0.000000000000000000e+00,0.000000000000000000e+00,0.000000000000000000e+00,0.000000000000000000e+00,0.000000000000000000e+00,0.000000000000000000e+00,0.000000000000000000e+00,0.000000000000000000e+00,0.000000000000000000e+00,0.000000000000000000e+00,0.000000000000000000e+00,0.000000000000000000e+00,0.000000000000000000e+00,0.000000000000000000e+00,0.000000000000000000e+00,1.000000000000000000e+00,-5.354702181852111914e-02,1.664854376276273251e-01,-1.294070236526809747e-01,1.999182135768925728e-01,1.191013289106879064e-01,-1.773606453173107167e-01,1.920081209359703056e-01,1.807409794140200365e-01,6.546545368286009470e-02,1.758101007230313539e-01,4.155572391923800790e-02,8.125225384699796827e-02,2.591724085812445733e-01,-8.161930133816777677e-02,2.848778011912355690e-01,8.148351518426047435e-02,-1.309599076924915784e-01,-1.463687990448440113e-01,4.049799593739931286e-02,-1.680818351002180966e-01,-6.640269404883758497e-02,1.790848486166050357e-01,1.056657120661134985e-01,-1.009817843282323491e-01,6.955820870320483795e-02,1.225695521393464910e-01,-1.685026021521784378e-01,-4.316107895557131507e-02,-2.345266241528147777e-01,1.772529942280028428e-03,4.713826899403643356e-02,-3.983573944722133553e-01,-1.780880009566516292e-02
0.000000000000000000e+00,0.000000000000000000e+00,0.000000000000000000e+00,0.000000000000000000e+00,0.000000000000000000e+00,0.000000000000000000e+00,0.000000000000000000e+00,0.000000000000000000e+00,0.000000000000000000e+00,0.000000000000000000e+00,0.000000000000000000e+00,0.000000000000000000e+00,0.000000000000000000e+00,0.000000000000000000e+00,0.000000000000000000e+00,0.000000000000000000e+00,0.000000000000000000e+00,0.000000000000000000e+00,0.000000000000000000e+00,0.000000000000000000e+00,0.000000000000000000e+00,0.000000000000000000e+00,0.000000000000000000e+00,0.000000000000000000e+00,0.000000000000000000e+00,0.000000000000000000e+00,0.000000000000000000e+00,0.000000000000000000e+00,0.000000000000000000e+00,0.000000000000000000e+00,0.000000000000000000e+00,0.000000000000000000e+00,0.000000000000000000e+00,0.000000000000000000e+00,0.000000000000000000e+00,0.000000000000000000e+00,0.000000000000000000e+00,0.000000000000000000e+00,0.000000000000000000e+00,0.000000000000000000e+00,0.000000000000000000e+00,0.000000000000000000e+00,0.000000000000000000e+00,0.000000000000000000e+00,0.000000000000000000e+00,0.000000000000000000e+00,0.000000000000000000e+00,0.000000000000000000e+00,0.000000000000000000e+00,0.000000000000000000e+00,0.000000000000000000e+00,0.000000000000000000e+00,0.000000000000000000e+00,0.000000000000000000e+00,0.000000000000000000e+00,0.000000000000000000e+00,0.000000000000000000e+00,0.000000000000000000e+00,0.000000000000000000e+00,0.000000000000000000e+00,0.000000000000000000e+00,0.000000000000000000e+00,0.000000000000000000e+00,0.000000000000000000e+00,0.000000000000000000e+00,0.000000000000000000e+00,0.000000000000000000e+00,1.000000000000000000e+00,1.049424690497903351e-01,-1.240451143137487333e-01,-9.858346254372932216e-02,3.209394406890764273e-01,4.664163566990306431e-02,1.149535836488303764e-01,2.045589356243820711e-01,1.849376766826902052e-01,-3.946215450549463155e-02,-1.532891654117129743e-01,1.262846111636686808e-01,1.130769576940667126e-01,-1.157487598442072246e-01,-6.345925335939930911e-02,3.849729542042888419e-01,-6.962219620064543290e-04,6.452943313811890236e-02,-1.115599556631467759e-02,2.613648671073364738e-01,9.630230787250128321e-02,3.789565770017699897e-01,1.161047252134989050e-01,5.623155983488279525e-02,-2.673513227642181425e-02,1.862992083657188935e-01,3.135037065382702964e-02,1.873405879973774890e-01,5.073136023726339261e-02,-2.773803220221262023e-01,3.517066940080144644e-01,7.085155767049555742e-02,3.456640048452711326e-05
0.000000000000000000e+00,0.000000000000000000e+00,0.000000000000000000e+00,0.000000000000000000e+00,0.000000000000000000e+00,0.000000000000000000e+00,0.000000000000000000e+00,0.000000000000000000e+00,0.000000000000000000e+00,0.000000000000000000e+00,0.000000000000000000e+00,0.000000000000000000e+00,0.000000000000000000e+00,0.000000000000000000e+00,0.000000000000000000e+00,0.000000000000000000e+00,0.000000000000000000e+00,0.000000000000000000e+00,0.000000000000000000e+00,0.000000000000000000e+00,0.000000000000000000e+00,0.000000000000000000e+00,0.000000000000000000e+00,0.000000000000000000e+00,0.000000000000000000e+00,0.000000000000000000e+00,0.000000000000000000e+00,0.000000000000000000e+00,0.000000000000000000e+00,0.000000000000000000e+00,0.000000000000000000e+00,0.000000000000000000e+00,0.000000000000000000e+00,0.000000000000000000e+00,0.000000000000000000e+00,0.000000000000000000e+00,0.000000000000000000e+00,0.000000000000000000e+00,0.000000000000000000e+00,0.000000000000000000e+00,0.000000000000000000e+00,0.000000000000000000e+00,0.000000000000000000e+00,0.000000000000000000e+00,0.000000000000000000e+00,0.000000000000000000e+00,0.000000000000000000e+00,0.000000000000000000e+00,0.000000000000000000e+00,0.000000000000000000e+00,0.000000000000000000e+00,0.000000000000000000e+00,0.000000000000000000e+00,0.000000000000000000e+00,0.000000000000000000e+00,0.000000000000000000e+00,0.000000000000000000e+00,0.000000000000000000e+00,0.000000000000000000e+00,0.000000000000000000e+00,0.000000000000000000e+00,0.000000000000000000e+00,0.000000000000000000e+00,0.000000000000000000e+00,0.000000000000000000e+00,0.000000000000000000e+00,0.000000000000000000e+00,0.000000000000000000e+00,1.000000000000000000e+00,6.166072083439515933e-02,-7.683966191156561820e-02,1.620313587451209167e-02,5.030196508289333512e-02,5.827801114720666115e-02,1.736326864426470107e-01,5.654990937949177371e-02,5.280933077927517372e-02,2.092571150983955214e-02,1.070258120470517493e-01,1.902546499433374616e-02,1.296976548448065293e-02,1.415158552967388517e-01,-1.491595896342672867e-01,-1.197523092714451037e-01,3.598007618857562706e-02,-1.735706603305832429e-01,-1.349063924016456195e-01,-2.385661907803951487e-01,1.507075473807576588e-02,1.143220739109754441e-01,9.032425548987176034e-02,-1.023604748200188236e-01,-7.229671228563762375e-02,-4.107299637553735519e-03,2.539820995558493555e-02,-2.071736240886465630e-01,-1.267647602684484343e-01,-5.314326867621091410e-02,3.946002010199410430e-03,-1.988034305437298144e-01
0.000000000000000000e+00,0.000000000000000000e+00,0.000000000000000000e+00,0.000000000000000000e+00,0.000000000000000000e+00,0.000000000000000000e+00,0.000000000000000000e+00,0.000000000000000000e+00,0.000000000000000000e+00,0.000000000000000000e+00,0.000000000000000000e+00,0.000000000000000000e+00,0.000000000000000000e+00,0.000000000000000000e+00,0.000000000000000000e+00,0.000000000000000000e+00,0.000000000000000000e+00,0.000000000000000000e+00,0.000000000000000000e+00,0.000000000000000000e+00,0.000000000000000000e+00,0.000000000000000000e+00,0.000000000000000000e+00,0.000000000000000000e+00,0.000000000000000000e+00,0.000000000000000000e+00,0.000000000000000000e+00,0.000000000000000000e+00,0.000000000000000000e+00,0.000000000000000000e+00,0.000000000000000000e+00,0.000000000000000000e+00,0.000000000000000000e+00,0.000000000000000000e+00,0.000000000000000000e+00,0.000000000000000000e+00,0.000000000000000000e+00,0.000000000000000000e+00,0.000000000000000000e+00,0.000000000000000000e+00,0.000000000000000000e+00,0.000000000000000000e+00,0.000000000000000000e+00,0.000000000000000000e+00,0.000000000000000000e+00,0.000000000000000000e+00,0.000000000000000000e+00,0.000000000000000000e+00,0.000000000000000000e+00,0.000000000000000000e+00,0.000000000000000000e+00,0.000000000000000000e+00,0.000000000000000000e+00,0.000000000000000000e+00,0.000000000000000000e+00,0.000000000000000000e+00,0.000000000000000000e+00,0.000000000000000000e+00,0.000000000000000000e+00,0.000000000000000000e+00,0.000000000000000000e+00,0.000000000000000000e+00,0.000000000000000000e+00,0.000000000000000000e+00,0.000000000000000000e+00,0.000000000000000000e+00,0.000000000000000000e+00,0.000000000000000000e+00,0.000000000000000000e+00,1.000000000000000000e+00,-7.591363580684543089e-02,4.687574636839279135e-03,-1.246479012617932730e-02,-4.985081918478748153e-02,4.828256372243482780e-02,3.196928686588219187e-02,9.558213707648144375e-02,5.378563929814818984e-02,-8.123630713391466474e-02,-2.008377116101223679e-03,-2.843792229662804594e-02,-4.534993603365902737e-02,-7.468892693371023683e-02,-2.154968911781643057e-02,-5.464079498934474449e-02,1.140760467829766422e-01,-4.786464623764266624e-02,-1.445921089163235418e-01,4.263133595245147817e-02,1.802922170229625046e-02,-1.558943260996489277e-01,-1.018353710173059284e-01,-1.067263160132753998e-03,5.575533259917494350e-03,7.353262815257066709e-02,9.703032612772517079e-03,-3.791849156819897954e-02,-1.372531696518955180e-01,-2.174406934093470189e-02,-6.445070109133017866e-02
0.000000000000000000e+00,0.000000000000000000e+00,0.000000000000000000e+00,0.000000000000000000e+00,0.000000000000000000e+00,0.000000000000000000e+00,0.000000000000000000e+00,0.000000000000000000e+00,0.000000000000000000e+00,0.000000000000000000e+00,0.000000000000000000e+00,0.000000000000000000e+00,0.000000000000000000e+00,0.000000000000000000e+00,0.000000000000000000e+00,0.000000000000000000e+00,0.000000000000000000e+00,0.000000000000000000e+00,0.000000000000000000e+00,0.000000000000000000e+00,0.000000000000000000e+00,0.000000000000000000e+00,0.000000000000000000e+00,0.000000000000000000e+00,0.000000000000000000e+00,0.000000000000000000e+00,0.000000000000000000e+00,0.000000000000000000e+00,0.000000000000000000e+00,0.000000000000000000e+00,0.000000000000000000e+00,0.000000000000000000e+00,0.000000000000000000e+00,0.000000000000000000e+00,0.000000000000000000e+00,0.000000000000000000e+00,0.000000000000000000e+00,0.000000000000000000e+00,0.000000000000000000e+00,0.000000000000000000e+00,0.000000000000000000e+00,0.000000000000000000e+00,0.000000000000000000e+00,0.000000000000000000e+00,0.000000000000000000e+00,0.000000000000000000e+00,0.000000000000000000e+00,0.000000000000000000e+00,0.000000000000000000e+00,0.000000000000000000e+00,0.000000000000000000e+00,0.000000000000000000e+00,0.000000000000000000e+00,0.000000000000000000e+00,0.000000000000000000e+00,0.000000000000000000e+00,0.000000000000000000e+00,0.000000000000000000e+00,0.000000000000000000e+00,0.000000000000000000e+00,0.000000000000000000e+00,0.000000000000000000e+00,0.000000000000000000e+00,0.000000000000000000e+00,0.000000000000000000e+00,0.000000000000000000e+00,0.000000000000000000e+00,0.000000000000000000e+00,0.000000000000000000e+00,0.000000000000000000e+00,1.000000000000000000e+00,2.059473909195421240e-02,-1.124195971296275930e-02,1.453591717860935884e-01,1.045683254752623886e-01,8.537746241486612875e-02,1.115549648781713754e-01,-8.516484220820370182e-03,1.031188341307320011e-01,1.315973519676374159e-01,-1.483657687693428207e-01,-3.595312662641954315e-02,-6.090604889571460401e-02,1.468531473590008463e-01,-1.620373763627473984e-01,9.348779456218760109e-02,-2.650853735578827947e-02,9.225168485111988337e-02,-2.101574000067542858e-01,-2.254680406679580584e-01,8.017047488517763110e-02,2.085490506856924053e-02,-1.671437444964694596e-01,6.065245082954735453e-03,-1.359935958628618879e-01,-2.103501618790322159e-01,5.259551684027320012e-02,1.043596671767813289e-01,-1.802243944574229151e-01,1.221243811106845489e-01
0.000000000000000000e+00,0.000000000000000000e+00,0.000000000000000000e+00,0.000000000000000000e+00,0.000000000000000000e+00,0.000000000000000000e+00,0.000000000000000000e+00,0.000000000000000000e+00,0.000000000000000000e+00,0.000000000000000000e+00,0.000000000000000000e+00,0.000000000000000000e+00,0.000000000000000000e+00,0.000000000000000000e+00,0.000000000000000000e+00,0.000000000000000000e+00,0.000000000000000000e+00,0.000000000000000000e+00,0.000000000000000000e+00,0.000000000000000000e+00,0.000000000000000000e+00,0.000000000000000000e+00,0.000000000000000000e+00,0.000000000000000000e+00,0.000000000000000000e+00,0.000000000000000000e+00,0.000000000000000000e+00,0.000000000000000000e+00,0.000000000000000000e+00,0.000000000000000000e+00,0.000000000000000000e+00,0.000000000000000000e+00,0.000000000000000000e+00,0.000000000000000000e+00,0.000000000000000000e+00,0.000000000000000000e+00,0.000000000000000000e+00,0.000000000000000000e+00,0.000000000000000000e+00,0.000000000000000000e+00,0.000000000000000000e+00,0.000000000000000000e+00,0.000000000000000000e+00,0.000000000000000000e+00,0.000000000000000000e+00,0.000000000000000000e+00,0.000000000000000000e+00,0.000000000000000000e+00,0.000000000000000000e+00,0.000000000000000000e+00,0.000000000000000000e+00,0.000000000000000000e+00,0.000000000000000000e+00,0.000000000000000000e+00,0.000000000000000000e+00,0.000000000000000000e+00,0.000000000000000000e+00,0.000000000000000000e+00,0.000000000000000000e+00,0.000000000000000000e+00,0.000000000000000000e+00,0.000000000000000000e+00,0.000000000000000000e+00,0.000000000000000000e+00,0.000000000000000000e+00,0.000000000000000000e+00,0.000000000000000000e+00,0.000000000000000000e+00,0.000000000000000000e+00,0.000000000000000000e+00,0.000000000000000000e+00,1.000000000000000000e+00,-1.056551414784688836e-01,1.191372529007461989e-01,4.130104867406340641e-01,2.012415921732811641e-01,2.222609030599539265e-02,-8.655469995767106628e-02,1.560831191809346208e-01,2.219324467574503856e-01,-2.430324896294359938e-01,-1.182832456591387804e-01,3.067945491861875928e-01,6.808469960119742370e-02,1.526406716493504054e-02,3.985390134378301030e-01,2.914976177555738679e-01,1.750566589853553845e-01,4.095489117122902978e-01,1.168013858755192064e-01,1.693953785097575965e-02,1.314098632550191048e-01,2.347193572868343583e-02,1.451249934015054754e-01,-2.091326200337289554e-01,-8.552397668415337439e-02,-1.938817125367922056e-01,4.306377244653160630e-01,-1.500531712072950830e-01,9.991182119005043161e-03
0.000000000000000000e+00,0.000000000000000000e+00,0.000000000000000000e+00,0.000000000000000000e+00,0.000000000000000000e+00,0.000000000000000000e+00,0.000000000000000000e+00,0.000000000000000000e+00,0.000000000000000000e+00,0.000000000000000000e+00,0.000000000000000000e+00,0.000000000000000000e+00,0.000000000000000000e+00,0.000000000000000000e+00,0.000000000000000000e+00,0.000000000000000000e+00,0.000000000000000000e+00,0.000000000000000000e+00,0.000000000000000000e+00,0.000000000000000000e+00,0.000000000000000000e+00,0.000000000000000000e+00,0.000000000000000000e+00,0.000000000000000000e+00,0.000000000000000000e+00,0.000000000000000000e+00,0.000000000000000000e+00,0.000000000000000000e+00,0.000000000000000000e+00,0.000000000000000000e+00,0.000000000000000000e+00,0.000000000000000000e+00,0.000000000000000000e+00,0.000000000000000000e+00,0.000000000000000000e+00,0.000000000000000000e+00,0.000000000000000000e+00,0.000000000000000000e+00,0.000000000000000000e+00,0.000000000000000000e+00,0.000000000000000000e+00,0.000000000000000000e+00,0.000000000000000000e+00,0.000000000000000000e+00,0.000000000000000000e+00,0.000000000000000000e+00,0.000000000000000000e+00,0.000000000000000000e+00,0.000000000000000000e+00,0.000000000000000000e+00,0.000000000000000000e+00,0.000000000000000000e+00,0.000000000000000000e+00,0.000000000000000000e+00,0.000000000000000000e+00,0.000000000000000000e+00,0.000000000000000000e+00,0.000000000000000000e+00,0.000000000000000000e+00,0.000000000000000000e+00,0.000000000000000000e+00,0.000000000000000000e+00,0.000000000000000000e+00,0.000000000000000000e+00,0.000000000000000000e+00,0.000000000000000000e+00,0.000000000000000000e+00,0.000000000000000000e+00,0.000000000000000000e+00,0.000000000000000000e+00,0.000000000000000000e+00,0.000000000000000000e+00,1.000000000000000000e+00,-3.541468064723395093e-02,-1.370580319056373744e-02,3.019260171691429129e-02,-1.066886619182141893e-01,-9.540720645063911765e-02,-2.693456127029309477e-01,-1.991690293911430043e-01,4.966447575504910616e-02,1.775543217706249122e-01,1.038999287788078679e-01,1.898917314987546082e-02,2.692359495434118455e-01,-1.199457201473160539e-01,-3.414707188529092496e-02,-1.860881232924555817e-01,2.663594176482592113e-02,2.536026391874559791e-02,2.763050407874434455e-01,-5.675145810014782521e-02,-1.100900841765380805e-01,1.296122941066636669e-01,1.204436311909330704e-01,1.658035557492324175e-01,-1.700827657024926165e-01,-9.806115100272672080e-02,1.387954203435436407e-01,-9.788894905268437363e-02
0.000000000000000000e+00,0.000000000000000000e+00,0.000000000000000000e+00,0.000000000000000000e+00,0.000000000000000000e+00,0.000000000000000000e+00,0.000000000000000000e+00,0.000000000000000000e+00,0.000000000000000000e+00,0.000000000000000000e+00,0.000000000000000000e+00,0.000000000000000000e+00,0.000000000000000000e+00,0.000000000000000000e+00,0.000000000000000000e+00,0.000000000000000000e+00,0.000000000000000000e+00,0.000000000000000000e+00,0.000000000000000000e+00,0.000000000000000000e+00,0.000000000000000000e+00,0.000000000000000000e+00,0.000000000000000000e+00,0.000000000000000000e+00,0.000000000000000000e+00,0.000000000000000000e+00,0.000000000000000000e+00,0.000000000000000000e+00,0.000000000000000000e+00,0.000000000000000000e+00,0.000000000000000000e+00,0.000000000000000000e+00,0.000000000000000000e+00,0.000000000000000000e+00,0.000000000000000000e+00,0.000000000000000000e+00,0.000000000000000000e+00,0.000000000000000000e+00,0.000000000000000000e+00,0.000000000000000000e+00,0.000000000000000000e+00,0.000000000000000000e+00,0.000000000000000000e+00,0.000000000000000000e+00,0.000000000000000000e+00,0.000000000000000000e+00,0.000000000000000000e+00,0.000000000000000000e+00,0.000000000000000000e+00,0.000000000000000000e+00,0.000000000000000000e+00,0.000000000000000000e+00,0.000000000000000000e+00,0.000000000000000000e+00,0.000000000000000000e+00,0.000000000000000000e+00,0.000000000000000000e+00,0.000000000000000000e+00,0.000000000000000000e+00,0.000000000000000000e+00,0.000000000000000000e+00,0.000000000000000000e+00,0.000000000000000000e+00,0.000000000000000000e+00,0.000000000000000000e+00,0.000000000000000000e+00,0.000000000000000000e+00,0.000000000000000000e+00,0.000000000000000000e+00,0.000000000000000000e+00,0.000000000000000000e+00,0.000000000000000000e+00,0.000000000000000000e+00,1.000000000000000000e+00,2.581363683791626507e-01,1.984845872701991865e-01,2.688742151272283110e-01,-1.187844403424694190e-01,9.237258990681361526e-02,2.986507966294053018e-01,1.911295310970841932e-01,-1.728058805845439361e-01,-1.059992601378131755e-01,3.062312097963081417e-02,4.869923133747362798e-02,1.698258383694783297e-02,-2.343490205402776472e-01,-3.837652410334158742e-02,2.144625586142779317e-01,2.225712205576332176e-02,-1.028127399166326415e-02,2.772010602419446856e-01,3.018259038679566575e-01,7.642822843033815483e-02,1.164609226578006002e-01,-1.923375951322685018e-01,1.337344987179498179e-01,2.324589763876195314e-01,1.789149149137649886e-01,8.111810910728176061e-02
0.000000000000000000e+00,0.000000000000000000e+00,0.000000000000000000e+00,0.000000000000000000e+00,0.000000000000000000e+00,0.000000000000000000e+00,0.000000000000000000e+00,0.000000000000000000e+00,0.000000000000000000e+00,0.000000000000000000e+00,0.000000000000000000e+00,0.000000000000000000e+00,0.000000000000000000e+00,0.000000000000000000e+00,0.000000000000000000e+00,0.000000000000000000e+00,0.000000000000000000e+00,0.000000000000000000e+00,0.000000000000000000e+00,0.000000000000000000e+00,0.000000000000000000e+00,0.000000000000000000e+00,0.000000000000000000e+00,0.000000000000000000e+00,0.000000000000000000e+00,0.000000000000000000e+00,0.000000000000000000e+00,0.000000000000000000e+00,0.000000000000000000e+00,0.000000000000000000e+00,0.000000000000000000e+00,0.000000000000000000e+00,0.000000000000000000e+00,0.000000000000000000e+00,0.000000000000000000e+00,0.000000000000000000e+00,0.000000000000000000e+00,0.000000000000000000e+00,0.000000000000000000e+00,0.000000000000000000e+00,0.000000000000000000e+00,0.000000000000000000e+00,0.000000000000000000e+00,0.000000000000000000e+00,0.000000000000000000e+00,0.000000000000000000e+00,0.000000000000000000e+00,0.000000000000000000e+00,0.000000000000000000e+00,0.000000000000000000e+00,0.000000000000000000e+00,0.000000000000000000e+00,0.000000000000000000e+00,0.000000000000000000e+00,0.000000000000000000e+00,0.000000000000000000e+00,0.000000000000000000e+00,0.000000000000000000e+00,0.000000000000000000e+00,0.000000000000000000e+00,0.000000000000000000e+00,0.000000000000000000e+00,0.000000000000000000e+00,0.000000000000000000e+00,0.000000000000000000e+00,0.000000000000000000e+00,0.000000000000000000e+00,0.000000000000000000e+00,0.000000000000000000e+00,0.000000000000000000e+00,0.000000000000000000e+00,0.000000000000000000e+00,0.000000000000000000e+00,0.000000000000000000e+00,1.000000000000000000e+00,3.783359513291674747e-01,1.605772226215209375e-01,-2.523293115947222720e-01,3.091976968122422953e-01,2.940884776313671400e-01,5.409750379461114068e-03,-1.106052673481194432e-01,1.661612467396381687e-01,6.408086307772761780e-02,1.033472732775766734e-01,1.381099074233810287e-01,-2.796766446779101051e-02,-2.404339482728118649e-01,2.510695400844260017e-01,1.459409980617947800e-01,8.817471053732683570e-03,1.685709220608298253e-01,2.666114712482739457e-01,-1.446441460795387379e-01,-6.233032543346449933e-02,-8.767803417362630969e-02,7.199526711938893098e-02,3.225143749620084654e-01,-6.471904463518254880e-02,-8.540009281260529939e-02
0.000000000000000000e+00,0.000000000000000000e+00,0.000000000000000000e+00,0.000000000000000000e+00,0.000000000000000000e+00,0.000000000000000000e+00,0.000000000000000000e+00,0.000000000000000000e+00,0.000000000000000000e+00,0.000000000000000000e+00,0.000000000000000000e+00,0.000000000000000000e+00,0.000000000000000000e+00,0.000000000000000000e+00,0.000000000000000000e+00,0.000000000000000000e+00,0.000000000000000000e+00,0.000000000000000000e+00,0.000000000000000000e+00,0.000000000000000000e+00,0.000000000000000000e+00,0.000000000000000000e+00,0.000000000000000000e+00,0.000000000000000000e+00,0.000000000000000000e+00,0.000000000000000000e+00,0.000000000000000000e+00,0.000000000000000000e+00,0.000000000000000000e+00,0.000000000000000000e+00,0.000000000000000000e+00,0.000000000000000000e+00,0.000000000000000000e+00,0.000000000000000000e+00,0.000000000000000000e+00,0.000000000000000000e+00,0.000000000000000000e+00,0.000000000000000000e+00,0.000000000000000000e+00,0.000000000000000000e+00,0.000000000000000000e+00,0.000000000000000000e+00,0.000000000000000000e+00,0.000000000000000000e+00,0.000000000000000000e+00,0.000000000000000000e+00,0.000000000000000000e+00,0.000000000000000000e+00,0.000000000000000000e+00,0.000000000000000000e+00,0.000000000000000000e+00,0.000000000000000000e+00,0.000000000000000000e+00,0.000000000000000000e+00,0.000000000000000000e+00,0.000000000000000000e+00,0.000000000000000000e+00,0.000000000000000000e+00,0.000000000000000000e+00,0.000000000000000000e+00,0.000000000000000000e+00,0.000000000000000000e+00,0.000000000000000000e+00,0.000000000000000000e+00,0.000000000000000000e+00,0.000000000000000000e+00,0.000000000000000000e+00,0.000000000000000000e+00,0.000000000000000000e+00,0.000000000000000000e+00,0.000000000000000000e+00,0.000000000000000000e+00,0.000000000000000000e+00,0.000000000000000000e+00,0.000000000000000000e+00,1.000000000000000000e+00,1.088172615360954304e-01,-3.126895833572898575e-01,3.028257450635107872e-01,1.435190664314021647e-01,-9.033264139794575098e-02,6.784353902834427789e-03,1.311115172196288536e-01,4.574995905150221198e-02,-2.422566766985247144e-02,1.758765753078859739e-01,8.495303861831739189e-02,-2.568500589945552776e-02,1.609359711877286214e-01,-5.602330076247249296e-02,-3.074597724211627220e-02,-8.763628952127863747e-02,1.332361187266019598e-01,-1.375911706809001545e-01,1.108298403778206903e-01,-2.478375093094295142e-02,5.518654669484495540e-02,2.531768638916260250e-01,-4.125176638436768572e-02,4.452521259038138418e-02
0.000000000000000000e+00,0.000000000000000000e+00,0.000000000000000000e+00,0.000000000000000000e+00,0.000000000000000000e+00,0.000000000000000000e+00,0.000000000000000000e+00,0.000000000000000000e+00,0.000000000000000000e+00,0.000000000000000000e+00,0.000000000000000000e+00,0.000000000000000000e+00,0.000000000000000000e+00,0.000000000000000000e+00,0.000000000000000000e+00,0.000000000000000000e+00,0.000000000000000000e+00,0.000000000000000000e+00,0.000000000000000000e+00,0.000000000000000000e+00,0.000000000000000000e+00,0.000000000000000000e+00,0.000000000000000000e+00,0.000000000000000000e+00,0.000000000000000000e+00,0.000000000000000000e+00,0.000000000000000000e+00,0.000000000000000000e+00,0.000000000000000000e+00,0.000000000000000000e+00,0.000000000000000000e+00,0.000000000000000000e+00,0.000000000000000000e+00,0.000000000000000000e+00,0.000000000000000000e+00,0.000000000000000000e+00,0.000000000000000000e+00,0.000000000000000000e+00,0.000000000000000000e+00,0.000000000000000000e+00,0.000000000000000000e+00,0.000000000000000000e+00,0.000000000000000000e+00,0.000000000000000000e+00,0.000000000000000000e+00,0.000000000000000000e+00,0.000000000000000000e+00,0.000000000000000000e+00,0.000000000000000000e+00,0.000000000000000000e+00,0.000000000000000000e+00,0.000000000000000000e+00,0.000000000000000000e+00,0.000000000000000000e+00,0.000000000000000000e+00,0.000000000000000000e+00,0.000000000000000000e+00,0.000000000000000000e+00,0.000000000000000000e+00,0.000000000000000000e+00,0.000000000000000000e+00,0.000000000000000000e+00,0.000000000000000000e+00,0.000000000000000000e+00,0.000000000000000000e+00,0.000000000000000000e+00,0.000000000000000000e+00,0.000000000000000000e+00,0.000000000000000000e+00,0.000000000000000000e+00,0.000000000000000000e+00,0.000000000000000000e+00,0.000000000000000000e+00,0.000000000000000000e+00,0.000000000000000000e+00,0.000000000000000000e+00,1.000000000000000000e+00,-1.360975528684977565e-01,1.448143779242926088e-01,2.356809443415628924e-01,1.922671588775371476e-01,-1.560345571633169615e-01,-1.636389160530446196e-01,-2.022932797387939075e-01,-1.694797266525316093e-01,1.417538534966421848e-01,-2.341081952782945730e-01,5.958089175404102447e-03,7.790330411401526385e-03,1.921874308432889034e-01,-7.646685909091470446e-02,2.124091733752286049e-01,1.613946704127456888e-01,-1.761850558072213316e-02,3.181804778365409769e-03,-2.384047250450465893e-01,8.308361154670691751e-02,-9.823988105849590022e-03,-1.397204333617982075e-01,5.557023225122675186e-02
0.000000000000000000e+00,0.000000000000000000e+00,0.000000000000000000e+00,0.000000000000000000e+00,0.000000000000000000e+00,0.000000000000000000e+00,0.000000000000000000e+00,0.000000000000000000e+00,0.000000000000000000e+00,0.000000000000000000e+00,0.000000000000000000e+00,0.000000000000000000e+00,0.000000000000000000e+00,0.000000000000000000e+00,0.000000000000000000e+00,0.000000000000000000e+00,0.000000000000000000e+00,0.000000000000000000e+00,0.000000000000000000e+00,0.000000000000000000e+00,0.000000000000000000e+00,0.000000000000000000e+00,0.000000000000000000e+00,0.000000000000000000e+00,0.000000000000000000e+00,0.000000000000000000e+00,0.000000000000000000e+00,0.000000000000000000e+00,0.000000000000000000e+00,0.000000000000000000e+00,0.000000000000000000e+00,0.000000000000000000e+00,0.000000000000000000e+00,0.000000000000000000e+00,0.000000000000000000e+00,0.000000000000000000e+00,0.000000000000000000e+00,0.000000000000000000e+00,0.000000000000000000e+00,0.000000000000000000e+00,0.000000000000000000e+00,0.000000000000000000e+00,0.000000000000000000e+00,0.000000000000000000e+00,0.000000000000000000e+00,0.000000000000000000e+00,0.000000000000000000e+00,0.000000000000000000e+00,0.000000000000000000e+00,0.000000000000000000e+00,0.000000000000000000e+00,0.000000000000000000e+00,0.000000000000000000e+00,0.000000000000000000e+00,0.000000000000000000e+00,0.000000000000000000e+00,0.000000000000000000e+00,0.000000000000000000e+00,0.000000000000000000e+00,0.000000000000000000e+00,0.000000000000000000e+00,0.000000000000000000e+00,0.000000000000000000e+00,0.000000000000000000e+00,0.000000000000000000e+00,0.000000000000000000e+00,0.000000000000000000e+00,0.000000000000000000e+00,0.000000000000000000e+00,0.000000000000000000e+00,0.000000000000000000e+00,0.000000000000000000e+00,0.000000000000000000e+00,0.000000000000000000e+00,0.000000000000000000e+00,0.000000000000000000e+00,0.000000000000000000e+00,1.000000000000000000e+00,-5.663218094060774171e-02,-3.903068666371532075e-02,1.213686464671269102e-02,-9.638457780701523148e-02,8.509258062396048844e-03,1.800870576367816778e-01,-1.926068608809411442e-01,-2.796008689717972007e-01,-1.006168089174024199e-01,8.033461770664400425e-02,5.508572865525884071e-02,-7.926697958519936249e-02,4.314299527806347845e-02,-1.014110777522488627e-01,-1.259221908191028028e-01,3.643249461559576741e-01,1.542344301798392603e-01,2.678641784340754159e-02,-2.313209462630983274e-02,-1.152427027795466380e-01,1.008983660718507230e-01,-1.785567277770472305e-02
0.000000000000000000e+00,0.000000000000000000e+00,0.000000000000000000e+00,0.000000000000000000e+00,0.000000000000000000e+00,0.000000000000000000e+00,0.000000000000000000e+00,0.000000000000000000e+00,0.000000000000000000e+00,0.000000000000000000e+00,0.000000000000000000e+00,0.000000000000000000e+00,0.000000000000000000e+00,0.000000000000000000e+00,0.000000000000000000e+00,0.000000000000000000e+00,0.000000000000000000e+00,0.000000000000000000e+00,0.000000000000000000e+00,0.000000000000000000e+00,0.000000000000000000e+00,0.000000000000000000e+00,0.000000000000000000e+00,0.000000000000000000e+00,0.000000000000000000e+00,0.000000000000000000e+00,0.000000000000000000e+00,0.000000000000000000e+00,0.000000000000000000e+00,0.000000000000000000e+00,0.000000000000000000e+00,0.000000000000000000e+00,0.000000000000000000e+00,0.000000000000000000e+00,0.000000000000000000e+00,0.000000000000000000e+00,0.000000000000000000e+00,0.000000000000000000e+00,0.000000000000000000e+00,0.000000000000000000e+00,0.000000000000000000e+00,0.000000000000000000e+00,0.000000000000000000e+00,0.000000000000000000e+00,0.000000000000000000e+00,0.000000000000000000e+00,0.000000000000000000e+00,0.000000000000000000e+00,0.000000000000000000e+00,0.000000000000000000e+00,0.000000000000000000e+00,0.000000000000000000e+00,0.000000000000000000e+00,0.000000000000000000e+00,0.000000000000000000e+00,0.000000000000000000e+00,0.000000000000000000e+00,0.000000000000000000e+00,0.000000000000000000e+00,0.000000000000000000e+00,0.000000000000000000e+00,0.000000000000000000e+00,0.000000000000000000e+00,0.000000000000000000e+00,0.000000000000000000e+00,0.000000000000000000e+00,0.000000000000000000e+00,0.000000000000000000e+00,0.000000000000000000e+00,0.000000000000000000e+00,0.000000000000000000e+00,0.000000000000000000e+00,0.000000000000000000e+00,0.000000000000000000e+00,0.000000000000000000e+00,0.000000000000000000e+00,0.000000000000000000e+00,0.000000000000000000e+00,1.000000000000000000e+00,2.169981334446728360e-01,1.585788755726308397e-01,-5.107658969074349575e-02,6.251614479830741589e-02,-6.543596727375360078e-02,-9.606464586500744474e-02,-4.565941415878864429e-02,2.369880765872199591e-02,3.992757688824104256e-02,1.105199447578894267e-01,3.217340823835184577e-02,-8.154287845777015431e-02,2.080486562735136061e-02,2.261137014374890036e-02,-5.528794189166868350e-02,-3.728184689816555625e-02,-4.790767323777200132e-02,1.196093676464839682e-02,-2.800601701641946065e-02,-7.315252636501040628e-02,6.340683915145726990e-02
0.000000000000000000e+00,0.000000000000000000e+00,0.000000000000000000e+00,0.000000000000000000e+00,0.000000000000000000e+00,0.000000000000000000e+00,0.000000000000000000e+00,0.000000000000000000e+00,0.000000000000000000e+00,0.000000000000000000e+00,0.000000000000000000e+00,0.000000000000000000e+00,0.000000000000000000e+00,0.000000000000000000e+00,0.000000000000000000e+00,0.000000000000000000e+00,0.000000000000000000e+00,0.000000000000000000e+00,0.000000000000000000e+00,0.000000000000000000e+00,0.000000000000000000e+00,0.000000000000000000e+00,0.000000000000000000e+00,0.000000000000000000e+00,0.000000000000000000e+00,0.000000000000000000e+00,0.000000000000000000e+00,0.000000000000000000e+00,0.000000000000000000e+00,0.000000000000000000e+00,0.000000000000000000e+00,0.000000000000000000e+00,0.000000000000000000e+00,0.000000000000000000e+00,0.000000000000000000e+00,0.000000000000000000e+00,0.000000000000000000e+00,0.000000000000000000e+00,0.000000000000000000e+00,0.000000000000000000e+00,0.000000000000000000e+00,0.000000000000000000e+00,0.000000000000000000e+00,0.000000000000000000e+00,0.000000000000000000e+00,0.000000000000000000e+00,0.000000000000000000e+00,0.000000000000000000e+00,0.000000000000000000e+00,0.000000000000000000e+00,0.000000000000000000e+00,0.000000000000000000e+00,0.000000000000000000e+00,0.000000000000000000e+00,0.000000000000000000e+00,0.000000000000000000e+00,0.000000000000000000e+00,0.000000000000000000e+00,0.000000000000000000e+00,0.000000000000000000e+00,0.000000000000000000e+00,0.000000000000000000e+00,0.000000000000000000e+00,0.000000000000000000e+00,0.000000000000000000e+00,0.000000000000000000e+00,0.000000000000000000e+00,0.000000000000000000e+00,0.000000000000000000e+00,0.000000000000000000e+00,0.000000000000000000e+00,0.000000000000000000e+00,0.000000000000000000e+00,0.000000000000000000e+00,0.000000000000000000e+00,0.000000000000000000e+00,0.000000000000000000e+00,0.000000000000000000e+00,0.000000000000000000e+00,1.000000000000000000e+00,1.965781431399810653e-01,-4.081567105057719025e-01,-5.201831750519768371e-02,-6.607222017292631311e-02,-1.105804631547946532e-01,1.539362574783668391e-01,1.006285075485029434e-01,1.809385805041052175e-01,2.754292645548361840e-01,-1.183542736100055837e-01,-4.503798438818923389e-02,2.567161254616940336e-01,2.565319367596956557e-01,-4.914347760553029743e-02,1.603391295960876206e-01,-3.169211533224093880e-01,3.396856394951426605e-02,1.960768122875818087e-01,-1.056908699856263095e-01,9.763373790106565087e-02
0.000000000000000000e+00,0.000000000000000000e+00,0.000000000000000000e+00,0.000000000000000000e+00,0.000000000000000000e+00,0.000000000000000000e+00,0.000000000000000000e+00,0.000000000000000000e+00,0.000000000000000000e+00,0.000000000000000000e+00,0.000000000000000000e+00,0.000000000000000000e+00,0.000000000000000000e+00,0.000000000000000000e+00,0.000000000000000000e+00,0.000000000000000000e+00,0.000000000000000000e+00,0.000000000000000000e+00,0.000000000000000000e+00,0.000000000000000000e+00,0.000000000000000000e+00,0.000000000000000000e+00,0.000000000000000000e+00,0.000000000000000000e+00,0.000000000000000000e+00,0.000000000000000000e+00,0.000000000000000000e+00,0.000000000000000000e+00,0.000000000000000000e+00,0.000000000000000000e+00,0.000000000000000000e+00,0.000000000000000000e+00,0.000000000000000000e+00,0.000000000000000000e+00,0.000000000000000000e+00,0.000000000000000000e+00,0.000000000000000000e+00,0.000000000000000000e+00,0.000000000000000000e+00,0.000000000000000000e+00,0.000000000000000000e+00,0.000000000000000000e+00,0.000000000000000000e+00,0.000000000000000000e+00,0.000000000000000000e+00,0.000000000000000000e+00,0.000000000000000000e+00,0.000000000000000000e+00,0.000000000000000000e+00,0.000000000000000000e+00,0.000000000000000000e+00,0.000000000000000000e+00,0.000000000000000000e+00,0.000000000000000000e+00,0.000000000000000000e+00,0.000000000000000000e+00,0.000000000000000000e+00,0.000000000000000000e+00,0.000000000000000000e+00,0.000000000000000000e+00,0.000000000000000000e+00,0.000000000000000000e+00,0.000000000000000000e+00,0.000000000000000000e+00,0.000000000000000000e+00,0.000000000000000000e+00,0.000000000000000000e+00,0.000000000000000000e+00,0.000000000000000000e+00,0.000000000000000000e+00,0.000000000000000000e+00,0.000000000000000000e+00,0.000000000000000000e+00,0.000000000000000000e+00,0.000000000000000000e+00,0.000000000000000000e+00,0.000000000000000000e+00,0.000000000000000000e+00,0.000000000000000000e+00,0.000000000000000000e+00,1.000000000000000000e+00,-7.105101460594950846e-02,-1.292642467509171333e-01,-1.609164613520039921e-01,9.701089446699447116e-02,-2.483939613377402211e-01,-1.840172437206173683e-01,-4.279341792668583250e-02,-3.764569434834781625e-02,6.531643842991198545e-02,-1.782189214717128795e-02,1.801408695238227164e-01,1.666979903580834144e-01,1.184052931508880885e-01,3.875942912762945780e-01,-1.676325229663107666e-02,7.972552390376105858e-02,-1.831891899044084671e-01,1.874953321838843390e-01,-9.600876737656592608e-02
0.000000000000000000e+00,0.000000000000000000e+00,0.000000000000000000e+00,0.000000000000000000e+00,0.000000000000000000e+00,0.000000000000000000e+00,0.000000000000000000e+00,0.000000000000000000e+00,0.000000000000000000e+00,0.000000000000000000e+00,0.000000000000000000e+00,0.000000000000000000e+00,0.000000000000000000e+00,0.000000000000000000e+00,0.000000000000000000e+00,0.000000000000000000e+00,0.000000000000000000e+00,0.000000000000000000e+00,0.000000000000000000e+00,0.000000000000000000e+00,0.000000000000000000e+00,0.000000000000000000e+00,0.000000000000000000e+00,0.000000000000000000e+00,0.000000000000000000e+00,0.000000000000000000e+00,0.000000000000000000e+00,0.000000000000000000e+00,0.000000000000000000e+00,0.000000000000000000e+00,0.000000000000000000e+00,0.000000000000000000e+00,0.000000000000000000e+00,0.000000000000000000e+00,0.000000000000000000e+00,0.000000000000000000e+00,0.000000000000000000e+00,0.000000000000000000e+00,0.000000000000000000e+00,0.000000000000000000e+00,0.000000000000000000e+00,0.000000000000000000e+00,0.000000000000000000e+00,0.000000000000000000e+00,0.000000000000000000e+00,0.000000000000000000e+00,0.000000000000000000e+00,0.000000000000000000e+00,0.000000000000000000e+00,0.000000000000000000e+00,0.000000000000000000e+00,0.000000000000000000e+00,0.000000000000000000e+00,0.000000000000000000e+00,0.000000000000000000e+00,0.000000000000000000e+00,0.000000000000000000e+00,0.000000000000000000e+00,0.000000000000000000e+00,0.000000000000000000e+00,0.000000000000000000e+00,0.000000000000000000e+00,0.000000000000000000e+00,0.000000000000000000e+00,0.000000000000000000e+00,0.000000000000000000e+00,0.000000000000000000e+00,0.000000000000000000e+00,0.000000000000000000e+00,0.000000000000000000e+00,0.000000000000000000e+00,0.000000000000000000e+00,0.000000000000000000e+00,0.000000000000000000e+00,0.000000000000000000e+00,0.000000000000000000e+00,0.000000000000000000e+00,0.000000000000000000e+00,0.000000000000000000e+00,0.000000000000000000e+00,0.000000000000000000e+00,1.000000000000000000e+00,1.209400789930280273e-01,5.550823078465131483e-02,2.267673442330203903e-01,-1.764952429002396850e-01,-9.477452965060487178e-02,-3.151287928144841932e-01,-1.533647233736222804e-01,4.031155652573732706e-03,-1.006113071269111314e-01,-1.951696328850417994e-01,-1.638947826588393053e-01,-6.888515471905710952e-02,-7.049370259738868549e-02,1.393923352847361574e-01,5.008859552089749145e-02,-1.534870506319385430e-01,-4.618390695730579393e-02,-6.633694695250255680e-02
0.000000000000000000e+00,0.000000000000000000e+00,0.000000000000000000e+00,0.000000000000000000e+00,0.000000000000000000e+00,0.000000000000000000e+00,0.000000000000000000e+00,0.000000000000000000e+00,0.000000000000000000e+00,0.000000000000000000e+00,0.000000000000000000e+00,0.000000000000000000e+00,0.000000000000000000e+00,0.000000000000000000e+00,0.000000000000000000e+00,0.000000000000000000e+00,0.000000000000000000e+00,0.000000000000000000e+00,0.000000000000000000e+00,0.000000000000000000e+00,0.000000000000000000e+00,0.000000000000000000e+00,0.000000000000000000e+00,0.000000000000000000e+00,0.000000000000000000e+00,0.000000000000000000e+00,0.000000000000000000e+00,0.000000000000000000e+00,0.000000000000000000e+00,0.000000000000000000e+00,0.000000000000000000e+00,0.000000000000000000e+00,0.000000000000000000e+00,0.000000000000000000e+00,0.000000000000000000e+00,0.000000000000000000e+00,0.000000000000000000e+00,0.000000000000000000e+00,0.000000000000000000e+00,0.000000000000000000e+00,0.000000000000000000e+00,0.000000000000000000e+00,0.000000000000000000e+00,0.000000000000000000e+00,0.000000000000000000e+00,0.000000000000000000e+00,0.000000000000000000e+00,0.000000000000000000e+00,0.000000000000000000e+00,0.000000000000000000e+00,0.000000000000000000e+00,0.000000000000000000e+00,0.000000000000000000e+00,0.000000000000000000e+00,0.000000000000000000e+00,0.000000000000000000e+00,0.000000000000000000e+00,0.000000000000000000e+00,0.000000000000000000e+00,0.000000000000000000e+00,0.000000000000000000e+00,0.000000000000000000e+00,0.000000000000000000e+00,0.000000000000000000e+00,0.000000000000000000e+00,0.000000000000000000e+00,0.000000000000000000e+00,0.000000000000000000e+00,0.000000000000000000e+00,0.000000000000000000e+00,0.000000000000000000e+00,0.000000000000000000e+00,0.000000000000000000e+00,0.000000000000000000e+00,0.000000000000000000e+00,0.000000000000000000e+00,0.000000000000000000e+00,0.000000000000000000e+00,0.000000000000000000e+00,0.000000000000000000e+00,0.000000000000000000e+00,0.000000000000000000e+00,1.000000000000000000e+00,2.367028486424290756e-01,-3.038827630318304690e-02,-6.996106682129493715e-03,1.771026154417338350e-01,8.014719053144540861e-02,2.486498295614522347e-01,3.321597674192961619e-02,-7.386275347285146953e-02,-2.200245178710326099e-01,-6.500481898899658061e-04,1.715624335114106225e-01,-6.843437696899301592e-02,1.660458297309674591e-01,-7.665498770428040565e-02,1.894389868711904845e-01,2.746295388227215292e-02,6.447175500073167032e-02
0.000000000000000000e+00,0.000000000000000000e+00,0.000000000000000000e+00,0.000000000000000000e+00,0.000000000000000000e+00,0.000000000000000000e+00,0.000000000000000000e+00,0.000000000000000000e+00,0.000000000000000000e+00,0.000000000000000000e+00,0.000000000000000000e+00,0.000000000000000000e+00,0.000000000000000000e+00,0.000000000000000000e+00,0.000000000000000000e+00,0.000000000000000000e+00,0.000000000000000000e+00,0.000000000000000000e+00,0.000000000000000000e+00,0.000000000000000000e+00,0.000000000000000000e+00,0.000000000000000000e+00,0.000000000000000000e+00,0.000000000000000000e+00,0.000000000000000000e+00,0.000000000000000000e+00,0.000000000000000000e+00,0.000000000000000000e+00,0.000000000000000000e+00,0.000000000000000000e+00,0.000000000000000000e+00,0.000000000000000000e+00,0.000000000000000000e+00,0.000000000000000000e+00,0.000000000000000000e+00,0.000000000000000000e+00,0.000000000000000000e+00,0.000000000000000000e+00,0.000000000000000000e+00,0.000000000000000000e+00,0.000000000000000000e+00,0.000000000000000000e+00,0.000000000000000000e+00,0.000000000000000000e+00,0.000000000000000000e+00,0.000000000000000000e+00,0.000000000000000000e+00,0.000000000000000000e+00,0.000000000000000000e+00,0.000000000000000000e+00,0.000000000000000000e+00,0.000000000000000000e+00,0.000000000000000000e+00,0.000000000000000000e+00,0.000000000000000000e+00,0.000000000000000000e+00,0.000000000000000000e+00,0.000000000000000000e+00,0.000000000000000000e+00,0.000000000000000000e+00,0.000000000000000000e+00,0.000000000000000000e+00,0.000000000000000000e+00,0.000000000000000000e+00,0.000000000000000000e+00,0.000000000000000000e+00,0.000000000000000000e+00,0.000000000000000000e+00,0.000000000000000000e+00,0.000000000000000000e+00,0.000000000000000000e+00,0.000000000000000000e+00,0.000000000000000000e+00,0.000000000000000000e+00,0.000000000000000000e+00,0.000000000000000000e+00,0.000000000000000000e+00,0.000000000000000000e+00,0.000000000000000000e+00,0.000000000000000000e+00,0.000000000000000000e+00,0.000000000000000000e+00,0.000000000000000000e+00,1.000000000000000000e+00,2.097433262960503031e-01,-5.183692217603026037e-02,8.851457487379274514e-02,-1.255916699320452357e-01,-7.084137650389209229e-02,-3.862173324633509930e-01,2.539777499967922972e-02,-1.685101840513483495e-01,-6.933512771626859639e-02,2.211234402090338502e-01,-1.219553693475051021e-01,1.844930771468733244e-01,1.375304120424462595e-01,1.154062475609078792e-01,3.915089546651276953e-01,9.455635919044966253e-02
0.000000000000000000e+00,0.000000000000000000e+00,0.000000000000000000e+00,0.000000000000000000e+00,0.000000000000000000e+00,0.000000000000000000e+00,0.000000000000000000e+00,0.000000000000000000e+00,0.000000000000000000e+00,0.000000000000000000e+00,0.000000000000000000e+00,0.000000000000000000e+00,0.000000000000000000e+00,0.000000000000000000e+00,0.000000000000000000e+00,0.000000000000000000e+00,0.000000000000000000e+00,0.000000000000000000e+00,0.000000000000000000e+00,0.000000000000000000e+00,0.000000000000000000e+00,0.000000000000000000e+00,0.000000000000000000e+00,0.000000000000000000e+00,0.000000000000000000e+00,0.000000000000000000e+00,0.000000000000000000e+00,0.000000000000000000e+00,0.000000000000000000e+00,0.000000000000000000e+00,0.000000000000000000e+00,0.000000000000000000e+00,0.000000000000000000e+00,0.000000000000000000e+00,0.000000000000000000e+00,0.000000000000000000e+00,0.000000000000000000e+00,0.000000000000000000e+00,0.000000000000000000e+00,0.000000000000000000e+00,0.000000000000000000e+00,0.000000000000000000e+00,0.000000000000000000e+00,0.000000000000000000e+00,0.000000000000000000e+00,0.000000000000000000e+00,0.000000000000000000e+00,0.000000000000000000e+00,0.000000000000000000e+00,0.000000000000000000e+00,0.000000000000000000e+00,0.000000000000000000e+00,0.000000000000000000e+00,0.000000000000000000e+00,0.000000000000000000e+00,0.000000000000000000e+00,0.000000000000000000e+00,0.000000000000000000e+00,0.000000000000000000e+00,0.000000000000000000e+00,0.000000000000000000e+00,0.000000000000000000e+00,0.000000000000000000e+00,0.000000000000000000e+00,0.000000000000000000e+00,0.000000000000000000e+00,0.000000000000000000e+00,0.000000000000000000e+00,0.000000000000000000e+00,0.000000000000000000e+00,0.000000000000000000e+00,0.000000000000000000e+00,0.000000000000000000e+00,0.000000000000000000e+00,0.000000000000000000e+00,0.000000000000000000e+00,0.000000000000000000e+00,0.000000000000000000e+00,0.000000000000000000e+00,0.000000000000000000e+00,0.000000000000000000e+00,0.000000000000000000e+00,0.000000000000000000e+00,0.000000000000000000e+00,1.000000000000000000e+00,-1.271679548279057159e-01,-3.013049279463260108e-02,-1.683327353178589725e-01,-1.474818175521931153e-02,9.110845091127733886e-02,-7.441029111920535385e-03,1.016863794442439822e-01,2.608131603297080825e-01,2.308044705826875834e-02,1.953218600376003256e-01,1.600553457606538055e-01,9.741518602244783609e-02,3.043008684041392797e-02,2.171630661790176775e-01,-2.248887630624248346e-01
0.000000000000000000e+00,0.000000000000000000e+00,0.000000000000000000e+00,0.000000000000000000e+00,0.000000000000000000e+00,0.000000000000000000e+00,0.000000000000000000e+00,0.000000000000000000e+00,0.000000000000000000e+00,0.000000000000000000e+00,0.000000000000000000e+00,0.000000000000000000e+00,0.000000000000000000e+00,0.000000000000000000e+00,0.000000000000000000e+00,0.000000000000000000e+00,0.000000000000000000e+00,0.000000000000000000e+00,0.000000000000000000e+00,0.000000000000000000e+00,0.000000000000000000e+00,0.000000000000000000e+00,0.000000000000000000e+00,0.000000000000000000e+00,0.000000000000000000e+00,0.000000000000000000e+00,0.000000000000000000e+00,0.000000000000000000e+00,0.000000000000000000e+00,0.000000000000000000e+00,0.000000000000000000e+00,0.000000000000000000e+00,0.000000000000000000e+00,0.000000000000000000e+00,0.000000000000000000e+00,0.000000000000000000e+00,0.000000000000000000e+00,0.000000000000000000e+00,0.000000000000000000e+00,0.000000000000000000e+00,0.000000000000000000e+00,0.000000000000000000e+00,0.000000000000000000e+00,0.000000000000000000e+00,0.000000000000000000e+00,0.000000000000000000e+00,0.000000000000000000e+00,0.000000000000000000e+00,0.000000000000000000e+00,0.000000000000000000e+00,0.000000000000000000e+00,0.000000000000000000e+00,0.000000000000000000e+00,0.000000000000000000e+00,0.000000000000000000e+00,0.000000000000000000e+00,0.000000000000000000e+00,0.000000000000000000e+00,0.000000000000000000e+00,0.000000000000000000e+00,0.000000000000000000e+00,0.000000000000000000e+00,0.000000000000000000e+00,0.000000000000000000e+00,0.000000000000000000e+00,0.000000000000000000e+00,0.000000000000000000e+00,0.000000000000000000e+00,0.000000000000000000e+00,0.000000000000000000e+00,0.000000000000000000e+00,0.000000000000000000e+00,0.000000000000000000e+00,0.000000000000000000e+00,0.000000000000000000e+00,0.000000000000000000e+00,0.000000000000000000e+00,0.000000000000000000e+00,0.000000000000000000e+00,0.000000000000000000e+00,0.000000000000000000e+00,0.000000000000000000e+00,0.000000000000000000e+00,0.000000000000000000e+00,0.000000000000000000e+00,1.000000000000000000e+00,2.187646722494785700e-01,6.330207053181201304e-02,1.359633809017715966e-01,-1.255579579061034678e-01,4.516678942703233716e-04,-4.889526015339906023e-02,-7.690353411768988297e-03,-6.118137711271387329e-03,-2.108374234030333250e-01,-1.328444191664663876e-01,-3.794471711477014064e-02,1.515206567797781900e-01,-2.653580400216697388e-01,1.693888317663468090e-01
0.000000000000000000e+00,0.000000000000000000e+00,0.000000000000000000e+00,0.000000000000000000e+00,0.000000000000000000e+00,0.000000000000000000e+00,0.000000000000000000e+00,0.000000000000000000e+00,0.000000000000000000e+00,0.000000000000000000e+00,0.000000000000000000e+00,0.000000000000000000e+00,0.000000000000000000e+00,0.000000000000000000e+00,0.000000000000000000e+00,0.000000000000000000e+00,0.000000000000000000e+00,0.000000000000000000e+00,0.000000000000000000e+00,0.000000000000000000e+00,0.000000000000000000e+00,0.000000000000000000e+00,0.000000000000000000e+00,0.000000000000000000e+00,0.000000000000000000e+00,0.000000000000000000e+00,0.000000000000000000e+00,0.000000000000000000e+00,0.000000000000000000e+00,0.000000000000000000e+00,0.000000000000000000e+00,0.000000000000000000e+00,0.000000000000000000e+00,0.000000000000000000e+00,0.000000000000000000e+00,0.000000000000000000e+00,0.000000000000000000e+00,0.000000000000000000e+00,0.000000000000000000e+00,0.000000000000000000e+00,0.000000000000000000e+00,0.000000000000000000e+00,0.000000000000000000e+00,0.000000000000000000e+00,0.000000000000000000e+00,0.000000000000000000e+00,0.000000000000000000e+00,0.000000000000000000e+00,0.000000000000000000e+00,0.000000000000000000e+00,0.000000000000000000e+00,0.000000000000000000e+00,0.000000000000000000e+00,0.000000000000000000e+00,0.000000000000000000e+00,0.000000000000000000e+00,0.000000000000000000e+00,0.000000000000000000e+00,0.000000000000000000e+00,0.000000000000000000e+00,0.000000000000000000e+00,0.000000000000000000e+00,0.000000000000000000e+00,0.000000000000000000e+00,0.000000000000000000e+00,0.000000000000000000e+00,0.000000000000000000e+00,0.000000000000000000e+00,0.000000000000000000e+00,0.000000000000000000e+00,0.000000000000000000e+00,0.000000000000000000e+00,0.000000000000000000e+00,0.000000000000000000e+00,0.000000000000000000e+00,0.000000000000000000e+00,0.000000000000000000e+00,0.000000000000000000e+00,0.000000000000000000e+00,0.000000000000000000e+00,0.000000000000000000e+00,0.000000000000000000e+00,0.000000000000000000e+00,0.000000000000000000e+00,0.000000000000000000e+00,0.000000000000000000e+00,1.000000000000000000e+00,2.319969966443524156e-01,2.294080812321600271e-01,-4.054752194720477598e-02,1.113907094778510409e-01,-6.449902118099012926e-02,4.382775637435832455e-02,1.098298303246841162e-01,-4.549171747471458804e-02,1.531990918396148845e-03,-2.053503635194575128e-01,1.458423141881367013e-01,-6.470455443934386430e-02,1.470363812520488478e-01
0.000000000000000000e+00,0.000000000000000000e+00,0.000000000000000000e+00,0.000000000000000000e+00,0.000000000000000000e+00,0.000000000000000000e+00,0.000000000000000000e+00,0.000000000000000000e+00,0.000000000000000000e+00,0.000000000000000000e+00,0.000000000000000000e+00,0.000000000000000000e+00,0.000000000000000000e+00,0.000000000000000000e+00,0.000000000000000000e+00,0.000000000000000000e+00,0.000000000000000000e+00,0.000000000000000000e+00,0.000000000000000000e+00,0.000000000000000000e+00,0.000000000000000000e+00,0.000000000000000000e+00,0.000000000000000000e+00,0.000000000000000000e+00,0.000000000000000000e+00,0.000000000000000000e+00,0.000000000000000000e+00,0.000000000000000000e+00,0.000000000000000000e+00,0.000000000000000000e+00,0.000000000000000000e+00,0.000000000000000000e+00,0.000000000000000000e+00,0.000000000000000000e+00,0.000000000000000000e+00,0.000000000000000000e+00,0.000000000000000000e+00,0.000000000000000000e+00,0.000000000000000000e+00,0.000000000000000000e+00,0.000000000000000000e+00,0.000000000000000000e+00,0.000000000000000000e+00,0.000000000000000000e+00,0.000000000000000000e+00,0.000000000000000000e+00,0.000000000000000000e+00,0.000000000000000000e+00,0.000000000000000000e+00,0.000000000000000000e+00,0.000000000000000000e+00,0.000000000000000000e+00,0.000000000000000000e+00,0.000000000000000000e+00,0.000000000000000000e+00,0.000000000000000000e+00,0.000000000000000000e+00,0.000000000000000000e+00,0.000000000000000000e+00,0.000000000000000000e+00,0.000000000000000000e+00,0.000000000000000000e+00,0.000000000000000000e+00,0.000000000000000000e+00,0.000000000000000000e+00,0.000000000000000000e+00,0.000000000000000000e+00,0.000000000000000000e+00,0.000000000000000000e+00,0.000000000000000000e+00,0.000000000000000000e+00,0.000000000000000000e+00,0.000000000000000000e+00,0.000000000000000000e+00,0.000000000000000000e+00,0.000000000000000000e+00,0.000000000000000000e+00,0.000000000000000000e+00,0.000000000000000000e+00,0.000000000000000000e+00,0.000000000000000000e+00,0.000000000000000000e+00,0.000000000000000000e+00,0.000000000000000000e+00,0.000000000000000000e+00,0.000000000000000000e+00,0.000000000000000000e+00,1.000000000000000000e+00,-9.263788756816075318e-03,-3.853099528141422977e-03,-1.005394670434670013e-01,2.064268769755689403e-02,-1.783922421295055724e-02,-6.579765672191260906e-02,-1.549457430146071457e-02,-2.996917519666667667e-02,1.557793059705251618e-03,9.774320110544566786e-02,-3.922260328431027843e-02,4.574100684206118539e-02
0.000000000000000000e+00,0.000000000000000000e+00,0.000000000000000000e+00,0.000000000000000000e+00,0.000000000000000000e+00,0.000000000000000000e+00,0.000000000000000000e+00,0.000000000000000000e+00,0.000000000000000000e+00,0.000000000000000000e+00,0.000000000000000000e+00,0.000000000000000000e+00,0.000000000000000000e+00,0.000000000000000000e+00,0.000000000000000000e+00,0.000000000000000000e+00,0.000000000000000000e+00,0.000000000000000000e+00,0.000000000000000000e+00,0.000000000000000000e+00,0.000000000000000000e+00,0.000000000000000000e+00,0.000000000000000000e+00,0.000000000000000000e+00,0.000000000000000000e+00,0.000000000000000000e+00,0.000000000000000000e+00,0.000000000000000000e+00,0.000000000000000000e+00,0.000000000000000000e+00,0.000000000000000000e+00,0.000000000000000000e+00,0.000000000000000000e+00,0.000000000000000000e+00,0.000000000000000000e+00,0.000000000000000000e+00,0.000000000000000000e+00,0.000000000000000000e+00,0.000000000000000000e+00,0.000000000000000000e+00,0.000000000000000000e+00,0.000000000000000000e+00,0.000000000000000000e+00,0.000000000000000000e+00,0.000000000000000000e+00,0.000000000000000000e+00,0.000000000000000000e+00,0.000000000000000000e+00,0.000000000000000000e+00,0.000000000000000000e+00,0.000000000000000000e+00,0.000000000000000000e+00,0.000000000000000000e+00,0.000000000000000000e+00,0.000000000000000000e+00,0.000000000000000000e+00,0.000000000000000000e+00,0.000000000000000000e+00,0.000000000000000000e+00,0.000000000000000000e+00,0.000000000000000000e+00,0.000000000000000000e+00,0.000000000000000000e+00,0.000000000000000000e+00,0.000000000000000000e+00,0.000000000000000000e+00,0.000000000000000000e+00,0.000000000000000000e+00,0.000000000000000000e+00,0.000000000000000000e+00,0.000000000000000000e+00,0.000000000000000000e+00,0.000000000000000000e+00,0.000000000000000000e+00,0.000000000000000000e+00,0.000000000000000000e+00,0.000000000000000000e+00,0.000000000000000000e+00,0.000000000000000000e+00,0.000000000000000000e+00,0.000000000000000000e+00,0.000000000000000000e+00,0.000000000000000000e+00,0.000000000000000000e+00,0.000000000000000000e+00,0.000000000000000000e+00,0.000000000000000000e+00,0.000000000000000000e+00,1.000000000000000000e+00,1.950662798681425392e-01,1.910289468369656962e-01,1.606852961389909906e-01,1.983491489852722556e-01,1.790334527146237031e-01,2.031277133036837323e-01,-2.983401507811147754e-02,-2.262328271392509138e-01,2.878908575096206790e-01,-5.275339779931750850e-02,-1.128246757906610498e-02
0.000000000000000000e+00,0.000000000000000000e+00,0.000000000000000000e+00,0.000000000000000000e+00,0.000000000000000000e+00,0.000000000000000000e+00,0.000000000000000000e+00,0.000000000000000000e+00,0.000000000000000000e+00,0.000000000000000000e+00,0.000000000000000000e+00,0.000000000000000000e+00,0.000000000000000000e+00,0.000000000000000000e+00,0.000000000000000000e+00,0.000000000000000000e+00,0.000000000000000000e+00,0.000000000000000000e+00,0.000000000000000000e+00,0.000000000000000000e+00,0.000000000000000000e+00,0.000000000000000000e+00,0.000000000000000000e+00,0.000000000000000000e+00,0.000000000000000000e+00,0.000000000000000000e+00,0.000000000000000000e+00,0.000000000000000000e+00,0.000000000000000000e+00,0.000000000000000000e+00,0.000000000000000000e+00,0.000000000000000000e+00,0.000000000000000000e+00,0.000000000000000000e+00,0.000000000000000000e+00,0.000000000000000000e+00,0.000000000000000000e+00,0.000000000000000000e+00,0.000000000000000000e+00,0.000000000000000000e+00,0.000000000000000000e+00,0.000000000000000000e+00,0.000000000000000000e+00,0.000000000000000000e+00,0.000000000000000000e+00,0.000000000000000000e+00,0.000000000000000000e+00,0.000000000000000000e+00,0.000000000000000000e+00,0.000000000000000000e+00,0.000000000000000000e+00,0.000000000000000000e+00,0.000000000000000000e+00,0.000000000000000000e+00,0.000000000000000000e+00,0.000000000000000000e+00,0.000000000000000000e+00,0.000000000000000000e+00,0.000000000000000000e+00,0.000000000000000000e+00,0.000000000000000000e+00,0.000000000000000000e+00,0.000000000000000000e+00,0.000000000000000000e+00,0.000000000000000000e+00,0.000000000000000000e+00,0.000000000000000000e+00,0.000000000000000000e+00,0.000000000000000000e+00,0.000000000000000000e+00,0.000000000000000000e+00,0.000000000000000000e+00,0.000000000000000000e+00,0.000000000000000000e+00,0.000000000000000000e+00,0.000000000000000000e+00,0.000000000000000000e+00,0.000000000000000000e+00,0.000000000000000000e+00,0.000000000000000000e+00,0.000000000000000000e+00,0.000000000000000000e+00,0.000000000000000000e+00,0.000000000000000000e+00,0.000000000000000000e+00,0.000000000000000000e+00,0.000000000000000000e+00,0.000000000000000000e+00,0.000000000000000000e+00,1.000000000000000000e+00,-6.348494969225676465e-02,1.292265944050917936e-01,1.956476646903883565e-01,-2.451429013009437732e-02,6.284198259212213367e-02,6.779186349659507491e-03,1.615164778893737607e-01,6.433727284927996670e-02,-1.190336074860520316e-01,-1.508061220067383468e-01
0.000000000000000000e+00,0.000000000000000000e+00,0.000000000000000000e+00,0.000000000000000000e+00,0.000000000000000000e+00,0.000000000000000000e+00,0.000000000000000000e+00,0.000000000000000000e+00,0.000000000000000000e+00,0.000000000000000000e+00,0.000000000000000000e+00,0.000000000000000000e+00,0.000000000000000000e+00,0.000000000000000000e+00,0.000000000000000000e+00,0.000000000000000000e+00,0.000000000000000000e+00,0.000000000000000000e+00,0.000000000000000000e+00,0.000000000000000000e+00,0.000000000000000000e+00,0.000000000000000000e+00,0.000000000000000000e+00,0.000000000000000000e+00,0.000000000000000000e+00,0.000000000000000000e+00,0.000000000000000000e+00,0.000000000000000000e+00,0.000000000000000000e+00,0.000000000000000000e+00,0.000000000000000000e+00,0.000000000000000000e+00,0.000000000000000000e+00,0.000000000000000000e+00,0.000000000000000000e+00,0.000000000000000000e+00,0.000000000000000000e+00,0.000000000000000000e+00,0.000000000000000000e+00,0.000000000000000000e+00,0.000000000000000000e+00,0.000000000000000000e+00,0.000000000000000000e+00,0.000000000000000000e+00,0.000000000000000000e+00,0.000000000000000000e+00,0.000000000000000000e+00,0.000000000000000000e+00,0.000000000000000000e+00,0.000000000000000000e+00,0.000000000000000000e+00,0.000000000000000000e+00,0.000000000000000000e+00,0.000000000000000000e+00,0.000000000000000000e+00,0.000000000000000000e+00,0.000000000000000000e+00,0.000000000000000000e+00,0.000000000000000000e+00,0.000000000000000000e+00,0.000000000000000000e+00,0.000000000000000000e+00,0.000000000000000000e+00,0.000000000000000000e+00,0.000000000000000000e+00,0.000000000000000000e+00,0.000000000000000000e+00,0.000000000000000000e+00,0.000000000000000000e+00,0.000000000000000000e+00,0.000000000000000000e+00,0.000000000000000000e+00,0.000000000000000000e+00,0.000000000000000000e+00,0.000000000000000000e+00,0.000000000000000000e+00,0.000000000000000000e+00,0.000000000000000000e+00,0.000000000000000000e+00,0.000000000000000000e+00,0.000000000000000000e+00,0.000000000000000000e+00,0.000000000000000000e+00,0.000000000000000000e+00,0.000000000000000000e+00,0.000000000000000000e+00,0.000000000000000000e+00,0.000000000000000000e+00,0.000000000000000000e+00,0.000000000000000000e+00,1.000000000000000000e+00,2.364281442774070485e-01,-1.006300868004160187e-01,2.979935871332312081e-01,3.460504942481060220e-02,-1.884363823325296838e-01,-1.273676277504229570e-01,1.125956687007343832e-01,2.736081878241837517e-02,-6.802293261789276943e-03
0.000000000000000000e+00,0.000000000000000000e+00,0.000000000000000000e+00,0.000000000000000000e+00,0.000000000000000000e+00,0.000000000000000000e+00,0.000000000000000000e+00,0.000000000000000000e+00,0.000000000000000000e+00,0.000000000000000000e+00,0.000000000000000000e+00,0.000000000000000000e+00,0.000000000000000000e+00,0.000000000000000000e+00,0.000000000000000000e+00,0.000000000000000000e+00,0.000000000000000000e+00,0.000000000000000000e+00,0.000000000000000000e+00,0.000000000000000000e+00,0.000000000000000000e+00,0.000000000000000000e+00,0.000000000000000000e+00,0.000000000000000000e+00,0.000000000000000000e+00,0.000000000000000000e+00,0.000000000000000000e+00,0.000000000000000000e+00,0.000000000000000000e+00,0.000000000000000000e+00,0.000000000000000000e+00,0.000000000000000000e+00,0.000000000000000000e+00,0.000000000000000000e+00,0.000000000000000000e+00,0.000000000000000000e+00,0.000000000000000000e+00,0.000000000000000000e+00,0.000000000000000000e+00,0.000000000000000000e+00,0.000000000000000000e+00,0.000000000000000000e+00,0.000000000000000000e+00,0.000000000000000000e+00,0.000000000000000000e+00,0.000000000000000000e+00,0.000000000000000000e+00,0.000000000000000000e+00,0.000000000000000000e+00,0.000000000000000000e+00,0.000000000000000000e+00,0.000000000000000000e+00,0.000000000000000000e+00,0.000000000000000000e+00,0.000000000000000000e+00,0.000000000000000000e+00,0.000000000000000000e+00,0.000000000000000000e+00,0.000000000000000000e+00,0.000000000000000000e+00,0.000000000000000000e+00,0.000000000000000000e+00,0.000000000000000000e+00,0.000000000000000000e+00,0.000000000000000000e+00,0.000000000000000000e+00,0.000000000000000000e+00,0.000000000000000000e+00,0.000000000000000000e+00,0.000000000000000000e+00,0.000000000000000000e+00,0.000000000000000000e+00,0.000000000000000000e+00,0.000000000000000000e+00,0.000000000000000000e+00,0.000000000000000000e+00,0.000000000000000000e+00,0.000000000000000000e+00,0.000000000000000000e+00,0.000000000000000000e+00,0.000000000000000000e+00,0.000000000000000000e+00,0.000000000000000000e+00,0.000000000000000000e+00,0.000000000000000000e+00,0.000000000000000000e+00,0.000000000000000000e+00,0.000000000000000000e+00,0.000000000000000000e+00,0.000000000000000000e+00,0.000000000000000000e+00,1.000000000000000000e+00,1.401656103737140557e-01,-1.568360618323441646e-01,2.031533272801668011e-02,-1.304460052318593133e-01,8.008216289854111491e-02,1.471368116407389126e-01,1.192556368030373883e-02,-1.858680707292364176e-01
0.000000000000000000e+00,0.000000000000000000e+00,0.000000000000000000e+00,0.000000000000000000e+00,0.000000000000000000e+00,0.000000000000000000e+00,0.000000000000000000e+00,0.000000000000000000e+00,0.000000000000000000e+00,0.000000000000000000e+00,0.000000000000000000e+00,0.000000000000000000e+00,0.000000000000000000e+00,0.000000000000000000e+00,0.000000000000000000e+00,0.000000000000000000e+00,0.000000000000000000e+00,0.000000000000000000e+00,0.000000000000000000e+00,0.000000000000000000e+00,0.000000000000000000e+00,0.000000000000000000e+00,0.000000000000000000e+00,0.000000000000000000e+00,0.000000000000000000e+00,0.000000000000000000e+00,0.000000000000000000e+00,0.000000000000000000e+00,0.000000000000000000e+00,0.000000000000000000e+00,0.000000000000000000e+00,0.000000000000000000e+00,0.000000000000000000e+00,0.000000000000000000e+00,0.000000000000000000e+00,0.000000000000000000e+00,0.000000000000000000e+00,0.000000000000000000e+00,0.000000000000000000e+00,0.000000000000000000e+00,0.000000000000000000e+00,0.000000000000000000e+00,0.000000000000000000e+00,0.000000000000000000e+00,0.000000000000000000e+00,0.000000000000000000e+00,0.000000000000000000e+00,0.000000000000000000e+00,0.000000000000000000e+00,0.000000000000000000e+00,0.000000000000000000e+00,0.000000000000000000e+00,0.000000000000000000e+00,0.000000000000000000e+00,0.000000000000000000e+00,0.000000000000000000e+00,0.000000000000000000e+00,0.000000000000000000e+00,0.000000000000000000e+00,0.000000000000000000e+00,0.000000000000000000e+00,0.000000000000000000e+00,0.000000000000000000e+00,0.000000000000000000e+00,0.000000000000000000e+00,0.000000000000000000e+00,0.000000000000000000e+00,0.000000000000000000e+00,0.000000000000000000e+00,0.000000000000000000e+00,0.000000000000000000e+00,0.000000000000000000e+00,0.000000000000000000e+00,0.000000000000000000e+00,0.000000000000000000e+00,0.000000000000000000e+00,0.000000000000000000e+00,0.000000000000000000e+00,0.000000000000000000e+00,0.000000000000000000e+00,0.000000000000000000e+00,0.000000000000000000e+00,0.000000000000000000e+00,0.000000000000000000e+00,0.000000000000000000e+00,0.000000000000000000e+00,0.000000000000000000e+00,0.000000000000000000e+00,0.000000000000000000e+00,0.000000000000000000e+00,0.000000000000000000e+00,0.000000000000000000e+00,1.000000000000000000e+00,-8.635030975702898126e-02,2.797342214671409977e-01,-1.059456791723839379e-02,2.489716045721285798e-01,2.801409217069290025e-01,1.083045748081493814e-01,-6.692698128073772124e-02
0.000000000000000000e+00,0.000000000000000000e+00,0.000000000000000000e+00,0.000000000000000000e+00,0.000000000000000000e+00,0.000000000000000000e+00,0.000000000000000000e+00,0.000000000000000000e+00,0.000000000000000000e+00,0.000000000000000000e+00,0.000000000000000000e+00,0.000000000000000000e+00,0.000000000000000000e+00,0.000000000000000000e+00,0.000000000000000000e+00,0.000000000000000000e+00,0.000000000000000000e+00,0.000000000000000000e+00,0.000000000000000000e+00,0.000000000000000000e+00,0.000000000000000000e+00,0.000000000000000000e+00,0.000000000000000000e+00,0.000000000000000000e+00,0.000000000000000000e+00,0.000000000000000000e+00,0.000000000000000000e+00,0.000000000000000000e+00,0.000000000000000000e+00,0.000000000000000000e+00,0.000000000000000000e+00,0.000000000000000000e+00,0.000000000000000000e+00,0.000000000000000000e+00,0.000000000000000000e+00,0.000000000000000000e+00,0.000000000000000000e+00,0.000000000000000000e+00,0.000000000000000000e+00,0.000000000000000000e+00,0.000000000000000000e+00,0.000000000000000000e+00,0.000000000000000000e+00,0.000000000000000000e+00,0.000000000000000000e+00,0.000000000000000000e+00,0.000000000000000000e+00,0.000000000000000000e+00,0.000000000000000000e+00,0.000000000000000000e+00,0.000000000000000000e+00,0.000000000000000000e+00,0.000000000000000000e+00,0.000000000000000000e+00,0.000000000000000000e+00,0.000000000000000000e+00,0.000000000000000000e+00,0.000000000000000000e+00,0.000000000000000000e+00,0.000000000000000000e+00,0.000000000000000000e+00,0.000000000000000000e+00,0.000000000000000000e+00,0.000000000000000000e+00,0.000000000000000000e+00,0.000000000000000000e+00,0.000000000000000000e+00,0.000000000000000000e+00,0.000000000000000000e+00,0.000000000000000000e+00,0.000000000000000000e+00,0.000000000000000000e+00,0.000000000000000000e+00,0.000000000000000000e+00,0.000000000000000000e+00,0.000000000000000000e+00,0.000000000000000000e+00,0.000000000000000000e+00,0.000000000000000000e+00,0.000000000000000000e+00,0.000000000000000000e+00,0.000000000000000000e+00,0.000000000000000000e+00,0.000000000000000000e+00,0.000000000000000000e+00,0.000000000000000000e+00,0.000000000000000000e+00,0.000000000000000000e+00,0.000000000000000000e+00,0.000000000000000000e+00,0.000000000000000000e+00,0.000000000000000000e+00,0.000000000000000000e+00,1.000000000000000000e+00,1.588571220032006584e-02,-5.695947671450914823e-02,-7.272651156737118538e-02,-3.272549086075302038e-02,7.755459270061217103e-02,1.414719288306990064e-01
0.000000000000000000e+00,0.000000000000000000e+00,0.000000000000000000e+00,0.000000000000000000e+00,0.000000000000000000e+00,0.000000000000000000e+00,0.000000000000000000e+00,0.000000000000000000e+00,0.000000000000000000e+00,0.000000000000000000e+00,0.000000000000000000e+00,0.000000000000000000e+00,0.000000000000000000e+00,0.000000000000000000e+00,0.000000000000000000e+00,0.000000000000000000e+00,0.000000000000000000e+00,0.000000000000000000e+00,0.000000000000000000e+00,0.000000000000000000e+00,0.000000000000000000e+00,0.000000000000000000e+00,0.000000000000000000e+00,0.000000000000000000e+00,0.000000000000000000e+00,0.000000000000000000e+00,0.000000000000000000e+00,0.000000000000000000e+00,0.000000000000000000e+00,0.000000000000000000e+00,0.000000000000000000e+00,0.000000000000000000e+00,0.000000000000000000e+00,0.000000000000000000e+00,0.000000000000000000e+00,0.000000000000000000e+00,0.000000000000000000e+00,0.000000000000000000e+00,0.000000000000000000e+00,0.000000000000000000e+00,0.000000000000000000e+00,0.000000000000000000e+00,0.000000000000000000e+00,0.000000000000000000e+00,0.000000000000000000e+00,0.000000000000000000e+00,0.000000000000000000e+00,0.000000000000000000e+00,0.000000000000000000e+00,0.000000000000000000e+00,0.000000000000000000e+00,0.000000000000000000e+00,0.000000000000000000e+00,0.000000000000000000e+00,0.000000000000000000e+00,0.000000000000000000e+00,0.000000000000000000e+00,0.000000000000000000e+00,0.000000000000000000e+00,0.000000000000000000e+00,0.000000000000000000e+00,0.000000000000000000e+00,0.000000000000000000e+00,0.000000000000000000e+00,0.000000000000000000e+00,0.000000000000000000e+00,0.000000000000000000e+00,0.000000000000000000e+00,0.000000000000000000e+00,0.000000000000000000e+00,0.000000000000000000e+00,0.000000000000000000e+00,0.000000000000000000e+00,0.000000000000000000e+00,0.000000000000000000e+00,0.000000000000000000e+00,0.000000000000000000e+00,0.000000000000000000e+00,0.000000000000000000e+00,0.000000000000000000e+00,0.000000000000000000e+00,0.000000000000000000e+00,0.000000000000000000e+00,0.000000000000000000e+00,0.000000000000000000e+00,0.000000000000000000e+00,0.000000000000000000e+00,0.000000000000000000e+00,0.000000000000000000e+00,0.000000000000000000e+00,0.000000000000000000e+00,0.000000000000000000e+00,0.000000000000000000e+00,0.000000000000000000e+00,1.000000000000000000e+00,8.265122952495519704e-02,-2.049621106956195718e-02,-6.380368938065127116e-02,8.603372392860914042e-02,-1.842535413885227069e-01
0.000000000000000000e+00,0.000000000000000000e+00,0.000000000000000000e+00,0.000000000000000000e+00,0.000000000000000000e+00,0.000000000000000000e+00,0.000000000000000000e+00,0.000000000000000000e+00,0.000000000000000000e+00,0.000000000000000000e+00,0.000000000000000000e+00,0.000000000000000000e+00,0.000000000000000000e+00,0.000000000000000000e+00,0.000000000000000000e+00,0.000000000000000000e+00,0.000000000000000000e+00,0.000000000000000000e+00,0.000000000000000000e+00,0.000000000000000000e+00,0.000000000000000000e+00,0.000000000000000000e+00,0.000000000000000000e+00,0.000000000000000000e+00,0.000000000000000000e+00,0.000000000000000000e+00,0.000000000000000000e+00,0.000000000000000000e+00,0.000000000000000000e+00,0.000000000000000000e+00,0.000000000000000000e+00,0.000000000000000000e+00,0.000000000000000000e+00,0.000000000000000000e+00,0.000000000000000000e+00,0.000000000000000000e+00,0.000000000000000000e+00,0.000000000000000000e+00,0.000000000000000000e+00,0.000000000000000000e+00,0.000000000000000000e+00,0.000000000000000000e+00,0.000000000000000000e+00,0.000000000000000000e+00,0.000000000000000000e+00,0.000000000000000000e+00,0.000000000000000000e+00,0.000000000000000000e+00,0.000000000000000000e+00,0.000000000000000000e+00,0.000000000000000000e+00,0.000000000000000000e+00,0.000000000000000000e+00,0.000000000000000000e+00,0.000000000000000000e+00,0.000000000000000000e+00,0.000000000000000000e+00,0.000000000000000000e+00,0.000000000000000000e+00,0.000000000000000000e+00,0.000000000000000000e+00,0.000000000000000000e+00,0.000000000000000000e+00,0.000000000000000000e+00,0.000000000000000000e+00,0.000000000000000000e+00,0.000000000000000000e+00,0.000000000000000000e+00,0.000000000000000000e+00,0.000000000000000000e+00,0.000000000000000000e+00,0.000000000000000000e+00,0.000000000000000000e+00,0.000000000000000000e+00,0.000000000000000000e+00,0.000000000000000000e+00,0.000000000000000000e+00,0.000000000000000000e+00,0.000000000000000000e+00,0.000000000000000000e+00,0.000000000000000000e+00,0.000000000000000000e+00,0.000000000000000000e+00,0.000000000000000000e+00,0.000000000000000000e+00,0.000000000000000000e+00,0.000000000000000000e+00,0.000000000000000000e+00,0.000000000000000000e+00,0.000000000000000000e+00,0.000000000000000000e+00,0.000000000000000000e+00,0.000000000000000000e+00,0.000000000000000000e+00,0.000000000000000000e+00,1.000000000000000000e+00,-2.235152870864379887e-02,-4.427201308883277342e-02,2.295638829935859326e-01,-1.772816021667383557e-01
0.000000000000000000e+00,0.000000000000000000e+00,0.000000000000000000e+00,0.000000000000000000e+00,0.000000000000000000e+00,0.000000000000000000e+00,0.000000000000000000e+00,0.000000000000000000e+00,0.000000000000000000e+00,0.000000000000000000e+00,0.000000000000000000e+00,0.000000000000000000e+00,0.000000000000000000e+00,0.000000000000000000e+00,0.000000000000000000e+00,0.000000000000000000e+00,0.000000000000000000e+00,0.000000000000000000e+00,0.000000000000000000e+00,0.000000000000000000e+00,0.000000000000000000e+00,0.000000000000000000e+00,0.000000000000000000e+00,0.000000000000000000e+00,0.000000000000000000e+00,0.000000000000000000e+00,0.000000000000000000e+00,0.000000000000000000e+00,0.000000000000000000e+00,0.000000000000000000e+00,0.000000000000000000e+00,0.000000000000000000e+00,0.000000000000000000e+00,0.000000000000000000e+00,0.000000000000000000e+00,0.000000000000000000e+00,0.000000000000000000e+00,0.000000000000000000e+00,0.000000000000000000e+00,0.000000000000000000e+00,0.000000000000000000e+00,0.000000000000000000e+00,0.000000000000000000e+00,0.000000000000000000e+00,0.000000000000000000e+00,0.000000000000000000e+00,0.000000000000000000e+00,0.000000000000000000e+00,0.000000000000000000e+00,0.000000000000000000e+00,0.000000000000000000e+00,0.000000000000000000e+00,0.000000000000000000e+00,0.000000000000000000e+00,0.000000000000000000e+00,0.000000000000000000e+00,0.000000000000000000e+00,0.000000000000000000e+00,0.000000000000000000e+00,0.000000000000000000e+00,0.000000000000000000e+00,0.000000000000000000e+00,0.000000000000000000e+00,0.000000000000000000e+00,0.000000000000000000e+00,0.000000000000000000e+00,0.000000000000000000e+00,0.000000000000000000e+00,0.000000000000000000e+00,0.000000000000000000e+00,0.000000000000000000e+00,0.000000000000000000e+00,0.000000000000000000e+00,0.000000000000000000e+00,0.000000000000000000e+00,0.000000000000000000e+00,0.000000000000000000e+00,0.000000000000000000e+00,0.000000000000000000e+00,0.000000000000000000e+00,0.000000000000000000e+00,0.000000000000000000e+00,0.000000000000000000e+00,0.000000000000000000e+00,0.000000000000000000e+00,0.000000000000000000e+00,0.000000000000000000e+00,0.000000000000000000e+00,0.000000000000000000e+00,0.000000000000000000e+00,0.000000000000000000e+00,0.000000000000000000e+00,0.000000000000000000e+00,0.000000000000000000e+00,0.000000000000000000e+00,0.000000000000000000e+00,1.000000000000000000e+00,-9.703550896177569676e-03,1.522063679741935960e-01,1.396992501358593555e-02
0.000000000000000000e+00,0.000000000000000000e+00,0.000000000000000000e+00,0.000000000000000000e+00,0.000000000000000000e+00,0.000000000000000000e+00,0.000000000000000000e+00,0.000000000000000000e+00,0.000000000000000000e+00,0.000000000000000000e+00,0.000000000000000000e+00,0.000000000000000000e+00,0.000000000000000000e+00,0.000000000000000000e+00,0.000000000000000000e+00,0.000000000000000000e+00,0.000000000000000000e+00,0.000000000000000000e+00,0.000000000000000000e+00,0.000000000000000000e+00,0.000000000000000000e+00,0.000000000000000000e+00,0.000000000000000000e+00,0.000000000000000000e+00,0.000000000000000000e+00,0.000000000000000000e+00,0.000000000000000000e+00,0.000000000000000000e+00,0.000000000000000000e+00,0.000000000000000000e+00,0.000000000000000000e+00,0.000000000000000000e+00,0.000000000000000000e+00,0.000000000000000000e+00,0.000000000000000000e+00,0.000000000000000000e+00,0.000000000000000000e+00,0.000000000000000000e+00,0.000000000000000000e+00,0.000000000000000000e+00,0.000000000000000000e+00,0.000000000000000000e+00,0.000000000000000000e+00,0.000000000000000000e+00,0.000000000000000000e+00,0.000000000000000000e+00,0.000000000000000000e+00,0.000000000000000000e+00,0.000000000000000000e+00,0.000000000000000000e+00,0.000000000000000000e+00,0.000000000000000000e+00,0.000000000000000000e+00,0.000000000000000000e+00,0.000000000000000000e+00,0.000000000000000000e+00,0.000000000000000000e+00,0.000000000000000000e+00,0.000000000000000000e+00,0.000000000000000000e+00,0.000000000000000000e+00,0.000000000000000000e+00,0.000000000000000000e+00,0.000000000000000000e+00,0.000000000000000000e+00,0.000000000000000000e+00,0.000000000000000000e+00,0.000000000000000000e+00,0.000000000000000000e+00,0.000000000000000000e+00,0.000000000000000000e+00,0.000000000000000000e+00,0.000000000000000000e+00,0.000000000000000000e+00,0.000000000000000000e+00,0.000000000000000000e+00,0.000000000000000000e+00,0.000000000000000000e+00,0.000000000000000000e+00,0.000000000000000000e+00,0.000000000000000000e+00,0.000000000000000000e+00,0.000000000000000000e+00,0.000000000000000000e+00,0.000000000000000000e+00,0.000000000000000000e+00,0.000000000000000000e+00,0.000000000000000000e+00,0.000000000000000000e+00,0.000000000000000000e+00,0.000000000000000000e+00,0.000000000000000000e+00,0.000000000000000000e+00,0.000000000000000000e+00,0.000000000000000000e+00,0.000000000000000000e+00,0.000000000000000000e+00,1.000000000000000000e+00,7.954313225265763343e-02,2.074026679058305414e-02
0.000000000000000000e+00,0.000000000000000000e+00,0.000000000000000000e+00,0.000000000000000000e+00,0.000000000000000000e+00,0.000000000000000000e+00,0.000000000000000000e+00,0.000000000000000000e+00,0.000000000000000000e+00,0.000000000000000000e+00,0.000000000000000000e+00,0.000000000000000000e+00,0.000000000000000000e+00,0.000000000000000000e+00,0.000000000000000000e+00,0.000000000000000000e+00,0.000000000000000000e+00,0.000000000000000000e+00,0.000000000000000000e+00,0.000000000000000000e+00,0.000000000000000000e+00,0.000000000000000000e+00,0.000000000000000000e+00,0.000000000000000000e+00,0.000000000000000000e+00,0.000000000000000000e+00,0.000000000000000000e+00,0.000000000000000000e+00,0.000000000000000000e+00,0.000000000000000000e+00,0.000000000000000000e+00,0.000000000000000000e+00,0.000000000000000000e+00,0.000000000000000000e+00,0.000000000000000000e+00,0.000000000000000000e+00,0.000000000000000000e+00,0.000000000000000000e+00,0.000000000000000000e+00,0.000000000000000000e+00,0.000000000000000000e+00,0.000000000000000000e+00,0.000000000000000000e+00,0.000000000000000000e+00,0.000000000000000000e+00,0.000000000000000000e+00,0.000000000000000000e+00,0.000000000000000000e+00,0.000000000000000000e+00,0.000000000000000000e+00,0.000000000000000000e+00,0.000000000000000000e+00,0.000000000000000000e+00,0.000000000000000000e+00,0.000000000000000000e+00,0.000000000000000000e+00,0.000000000000000000e+00,0.000000000000000000e+00,0.000000000000000000e+00,0.000000000000000000e+00,0.000000000000000000e+00,0.000000000000000000e+00,0.000000000000000000e+00,0.000000000000000000e+00,0.000000000000000000e+00,0.000000000000000000e+00,0.000000000000000000e+00,0.000000000000000000e+00,0.000000000000000000e+00,0.000000000000000000e+00,0.000000000000000000e+00,0.000000000000000000e+00,0.000000000000000000e+00,0.000000000000000000e+00,0.000000000000000000e+00,0.000000000000000000e+00,0.000000000000000000e+00,0.000000000000000000e+00,0.000000000000000000e+00,0.000000000000000000e+00,0.000000000000000000e+00,0.000000000000000000e+00,0.000000000000000000e+00,0.000000000000000000e+00,0.000000000000000000e+00,0.000000000000000000e+00,0.000000000000000000e+00,0.000000000000000000e+00,0.000000000000000000e+00,0.000000000000000000e+00,0.000000000000000000e+00,0.000000000000000000e+00,0.000000000000000000e+00,0.000000000000000000e+00,0.000000000000000000e+00,0.000000000000000000e+00,0.000000000000000000e+00,0.000000000000000000e+00,1.000000000000000000e+00,-3.317071183677319877e-03
0.000000000000000000e+00,0.000000000000000000e+00,0.000000000000000000e+00,0.000000000000000000e+00,0.000000000000000000e+00,0.000000000000000000e+00,0.000000000000000000e+00,0.000000000000000000e+00,0.000000000000000000e+00,0.000000000000000000e+00,0.000000000000000000e+00,0.000000000000000000e+00,0.000000000000000000e+00,0.000000000000000000e+00,0.000000000000000000e+00,0.000000000000000000e+00,0.000000000000000000e+00,0.000000000000000000e+00,0.000000000000000000e+00,0.000000000000000000e+00,0.000000000000000000e+00,0.000000000000000000e+00,0.000000000000000000e+00,0.000000000000000000e+00,0.000000000000000000e+00,0.000000000000000000e+00,0.000000000000000000e+00,0.000000000000000000e+00,0.000000000000000000e+00,0.000000000000000000e+00,0.000000000000000000e+00,0.000000000000000000e+00,0.000000000000000000e+00,0.000000000000000000e+00,0.000000000000000000e+00,0.000000000000000000e+00,0.000000000000000000e+00,0.000000000000000000e+00,0.000000000000000000e+00,0.000000000000000000e+00,0.000000000000000000e+00,0.000000000000000000e+00,0.000000000000000000e+00,0.000000000000000000e+00,0.000000000000000000e+00,0.000000000000000000e+00,0.000000000000000000e+00,0.000000000000000000e+00,0.000000000000000000e+00,0.000000000000000000e+00,0.000000000000000000e+00,0.000000000000000000e+00,0.000000000000000000e+00,0.000000000000000000e+00,0.000000000000000000e+00,0.000000000000000000e+00,0.000000000000000000e+00,0.000000000000000000e+00,0.000000000000000000e+00,0.000000000000000000e+00,0.000000000000000000e+00,0.000000000000000000e+00,0.000000000000000000e+00,0.000000000000000000e+00,0.000000000000000000e+00,0.000000000000000000e+00,0.000000000000000000e+00,0.000000000000000000e+00,0.000000000000000000e+00,0.000000000000000000e+00,0.000000000000000000e+00,0.000000000000000000e+00,0.000000000000000000e+00,0.000000000000000000e+00,0.000000000000000000e+00,0.000000000000000000e+00,0.000000000000000000e+00,0.000000000000000000e+00,0.000000000000000000e+00,0.000000000000000000e+00,0.000000000000000000e+00,0.000000000000000000e+00,0.000000000000000000e+00,0.000000000000000000e+00,0.000000000000000000e+00,0.000000000000000000e+00,0.000000000000000000e+00,0.000000000000000000e+00,0.000000000000000000e+00,0.000000000000000000e+00,0.000000000000000000e+00,0.000000000000000000e+00,0.000000000000000000e+00,0.000000000000000000e+00,0.000000000000000000e+00,0.000000000000000000e+00,0.000000000000000000e+00,0.000000000000000000e+00,0.000000000000000000e+00,1.000000000000000000e+00
