1.000000000000000000e+00,-7.304087842008301079e-01,-3.310536444218161595e-02,-7.292146769609398893e-01,4.346829708731801689e-02,1.145952596705958754e-01,2.648812009102003429e-01,-5.327757390440983620e-01,-1.000000000000000000e+00,2.820808724175680529e-02,-1.000000000000000000e+00,-9.556574858021679164e-01,1.000000000000000000e+00,3.532208209001903576e-01,-1.000000000000000000e+00,-1.000000000000000000e+00,-1.000000000000000000e+00,-1.000000000000000000e+00,1.000000000000000000e+00,1.000000000000000000e+00,1.000000000000000000e+00,1.000000000000000000e+00,-1.000000000000000000e+00,1.000000000000000000e+00,8.534879838815556674e-01,-1.000000000000000000e+00,1.000000000000000000e+00,1.000000000000000000e+00,-1.000000000000000000e+00,-1.000000000000000000e+00,1.000000000000000000e+00,-1.000000000000000000e+00,-7.235621567218781802e-01,1.000000000000000000e+00,1.000000000000000000e+00,1.000000000000000000e+00,1.000000000000000000e+00,1.000000000000000000e+00,-1.000000000000000000e+00,-1.000000000000000000e+00,-1.000000000000000000e+00,-1.000000000000000000e+00,-1.000000000000000000e+00,-1.000000000000000000e+00,-1.000000000000000000e+00,-1.000000000000000000e+00,8.028217955527928718e-01,1.000000000000000000e+00,5.987309353968066628e-01,-1.000000000000000000e+00,1.000000000000000000e+00,-1.000000000000000000e+00,-1.000000000000000000e+00,-1.000000000000000000e+00,-1.000000000000000000e+00,-1.000000000000000000e+00,1.000000000000000000e+00,1.000000000000000000e+00,-1.000000000000000000e+00,1.000000000000000000e+00,1.864502147475558536e-01,-1.000000000000000000e+00,1.000000000000000000e+00,1.000000000000000000e+00,-8.731180745150143307e-01,-5.173633919261507730e-01,-1.000000000000000000e+00,1.000000000000000000e+00,1.000000000000000000e+00,-1.000000000000000000e+00,1.000000000000000000e+00,1.000000000000000000e+00,-1.000000000000000000e+00,1.000000000000000000e+00,1.000000000000000000e+00,-1.000000000000000000e+00,1.000000000000000000e+00,1.000000000000000000e+00,1.000000000000000000e+00,1.000000000000000000e+00,-1.000000000000000000e+00,1.000000000000000000e+00,-1.000000000000000000e+00,-1.000000000000000000e+00,-1.000000000000000000e+00,1.000000000000000000e+00,-1.000000000000000000e+00,1.000000000000000000e+00,5.557988160418058099e-01,1.000000000000000000e+00,5.472204310598293153e-01,7.048956620579579502e-01,1.000000000000000000e+00,-1.000000000000000000e+00,-1.000000000000000000e+00,1.000000000000000000e+00,-1.000000000000000000e+00,9.182275520484838305e-01,-1.000000000000000000e+00,-1.000000000000000000e+00
0.000000000000000000e+00,1.000000000000000000e+00,1.253291021458610432e-01,-9.498982644843001477e-03,1.042407669820809707e-01,-1.470090794177160154e-01,-1.928233961097569338e-01,-4.685999626926056205e-01,-4.511571313038168496e-01,-1.000000000000000000e+00,-1.000000000000000000e+00,-1.000000000000000000e+00,-1.000000000000000000e+00,-5.973896915647558536e-01,-1.000000000000000000e+00,-1.000000000000000000e+00,-1.000000000000000000e+00,-1.000000000000000000e+00,-1.000000000000000000e+00,-1.000000000000000000e+00,-1.000000000000000000e+00,-9.330985024862490373e-01,1.000000000000000000e+00,1.000000000000000000e+00,1.000000000000000000e+00,-1.000000000000000000e+00,-1.000000000000000000e+00,-3.853678401831474587e-01,-3.869292469412026758e-01,-1.000000000000000000e+00,-1.000000000000000000e+00,1.000000000000000000e+00,1.000000000000000000e+00,1.000000000000000000e+00,-8.393303588948110294e-02,-1.000000000000000000e+00,-6.991990969811959222e-02,-1.000000000000000000e+00,-1.000000000000000000e+00,1.000000000000000000e+00,1.000000000000000000e+00,1.000000000000000000e+00,4.004241726787244882e-01,1.000000000000000000e+00,8.316933220289393081e-01,-1.000000000000000000e+00,-1.000000000000000000e+00,-1.210539031345656130e-01,1.000000000000000000e+00,-2.890727515978732676e-01,-3.139917981182778761e-01,1.000000000000000000e+00,-1.000000000000000000e+00,-6.482487090875552749e-01,1.000000000000000000e+00,-1.000000000000000000e+00,1.000000000000000000e+00,-1.000000000000000000e+00,-1.000000000000000000e+00,1.000000000000000000e+00,1.000000000000000000e+00,-1.000000000000000000e+00,1.000000000000000000e+00,-1.000000000000000000e+00,-5.079279550890737349e-01,1.000000000000000000e+00,1.000000000000000000e+00,-5.157344708226324625e-01,-1.000000000000000000e+00,1.000000000000000000e+00,-2.920760528487492680e-02,-1.000000000000000000e+00,-1.000000000000000000e+00,1.000000000000000000e+00,-1.000000000000000000e+00,-1.000000000000000000e+00,1.000000000000000000e+00,1.000000000000000000e+00,-1.000000000000000000e+00,-1.642755349312429447e-01,1.000000000000000000e+00,3.266635302785414474e-02,7.773078015442616007e-01,-1.000000000000000000e+00,-1.000000000000000000e+00,-1.000000000000000000e+00,-1.000000000000000000e+00,-4.025715845393228465e-01,-1.000000000000000000e+00,1.000000000000000000e+00,-6.799135910183019549e-01,1.000000000000000000e+00,1.000000000000000000e+00,1.000000000000000000e+00,1.000000000000000000e+00,1.000000000000000000e+00,-4.187974245018253328e-01,-1.000000000000000000e+00,-1.000000000000000000e+00,-1.000000000000000000e+00
0.000000000000000000e+00,0.000000000000000000e+00,1.000000000000000000e+00,-3.223523249359832449e-02,2.012539018952054157e-02,-2.554721087570980265e-01,1.877861793926603046e-02,-2.251741602260202979e-01,-1.000000000000000000e+00,-1.000000000000000000e+00,-1.000000000000000000e+00,-5.776401647902847936e-01,-1.000000000000000000e+00,-1.000000000000000000e+00,-1.000000000000000000e+00,-1.000000000000000000e+00,-1.000000000000000000e+00,-1.000000000000000000e+00,-1.000000000000000000e+00,-1.000000000000000000e+00,-1.000000000000000000e+00,-1.006360246454669621e-01,-1.000000000000000000e+00,-1.000000000000000000e+00,-5.530130228105032408e-01,1.000000000000000000e+00,-8.959342220895505360e-01,-1.000000000000000000e+00,1.000000000000000000e+00,4.383958744163490850e-01,-1.000000000000000000e+00,1.000000000000000000e+00,1.000000000000000000e+00,-1.000000000000000000e+00,-1.000000000000000000e+00,-1.000000000000000000e+00,-9.008403261360571346e-01,1.000000000000000000e+00,-1.000000000000000000e+00,8.487030874451566564e-01,-2.942313232520921140e-01,1.000000000000000000e+00,1.000000000000000000e+00,1.000000000000000000e+00,-9.395815032463357419e-02,-1.000000000000000000e+00,-1.000000000000000000e+00,-1.000000000000000000e+00,1.000000000000000000e+00,1.000000000000000000e+00,-5.516495929531191056e-01,5.351849976203583159e-01,-3.412503637604832885e-01,1.000000000000000000e+00,1.000000000000000000e+00,-1.000000000000000000e+00,1.000000000000000000e+00,-2.621863244584425878e-01,1.000000000000000000e+00,-3.675645274289703890e-01,1.000000000000000000e+00,2.565879214926551979e-02,3.598184746608436568e-01,-1.000000000000000000e+00,-1.000000000000000000e+00,-1.000000000000000000e+00,1.000000000000000000e+00,-1.000000000000000000e+00,-1.000000000000000000e+00,3.137179715632049809e-02,2.203209470687205462e-01,5.749798472472128497e-01,-1.000000000000000000e+00,1.000000000000000000e+00,-1.000000000000000000e+00,-1.000000000000000000e+00,-4.020979789484106504e-01,9.350539989418207298e-01,-1.000000000000000000e+00,-7.821952718795536219e-01,1.000000000000000000e+00,-4.740222301232076552e-01,-3.964832646272049566e-01,-1.000000000000000000e+00,-1.000000000000000000e+00,-1.000000000000000000e+00,-7.531409451615864725e-01,1.000000000000000000e+00,1.000000000000000000e+00,5.467047890544157740e-01,-9.016973964000870589e-01,-1.932510454100450081e-01,1.000000000000000000e+00,7.524859729055370927e-01,-1.672368190415418274e-02,1.000000000000000000e+00,-1.000000000000000000e+00,-3.135319967172706807e-02,1.000000000000000000e+00,-1.000000000000000000e+00
0.000000000000000000e+00,0.000000000000000000e+00,0.000000000000000000e+00,1.000000000000000000e+00,5.029068799219514607e-02,5.976389335846534964e-03,-4.213137197329694383e-02,-1.447186700704394258e-01,-8.950663996893493124e-01,-6.695384115177417383e-01,-8.621807023846415896e-02,1.000000000000000000e+00,1.002195162672647700e-03,-1.000000000000000000e+00,-1.000000000000000000e+00,9.652557438372605381e-01,-1.000000000000000000e+00,1.000000000000000000e+00,-1.000000000000000000e+00,-1.000000000000000000e+00,-1.000000000000000000e+00,-1.000000000000000000e+00,-1.000000000000000000e+00,-1.000000000000000000e+00,1.000000000000000000e+00,1.000000000000000000e+00,-1.000000000000000000e+00,-1.000000000000000000e+00,1.000000000000000000e+00,1.000000000000000000e+00,-1.000000000000000000e+00,-7.527965068816580008e-01,1.000000000000000000e+00,-1.000000000000000000e+00,-1.000000000000000000e+00,-1.000000000000000000e+00,-1.000000000000000000e+00,-1.000000000000000000e+00,1.000000000000000000e+00,-1.000000000000000000e+00,-1.000000000000000000e+00,1.000000000000000000e+00,1.000000000000000000e+00,1.000000000000000000e+00,1.000000000000000000e+00,1.000000000000000000e+00,-1.000000000000000000e+00,-1.000000000000000000e+00,-1.000000000000000000e+00,-1.000000000000000000e+00,-1.000000000000000000e+00,-1.000000000000000000e+00,-5.948499912481581831e-01,1.000000000000000000e+00,-1.000000000000000000e+00,1.000000000000000000e+00,-1.000000000000000000e+00,-1.000000000000000000e+00,1.000000000000000000e+00,-1.000000000000000000e+00,-1.000000000000000000e+00,1.000000000000000000e+00,-1.000000000000000000e+00,-1.000000000000000000e+00,1.000000000000000000e+00,6.846528638064250383e-02,7.802523135881245242e-01,-2.196199605291969392e-01,-1.000000000000000000e+00,1.000000000000000000e+00,-1.000000000000000000e+00,1.000000000000000000e+00,1.000000000000000000e+00,-1.000000000000000000e+00,-1.000000000000000000e+00,1.000000000000000000e+00,-1.000000000000000000e+00,1.000000000000000000e+00,-1.000000000000000000e+00,-1.000000000000000000e+00,4.974476117535072683e-01,-1.000000000000000000e+00,1.000000000000000000e+00,1.000000000000000000e+00,1.000000000000000000e+00,-1.000000000000000000e+00,1.000000000000000000e+00,-1.000000000000000000e+00,-1.000000000000000000e+00,-1.000000000000000000e+00,-1.000000000000000000e+00,-1.000000000000000000e+00,1.000000000000000000e+00,-5.236447923213538580e-01,1.000000000000000000e+00,-1.000000000000000000e+00,-1.000000000000000000e+00,1.000000000000000000e+00,1.000000000000000000e+00,1.000000000000000000e+00
0.000000000000000000e+00,0.000000000000000000e+00,0.000000000000000000e+00,0.000000000000000000e+00,1.000000000000000000e+00,-6.079744337751122885e-01,-1.000000000000000000e+00,-8.513966852393248796e-01,-1.000000000000000000e+00,-1.000000000000000000e+00,-1.000000000000000000e+00,-1.000000000000000000e+00,-1.000000000000000000e+00,-1.000000000000000000e+00,-1.000000000000000000e+00,-1.000000000000000000e+00,-1.000000000000000000e+00,-1.000000000000000000e+00,-1.000000000000000000e+00,-1.000000000000000000e+00,-1.000000000000000000e+00,-8.284583002250477390e-01,-1.000000000000000000e+00,-1.000000000000000000e+00,-1.000000000000000000e+00,-1.000000000000000000e+00,-1.000000000000000000e+00,-1.000000000000000000e+00,-1.000000000000000000e+00,-1.000000000000000000e+00,4.005373059002850789e-01,-1.000000000000000000e+00,-1.000000000000000000e+00,4.272936022194434580e-01,-1.000000000000000000e+00,-1.000000000000000000e+00,1.000000000000000000e+00,-1.000000000000000000e+00,-5.856315306461045145e-01,-1.000000000000000000e+00,-1.000000000000000000e+00,-1.000000000000000000e+00,-1.000000000000000000e+00,1.000000000000000000e+00,1.000000000000000000e+00,-1.000000000000000000e+00,1.000000000000000000e+00,-1.000000000000000000e+00,3.069218211313998190e-01,1.000000000000000000e+00,-1.000000000000000000e+00,-1.000000000000000000e+00,-4.978249811845928408e-01,-1.000000000000000000e+00,-1.000000000000000000e+00,-1.000000000000000000e+00,1.000000000000000000e+00,1.000000000000000000e+00,-1.000000000000000000e+00,1.000000000000000000e+00,4.662353597331826416e-01,3.051757463379561885e-01,1.000000000000000000e+00,1.000000000000000000e+00,1.000000000000000000e+00,-1.000000000000000000e+00,-1.000000000000000000e+00,-1.000000000000000000e+00,1.000000000000000000e+00,-1.000000000000000000e+00,-1.000000000000000000e+00,1.000000000000000000e+00,-1.000000000000000000e+00,-1.000000000000000000e+00,-1.000000000000000000e+00,-1.000000000000000000e+00,1.000000000000000000e+00,1.000000000000000000e+00,-1.000000000000000000e+00,1.000000000000000000e+00,1.000000000000000000e+00,-1.000000000000000000e+00,-1.000000000000000000e+00,-1.000000000000000000e+00,-1.000000000000000000e+00,-1.000000000000000000e+00,-1.000000000000000000e+00,-1.000000000000000000e+00,-1.000000000000000000e+00,4.489707224350332204e-01,-8.019207808306260121e-01,1.000000000000000000e+00,1.000000000000000000e+00,2.233548499540537104e-03,-1.000000000000000000e+00,1.000000000000000000e+00,1.000000000000000000e+00,5.256992704629165347e-01,-1.000000000000000000e+00,-1.000000000000000000e+00
0.000000000000000000e+00,0.000000000000000000e+00,0.000000000000000000e+00,0.000000000000000000e+00,0.000000000000000000e+00,1.000000000000000000e+00,3.556012108568434305e-01,-1.772365681204233490e-01,2.937192907398775144e-01,9.892772505412719686e-02,1.000000000000000000e+00,5.644597718309241063e-01,1.000000000000000000e+00,-1.000000000000000000e+00,1.000000000000000000e+00,1.000000000000000000e+00,1.000000000000000000e+00,1.000000000000000000e+00,1.000000000000000000e+00,1.000000000000000000e+00,-2.840178390455909696e-01,-1.000000000000000000e+00,1.000000000000000000e+00,1.000000000000000000e+00,1.000000000000000000e+00,1.000000000000000000e+00,-7.794054890823253201e-01,-9.641607780420313745e-01,1.000000000000000000e+00,-6.337226864645399971e-01,1.000000000000000000e+00,-1.000000000000000000e+00,-7.727626071941271491e-01,-1.000000000000000000e+00,1.000000000000000000e+00,1.000000000000000000e+00,1.000000000000000000e+00,-1.000000000000000000e+00,1.000000000000000000e+00,-1.000000000000000000e+00,4.201830459346079238e-01,-6.245088091220907245e-01,2.576635856077749698e-01,-1.000000000000000000e+00,1.000000000000000000e+00,1.000000000000000000e+00,-1.000000000000000000e+00,1.000000000000000000e+00,-1.000000000000000000e+00,-6.293653960615949172e-01,-1.000000000000000000e+00,5.327027303184753704e-01,-1.000000000000000000e+00,1.000000000000000000e+00,-1.000000000000000000e+00,-6.244782702487741144e-01,-1.000000000000000000e+00,-1.000000000000000000e+00,7.008729544903948006e-02,-1.000000000000000000e+00,-1.000000000000000000e+00,-1.000000000000000000e+00,-1.000000000000000000e+00,-1.000000000000000000e+00,-1.000000000000000000e+00,1.000000000000000000e+00,9.938374704287576966e-01,1.000000000000000000e+00,-1.000000000000000000e+00,-1.000000000000000000e+00,1.000000000000000000e+00,1.000000000000000000e+00,1.000000000000000000e+00,-1.000000000000000000e+00,1.000000000000000000e+00,1.000000000000000000e+00,-1.000000000000000000e+00,1.000000000000000000e+00,1.000000000000000000e+00,-1.000000000000000000e+00,-1.000000000000000000e+00,-1.000000000000000000e+00,7.069922578278222680e-01,1.000000000000000000e+00,1.000000000000000000e+00,1.000000000000000000e+00,-1.201986390563928309e-01,-1.000000000000000000e+00,2.355545374428293370e-01,-1.000000000000000000e+00,-1.000000000000000000e+00,-1.000000000000000000e+00,-1.000000000000000000e+00,-1.000000000000000000e+00,4.153796404308801038e-01,-1.000000000000000000e+00,-1.000000000000000000e+00,-1.000000000000000000e+00,2.796308854323297233e-01,-1.000000000000000000e+00
0.000000000000000000e+00,0.000000000000000000e+00,0.000000000000000000e+00,0.000000000000000000e+00,0.000000000000000000e+00,0.000000000000000000e+00,1.000000000000000000e+00,-6.650661437930533992e-01,3.377368579102821844e-01,2.144854254831164708e-01,1.000000000000000000e+00,1.000000000000000000e+00,1.000000000000000000e+00,-1.000000000000000000e+00,7.694917614071343781e-01,7.541326176556595318e-01,1.000000000000000000e+00,1.000000000000000000e+00,1.000000000000000000e+00,1.000000000000000000e+00,-9.977529350961819032e-01,-1.000000000000000000e+00,1.000000000000000000e+00,-3.994102324374687041e-01,-2.316690528521200554e-01,1.000000000000000000e+00,1.000000000000000000e+00,2.926300068304998336e-01,8.504397637319739411e-01,1.000000000000000000e+00,-3.016103236399412246e-01,6.253055646855585348e-01,1.061594093340615386e-01,-1.000000000000000000e+00,-9.616591206078101139e-01,-1.000000000000000000e+00,-1.000000000000000000e+00,-1.000000000000000000e+00,8.192048679713342940e-01,-3.725247566877721850e-01,1.000000000000000000e+00,1.000000000000000000e+00,1.000000000000000000e+00,3.767271873196469945e-01,-1.000000000000000000e+00,1.000000000000000000e+00,-1.000000000000000000e+00,-1.000000000000000000e+00,-1.000000000000000000e+00,-1.488447217953236257e-01,-1.539464350049030428e-01,-3.638712599504694278e-01,1.894585745258451914e-01,1.000000000000000000e+00,1.000000000000000000e+00,1.000000000000000000e+00,-1.000000000000000000e+00,-1.000000000000000000e+00,1.000000000000000000e+00,-3.810094755741756378e-01,-1.000000000000000000e+00,1.000000000000000000e+00,-1.000000000000000000e+00,-1.000000000000000000e+00,-1.000000000000000000e+00,2.041918335188674383e-01,8.774456918999037347e-01,1.000000000000000000e+00,7.142499220470617249e-01,5.007274979178201191e-01,-3.610660007848878195e-01,9.190616971212274278e-01,1.000000000000000000e+00,1.000000000000000000e+00,1.000000000000000000e+00,1.000000000000000000e+00,-1.000000000000000000e+00,-1.000000000000000000e+00,7.206480497103209260e-01,-1.000000000000000000e+00,-9.462983941842280089e-01,9.580839178740375717e-01,1.000000000000000000e+00,1.000000000000000000e+00,9.429795475274718175e-01,1.000000000000000000e+00,1.000000000000000000e+00,8.258529587457641430e-02,1.000000000000000000e+00,-1.000000000000000000e+00,-5.854203372848959530e-01,7.206623105124573270e-01,-1.000000000000000000e+00,-1.000000000000000000e+00,1.000000000000000000e+00,-1.000000000000000000e+00,-1.000000000000000000e+00,-1.770015600388699928e-01,1.000000000000000000e+00,1.000000000000000000e+00
0.000000000000000000e+00,0.000000000000000000e+00,0.000000000000000000e+00,0.000000000000000000e+00,0.000000000000000000e+00,0.000000000000000000e+00,0.000000000000000000e+00,1.000000000000000000e+00,1.000000000000000000e+00,4.565456528052546648e-01,9.623592391178317218e-01,1.000000000000000000e+00,7.256467237986674590e-01,1.000000000000000000e+00,1.000000000000000000e+00,1.000000000000000000e+00,1.000000000000000000e+00,1.000000000000000000e+00,1.000000000000000000e+00,7.620951049112598685e-01,1.000000000000000000e+00,1.061739012858085862e-01,1.000000000000000000e+00,4.433633675782320815e-01,1.000000000000000000e+00,6.852835566171395776e-01,3.236257039635683230e-01,-6.647633031395689951e-01,5.465731973833395374e-01,1.000000000000000000e+00,-4.496245655330188828e-01,2.334970683316926754e-01,7.985483125600505439e-01,-3.684486170293283513e-01,-6.191933313006033890e-01,-4.689440609236671387e-01,-1.907776749956870133e-01,2.427345895531316244e-01,1.298485331783313379e-01,4.259364793465651999e-01,-1.000000000000000000e+00,-1.000000000000000000e+00,3.346081785639791750e-01,-1.000000000000000000e+00,6.290947673804303530e-01,9.293293438509574456e-01,-1.361052779681448319e-02,-9.907423783818111174e-01,7.796182009719153649e-01,-1.000000000000000000e+00,1.198320098081520207e-01,-1.299605519641944262e-01,-5.020482849765668387e-01,1.876213375235859515e-01,-1.000000000000000000e+00,1.000000000000000000e+00,-9.046601561153788662e-01,3.063536195866636280e-01,8.655285239428409660e-01,-1.108644445430681871e-02,8.931438302401707718e-02,-1.439227684667044316e-01,2.594718477996942885e-01,7.420308732884642877e-01,2.700867891966811096e-01,6.929054456283429975e-01,-5.339522769649434064e-01,-1.000000000000000000e+00,-9.944738174599102587e-01,6.113797288568679766e-01,2.285405983376632699e-01,-8.952723088579238597e-01,8.641383157501862922e-01,4.232293574420802895e-01,1.000000000000000000e+00,1.000000000000000000e+00,-1.000000000000000000e+00,-3.140849671142681432e-02,1.000000000000000000e+00,-4.627638836502700470e-01,-3.171419646494866296e-02,-1.981398078722480249e-01,4.074497926074891474e-01,-1.000000000000000000e+00,1.000000000000000000e+00,-9.135301316422012041e-01,1.000000000000000000e+00,6.928123286949189330e-01,5.980158480428315881e-01,-5.382779542081160828e-01,9.285514358450152050e-01,-1.000000000000000000e+00,3.699910143599051127e-01,-9.674110692291869318e-02,-6.159258955135065161e-01,-3.869642746146788326e-02,-8.819199476771543145e-01,1.000000000000000000e+00,6.210335801485148410e-01,-5.869607120240146747e-01
0.000000000000000000e+00,0.000000000000000000e+00,0.000000000000000000e+00,0.000000000000000000e+00,0.000000000000000000e+00,0.000000000000000000e+00,0.000000000000000000e+00,0.000000000000000000e+00,1.000000000000000000e+00,2.406540714542094728e-01,5.471527542860700200e-01,4.745116980756670100e-01,4.575496290690132528e-01,5.759851078668842828e-01,9.290109365188660151e-01,1.000000000000000000e+00,1.000000000000000000e+00,6.428497866732729715e-01,1.000000000000000000e+00,7.969599901916937235e-01,5.696487018427153215e-01,-1.796803339553701695e-01,1.000000000000000000e+00,6.160640398887031743e-01,6.628678027394828698e-01,2.942446582512060482e-01,2.095781928299331187e-01,-5.334049200104035160e-02,-1.377583227669984794e-03,5.831369792435237009e-01,1.251426273512474541e-01,3.285330743732887970e-02,-8.881779788185417690e-02,1.530156302723056638e-01,-2.556178562033911694e-01,-8.580716626186361828e-02,-1.150833333672027364e-01,-3.360729518370773605e-01,-3.065477923742221944e-01,6.693418353678675103e-01,7.792125492760414163e-02,-9.373877650056441913e-03,2.075707688247363236e-01,-1.000000000000000000e+00,2.831354653709408642e-01,-4.934953381326256938e-02,-3.090030356415953694e-01,-5.216132670597606324e-01,5.691068629985811533e-01,-4.420345796235865543e-01,8.521920929662993305e-02,-1.806036769611593928e-01,-3.335331922563289919e-01,5.206130795433869807e-01,-4.217981901527633193e-01,9.542179569346415091e-01,-4.047873676560802547e-01,-5.109315768817147552e-01,2.613540922502791131e-01,2.379050412829010752e-01,7.972489149481579163e-02,-3.277581155877866137e-01,1.269871829869963775e-01,4.005610842692585161e-01,-5.540406327186740698e-02,7.339946684333839011e-01,-1.126367711236727354e-01,2.451093012150752648e-01,3.169058924660309029e-01,3.997310323787783837e-01,-1.396033238302387125e-01,-1.000000000000000000e+00,-1.903330070306885613e-01,3.064766568657708024e-01,4.996137996480685683e-01,1.000000000000000000e+00,-5.937842737820769878e-01,-4.553616805390401368e-01,-2.296229279643146881e-01,-8.729681348301870925e-02,-5.260675214674020127e-03,3.402582056869197236e-01,8.129296379185524390e-01,8.624567976524456780e-02,1.000000000000000000e+00,-7.883658869468310182e-02,8.554486526375938427e-01,-2.392076180675740960e-01,1.971676236922922654e-01,-3.178099309101481418e-01,7.974921025302057764e-02,-1.896348723785273305e-01,-7.040902325836845277e-01,3.829864684379915007e-01,1.964039458409923833e-01,-1.002468553318889843e-01,-1.000000000000000000e+00,2.869309075566139899e-01,-4.953740743140214176e-02,1.128654695544343417e-01
0.000000000000000000e+00,0.000000000000000000e+00,0.000000000000000000e+00,0.000000000000000000e+00,0.000000000000000000e+00,0.000000000000000000e+00,0.000000000000000000e+00,0.000000000000000000e+00,0.000000000000000000e+00,1.000000000000000000e+00,1.000000000000000000e+00,8.049005200295170637e-01,5.737399911990648249e-01,1.227633423593931378e-01,7.521197423308858543e-01,1.000000000000000000e+00,6.933062996264646172e-01,1.000000000000000000e+00,1.000000000000000000e+00,6.868878944418355115e-01,1.525657221598413216e-01,-6.004231224969081189e-03,3.376036844360402744e-01,-9.922217540739007580e-02,-1.593001794235031077e-01,-2.420744983852628485e-01,9.288463896672843889e-01,3.021919883924005790e-01,1.173164503796518404e-01,-5.371421692865253616e-01,7.548440709995163367e-02,3.611449451473212058e-01,-1.000000000000000000e+00,-3.097389244238005768e-01,3.089198409825032465e-01,1.267594132190721090e-01,7.638514876819932353e-02,-9.716153775473378162e-02,2.744498514029243830e-01,-4.656261406373539691e-01,-6.371222441455737240e-01,-1.000000000000000000e+00,-4.442778039491425690e-01,-1.000000000000000000e+00,-1.000000000000000000e+00,-2.094029558084018749e-01,5.632392039755371865e-02,-2.811643411300630557e-01,-1.452566144196700826e-01,1.000000000000000000e+00,1.142181911115524272e-02,-6.745391075162415762e-01,3.676899208555942794e-02,2.777158448457557882e-01,-3.239038615197243343e-01,3.791466930335711250e-01,-4.567027402881466691e-01,4.314173631187206981e-01,9.599480222087133918e-02,-1.400397135980000762e-01,-6.563826362746583154e-01,5.396408638103544764e-01,-9.300844052855067323e-01,3.770835822232069812e-01,-1.848073391865281689e-01,-1.336467134633648746e-01,-9.866768360247740732e-01,2.943220458915821736e-01,1.000000000000000000e+00,-2.501743905051233563e-01,-2.159526000878418672e-01,-1.000000000000000000e+00,1.193736144097737040e-01,-8.708329479288794417e-01,1.828472892490726753e-01,1.000000000000000000e+00,-8.164120819424817155e-01,-1.000000000000000000e+00,1.000000000000000000e+00,2.760300079350956337e-01,-1.000000000000000000e+00,3.806547313008332221e-04,-7.492402826495095924e-01,1.000000000000000000e+00,7.214097513192698763e-01,-2.456111270884644635e-02,2.965485107227571748e-01,-6.113938715581087591e-01,1.892188158910408924e-01,1.356896674389769242e-01,4.639722883188500402e-03,3.818511583357115935e-01,-1.000000000000000000e+00,-1.000000000000000000e+00,-3.660521326574874279e-01,-1.000000000000000000e+00,6.826777547569317095e-01,6.482960699669197968e-01,-7.675885193182981903e-01,6.127311982712998484e-01
0.000000000000000000e+00,0.000000000000000000e+00,0.000000000000000000e+00,0.000000000000000000e+00,0.000000000000000000e+00,0.000000000000000000e+00,0.000000000000000000e+00,0.000000000000000000e+00,0.000000000000000000e+00,0.000000000000000000e+00,1.000000000000000000e+00,4.723806239709579802e-01,6.420465482253255862e-01,1.024255141745373798e-01,2.457737046259619584e-01,6.620912480232098440e-01,6.966477844147694887e-01,9.668426552726273882e-02,1.000000000000000000e+00,3.767289337199849486e-01,3.629918462222428421e-02,-7.235343936172948520e-02,1.480598716586202235e-01,-4.726703438520257761e-01,-5.577374273199190435e-01,1.670697085704905549e-01,5.478965880323526383e-01,1.913079343139650612e-01,-1.619025531289653708e-01,3.567929474528878653e-01,1.143556419055658663e-01,-4.885414673800532182e-01,-3.500860096874011118e-01,-1.050606841211915582e-01,7.423372949753848093e-02,3.596279114596060977e-01,-2.136190473555374669e-01,-2.676790839239414632e-01,5.870866799610533482e-01,-5.389438500556842371e-01,-3.397788165985268227e-01,-8.399902242944063957e-01,-4.427428521832778574e-01,-8.185943305664258318e-01,-3.697733518050314028e-01,3.800878714799584279e-01,1.568035069966643436e-01,-1.763458933021611330e-01,-4.115720748408926988e-01,2.465394548385339002e-01,3.162771403729082165e-01,-7.902156755713624081e-01,6.235713452917932553e-01,1.374186081637398804e-01,-2.180386388305490530e-01,5.576864601331479321e-01,-4.813951903609840488e-01,3.292539365858702660e-01,1.831695117139428008e-01,-4.489900312529678805e-01,-8.044896964045435972e-01,7.903983801255859420e-01,-7.095414834435820328e-01,9.259821302562071255e-02,-1.034734015819060438e-01,-2.028585074310638725e-01,-4.926233920298084823e-01,5.208679407167624703e-02,7.841614492073967213e-01,-1.607661137367427107e-01,-7.584985013333626069e-01,-8.376724344947555911e-02,3.839836579269568229e-01,-6.545959159903643743e-01,7.805509138683149051e-02,9.623476825228992615e-01,-1.000000000000000000e+00,-1.000000000000000000e+00,4.698712423772462565e-01,-1.511617479147699637e-02,-1.000000000000000000e+00,1.628656916936711829e-01,-8.277152050096746316e-02,3.048175689927835608e-01,4.976213502945462386e-01,-2.117977937510888420e-02,4.373565500299342879e-01,-3.093197605770166558e-01,-1.754293653758529359e-01,-7.837203880623729857e-01,1.334957938082252660e-02,-1.028326176367418826e-01,-7.694226081887668434e-01,-4.713709217381858441e-01,7.030777265550122723e-02,-9.942789635822458782e-01,1.325835310432529612e-01,1.113095484012602103e-02,-3.947817820103359243e-01,4.329374836269482274e-01
0.000000000000000000e+00,0.000000000000000000e+00,0.000000000000000000e+00,0.000000000000000000e+00,0.000000000000000000e+00,0.000000000000000000e+00,0.000000000000000000e+00,0.000000000000000000e+00,0.000000000000000000e+00,0.000000000000000000e+00,0.000000000000000000e+00,1.000000000000000000e+00,1.916584366598989286e-01,-3.389035854045388541e-01,-1.136039534550412899e-01,2.582149962696176915e-01,2.491732891765501001e-01,2.446612365677330314e-01,1.000000000000000000e+00,1.332358852142729866e-01,-6.160416213198763868e-01,-8.570017573736146699e-02,8.634398977506058115e-01,-3.700932551934066339e-01,1.077087148734003491e-01,4.019099192810608456e-01,2.934923702138229618e-01,-3.219953973260100133e-01,1.630928286610687783e-01,2.812685073481725057e-02,-5.880678289430931599e-02,-6.656345351461907811e-02,5.820233000602301754e-01,-4.176564367713567760e-01,-2.330728037679169196e-01,2.397226235169315836e-02,-4.106902617620840634e-01,-2.232910318965614371e-01,3.702952040662252919e-01,-3.147741471101613842e-01,-3.319727318545566686e-01,-3.544624088237870452e-01,5.345474067894251391e-01,-3.563752547390036107e-01,-2.299436307116732303e-01,1.429158990371876270e-01,-2.170465085746841605e-01,-3.580061629195442352e-01,3.921132693189008367e-01,-4.207185502790149190e-02,1.318909370943855963e-01,-4.503827381164952071e-01,5.287632561422777461e-02,5.005191506882877839e-01,-1.668018625506982044e-01,3.719060771157196577e-01,-3.099972433297105701e-01,3.663947227260896944e-02,4.741516857056707890e-01,-1.550969169513722878e-01,-4.947245393278947856e-01,5.003986086668993361e-01,-3.950629410109232076e-01,-1.440333933880401651e-01,-2.708957651498375974e-01,-1.660261699895509424e-01,-1.830237791160556349e-01,3.819075442963938971e-01,-9.383534257003625645e-02,5.788482332326904123e-01,-2.434866019680635707e-01,3.893521829151818103e-01,3.619293291509093624e-01,-1.488531772844523537e-01,-2.462102538992610723e-01,3.953226868387982318e-01,-9.504655511087758413e-01,-6.792108794191665799e-01,4.099399531529664964e-01,8.495451779259644010e-03,-1.556841792661291246e-01,6.515836789530911333e-02,4.327687217942675080e-01,7.711963911355829149e-02,6.463182741082929006e-01,-2.846974653024288426e-01,1.000000000000000000e+00,3.817774423899585323e-01,1.847344400936492825e-01,-2.851762213270416790e-01,-6.267044432272438070e-02,-1.987658044650840727e-01,-1.541486915994010887e-01,-8.512086432374621481e-02,-4.674081736539691390e-01,-3.118798779878632077e-01,-4.009742657159490187e-01,6.587244589242171600e-01,2.277037704893929496e-02,2.060175970421311009e-01
0.000000000000000000e+00,0.000000000000000000e+00,0.000000000000000000e+00,0.000000000000000000e+00,0.000000000000000000e+00,0.000000000000000000e+00,0.000000000000000000e+00,0.000000000000000000e+00,0.000000000000000000e+00,0.000000000000000000e+00,0.000000000000000000e+00,0.000000000000000000e+00,1.000000000000000000e+00,4.341921341411925095e-01,2.509905699445902361e-01,9.927394075562021580e-01,5.488318197223672756e-01,-3.098433336240384861e-01,1.000000000000000000e+00,3.372868480361884691e-01,5.853000033360248322e-01,8.842951840636086025e-02,7.588590160772214210e-02,-1.990401016029457182e-01,-3.574142394997256167e-01,4.580975859629871638e-01,1.406419682310963981e-01,4.117488714847068465e-01,-2.273928614838019724e-01,5.162236261756064648e-01,5.250505030231716885e-01,-3.364739346155368183e-01,-1.589072683780973216e-01,1.751800996645673861e-02,1.891998215763953384e-01,6.447239637554094127e-01,-1.959430562055971756e-02,2.635668020831051159e-02,4.200800087162666063e-01,-4.319416830391420992e-01,-2.962138383747069947e-01,-3.702738036515956788e-01,2.768614082746022678e-02,-5.654660749321139823e-01,1.519697415916679561e-01,2.797342991355426522e-01,1.453424599678039553e-01,9.185164690422474576e-02,-2.648491084224184333e-01,-1.380685320539706273e-01,3.988737930686136329e-02,-3.223563414107433744e-01,3.099123601165763575e-01,8.155401844703594194e-02,-8.721748227358855354e-02,5.086466715720795451e-01,-2.391355009724267788e-01,3.328893801321594070e-01,2.845454268226192684e-02,-2.534634824513410933e-01,-5.368474440710753193e-01,4.110843339676875652e-01,-4.186874556994764629e-01,-8.010096036392837238e-02,-9.687635785199023852e-02,1.109483176211646660e-01,-5.011102579948661928e-01,4.838822880197689025e-01,3.465504899655341142e-01,-1.172128799100346369e-01,-8.454703701998425580e-02,2.340668700907446997e-01,3.834277719239594928e-01,-2.449208299957472967e-01,7.076478219717540208e-01,8.929680662787263801e-01,-5.460337186041339663e-01,-2.551034989022535893e-01,2.633191890804252866e-01,-1.698806311615954912e-01,-7.442835427541237836e-01,4.656903920739041136e-01,-3.901092340627714261e-01,4.442178210175958264e-01,2.630022887374174889e-01,-2.554241100352727112e-01,1.398106524454712507e-01,5.311523819069367131e-02,2.473945229799906845e-02,-7.122430551585317016e-01,1.407788001271793321e-01,-8.191628682968589426e-02,-8.270832663205212043e-01,-1.148923342599125763e-01,-8.025170255424138310e-02,-3.909757192619331412e-01,5.250152349723693351e-02,1.098547948147865078e-01,3.388957921502822601e-01,3.975066027622800036e-01
0.000000000000000000e+00,0.000000000000000000e+00,0.000000000000000000e+00,0.000000000000000000e+00,0.000000000000000000e+00,0.000000000000000000e+00,0.000000000000000000e+00,0.000000000000000000e+00,0.000000000000000000e+00,0.000000000000000000e+00,0.000000000000000000e+00,0.000000000000000000e+00,0.000000000000000000e+00,1.000000000000000000e+00,5.723191343178414270e-01,6.207061339148470802e-01,7.517403269492307638e-01,-2.627165665575681777e-02,3.506153653651432611e-01,5.362393705243990727e-01,8.423653703607053567e-01,4.970875512217332037e-01,3.149079502360943028e-01,2.992137250898178613e-01,-8.769791412525420812e-03,-2.001353540346913762e-01,3.653319222715240011e-01,4.804315607835346058e-01,-8.382117123664230285e-02,1.143468333523801755e-01,4.529422257275994568e-01,-4.220229875063467168e-02,-9.269470568400783872e-02,5.769509041260487692e-01,2.164045638242358682e-01,3.142476200905867101e-01,1.195471018574019578e-01,2.513815423020682727e-01,-9.761974550400848161e-02,7.937455881982152794e-02,1.913147003406829305e-01,9.115720282439078101e-03,1.140117074110700984e-01,-4.212543285662166681e-02,1.557014760690551280e-01,1.299437006694109664e-01,2.730108751776019749e-01,3.533925995360238659e-01,1.891209716876113556e-01,-9.214277134065386454e-02,1.440333096246987354e-01,2.548529891660127888e-01,1.519346672937001985e-01,-1.235020354776816542e-01,1.026060891427309774e-01,1.401008374956500269e-01,1.543321796541053947e-01,5.377455105878795605e-01,-2.345783323955510369e-01,1.091555078779619936e-01,3.503769584694437778e-01,-5.049382154233741232e-02,2.519539196834241213e-01,3.372920523888545685e-01,2.046225882719414357e-01,1.960894348823591371e-01,-5.597681190119609693e-04,3.689913777257511351e-01,3.203770995525572207e-01,-7.387675448983078985e-02,2.046236989677728546e-01,5.992889433370307550e-02,3.924551567418122500e-01,1.754256720867678199e-01,6.430634024040435825e-01,4.567276852563034728e-01,4.946043354937840197e-01,3.820267159347505697e-03,2.417302189809880653e-01,4.442520027285609685e-01,5.240916162550056379e-02,4.727415689347199135e-01,-2.482351053328864243e-01,3.123783808602161316e-01,1.865782473769312050e-03,1.422332171029106196e-01,-1.418687854239488177e-01,3.124296201235520765e-01,5.676997188006245310e-01,3.591912998598321138e-01,3.835724257910970159e-01,3.162491214622830116e-01,-4.596316862605052955e-02,4.424561683107872678e-01,9.687043538208282845e-02,2.989400361561725949e-01,2.207657027121302795e-01,4.845675901800988727e-02,2.903421711720441389e-01,3.430821104479506167e-01
0.000000000000000000e+00,0.000000000000000000e+00,0.000000000000000000e+00,0.000000000000000000e+00,0.000000000000000000e+00,0.000000000000000000e+00,0.000000000000000000e+00,0.000000000000000000e+00,0.000000000000000000e+00,0.000000000000000000e+00,0.000000000000000000e+00,0.000000000000000000e+00,0.000000000000000000e+00,0.000000000000000000e+00,1.000000000000000000e+00,5.263300311723689839e-01,4.947864387280770382e-01,4.964312362076138685e-01,2.337758603468763630e-01,4.764721830545890491e-01,6.509325348146142165e-01,1.244501246243302495e-01,3.666791355799398078e-01,2.451131155210712620e-01,9.740487113486942516e-02,2.867911899811919837e-02,3.035211786959131075e-01,2.076951473295268191e-01,1.491003530900376073e-01,7.752011422276554320e-02,7.789451394511580362e-02,1.854621975145620272e-01,-2.039132969623026759e-01,2.112678642485646685e-01,-7.184956443192962519e-03,7.249459901404897710e-02,1.097088284416894016e-01,2.318850593664149515e-02,-1.183693807886029015e-01,1.417226313584694086e-01,-4.998572606036405519e-02,8.497493425152394253e-03,-1.071817452424945610e-01,-1.949557602031845582e-01,1.363523566342186161e-02,2.982095259288010392e-02,6.364979587304808728e-02,2.125148856359565797e-01,-1.330292880447746934e-02,1.619455722301804401e-01,2.939322326681620412e-03,2.615143988454765034e-01,-6.418698612642483037e-02,7.771922814420408054e-02,1.869733293058568196e-02,3.214295580580908696e-01,-7.821665712541435445e-02,1.148815724190898474e-01,-2.315490654564089906e-03,7.879272375651168170e-02,6.563311443230263054e-02,-8.231835773506905596e-02,7.868624155254567987e-02,1.661361043890942080e-01,1.613801903272687743e-01,1.874840620983966033e-01,1.938351679973172315e-01,2.052314546883204360e-01,2.686937853477939231e-01,7.693201336076710938e-03,2.896420369716017351e-01,2.379128967779175000e-02,3.483293824885199674e-01,1.277193376321955620e-01,4.311651986730939967e-01,4.808043722416991406e-01,3.000586987353422996e-01,-3.094445876452903491e-02,4.162335994439371190e-01,2.701333164892000260e-01,-2.973701779088474759e-02,2.675093891039470040e-01,1.008188407850339752e-01,6.578373058730604406e-01,3.481548960483439314e-01,4.995350348695929421e-01,1.826736575825458064e-01,3.179262003114883411e-02,5.220337866797489790e-01,2.014798861629625570e-01,3.198499361125900498e-02,6.133669187862694772e-02,-2.937044680803120866e-01,8.523651750670732663e-02,2.227514831657487759e-01,1.690823667652307724e-02,9.225295210273348756e-02,1.194110677034478096e-01,3.725114080019208407e-01,3.135143171290994540e-02
0.000000000000000000e+00,0.000000000000000000e+00,0.000000000000000000e+00,0.000000000000000000e+00,0.000000000000000000e+00,0.000000000000000000e+00,0.000000000000000000e+00,0.000000000000000000e+00,0.000000000000000000e+00,0.000000000000000000e+00,0.000000000000000000e+00,0.000000000000000000e+00,0.000000000000000000e+00,0.000000000000000000e+00,0.000000000000000000e+00,1.000000000000000000e+00,3.786320833797024998e-01,2.608397422278642130e-01,4.046943023233794956e-01,2.951315471188644124e-01,4.671662660141416290e-01,1.030490866171718117e-01,1.709887994894780661e-01,8.675275315360480438e-03,1.473848558478263460e-01,5.440945124495524809e-02,2.409115164666126852e-01,1.074497303202828352e-01,1.414914593023752498e-01,2.350424426235912245e-01,1.903426290117969932e-01,1.265116328902183007e-01,-7.292203344078536376e-02,8.293325559260605884e-02,-1.902683171028427683e-02,4.593740156588962953e-02,6.187418067802714916e-02,-6.880320450006691124e-02,1.233154254968798352e-01,-2.584754018782775900e-02,-9.305434625787460667e-02,-1.124403736290822825e-01,1.682113847359739400e-01,-1.650223421307243088e-01,9.913581416018486803e-02,1.508234586363692564e-01,4.604121134610504595e-02,-3.475322018812733449e-02,-8.299453427420160068e-02,-4.950192506787098184e-02,-1.696115857374963787e-01,1.025889572234778419e-01,1.737560162361309959e-02,-2.961323052408710091e-02,5.283630444346044952e-02,1.654824599284973885e-01,-1.668968253317621719e-01,2.250190620364552474e-01,5.135999508680837849e-02,-5.736176514660679127e-02,-6.212731370073278081e-02,1.179590312726236656e-01,9.230983798773044133e-03,1.058562231709690021e-01,-2.433832776072479553e-02,9.203614124593002821e-02,-1.605093001979840395e-01,1.813300642314952527e-01,5.424697554922908865e-02,2.094455127337400413e-01,1.148771746725099491e-01,9.653223833119051189e-02,3.714060370841176795e-01,1.510416796115523486e-01,3.700103798332537997e-01,4.511284711227204203e-01,-2.587068846166210544e-03,7.885712472973464837e-02,3.198836435750948004e-01,-9.091085040462863753e-02,-8.147711730099138627e-02,1.312798821134507354e-01,7.230521228507229281e-02,2.565804939422820508e-01,2.210402456962187456e-01,-2.397787512244000108e-01,4.599251139576014946e-01,-3.348206611703085506e-02,3.189570732213003468e-01,-9.157360975833458983e-03,3.442384076720697572e-01,-1.349026740813295822e-01,-3.650179230617228154e-01,-7.930593646837301447e-02,2.779993654658090459e-03,-1.776666848162574974e-01,1.078643523056225934e-01,1.027671695462857721e-01,3.014802528074824739e-01,3.108580655352380373e-01
0.000000000000000000e+00,0.000000000000000000e+00,0.000000000000000000e+00,0.000000000000000000e+00,0.000000000000000000e+00,0.000000000000000000e+00,0.000000000000000000e+00,0.000000000000000000e+00,0.000000000000000000e+00,0.000000000000000000e+00,0.000000000000000000e+00,0.000000000000000000e+00,0.000000000000000000e+00,0.000000000000000000e+00,0.000000000000000000e+00,0.000000000000000000e+00,1.000000000000000000e+00,1.787946478520957005e-01,3.737413311678888794e-01,3.187016332479115643e-01,3.230510697349246452e-01,9.706856436259662935e-02,2.795317033125094275e-01,1.080272845285243366e-01,1.182042372271847469e-01,7.038783108090206075e-02,1.262813795623765056e-01,1.489887569705093118e-01,-3.749084405666520264e-02,2.140654305058763140e-01,2.544507209063983089e-01,-5.384456522108974769e-02,-5.561341857640809266e-02,1.441953569456655149e-01,-9.224682756011504808e-03,1.005781694568070872e-01,-7.571408304242635556e-02,9.290651949178596603e-02,6.091011625065592509e-03,6.168862704764476595e-02,3.930033520223326360e-02,-1.866864895446508979e-02,1.671854162306133929e-01,-1.242973268262662773e-02,1.004521822640433854e-01,1.370510039992147711e-01,7.170878561281340824e-02,2.892693469237266556e-04,7.813798656165667211e-02,1.897787820009936427e-02,1.252664542034171991e-01,9.346325692258190820e-02,2.030924751529967209e-01,8.581904913950456903e-02,1.644393167649186305e-01,1.753567732019012670e-01,6.964231027813004050e-03,2.052838568962123689e-01,-4.044539709914103665e-02,-1.015990729390535419e-02,1.585885647092801498e-01,6.666982594639850324e-02,1.769961502228847294e-01,2.478551603449637153e-01,3.148456103407846346e-02,1.687213199482685000e-01,6.761779742388947245e-02,3.879381934123101727e-01,1.780865004836151289e-01,-1.093014006099251867e-01,-2.254467682760395112e-03,-5.284830413855666487e-02,7.086324193779215685e-02,3.751529461082711483e-03,3.707810647497582490e-01,3.587120952254282957e-01,6.217452068563345674e-02,-1.716076447358731438e-01,1.916466993606838753e-01,2.618639650847915945e-01,3.022034636114391548e-02,1.730392836913467181e-01,1.931129734179737323e-02,3.119080509074696472e-01,1.416539113538967110e-01,-4.364079477603293594e-02,1.249873260660869512e-01,1.019892329945985554e-01,3.596469379727061932e-01,1.506863127648797041e-01,2.986774669795218551e-01,3.573894981733578002e-01,-7.015673238450335913e-02,3.051375764612629937e-01,3.189816122663090558e-01,8.940302787075711521e-02,-6.198327425538340679e-02,-1.712332926126809707e-01,2.372085239828404246e-01,4.758677256011119572e-01
0.000000000000000000e+00,0.000000000000000000e+00,0.000000000000000000e+00,0.000000000000000000e+00,0.000000000000000000e+00,0.000000000000000000e+00,0.000000000000000000e+00,0.000000000000000000e+00,0.000000000000000000e+00,0.000000000000000000e+00,0.000000000000000000e+00,0.000000000000000000e+00,0.000000000000000000e+00,0.000000000000000000e+00,0.000000000000000000e+00,0.000000000000000000e+00,0.000000000000000000e+00,1.000000000000000000e+00,4.750832232347244194e-02,1.236390392369261654e-01,-2.102707348941132599e-03,-1.852133283534349306e-01,-2.919686270113650006e-02,-4.096125010739281452e-02,3.464368389533314385e-01,6.974500202992725550e-02,8.689305179855311145e-02,-1.420204582610644917e-01,3.174465910663211710e-01,7.619265277035183748e-02,-1.041001146140029254e-01,1.803737489528496885e-01,1.231259968098306554e-02,-1.182198738467369198e-01,-1.992735796839710805e-01,-9.069238377424915232e-02,-1.624996799309113009e-04,-7.445616978920660545e-02,-5.783575469790053214e-02,1.399430631626993327e-01,-1.557887587456322498e-01,3.529001041556632107e-02,5.841396512703154326e-02,-2.131543569265763050e-01,-1.295929993456242622e-02,1.460664827844110510e-02,-6.863974284629863198e-02,6.688356157776607219e-03,-1.089970567351628838e-01,1.760355727877477572e-01,-3.485494813994944457e-02,8.321888499023241681e-02,-1.960165643532165713e-01,1.101803144053798006e-01,2.201989213382988392e-02,1.697170998374615825e-01,-1.459947830137914571e-01,-7.135348349910876353e-02,1.513130832959297956e-01,-2.714714073854904153e-02,-2.591684293649040502e-02,-1.362049885826034472e-02,6.762829207792034336e-02,3.696269656140189347e-02,3.735911316833409948e-03,9.480867079729274338e-02,3.833471256979838204e-02,1.612966971989376330e-01,4.584308513240129002e-02,-5.023490243317616649e-02,-1.561525193561492421e-02,-1.291250450603179389e-01,6.420414345040181825e-02,2.055102249757739530e-01,-9.218400042106661418e-02,2.057753855433544499e-01,6.999120594514000870e-02,3.825741788494779055e-02,1.499676486995215885e-01,8.781288349040299035e-02,8.120926194472304072e-02,-1.908057783411541697e-01,2.366021702386784109e-01,3.730209323106541963e-01,2.866322435481689634e-01,-1.947051852630603611e-02,3.160913546525224715e-01,-6.346678371155921317e-02,1.526555386325520181e-01,1.488454382609868676e-01,-9.866856284977515434e-02,-1.064509862692106495e-03,-7.988403364397071715e-02,-6.316598875422534121e-02,2.197875981724381755e-01,-1.251864424239389761e-01,-1.238147089088059982e-01,8.371677744978893443e-02,1.436609281548840156e-01,1.210079448457163365e-01
0.000000000000000000e+00,0.000000000000000000e+00,0.000000000000000000e+00,0.000000000000000000e+00,0.000000000000000000e+00,0.000000000000000000e+00,0.000000000000000000e+00,0.000000000000000000e+00,0.000000000000000000e+00,0.000000000000000000e+00,0.000000000000000000e+00,0.000000000000000000e+00,0.000000000000000000e+00,0.000000000000000000e+00,0.000000000000000000e+00,0.000000000000000000e+00,0.000000000000000000e+00,0.000000000000000000e+00,1.000000000000000000e+00,1.157782668877768706e-01,9.126194208831465982e-02,1.634654644681502941e-02,1.923047382514264103e-01,6.328755395289913099e-02,3.238968048508277658e-02,5.500349149218532879e-02,1.587285888609663298e-01,8.789198217659088819e-02,-1.760907475799585592e-02,1.021610526852614054e-01,2.504177029827334700e-01,7.468226874248820590e-03,4.021209693741836962e-03,8.844906949004106844e-02,3.722331170603091627e-02,1.054887654901241895e-01,-5.163752127947127124e-02,-9.395259003015167532e-03,5.564430061335595701e-02,-1.818340652806016769e-02,8.916614417071545839e-02,-4.317528716629800284e-02,9.490298677512599979e-02,-1.131547273007961069e-01,-2.434157143898520517e-02,1.267516744252702443e-01,4.225797621870244769e-02,1.680154165598722604e-02,8.911748640648123679e-03,-5.533037471745005931e-02,1.080930106153193404e-01,-1.542200356886603251e-02,8.048780538417757424e-02,1.155962500336322196e-01,7.931988027199672261e-03,4.372407691250085326e-02,-1.335241792890351671e-02,-1.196551106223135014e-02,-2.224721717708712590e-02,-6.416201320863978985e-02,-5.762748224272262743e-02,5.143207400963979020e-02,1.673738401873818213e-02,3.930962729278386462e-03,-3.377085059700768443e-02,5.660309508658557809e-02,-8.634758104200127016e-03,1.667867648677849590e-01,3.353450557977354085e-02,1.086147999483724480e-01,8.916054465951436803e-02,4.527942232809255285e-02,2.079662990396350386e-01,3.714009797405882357e-02,8.619879882785833058e-02,3.187788633638443114e-01,-5.888294603075004685e-02,4.749823646572517988e-02,6.958904237083211874e-02,8.440042490350703475e-02,3.751790049442855352e-02,2.066610653743854165e-01,9.970601690055226618e-02,1.119701879077848322e-01,9.495727195776497431e-02,-9.256475962914291478e-02,1.888184635813718315e-01,1.129344154886575552e-01,8.858842902497951477e-02,-1.633862589719952199e-02,-4.366839188301944313e-03,-4.185566520096997700e-02,-5.994450958864831758e-02,-4.552330611803354077e-02,2.816684862430621564e-02,-1.026753922163193243e-02,-5.768764202851098255e-02,9.010910463181547037e-02,1.871305002025858422e-01,1.848436346672322761e-01
0.000000000000000000e+00,0.000000000000000000e+00,0.000000000000000000e+00,0.000000000000000000e+00,0.000000000000000000e+00,0.000000000000000000e+00,0.000000000000000000e+00,0.000000000000000000e+00,0.000000000000000000e+00,0.000000000000000000e+00,0.000000000000000000e+00,0.000000000000000000e+00,0.000000000000000000e+00,0.000000000000000000e+00,0.000000000000000000e+00,0.000000000000000000e+00,0.000000000000000000e+00,0.000000000000000000e+00,0.000000000000000000e+00,1.000000000000000000e+00,4.264178074194437396e-01,1.958111973278900408e-01,2.392842173221111923e-01,2.686168835195508198e-01,2.147866363687765331e-02,-1.717299230208064464e-01,1.364028268023448065e-01,1.272859360089009517e-01,-1.157534752767788722e-01,2.895833560718837768e-02,2.646821804809924572e-01,5.547198852469754915e-02,2.260650306413630913e-03,2.236348964627776770e-01,1.944441149203886832e-01,1.127129074759197075e-01,2.786420104537678730e-02,3.361807682574771694e-02,-6.283781847694581979e-02,1.013756500118244419e-01,4.987482463059182691e-02,9.245450951925768268e-02,1.316001917927256959e-01,-1.759992872385606755e-01,1.268712776929364211e-02,-6.107822355813726650e-02,1.673805280823500719e-01,2.543256377892836873e-01,1.617618247845260260e-01,-8.975794261784633687e-02,2.951087021023524049e-01,1.580253111873176908e-01,1.020118573074279139e-01,1.363265464682174577e-01,5.887824168837742234e-02,1.026830604945916936e-01,4.276555365471083892e-02,2.775539686219833380e-01,-5.684729643522874742e-02,1.996062463087825700e-01,2.197533179521359292e-01,-5.769164999693358886e-02,7.712282820388699500e-02,1.822801023984459978e-01,2.283229317423846050e-01,9.973303509408118495e-02,3.416247772644788461e-02,4.212214976903047581e-01,1.203684827716582501e-01,5.784192853108478805e-02,1.573506228113926431e-01,2.326184002903919912e-01,2.622403172060467913e-01,2.120674249480160589e-01,3.677292992441696939e-01,4.319226588582774640e-01,2.617722987927860179e-01,1.361666075254300001e-01,3.036944873696716951e-01,3.260686029336986036e-01,-6.680708694609138742e-02,1.676629076823546172e-01,1.572839877053834601e-01,2.544292326791929293e-01,1.768740955005306814e-01,1.541904270202630878e-01,2.085907498023239770e-01,1.957718002996011175e-01,4.453073079876483931e-01,3.624227772780924117e-01,2.453007198710114301e-01,2.367117892980520888e-01,-4.437859926925737802e-02,1.918334598273613578e-01,1.390665737477006225e-01,9.853868313387513511e-02,2.119860596598917846e-01,1.708249559601941470e-01,9.661906758649881077e-02,1.311966425649439549e-01
0.000000000000000000e+00,0.000000000000000000e+00,0.000000000000000000e+00,0.000000000000000000e+00,0.000000000000000000e+00,0.000000000000000000e+00,0.000000000000000000e+00,0.000000000000000000e+00,0.000000000000000000e+00,0.000000000000000000e+00,0.000000000000000000e+00,0.000000000000000000e+00,0.000000000000000000e+00,0.000000000000000000e+00,0.000000000000000000e+00,0.000000000000000000e+00,0.000000000000000000e+00,0.000000000000000000e+00,0.000000000000000000e+00,0.000000000000000000e+00,1.000000000000000000e+00,3.000753748762463591e-01,1.370509932455444557e-01,2.546033908343313668e-01,-1.088193073296216395e-01,-3.771499516620313575e-02,1.854089851977174241e-01,2.512423055508090086e-01,-1.103118093533325544e-01,5.860080528263249267e-02,2.112501839613878107e-01,3.581418603158136732e-02,-8.023711943264383306e-02,2.566046709285262351e-01,1.671753622714896859e-01,1.542281533290147666e-01,1.479219443416625035e-01,1.661186413990252686e-01,-4.269562523479592669e-02,4.602417795578336163e-02,-6.975336126255693241e-05,-5.495007807190360749e-02,1.240833664320087175e-02,-6.877138045344262374e-02,1.295720023311224822e-01,2.625365250139029619e-02,2.089591836833104843e-01,2.246532240106784983e-01,1.131059335391516874e-01,-7.420385451802657961e-02,6.144126029548323265e-02,1.846938251647412543e-01,9.087492225452259431e-02,-4.391664141021290463e-02,-3.269742957915065806e-02,1.036790773938238153e-01,7.339514468824352711e-02,3.842336139476706935e-01,-1.214145896858536966e-01,1.705084952067383308e-01,1.757412921288053487e-01,-5.963449512869762464e-02,1.735655808150219637e-01,1.782209196478687641e-01,1.755230222338718671e-01,3.164675597380559730e-02,1.051914604988938434e-02,1.022118122380138716e-01,1.743583695774187092e-01,1.577213892187454350e-02,3.044368712431949064e-01,7.689094332656593034e-02,2.584911774679741758e-01,1.309481911550357813e-01,4.440836300037672157e-01,1.644431932904206750e-01,2.350511104333329881e-01,1.517283185817079327e-01,2.661486832612873776e-01,2.071957318533312886e-01,6.157128706513128463e-02,2.960142385957242883e-01,-1.584625823040675396e-01,1.884280709445625979e-01,9.926751052494715843e-02,2.960407765069526520e-01,-5.712004480908786791e-02,1.307704795678894805e-01,3.442379067263857673e-01,2.308295200252480639e-01,2.209112405508456833e-01,1.091888125969133067e-01,-9.256309540433656224e-02,1.710846339098116287e-01,-2.639653336983917298e-02,1.402239430747085902e-01,1.867847272141207049e-01,1.553200866766449861e-01,1.784687308955152651e-01,3.397675860279485843e-02
0.000000000000000000e+00,0.000000000000000000e+00,0.000000000000000000e+00,0.000000000000000000e+00,0.000000000000000000e+00,0.000000000000000000e+00,0.000000000000000000e+00,0.000000000000000000e+00,0.000000000000000000e+00,0.000000000000000000e+00,0.000000000000000000e+00,0.000000000000000000e+00,0.000000000000000000e+00,0.000000000000000000e+00,0.000000000000000000e+00,0.000000000000000000e+00,0.000000000000000000e+00,0.000000000000000000e+00,0.000000000000000000e+00,0.000000000000000000e+00,0.000000000000000000e+00,1.000000000000000000e+00,1.286337043065035324e-01,2.441226285219875447e-01,-2.038821673224716358e-01,-1.904452531030826623e-01,3.484086680158217098e-01,5.731460639369201360e-01,-2.678592397058219832e-01,-7.120060444270402689e-02,3.608602309076957559e-01,6.607160206913199885e-02,-6.434279308126064634e-02,4.408989538468532365e-01,2.835090795631046712e-01,2.043291638193116821e-01,1.934325056272098997e-01,4.394103334664222205e-01,-4.987322910530662262e-02,-3.963691690790527300e-02,1.088790564226702340e-01,-1.804780514636721289e-01,8.826052775804385520e-02,1.420659912485783827e-01,1.332542527691511214e-01,2.126683705358910215e-02,3.039320645264512732e-01,3.697581595758839268e-01,3.024359551313851036e-01,-1.722583463629581979e-01,2.215190565826951063e-01,1.929039029319011000e-01,1.835324516731869637e-01,-2.679610519022275483e-03,-7.666068567055694949e-02,-2.075432356915784052e-02,2.484341268916383239e-01,5.759927937150436383e-01,-2.834288934854840014e-01,2.138995570298387328e-01,4.305132964476153234e-01,-7.656132273891372297e-02,2.204406343818520742e-01,3.132304011125448540e-01,3.655143969142895521e-01,-5.536667576395080254e-02,1.044670277444413944e-02,6.712660316132774974e-02,1.239955058301155932e-01,8.388077843058117100e-02,4.692292353515754022e-01,2.742605778687637885e-01,2.098266002098896077e-01,2.854192499089238666e-01,4.189890669678525414e-01,-4.628879082572245202e-02,2.111159197746609872e-01,-1.962462643588180206e-02,3.136641548918695510e-01,4.672325017303651240e-01,-4.077413500978365780e-03,5.261525368930799473e-01,-1.209281043886233226e-01,1.769143904466110861e-01,-1.623369205327563347e-01,4.359842122441622836e-01,-1.919342494484601591e-01,5.832222794778765262e-01,3.518353724083378986e-01,4.508583649204273569e-01,5.549786630612171257e-01,3.030161100471390756e-01,-1.429341606072180304e-01,4.158629814138288250e-01,-3.875334105280401897e-01,4.348905804135466679e-01,5.264328751835395392e-01,2.528048878513581843e-01,9.625862220283035176e-02,1.048249456352898235e-01
0.000000000000000000e+00,0.000000000000000000e+00,0.000000000000000000e+00,0.000000000000000000e+00,0.000000000000000000e+00,0.000000000000000000e+00,0.000000000000000000e+00,0.000000000000000000e+00,0.000000000000000000e+00,0.000000000000000000e+00,0.000000000000000000e+00,0.000000000000000000e+00,0.000000000000000000e+00,0.000000000000000000e+00,0.000000000000000000e+00,0.000000000000000000e+00,0.000000000000000000e+00,0.000000000000000000e+00,0.000000000000000000e+00,0.000000000000000000e+00,0.000000000000000000e+00,0.000000000000000000e+00,1.000000000000000000e+00,2.914319903388980504e-01,2.528319259742292657e-01,1.839430222157780598e-02,-2.517396116635610415e-02,-2.000420595594342918e-02,-3.857898900851390589e-02,-3.499280299369902231e-02,9.688240288464554373e-02,-1.169548226051438274e-02,1.752843359904867060e-01,1.174916371108544189e-01,4.649158909443652787e-02,1.153139646091756176e-01,-2.025646082748701338e-02,-1.036551117795344729e-01,-1.108494084193676621e-01,1.652298971988293563e-01,3.010215593284394364e-01,2.237033791667442928e-01,2.105032982918956797e-01,-2.951746528331747332e-02,1.175225021278382409e-01,-1.499842192159965559e-02,3.696875024740886584e-02,9.337004558424177869e-02,2.841415752685125251e-01,-1.115236461728730255e-01,1.400219998971838353e-01,1.076296035583154814e-01,-8.095738774904773227e-02,1.605976922058786616e-01,-1.022327464373870738e-02,1.315224871252460292e-01,2.061594449395524192e-02,-1.226261966617840787e-01,-9.434813141427061262e-03,1.318235006761870332e-01,1.940219188449872623e-01,-1.799087108663914303e-01,2.812293456784680998e-02,-1.372825301819249021e-02,1.169931417815893576e-01,2.481652789666566050e-01,1.429228920916482959e-01,2.217862429138285629e-01,-1.052347685935195037e-01,9.621454532342003929e-02,1.722430203666958926e-01,-6.823698545369493926e-03,1.147092271306866390e-01,1.633251056155365921e-01,1.993184672927328926e-01,3.025192033622879362e-01,9.334881527461084960e-02,5.510126501382655445e-02,1.943507275154564284e-02,1.180541297840717874e-01,1.396108160637251627e-01,1.761636437432433644e-01,2.022371240913002910e-01,1.255692098555238057e-01,1.744569095590739471e-01,1.608099086601555150e-01,2.087389879349300370e-01,3.195556428410986638e-01,3.141527671542619360e-01,1.317250588011240620e-01,3.004024086983634115e-02,1.777485113909005876e-01,5.963958962018253013e-02,2.663161807973878359e-01,1.741710820398790008e-02,2.250504064570112706e-01,-1.153921214498120906e-01,8.621156850315375708e-02,3.826340352876059225e-02,-8.863543751521230085e-02
0.000000000000000000e+00,0.000000000000000000e+00,0.000000000000000000e+00,0.000000000000000000e+00,0.000000000000000000e+00,0.000000000000000000e+00,0.000000000000000000e+00,0.000000000000000000e+00,0.000000000000000000e+00,0.000000000000000000e+00,0.000000000000000000e+00,0.000000000000000000e+00,0.000000000000000000e+00,0.000000000000000000e+00,0.000000000000000000e+00,0.000000000000000000e+00,0.000000000000000000e+00,0.000000000000000000e+00,0.000000000000000000e+00,0.000000000000000000e+00,0.000000000000000000e+00,0.000000000000000000e+00,0.000000000000000000e+00,1.000000000000000000e+00,2.026745170825741682e-01,-2.194585834661529899e-01,8.510243885764784411e-02,3.772014390532458239e-01,-1.725799917603761946e-01,-2.908590411322781177e-01,2.632699808630507565e-01,1.836742828174388331e-01,6.867119184270096231e-03,3.581107519208143741e-01,3.121767262120805908e-01,1.258129579131394560e-01,1.886019092919060391e-01,8.630082956813822648e-02,-3.792731590586644885e-01,3.277433670872564320e-01,3.336146522735181641e-01,2.401172992384886795e-01,-5.526237369314634246e-02,-8.066958119431021090e-02,7.987249172438286304e-02,-2.011517524219164077e-01,1.699653210162901107e-01,3.182249672819672526e-01,4.224231606717005483e-01,-1.452365407947149856e-01,2.548848132564243141e-01,4.056640928920586808e-01,-1.899512102240965838e-01,3.061328727022338478e-02,3.033526103491086118e-02,-2.349576790098409917e-01,2.987623417060217279e-01,-5.717017472799903327e-02,-3.639159959970814096e-01,4.294695638178064323e-01,5.596532644021604552e-01,-5.215292013454104758e-01,4.911902561182489579e-01,1.920820137539279437e-01,9.022628975991577038e-02,3.290362793546030007e-01,1.177315488835257995e-01,3.423506855867219922e-01,7.003835100792951684e-02,4.656576819684844076e-02,6.129534519698898176e-01,-2.138179871806071206e-02,2.453784153491548117e-02,3.787249270577360827e-01,5.129999425966355053e-01,7.185281996433673379e-02,7.301345396419065548e-01,3.629978596414102920e-01,1.345168271737763599e-01,3.951688248106668966e-01,3.514788598107591588e-01,5.088069190163442279e-01,7.752085052535760690e-02,1.835565826064259609e-01,-2.005842597871495062e-02,3.602228538863421758e-01,-3.912488995219208787e-01,1.389120381414703231e-01,4.138086930148300313e-01,6.563365962361589201e-01,1.615499380971519017e-01,2.762644756676642110e-01,2.972327269754284629e-01,4.763433568667191365e-01,4.150106313397709107e-02,5.201192667241357759e-01,9.941575248662418152e-02,1.420042240667857836e-01,-5.506097951816043418e-02,-8.033262061172835589e-02
0.000000000000000000e+00,0.000000000000000000e+00,0.000000000000000000e+00,0.000000000000000000e+00,0.000000000000000000e+00,0.000000000000000000e+00,0.000000000000000000e+00,0.000000000000000000e+00,0.000000000000000000e+00,0.000000000000000000e+00,0.000000000000000000e+00,0.000000000000000000e+00,0.000000000000000000e+00,0.000000000000000000e+00,0.000000000000000000e+00,0.000000000000000000e+00,0.000000000000000000e+00,0.000000000000000000e+00,0.000000000000000000e+00,0.000000000000000000e+00,0.000000000000000000e+00,0.000000000000000000e+00,0.000000000000000000e+00,0.000000000000000000e+00,1.000000000000000000e+00,8.506861757521277934e-02,-8.392544828637142629e-02,-2.330579929670764938e-01,2.727354575547167315e-01,3.938154123350795510e-02,-8.900558027308158593e-02,2.067371629429684832e-01,2.352322050911586360e-01,-5.151921547558990094e-02,-1.532587733895385551e-01,-1.506434617834775946e-01,6.973560884372755064e-02,-8.063385154414548506e-02,-1.638355805803803633e-01,2.034818040168213660e-01,7.793228903112968398e-02,2.689695066302190685e-01,2.246728377202320548e-01,-7.116459167360303373e-02,2.244258321746918361e-01,-3.996267931175153006e-03,-1.745715935093040405e-01,-4.920081400707025654e-02,6.528085131488013670e-02,-3.975674874923556569e-03,-3.930493928479783516e-02,1.069132153975259070e-01,-3.219640992393361101e-01,9.688965523951524605e-02,-2.315720834272566586e-02,1.205325095318463512e-02,-3.677004136638521714e-02,-2.526022021073156543e-01,9.550351893066781617e-02,-2.842230947465113761e-02,1.109847640249076312e-01,-2.494259203807133729e-01,1.279696255556130036e-01,-6.906509901457949518e-02,-8.208341714914531295e-02,3.448866072557961737e-01,3.393281375572266417e-02,1.532022121068051801e-01,-2.267320988232193468e-01,-2.910814042455316109e-02,5.907955796286487593e-02,-7.677201160053637174e-02,-1.090997696644247367e-01,3.536078837890925253e-01,-1.177366623788666522e-01,1.015319189038598469e-01,1.261303900082467455e-01,3.215804922719042169e-01,1.123990900415525046e-01,-5.663667039226752409e-02,1.802993027085544042e-01,-1.892222240557505375e-01,3.283985381885650146e-01,9.247484930417150528e-02,-8.426163294533042802e-02,-1.940993195784254666e-01,2.569871459784145995e-01,1.585568547927444227e-01,4.510213887082128309e-02,1.733837225236713186e-01,-1.946140009388813361e-02,2.068104555181863036e-01,6.932925865050693082e-02,9.139241129482388037e-02,1.084972140874201352e-01,1.541150061248252601e-01,-1.272417603825057864e-01,-1.733674764844847158e-02,9.418233449696185311e-02,-3.365858346179702310e-02
0.000000000000000000e+00,0.000000000000000000e+00,0.000000000000000000e+00,0.000000000000000000e+00,0.000000000000000000e+00,0.000000000000000000e+00,0.000000000000000000e+00,0.000000000000000000e+00,0.000000000000000000e+00,0.000000000000000000e+00,0.000000000000000000e+00,0.000000000000000000e+00,0.000000000000000000e+00,0.000000000000000000e+00,0.000000000000000000e+00,0.000000000000000000e+00,0.000000000000000000e+00,0.000000000000000000e+00,0.000000000000000000e+00,0.000000000000000000e+00,0.000000000000000000e+00,0.000000000000000000e+00,0.000000000000000000e+00,0.000000000000000000e+00,0.000000000000000000e+00,1.000000000000000000e+00,6.926159326518217807e-02,-1.918716454563336449e-01,2.224372096201235327e-01,3.715054315879526281e-01,-1.789256101866347481e-01,4.970339600882305725e-02,3.774619275965956228e-02,-3.042633327428447276e-01,-2.303001828119358996e-01,-1.707380869771672471e-01,7.903031911104595186e-02,1.601197448845568527e-01,1.309553313930568175e-01,-9.594378524269982222e-02,-2.396678204840119730e-01,-1.748127574209288326e-01,1.360478799941081673e-01,2.547899873121275971e-01,1.604257845667885762e-01,2.870338727941615375e-01,-6.489139911426201890e-02,-2.944345716088671017e-01,-1.574746634593333638e-01,2.533098977539483335e-02,-1.442777981061447723e-01,-4.176180839696656127e-02,-2.508569232592189856e-03,1.497883069969981606e-01,1.562144751057236713e-01,2.303848335447709339e-01,-1.814915606049621044e-01,-1.185040961772547939e-02,2.747128652236439650e-01,-1.200824696114053264e-01,-7.237061513937888269e-02,1.251131183942865988e-01,-2.675098622564499040e-01,-1.638936517495534137e-02,-1.175734073267094559e-01,-1.055149068106650129e-01,3.992420731859522287e-02,-9.504514835114366567e-02,1.107855313491500904e-01,3.557260031171675246e-02,8.940310039078064319e-02,6.063325083827425521e-02,-1.224530198646687634e-01,-5.159592421749273350e-02,1.520433825839065389e-01,1.736342635800767753e-01,-4.082559351498551425e-01,-4.401213910792046297e-02,1.117248004343322498e-01,-2.407975144740100437e-01,-8.544680145874131161e-03,-5.843764360100858063e-02,2.348890503349032599e-01,1.301913367333355220e-01,3.470527691214480570e-01,2.264448759635089570e-01,2.611993686612235632e-01,-5.411116184771705417e-02,-2.089571008246109834e-02,-2.550228288042994951e-01,7.210799698019970672e-02,-3.061984332295680789e-01,-1.685770268185775300e-01,1.791190346052032312e-02,6.112085969776397121e-02,-1.064570564353063131e-01,-1.514426934219749166e-01,1.022709714347586236e-02,2.616758497279897955e-01,2.677007884326503342e-02
0.000000000000000000e+00,0.000000000000000000e+00,0.000000000000000000e+00,0.000000000000000000e+00,0.000000000000000000e+00,0.000000000000000000e+00,0.000000000000000000e+00,0.000000000000000000e+00,0.000000000000000000e+00,0.000000000000000000e+00,0.000000000000000000e+00,0.000000000000000000e+00,0.000000000000000000e+00,0.000000000000000000e+00,0.000000000000000000e+00,0.000000000000000000e+00,0.000000000000000000e+00,0.000000000000000000e+00,0.000000000000000000e+00,0.000000000000000000e+00,0.000000000000000000e+00,0.000000000000000000e+00,0.000000000000000000e+00,0.000000000000000000e+00,0.000000000000000000e+00,0.000000000000000000e+00,1.000000000000000000e+00,2.530215002221881115e-01,1.400668061135211528e-01,7.815771127900841830e-02,1.523325456893474539e-01,1.388628095208778168e-01,7.164645518803816615e-03,2.252264706364048019e-01,4.395171726734221213e-02,4.930426322324360684e-03,1.577711675166034999e-01,2.125234507740407786e-01,3.106749467432224493e-02,-2.442888403200044536e-02,1.521702972283275890e-02,-2.349184316286212215e-01,6.157437800729629457e-02,7.384818427654820869e-03,-7.352827437415614120e-02,2.117330150633315589e-01,1.945193960733949401e-01,1.214218374217655022e-01,5.111198232009481895e-03,6.761956999797240353e-02,1.670702886258274567e-01,3.745026079158166737e-02,7.442413952256883569e-02,1.533499839888117708e-02,6.758240591117901930e-02,2.049942256223490425e-02,5.246566686222376569e-02,2.238925827447810213e-01,-1.790831515122908585e-02,2.805835432154410794e-02,6.518390905019402770e-02,1.015568882711208182e-01,-9.138692530898973043e-02,1.939489466289026076e-01,1.253349348765552852e-02,-1.916146481496712461e-01,3.905642661397900478e-02,3.552927055873448398e-02,3.112936110170773651e-01,1.366027565843386249e-01,1.281441330047328464e-01,1.999639964468050424e-01,3.498093501524059956e-01,5.027195996171984066e-02,1.930215276979232453e-01,3.390212217346854073e-01,1.623330413988086918e-01,3.373513310931053333e-02,2.865961808190714555e-01,2.672489441732214810e-01,1.162334311034614875e-01,3.638560464478634571e-01,2.865428195599247635e-02,2.753277000843508127e-01,1.516043713229963119e-01,1.341251718889026057e-01,2.927935566422547042e-01,1.153521587521121605e-01,1.705939325476831525e-01,1.344484972349689611e-01,1.397348844052496986e-01,-1.433293807905870569e-02,-3.038976785444250095e-02,-1.104535110308622892e-02,2.557104474035868519e-02,6.937185327542480517e-02,2.990330234965239420e-01,2.678452419262235540e-01,1.321622235858281036e-01,-4.949676542692836578e-02
0.000000000000000000e+00,0.000000000000000000e+00,0.000000000000000000e+00,0.000000000000000000e+00,0.000000000000000000e+00,0.000000000000000000e+00,0.000000000000000000e+00,0.000000000000000000e+00,0.000000000000000000e+00,0.000000000000000000e+00,0.000000000000000000e+00,0.000000000000000000e+00,0.000000000000000000e+00,0.000000000000000000e+00,0.000000000000000000e+00,0.000000000000000000e+00,0.000000000000000000e+00,0.000000000000000000e+00,0.000000000000000000e+00,0.000000000000000000e+00,0.000000000000000000e+00,0.000000000000000000e+00,0.000000000000000000e+00,0.000000000000000000e+00,0.000000000000000000e+00,0.000000000000000000e+00,0.000000000000000000e+00,1.000000000000000000e+00,-1.677390892732164296e-01,-1.294145701431405338e-01,3.931912546238091610e-01,-7.389946851985506118e-03,-2.316062303894966812e-01,4.341774271388773032e-01,2.242721230070184313e-01,1.544335923107318376e-01,3.177382431994314749e-02,2.422841340590432546e-01,-6.770677489830728701e-02,-1.662585063174725625e-02,3.801075209715770037e-02,-2.120434292307148694e-01,-1.344504605140865172e-01,1.815892565156502006e-02,4.009777633977423816e-02,-6.644073223050363242e-02,1.881701448506810093e-01,2.803471208544862092e-01,1.957764003714431711e-01,1.269587458491071644e-02,1.473486467191427174e-01,9.594011925166009980e-02,1.435434465696832917e-01,-1.673363327527408462e-01,1.386821593659705032e-01,-8.918489174798982511e-02,2.662749184015764103e-01,2.583526377003096952e-01,-3.558075626093919475e-01,1.758290046613681656e-01,1.371938483733775582e-01,-3.549403444925998408e-02,2.085923107680018873e-01,1.279061025736772939e-01,-2.600019728614302427e-03,5.422449091675748262e-02,-5.015687621547779140e-02,1.624722440284998570e-01,2.789218060431122859e-01,-1.035538240568269486e-01,5.998558034163952585e-02,5.412171141592511669e-02,8.486430791756043035e-02,1.092612199569294174e-01,4.459483840501796692e-01,-1.148926871627294760e-01,2.551821733105695822e-01,-3.348946325227001863e-01,1.484447295070414341e-01,4.432242012915001972e-01,-2.348875179277360586e-02,4.681782538468530763e-01,-3.854459228145388772e-01,2.450953787283874363e-01,-1.475554288415049098e-01,2.817393681065461508e-01,-4.306426395975576082e-01,6.848608337565577353e-02,1.614475058700433618e-01,3.366748032264905155e-01,1.407522343975145251e-01,3.042646340203195021e-01,-1.534183801763804311e-01,1.628631448313395680e-01,-5.299049816016418446e-02,1.894769931882872294e-01,2.924662770337309037e-01,1.908216972870885667e-02,-5.848933915834322178e-02,1.730478091269764818e-01
0.000000000000000000e+00,0.000000000000000000e+00,0.000000000000000000e+00,0.000000000000000000e+00,0.000000000000000000e+00,0.000000000000000000e+00,0.000000000000000000e+00,0.000000000000000000e+00,0.000000000000000000e+00,0.000000000000000000e+00,0.000000000000000000e+00,0.000000000000000000e+00,0.000000000000000000e+00,0.000000000000000000e+00,0.000000000000000000e+00,0.000000000000000000e+00,0.000000000000000000e+00,0.000000000000000000e+00,0.000000000000000000e+00,0.000000000000000000e+00,0.000000000000000000e+00,0.000000000000000000e+00,0.000000000000000000e+00,0.000000000000000000e+00,0.000000000000000000e+00,0.000000000000000000e+00,0.000000000000000000e+00,0.000000000000000000e+00,1.000000000000000000e+00,1.845985727961537703e-01,-3.013090984395789818e-01,3.610198146378429951e-01,1.906927276023936135e-01,-2.576120208234429776e-01,-3.062849527642508285e-01,-3.251795701023044161e-01,-6.645932842752502560e-03,5.609867946696685259e-02,-4.569137000323277020e-02,8.856523710386797477e-02,-3.879841316769629816e-02,-4.115726139650143986e-03,1.275931511621383185e-01,1.404850428769877091e-01,-1.654917395194839269e-01,3.093165134844368946e-01,-9.344109340163360422e-02,-1.962383938372741776e-01,-7.631016894752636059e-02,1.742357377222295278e-01,-3.060207672064956252e-01,1.329235818709946781e-01,-4.351783595670074001e-01,4.415337630903366090e-03,2.540033802420405551e-01,1.359268197924904387e-01,-1.632081098162750099e-01,-3.119471432717550452e-01,3.391925803490374869e-01,-1.118665734392665645e-01,-4.549332358338277135e-03,-1.819676310044898021e-02,-1.181529921962403001e-01,-1.192883017339607249e-01,-1.423174101924322976e-01,1.192802347384573497e-01,1.230457547649014688e-01,-1.077290949803942806e-02,-8.220134717106732103e-02,1.076947553283121167e-01,8.430824294137485853e-02,2.647224345038431959e-01,1.568648322803346817e-01,2.178919665674825257e-01,-1.077547446698068623e-01,8.383749575331125858e-02,-1.185083784454394988e-02,2.087515242467963827e-01,1.591451475077158839e-01,-7.726653871034899757e-02,2.454741738298902298e-01,-1.358659652989094857e-01,5.024643148006183724e-01,2.155551533962642707e-01,2.751145125179612627e-01,-1.089958208740453294e-02,4.637066383554993010e-01,1.843133603196448617e-02,1.425456309071179151e-01,1.354637405044937515e-01,-1.544947045180351253e-01,-6.558273875553219390e-02,4.328948987359348965e-02,2.099932302367427811e-02,2.028110152206212824e-01,3.674377082287318130e-02,9.602947378705494613e-03,1.391749990512180235e-01,3.826011395132523085e-01,1.431991478635663284e-01
0.000000000000000000e+00,0.000000000000000000e+00,0.000000000000000000e+00,0.000000000000000000e+00,0.000000000000000000e+00,0.000000000000000000e+00,0.000000000000000000e+00,0.000000000000000000e+00,0.000000000000000000e+00,0.000000000000000000e+00,0.000000000000000000e+00,0.000000000000000000e+00,0.000000000000000000e+00,0.000000000000000000e+00,0.000000000000000000e+00,0.000000000000000000e+00,0.000000000000000000e+00,0.000000000000000000e+00,0.000000000000000000e+00,0.000000000000000000e+00,0.000000000000000000e+00,0.000000000000000000e+00,0.000000000000000000e+00,0.000000000000000000e+00,0.000000000000000000e+00,0.000000000000000000e+00,0.000000000000000000e+00,0.000000000000000000e+00,0.000000000000000000e+00,1.000000000000000000e+00,2.693521839534926410e-02,1.287599595267584773e-01,5.090109040226797193e-02,-2.516525424521638965e-01,-4.018825739548327891e-01,-2.932429740437253463e-01,-1.707058231230290102e-01,-1.864181728574182753e-02,2.167540126296878811e-01,-1.197193646524166016e-02,-2.423597209776724715e-01,-2.047836666867222655e-01,1.956986810800750987e-01,1.579875319536941103e-01,2.614336713934360956e-01,4.232164177838280694e-01,1.277023627331374395e-02,-3.770671304760966347e-01,-2.270780989643213510e-01,-1.569597670289914759e-01,-1.819139423154643997e-01,5.523035904832229726e-02,1.775218963958195562e-01,2.311754788497613622e-01,1.986618581092154390e-01,4.533818618029363257e-01,-1.971951561126961960e-01,2.114257440595848636e-01,3.183420082699960907e-01,-2.037172731167577744e-01,-8.933412225564447973e-02,3.647588050518732472e-01,-4.216324315797463640e-02,1.990001675351057431e-01,1.125642507829715810e-01,-1.202081325146161922e-01,6.252103707225174778e-02,2.132980839009451096e-02,5.429534817024898007e-03,2.879574401503031678e-01,-6.848827902011715794e-04,1.702860185358554546e-01,1.177029726938929322e-01,-8.473264534371593992e-02,1.438767147851875705e-01,5.504829742516654800e-01,-3.775034172010773847e-01,1.177554352240929858e-01,1.436977557346121037e-02,-1.883323948803954095e-01,1.342109135738097092e-01,3.225594829978657013e-02,4.985325867283250667e-01,1.280836200197954002e-02,5.573894376598486078e-01,-2.587320680897110536e-01,7.156312332811680665e-01,4.888347805879794672e-03,1.472896461715591243e-01,-2.644572624815394457e-01,2.958521016388464542e-01,-9.653159004350798933e-02,-1.128082939696915810e-01,8.479523639535685442e-02,4.152766688232965575e-01,-8.582613749861621455e-02,-1.991967439644462198e-02,5.169533009175843880e-02,5.137169688755646169e-01,5.198293610640342122e-01
0.000000000000000000e+00,0.000000000000000000e+00,0.000000000000000000e+00,0.000000000000000000e+00,0.000000000000000000e+00,0.000000000000000000e+00,0.000000000000000000e+00,0.000000000000000000e+00,0.000000000000000000e+00,0.000000000000000000e+00,0.000000000000000000e+00,0.000000000000000000e+00,0.000000000000000000e+00,0.000000000000000000e+00,0.000000000000000000e+00,0.000000000000000000e+00,0.000000000000000000e+00,0.000000000000000000e+00,0.000000000000000000e+00,0.000000000000000000e+00,0.000000000000000000e+00,0.000000000000000000e+00,0.000000000000000000e+00,0.000000000000000000e+00,0.000000000000000000e+00,0.000000000000000000e+00,0.000000000000000000e+00,0.000000000000000000e+00,0.000000000000000000e+00,0.000000000000000000e+00,1.000000000000000000e+00,-1.222035785883202191e-01,-2.876270366721123822e-02,4.954441141539968063e-01,2.139643061022028503e-01,2.762066679862940632e-01,-7.028057774452801248e-03,8.566839652050717291e-02,2.447302393730872716e-02,2.392801702150613302e-02,7.986535549687508173e-02,-1.441973802615079403e-01,1.609735142405898656e-01,-9.716798497804962631e-02,4.588610966789203466e-02,-3.655729149299388747e-02,3.540628642545241012e-01,3.123390204708765827e-01,1.735687053456014262e-01,-2.057951134033812191e-01,2.417954973964491217e-01,1.051340588427475825e-01,1.789430597991270577e-01,-1.331823144933385987e-02,-7.515493798942560200e-02,-4.356848384392499746e-02,1.887829770953273478e-01,2.289165389927234062e-01,-2.961784026370356537e-01,1.558264629119745226e-01,1.711347997666748111e-01,-3.060980512863807623e-02,3.546875193116230118e-01,2.674877671331600260e-01,4.805511176794136086e-02,3.812475395042168314e-02,-1.584234290987838467e-01,4.234156880676350210e-01,1.327859045899690837e-01,-1.117620713944773303e-01,2.980968693106399517e-02,2.479181028985042445e-01,2.539931722950283244e-01,1.107351988108535301e-01,4.473180009837799953e-01,3.006163113068937021e-01,1.518499614119018792e-01,6.863961505367145721e-03,2.520263921003919327e-02,5.247476861531362724e-01,-2.217979735862460680e-02,3.582377845027783780e-01,-2.213296749115549467e-01,1.895602391198432379e-01,2.825791880908471235e-02,-2.031996611194159252e-01,-4.590815118042661409e-03,1.499176764326718425e-01,1.865739868477855334e-01,3.486211143287269998e-01,2.706980532875001288e-01,3.237343909972076883e-01,-2.655891909274533599e-02,2.166039424203441144e-01,-7.762787015073867314e-02,1.387363751949717838e-01,1.043473614070903194e-01,-2.680766870091332021e-02,-5.093166292493093994e-02,2.662263824721371464e-01
0.000000000000000000e+00,0.000000000000000000e+00,0.000000000000000000e+00,0.000000000000000000e+00,0.000000000000000000e+00,0.000000000000000000e+00,0.000000000000000000e+00,0.000000000000000000e+00,0.000000000000000000e+00,0.000000000000000000e+00,0.000000000000000000e+00,0.000000000000000000e+00,0.000000000000000000e+00,0.000000000000000000e+00,0.000000000000000000e+00,0.000000000000000000e+00,0.000000000000000000e+00,0.000000000000000000e+00,0.000000000000000000e+00,0.000000000000000000e+00,0.000000000000000000e+00,0.000000000000000000e+00,0.000000000000000000e+00,0.000000000000000000e+00,0.000000000000000000e+00,0.000000000000000000e+00,0.000000000000000000e+00,0.000000000000000000e+00,0.000000000000000000e+00,0.000000000000000000e+00,0.000000000000000000e+00,1.000000000000000000e+00,-7.137060748579762692e-02,-1.485085390904244129e-01,-2.066171152318985182e-01,-5.463182737182881166e-01,9.889726308274179867e-02,7.281970894751849110e-02,-2.067881366706861845e-01,2.713779311543712547e-01,1.774650290805175959e-02,1.620910572554538631e-01,2.887376649781114302e-01,2.209746501778972749e-01,-7.761667614530282089e-02,6.850617793722492410e-02,-1.574430744295118589e-01,-2.006737554796603207e-01,9.510590131578121331e-02,1.404103118240865034e-01,-2.665641246993452618e-01,5.285291651284046432e-01,-2.688377900683413535e-01,1.635998670901583907e-01,3.528045410840325302e-01,-2.145915757709905905e-02,5.559079454470043646e-02,-1.026162597772938001e-01,1.366315559829622828e-01,1.183005617481243665e-01,3.093355940499563639e-01,-1.381854958567107494e-01,8.987584003157313151e-02,5.370827812522738220e-02,1.023499797063448236e-01,1.214671844498778491e-01,2.955529651487870391e-01,-9.201974009035461533e-02,-7.653010153713446506e-02,5.310553069174082097e-01,6.662232947974825459e-01,-4.045170447750191800e-02,1.647670176231488537e-01,2.274449130784341466e-01,-5.876058724676150313e-02,1.531066903573546911e-01,2.579321090901623981e-01,4.620767771332296991e-01,3.441837312007605121e-01,-7.177361743801916050e-02,4.348107980465792943e-01,2.010864599241288242e-01,5.464259025262458991e-01,3.056827179055447430e-01,1.850581224273872005e-01,6.001690048941701189e-02,5.347196475402661298e-01,5.515488621370273625e-02,3.303701714634296738e-01,5.798790557533327616e-01,1.049628612153518520e-01,2.536325949884243175e-02,-2.386359523479043565e-01,-1.664993786406828713e-01,2.368506391445924231e-01,1.572012833809004195e-01,4.208848286045285270e-01,4.040774248143467751e-01,4.265896054829287909e-01,1.806896585937110833e-01
0.000000000000000000e+00,0.000000000000000000e+00,0.000000000000000000e+00,0.000000000000000000e+00,0.000000000000000000e+00,0.000000000000000000e+00,0.000000000000000000e+00,0.000000000000000000e+00,0.000000000000000000e+00,0.000000000000000000e+00,0.000000000000000000e+00,0.000000000000000000e+00,0.000000000000000000e+00,0.000000000000000000e+00,0.000000000000000000e+00,0.000000000000000000e+00,0.000000000000000000e+00,0.000000000000000000e+00,0.000000000000000000e+00,0.000000000000000000e+00,0.000000000000000000e+00,0.000000000000000000e+00,0.000000000000000000e+00,0.000000000000000000e+00,0.000000000000000000e+00,0.000000000000000000e+00,0.000000000000000000e+00,0.000000000000000000e+00,0.000000000000000000e+00,0.000000000000000000e+00,0.000000000000000000e+00,0.000000000000000000e+00,1.000000000000000000e+00,-6.614764755855319367e-02,-1.455304314963653811e-01,1.081727839946599184e-01,-4.942444887119084446e-02,-2.415404933984157190e-02,-6.405641265690698721e-03,7.032970839601332402e-02,1.010851973169414955e-03,5.040138012022588737e-02,2.957301519225660202e-01,1.128617672206736061e-01,2.263830963902894178e-01,1.070743983498018415e-01,5.367010585868214195e-02,9.801702747691369566e-02,2.639115471198535956e-01,-2.629491289092668049e-01,9.130415036896595560e-02,9.010673025866974828e-02,-1.730764003884555646e-01,-1.649048825531832657e-02,-1.678224277417166010e-01,-6.876440631005935333e-02,8.975769416146575294e-03,-4.408950830837793378e-02,9.198408341476173311e-02,1.043063832852997447e-01,1.023341500177463864e-01,-9.633351363607825513e-02,2.406234599729013546e-01,2.194245188931604959e-02,-6.896840224762146310e-02,2.050129385584852429e-02,1.374055788317375126e-01,2.510484866524045344e-01,-4.590744737880241289e-01,8.800365768985372872e-02,-2.939518591604729780e-02,3.198809775909489117e-01,1.630785946213451909e-01,1.687584046860157727e-01,-2.746595599849975533e-02,-1.987450380845859066e-01,1.367714935859407621e-01,2.464234549522482109e-01,-1.760093183145181317e-01,8.610610556931116988e-02,4.193541135181558244e-01,1.756247540321249218e-02,2.875439630269174818e-01,-4.386002549291679459e-02,-1.023430234933084826e-01,-1.203696030505686659e-01,3.312920939138856991e-01,3.414273087941817608e-01,2.045381469012812481e-01,6.526198795399404395e-02,4.704075661030927835e-02,-2.786116746755550391e-02,6.345211845962379638e-01,3.492072050766178437e-01,4.626015468402098173e-03,4.512792115493198253e-01,-4.595578316324104573e-02,8.875378751333451444e-02,6.032059094270886962e-02,-8.705069405156716511e-02
0.000000000000000000e+00,0.000000000000000000e+00,0.000000000000000000e+00,0.000000000000000000e+00,0.000000000000000000e+00,0.000000000000000000e+00,0.000000000000000000e+00,0.000000000000000000e+00,0.000000000000000000e+00,0.000000000000000000e+00,0.000000000000000000e+00,0.000000000000000000e+00,0.000000000000000000e+00,0.000000000000000000e+00,0.000000000000000000e+00,0.000000000000000000e+00,0.000000000000000000e+00,0.000000000000000000e+00,0.000000000000000000e+00,0.000000000000000000e+00,0.000000000000000000e+00,0.000000000000000000e+00,0.000000000000000000e+00,0.000000000000000000e+00,0.000000000000000000e+00,0.000000000000000000e+00,0.000000000000000000e+00,0.000000000000000000e+00,0.000000000000000000e+00,0.000000000000000000e+00,0.000000000000000000e+00,0.000000000000000000e+00,0.000000000000000000e+00,1.000000000000000000e+00,4.105091735319894575e-01,3.312331192774847777e-01,1.904850472389285065e-01,1.160558462420966525e-01,-1.140375553845470458e-01,8.257614866091231298e-02,3.377755443560592763e-01,1.490325333681821462e-01,1.160820172142340290e-01,-3.437899910294505562e-02,1.016300568683698446e-01,-9.217857779422883313e-02,2.924021099495807685e-01,5.623978955902454446e-01,2.668072779231289160e-01,-1.879354586334319455e-01,3.659948595975651142e-01,6.790372492171943553e-02,2.173720121042993780e-01,-2.254462921141460185e-01,2.462083870730273627e-02,-1.299096854606470453e-01,2.983377473550471448e-01,3.796634339046435769e-01,-3.986673662316614908e-01,2.550036791378090806e-01,2.553349663150509263e-01,-1.273942002999107204e-01,2.335096604093146733e-01,1.699629347496389165e-01,1.986050822935095106e-01,1.038393133223106113e-01,-1.545876872111384345e-02,2.880426247640464621e-01,2.715369665039082392e-01,-1.086122751029054874e-02,5.148879210700960801e-02,1.643692722636463099e-01,4.104300367839168184e-01,1.860338922571107556e-01,3.304558306576054205e-01,2.318638659568489635e-01,5.333684565836614988e-01,1.082465292487457126e-01,1.786775816306985787e-01,5.693375713627673029e-01,9.221863169961819207e-02,4.568748642001713711e-01,-3.459717429737889094e-01,1.548871575659275523e-01,-2.567703834330242740e-01,2.145973463946543036e-01,-2.738202704511538133e-01,1.651354350551297312e-01,1.527236928295600538e-01,5.310582183048101479e-01,1.334061239136079269e-01,3.917180826189882725e-01,3.182324987766199653e-02,2.732134183433763686e-01,4.281401448679146571e-02,2.227661222973797150e-01,2.539555622062892315e-01,5.228856058510562843e-02,-2.883834163588419042e-01,-1.507789989872604097e-01
0.000000000000000000e+00,0.000000000000000000e+00,0.000000000000000000e+00,0.000000000000000000e+00,0.000000000000000000e+00,0.000000000000000000e+00,0.000000000000000000e+00,0.000000000000000000e+00,0.000000000000000000e+00,0.000000000000000000e+00,0.000000000000000000e+00,0.000000000000000000e+00,0.000000000000000000e+00,0.000000000000000000e+00,0.000000000000000000e+00,0.000000000000000000e+00,0.000000000000000000e+00,0.000000000000000000e+00,0.000000000000000000e+00,0.000000000000000000e+00,0.000000000000000000e+00,0.000000000000000000e+00,0.000000000000000000e+00,0.000000000000000000e+00,0.000000000000000000e+00,0.000000000000000000e+00,0.000000000000000000e+00,0.000000000000000000e+00,0.000000000000000000e+00,0.000000000000000000e+00,0.000000000000000000e+00,0.000000000000000000e+00,0.000000000000000000e+00,0.000000000000000000e+00,1.000000000000000000e+00,5.750953695274692024e-01,4.370691375107405574e-01,3.100263118777950022e-01,-5.543639258901316563e-02,-1.274260615056106438e-01,3.296789745123784865e-01,1.732362628311344688e-01,8.737020930876861213e-02,-6.508823434952806797e-02,-3.705560557279118927e-01,-2.969954414148528454e-01,1.135570784252105392e-01,5.264737663336732654e-01,6.220694090450351599e-02,-7.259244492652409952e-02,3.261441661649200352e-01,-1.101012735764485551e-01,2.567906999229623288e-01,-2.253827846573056848e-01,-4.194575670419688207e-02,-3.675138347765747882e-01,1.598833241901588265e-01,2.885035036508358242e-01,-3.587617984277142735e-01,2.341784694032228165e-01,1.634166354583344860e-01,-2.131379596912107988e-01,-1.350472606829229705e-01,-1.056382843467365829e-01,2.981060321114761824e-02,1.149748293646468827e-01,-1.513639295241423766e-01,2.045408915887533124e-02,2.381617249177849227e-01,-1.252589626748794316e-01,7.403483701626870084e-02,2.658061285864400658e-02,2.214447137992876236e-01,2.199430477931936523e-01,4.130638652428546553e-01,4.586143817039529252e-02,2.702744666840901089e-01,1.249405016764319476e-01,3.266911671109872795e-01,2.427793405940610605e-01,-4.650597154115285736e-01,3.671820105760459918e-01,-6.383545936198757875e-01,-1.856893044851072039e-01,-4.908677517091201148e-01,1.424648256345018571e-01,-6.334722869533082612e-01,8.786471083904535961e-02,1.166698684399331276e-01,3.104508360230957553e-01,1.158466065671313744e-01,1.682881904102748183e-01,-1.734052032691827672e-01,-8.383728861642952834e-02,-3.366092547823201775e-01,-2.348576703961383072e-02,4.021350068279501144e-01,-5.943769494302808543e-02,-3.032458589575747765e-01,-3.634255248181211262e-01
0.000000000000000000e+00,0.000000000000000000e+00,0.000000000000000000e+00,0.000000000000000000e+00,0.000000000000000000e+00,0.000000000000000000e+00,0.000000000000000000e+00,0.000000000000000000e+00,0.000000000000000000e+00,0.000000000000000000e+00,0.000000000000000000e+00,0.000000000000000000e+00,0.000000000000000000e+00,0.000000000000000000e+00,0.000000000000000000e+00,0.000000000000000000e+00,0.000000000000000000e+00,0.000000000000000000e+00,0.000000000000000000e+00,0.000000000000000000e+00,0.000000000000000000e+00,0.000000000000000000e+00,0.000000000000000000e+00,0.000000000000000000e+00,0.000000000000000000e+00,0.000000000000000000e+00,0.000000000000000000e+00,0.000000000000000000e+00,0.000000000000000000e+00,0.000000000000000000e+00,0.000000000000000000e+00,0.000000000000000000e+00,0.000000000000000000e+00,0.000000000000000000e+00,0.000000000000000000e+00,1.000000000000000000e+00,6.774556041868415313e-02,1.015377847959762908e-01,4.456758507154408994e-02,-1.297657563654128765e-01,-3.255754406908851345e-02,6.350364826658864981e-02,2.453254087634879413e-02,-1.998197380109934529e-01,3.518583341739361242e-02,-1.889739722686155365e-02,1.067700447311514672e-01,4.592565950778716433e-01,4.119454628725365691e-02,-3.339870982782898456e-02,1.944274194617486295e-01,-1.531034617343043358e-01,5.529006994219318183e-02,5.849364881284660478e-02,-2.367799980737828602e-01,-1.271642344550394897e-02,7.557848077845320811e-02,9.045909266544353844e-02,-1.519368853373534445e-01,1.168422518509884891e-02,-3.814310960846482856e-02,1.157360386092497195e-02,7.865107440972041175e-02,-1.288595673561829247e-01,8.131799195771960420e-02,7.969806522706124330e-02,-1.044873864591906870e-01,1.908736307597254656e-01,-4.195531847978369033e-02,-1.397162740117563473e-01,1.615455588111069929e-02,-3.315482819740075277e-02,-3.332938790579505206e-02,1.022568646261202696e-01,2.250321373539191927e-01,3.482115295563766033e-02,1.589059908040280633e-01,-2.918687284990632846e-02,-6.536052951148106638e-02,1.923650515585266230e-01,-2.564165750433983759e-01,1.864411834171897375e-01,-4.323135896203689765e-01,1.897548711423895917e-01,-2.177207801685118911e-03,8.500266453390319110e-02,-3.089613276297221156e-01,2.735814875970941640e-01,9.119049584928629049e-02,1.203797737019374550e-02,-1.492647765853878650e-01,1.081100452488891750e-01,1.197095006966130033e-02,5.932252432762558092e-02,-6.368528853809561630e-02,5.826492070275706564e-02,1.247823594167027372e-02,8.044720445989761437e-02,-5.150535116368219757e-02,-1.600201521030312490e-01
0.000000000000000000e+00,0.000000000000000000e+00,0.000000000000000000e+00,0.000000000000000000e+00,0.000000000000000000e+00,0.000000000000000000e+00,0.000000000000000000e+00,0.000000000000000000e+00,0.000000000000000000e+00,0.000000000000000000e+00,0.000000000000000000e+00,0.000000000000000000e+00,0.000000000000000000e+00,0.000000000000000000e+00,0.000000000000000000e+00,0.000000000000000000e+00,0.000000000000000000e+00,0.000000000000000000e+00,0.000000000000000000e+00,0.000000000000000000e+00,0.000000000000000000e+00,0.000000000000000000e+00,0.000000000000000000e+00,0.000000000000000000e+00,0.000000000000000000e+00,0.000000000000000000e+00,0.000000000000000000e+00,0.000000000000000000e+00,0.000000000000000000e+00,0.000000000000000000e+00,0.000000000000000000e+00,0.000000000000000000e+00,0.000000000000000000e+00,0.000000000000000000e+00,0.000000000000000000e+00,0.000000000000000000e+00,1.000000000000000000e+00,3.489107761494402715e-01,-1.494841425254858081e-01,-3.192980826000155203e-02,2.422585586376555244e-01,-2.227777623646996080e-02,1.814916392245432761e-02,2.019279756061826692e-01,1.987176379990872321e-01,-1.005852888769797199e-01,8.333748586465428154e-02,1.866462507662973169e-01,-8.533630677776921081e-02,1.321940848517588751e-01,-1.604772151931911292e-02,-1.170296669650989496e-01,-8.229477663423367950e-02,-2.561557470046629814e-01,-3.408493924272271158e-02,-7.171484701502384151e-02,-3.452916663632018407e-02,3.278606058910625287e-01,-8.485932682984351216e-02,1.167338691570459080e-01,1.080123973218844596e-01,-2.869789040472685016e-01,-3.069669861202596883e-01,1.241647115944804480e-01,-2.566672084009899782e-02,2.426754532333671652e-03,-1.081727682731322554e-01,-2.255642005989971499e-01,3.723347025815220701e-01,-2.733772663363188693e-01,8.594134849214103700e-02,2.127754221277919355e-02,3.462491218536403043e-02,3.090734562285613052e-02,-3.520508359492566935e-02,-1.090189833967984273e-01,1.774113551078543016e-01,3.022521871899641610e-01,2.654133843114718783e-01,8.095405734012477150e-02,-2.322829537739481420e-01,3.167874431280240932e-01,-2.276042936302192510e-01,-1.608611810654384244e-01,-2.223720780453829482e-01,2.098753258888310935e-01,-3.247124156248334392e-01,-2.307109084595064790e-03,-5.379745539999438581e-02,1.408052329263863589e-01,1.867354603378239275e-01,-6.701173000233606736e-02,-4.031148558752735145e-01,-4.160515101418939266e-02,-3.323608741101148345e-01,2.233123778512927649e-01,3.260238823705109423e-01,-1.247295380413083604e-01,-1.573639669147665066e-01,-5.449195896604279721e-01
0.000000000000000000e+00,0.000000000000000000e+00,0.000000000000000000e+00,0.000000000000000000e+00,0.000000000000000000e+00,0.000000000000000000e+00,0.000000000000000000e+00,0.000000000000000000e+00,0.000000000000000000e+00,0.000000000000000000e+00,0.000000000000000000e+00,0.000000000000000000e+00,0.000000000000000000e+00,0.000000000000000000e+00,0.000000000000000000e+00,0.000000000000000000e+00,0.000000000000000000e+00,0.000000000000000000e+00,0.000000000000000000e+00,0.000000000000000000e+00,0.000000000000000000e+00,0.000000000000000000e+00,0.000000000000000000e+00,0.000000000000000000e+00,0.000000000000000000e+00,0.000000000000000000e+00,0.000000000000000000e+00,0.000000000000000000e+00,0.000000000000000000e+00,0.000000000000000000e+00,0.000000000000000000e+00,0.000000000000000000e+00,0.000000000000000000e+00,0.000000000000000000e+00,0.000000000000000000e+00,0.000000000000000000e+00,0.000000000000000000e+00,1.000000000000000000e+00,-7.383608797350241226e-02,-2.008208943601600197e-02,-9.245199210443902360e-02,-1.805042980123632845e-01,2.767887342000366346e-01,1.962463193868568545e-01,-7.485601822032375563e-02,1.271512954080721534e-02,8.370329523166995800e-02,9.266934378676741982e-03,1.244746928178973727e-01,1.403872124821030631e-01,1.544498191425393852e-01,2.152720267869467907e-02,8.713279216462867238e-02,2.249245777528120771e-02,1.120428101557311429e-01,-1.758906429755913159e-01,1.568882328132363002e-01,2.446601433256367364e-01,-5.198389907698276052e-02,7.874505806098951177e-02,3.453894443566438155e-01,-1.334962766055840799e-01,1.359291128691592909e-01,2.314124223063367680e-01,-3.959579710010033976e-02,-9.850381796310599125e-02,1.126272260236007433e-01,3.044861444155661651e-02,2.137253514758739592e-01,-1.409204142802957249e-01,2.831489353789099495e-01,2.089261726796814989e-01,-1.565417372905826554e-01,2.600243424784135504e-01,2.904391617337084841e-01,-1.245863763042200228e-01,1.263468345258816905e-01,3.598971945295038888e-02,2.297005860762547647e-01,3.586227858907169996e-01,1.005590666417832540e-01,3.032752855679380355e-01,-2.313752529450294748e-01,2.371360001229573175e-02,-5.242828187690055930e-02,2.855792995019817981e-01,-2.814012324999299874e-01,2.483534394414003421e-01,2.721158052465467159e-01,3.003308700797088227e-01,3.142487026195359689e-01,5.291351336243103366e-03,-5.662296107415219076e-02,3.495517861138842108e-01,-2.026254740821968880e-01,2.550692362912905242e-01,1.443430854925375206e-01,-4.226634692876735100e-02,3.597254410473028630e-01,3.736263337617225927e-02
0.000000000000000000e+00,0.000000000000000000e+00,0.000000000000000000e+00,0.000000000000000000e+00,0.000000000000000000e+00,0.000000000000000000e+00,0.000000000000000000e+00,0.000000000000000000e+00,0.000000000000000000e+00,0.000000000000000000e+00,0.000000000000000000e+00,0.000000000000000000e+00,0.000000000000000000e+00,0.000000000000000000e+00,0.000000000000000000e+00,0.000000000000000000e+00,0.000000000000000000e+00,0.000000000000000000e+00,0.000000000000000000e+00,0.000000000000000000e+00,0.000000000000000000e+00,0.000000000000000000e+00,0.000000000000000000e+00,0.000000000000000000e+00,0.000000000000000000e+00,0.000000000000000000e+00,0.000000000000000000e+00,0.000000000000000000e+00,0.000000000000000000e+00,0.000000000000000000e+00,0.000000000000000000e+00,0.000000000000000000e+00,0.000000000000000000e+00,0.000000000000000000e+00,0.000000000000000000e+00,0.000000000000000000e+00,0.000000000000000000e+00,0.000000000000000000e+00,1.000000000000000000e+00,-8.059090288641801436e-01,-5.576957008968055352e-01,-4.756873569852088091e-01,4.590941224709783886e-02,2.307170400403817656e-01,-7.617284936164402109e-02,6.142786368762106486e-01,1.341608555942933045e-01,-2.575839365139060422e-01,-6.658276926216333269e-01,-1.574336837711563797e-01,-1.904140544893570264e-01,-5.256301503476119574e-01,7.237586135436432366e-01,-4.393826015981280864e-02,-1.179462402434312690e-01,2.412567462542788144e-01,-4.218997814153776504e-01,4.490956287995904184e-01,3.378829577239739201e-01,-5.535651094928173421e-01,-8.303349883410566790e-01,1.000000000000000000e+00,-5.435525366734721420e-01,-2.846266209892271415e-01,2.289262324694728984e-02,-6.411979656016913998e-01,-3.904168757190754069e-01,-2.795264317031072032e-01,-2.785274028660941203e-01,2.549490263305288495e-01,-3.684008403741300119e-01,3.969500949994007599e-01,5.613021330043660440e-01,-5.724085051883472941e-01,-1.770610094489560860e-02,1.959664037027457062e-01,-1.000000000000000000e+00,-4.055356420630565339e-01,4.850409472870919059e-01,-5.841030858663153191e-01,-7.129298956514188434e-01,-5.915959315992005418e-01,-3.059875541114637221e-01,-2.266738486101334271e-01,3.138080299915507188e-01,-4.583961557174682233e-01,6.509721124053671204e-01,-9.467362089803006697e-02,-3.584517421818360638e-01,-9.220604015536782994e-01,1.849484912673607373e-01,-5.914962467898418064e-01,-2.656105613357491180e-01,-6.722450620302670155e-01,8.255322490584773854e-02,-9.555050645570702939e-01,2.245515932107207679e-01,6.373173118086115918e-02,8.269250878118586390e-02,4.463238680242407885e-01
0.000000000000000000e+00,0.000000000000000000e+00,0.000000000000000000e+00,0.000000000000000000e+00,0.000000000000000000e+00,0.000000000000000000e+00,0.000000000000000000e+00,0.000000000000000000e+00,0.000000000000000000e+00,0.000000000000000000e+00,0.000000000000000000e+00,0.000000000000000000e+00,0.000000000000000000e+00,0.000000000000000000e+00,0.000000000000000000e+00,0.000000000000000000e+00,0.000000000000000000e+00,0.000000000000000000e+00,0.000000000000000000e+00,0.000000000000000000e+00,0.000000000000000000e+00,0.000000000000000000e+00,0.000000000000000000e+00,0.000000000000000000e+00,0.000000000000000000e+00,0.000000000000000000e+00,0.000000000000000000e+00,0.000000000000000000e+00,0.000000000000000000e+00,0.000000000000000000e+00,0.000000000000000000e+00,0.000000000000000000e+00,0.000000000000000000e+00,0.000000000000000000e+00,0.000000000000000000e+00,0.000000000000000000e+00,0.000000000000000000e+00,0.000000000000000000e+00,0.000000000000000000e+00,1.000000000000000000e+00,3.910008813572365960e-01,4.455964876723002011e-01,3.456675442826691036e-01,-1.478101133909150711e-01,1.421505711839242958e-01,-3.763503504595850369e-01,-2.469580864971749057e-01,-1.060676953929145933e-01,5.853834129485749882e-01,-9.247295027864613215e-02,9.305255585787540473e-02,6.477584827847567839e-01,-4.876006610564768140e-01,2.125629791593184048e-01,1.653007568343691502e-01,-9.415906203265467234e-02,2.371509304990890576e-01,-3.362207950254315625e-01,-8.743054984225263893e-02,5.404139728326859959e-01,8.195511060550064730e-01,-7.192134895094193237e-01,7.802629176454298765e-01,3.573438214366567722e-01,3.156485963861244137e-02,5.256365766519484062e-01,5.593735151755075963e-01,2.996753400837084969e-01,-6.818755076874703780e-02,1.978744262048398594e-01,2.548942529060232443e-01,-4.831148086419560506e-01,-3.578995995008347752e-01,6.693305768144947043e-01,2.218430534642556740e-01,1.998623223838810747e-01,8.987829118689855123e-01,5.481076577253959359e-01,-6.556973753629548041e-01,3.654046552802469039e-01,1.000000000000000000e+00,2.630729004440947039e-01,6.894249567845707194e-01,3.379731245349233970e-01,2.105675341959004077e-01,8.469739897596105516e-02,3.710343072780505347e-01,-4.997697377711421418e-02,5.106690544780290164e-01,7.780184545187580625e-01,1.115770778362556170e-01,3.678325129618978395e-01,2.637359866749529602e-01,5.793604000567417200e-01,3.655353895726144997e-01,5.853728570358617267e-01,-4.196305803409436930e-01,-4.766114529479509830e-03,1.264724017458018213e-01,5.743055390945567967e-02
0.000000000000000000e+00,0.000000000000000000e+00,0.000000000000000000e+00,0.000000000000000000e+00,0.000000000000000000e+00,0.000000000000000000e+00,0.000000000000000000e+00,0.000000000000000000e+00,0.000000000000000000e+00,0.000000000000000000e+00,0.000000000000000000e+00,0.000000000000000000e+00,0.000000000000000000e+00,0.000000000000000000e+00,0.000000000000000000e+00,0.000000000000000000e+00,0.000000000000000000e+00,0.000000000000000000e+00,0.000000000000000000e+00,0.000000000000000000e+00,0.000000000000000000e+00,0.000000000000000000e+00,0.000000000000000000e+00,0.000000000000000000e+00,0.000000000000000000e+00,0.000000000000000000e+00,0.000000000000000000e+00,0.000000000000000000e+00,0.000000000000000000e+00,0.000000000000000000e+00,0.000000000000000000e+00,0.000000000000000000e+00,0.000000000000000000e+00,0.000000000000000000e+00,0.000000000000000000e+00,0.000000000000000000e+00,0.000000000000000000e+00,0.000000000000000000e+00,0.000000000000000000e+00,0.000000000000000000e+00,1.000000000000000000e+00,4.041747415056993198e-01,7.626126725670165363e-02,1.922180710880624643e-01,8.217540966819260329e-02,-8.375748285677783733e-02,1.314951692180359177e-02,1.509753925993659318e-01,1.631063968603025105e-01,-8.325312798678670412e-02,1.532732056806908882e-01,2.767050847956589385e-02,4.606581493896973190e-02,-8.468161206599948698e-02,1.741054157481608800e-01,-1.799593503346259560e-01,1.393967198630286786e-01,-1.253391983677438759e-01,-1.651444002397786659e-01,4.513070771535967335e-02,2.129531918692311454e-01,-1.970314320177516676e-01,-1.069959204473275721e-01,-9.424701589496493892e-02,8.481852600934663977e-02,2.435052248125856855e-01,5.067904159907719863e-02,6.051946839415941332e-02,-3.322902872125935159e-02,6.230943150834312300e-02,-5.178476595305681052e-02,1.239989014551977631e-01,1.794558585049508270e-01,1.717648794520948430e-01,-2.141514508643334869e-01,2.202896319647553169e-01,3.141732878711624433e-01,3.168743124467980343e-01,-2.425414218561463831e-01,5.736061660834228249e-02,1.506840116945140085e-01,2.694325922925754346e-01,2.210058983989375558e-01,-1.515412233320319879e-01,-4.779465593550107916e-01,-2.128726931075133541e-02,-8.504858214227850599e-02,2.746370294106725840e-01,-1.736701526220719993e-02,1.741459056024300678e-01,-2.448534439311333966e-02,3.508584969227692696e-01,1.060433428546339041e-01,1.300709352549584696e-01,1.105611228832808213e-01,2.457621426074949877e-01,1.142044294145623112e-01,-4.840784149275321330e-02,-1.129717643789671794e-01,-1.452198288562028261e-01
0.000000000000000000e+00,0.000000000000000000e+00,0.000000000000000000e+00,0.000000000000000000e+00,0.000000000000000000e+00,0.000000000000000000e+00,0.000000000000000000e+00,0.000000000000000000e+00,0.000000000000000000e+00,0.000000000000000000e+00,0.000000000000000000e+00,0.000000000000000000e+00,0.000000000000000000e+00,0.000000000000000000e+00,0.000000000000000000e+00,0.000000000000000000e+00,0.000000000000000000e+00,0.000000000000000000e+00,0.000000000000000000e+00,0.000000000000000000e+00,0.000000000000000000e+00,0.000000000000000000e+00,0.000000000000000000e+00,0.000000000000000000e+00,0.000000000000000000e+00,0.000000000000000000e+00,0.000000000000000000e+00,0.000000000000000000e+00,0.000000000000000000e+00,0.000000000000000000e+00,0.000000000000000000e+00,0.000000000000000000e+00,0.000000000000000000e+00,0.000000000000000000e+00,0.000000000000000000e+00,0.000000000000000000e+00,0.000000000000000000e+00,0.000000000000000000e+00,0.000000000000000000e+00,0.000000000000000000e+00,0.000000000000000000e+00,1.000000000000000000e+00,1.826198584574723338e-01,1.202957808461108460e-02,4.786997144880476840e-02,-1.607864120035681077e-01,-1.468839289504935142e-01,1.575408329330266199e-01,6.659629043147934080e-02,-9.498117237776040889e-02,1.186169655916040899e-01,3.887128219204481760e-02,-1.370148786438960820e-01,7.508038866019228763e-02,8.680830557559265914e-02,5.019310245055500636e-02,6.543541100967302515e-02,-1.535092289678015309e-01,1.581082806060903068e-02,6.203061873647792990e-02,6.490153573824378186e-02,-1.021204422083793056e-01,1.257002747550151761e-02,-3.175612451289805405e-01,1.297091974759585487e-01,2.972339153962983982e-01,6.953665104486428383e-02,2.078694121184326005e-01,-3.601167605993118026e-01,1.849814111036559294e-01,1.166807215487434130e-01,5.503203752173688179e-02,8.594997967394553406e-02,3.676462216287104678e-01,-1.294714264531007242e-01,1.146215657114906805e-01,3.397115094627790599e-01,4.573239049931210332e-01,-1.271789514888138455e-02,-1.398909007505713120e-01,1.444884761769411607e-01,-9.149897647679193502e-02,2.116068526477663525e-01,-8.634238926151906190e-02,-1.462366780076025108e-01,-1.406266946084503977e-01,3.070453269640952693e-03,1.621457098866077862e-01,1.264305913581920040e-03,1.464996039840618380e-01,-1.791797481707982642e-01,2.192839020183469656e-01,1.749778345045563399e-01,7.959415176742239140e-02,3.944073588741490721e-01,6.242665178621581434e-02,-5.288498190143881006e-02,1.056997414395116353e-01,6.395612200936938441e-02,-2.638464012541563153e-01
0.000000000000000000e+00,0.000000000000000000e+00,0.000000000000000000e+00,0.000000000000000000e+00,0.000000000000000000e+00,0.000000000000000000e+00,0.000000000000000000e+00,0.000000000000000000e+00,0.000000000000000000e+00,0.000000000000000000e+00,0.000000000000000000e+00,0.000000000000000000e+00,0.000000000000000000e+00,0.000000000000000000e+00,0.000000000000000000e+00,0.000000000000000000e+00,0.000000000000000000e+00,0.000000000000000000e+00,0.000000000000000000e+00,0.000000000000000000e+00,0.000000000000000000e+00,0.000000000000000000e+00,0.000000000000000000e+00,0.000000000000000000e+00,0.000000000000000000e+00,0.000000000000000000e+00,0.000000000000000000e+00,0.000000000000000000e+00,0.000000000000000000e+00,0.000000000000000000e+00,0.000000000000000000e+00,0.000000000000000000e+00,0.000000000000000000e+00,0.000000000000000000e+00,0.000000000000000000e+00,0.000000000000000000e+00,0.000000000000000000e+00,0.000000000000000000e+00,0.000000000000000000e+00,0.000000000000000000e+00,0.000000000000000000e+00,0.000000000000000000e+00,1.000000000000000000e+00,1.270232065701563939e-01,7.847015665025000586e-02,-9.220123306123014298e-03,-1.436206072119909360e-01,-1.373512661966728738e-03,1.515954060570450790e-01,-1.385639286207782372e-01,9.568627843896926333e-02,1.390410712439915653e-01,2.242684706511418810e-02,1.365972452525715808e-01,1.487959022412801424e-01,-1.161953156590831981e-01,2.512148220751727820e-02,9.582854581759049639e-02,7.405540185116356311e-02,1.184203947894595377e-01,2.170807497623065685e-01,-8.405268197595833213e-02,9.368768085595260975e-02,-1.472955262938474390e-02,-1.202308387045415879e-02,6.027950241761844546e-02,1.511284438539586272e-01,2.409503919201645417e-01,-2.083902671009922325e-01,1.187914600353374428e-01,1.297292608964058236e-01,4.543734967274423719e-02,7.195538914891676241e-02,2.174140801077544261e-01,7.762882209424905311e-02,1.367516919018145205e-01,6.812041672325937214e-02,2.257223966038557073e-01,1.049353449171433611e-01,1.848291637136662349e-02,1.864829759473708715e-01,2.175714707754814944e-02,7.153535941320571245e-02,1.096283501413756467e-01,3.695576575960109189e-02,-2.392605654939732041e-01,4.573467876655015751e-01,3.055042440186491182e-01,2.964299308038789715e-01,2.940670345678099706e-01,2.120498489939626474e-01,3.677209207612112257e-02,1.985126301205322741e-02,1.165543994505440772e-01,2.129684177515052314e-03,4.109278419283031447e-02,-2.053292258455255426e-02,1.904753658952075268e-01,1.807704837101307693e-01,9.036959266855579265e-02
0.000000000000000000e+00,0.000000000000000000e+00,0.000000000000000000e+00,0.000000000000000000e+00,0.000000000000000000e+00,0.000000000000000000e+00,0.000000000000000000e+00,0.000000000000000000e+00,0.000000000000000000e+00,0.000000000000000000e+00,0.000000000000000000e+00,0.000000000000000000e+00,0.000000000000000000e+00,0.000000000000000000e+00,0.000000000000000000e+00,0.000000000000000000e+00,0.000000000000000000e+00,0.000000000000000000e+00,0.000000000000000000e+00,0.000000000000000000e+00,0.000000000000000000e+00,0.000000000000000000e+00,0.000000000000000000e+00,0.000000000000000000e+00,0.000000000000000000e+00,0.000000000000000000e+00,0.000000000000000000e+00,0.000000000000000000e+00,0.000000000000000000e+00,0.000000000000000000e+00,0.000000000000000000e+00,0.000000000000000000e+00,0.000000000000000000e+00,0.000000000000000000e+00,0.000000000000000000e+00,0.000000000000000000e+00,0.000000000000000000e+00,0.000000000000000000e+00,0.000000000000000000e+00,0.000000000000000000e+00,0.000000000000000000e+00,0.000000000000000000e+00,0.000000000000000000e+00,1.000000000000000000e+00,1.660561480962776185e-03,2.085719006465582559e-01,-5.808550245396222611e-02,-1.215975437771402851e-01,3.362659854544419041e-02,-7.354680289876715238e-02,-1.054832929193366547e-01,1.288567423231260778e-01,1.512595714914209688e-01,-1.405505922775554528e-01,2.456582687189226566e-01,-1.385169849481215076e-01,6.324074381926686472e-02,1.120046642112937224e-01,3.090407751161305255e-02,1.190754125710038504e-02,1.880043479383135818e-01,5.034161689651203003e-02,-8.309325507387145537e-02,1.320570376020690356e-03,6.092485458392908615e-02,-7.637688556546025354e-02,1.572785977779708744e-01,-9.340153769558180719e-02,-1.428834951906434066e-02,1.718311049057635043e-01,1.403598320759990581e-01,1.530139363316330436e-01,3.858468730116410006e-02,-6.835685569959365493e-02,8.869949830037705471e-03,-1.599495905530560480e-01,-7.821646659993786166e-02,3.073178950404385074e-02,1.593656516284157679e-02,-2.779287545795734379e-02,1.542004752849648330e-01,-4.193914125978717017e-03,1.196698039997395185e-01,-1.524433047517138318e-01,-2.150355758093682179e-01,1.950452444893671922e-01,2.540615245103358330e-02,1.260350138437483017e-02,2.397291970813488979e-02,9.232585609958897377e-02,1.877064902829236048e-01,-1.085857560795657345e-01,7.024216674691789730e-02,7.775484171449434379e-02,9.439799200741688656e-02,1.777501165708926800e-01,2.023075799895087123e-01,-1.353359692857938890e-01,1.089353040395102667e-01,1.684418626490133408e-01
0.000000000000000000e+00,0.000000000000000000e+00,0.000000000000000000e+00,0.000000000000000000e+00,0.000000000000000000e+00,0.000000000000000000e+00,0.000000000000000000e+00,0.000000000000000000e+00,0.000000000000000000e+00,0.000000000000000000e+00,0.000000000000000000e+00,0.000000000000000000e+00,0.000000000000000000e+00,0.000000000000000000e+00,0.000000000000000000e+00,0.000000000000000000e+00,0.000000000000000000e+00,0.000000000000000000e+00,0.000000000000000000e+00,0.000000000000000000e+00,0.000000000000000000e+00,0.000000000000000000e+00,0.000000000000000000e+00,0.000000000000000000e+00,0.000000000000000000e+00,0.000000000000000000e+00,0.000000000000000000e+00,0.000000000000000000e+00,0.000000000000000000e+00,0.000000000000000000e+00,0.000000000000000000e+00,0.000000000000000000e+00,0.000000000000000000e+00,0.000000000000000000e+00,0.000000000000000000e+00,0.000000000000000000e+00,0.000000000000000000e+00,0.000000000000000000e+00,0.000000000000000000e+00,0.000000000000000000e+00,0.000000000000000000e+00,0.000000000000000000e+00,0.000000000000000000e+00,0.000000000000000000e+00,1.000000000000000000e+00,1.236290829636461086e-01,7.996060392089222868e-02,-1.816293108023227937e-02,1.043492298535038248e-01,-1.506067789583044325e-01,-5.764255278371213653e-02,2.605919219761955105e-02,4.679313426574569119e-03,4.517938463672054733e-02,-7.924764024663331907e-02,1.497004191386192840e-01,6.704137960480156810e-02,1.911696161313725939e-01,-3.207216663949610282e-03,7.003329139823450539e-03,2.668625628623874299e-02,-2.712312476435325623e-02,8.479513685553884128e-02,4.989264338823066330e-02,3.487131744549897688e-02,8.284730989621220953e-02,5.523583088305914976e-03,5.423087797917085923e-02,-1.302769905139359030e-01,-1.068009434676045200e-01,4.521276453290627717e-02,7.409910692427855439e-02,-1.609580901914647311e-01,-1.118219564561622886e-01,-1.588530113787728348e-02,-7.240904904523805252e-02,7.546240223950512194e-02,1.869874491494029900e-01,-8.510144587055255838e-02,-1.463613311666052963e-01,1.843937383375023609e-01,2.030755637207889291e-02,4.187956986907615670e-02,-6.218195692804772551e-02,-4.248371577443108005e-02,-1.315473795967757598e-01,7.460830893673352227e-02,1.852998140115248993e-01,4.979643172261882800e-02,-9.265673287765334443e-02,1.132677965741821918e-01,1.758734561185041068e-01,4.379633832245032055e-02,2.596039435841479559e-01,-1.761337305060660732e-02,3.193958863059038200e-01,-6.615406002612936320e-02,6.173174525484818875e-02,4.558341100817864949e-02,-1.545098612465479748e-01
0.000000000000000000e+00,0.000000000000000000e+00,0.000000000000000000e+00,0.000000000000000000e+00,0.000000000000000000e+00,0.000000000000000000e+00,0.000000000000000000e+00,0.000000000000000000e+00,0.000000000000000000e+00,0.000000000000000000e+00,0.000000000000000000e+00,0.000000000000000000e+00,0.000000000000000000e+00,0.000000000000000000e+00,0.000000000000000000e+00,0.000000000000000000e+00,0.000000000000000000e+00,0.000000000000000000e+00,0.000000000000000000e+00,0.000000000000000000e+00,0.000000000000000000e+00,0.000000000000000000e+00,0.000000000000000000e+00,0.000000000000000000e+00,0.000000000000000000e+00,0.000000000000000000e+00,0.000000000000000000e+00,0.000000000000000000e+00,0.000000000000000000e+00,0.000000000000000000e+00,0.000000000000000000e+00,0.000000000000000000e+00,0.000000000000000000e+00,0.000000000000000000e+00,0.000000000000000000e+00,0.000000000000000000e+00,0.000000000000000000e+00,0.000000000000000000e+00,0.000000000000000000e+00,0.000000000000000000e+00,0.000000000000000000e+00,0.000000000000000000e+00,0.000000000000000000e+00,0.000000000000000000e+00,0.000000000000000000e+00,1.000000000000000000e+00,1.758985424656422936e-01,-1.731083455706843022e-01,-2.085186305254644323e-01,-9.008672587470237247e-02,-1.415027945933348685e-01,3.878207870580058919e-02,1.387009406417053503e-01,1.099620246347297013e-02,1.466960719347228451e-02,1.764413023890301913e-01,-8.889495359337398761e-02,1.557559027451627942e-01,1.945290590666037545e-01,-2.218268746827583016e-01,-5.915442260183498974e-02,2.874113280944226023e-01,-2.035820726497080124e-01,1.204873791844694383e-02,1.413466479873099202e-01,-2.449748425395039189e-02,1.488172574719588415e-01,-5.368986086485857262e-02,-9.296525256499692247e-02,8.792510049053593735e-02,1.473882105484073946e-01,1.984203100727490177e-01,3.113352552385106886e-01,-3.247210440578405799e-01,2.205358924548198041e-01,1.853154831245997503e-01,-2.601649418196887442e-01,1.521088995699045043e-01,3.123170537921818313e-01,-2.079357776595461560e-01,-6.178862927386592763e-02,-1.676202049834885355e-01,2.983992268968732042e-01,2.630947618576450972e-02,1.319006575555898286e-01,2.066232848062715677e-01,2.866278201114028090e-01,2.064065992572645947e-01,4.452446404404446917e-02,-1.968121117528980890e-01,1.613333543509778978e-01,-6.065411604298365927e-02,1.797358462135882906e-01,7.652198601055368310e-02,1.572169468684177229e-01,9.388158739633592487e-02,2.053573960818844968e-01,1.153081478664358533e-01,3.618788080375066607e-01,3.018812428428532812e-01
0.000000000000000000e+00,0.000000000000000000e+00,0.000000000000000000e+00,0.000000000000000000e+00,0.000000000000000000e+00,0.000000000000000000e+00,0.000000000000000000e+00,0.000000000000000000e+00,0.000000000000000000e+00,0.000000000000000000e+00,0.000000000000000000e+00,0.000000000000000000e+00,0.000000000000000000e+00,0.000000000000000000e+00,0.000000000000000000e+00,0.000000000000000000e+00,0.000000000000000000e+00,0.000000000000000000e+00,0.000000000000000000e+00,0.000000000000000000e+00,0.000000000000000000e+00,0.000000000000000000e+00,0.000000000000000000e+00,0.000000000000000000e+00,0.000000000000000000e+00,0.000000000000000000e+00,0.000000000000000000e+00,0.000000000000000000e+00,0.000000000000000000e+00,0.000000000000000000e+00,0.000000000000000000e+00,0.000000000000000000e+00,0.000000000000000000e+00,0.000000000000000000e+00,0.000000000000000000e+00,0.000000000000000000e+00,0.000000000000000000e+00,0.000000000000000000e+00,0.000000000000000000e+00,0.000000000000000000e+00,0.000000000000000000e+00,0.000000000000000000e+00,0.000000000000000000e+00,0.000000000000000000e+00,0.000000000000000000e+00,0.000000000000000000e+00,1.000000000000000000e+00,4.217889209172446807e-01,1.316286744943617470e-01,-1.597880146807744220e-02,3.914563356999674615e-01,3.403646067925941709e-02,6.136344849016438924e-02,-1.393610346759618646e-01,-8.737323396147919988e-03,6.569996595854665777e-02,1.560403614947419859e-01,4.062493618338962054e-01,-2.094241943662311090e-01,1.240140670392334693e-01,2.004521808591906706e-01,7.038507131960654306e-02,1.037375982972385674e-01,3.592736246568934422e-01,2.841489682078033874e-01,-2.632034891748823435e-01,-2.018424551320945060e-01,2.282363256992412937e-01,3.160887008264809950e-01,-1.548281034743547724e-01,1.762200255748684885e-01,3.187652157034598921e-01,3.263674796802504274e-01,4.390362359984890245e-02,3.530927100571835120e-01,1.286780403533144546e-01,1.191843254560143173e-01,-5.103768372322843583e-02,3.048651736262535938e-01,5.771592070029420984e-01,5.680895292280624398e-02,3.446271185282803740e-01,-1.684946570629707596e-01,-3.043727032524804962e-02,1.692857219873053209e-01,2.144449920283589273e-01,-2.617227087105895578e-01,3.120375763828765470e-01,2.657965026924367646e-01,1.900919568121605119e-01,2.365164490784339435e-01,2.414252580883805566e-01,3.285575626779966285e-01,3.363854259343518338e-01,-1.373358048904912421e-01,2.714133125556058013e-01,4.725694367012475139e-01,2.038296385438228553e-01,-9.657299218533567375e-02,-7.281733326582558175e-02
0.000000000000000000e+00,0.000000000000000000e+00,0.000000000000000000e+00,0.000000000000000000e+00,0.000000000000000000e+00,0.000000000000000000e+00,0.000000000000000000e+00,0.000000000000000000e+00,0.000000000000000000e+00,0.000000000000000000e+00,0.000000000000000000e+00,0.000000000000000000e+00,0.000000000000000000e+00,0.000000000000000000e+00,0.000000000000000000e+00,0.000000000000000000e+00,0.000000000000000000e+00,0.000000000000000000e+00,0.000000000000000000e+00,0.000000000000000000e+00,0.000000000000000000e+00,0.000000000000000000e+00,0.000000000000000000e+00,0.000000000000000000e+00,0.000000000000000000e+00,0.000000000000000000e+00,0.000000000000000000e+00,0.000000000000000000e+00,0.000000000000000000e+00,0.000000000000000000e+00,0.000000000000000000e+00,0.000000000000000000e+00,0.000000000000000000e+00,0.000000000000000000e+00,0.000000000000000000e+00,0.000000000000000000e+00,0.000000000000000000e+00,0.000000000000000000e+00,0.000000000000000000e+00,0.000000000000000000e+00,0.000000000000000000e+00,0.000000000000000000e+00,0.000000000000000000e+00,0.000000000000000000e+00,0.000000000000000000e+00,0.000000000000000000e+00,0.000000000000000000e+00,1.000000000000000000e+00,1.354690865501057551e-01,-7.740598068165095713e-02,5.123234517222546858e-01,7.617707501961991368e-02,-9.570011690791264264e-03,-3.520723171371229615e-02,-1.402974080339579876e-01,3.134435786519278178e-02,1.915478920544178565e-01,1.732682413163477986e-01,-2.443660206422184344e-01,1.782520082058529354e-01,1.072251098377925843e-01,-1.267195142990132362e-01,9.895643255085029288e-02,-7.105629250947305409e-02,2.848556176036598497e-01,9.680555942267617120e-02,-8.103052943281231768e-02,3.525995243203795537e-01,-4.334834491983611399e-02,-8.422601723343281499e-02,2.362773910185625437e-01,2.408218521069294404e-01,3.006218724577632839e-01,3.113813873565107748e-01,1.981522254543280348e-01,8.436885560672485740e-02,5.186001880942777698e-01,1.344619881876982781e-01,2.363131454766273787e-01,4.979517744972982163e-01,-3.813953480821431069e-02,3.390781781755722868e-01,-2.718927316827589591e-01,3.822114920474771749e-01,-1.791530235219082889e-01,3.389139573055588994e-01,-2.651180510224303566e-01,3.861058197812835546e-01,1.854228330807514979e-01,3.588490322774612329e-01,-1.790329701720830280e-01,2.911206157529617755e-01,1.465114888055070452e-01,1.066410358312844114e-01,-1.987494892056293136e-02,2.504191458880537513e-01,3.644474941340917762e-01,2.494066188232607895e-01,-1.072144045785246858e-01,-3.578599220171093664e-01
0.000000000000000000e+00,0.000000000000000000e+00,0.000000000000000000e+00,0.000000000000000000e+00,0.000000000000000000e+00,0.000000000000000000e+00,0.000000000000000000e+00,0.000000000000000000e+00,0.000000000000000000e+00,0.000000000000000000e+00,0.000000000000000000e+00,0.000000000000000000e+00,0.000000000000000000e+00,0.000000000000000000e+00,0.000000000000000000e+00,0.000000000000000000e+00,0.000000000000000000e+00,0.000000000000000000e+00,0.000000000000000000e+00,0.000000000000000000e+00,0.000000000000000000e+00,0.000000000000000000e+00,0.000000000000000000e+00,0.000000000000000000e+00,0.000000000000000000e+00,0.000000000000000000e+00,0.000000000000000000e+00,0.000000000000000000e+00,0.000000000000000000e+00,0.000000000000000000e+00,0.000000000000000000e+00,0.000000000000000000e+00,0.000000000000000000e+00,0.000000000000000000e+00,0.000000000000000000e+00,0.000000000000000000e+00,0.000000000000000000e+00,0.000000000000000000e+00,0.000000000000000000e+00,0.000000000000000000e+00,0.000000000000000000e+00,0.000000000000000000e+00,0.000000000000000000e+00,0.000000000000000000e+00,0.000000000000000000e+00,0.000000000000000000e+00,0.000000000000000000e+00,0.000000000000000000e+00,1.000000000000000000e+00,-1.728202022158384921e-01,1.533412745509946662e-01,2.942334109893803840e-01,-1.594512292648502527e-01,6.820731287110118335e-02,5.574955064358094042e-02,-1.618870250763941587e-01,3.184098164508922246e-01,1.712571714226000519e-01,-1.432922754633146889e-01,4.538002887543006181e-01,4.898137039597396658e-01,-3.767712096267278876e-01,4.092133743515166122e-01,2.473341786167618239e-01,5.220778551830494024e-02,1.916043645349326530e-01,2.095215913806003916e-01,4.420729260979371356e-01,6.521822181236144877e-02,1.867939625480027066e-01,4.011891688407519529e-01,2.046309926647731925e-01,-7.337220896391595526e-02,1.956177704063100931e-01,3.586867177444991173e-01,-1.623508502443191948e-01,4.617028664454045361e-01,4.825326832370573082e-02,-1.307840006662981669e-01,4.520827939725366451e-01,4.878444472687734623e-01,4.322393638807862093e-01,-7.610676862639170759e-02,9.524723774988366753e-02,-4.191686806159079792e-02,1.933849458431806390e-01,-1.062356637713969959e-01,2.982718331944649304e-01,4.751924457684555403e-01,5.725500539460631755e-01,3.470127287452263176e-01,4.490308227951411157e-01,3.490012653802632703e-01,7.351120091778438059e-01,-1.972758967250194950e-01,5.900258627160878122e-01,5.165821875627756021e-02,1.902361150749336538e-01,-2.588502089857770000e-02,1.275304624200969128e-01
0.000000000000000000e+00,0.000000000000000000e+00,0.000000000000000000e+00,0.000000000000000000e+00,0.000000000000000000e+00,0.000000000000000000e+00,0.000000000000000000e+00,0.000000000000000000e+00,0.000000000000000000e+00,0.000000000000000000e+00,0.000000000000000000e+00,0.000000000000000000e+00,0.000000000000000000e+00,0.000000000000000000e+00,0.000000000000000000e+00,0.000000000000000000e+00,0.000000000000000000e+00,0.000000000000000000e+00,0.000000000000000000e+00,0.000000000000000000e+00,0.000000000000000000e+00,0.000000000000000000e+00,0.000000000000000000e+00,0.000000000000000000e+00,0.000000000000000000e+00,0.000000000000000000e+00,0.000000000000000000e+00,0.000000000000000000e+00,0.000000000000000000e+00,0.000000000000000000e+00,0.000000000000000000e+00,0.000000000000000000e+00,0.000000000000000000e+00,0.000000000000000000e+00,0.000000000000000000e+00,0.000000000000000000e+00,0.000000000000000000e+00,0.000000000000000000e+00,0.000000000000000000e+00,0.000000000000000000e+00,0.000000000000000000e+00,0.000000000000000000e+00,0.000000000000000000e+00,0.000000000000000000e+00,0.000000000000000000e+00,0.000000000000000000e+00,0.000000000000000000e+00,0.000000000000000000e+00,0.000000000000000000e+00,1.000000000000000000e+00,-1.386855377328406920e-02,-1.925943415678590120e-01,-1.097545413372563033e-01,1.916811960669449299e-04,3.274627811507591080e-01,1.057230366375543074e-01,-3.960493457558955654e-02,-4.575002811370354472e-02,8.645666371213271695e-02,-1.581031328675494563e-01,-1.454365084970994648e-01,9.594647551545132380e-02,-3.587658302506565033e-01,2.042703382065516604e-02,-1.346318666415181331e-01,-8.883676433322824917e-02,-2.315174583740473024e-02,-6.476980718684744332e-04,5.914832348358888270e-01,-4.162123629331142549e-01,-1.963597910306359440e-01,-2.814578242149970988e-01,-3.555053403371927767e-01,-1.850478643419095626e-01,-2.717161331598645924e-01,-1.097735787566927607e-01,1.636774163708648935e-02,-4.870596752519288919e-01,2.048194018847879494e-01,1.666913958331779910e-01,-2.813907987453336257e-01,3.668444750968576085e-02,-2.646755193216027702e-01,2.880003228312714714e-01,1.266869005573525997e-01,1.725710065846636221e-01,-2.866494126510906182e-01,-1.948075528793610234e-01,3.569445600790209332e-03,-5.684374300358134915e-03,-2.694440701235167324e-01,1.311126336536227177e-01,-4.542589163462516511e-01,-2.750446795217465490e-01,1.155347380936153773e-01,-3.826105390061084743e-01,1.625081505026172157e-01,-9.985235624807420329e-02,4.350788483253936745e-02,2.606910321123946661e-02
0.000000000000000000e+00,0.000000000000000000e+00,0.000000000000000000e+00,0.000000000000000000e+00,0.000000000000000000e+00,0.000000000000000000e+00,0.000000000000000000e+00,0.000000000000000000e+00,0.000000000000000000e+00,0.000000000000000000e+00,0.000000000000000000e+00,0.000000000000000000e+00,0.000000000000000000e+00,0.000000000000000000e+00,0.000000000000000000e+00,0.000000000000000000e+00,0.000000000000000000e+00,0.000000000000000000e+00,0.000000000000000000e+00,0.000000000000000000e+00,0.000000000000000000e+00,0.000000000000000000e+00,0.000000000000000000e+00,0.000000000000000000e+00,0.000000000000000000e+00,0.000000000000000000e+00,0.000000000000000000e+00,0.000000000000000000e+00,0.000000000000000000e+00,0.000000000000000000e+00,0.000000000000000000e+00,0.000000000000000000e+00,0.000000000000000000e+00,0.000000000000000000e+00,0.000000000000000000e+00,0.000000000000000000e+00,0.000000000000000000e+00,0.000000000000000000e+00,0.000000000000000000e+00,0.000000000000000000e+00,0.000000000000000000e+00,0.000000000000000000e+00,0.000000000000000000e+00,0.000000000000000000e+00,0.000000000000000000e+00,0.000000000000000000e+00,0.000000000000000000e+00,0.000000000000000000e+00,0.000000000000000000e+00,0.000000000000000000e+00,1.000000000000000000e+00,-9.176391686909149414e-02,1.584595697525333913e-01,1.214108163084211128e-01,5.520261990707969052e-02,-3.766376009969899658e-02,1.564370926689417629e-01,1.471252329650657720e-01,-1.410667240608292350e-01,7.864083846732126959e-02,1.670068817108137094e-01,-1.784495581659315683e-02,6.769439108062506871e-02,3.924085262921439554e-02,2.005223257464737452e-01,-4.429759263355080925e-03,-1.271971912622673999e-02,3.770856910959343722e-01,3.785121260645431945e-02,-4.585797272518895434e-02,-1.653112828062187813e-03,1.690240515997000204e-01,1.058356116616003262e-01,3.534699363621506829e-01,5.076873574289886976e-02,2.999377270440200527e-01,1.849084270322839396e-01,9.550465239849534327e-02,7.271807465219985722e-02,5.039636780460746701e-01,7.110684731927086055e-02,4.071708229656793576e-01,4.075831871493266340e-02,9.710580353885604754e-02,4.916166098507377541e-02,1.157289412154085956e-01,-2.593980916090659131e-02,3.261064376729558845e-01,1.201164597664456102e-01,2.097914311394576403e-01,8.151881043251957282e-03,1.511679715895269671e-01,2.677017295625042648e-01,1.299327302196889855e-01,1.595839677152333103e-01,1.030722570795586379e-01,2.010501101103422950e-01,9.498370041966013033e-02,2.763748757723542490e-02,-2.300389174051151731e-01
0.000000000000000000e+00,0.000000000000000000e+00,0.000000000000000000e+00,0.000000000000000000e+00,0.000000000000000000e+00,0.000000000000000000e+00,0.000000000000000000e+00,0.000000000000000000e+00,0.000000000000000000e+00,0.000000000000000000e+00,0.000000000000000000e+00,0.000000000000000000e+00,0.000000000000000000e+00,0.000000000000000000e+00,0.000000000000000000e+00,0.000000000000000000e+00,0.000000000000000000e+00,0.000000000000000000e+00,0.000000000000000000e+00,0.000000000000000000e+00,0.000000000000000000e+00,0.000000000000000000e+00,0.000000000000000000e+00,0.000000000000000000e+00,0.000000000000000000e+00,0.000000000000000000e+00,0.000000000000000000e+00,0.000000000000000000e+00,0.000000000000000000e+00,0.000000000000000000e+00,0.000000000000000000e+00,0.000000000000000000e+00,0.000000000000000000e+00,0.000000000000000000e+00,0.000000000000000000e+00,0.000000000000000000e+00,0.000000000000000000e+00,0.000000000000000000e+00,0.000000000000000000e+00,0.000000000000000000e+00,0.000000000000000000e+00,0.000000000000000000e+00,0.000000000000000000e+00,0.000000000000000000e+00,0.000000000000000000e+00,0.000000000000000000e+00,0.000000000000000000e+00,0.000000000000000000e+00,0.000000000000000000e+00,0.000000000000000000e+00,0.000000000000000000e+00,1.000000000000000000e+00,-1.808255152974067026e-01,1.009274912723574780e-01,1.877727250472791265e-01,-1.456594415514751162e-01,2.004823964307995976e-01,2.424308641967532971e-02,-1.028837295718462580e-01,3.546278916379577151e-01,5.745347332813237617e-01,-3.222014134250476003e-01,5.423768127289267937e-01,2.372164982149173318e-01,7.834288999760352645e-02,1.872090091710261195e-01,4.523400766777226356e-01,2.147065742319061443e-01,-2.091344779198422987e-01,2.156178281782776818e-01,7.050415745070796048e-01,-1.709091067307068335e-02,2.493753697488212684e-01,2.072666069512310860e-01,4.823118527851520398e-01,-1.176487532324528712e-01,5.854969879178956171e-01,3.733326068358979177e-01,2.593421927493003709e-01,1.218188399755207041e-01,5.255776175272331985e-01,1.653172373339376333e-01,2.782235518754420656e-01,5.261314946094526324e-01,1.125211343023191091e-01,2.891194692560153934e-01,2.606443492287319752e-01,1.810218252621649815e-01,6.868068806358621492e-01,6.880345238773049044e-01,2.273552062833187060e-01,1.706167759350429858e-01,2.597076876087940911e-01,2.500964950070793669e-01,4.400510136813403500e-02,4.433411562394043992e-01,1.706509674878200211e-01,2.164727364772766061e-01,3.326663351461193741e-01,3.866042807870621600e-01
0.000000000000000000e+00,0.000000000000000000e+00,0.000000000000000000e+00,0.000000000000000000e+00,0.000000000000000000e+00,0.000000000000000000e+00,0.000000000000000000e+00,0.000000000000000000e+00,0.000000000000000000e+00,0.000000000000000000e+00,0.000000000000000000e+00,0.000000000000000000e+00,0.000000000000000000e+00,0.000000000000000000e+00,0.000000000000000000e+00,0.000000000000000000e+00,0.000000000000000000e+00,0.000000000000000000e+00,0.000000000000000000e+00,0.000000000000000000e+00,0.000000000000000000e+00,0.000000000000000000e+00,0.000000000000000000e+00,0.000000000000000000e+00,0.000000000000000000e+00,0.000000000000000000e+00,0.000000000000000000e+00,0.000000000000000000e+00,0.000000000000000000e+00,0.000000000000000000e+00,0.000000000000000000e+00,0.000000000000000000e+00,0.000000000000000000e+00,0.000000000000000000e+00,0.000000000000000000e+00,0.000000000000000000e+00,0.000000000000000000e+00,0.000000000000000000e+00,0.000000000000000000e+00,0.000000000000000000e+00,0.000000000000000000e+00,0.000000000000000000e+00,0.000000000000000000e+00,0.000000000000000000e+00,0.000000000000000000e+00,0.000000000000000000e+00,0.000000000000000000e+00,0.000000000000000000e+00,0.000000000000000000e+00,0.000000000000000000e+00,0.000000000000000000e+00,0.000000000000000000e+00,1.000000000000000000e+00,-4.142359015871396877e-02,2.252353165724393647e-01,-3.206712795844246424e-03,4.737805557196376333e-02,5.097583335344918476e-01,-6.076177868562700202e-02,-1.318822869332657854e-01,-4.564442040232753739e-02,4.074316683260363336e-01,-2.337835316981005107e-01,9.589512764620861107e-02,1.539495857467684248e-01,-2.053613037956923681e-01,9.094222539239449343e-02,-1.820851097073209607e-02,2.352865685049994326e-01,1.596510475527770367e-01,-1.663759505165913477e-01,-7.076022996625257189e-02,2.228601215110617706e-01,-4.273747235327433613e-01,1.265045783180872851e-01,1.935629184546621973e-01,-1.457863635819589554e-01,-1.147426412486400732e-01,-3.996575724957387304e-02,9.360500382935237063e-02,-2.102210013095030250e-01,2.151289030670938685e-01,-2.530428935961959724e-01,-7.066638266002077395e-02,-1.502059749089086071e-01,-5.922729288150946347e-02,7.122178715692129014e-02,-9.922177704892394534e-02,1.225081853887568725e-02,-8.360737841914180069e-02,3.272372965151344459e-01,-4.373831393524870575e-02,-2.222882385871425281e-01,-2.166482103635882298e-02,1.933050133609738042e-01,-2.517683720935280922e-01,2.505183944026820320e-01,-2.826154656132055520e-01,6.777636381839484414e-02,3.097597829731665864e-01
0.000000000000000000e+00,0.000000000000000000e+00,0.000000000000000000e+00,0.000000000000000000e+00,0.000000000000000000e+00,0.000000000000000000e+00,0.000000000000000000e+00,0.000000000000000000e+00,0.000000000000000000e+00,0.000000000000000000e+00,0.000000000000000000e+00,0.000000000000000000e+00,0.000000000000000000e+00,0.000000000000000000e+00,0.000000000000000000e+00,0.000000000000000000e+00,0.000000000000000000e+00,0.000000000000000000e+00,0.000000000000000000e+00,0.000000000000000000e+00,0.000000000000000000e+00,0.000000000000000000e+00,0.000000000000000000e+00,0.000000000000000000e+00,0.000000000000000000e+00,0.000000000000000000e+00,0.000000000000000000e+00,0.000000000000000000e+00,0.000000000000000000e+00,0.000000000000000000e+00,0.000000000000000000e+00,0.000000000000000000e+00,0.000000000000000000e+00,0.000000000000000000e+00,0.000000000000000000e+00,0.000000000000000000e+00,0.000000000000000000e+00,0.000000000000000000e+00,0.000000000000000000e+00,0.000000000000000000e+00,0.000000000000000000e+00,0.000000000000000000e+00,0.000000000000000000e+00,0.000000000000000000e+00,0.000000000000000000e+00,0.000000000000000000e+00,0.000000000000000000e+00,0.000000000000000000e+00,0.000000000000000000e+00,0.000000000000000000e+00,0.000000000000000000e+00,0.000000000000000000e+00,0.000000000000000000e+00,1.000000000000000000e+00,-1.265209680561998618e-01,3.520378418135909349e-01,-2.704084700595139022e-03,-1.943681276876912944e-01,2.531816229995194067e-01,-4.428812422998371773e-02,9.698779249428174376e-02,1.581090298740776487e-02,1.509928189331735948e-01,-5.274203986582210769e-03,3.002119259061030720e-01,1.681335549874967694e-01,2.724679757577250228e-01,3.098856001366460111e-01,-1.660082891394263072e-01,4.097227515923980712e-01,5.075993571305313923e-01,3.208458073067554234e-02,-2.702825648513551560e-01,2.221627313668493864e-01,-6.525466300304644252e-02,5.186327644550933202e-01,-2.183268761938795405e-02,2.470594549352301550e-01,7.611869762441453302e-02,8.431457724197029269e-02,1.573730076248562038e-01,1.815663656268719228e-01,6.465037166322089579e-01,5.579413231197051237e-01,7.335183380078770243e-01,-1.110105269927300770e-01,6.619387788463635403e-01,4.750471653315517795e-01,3.477879076940302294e-01,-1.503056292661042112e-02,3.878868059847011968e-02,3.033175016888378650e-01,-5.590490153957461406e-03,1.154627748397604736e-01,2.384212893832047264e-01,5.163574132210418943e-02,-1.519386681046854815e-01,4.765851855457192698e-01,6.518002802520282968e-01,1.979587242363615995e-01
0.000000000000000000e+00,0.000000000000000000e+00,0.000000000000000000e+00,0.000000000000000000e+00,0.000000000000000000e+00,0.000000000000000000e+00,0.000000000000000000e+00,0.000000000000000000e+00,0.000000000000000000e+00,0.000000000000000000e+00,0.000000000000000000e+00,0.000000000000000000e+00,0.000000000000000000e+00,0.000000000000000000e+00,0.000000000000000000e+00,0.000000000000000000e+00,0.000000000000000000e+00,0.000000000000000000e+00,0.000000000000000000e+00,0.000000000000000000e+00,0.000000000000000000e+00,0.000000000000000000e+00,0.000000000000000000e+00,0.000000000000000000e+00,0.000000000000000000e+00,0.000000000000000000e+00,0.000000000000000000e+00,0.000000000000000000e+00,0.000000000000000000e+00,0.000000000000000000e+00,0.000000000000000000e+00,0.000000000000000000e+00,0.000000000000000000e+00,0.000000000000000000e+00,0.000000000000000000e+00,0.000000000000000000e+00,0.000000000000000000e+00,0.000000000000000000e+00,0.000000000000000000e+00,0.000000000000000000e+00,0.000000000000000000e+00,0.000000000000000000e+00,0.000000000000000000e+00,0.000000000000000000e+00,0.000000000000000000e+00,0.000000000000000000e+00,0.000000000000000000e+00,0.000000000000000000e+00,0.000000000000000000e+00,0.000000000000000000e+00,0.000000000000000000e+00,0.000000000000000000e+00,0.000000000000000000e+00,0.000000000000000000e+00,1.000000000000000000e+00,-1.549901551132479814e-02,4.661496426416100736e-02,5.817462556671059576e-02,6.829404521961879304e-02,4.698875183458328317e-03,9.758385616105881566e-02,1.213705261036208960e-01,-8.880822555656855966e-02,-5.164030650760607910e-02,-8.352798156685879716e-02,-3.592339179375702435e-02,1.366899635531655666e-01,2.752414580967518787e-01,2.539688526460867624e-01,8.593789110330622705e-02,-6.207254987653746704e-03,1.038734152607443256e-01,3.972056862751532913e-02,1.373823373172572415e-01,1.092317769599678023e-02,1.266575170503510261e-01,9.074134881142383036e-02,-1.522111762792789924e-01,6.964688735249337237e-02,8.567274068692223854e-02,2.191285544572268429e-01,2.435768928396422339e-01,8.638615579575451009e-02,5.465826793667648287e-02,1.404541712955647559e-01,1.090302660722497902e-01,1.247618891776574590e-01,-1.176536505298695079e-01,7.962938373568038963e-02,2.006619232246720785e-01,3.955485038086373369e-03,1.242986085653860207e-01,-1.515592536802962409e-01,1.249026916950208149e-01,2.756465032430072681e-01,-4.730569699324704142e-02,5.424602562138254591e-02,-3.251425919323113617e-02,1.057455605668578269e-01,3.393593148654896474e-01
0.000000000000000000e+00,0.000000000000000000e+00,0.000000000000000000e+00,0.000000000000000000e+00,0.000000000000000000e+00,0.000000000000000000e+00,0.000000000000000000e+00,0.000000000000000000e+00,0.000000000000000000e+00,0.000000000000000000e+00,0.000000000000000000e+00,0.000000000000000000e+00,0.000000000000000000e+00,0.000000000000000000e+00,0.000000000000000000e+00,0.000000000000000000e+00,0.000000000000000000e+00,0.000000000000000000e+00,0.000000000000000000e+00,0.000000000000000000e+00,0.000000000000000000e+00,0.000000000000000000e+00,0.000000000000000000e+00,0.000000000000000000e+00,0.000000000000000000e+00,0.000000000000000000e+00,0.000000000000000000e+00,0.000000000000000000e+00,0.000000000000000000e+00,0.000000000000000000e+00,0.000000000000000000e+00,0.000000000000000000e+00,0.000000000000000000e+00,0.000000000000000000e+00,0.000000000000000000e+00,0.000000000000000000e+00,0.000000000000000000e+00,0.000000000000000000e+00,0.000000000000000000e+00,0.000000000000000000e+00,0.000000000000000000e+00,0.000000000000000000e+00,0.000000000000000000e+00,0.000000000000000000e+00,0.000000000000000000e+00,0.000000000000000000e+00,0.000000000000000000e+00,0.000000000000000000e+00,0.000000000000000000e+00,0.000000000000000000e+00,0.000000000000000000e+00,0.000000000000000000e+00,0.000000000000000000e+00,0.000000000000000000e+00,0.000000000000000000e+00,1.000000000000000000e+00,-1.755119222358274556e-01,1.506700835029509966e-01,2.634553350868023558e-01,-1.131036857953693631e-01,-2.217003142282026884e-01,2.944657030989848434e-01,-2.412349747349976370e-01,6.075133591774928982e-02,3.412994377554428582e-01,1.260919847806982463e-01,-5.926927813543546308e-02,5.615419080890578923e-02,1.360705427099967446e-01,1.210658930014730898e-02,-8.802935511039489125e-02,4.921645731403569840e-02,1.245804089024793726e-01,-1.231444174901137611e-01,7.381074342938354071e-02,4.234653329660951759e-01,-2.474331996966667169e-01,-7.038651266607535983e-02,9.222791295063420547e-02,-2.463339666353990542e-02,-9.918757810505075823e-02,9.521924838696926852e-02,3.496182359745304002e-01,2.719046714700376066e-01,4.719400671505785128e-01,1.059701250789008703e-01,3.954660913747489182e-01,1.034771161565889580e-01,7.962613769293294674e-02,-2.508486035878287890e-01,-1.127281769002663053e-01,8.289201271451814013e-02,-3.061149115322354675e-01,1.118847869716814020e-01,2.977187454225648233e-01,-7.322673302775922766e-02,-2.112713318491709139e-03,1.977614132080037779e-01,3.246382456389794724e-01,7.725768573899725877e-02
0.000000000000000000e+00,0.000000000000000000e+00,0.000000000000000000e+00,0.000000000000000000e+00,0.000000000000000000e+00,0.000000000000000000e+00,0.000000000000000000e+00,0.000000000000000000e+00,0.000000000000000000e+00,0.000000000000000000e+00,0.000000000000000000e+00,0.000000000000000000e+00,0.000000000000000000e+00,0.000000000000000000e+00,0.000000000000000000e+00,0.000000000000000000e+00,0.000000000000000000e+00,0.000000000000000000e+00,0.000000000000000000e+00,0.000000000000000000e+00,0.000000000000000000e+00,0.000000000000000000e+00,0.000000000000000000e+00,0.000000000000000000e+00,0.000000000000000000e+00,0.000000000000000000e+00,0.000000000000000000e+00,0.000000000000000000e+00,0.000000000000000000e+00,0.000000000000000000e+00,0.000000000000000000e+00,0.000000000000000000e+00,0.000000000000000000e+00,0.000000000000000000e+00,0.000000000000000000e+00,0.000000000000000000e+00,0.000000000000000000e+00,0.000000000000000000e+00,0.000000000000000000e+00,0.000000000000000000e+00,0.000000000000000000e+00,0.000000000000000000e+00,0.000000000000000000e+00,0.000000000000000000e+00,0.000000000000000000e+00,0.000000000000000000e+00,0.000000000000000000e+00,0.000000000000000000e+00,0.000000000000000000e+00,0.000000000000000000e+00,0.000000000000000000e+00,0.000000000000000000e+00,0.000000000000000000e+00,0.000000000000000000e+00,0.000000000000000000e+00,0.000000000000000000e+00,1.000000000000000000e+00,3.618460226689057535e-01,-7.234118986679761720e-01,5.142478043062239657e-01,8.358539670070112004e-01,-3.550721229292604364e-01,8.391668466542514526e-01,1.952492970228766889e-01,3.383498355563376858e-01,1.948326953143167672e-01,2.722622273272795601e-01,3.362219827866780308e-01,3.351150859769033014e-02,1.093533733425765542e-01,6.155866223147758998e-01,1.674345514570822480e-01,-2.207966491608105430e-01,2.461834525763095527e-01,3.566270181892470803e-01,-4.583612379747001309e-01,1.000000000000000000e+00,4.258274679467997093e-01,-1.471045071991270159e-01,9.116854024486221730e-01,8.650857327855252521e-01,8.731025867012190966e-01,-4.496401891450145238e-01,9.922977054531310903e-02,-5.472487731370981878e-01,2.688140246400695377e-01,-8.187004831601427668e-01,6.373582929895604821e-01,3.634038032047197664e-01,1.000000000000000000e+00,1.365121149440240156e-01,8.668584325385576550e-01,6.731150947951429764e-01,6.793517017252049817e-01,-3.346249480435973395e-02,9.878594875931527852e-01,4.725893138769598489e-01,3.923215845441648808e-01,1.800176526160339116e-02,-8.749564185937526439e-02
0.000000000000000000e+00,0.000000000000000000e+00,0.000000000000000000e+00,0.000000000000000000e+00,0.000000000000000000e+00,0.000000000000000000e+00,0.000000000000000000e+00,0.000000000000000000e+00,0.000000000000000000e+00,0.000000000000000000e+00,0.000000000000000000e+00,0.000000000000000000e+00,0.000000000000000000e+00,0.000000000000000000e+00,0.000000000000000000e+00,0.000000000000000000e+00,0.000000000000000000e+00,0.000000000000000000e+00,0.000000000000000000e+00,0.000000000000000000e+00,0.000000000000000000e+00,0.000000000000000000e+00,0.000000000000000000e+00,0.000000000000000000e+00,0.000000000000000000e+00,0.000000000000000000e+00,0.000000000000000000e+00,0.000000000000000000e+00,0.000000000000000000e+00,0.000000000000000000e+00,0.000000000000000000e+00,0.000000000000000000e+00,0.000000000000000000e+00,0.000000000000000000e+00,0.000000000000000000e+00,0.000000000000000000e+00,0.000000000000000000e+00,0.000000000000000000e+00,0.000000000000000000e+00,0.000000000000000000e+00,0.000000000000000000e+00,0.000000000000000000e+00,0.000000000000000000e+00,0.000000000000000000e+00,0.000000000000000000e+00,0.000000000000000000e+00,0.000000000000000000e+00,0.000000000000000000e+00,0.000000000000000000e+00,0.000000000000000000e+00,0.000000000000000000e+00,0.000000000000000000e+00,0.000000000000000000e+00,0.000000000000000000e+00,0.000000000000000000e+00,0.000000000000000000e+00,0.000000000000000000e+00,1.000000000000000000e+00,-2.959167493654217898e-02,1.000245714309533629e-01,1.025405523275827319e-01,1.691655754811379753e-01,-1.028521585047578908e-02,2.314405860583824137e-01,2.229746529313323955e-01,-1.272523004226897569e-01,-2.421059217157502108e-02,4.500159584294007725e-02,2.868985723943536792e-01,1.114255629221438670e-01,1.119543322169610222e-01,2.420354473420112951e-01,2.309351384816281660e-01,-1.423918919944950345e-01,2.517620546647147961e-01,8.502165624174472247e-02,1.788002328862814405e-01,5.654211661980604320e-02,2.379292833871115287e-01,2.520728279647659886e-01,3.789261804609684453e-02,2.396969618866996166e-01,-1.539819726868821015e-01,3.687380687301607812e-02,4.833576241443499760e-03,1.955744432753931672e-01,9.659703145078303924e-03,9.696460593264480399e-02,2.683346970366737860e-01,1.633356879471219159e-01,3.534954988179378477e-01,1.670311564367172041e-01,-3.902562949594489544e-02,1.768899212923000785e-01,-3.607668323441806657e-02,7.732944893624385529e-02,3.579951701841888601e-01,1.316165001197666384e-01,1.151499465998792326e-01,1.224601156522485690e-01
0.000000000000000000e+00,0.000000000000000000e+00,0.000000000000000000e+00,0.000000000000000000e+00,0.000000000000000000e+00,0.000000000000000000e+00,0.000000000000000000e+00,0.000000000000000000e+00,0.000000000000000000e+00,0.000000000000000000e+00,0.000000000000000000e+00,0.000000000000000000e+00,0.000000000000000000e+00,0.000000000000000000e+00,0.000000000000000000e+00,0.000000000000000000e+00,0.000000000000000000e+00,0.000000000000000000e+00,0.000000000000000000e+00,0.000000000000000000e+00,0.000000000000000000e+00,0.000000000000000000e+00,0.000000000000000000e+00,0.000000000000000000e+00,0.000000000000000000e+00,0.000000000000000000e+00,0.000000000000000000e+00,0.000000000000000000e+00,0.000000000000000000e+00,0.000000000000000000e+00,0.000000000000000000e+00,0.000000000000000000e+00,0.000000000000000000e+00,0.000000000000000000e+00,0.000000000000000000e+00,0.000000000000000000e+00,0.000000000000000000e+00,0.000000000000000000e+00,0.000000000000000000e+00,0.000000000000000000e+00,0.000000000000000000e+00,0.000000000000000000e+00,0.000000000000000000e+00,0.000000000000000000e+00,0.000000000000000000e+00,0.000000000000000000e+00,0.000000000000000000e+00,0.000000000000000000e+00,0.000000000000000000e+00,0.000000000000000000e+00,0.000000000000000000e+00,0.000000000000000000e+00,0.000000000000000000e+00,0.000000000000000000e+00,0.000000000000000000e+00,0.000000000000000000e+00,0.000000000000000000e+00,0.000000000000000000e+00,1.000000000000000000e+00,-3.123986834388307599e-01,-4.388068834634895610e-01,3.418280331874538613e-01,-7.097988889099494658e-01,-2.834269160969338786e-01,-3.446249117038190091e-02,-1.382767774459300880e-01,2.415250051989587532e-01,-1.906191497461815210e-01,-6.364459613647446834e-02,3.120634957440293067e-01,-6.779404821898228628e-02,3.477442906482224871e-01,1.129575125205662667e-01,-1.895836965065188784e-01,-3.419271010040662029e-01,3.883198216997142405e-01,-6.912898301951413416e-01,7.322625549531988631e-02,-7.613605140187809130e-03,-6.012456682731989188e-01,-4.557583144052709812e-02,-5.749875914884982064e-01,7.271673118154868831e-01,-8.620112591100952126e-03,5.222531936373521200e-01,-1.035472707468666764e-01,1.000000000000000000e+00,-9.923299838586953359e-02,6.282254155693130226e-02,-6.557957107919764050e-01,-6.701030995300867599e-02,-4.686864623298271360e-01,-2.062624511280362338e-01,-2.026630284686203320e-01,2.465657525793810700e-01,-3.976629550550093706e-01,-2.828288292515135360e-01,1.657767306835534749e-01,5.879420586942782911e-01,1.236198670453695914e-01
0.000000000000000000e+00,0.000000000000000000e+00,0.000000000000000000e+00,0.000000000000000000e+00,0.000000000000000000e+00,0.000000000000000000e+00,0.000000000000000000e+00,0.000000000000000000e+00,0.000000000000000000e+00,0.000000000000000000e+00,0.000000000000000000e+00,0.000000000000000000e+00,0.000000000000000000e+00,0.000000000000000000e+00,0.000000000000000000e+00,0.000000000000000000e+00,0.000000000000000000e+00,0.000000000000000000e+00,0.000000000000000000e+00,0.000000000000000000e+00,0.000000000000000000e+00,0.000000000000000000e+00,0.000000000000000000e+00,0.000000000000000000e+00,0.000000000000000000e+00,0.000000000000000000e+00,0.000000000000000000e+00,0.000000000000000000e+00,0.000000000000000000e+00,0.000000000000000000e+00,0.000000000000000000e+00,0.000000000000000000e+00,0.000000000000000000e+00,0.000000000000000000e+00,0.000000000000000000e+00,0.000000000000000000e+00,0.000000000000000000e+00,0.000000000000000000e+00,0.000000000000000000e+00,0.000000000000000000e+00,0.000000000000000000e+00,0.000000000000000000e+00,0.000000000000000000e+00,0.000000000000000000e+00,0.000000000000000000e+00,0.000000000000000000e+00,0.000000000000000000e+00,0.000000000000000000e+00,0.000000000000000000e+00,0.000000000000000000e+00,0.000000000000000000e+00,0.000000000000000000e+00,0.000000000000000000e+00,0.000000000000000000e+00,0.000000000000000000e+00,0.000000000000000000e+00,0.000000000000000000e+00,0.000000000000000000e+00,0.000000000000000000e+00,1.000000000000000000e+00,7.966120087714062548e-01,-5.987817944737948705e-01,5.666487453983271028e-01,4.189034154552176425e-01,1.858912763725646122e-01,1.304266965763194175e-01,2.867524301549383980e-01,4.352552920840115913e-01,2.040152858699370297e-01,2.403845831924547247e-02,5.273638880517814709e-01,1.405146978939546959e-02,-2.496747970540785441e-02,2.908361990448000145e-01,7.908862231701724310e-01,-2.183928970013779558e-01,8.460265960873728508e-01,1.690992516640616172e-01,8.924544420839480852e-02,5.716461773715251216e-01,4.939101738694699484e-01,4.120848015711974788e-01,-1.165088363169407559e-01,3.321335932011445502e-01,8.619890847771201348e-02,6.195998160255078435e-01,-1.789882536022175397e-01,4.156291659627741469e-02,7.117585366700218685e-01,9.983142807656332218e-01,4.029172301504482800e-01,4.297702849070266784e-01,2.439611367457943103e-01,6.094945804731974892e-01,-1.845496001739946879e-01,5.243666213165144585e-01,1.697228630143192696e-01,3.491153020876013868e-01,-2.992392677160518044e-01,-1.497798383944298206e-01
0.000000000000000000e+00,0.000000000000000000e+00,0.000000000000000000e+00,0.000000000000000000e+00,0.000000000000000000e+00,0.000000000000000000e+00,0.000000000000000000e+00,0.000000000000000000e+00,0.000000000000000000e+00,0.000000000000000000e+00,0.000000000000000000e+00,0.000000000000000000e+00,0.000000000000000000e+00,0.000000000000000000e+00,0.000000000000000000e+00,0.000000000000000000e+00,0.000000000000000000e+00,0.000000000000000000e+00,0.000000000000000000e+00,0.000000000000000000e+00,0.000000000000000000e+00,0.000000000000000000e+00,0.000000000000000000e+00,0.000000000000000000e+00,0.000000000000000000e+00,0.000000000000000000e+00,0.000000000000000000e+00,0.000000000000000000e+00,0.000000000000000000e+00,0.000000000000000000e+00,0.000000000000000000e+00,0.000000000000000000e+00,0.000000000000000000e+00,0.000000000000000000e+00,0.000000000000000000e+00,0.000000000000000000e+00,0.000000000000000000e+00,0.000000000000000000e+00,0.000000000000000000e+00,0.000000000000000000e+00,0.000000000000000000e+00,0.000000000000000000e+00,0.000000000000000000e+00,0.000000000000000000e+00,0.000000000000000000e+00,0.000000000000000000e+00,0.000000000000000000e+00,0.000000000000000000e+00,0.000000000000000000e+00,0.000000000000000000e+00,0.000000000000000000e+00,0.000000000000000000e+00,0.000000000000000000e+00,0.000000000000000000e+00,0.000000000000000000e+00,0.000000000000000000e+00,0.000000000000000000e+00,0.000000000000000000e+00,0.000000000000000000e+00,0.000000000000000000e+00,1.000000000000000000e+00,-3.779531633086944398e-01,5.039034750538295970e-01,4.214078808892269823e-01,2.462484750441435999e-01,1.590428401064358510e-01,3.206440212343057428e-01,2.521603550584420317e-01,8.241817419751782184e-03,1.780082568605577675e-01,4.999099047828937104e-01,-1.169304030013018636e-01,-1.510009960624576486e-01,4.167976680971039460e-01,4.432611304940695662e-01,-1.346992447743881015e-02,5.679447741149763473e-01,3.287852345438678214e-01,2.126616277073692385e-02,4.715979369190779757e-01,5.753179395526929474e-01,3.669289863803661955e-01,2.034363994051171243e-01,2.047599925628806605e-01,-2.417126408604000284e-02,2.577610182947237538e-01,-1.256477411341416772e-02,3.221670110217184080e-01,5.520171058496642358e-01,8.431173385204988602e-01,4.697528696341542465e-01,2.920801016590415800e-01,3.081721515524204480e-01,6.852798177105622335e-01,-8.856114531992562849e-03,5.947171198448300000e-01,2.100603844342944504e-01,5.552594660963412754e-02,1.576858107739475545e-01,2.104617707069654786e-01
0.000000000000000000e+00,0.000000000000000000e+00,0.000000000000000000e+00,0.000000000000000000e+00,0.000000000000000000e+00,0.000000000000000000e+00,0.000000000000000000e+00,0.000000000000000000e+00,0.000000000000000000e+00,0.000000000000000000e+00,0.000000000000000000e+00,0.000000000000000000e+00,0.000000000000000000e+00,0.000000000000000000e+00,0.000000000000000000e+00,0.000000000000000000e+00,0.000000000000000000e+00,0.000000000000000000e+00,0.000000000000000000e+00,0.000000000000000000e+00,0.000000000000000000e+00,0.000000000000000000e+00,0.000000000000000000e+00,0.000000000000000000e+00,0.000000000000000000e+00,0.000000000000000000e+00,0.000000000000000000e+00,0.000000000000000000e+00,0.000000000000000000e+00,0.000000000000000000e+00,0.000000000000000000e+00,0.000000000000000000e+00,0.000000000000000000e+00,0.000000000000000000e+00,0.000000000000000000e+00,0.000000000000000000e+00,0.000000000000000000e+00,0.000000000000000000e+00,0.000000000000000000e+00,0.000000000000000000e+00,0.000000000000000000e+00,0.000000000000000000e+00,0.000000000000000000e+00,0.000000000000000000e+00,0.000000000000000000e+00,0.000000000000000000e+00,0.000000000000000000e+00,0.000000000000000000e+00,0.000000000000000000e+00,0.000000000000000000e+00,0.000000000000000000e+00,0.000000000000000000e+00,0.000000000000000000e+00,0.000000000000000000e+00,0.000000000000000000e+00,0.000000000000000000e+00,0.000000000000000000e+00,0.000000000000000000e+00,0.000000000000000000e+00,0.000000000000000000e+00,0.000000000000000000e+00,1.000000000000000000e+00,-3.909949189683841753e-01,-8.732656696860044421e-02,1.118175906786752355e-01,-4.320820597495868554e-01,-2.010110063824871174e-01,-1.219428214428071033e-01,2.060160169613351952e-02,3.153533071669466503e-01,-4.605437032910056905e-01,1.440832308854465005e-01,3.358460099098996565e-01,-4.143695627358119360e-01,-1.343443581956575150e-01,3.290123363330830775e-01,-5.741662142451774420e-01,-3.285259704470601116e-01,1.598762995487280347e-01,-2.436982458368443238e-01,-2.192306351265306541e-01,-1.425365575656786232e-01,7.006086707613400945e-03,5.970665012211194729e-03,3.400127403331063558e-01,-2.532595934383629621e-01,5.403002493379913673e-01,-9.726497207122597466e-02,-2.289076528949370026e-01,-4.443875348491769794e-01,-1.186702424351243484e-01,-1.966115867895611435e-01,-2.425408774651733879e-01,-2.853982479929560445e-01,3.596361868830343367e-01,-6.113632503311854371e-01,2.059156430925526415e-01,1.681045958518838368e-01,9.377479370214938936e-02,3.924618394101662688e-01
0.000000000000000000e+00,0.000000000000000000e+00,0.000000000000000000e+00,0.000000000000000000e+00,0.000000000000000000e+00,0.000000000000000000e+00,0.000000000000000000e+00,0.000000000000000000e+00,0.000000000000000000e+00,0.000000000000000000e+00,0.000000000000000000e+00,0.000000000000000000e+00,0.000000000000000000e+00,0.000000000000000000e+00,0.000000000000000000e+00,0.000000000000000000e+00,0.000000000000000000e+00,0.000000000000000000e+00,0.000000000000000000e+00,0.000000000000000000e+00,0.000000000000000000e+00,0.000000000000000000e+00,0.000000000000000000e+00,0.000000000000000000e+00,0.000000000000000000e+00,0.000000000000000000e+00,0.000000000000000000e+00,0.000000000000000000e+00,0.000000000000000000e+00,0.000000000000000000e+00,0.000000000000000000e+00,0.000000000000000000e+00,0.000000000000000000e+00,0.000000000000000000e+00,0.000000000000000000e+00,0.000000000000000000e+00,0.000000000000000000e+00,0.000000000000000000e+00,0.000000000000000000e+00,0.000000000000000000e+00,0.000000000000000000e+00,0.000000000000000000e+00,0.000000000000000000e+00,0.000000000000000000e+00,0.000000000000000000e+00,0.000000000000000000e+00,0.000000000000000000e+00,0.000000000000000000e+00,0.000000000000000000e+00,0.000000000000000000e+00,0.000000000000000000e+00,0.000000000000000000e+00,0.000000000000000000e+00,0.000000000000000000e+00,0.000000000000000000e+00,0.000000000000000000e+00,0.000000000000000000e+00,0.000000000000000000e+00,0.000000000000000000e+00,0.000000000000000000e+00,0.000000000000000000e+00,0.000000000000000000e+00,1.000000000000000000e+00,2.408215517922461524e-01,1.515883882402209622e-02,1.043317897335707123e-01,4.487082355809493550e-02,2.356533268475163589e-01,-3.067716625130853525e-01,2.775641962445846503e-02,2.132266688106358721e-01,-3.476056868906683001e-02,-9.553161592580340644e-02,3.874156464335820060e-01,2.294571504102189685e-01,-1.948145945202735263e-01,3.551813239094411268e-01,8.804886733456591952e-02,-7.921628108886301367e-02,2.531602559891032445e-01,4.743632657735057379e-01,1.427145499572714249e-01,1.224719643002414142e-02,1.584660055839129944e-01,7.412505139821846945e-02,-1.141781186391802594e-01,-8.409751015215391479e-03,1.261182547140152488e-01,2.240801350783146184e-01,3.865041283084477142e-01,1.607268379770026567e-01,1.896579683853855114e-01,3.613785556978718061e-01,2.915827433569331273e-01,3.955160097547242432e-02,3.189618737637768264e-01,-1.696656986697137048e-01,2.442877899013790738e-02,1.497020709548076423e-01,2.364915246329687970e-01
0.000000000000000000e+00,0.000000000000000000e+00,0.000000000000000000e+00,0.000000000000000000e+00,0.000000000000000000e+00,0.000000000000000000e+00,0.000000000000000000e+00,0.000000000000000000e+00,0.000000000000000000e+00,0.000000000000000000e+00,0.000000000000000000e+00,0.000000000000000000e+00,0.000000000000000000e+00,0.000000000000000000e+00,0.000000000000000000e+00,0.000000000000000000e+00,0.000000000000000000e+00,0.000000000000000000e+00,0.000000000000000000e+00,0.000000000000000000e+00,0.000000000000000000e+00,0.000000000000000000e+00,0.000000000000000000e+00,0.000000000000000000e+00,0.000000000000000000e+00,0.000000000000000000e+00,0.000000000000000000e+00,0.000000000000000000e+00,0.000000000000000000e+00,0.000000000000000000e+00,0.000000000000000000e+00,0.000000000000000000e+00,0.000000000000000000e+00,0.000000000000000000e+00,0.000000000000000000e+00,0.000000000000000000e+00,0.000000000000000000e+00,0.000000000000000000e+00,0.000000000000000000e+00,0.000000000000000000e+00,0.000000000000000000e+00,0.000000000000000000e+00,0.000000000000000000e+00,0.000000000000000000e+00,0.000000000000000000e+00,0.000000000000000000e+00,0.000000000000000000e+00,0.000000000000000000e+00,0.000000000000000000e+00,0.000000000000000000e+00,0.000000000000000000e+00,0.000000000000000000e+00,0.000000000000000000e+00,0.000000000000000000e+00,0.000000000000000000e+00,0.000000000000000000e+00,0.000000000000000000e+00,0.000000000000000000e+00,0.000000000000000000e+00,0.000000000000000000e+00,0.000000000000000000e+00,0.000000000000000000e+00,0.000000000000000000e+00,1.000000000000000000e+00,1.009061973368915038e-01,-1.789432935971156380e-01,3.019150410900817497e-02,2.418233770960308004e-01,4.334150946790670811e-01,-8.998663596982710289e-02,5.731092895179346752e-02,-1.523928938857758465e-02,-6.524147207447301977e-02,-1.189878864512908391e-01,4.481262472695560217e-01,1.191576000643383565e-01,2.155325140799136119e-01,-1.347951485092625523e-01,1.079849561566705030e-01,4.840800105627786620e-01,2.243296380307004956e-01,3.475197355178878400e-01,3.990777730490773639e-02,1.970515789690942265e-01,3.093151535652802764e-01,4.514003286086903238e-02,1.998240153457812168e-02,-3.923678175982345251e-02,3.701217728819492514e-01,4.172259061673576075e-01,5.959934289848723976e-01,1.598077348593944513e-01,7.561161906673845301e-02,5.877108822416756695e-01,-1.070225625989920243e-01,3.058582834807436757e-01,8.469420499038166072e-02,-1.417124521960023975e-01,3.014566901015744774e-02,4.555285319207680872e-01
0.000000000000000000e+00,0.000000000000000000e+00,0.000000000000000000e+00,0.000000000000000000e+00,0.000000000000000000e+00,0.000000000000000000e+00,0.000000000000000000e+00,0.000000000000000000e+00,0.000000000000000000e+00,0.000000000000000000e+00,0.000000000000000000e+00,0.000000000000000000e+00,0.000000000000000000e+00,0.000000000000000000e+00,0.000000000000000000e+00,0.000000000000000000e+00,0.000000000000000000e+00,0.000000000000000000e+00,0.000000000000000000e+00,0.000000000000000000e+00,0.000000000000000000e+00,0.000000000000000000e+00,0.000000000000000000e+00,0.000000000000000000e+00,0.000000000000000000e+00,0.000000000000000000e+00,0.000000000000000000e+00,0.000000000000000000e+00,0.000000000000000000e+00,0.000000000000000000e+00,0.000000000000000000e+00,0.000000000000000000e+00,0.000000000000000000e+00,0.000000000000000000e+00,0.000000000000000000e+00,0.000000000000000000e+00,0.000000000000000000e+00,0.000000000000000000e+00,0.000000000000000000e+00,0.000000000000000000e+00,0.000000000000000000e+00,0.000000000000000000e+00,0.000000000000000000e+00,0.000000000000000000e+00,0.000000000000000000e+00,0.000000000000000000e+00,0.000000000000000000e+00,0.000000000000000000e+00,0.000000000000000000e+00,0.000000000000000000e+00,0.000000000000000000e+00,0.000000000000000000e+00,0.000000000000000000e+00,0.000000000000000000e+00,0.000000000000000000e+00,0.000000000000000000e+00,0.000000000000000000e+00,0.000000000000000000e+00,0.000000000000000000e+00,0.000000000000000000e+00,0.000000000000000000e+00,0.000000000000000000e+00,0.000000000000000000e+00,0.000000000000000000e+00,1.000000000000000000e+00,7.379888160882640269e-02,1.435319391480602003e-01,1.107406774083444755e-02,-2.822859208956380109e-02,2.953654370455389144e-01,4.781039966205067882e-01,6.864094380680935137e-02,2.625062900174799929e-01,1.469298364501883114e-01,1.829191914309796774e-02,3.542485557385022243e-01,1.753094873293879752e-01,2.837827960254388215e-01,2.656050701705842121e-01,3.646322629978387964e-01,8.901802344263994027e-02,1.197611868378849892e-01,2.756431313918358272e-01,2.328949465901219151e-01,8.093899801362139379e-02,3.187277041805322564e-01,1.615012315856609593e-01,4.740240351700960031e-01,2.636506962856975389e-01,2.687805801289240293e-01,1.541633584261173640e-01,1.455312023410692546e-01,7.311521853974645158e-02,2.039934389650533142e-01,1.806958018972037450e-01,2.064552828756054947e-01,4.801992690275059261e-01,4.456160948936681021e-01,1.599762981544941565e-01,-8.931446518316073224e-02
0.000000000000000000e+00,0.000000000000000000e+00,0.000000000000000000e+00,0.000000000000000000e+00,0.000000000000000000e+00,0.000000000000000000e+00,0.000000000000000000e+00,0.000000000000000000e+00,0.000000000000000000e+00,0.000000000000000000e+00,0.000000000000000000e+00,0.000000000000000000e+00,0.000000000000000000e+00,0.000000000000000000e+00,0.000000000000000000e+00,0.000000000000000000e+00,0.000000000000000000e+00,0.000000000000000000e+00,0.000000000000000000e+00,0.000000000000000000e+00,0.000000000000000000e+00,0.000000000000000000e+00,0.000000000000000000e+00,0.000000000000000000e+00,0.000000000000000000e+00,0.000000000000000000e+00,0.000000000000000000e+00,0.000000000000000000e+00,0.000000000000000000e+00,0.000000000000000000e+00,0.000000000000000000e+00,0.000000000000000000e+00,0.000000000000000000e+00,0.000000000000000000e+00,0.000000000000000000e+00,0.000000000000000000e+00,0.000000000000000000e+00,0.000000000000000000e+00,0.000000000000000000e+00,0.000000000000000000e+00,0.000000000000000000e+00,0.000000000000000000e+00,0.000000000000000000e+00,0.000000000000000000e+00,0.000000000000000000e+00,0.000000000000000000e+00,0.000000000000000000e+00,0.000000000000000000e+00,0.000000000000000000e+00,0.000000000000000000e+00,0.000000000000000000e+00,0.000000000000000000e+00,0.000000000000000000e+00,0.000000000000000000e+00,0.000000000000000000e+00,0.000000000000000000e+00,0.000000000000000000e+00,0.000000000000000000e+00,0.000000000000000000e+00,0.000000000000000000e+00,0.000000000000000000e+00,0.000000000000000000e+00,0.000000000000000000e+00,0.000000000000000000e+00,0.000000000000000000e+00,1.000000000000000000e+00,1.889352198734727817e-01,2.813839731378492970e-01,-2.518484179257228783e-01,-8.944634804551000740e-02,1.356664508885966902e-01,-1.464561016997655563e-01,-5.014052408431995955e-02,2.439834173880700008e-01,1.286364269770377544e-01,1.600662077511182391e-01,3.455418928879785412e-01,3.945205938790055100e-01,6.523121345094402834e-02,7.465726578688181014e-02,6.466454318513152610e-02,8.843518946943796895e-04,2.208013905268942090e-01,2.136440232721355803e-01,-2.830036506162068033e-01,-4.562900823639983588e-02,-9.347264059908505507e-02,2.102667107699429383e-01,1.681300663556715702e-01,3.420513296681221838e-01,-4.091790097689174815e-02,5.940286216108666695e-01,8.361341499132657340e-02,2.912102406016838785e-01,2.474652174643883207e-01,3.149280058046378117e-01,-7.760578593770875444e-02,-2.754959495969795669e-02,2.378809701159632639e-01,8.578496308028879525e-02
0.000000000000000000e+00,0.000000000000000000e+00,0.000000000000000000e+00,0.000000000000000000e+00,0.000000000000000000e+00,0.000000000000000000e+00,0.000000000000000000e+00,0.000000000000000000e+00,0.000000000000000000e+00,0.000000000000000000e+00,0.000000000000000000e+00,0.000000000000000000e+00,0.000000000000000000e+00,0.000000000000000000e+00,0.000000000000000000e+00,0.000000000000000000e+00,0.000000000000000000e+00,0.000000000000000000e+00,0.000000000000000000e+00,0.000000000000000000e+00,0.000000000000000000e+00,0.000000000000000000e+00,0.000000000000000000e+00,0.000000000000000000e+00,0.000000000000000000e+00,0.000000000000000000e+00,0.000000000000000000e+00,0.000000000000000000e+00,0.000000000000000000e+00,0.000000000000000000e+00,0.000000000000000000e+00,0.000000000000000000e+00,0.000000000000000000e+00,0.000000000000000000e+00,0.000000000000000000e+00,0.000000000000000000e+00,0.000000000000000000e+00,0.000000000000000000e+00,0.000000000000000000e+00,0.000000000000000000e+00,0.000000000000000000e+00,0.000000000000000000e+00,0.000000000000000000e+00,0.000000000000000000e+00,0.000000000000000000e+00,0.000000000000000000e+00,0.000000000000000000e+00,0.000000000000000000e+00,0.000000000000000000e+00,0.000000000000000000e+00,0.000000000000000000e+00,0.000000000000000000e+00,0.000000000000000000e+00,0.000000000000000000e+00,0.000000000000000000e+00,0.000000000000000000e+00,0.000000000000000000e+00,0.000000000000000000e+00,0.000000000000000000e+00,0.000000000000000000e+00,0.000000000000000000e+00,0.000000000000000000e+00,0.000000000000000000e+00,0.000000000000000000e+00,0.000000000000000000e+00,0.000000000000000000e+00,1.000000000000000000e+00,6.705055670863285626e-03,-1.173885450820005283e-01,1.463062502842567558e-01,4.366040222799130732e-01,-7.050621941486069633e-02,5.485156732412949099e-02,-2.308410498728091786e-01,1.040777204290501412e-01,-3.819952863968204687e-02,4.170870476493122592e-01,2.969711908797285083e-01,-5.068996906701500604e-02,1.646279007982152931e-01,5.460914585179768022e-01,8.174923596398502024e-02,3.835533378540331162e-01,2.710014341507269164e-01,4.726142926763097357e-02,4.395064388097704167e-01,2.527124649006492474e-01,1.915505634065851892e-01,4.417203674874955466e-01,3.003465515516501316e-01,1.064625573899975475e-01,1.180368734016477295e-01,2.646800824303101041e-01,4.189563280567324410e-01,1.487346472835665290e-01,4.313085195455836351e-01,1.787551420347141887e-02,4.702317753440257014e-02,4.209385884892797303e-01,1.624314056884044177e-01
0.000000000000000000e+00,0.000000000000000000e+00,0.000000000000000000e+00,0.000000000000000000e+00,0.000000000000000000e+00,0.000000000000000000e+00,0.000000000000000000e+00,0.000000000000000000e+00,0.000000000000000000e+00,0.000000000000000000e+00,0.000000000000000000e+00,0.000000000000000000e+00,0.000000000000000000e+00,0.000000000000000000e+00,0.000000000000000000e+00,0.000000000000000000e+00,0.000000000000000000e+00,0.000000000000000000e+00,0.000000000000000000e+00,0.000000000000000000e+00,0.000000000000000000e+00,0.000000000000000000e+00,0.000000000000000000e+00,0.000000000000000000e+00,0.000000000000000000e+00,0.000000000000000000e+00,0.000000000000000000e+00,0.000000000000000000e+00,0.000000000000000000e+00,0.000000000000000000e+00,0.000000000000000000e+00,0.000000000000000000e+00,0.000000000000000000e+00,0.000000000000000000e+00,0.000000000000000000e+00,0.000000000000000000e+00,0.000000000000000000e+00,0.000000000000000000e+00,0.000000000000000000e+00,0.000000000000000000e+00,0.000000000000000000e+00,0.000000000000000000e+00,0.000000000000000000e+00,0.000000000000000000e+00,0.000000000000000000e+00,0.000000000000000000e+00,0.000000000000000000e+00,0.000000000000000000e+00,0.000000000000000000e+00,0.000000000000000000e+00,0.000000000000000000e+00,0.000000000000000000e+00,0.000000000000000000e+00,0.000000000000000000e+00,0.000000000000000000e+00,0.000000000000000000e+00,0.000000000000000000e+00,0.000000000000000000e+00,0.000000000000000000e+00,0.000000000000000000e+00,0.000000000000000000e+00,0.000000000000000000e+00,0.000000000000000000e+00,0.000000000000000000e+00,0.000000000000000000e+00,0.000000000000000000e+00,0.000000000000000000e+00,1.000000000000000000e+00,9.147292881320590041e-02,-5.961783599755123009e-02,3.220094079790344205e-02,2.653712796188035794e-01,1.327926433985546217e-01,2.461781283422900812e-01,2.480720695185634206e-01,2.448823811371615145e-01,2.781349405228610849e-01,-5.600040750828451375e-02,1.289921123875805986e-01,4.125685542094119640e-01,9.925600735334889901e-02,3.212813407804000487e-01,6.621770040144663028e-02,3.460686216242914170e-01,1.417063514292607740e-01,-4.609349380597297513e-02,1.213547256487601950e-01,1.931737316212387146e-01,2.984348008002811192e-01,2.937583276417632949e-01,9.185491237232214223e-02,3.566872680086274894e-01,8.959029124244391462e-02,3.759030440296792785e-01,2.367052658155188727e-01,1.347290758874284122e-01,-4.029003210712538835e-02,-2.637161491253532317e-02,1.064319695292655077e-01,3.052466474229627580e-01
0.000000000000000000e+00,0.000000000000000000e+00,0.000000000000000000e+00,0.000000000000000000e+00,0.000000000000000000e+00,0.000000000000000000e+00,0.000000000000000000e+00,0.000000000000000000e+00,0.000000000000000000e+00,0.000000000000000000e+00,0.000000000000000000e+00,0.000000000000000000e+00,0.000000000000000000e+00,0.000000000000000000e+00,0.000000000000000000e+00,0.000000000000000000e+00,0.000000000000000000e+00,0.000000000000000000e+00,0.000000000000000000e+00,0.000000000000000000e+00,0.000000000000000000e+00,0.000000000000000000e+00,0.000000000000000000e+00,0.000000000000000000e+00,0.000000000000000000e+00,0.000000000000000000e+00,0.000000000000000000e+00,0.000000000000000000e+00,0.000000000000000000e+00,0.000000000000000000e+00,0.000000000000000000e+00,0.000000000000000000e+00,0.000000000000000000e+00,0.000000000000000000e+00,0.000000000000000000e+00,0.000000000000000000e+00,0.000000000000000000e+00,0.000000000000000000e+00,0.000000000000000000e+00,0.000000000000000000e+00,0.000000000000000000e+00,0.000000000000000000e+00,0.000000000000000000e+00,0.000000000000000000e+00,0.000000000000000000e+00,0.000000000000000000e+00,0.000000000000000000e+00,0.000000000000000000e+00,0.000000000000000000e+00,0.000000000000000000e+00,0.000000000000000000e+00,0.000000000000000000e+00,0.000000000000000000e+00,0.000000000000000000e+00,0.000000000000000000e+00,0.000000000000000000e+00,0.000000000000000000e+00,0.000000000000000000e+00,0.000000000000000000e+00,0.000000000000000000e+00,0.000000000000000000e+00,0.000000000000000000e+00,0.000000000000000000e+00,0.000000000000000000e+00,0.000000000000000000e+00,0.000000000000000000e+00,0.000000000000000000e+00,0.000000000000000000e+00,1.000000000000000000e+00,-1.266848068073756217e-01,-6.752793867255030280e-02,-5.917030944779859414e-02,-3.222737041691061538e-02,-2.289758950258891090e-01,1.547166404080928259e-01,2.133161030841762562e-01,5.230791169357825593e-02,-3.245755082075463815e-01,-1.393693486606490534e-02,2.626322728768991088e-01,-1.937480128787493205e-01,2.323283135212186046e-01,-2.002773956997672133e-01,1.783834767089273465e-01,5.732726808934817536e-02,2.892906089578071160e-01,-1.731106197845151129e-01,-2.532770227433914223e-01,9.382392015986869283e-02,1.460485073902135708e-02,6.835814339180128207e-02,1.131582828014476849e-01,-2.881363059946538963e-01,5.817289189191704457e-02,-1.243253039655676725e-02,-1.132097460522371729e-01,1.037144318421192868e-01,-7.187213957600967207e-02,-1.642562081472866142e-01,9.106714901535634121e-02
0.000000000000000000e+00,0.000000000000000000e+00,0.000000000000000000e+00,0.000000000000000000e+00,0.000000000000000000e+00,0.000000000000000000e+00,0.000000000000000000e+00,0.000000000000000000e+00,0.000000000000000000e+00,0.000000000000000000e+00,0.000000000000000000e+00,0.000000000000000000e+00,0.000000000000000000e+00,0.000000000000000000e+00,0.000000000000000000e+00,0.000000000000000000e+00,0.000000000000000000e+00,0.000000000000000000e+00,0.000000000000000000e+00,0.000000000000000000e+00,0.000000000000000000e+00,0.000000000000000000e+00,0.000000000000000000e+00,0.000000000000000000e+00,0.000000000000000000e+00,0.000000000000000000e+00,0.000000000000000000e+00,0.000000000000000000e+00,0.000000000000000000e+00,0.000000000000000000e+00,0.000000000000000000e+00,0.000000000000000000e+00,0.000000000000000000e+00,0.000000000000000000e+00,0.000000000000000000e+00,0.000000000000000000e+00,0.000000000000000000e+00,0.000000000000000000e+00,0.000000000000000000e+00,0.000000000000000000e+00,0.000000000000000000e+00,0.000000000000000000e+00,0.000000000000000000e+00,0.000000000000000000e+00,0.000000000000000000e+00,0.000000000000000000e+00,0.000000000000000000e+00,0.000000000000000000e+00,0.000000000000000000e+00,0.000000000000000000e+00,0.000000000000000000e+00,0.000000000000000000e+00,0.000000000000000000e+00,0.000000000000000000e+00,0.000000000000000000e+00,0.000000000000000000e+00,0.000000000000000000e+00,0.000000000000000000e+00,0.000000000000000000e+00,0.000000000000000000e+00,0.000000000000000000e+00,0.000000000000000000e+00,0.000000000000000000e+00,0.000000000000000000e+00,0.000000000000000000e+00,0.000000000000000000e+00,0.000000000000000000e+00,0.000000000000000000e+00,0.000000000000000000e+00,1.000000000000000000e+00,3.326018126418317511e-01,1.896198285937700234e-01,2.466334956217875740e-01,1.107543608054188528e-01,-1.275001963801505357e-02,2.422379429522779071e-01,1.325149751673356524e-01,3.414343848056669017e-01,-1.576699363540352491e-02,-6.663920540458315167e-02,4.154550978233456648e-01,1.656046512818080962e-01,3.807767555111418734e-01,1.461506143367637990e-02,2.276038866809411976e-01,-3.035433428402696879e-02,4.389170637972176769e-01,5.959639997097857488e-03,9.192644615886637338e-02,8.682538128796743471e-02,1.015259235544544864e-01,-1.139406842688213684e-01,7.040903268588177832e-02,5.954950450339098478e-02,1.358183239265638165e-01,5.643840101440290857e-02,1.514524624771470263e-01,3.306922740920362203e-01,2.251315797554386544e-01,9.383318438297792718e-02
0.000000000000000000e+00,0.000000000000000000e+00,0.000000000000000000e+00,0.000000000000000000e+00,0.000000000000000000e+00,0.000000000000000000e+00,0.000000000000000000e+00,0.000000000000000000e+00,0.000000000000000000e+00,0.000000000000000000e+00,0.000000000000000000e+00,0.000000000000000000e+00,0.000000000000000000e+00,0.000000000000000000e+00,0.000000000000000000e+00,0.000000000000000000e+00,0.000000000000000000e+00,0.000000000000000000e+00,0.000000000000000000e+00,0.000000000000000000e+00,0.000000000000000000e+00,0.000000000000000000e+00,0.000000000000000000e+00,0.000000000000000000e+00,0.000000000000000000e+00,0.000000000000000000e+00,0.000000000000000000e+00,0.000000000000000000e+00,0.000000000000000000e+00,0.000000000000000000e+00,0.000000000000000000e+00,0.000000000000000000e+00,0.000000000000000000e+00,0.000000000000000000e+00,0.000000000000000000e+00,0.000000000000000000e+00,0.000000000000000000e+00,0.000000000000000000e+00,0.000000000000000000e+00,0.000000000000000000e+00,0.000000000000000000e+00,0.000000000000000000e+00,0.000000000000000000e+00,0.000000000000000000e+00,0.000000000000000000e+00,0.000000000000000000e+00,0.000000000000000000e+00,0.000000000000000000e+00,0.000000000000000000e+00,0.000000000000000000e+00,0.000000000000000000e+00,0.000000000000000000e+00,0.000000000000000000e+00,0.000000000000000000e+00,0.000000000000000000e+00,0.000000000000000000e+00,0.000000000000000000e+00,0.000000000000000000e+00,0.000000000000000000e+00,0.000000000000000000e+00,0.000000000000000000e+00,0.000000000000000000e+00,0.000000000000000000e+00,0.000000000000000000e+00,0.000000000000000000e+00,0.000000000000000000e+00,0.000000000000000000e+00,0.000000000000000000e+00,0.000000000000000000e+00,0.000000000000000000e+00,1.000000000000000000e+00,9.815464518506385183e-02,1.035785080479752901e-01,1.038107797526290760e-01,2.014691194192593793e-01,5.334763936897226472e-02,3.273327133590135385e-01,3.340086977702049764e-01,3.020704799963762066e-01,1.133034340613478519e-01,2.995739219244825113e-01,2.051679100002409550e-01,1.458275948359245289e-01,1.797946000594757010e-01,1.807655420024594506e-01,2.773104877579731231e-01,-1.382837292411940103e-02,1.870841042884426597e-01,2.497094201616814890e-01,2.772591281120593276e-01,1.428235356669256551e-01,-2.270644260041890304e-04,1.445700696758486781e-01,2.174245598292581794e-01,-3.511766479546402780e-02,2.946146033204210535e-01,1.880901305414736657e-01,3.053581766674086095e-01,3.234089406820554458e-01,6.069451654660942830e-02
0.000000000000000000e+00,0.000000000000000000e+00,0.000000000000000000e+00,0.000000000000000000e+00,0.000000000000000000e+00,0.000000000000000000e+00,0.000000000000000000e+00,0.000000000000000000e+00,0.000000000000000000e+00,0.000000000000000000e+00,0.000000000000000000e+00,0.000000000000000000e+00,0.000000000000000000e+00,0.000000000000000000e+00,0.000000000000000000e+00,0.000000000000000000e+00,0.000000000000000000e+00,0.000000000000000000e+00,0.000000000000000000e+00,0.000000000000000000e+00,0.000000000000000000e+00,0.000000000000000000e+00,0.000000000000000000e+00,0.000000000000000000e+00,0.000000000000000000e+00,0.000000000000000000e+00,0.000000000000000000e+00,0.000000000000000000e+00,0.000000000000000000e+00,0.000000000000000000e+00,0.000000000000000000e+00,0.000000000000000000e+00,0.000000000000000000e+00,0.000000000000000000e+00,0.000000000000000000e+00,0.000000000000000000e+00,0.000000000000000000e+00,0.000000000000000000e+00,0.000000000000000000e+00,0.000000000000000000e+00,0.000000000000000000e+00,0.000000000000000000e+00,0.000000000000000000e+00,0.000000000000000000e+00,0.000000000000000000e+00,0.000000000000000000e+00,0.000000000000000000e+00,0.000000000000000000e+00,0.000000000000000000e+00,0.000000000000000000e+00,0.000000000000000000e+00,0.000000000000000000e+00,0.000000000000000000e+00,0.000000000000000000e+00,0.000000000000000000e+00,0.000000000000000000e+00,0.000000000000000000e+00,0.000000000000000000e+00,0.000000000000000000e+00,0.000000000000000000e+00,0.000000000000000000e+00,0.000000000000000000e+00,0.000000000000000000e+00,0.000000000000000000e+00,0.000000000000000000e+00,0.000000000000000000e+00,0.000000000000000000e+00,0.000000000000000000e+00,0.000000000000000000e+00,0.000000000000000000e+00,0.000000000000000000e+00,1.000000000000000000e+00,3.154514711451096853e-01,1.008343981079264096e-01,2.936074668800928503e-02,8.916499203421111852e-02,1.170132725385752276e-01,1.679623151305242867e-01,1.025205684683354324e-01,1.712831406403100276e-01,1.217341995327127363e-01,1.297346827238949341e-01,1.593961897065951372e-01,-5.299654147659929593e-02,3.668971668677113718e-02,8.518504806272325647e-02,8.898686224121225841e-02,1.459863219315694072e-01,9.180727273978457614e-02,5.790568350713395929e-02,1.102680102468688306e-01,4.605073993414621203e-02,1.554219314321414191e-01,1.836362519881349353e-01,2.237665951201000397e-02,1.706860301470697061e-01,1.491305636438267634e-01,1.479456176714497861e-01,1.523225500480829830e-01,8.546527740784286287e-03
0.000000000000000000e+00,0.000000000000000000e+00,0.000000000000000000e+00,0.000000000000000000e+00,0.000000000000000000e+00,0.000000000000000000e+00,0.000000000000000000e+00,0.000000000000000000e+00,0.000000000000000000e+00,0.000000000000000000e+00,0.000000000000000000e+00,0.000000000000000000e+00,0.000000000000000000e+00,0.000000000000000000e+00,0.000000000000000000e+00,0.000000000000000000e+00,0.000000000000000000e+00,0.000000000000000000e+00,0.000000000000000000e+00,0.000000000000000000e+00,0.000000000000000000e+00,0.000000000000000000e+00,0.000000000000000000e+00,0.000000000000000000e+00,0.000000000000000000e+00,0.000000000000000000e+00,0.000000000000000000e+00,0.000000000000000000e+00,0.000000000000000000e+00,0.000000000000000000e+00,0.000000000000000000e+00,0.000000000000000000e+00,0.000000000000000000e+00,0.000000000000000000e+00,0.000000000000000000e+00,0.000000000000000000e+00,0.000000000000000000e+00,0.000000000000000000e+00,0.000000000000000000e+00,0.000000000000000000e+00,0.000000000000000000e+00,0.000000000000000000e+00,0.000000000000000000e+00,0.000000000000000000e+00,0.000000000000000000e+00,0.000000000000000000e+00,0.000000000000000000e+00,0.000000000000000000e+00,0.000000000000000000e+00,0.000000000000000000e+00,0.000000000000000000e+00,0.000000000000000000e+00,0.000000000000000000e+00,0.000000000000000000e+00,0.000000000000000000e+00,0.000000000000000000e+00,0.000000000000000000e+00,0.000000000000000000e+00,0.000000000000000000e+00,0.000000000000000000e+00,0.000000000000000000e+00,0.000000000000000000e+00,0.000000000000000000e+00,0.000000000000000000e+00,0.000000000000000000e+00,0.000000000000000000e+00,0.000000000000000000e+00,0.000000000000000000e+00,0.000000000000000000e+00,0.000000000000000000e+00,0.000000000000000000e+00,0.000000000000000000e+00,1.000000000000000000e+00,4.207010376771094101e-02,1.233654158721314981e-01,3.436152823733759631e-01,1.548299527080384819e-01,2.701487976583072381e-01,3.511032834530514180e-01,1.569207507060201845e-01,9.613763017998706861e-02,8.431540500806222749e-02,1.250521796009386177e-01,1.317656977166885568e-01,-4.692309825894667302e-02,1.245580101468440198e-01,3.022242468602990839e-01,1.716976219709593632e-01,2.092512475999104282e-01,1.208057238217841722e-01,5.491051473846964709e-02,-3.477283575424172657e-02,1.585974797017433713e-01,4.986562394456085789e-03,1.482796840965281415e-01,-1.284891701615625131e-02,3.317933498126236502e-01,2.648520557228137284e-01,8.114816211282893654e-02,7.807177608811875780e-02
0.000000000000000000e+00,0.000000000000000000e+00,0.000000000000000000e+00,0.000000000000000000e+00,0.000000000000000000e+00,0.000000000000000000e+00,0.000000000000000000e+00,0.000000000000000000e+00,0.000000000000000000e+00,0.000000000000000000e+00,0.000000000000000000e+00,0.000000000000000000e+00,0.000000000000000000e+00,0.000000000000000000e+00,0.000000000000000000e+00,0.000000000000000000e+00,0.000000000000000000e+00,0.000000000000000000e+00,0.000000000000000000e+00,0.000000000000000000e+00,0.000000000000000000e+00,0.000000000000000000e+00,0.000000000000000000e+00,0.000000000000000000e+00,0.000000000000000000e+00,0.000000000000000000e+00,0.000000000000000000e+00,0.000000000000000000e+00,0.000000000000000000e+00,0.000000000000000000e+00,0.000000000000000000e+00,0.000000000000000000e+00,0.000000000000000000e+00,0.000000000000000000e+00,0.000000000000000000e+00,0.000000000000000000e+00,0.000000000000000000e+00,0.000000000000000000e+00,0.000000000000000000e+00,0.000000000000000000e+00,0.000000000000000000e+00,0.000000000000000000e+00,0.000000000000000000e+00,0.000000000000000000e+00,0.000000000000000000e+00,0.000000000000000000e+00,0.000000000000000000e+00,0.000000000000000000e+00,0.000000000000000000e+00,0.000000000000000000e+00,0.000000000000000000e+00,0.000000000000000000e+00,0.000000000000000000e+00,0.000000000000000000e+00,0.000000000000000000e+00,0.000000000000000000e+00,0.000000000000000000e+00,0.000000000000000000e+00,0.000000000000000000e+00,0.000000000000000000e+00,0.000000000000000000e+00,0.000000000000000000e+00,0.000000000000000000e+00,0.000000000000000000e+00,0.000000000000000000e+00,0.000000000000000000e+00,0.000000000000000000e+00,0.000000000000000000e+00,0.000000000000000000e+00,0.000000000000000000e+00,0.000000000000000000e+00,0.000000000000000000e+00,0.000000000000000000e+00,1.000000000000000000e+00,5.750375000402781211e-02,9.797709553431604990e-02,7.926442034183865670e-02,1.118704454234222267e-01,8.876207445004959118e-02,1.751387938267163213e-01,1.938830636715124511e-01,1.317255509608901975e-01,1.741995233018006906e-01,1.140585480607704538e-01,7.941553183524081849e-02,-4.210597707681991431e-02,1.384114884214783792e-01,2.831402730413171143e-01,1.545441301682115021e-01,2.176072079825848438e-01,2.507576901835738628e-02,4.268517017236019354e-03,6.540395764200344908e-02,6.777755228522396036e-02,8.187937981083907857e-02,8.139514195864233637e-02,-1.169786743759087221e-02,1.931967231922533668e-01,1.246976101912301294e-01,-8.954449587087216778e-02
0.000000000000000000e+00,0.000000000000000000e+00,0.000000000000000000e+00,0.000000000000000000e+00,0.000000000000000000e+00,0.000000000000000000e+00,0.000000000000000000e+00,0.000000000000000000e+00,0.000000000000000000e+00,0.000000000000000000e+00,0.000000000000000000e+00,0.000000000000000000e+00,0.000000000000000000e+00,0.000000000000000000e+00,0.000000000000000000e+00,0.000000000000000000e+00,0.000000000000000000e+00,0.000000000000000000e+00,0.000000000000000000e+00,0.000000000000000000e+00,0.000000000000000000e+00,0.000000000000000000e+00,0.000000000000000000e+00,0.000000000000000000e+00,0.000000000000000000e+00,0.000000000000000000e+00,0.000000000000000000e+00,0.000000000000000000e+00,0.000000000000000000e+00,0.000000000000000000e+00,0.000000000000000000e+00,0.000000000000000000e+00,0.000000000000000000e+00,0.000000000000000000e+00,0.000000000000000000e+00,0.000000000000000000e+00,0.000000000000000000e+00,0.000000000000000000e+00,0.000000000000000000e+00,0.000000000000000000e+00,0.000000000000000000e+00,0.000000000000000000e+00,0.000000000000000000e+00,0.000000000000000000e+00,0.000000000000000000e+00,0.000000000000000000e+00,0.000000000000000000e+00,0.000000000000000000e+00,0.000000000000000000e+00,0.000000000000000000e+00,0.000000000000000000e+00,0.000000000000000000e+00,0.000000000000000000e+00,0.000000000000000000e+00,0.000000000000000000e+00,0.000000000000000000e+00,0.000000000000000000e+00,0.000000000000000000e+00,0.000000000000000000e+00,0.000000000000000000e+00,0.000000000000000000e+00,0.000000000000000000e+00,0.000000000000000000e+00,0.000000000000000000e+00,0.000000000000000000e+00,0.000000000000000000e+00,0.000000000000000000e+00,0.000000000000000000e+00,0.000000000000000000e+00,0.000000000000000000e+00,0.000000000000000000e+00,0.000000000000000000e+00,0.000000000000000000e+00,0.000000000000000000e+00,1.000000000000000000e+00,1.010964767378253748e-01,2.121287270770742805e-01,5.374703736457839970e-02,1.623799621924937042e-01,1.277267652677333554e-01,2.532620239043685897e-02,1.911696153336076009e-01,-1.482406246532848582e-01,1.534440100148431463e-01,1.515219756517525163e-01,2.693752794610116963e-01,-2.390950063174177714e-02,2.237938475333826199e-02,3.543853719746865027e-01,1.936755847876349412e-01,2.272178666207558262e-01,5.317570575370681590e-02,1.263387210648547060e-02,2.401603691952192698e-01,-4.219469722888498364e-02,6.429924155685645681e-02,6.613660061465161111e-02,-4.322912285305476748e-02,1.733586097198112908e-01,1.644511944752421462e-01
0.000000000000000000e+00,0.000000000000000000e+00,0.000000000000000000e+00,0.000000000000000000e+00,0.000000000000000000e+00,0.000000000000000000e+00,0.000000000000000000e+00,0.000000000000000000e+00,0.000000000000000000e+00,0.000000000000000000e+00,0.000000000000000000e+00,0.000000000000000000e+00,0.000000000000000000e+00,0.000000000000000000e+00,0.000000000000000000e+00,0.000000000000000000e+00,0.000000000000000000e+00,0.000000000000000000e+00,0.000000000000000000e+00,0.000000000000000000e+00,0.000000000000000000e+00,0.000000000000000000e+00,0.000000000000000000e+00,0.000000000000000000e+00,0.000000000000000000e+00,0.000000000000000000e+00,0.000000000000000000e+00,0.000000000000000000e+00,0.000000000000000000e+00,0.000000000000000000e+00,0.000000000000000000e+00,0.000000000000000000e+00,0.000000000000000000e+00,0.000000000000000000e+00,0.000000000000000000e+00,0.000000000000000000e+00,0.000000000000000000e+00,0.000000000000000000e+00,0.000000000000000000e+00,0.000000000000000000e+00,0.000000000000000000e+00,0.000000000000000000e+00,0.000000000000000000e+00,0.000000000000000000e+00,0.000000000000000000e+00,0.000000000000000000e+00,0.000000000000000000e+00,0.000000000000000000e+00,0.000000000000000000e+00,0.000000000000000000e+00,0.000000000000000000e+00,0.000000000000000000e+00,0.000000000000000000e+00,0.000000000000000000e+00,0.000000000000000000e+00,0.000000000000000000e+00,0.000000000000000000e+00,0.000000000000000000e+00,0.000000000000000000e+00,0.000000000000000000e+00,0.000000000000000000e+00,0.000000000000000000e+00,0.000000000000000000e+00,0.000000000000000000e+00,0.000000000000000000e+00,0.000000000000000000e+00,0.000000000000000000e+00,0.000000000000000000e+00,0.000000000000000000e+00,0.000000000000000000e+00,0.000000000000000000e+00,0.000000000000000000e+00,0.000000000000000000e+00,0.000000000000000000e+00,0.000000000000000000e+00,1.000000000000000000e+00,6.207393939722044389e-03,1.248033299047237588e-01,9.201526642087880237e-02,1.219875852221891654e-01,-4.554740875664504973e-02,1.045885075078524240e-01,2.043748407510408149e-01,2.282713719221899085e-01,2.211116108790549262e-01,-5.706539745941031916e-02,3.869788705733616663e-01,2.523176112641692045e-02,1.508277738117058120e-01,2.026542036278905848e-02,4.216803661161877548e-02,4.062379461009162085e-02,-1.045123068097112695e-01,3.333460897435496905e-03,2.670213954991130789e-01,-1.366461811382986002e-01,7.899513824000305162e-02,2.275977084174571619e-01,1.607471069624904492e-01,1.333973579667653564e-01
0.000000000000000000e+00,0.000000000000000000e+00,0.000000000000000000e+00,0.000000000000000000e+00,0.000000000000000000e+00,0.000000000000000000e+00,0.000000000000000000e+00,0.000000000000000000e+00,0.000000000000000000e+00,0.000000000000000000e+00,0.000000000000000000e+00,0.000000000000000000e+00,0.000000000000000000e+00,0.000000000000000000e+00,0.000000000000000000e+00,0.000000000000000000e+00,0.000000000000000000e+00,0.000000000000000000e+00,0.000000000000000000e+00,0.000000000000000000e+00,0.000000000000000000e+00,0.000000000000000000e+00,0.000000000000000000e+00,0.000000000000000000e+00,0.000000000000000000e+00,0.000000000000000000e+00,0.000000000000000000e+00,0.000000000000000000e+00,0.000000000000000000e+00,0.000000000000000000e+00,0.000000000000000000e+00,0.000000000000000000e+00,0.000000000000000000e+00,0.000000000000000000e+00,0.000000000000000000e+00,0.000000000000000000e+00,0.000000000000000000e+00,0.000000000000000000e+00,0.000000000000000000e+00,0.000000000000000000e+00,0.000000000000000000e+00,0.000000000000000000e+00,0.000000000000000000e+00,0.000000000000000000e+00,0.000000000000000000e+00,0.000000000000000000e+00,0.000000000000000000e+00,0.000000000000000000e+00,0.000000000000000000e+00,0.000000000000000000e+00,0.000000000000000000e+00,0.000000000000000000e+00,0.000000000000000000e+00,0.000000000000000000e+00,0.000000000000000000e+00,0.000000000000000000e+00,0.000000000000000000e+00,0.000000000000000000e+00,0.000000000000000000e+00,0.000000000000000000e+00,0.000000000000000000e+00,0.000000000000000000e+00,0.000000000000000000e+00,0.000000000000000000e+00,0.000000000000000000e+00,0.000000000000000000e+00,0.000000000000000000e+00,0.000000000000000000e+00,0.000000000000000000e+00,0.000000000000000000e+00,0.000000000000000000e+00,0.000000000000000000e+00,0.000000000000000000e+00,0.000000000000000000e+00,0.000000000000000000e+00,0.000000000000000000e+00,1.000000000000000000e+00,4.120630392411895881e-01,2.292474540739721650e-02,3.236410903485580359e-01,4.281919990940171727e-01,3.143275365408573219e-01,3.471187403983279351e-02,1.768327058908737981e-01,-5.014747729398097431e-02,1.918864469968410147e-01,-1.418441539288539388e-01,1.035397991675885837e-01,3.136741633454129818e-01,4.529415836285877739e-01,-1.347112375622006074e-03,2.161206911206046410e-01,3.336834893343054165e-01,2.942076952948958768e-01,1.293758923459139287e-01,3.536557442886044123e-01,1.406433534733876056e-01,1.386707638778225671e-01,1.193133027719017469e-01,-1.249037641884269585e-02
0.000000000000000000e+00,0.000000000000000000e+00,0.000000000000000000e+00,0.000000000000000000e+00,0.000000000000000000e+00,0.000000000000000000e+00,0.000000000000000000e+00,0.000000000000000000e+00,0.000000000000000000e+00,0.000000000000000000e+00,0.000000000000000000e+00,0.000000000000000000e+00,0.000000000000000000e+00,0.000000000000000000e+00,0.000000000000000000e+00,0.000000000000000000e+00,0.000000000000000000e+00,0.000000000000000000e+00,0.000000000000000000e+00,0.000000000000000000e+00,0.000000000000000000e+00,0.000000000000000000e+00,0.000000000000000000e+00,0.000000000000000000e+00,0.000000000000000000e+00,0.000000000000000000e+00,0.000000000000000000e+00,0.000000000000000000e+00,0.000000000000000000e+00,0.000000000000000000e+00,0.000000000000000000e+00,0.000000000000000000e+00,0.000000000000000000e+00,0.000000000000000000e+00,0.000000000000000000e+00,0.000000000000000000e+00,0.000000000000000000e+00,0.000000000000000000e+00,0.000000000000000000e+00,0.000000000000000000e+00,0.000000000000000000e+00,0.000000000000000000e+00,0.000000000000000000e+00,0.000000000000000000e+00,0.000000000000000000e+00,0.000000000000000000e+00,0.000000000000000000e+00,0.000000000000000000e+00,0.000000000000000000e+00,0.000000000000000000e+00,0.000000000000000000e+00,0.000000000000000000e+00,0.000000000000000000e+00,0.000000000000000000e+00,0.000000000000000000e+00,0.000000000000000000e+00,0.000000000000000000e+00,0.000000000000000000e+00,0.000000000000000000e+00,0.000000000000000000e+00,0.000000000000000000e+00,0.000000000000000000e+00,0.000000000000000000e+00,0.000000000000000000e+00,0.000000000000000000e+00,0.000000000000000000e+00,0.000000000000000000e+00,0.000000000000000000e+00,0.000000000000000000e+00,0.000000000000000000e+00,0.000000000000000000e+00,0.000000000000000000e+00,0.000000000000000000e+00,0.000000000000000000e+00,0.000000000000000000e+00,0.000000000000000000e+00,0.000000000000000000e+00,1.000000000000000000e+00,1.719516176437805438e-02,-5.191565973189764260e-02,2.906464650774984171e-01,7.112352793229917425e-02,2.461992947887876315e-01,-7.682553051416830814e-02,-3.905734887852329446e-02,-1.000627703598898355e-01,1.787676438306392002e-01,1.917893607264304079e-01,1.275385752931815220e-01,1.731506560532692363e-01,5.138125680554898878e-02,-3.880841635669757261e-02,2.244205448807537751e-01,8.548979429095909799e-02,8.681215945960646385e-02,2.126419074813781507e-01,1.188241463411337795e-01,1.532492866822148248e-01,2.652128001230049104e-01,-1.590849342133797140e-01
0.000000000000000000e+00,0.000000000000000000e+00,0.000000000000000000e+00,0.000000000000000000e+00,0.000000000000000000e+00,0.000000000000000000e+00,0.000000000000000000e+00,0.000000000000000000e+00,0.000000000000000000e+00,0.000000000000000000e+00,0.000000000000000000e+00,0.000000000000000000e+00,0.000000000000000000e+00,0.000000000000000000e+00,0.000000000000000000e+00,0.000000000000000000e+00,0.000000000000000000e+00,0.000000000000000000e+00,0.000000000000000000e+00,0.000000000000000000e+00,0.000000000000000000e+00,0.000000000000000000e+00,0.000000000000000000e+00,0.000000000000000000e+00,0.000000000000000000e+00,0.000000000000000000e+00,0.000000000000000000e+00,0.000000000000000000e+00,0.000000000000000000e+00,0.000000000000000000e+00,0.000000000000000000e+00,0.000000000000000000e+00,0.000000000000000000e+00,0.000000000000000000e+00,0.000000000000000000e+00,0.000000000000000000e+00,0.000000000000000000e+00,0.000000000000000000e+00,0.000000000000000000e+00,0.000000000000000000e+00,0.000000000000000000e+00,0.000000000000000000e+00,0.000000000000000000e+00,0.000000000000000000e+00,0.000000000000000000e+00,0.000000000000000000e+00,0.000000000000000000e+00,0.000000000000000000e+00,0.000000000000000000e+00,0.000000000000000000e+00,0.000000000000000000e+00,0.000000000000000000e+00,0.000000000000000000e+00,0.000000000000000000e+00,0.000000000000000000e+00,0.000000000000000000e+00,0.000000000000000000e+00,0.000000000000000000e+00,0.000000000000000000e+00,0.000000000000000000e+00,0.000000000000000000e+00,0.000000000000000000e+00,0.000000000000000000e+00,0.000000000000000000e+00,0.000000000000000000e+00,0.000000000000000000e+00,0.000000000000000000e+00,0.000000000000000000e+00,0.000000000000000000e+00,0.000000000000000000e+00,0.000000000000000000e+00,0.000000000000000000e+00,0.000000000000000000e+00,0.000000000000000000e+00,0.000000000000000000e+00,0.000000000000000000e+00,0.000000000000000000e+00,0.000000000000000000e+00,1.000000000000000000e+00,5.906659345601511513e-02,-1.493904632117435960e-01,-1.114650594053349930e-01,-1.850100957696979367e-02,2.002388019208617698e-01,7.912519622328789692e-02,2.320666209455281015e-01,9.571152985325342977e-02,1.244410588067589307e-01,1.674255003921428508e-01,2.139491109483052933e-01,7.703326697566549586e-02,1.071857440629076091e-01,-3.165225030776513959e-02,-7.738542235108517020e-02,-4.494461937386577156e-03,-9.392295867489851291e-02,2.647907165994621281e-01,2.038281630909872799e-01,9.581933364149869403e-02,6.472748789166905825e-02
0.000000000000000000e+00,0.000000000000000000e+00,0.000000000000000000e+00,0.000000000000000000e+00,0.000000000000000000e+00,0.000000000000000000e+00,0.000000000000000000e+00,0.000000000000000000e+00,0.000000000000000000e+00,0.000000000000000000e+00,0.000000000000000000e+00,0.000000000000000000e+00,0.000000000000000000e+00,0.000000000000000000e+00,0.000000000000000000e+00,0.000000000000000000e+00,0.000000000000000000e+00,0.000000000000000000e+00,0.000000000000000000e+00,0.000000000000000000e+00,0.000000000000000000e+00,0.000000000000000000e+00,0.000000000000000000e+00,0.000000000000000000e+00,0.000000000000000000e+00,0.000000000000000000e+00,0.000000000000000000e+00,0.000000000000000000e+00,0.000000000000000000e+00,0.000000000000000000e+00,0.000000000000000000e+00,0.000000000000000000e+00,0.000000000000000000e+00,0.000000000000000000e+00,0.000000000000000000e+00,0.000000000000000000e+00,0.000000000000000000e+00,0.000000000000000000e+00,0.000000000000000000e+00,0.000000000000000000e+00,0.000000000000000000e+00,0.000000000000000000e+00,0.000000000000000000e+00,0.000000000000000000e+00,0.000000000000000000e+00,0.000000000000000000e+00,0.000000000000000000e+00,0.000000000000000000e+00,0.000000000000000000e+00,0.000000000000000000e+00,0.000000000000000000e+00,0.000000000000000000e+00,0.000000000000000000e+00,0.000000000000000000e+00,0.000000000000000000e+00,0.000000000000000000e+00,0.000000000000000000e+00,0.000000000000000000e+00,0.000000000000000000e+00,0.000000000000000000e+00,0.000000000000000000e+00,0.000000000000000000e+00,0.000000000000000000e+00,0.000000000000000000e+00,0.000000000000000000e+00,0.000000000000000000e+00,0.000000000000000000e+00,0.000000000000000000e+00,0.000000000000000000e+00,0.000000000000000000e+00,0.000000000000000000e+00,0.000000000000000000e+00,0.000000000000000000e+00,0.000000000000000000e+00,0.000000000000000000e+00,0.000000000000000000e+00,0.000000000000000000e+00,0.000000000000000000e+00,0.000000000000000000e+00,1.000000000000000000e+00,2.443873370342450335e-01,4.657714210285932577e-01,-1.904815802564610930e-02,2.630562979324763129e-01,9.715038958209483433e-02,2.753741117939872973e-01,-1.608548424294233004e-01,2.475424537700645911e-01,3.358380131243990374e-01,4.724390887508287951e-01,1.508844428850583674e-01,3.008694391532941714e-01,1.887525478590867112e-01,4.464109740020332229e-01,1.129618744417817677e-01,3.443641744645147273e-01,2.396016341844212638e-01,7.718290264146768220e-02,-8.919571490212743065e-03,1.153950283778955033e-01
0.000000000000000000e+00,0.000000000000000000e+00,0.000000000000000000e+00,0.000000000000000000e+00,0.000000000000000000e+00,0.000000000000000000e+00,0.000000000000000000e+00,0.000000000000000000e+00,0.000000000000000000e+00,0.000000000000000000e+00,0.000000000000000000e+00,0.000000000000000000e+00,0.000000000000000000e+00,0.000000000000000000e+00,0.000000000000000000e+00,0.000000000000000000e+00,0.000000000000000000e+00,0.000000000000000000e+00,0.000000000000000000e+00,0.000000000000000000e+00,0.000000000000000000e+00,0.000000000000000000e+00,0.000000000000000000e+00,0.000000000000000000e+00,0.000000000000000000e+00,0.000000000000000000e+00,0.000000000000000000e+00,0.000000000000000000e+00,0.000000000000000000e+00,0.000000000000000000e+00,0.000000000000000000e+00,0.000000000000000000e+00,0.000000000000000000e+00,0.000000000000000000e+00,0.000000000000000000e+00,0.000000000000000000e+00,0.000000000000000000e+00,0.000000000000000000e+00,0.000000000000000000e+00,0.000000000000000000e+00,0.000000000000000000e+00,0.000000000000000000e+00,0.000000000000000000e+00,0.000000000000000000e+00,0.000000000000000000e+00,0.000000000000000000e+00,0.000000000000000000e+00,0.000000000000000000e+00,0.000000000000000000e+00,0.000000000000000000e+00,0.000000000000000000e+00,0.000000000000000000e+00,0.000000000000000000e+00,0.000000000000000000e+00,0.000000000000000000e+00,0.000000000000000000e+00,0.000000000000000000e+00,0.000000000000000000e+00,0.000000000000000000e+00,0.000000000000000000e+00,0.000000000000000000e+00,0.000000000000000000e+00,0.000000000000000000e+00,0.000000000000000000e+00,0.000000000000000000e+00,0.000000000000000000e+00,0.000000000000000000e+00,0.000000000000000000e+00,0.000000000000000000e+00,0.000000000000000000e+00,0.000000000000000000e+00,0.000000000000000000e+00,0.000000000000000000e+00,0.000000000000000000e+00,0.000000000000000000e+00,0.000000000000000000e+00,0.000000000000000000e+00,0.000000000000000000e+00,0.000000000000000000e+00,0.000000000000000000e+00,1.000000000000000000e+00,2.488995563580334580e-01,3.435794613594573832e-01,3.520362758389571772e-02,1.660620421067662278e-01,9.374180914850344104e-03,1.921828781126338481e-01,1.130200761698158946e-01,2.237222379163768260e-01,2.538110816790303259e-01,4.633641512516999128e-02,1.460403099389789676e-02,4.366715707225280463e-01,4.155383489359816274e-01,1.278817308275861930e-01,4.249725183250534499e-01,-6.662922939882980067e-02,2.114119198807306588e-01,2.488958676607788412e-01,8.153264913737572062e-02
0.000000000000000000e+00,0.000000000000000000e+00,0.000000000000000000e+00,0.000000000000000000e+00,0.000000000000000000e+00,0.000000000000000000e+00,0.000000000000000000e+00,0.000000000000000000e+00,0.000000000000000000e+00,0.000000000000000000e+00,0.000000000000000000e+00,0.000000000000000000e+00,0.000000000000000000e+00,0.000000000000000000e+00,0.000000000000000000e+00,0.000000000000000000e+00,0.000000000000000000e+00,0.000000000000000000e+00,0.000000000000000000e+00,0.000000000000000000e+00,0.000000000000000000e+00,0.000000000000000000e+00,0.000000000000000000e+00,0.000000000000000000e+00,0.000000000000000000e+00,0.000000000000000000e+00,0.000000000000000000e+00,0.000000000000000000e+00,0.000000000000000000e+00,0.000000000000000000e+00,0.000000000000000000e+00,0.000000000000000000e+00,0.000000000000000000e+00,0.000000000000000000e+00,0.000000000000000000e+00,0.000000000000000000e+00,0.000000000000000000e+00,0.000000000000000000e+00,0.000000000000000000e+00,0.000000000000000000e+00,0.000000000000000000e+00,0.000000000000000000e+00,0.000000000000000000e+00,0.000000000000000000e+00,0.000000000000000000e+00,0.000000000000000000e+00,0.000000000000000000e+00,0.000000000000000000e+00,0.000000000000000000e+00,0.000000000000000000e+00,0.000000000000000000e+00,0.000000000000000000e+00,0.000000000000000000e+00,0.000000000000000000e+00,0.000000000000000000e+00,0.000000000000000000e+00,0.000000000000000000e+00,0.000000000000000000e+00,0.000000000000000000e+00,0.000000000000000000e+00,0.000000000000000000e+00,0.000000000000000000e+00,0.000000000000000000e+00,0.000000000000000000e+00,0.000000000000000000e+00,0.000000000000000000e+00,0.000000000000000000e+00,0.000000000000000000e+00,0.000000000000000000e+00,0.000000000000000000e+00,0.000000000000000000e+00,0.000000000000000000e+00,0.000000000000000000e+00,0.000000000000000000e+00,0.000000000000000000e+00,0.000000000000000000e+00,0.000000000000000000e+00,0.000000000000000000e+00,0.000000000000000000e+00,0.000000000000000000e+00,0.000000000000000000e+00,1.000000000000000000e+00,4.276714729147396837e-02,7.484217938647351465e-02,1.017175675184017886e-01,7.244434264834812010e-02,-5.624641874738559727e-02,1.656514407617833695e-01,1.868515736947617412e-01,1.822572815037124538e-01,1.425686890467346701e-01,1.203326394351137280e-01,-5.106010043881876320e-02,1.836186724834353301e-01,-2.322399456417631111e-02,2.763919131829003506e-01,1.906419960980508255e-01,1.164815610048598044e-02,2.509456125203752275e-01,-1.614955980919910439e-02
0.000000000000000000e+00,0.000000000000000000e+00,0.000000000000000000e+00,0.000000000000000000e+00,0.000000000000000000e+00,0.000000000000000000e+00,0.000000000000000000e+00,0.000000000000000000e+00,0.000000000000000000e+00,0.000000000000000000e+00,0.000000000000000000e+00,0.000000000000000000e+00,0.000000000000000000e+00,0.000000000000000000e+00,0.000000000000000000e+00,0.000000000000000000e+00,0.000000000000000000e+00,0.000000000000000000e+00,0.000000000000000000e+00,0.000000000000000000e+00,0.000000000000000000e+00,0.000000000000000000e+00,0.000000000000000000e+00,0.000000000000000000e+00,0.000000000000000000e+00,0.000000000000000000e+00,0.000000000000000000e+00,0.000000000000000000e+00,0.000000000000000000e+00,0.000000000000000000e+00,0.000000000000000000e+00,0.000000000000000000e+00,0.000000000000000000e+00,0.000000000000000000e+00,0.000000000000000000e+00,0.000000000000000000e+00,0.000000000000000000e+00,0.000000000000000000e+00,0.000000000000000000e+00,0.000000000000000000e+00,0.000000000000000000e+00,0.000000000000000000e+00,0.000000000000000000e+00,0.000000000000000000e+00,0.000000000000000000e+00,0.000000000000000000e+00,0.000000000000000000e+00,0.000000000000000000e+00,0.000000000000000000e+00,0.000000000000000000e+00,0.000000000000000000e+00,0.000000000000000000e+00,0.000000000000000000e+00,0.000000000000000000e+00,0.000000000000000000e+00,0.000000000000000000e+00,0.000000000000000000e+00,0.000000000000000000e+00,0.000000000000000000e+00,0.000000000000000000e+00,0.000000000000000000e+00,0.000000000000000000e+00,0.000000000000000000e+00,0.000000000000000000e+00,0.000000000000000000e+00,0.000000000000000000e+00,0.000000000000000000e+00,0.000000000000000000e+00,0.000000000000000000e+00,0.000000000000000000e+00,0.000000000000000000e+00,0.000000000000000000e+00,0.000000000000000000e+00,0.000000000000000000e+00,0.000000000000000000e+00,0.000000000000000000e+00,0.000000000000000000e+00,0.000000000000000000e+00,0.000000000000000000e+00,0.000000000000000000e+00,0.000000000000000000e+00,0.000000000000000000e+00,1.000000000000000000e+00,9.042401624129600690e-02,2.010359691923589154e-01,5.549565374502361120e-02,4.714888762585563442e-01,1.216507844940037941e-01,9.690590026769936582e-02,2.371244272901232297e-02,3.061950248866127447e-02,2.735613771044251644e-02,1.409737297438651282e-01,1.930593152298197557e-01,2.290592051505778437e-01,2.032017846903467762e-01,7.204873300075978482e-03,1.112583981372160941e-01,2.455010627264080925e-01,1.454632793054007611e-01
0.000000000000000000e+00,0.000000000000000000e+00,0.000000000000000000e+00,0.000000000000000000e+00,0.000000000000000000e+00,0.000000000000000000e+00,0.000000000000000000e+00,0.000000000000000000e+00,0.000000000000000000e+00,0.000000000000000000e+00,0.000000000000000000e+00,0.000000000000000000e+00,0.000000000000000000e+00,0.000000000000000000e+00,0.000000000000000000e+00,0.000000000000000000e+00,0.000000000000000000e+00,0.000000000000000000e+00,0.000000000000000000e+00,0.000000000000000000e+00,0.000000000000000000e+00,0.000000000000000000e+00,0.000000000000000000e+00,0.000000000000000000e+00,0.000000000000000000e+00,0.000000000000000000e+00,0.000000000000000000e+00,0.000000000000000000e+00,0.000000000000000000e+00,0.000000000000000000e+00,0.000000000000000000e+00,0.000000000000000000e+00,0.000000000000000000e+00,0.000000000000000000e+00,0.000000000000000000e+00,0.000000000000000000e+00,0.000000000000000000e+00,0.000000000000000000e+00,0.000000000000000000e+00,0.000000000000000000e+00,0.000000000000000000e+00,0.000000000000000000e+00,0.000000000000000000e+00,0.000000000000000000e+00,0.000000000000000000e+00,0.000000000000000000e+00,0.000000000000000000e+00,0.000000000000000000e+00,0.000000000000000000e+00,0.000000000000000000e+00,0.000000000000000000e+00,0.000000000000000000e+00,0.000000000000000000e+00,0.000000000000000000e+00,0.000000000000000000e+00,0.000000000000000000e+00,0.000000000000000000e+00,0.000000000000000000e+00,0.000000000000000000e+00,0.000000000000000000e+00,0.000000000000000000e+00,0.000000000000000000e+00,0.000000000000000000e+00,0.000000000000000000e+00,0.000000000000000000e+00,0.000000000000000000e+00,0.000000000000000000e+00,0.000000000000000000e+00,0.000000000000000000e+00,0.000000000000000000e+00,0.000000000000000000e+00,0.000000000000000000e+00,0.000000000000000000e+00,0.000000000000000000e+00,0.000000000000000000e+00,0.000000000000000000e+00,0.000000000000000000e+00,0.000000000000000000e+00,0.000000000000000000e+00,0.000000000000000000e+00,0.000000000000000000e+00,0.000000000000000000e+00,0.000000000000000000e+00,1.000000000000000000e+00,1.797641433903334196e-01,3.056006164244235435e-01,2.428074973453552277e-01,9.654970696853737433e-02,3.051515320654584751e-01,2.158996271941545364e-01,-6.031150769405797807e-02,2.257530419730704452e-01,-1.481949004152620375e-01,8.934283780128488006e-02,1.580959455552021498e-01,-3.306300068212415094e-02,8.614976168864198203e-02,1.674921278600995656e-01,9.478005385993720777e-02,1.660770425805672412e-01
0.000000000000000000e+00,0.000000000000000000e+00,0.000000000000000000e+00,0.000000000000000000e+00,0.000000000000000000e+00,0.000000000000000000e+00,0.000000000000000000e+00,0.000000000000000000e+00,0.000000000000000000e+00,0.000000000000000000e+00,0.000000000000000000e+00,0.000000000000000000e+00,0.000000000000000000e+00,0.000000000000000000e+00,0.000000000000000000e+00,0.000000000000000000e+00,0.000000000000000000e+00,0.000000000000000000e+00,0.000000000000000000e+00,0.000000000000000000e+00,0.000000000000000000e+00,0.000000000000000000e+00,0.000000000000000000e+00,0.000000000000000000e+00,0.000000000000000000e+00,0.000000000000000000e+00,0.000000000000000000e+00,0.000000000000000000e+00,0.000000000000000000e+00,0.000000000000000000e+00,0.000000000000000000e+00,0.000000000000000000e+00,0.000000000000000000e+00,0.000000000000000000e+00,0.000000000000000000e+00,0.000000000000000000e+00,0.000000000000000000e+00,0.000000000000000000e+00,0.000000000000000000e+00,0.000000000000000000e+00,0.000000000000000000e+00,0.000000000000000000e+00,0.000000000000000000e+00,0.000000000000000000e+00,0.000000000000000000e+00,0.000000000000000000e+00,0.000000000000000000e+00,0.000000000000000000e+00,0.000000000000000000e+00,0.000000000000000000e+00,0.000000000000000000e+00,0.000000000000000000e+00,0.000000000000000000e+00,0.000000000000000000e+00,0.000000000000000000e+00,0.000000000000000000e+00,0.000000000000000000e+00,0.000000000000000000e+00,0.000000000000000000e+00,0.000000000000000000e+00,0.000000000000000000e+00,0.000000000000000000e+00,0.000000000000000000e+00,0.000000000000000000e+00,0.000000000000000000e+00,0.000000000000000000e+00,0.000000000000000000e+00,0.000000000000000000e+00,0.000000000000000000e+00,0.000000000000000000e+00,0.000000000000000000e+00,0.000000000000000000e+00,0.000000000000000000e+00,0.000000000000000000e+00,0.000000000000000000e+00,0.000000000000000000e+00,0.000000000000000000e+00,0.000000000000000000e+00,0.000000000000000000e+00,0.000000000000000000e+00,0.000000000000000000e+00,0.000000000000000000e+00,0.000000000000000000e+00,0.000000000000000000e+00,1.000000000000000000e+00,9.879119808613071041e-02,2.938956609533061037e-01,-3.664429885651070834e-02,9.694203374888196723e-02,-2.774406923436024356e-03,-8.773110693085823739e-03,-3.109966783840506857e-02,-7.218633712794187730e-03,1.538940265970919485e-01,1.823659834914027611e-01,-9.096112942179246375e-02,-9.210250920542284447e-02,2.473987451827182882e-01,1.869844395843442142e-01,1.708395332838911485e-01
0.000000000000000000e+00,0.000000000000000000e+00,0.000000000000000000e+00,0.000000000000000000e+00,0.000000000000000000e+00,0.000000000000000000e+00,0.000000000000000000e+00,0.000000000000000000e+00,0.000000000000000000e+00,0.000000000000000000e+00,0.000000000000000000e+00,0.000000000000000000e+00,0.000000000000000000e+00,0.000000000000000000e+00,0.000000000000000000e+00,0.000000000000000000e+00,0.000000000000000000e+00,0.000000000000000000e+00,0.000000000000000000e+00,0.000000000000000000e+00,0.000000000000000000e+00,0.000000000000000000e+00,0.000000000000000000e+00,0.000000000000000000e+00,0.000000000000000000e+00,0.000000000000000000e+00,0.000000000000000000e+00,0.000000000000000000e+00,0.000000000000000000e+00,0.000000000000000000e+00,0.000000000000000000e+00,0.000000000000000000e+00,0.000000000000000000e+00,0.000000000000000000e+00,0.000000000000000000e+00,0.000000000000000000e+00,0.000000000000000000e+00,0.000000000000000000e+00,0.000000000000000000e+00,0.000000000000000000e+00,0.000000000000000000e+00,0.000000000000000000e+00,0.000000000000000000e+00,0.000000000000000000e+00,0.000000000000000000e+00,0.000000000000000000e+00,0.000000000000000000e+00,0.000000000000000000e+00,0.000000000000000000e+00,0.000000000000000000e+00,0.000000000000000000e+00,0.000000000000000000e+00,0.000000000000000000e+00,0.000000000000000000e+00,0.000000000000000000e+00,0.000000000000000000e+00,0.000000000000000000e+00,0.000000000000000000e+00,0.000000000000000000e+00,0.000000000000000000e+00,0.000000000000000000e+00,0.000000000000000000e+00,0.000000000000000000e+00,0.000000000000000000e+00,0.000000000000000000e+00,0.000000000000000000e+00,0.000000000000000000e+00,0.000000000000000000e+00,0.000000000000000000e+00,0.000000000000000000e+00,0.000000000000000000e+00,0.000000000000000000e+00,0.000000000000000000e+00,0.000000000000000000e+00,0.000000000000000000e+00,0.000000000000000000e+00,0.000000000000000000e+00,0.000000000000000000e+00,0.000000000000000000e+00,0.000000000000000000e+00,0.000000000000000000e+00,0.000000000000000000e+00,0.000000000000000000e+00,0.000000000000000000e+00,0.000000000000000000e+00,1.000000000000000000e+00,-1.755601062927339695e-01,3.502911612188194801e-02,9.775323437067692800e-02,9.501446922253187211e-02,-3.686542233969977711e-02,6.848345230629460101e-02,-5.573225720576198416e-02,1.758786013133722681e-01,-2.296794434430483173e-02,7.733019247568949373e-02,1.339277836351175921e-01,1.096460560940148016e-01,-7.507361877777693135e-03,-4.697375659564004269e-02
0.000000000000000000e+00,0.000000000000000000e+00,0.000000000000000000e+00,0.000000000000000000e+00,0.000000000000000000e+00,0.000000000000000000e+00,0.000000000000000000e+00,0.000000000000000000e+00,0.000000000000000000e+00,0.000000000000000000e+00,0.000000000000000000e+00,0.000000000000000000e+00,0.000000000000000000e+00,0.000000000000000000e+00,0.000000000000000000e+00,0.000000000000000000e+00,0.000000000000000000e+00,0.000000000000000000e+00,0.000000000000000000e+00,0.000000000000000000e+00,0.000000000000000000e+00,0.000000000000000000e+00,0.000000000000000000e+00,0.000000000000000000e+00,0.000000000000000000e+00,0.000000000000000000e+00,0.000000000000000000e+00,0.000000000000000000e+00,0.000000000000000000e+00,0.000000000000000000e+00,0.000000000000000000e+00,0.000000000000000000e+00,0.000000000000000000e+00,0.000000000000000000e+00,0.000000000000000000e+00,0.000000000000000000e+00,0.000000000000000000e+00,0.000000000000000000e+00,0.000000000000000000e+00,0.000000000000000000e+00,0.000000000000000000e+00,0.000000000000000000e+00,0.000000000000000000e+00,0.000000000000000000e+00,0.000000000000000000e+00,0.000000000000000000e+00,0.000000000000000000e+00,0.000000000000000000e+00,0.000000000000000000e+00,0.000000000000000000e+00,0.000000000000000000e+00,0.000000000000000000e+00,0.000000000000000000e+00,0.000000000000000000e+00,0.000000000000000000e+00,0.000000000000000000e+00,0.000000000000000000e+00,0.000000000000000000e+00,0.000000000000000000e+00,0.000000000000000000e+00,0.000000000000000000e+00,0.000000000000000000e+00,0.000000000000000000e+00,0.000000000000000000e+00,0.000000000000000000e+00,0.000000000000000000e+00,0.000000000000000000e+00,0.000000000000000000e+00,0.000000000000000000e+00,0.000000000000000000e+00,0.000000000000000000e+00,0.000000000000000000e+00,0.000000000000000000e+00,0.000000000000000000e+00,0.000000000000000000e+00,0.000000000000000000e+00,0.000000000000000000e+00,0.000000000000000000e+00,0.000000000000000000e+00,0.000000000000000000e+00,0.000000000000000000e+00,0.000000000000000000e+00,0.000000000000000000e+00,0.000000000000000000e+00,0.000000000000000000e+00,0.000000000000000000e+00,1.000000000000000000e+00,8.488115593995719521e-02,1.331534908488088420e-01,2.720766828468828766e-02,8.814242071079297913e-02,-9.734966182728720108e-02,-7.030054031018072302e-02,-8.359421328776302229e-02,1.083073972589748829e-01,-1.282933079195260895e-01,1.696230482790431898e-02,1.808121381335282829e-01,2.219751129273581924e-01,1.353411045219575781e-01
0.000000000000000000e+00,0.000000000000000000e+00,0.000000000000000000e+00,0.000000000000000000e+00,0.000000000000000000e+00,0.000000000000000000e+00,0.000000000000000000e+00,0.000000000000000000e+00,0.000000000000000000e+00,0.000000000000000000e+00,0.000000000000000000e+00,0.000000000000000000e+00,0.000000000000000000e+00,0.000000000000000000e+00,0.000000000000000000e+00,0.000000000000000000e+00,0.000000000000000000e+00,0.000000000000000000e+00,0.000000000000000000e+00,0.000000000000000000e+00,0.000000000000000000e+00,0.000000000000000000e+00,0.000000000000000000e+00,0.000000000000000000e+00,0.000000000000000000e+00,0.000000000000000000e+00,0.000000000000000000e+00,0.000000000000000000e+00,0.000000000000000000e+00,0.000000000000000000e+00,0.000000000000000000e+00,0.000000000000000000e+00,0.000000000000000000e+00,0.000000000000000000e+00,0.000000000000000000e+00,0.000000000000000000e+00,0.000000000000000000e+00,0.000000000000000000e+00,0.000000000000000000e+00,0.000000000000000000e+00,0.000000000000000000e+00,0.000000000000000000e+00,0.000000000000000000e+00,0.000000000000000000e+00,0.000000000000000000e+00,0.000000000000000000e+00,0.000000000000000000e+00,0.000000000000000000e+00,0.000000000000000000e+00,0.000000000000000000e+00,0.000000000000000000e+00,0.000000000000000000e+00,0.000000000000000000e+00,0.000000000000000000e+00,0.000000000000000000e+00,0.000000000000000000e+00,0.000000000000000000e+00,0.000000000000000000e+00,0.000000000000000000e+00,0.000000000000000000e+00,0.000000000000000000e+00,0.000000000000000000e+00,0.000000000000000000e+00,0.000000000000000000e+00,0.000000000000000000e+00,0.000000000000000000e+00,0.000000000000000000e+00,0.000000000000000000e+00,0.000000000000000000e+00,0.000000000000000000e+00,0.000000000000000000e+00,0.000000000000000000e+00,0.000000000000000000e+00,0.000000000000000000e+00,0.000000000000000000e+00,0.000000000000000000e+00,0.000000000000000000e+00,0.000000000000000000e+00,0.000000000000000000e+00,0.000000000000000000e+00,0.000000000000000000e+00,0.000000000000000000e+00,0.000000000000000000e+00,0.000000000000000000e+00,0.000000000000000000e+00,0.000000000000000000e+00,0.000000000000000000e+00,1.000000000000000000e+00,2.934848080071897347e-01,1.859758542556305683e-01,1.605087412676816927e-01,3.115506211078456489e-01,2.882479951812499941e-01,1.646932455623555946e-01,-7.451701891466162853e-02,3.513368328227499116e-01,2.168346244122395239e-01,4.091881710264890781e-01,2.814432625360461793e-01,-6.210266777547545497e-02
0.000000000000000000e+00,0.000000000000000000e+00,0.000000000000000000e+00,0.000000000000000000e+00,0.000000000000000000e+00,0.000000000000000000e+00,0.000000000000000000e+00,0.000000000000000000e+00,0.000000000000000000e+00,0.000000000000000000e+00,0.000000000000000000e+00,0.000000000000000000e+00,0.000000000000000000e+00,0.000000000000000000e+00,0.000000000000000000e+00,0.000000000000000000e+00,0.000000000000000000e+00,0.000000000000000000e+00,0.000000000000000000e+00,0.000000000000000000e+00,0.000000000000000000e+00,0.000000000000000000e+00,0.000000000000000000e+00,0.000000000000000000e+00,0.000000000000000000e+00,0.000000000000000000e+00,0.000000000000000000e+00,0.000000000000000000e+00,0.000000000000000000e+00,0.000000000000000000e+00,0.000000000000000000e+00,0.000000000000000000e+00,0.000000000000000000e+00,0.000000000000000000e+00,0.000000000000000000e+00,0.000000000000000000e+00,0.000000000000000000e+00,0.000000000000000000e+00,0.000000000000000000e+00,0.000000000000000000e+00,0.000000000000000000e+00,0.000000000000000000e+00,0.000000000000000000e+00,0.000000000000000000e+00,0.000000000000000000e+00,0.000000000000000000e+00,0.000000000000000000e+00,0.000000000000000000e+00,0.000000000000000000e+00,0.000000000000000000e+00,0.000000000000000000e+00,0.000000000000000000e+00,0.000000000000000000e+00,0.000000000000000000e+00,0.000000000000000000e+00,0.000000000000000000e+00,0.000000000000000000e+00,0.000000000000000000e+00,0.000000000000000000e+00,0.000000000000000000e+00,0.000000000000000000e+00,0.000000000000000000e+00,0.000000000000000000e+00,0.000000000000000000e+00,0.000000000000000000e+00,0.000000000000000000e+00,0.000000000000000000e+00,0.000000000000000000e+00,0.000000000000000000e+00,0.000000000000000000e+00,0.000000000000000000e+00,0.000000000000000000e+00,0.000000000000000000e+00,0.000000000000000000e+00,0.000000000000000000e+00,0.000000000000000000e+00,0.000000000000000000e+00,0.000000000000000000e+00,0.000000000000000000e+00,0.000000000000000000e+00,0.000000000000000000e+00,0.000000000000000000e+00,0.000000000000000000e+00,0.000000000000000000e+00,0.000000000000000000e+00,0.000000000000000000e+00,0.000000000000000000e+00,0.000000000000000000e+00,1.000000000000000000e+00,4.244556625699612562e-01,3.335102249926547024e-01,1.595772861450166502e-01,1.918400462743782287e-01,3.151057483186177066e-01,3.072763231915740315e-02,2.663593400999875738e-01,2.105095317901225505e-01,2.755676589302358814e-01,4.004086958375701610e-01,2.533557728927980923e-01
0.000000000000000000e+00,0.000000000000000000e+00,0.000000000000000000e+00,0.000000000000000000e+00,0.000000000000000000e+00,0.000000000000000000e+00,0.000000000000000000e+00,0.000000000000000000e+00,0.000000000000000000e+00,0.000000000000000000e+00,0.000000000000000000e+00,0.000000000000000000e+00,0.000000000000000000e+00,0.000000000000000000e+00,0.000000000000000000e+00,0.000000000000000000e+00,0.000000000000000000e+00,0.000000000000000000e+00,0.000000000000000000e+00,0.000000000000000000e+00,0.000000000000000000e+00,0.000000000000000000e+00,0.000000000000000000e+00,0.000000000000000000e+00,0.000000000000000000e+00,0.000000000000000000e+00,0.000000000000000000e+00,0.000000000000000000e+00,0.000000000000000000e+00,0.000000000000000000e+00,0.000000000000000000e+00,0.000000000000000000e+00,0.000000000000000000e+00,0.000000000000000000e+00,0.000000000000000000e+00,0.000000000000000000e+00,0.000000000000000000e+00,0.000000000000000000e+00,0.000000000000000000e+00,0.000000000000000000e+00,0.000000000000000000e+00,0.000000000000000000e+00,0.000000000000000000e+00,0.000000000000000000e+00,0.000000000000000000e+00,0.000000000000000000e+00,0.000000000000000000e+00,0.000000000000000000e+00,0.000000000000000000e+00,0.000000000000000000e+00,0.000000000000000000e+00,0.000000000000000000e+00,0.000000000000000000e+00,0.000000000000000000e+00,0.000000000000000000e+00,0.000000000000000000e+00,0.000000000000000000e+00,0.000000000000000000e+00,0.000000000000000000e+00,0.000000000000000000e+00,0.000000000000000000e+00,0.000000000000000000e+00,0.000000000000000000e+00,0.000000000000000000e+00,0.000000000000000000e+00,0.000000000000000000e+00,0.000000000000000000e+00,0.000000000000000000e+00,0.000000000000000000e+00,0.000000000000000000e+00,0.000000000000000000e+00,0.000000000000000000e+00,0.000000000000000000e+00,0.000000000000000000e+00,0.000000000000000000e+00,0.000000000000000000e+00,0.000000000000000000e+00,0.000000000000000000e+00,0.000000000000000000e+00,0.000000000000000000e+00,0.000000000000000000e+00,0.000000000000000000e+00,0.000000000000000000e+00,0.000000000000000000e+00,0.000000000000000000e+00,0.000000000000000000e+00,0.000000000000000000e+00,0.000000000000000000e+00,0.000000000000000000e+00,1.000000000000000000e+00,2.033268553531348000e-01,2.978809767036931788e-01,1.788326799339581552e-01,3.371738152968112301e-01,1.229682680439418141e-01,2.888533203882460709e-01,2.933067823536983365e-01,1.600950356550878972e-01,3.216985753681465138e-02,1.649042917281960674e-01
0.000000000000000000e+00,0.000000000000000000e+00,0.000000000000000000e+00,0.000000000000000000e+00,0.000000000000000000e+00,0.000000000000000000e+00,0.000000000000000000e+00,0.000000000000000000e+00,0.000000000000000000e+00,0.000000000000000000e+00,0.000000000000000000e+00,0.000000000000000000e+00,0.000000000000000000e+00,0.000000000000000000e+00,0.000000000000000000e+00,0.000000000000000000e+00,0.000000000000000000e+00,0.000000000000000000e+00,0.000000000000000000e+00,0.000000000000000000e+00,0.000000000000000000e+00,0.000000000000000000e+00,0.000000000000000000e+00,0.000000000000000000e+00,0.000000000000000000e+00,0.000000000000000000e+00,0.000000000000000000e+00,0.000000000000000000e+00,0.000000000000000000e+00,0.000000000000000000e+00,0.000000000000000000e+00,0.000000000000000000e+00,0.000000000000000000e+00,0.000000000000000000e+00,0.000000000000000000e+00,0.000000000000000000e+00,0.000000000000000000e+00,0.000000000000000000e+00,0.000000000000000000e+00,0.000000000000000000e+00,0.000000000000000000e+00,0.000000000000000000e+00,0.000000000000000000e+00,0.000000000000000000e+00,0.000000000000000000e+00,0.000000000000000000e+00,0.000000000000000000e+00,0.000000000000000000e+00,0.000000000000000000e+00,0.000000000000000000e+00,0.000000000000000000e+00,0.000000000000000000e+00,0.000000000000000000e+00,0.000000000000000000e+00,0.000000000000000000e+00,0.000000000000000000e+00,0.000000000000000000e+00,0.000000000000000000e+00,0.000000000000000000e+00,0.000000000000000000e+00,0.000000000000000000e+00,0.000000000000000000e+00,0.000000000000000000e+00,0.000000000000000000e+00,0.000000000000000000e+00,0.000000000000000000e+00,0.000000000000000000e+00,0.000000000000000000e+00,0.000000000000000000e+00,0.000000000000000000e+00,0.000000000000000000e+00,0.000000000000000000e+00,0.000000000000000000e+00,0.000000000000000000e+00,0.000000000000000000e+00,0.000000000000000000e+00,0.000000000000000000e+00,0.000000000000000000e+00,0.000000000000000000e+00,0.000000000000000000e+00,0.000000000000000000e+00,0.000000000000000000e+00,0.000000000000000000e+00,0.000000000000000000e+00,0.000000000000000000e+00,0.000000000000000000e+00,0.000000000000000000e+00,0.000000000000000000e+00,0.000000000000000000e+00,0.000000000000000000e+00,1.000000000000000000e+00,1.800472517514705995e-01,-3.322120253100777770e-02,2.337204179511032931e-01,-9.326442427015084469e-02,1.497399051409347981e-01,2.365064427905274047e-01,-7.554981591812207076e-02,1.910858949087089198e-01,3.963598363992199558e-01
0.000000000000000000e+00,0.000000000000000000e+00,0.000000000000000000e+00,0.000000000000000000e+00,0.000000000000000000e+00,0.000000000000000000e+00,0.000000000000000000e+00,0.000000000000000000e+00,0.000000000000000000e+00,0.000000000000000000e+00,0.000000000000000000e+00,0.000000000000000000e+00,0.000000000000000000e+00,0.000000000000000000e+00,0.000000000000000000e+00,0.000000000000000000e+00,0.000000000000000000e+00,0.000000000000000000e+00,0.000000000000000000e+00,0.000000000000000000e+00,0.000000000000000000e+00,0.000000000000000000e+00,0.000000000000000000e+00,0.000000000000000000e+00,0.000000000000000000e+00,0.000000000000000000e+00,0.000000000000000000e+00,0.000000000000000000e+00,0.000000000000000000e+00,0.000000000000000000e+00,0.000000000000000000e+00,0.000000000000000000e+00,0.000000000000000000e+00,0.000000000000000000e+00,0.000000000000000000e+00,0.000000000000000000e+00,0.000000000000000000e+00,0.000000000000000000e+00,0.000000000000000000e+00,0.000000000000000000e+00,0.000000000000000000e+00,0.000000000000000000e+00,0.000000000000000000e+00,0.000000000000000000e+00,0.000000000000000000e+00,0.000000000000000000e+00,0.000000000000000000e+00,0.000000000000000000e+00,0.000000000000000000e+00,0.000000000000000000e+00,0.000000000000000000e+00,0.000000000000000000e+00,0.000000000000000000e+00,0.000000000000000000e+00,0.000000000000000000e+00,0.000000000000000000e+00,0.000000000000000000e+00,0.000000000000000000e+00,0.000000000000000000e+00,0.000000000000000000e+00,0.000000000000000000e+00,0.000000000000000000e+00,0.000000000000000000e+00,0.000000000000000000e+00,0.000000000000000000e+00,0.000000000000000000e+00,0.000000000000000000e+00,0.000000000000000000e+00,0.000000000000000000e+00,0.000000000000000000e+00,0.000000000000000000e+00,0.000000000000000000e+00,0.000000000000000000e+00,0.000000000000000000e+00,0.000000000000000000e+00,0.000000000000000000e+00,0.000000000000000000e+00,0.000000000000000000e+00,0.000000000000000000e+00,0.000000000000000000e+00,0.000000000000000000e+00,0.000000000000000000e+00,0.000000000000000000e+00,0.000000000000000000e+00,0.000000000000000000e+00,0.000000000000000000e+00,0.000000000000000000e+00,0.000000000000000000e+00,0.000000000000000000e+00,0.000000000000000000e+00,0.000000000000000000e+00,1.000000000000000000e+00,1.632852162453344441e-02,2.399977469398057450e-01,1.819058339594278872e-01,1.755162844759664553e-01,1.950479929501950371e-01,4.513766225463854143e-02,-3.112933785116834412e-02,1.884717816903525023e-01
0.000000000000000000e+00,0.000000000000000000e+00,0.000000000000000000e+00,0.000000000000000000e+00,0.000000000000000000e+00,0.000000000000000000e+00,0.000000000000000000e+00,0.000000000000000000e+00,0.000000000000000000e+00,0.000000000000000000e+00,0.000000000000000000e+00,0.000000000000000000e+00,0.000000000000000000e+00,0.000000000000000000e+00,0.000000000000000000e+00,0.000000000000000000e+00,0.000000000000000000e+00,0.000000000000000000e+00,0.000000000000000000e+00,0.000000000000000000e+00,0.000000000000000000e+00,0.000000000000000000e+00,0.000000000000000000e+00,0.000000000000000000e+00,0.000000000000000000e+00,0.000000000000000000e+00,0.000000000000000000e+00,0.000000000000000000e+00,0.000000000000000000e+00,0.000000000000000000e+00,0.000000000000000000e+00,0.000000000000000000e+00,0.000000000000000000e+00,0.000000000000000000e+00,0.000000000000000000e+00,0.000000000000000000e+00,0.000000000000000000e+00,0.000000000000000000e+00,0.000000000000000000e+00,0.000000000000000000e+00,0.000000000000000000e+00,0.000000000000000000e+00,0.000000000000000000e+00,0.000000000000000000e+00,0.000000000000000000e+00,0.000000000000000000e+00,0.000000000000000000e+00,0.000000000000000000e+00,0.000000000000000000e+00,0.000000000000000000e+00,0.000000000000000000e+00,0.000000000000000000e+00,0.000000000000000000e+00,0.000000000000000000e+00,0.000000000000000000e+00,0.000000000000000000e+00,0.000000000000000000e+00,0.000000000000000000e+00,0.000000000000000000e+00,0.000000000000000000e+00,0.000000000000000000e+00,0.000000000000000000e+00,0.000000000000000000e+00,0.000000000000000000e+00,0.000000000000000000e+00,0.000000000000000000e+00,0.000000000000000000e+00,0.000000000000000000e+00,0.000000000000000000e+00,0.000000000000000000e+00,0.000000000000000000e+00,0.000000000000000000e+00,0.000000000000000000e+00,0.000000000000000000e+00,0.000000000000000000e+00,0.000000000000000000e+00,0.000000000000000000e+00,0.000000000000000000e+00,0.000000000000000000e+00,0.000000000000000000e+00,0.000000000000000000e+00,0.000000000000000000e+00,0.000000000000000000e+00,0.000000000000000000e+00,0.000000000000000000e+00,0.000000000000000000e+00,0.000000000000000000e+00,0.000000000000000000e+00,0.000000000000000000e+00,0.000000000000000000e+00,0.000000000000000000e+00,0.000000000000000000e+00,1.000000000000000000e+00,2.716018755072852064e-01,9.966732588639647117e-02,2.684855909686643116e-01,-5.646708436980295981e-03,1.584686733262063996e-01,3.268243497733695768e-02,-3.863355435268102118e-03
0.000000000000000000e+00,0.000000000000000000e+00,0.000000000000000000e+00,0.000000000000000000e+00,0.000000000000000000e+00,0.000000000000000000e+00,0.000000000000000000e+00,0.000000000000000000e+00,0.000000000000000000e+00,0.000000000000000000e+00,0.000000000000000000e+00,0.000000000000000000e+00,0.000000000000000000e+00,0.000000000000000000e+00,0.000000000000000000e+00,0.000000000000000000e+00,0.000000000000000000e+00,0.000000000000000000e+00,0.000000000000000000e+00,0.000000000000000000e+00,0.000000000000000000e+00,0.000000000000000000e+00,0.000000000000000000e+00,0.000000000000000000e+00,0.000000000000000000e+00,0.000000000000000000e+00,0.000000000000000000e+00,0.000000000000000000e+00,0.000000000000000000e+00,0.000000000000000000e+00,0.000000000000000000e+00,0.000000000000000000e+00,0.000000000000000000e+00,0.000000000000000000e+00,0.000000000000000000e+00,0.000000000000000000e+00,0.000000000000000000e+00,0.000000000000000000e+00,0.000000000000000000e+00,0.000000000000000000e+00,0.000000000000000000e+00,0.000000000000000000e+00,0.000000000000000000e+00,0.000000000000000000e+00,0.000000000000000000e+00,0.000000000000000000e+00,0.000000000000000000e+00,0.000000000000000000e+00,0.000000000000000000e+00,0.000000000000000000e+00,0.000000000000000000e+00,0.000000000000000000e+00,0.000000000000000000e+00,0.000000000000000000e+00,0.000000000000000000e+00,0.000000000000000000e+00,0.000000000000000000e+00,0.000000000000000000e+00,0.000000000000000000e+00,0.000000000000000000e+00,0.000000000000000000e+00,0.000000000000000000e+00,0.000000000000000000e+00,0.000000000000000000e+00,0.000000000000000000e+00,0.000000000000000000e+00,0.000000000000000000e+00,0.000000000000000000e+00,0.000000000000000000e+00,0.000000000000000000e+00,0.000000000000000000e+00,0.000000000000000000e+00,0.000000000000000000e+00,0.000000000000000000e+00,0.000000000000000000e+00,0.000000000000000000e+00,0.000000000000000000e+00,0.000000000000000000e+00,0.000000000000000000e+00,0.000000000000000000e+00,0.000000000000000000e+00,0.000000000000000000e+00,0.000000000000000000e+00,0.000000000000000000e+00,0.000000000000000000e+00,0.000000000000000000e+00,0.000000000000000000e+00,0.000000000000000000e+00,0.000000000000000000e+00,0.000000000000000000e+00,0.000000000000000000e+00,0.000000000000000000e+00,0.000000000000000000e+00,1.000000000000000000e+00,3.729629187047846239e-02,4.118429758397963436e-01,1.921406142224051095e-02,1.862950332673108528e-02,6.248257626883423066e-02,2.088090914447136848e-01
0.000000000000000000e+00,0.000000000000000000e+00,0.000000000000000000e+00,0.000000000000000000e+00,0.000000000000000000e+00,0.000000000000000000e+00,0.000000000000000000e+00,0.000000000000000000e+00,0.000000000000000000e+00,0.000000000000000000e+00,0.000000000000000000e+00,0.000000000000000000e+00,0.000000000000000000e+00,0.000000000000000000e+00,0.000000000000000000e+00,0.000000000000000000e+00,0.000000000000000000e+00,0.000000000000000000e+00,0.000000000000000000e+00,0.000000000000000000e+00,0.000000000000000000e+00,0.000000000000000000e+00,0.000000000000000000e+00,0.000000000000000000e+00,0.000000000000000000e+00,0.000000000000000000e+00,0.000000000000000000e+00,0.000000000000000000e+00,0.000000000000000000e+00,0.000000000000000000e+00,0.000000000000000000e+00,0.000000000000000000e+00,0.000000000000000000e+00,0.000000000000000000e+00,0.000000000000000000e+00,0.000000000000000000e+00,0.000000000000000000e+00,0.000000000000000000e+00,0.000000000000000000e+00,0.000000000000000000e+00,0.000000000000000000e+00,0.000000000000000000e+00,0.000000000000000000e+00,0.000000000000000000e+00,0.000000000000000000e+00,0.000000000000000000e+00,0.000000000000000000e+00,0.000000000000000000e+00,0.000000000000000000e+00,0.000000000000000000e+00,0.000000000000000000e+00,0.000000000000000000e+00,0.000000000000000000e+00,0.000000000000000000e+00,0.000000000000000000e+00,0.000000000000000000e+00,0.000000000000000000e+00,0.000000000000000000e+00,0.000000000000000000e+00,0.000000000000000000e+00,0.000000000000000000e+00,0.000000000000000000e+00,0.000000000000000000e+00,0.000000000000000000e+00,0.000000000000000000e+00,0.000000000000000000e+00,0.000000000000000000e+00,0.000000000000000000e+00,0.000000000000000000e+00,0.000000000000000000e+00,0.000000000000000000e+00,0.000000000000000000e+00,0.000000000000000000e+00,0.000000000000000000e+00,0.000000000000000000e+00,0.000000000000000000e+00,0.000000000000000000e+00,0.000000000000000000e+00,0.000000000000000000e+00,0.000000000000000000e+00,0.000000000000000000e+00,0.000000000000000000e+00,0.000000000000000000e+00,0.000000000000000000e+00,0.000000000000000000e+00,0.000000000000000000e+00,0.000000000000000000e+00,0.000000000000000000e+00,0.000000000000000000e+00,0.000000000000000000e+00,0.000000000000000000e+00,0.000000000000000000e+00,0.000000000000000000e+00,0.000000000000000000e+00,1.000000000000000000e+00,-9.370305283072700997e-02,7.178237952883367856e-02,1.833668682032096181e-02,1.539213115145694200e-01,1.956531401345699139e-01
0.000000000000000000e+00,0.000000000000000000e+00,0.000000000000000000e+00,0.000000000000000000e+00,0.000000000000000000e+00,0.000000000000000000e+00,0.000000000000000000e+00,0.000000000000000000e+00,0.000000000000000000e+00,0.000000000000000000e+00,0.000000000000000000e+00,0.000000000000000000e+00,0.000000000000000000e+00,0.000000000000000000e+00,0.000000000000000000e+00,0.000000000000000000e+00,0.000000000000000000e+00,0.000000000000000000e+00,0.000000000000000000e+00,0.000000000000000000e+00,0.000000000000000000e+00,0.000000000000000000e+00,0.000000000000000000e+00,0.000000000000000000e+00,0.000000000000000000e+00,0.000000000000000000e+00,0.000000000000000000e+00,0.000000000000000000e+00,0.000000000000000000e+00,0.000000000000000000e+00,0.000000000000000000e+00,0.000000000000000000e+00,0.000000000000000000e+00,0.000000000000000000e+00,0.000000000000000000e+00,0.000000000000000000e+00,0.000000000000000000e+00,0.000000000000000000e+00,0.000000000000000000e+00,0.000000000000000000e+00,0.000000000000000000e+00,0.000000000000000000e+00,0.000000000000000000e+00,0.000000000000000000e+00,0.000000000000000000e+00,0.000000000000000000e+00,0.000000000000000000e+00,0.000000000000000000e+00,0.000000000000000000e+00,0.000000000000000000e+00,0.000000000000000000e+00,0.000000000000000000e+00,0.000000000000000000e+00,0.000000000000000000e+00,0.000000000000000000e+00,0.000000000000000000e+00,0.000000000000000000e+00,0.000000000000000000e+00,0.000000000000000000e+00,0.000000000000000000e+00,0.000000000000000000e+00,0.000000000000000000e+00,0.000000000000000000e+00,0.000000000000000000e+00,0.000000000000000000e+00,0.000000000000000000e+00,0.000000000000000000e+00,0.000000000000000000e+00,0.000000000000000000e+00,0.000000000000000000e+00,0.000000000000000000e+00,0.000000000000000000e+00,0.000000000000000000e+00,0.000000000000000000e+00,0.000000000000000000e+00,0.000000000000000000e+00,0.000000000000000000e+00,0.000000000000000000e+00,0.000000000000000000e+00,0.000000000000000000e+00,0.000000000000000000e+00,0.000000000000000000e+00,0.000000000000000000e+00,0.000000000000000000e+00,0.000000000000000000e+00,0.000000000000000000e+00,0.000000000000000000e+00,0.000000000000000000e+00,0.000000000000000000e+00,0.000000000000000000e+00,0.000000000000000000e+00,0.000000000000000000e+00,0.000000000000000000e+00,0.000000000000000000e+00,0.000000000000000000e+00,1.000000000000000000e+00,7.867403171547472651e-02,7.662476533779223609e-02,1.612068599783609280e-01,-3.176013309994619310e-02
0.000000000000000000e+00,0.000000000000000000e+00,0.000000000000000000e+00,0.000000000000000000e+00,0.000000000000000000e+00,0.000000000000000000e+00,0.000000000000000000e+00,0.000000000000000000e+00,0.000000000000000000e+00,0.000000000000000000e+00,0.000000000000000000e+00,0.000000000000000000e+00,0.000000000000000000e+00,0.000000000000000000e+00,0.000000000000000000e+00,0.000000000000000000e+00,0.000000000000000000e+00,0.000000000000000000e+00,0.000000000000000000e+00,0.000000000000000000e+00,0.000000000000000000e+00,0.000000000000000000e+00,0.000000000000000000e+00,0.000000000000000000e+00,0.000000000000000000e+00,0.000000000000000000e+00,0.000000000000000000e+00,0.000000000000000000e+00,0.000000000000000000e+00,0.000000000000000000e+00,0.000000000000000000e+00,0.000000000000000000e+00,0.000000000000000000e+00,0.000000000000000000e+00,0.000000000000000000e+00,0.000000000000000000e+00,0.000000000000000000e+00,0.000000000000000000e+00,0.000000000000000000e+00,0.000000000000000000e+00,0.000000000000000000e+00,0.000000000000000000e+00,0.000000000000000000e+00,0.000000000000000000e+00,0.000000000000000000e+00,0.000000000000000000e+00,0.000000000000000000e+00,0.000000000000000000e+00,0.000000000000000000e+00,0.000000000000000000e+00,0.000000000000000000e+00,0.000000000000000000e+00,0.000000000000000000e+00,0.000000000000000000e+00,0.000000000000000000e+00,0.000000000000000000e+00,0.000000000000000000e+00,0.000000000000000000e+00,0.000000000000000000e+00,0.000000000000000000e+00,0.000000000000000000e+00,0.000000000000000000e+00,0.000000000000000000e+00,0.000000000000000000e+00,0.000000000000000000e+00,0.000000000000000000e+00,0.000000000000000000e+00,0.000000000000000000e+00,0.000000000000000000e+00,0.000000000000000000e+00,0.000000000000000000e+00,0.000000000000000000e+00,0.000000000000000000e+00,0.000000000000000000e+00,0.000000000000000000e+00,0.000000000000000000e+00,0.000000000000000000e+00,0.000000000000000000e+00,0.000000000000000000e+00,0.000000000000000000e+00,0.000000000000000000e+00,0.000000000000000000e+00,0.000000000000000000e+00,0.000000000000000000e+00,0.000000000000000000e+00,0.000000000000000000e+00,0.000000000000000000e+00,0.000000000000000000e+00,0.000000000000000000e+00,0.000000000000000000e+00,0.000000000000000000e+00,0.000000000000000000e+00,0.000000000000000000e+00,0.000000000000000000e+00,0.000000000000000000e+00,0.000000000000000000e+00,1.000000000000000000e+00,2.148562168634070291e-01,4.390021158838374599e-02,-6.518839074179399833e-03
0.000000000000000000e+00,0.000000000000000000e+00,0.000000000000000000e+00,0.000000000000000000e+00,0.000000000000000000e+00,0.000000000000000000e+00,0.000000000000000000e+00,0.000000000000000000e+00,0.000000000000000000e+00,0.000000000000000000e+00,0.000000000000000000e+00,0.000000000000000000e+00,0.000000000000000000e+00,0.000000000000000000e+00,0.000000000000000000e+00,0.000000000000000000e+00,0.000000000000000000e+00,0.000000000000000000e+00,0.000000000000000000e+00,0.000000000000000000e+00,0.000000000000000000e+00,0.000000000000000000e+00,0.000000000000000000e+00,0.000000000000000000e+00,0.000000000000000000e+00,0.000000000000000000e+00,0.000000000000000000e+00,0.000000000000000000e+00,0.000000000000000000e+00,0.000000000000000000e+00,0.000000000000000000e+00,0.000000000000000000e+00,0.000000000000000000e+00,0.000000000000000000e+00,0.000000000000000000e+00,0.000000000000000000e+00,0.000000000000000000e+00,0.000000000000000000e+00,0.000000000000000000e+00,0.000000000000000000e+00,0.000000000000000000e+00,0.000000000000000000e+00,0.000000000000000000e+00,0.000000000000000000e+00,0.000000000000000000e+00,0.000000000000000000e+00,0.000000000000000000e+00,0.000000000000000000e+00,0.000000000000000000e+00,0.000000000000000000e+00,0.000000000000000000e+00,0.000000000000000000e+00,0.000000000000000000e+00,0.000000000000000000e+00,0.000000000000000000e+00,0.000000000000000000e+00,0.000000000000000000e+00,0.000000000000000000e+00,0.000000000000000000e+00,0.000000000000000000e+00,0.000000000000000000e+00,0.000000000000000000e+00,0.000000000000000000e+00,0.000000000000000000e+00,0.000000000000000000e+00,0.000000000000000000e+00,0.000000000000000000e+00,0.000000000000000000e+00,0.000000000000000000e+00,0.000000000000000000e+00,0.000000000000000000e+00,0.000000000000000000e+00,0.000000000000000000e+00,0.000000000000000000e+00,0.000000000000000000e+00,0.000000000000000000e+00,0.000000000000000000e+00,0.000000000000000000e+00,0.000000000000000000e+00,0.000000000000000000e+00,0.000000000000000000e+00,0.000000000000000000e+00,0.000000000000000000e+00,0.000000000000000000e+00,0.000000000000000000e+00,0.000000000000000000e+00,0.000000000000000000e+00,0.000000000000000000e+00,0.000000000000000000e+00,0.000000000000000000e+00,0.000000000000000000e+00,0.000000000000000000e+00,0.000000000000000000e+00,0.000000000000000000e+00,0.000000000000000000e+00,0.000000000000000000e+00,0.000000000000000000e+00,1.000000000000000000e+00,1.240599714507586437e-01,-7.917778775537051561e-02
0.000000000000000000e+00,0.000000000000000000e+00,0.000000000000000000e+00,0.000000000000000000e+00,0.000000000000000000e+00,0.000000000000000000e+00,0.000000000000000000e+00,0.000000000000000000e+00,0.000000000000000000e+00,0.000000000000000000e+00,0.000000000000000000e+00,0.000000000000000000e+00,0.000000000000000000e+00,0.000000000000000000e+00,0.000000000000000000e+00,0.000000000000000000e+00,0.000000000000000000e+00,0.000000000000000000e+00,0.000000000000000000e+00,0.000000000000000000e+00,0.000000000000000000e+00,0.000000000000000000e+00,0.000000000000000000e+00,0.000000000000000000e+00,0.000000000000000000e+00,0.000000000000000000e+00,0.000000000000000000e+00,0.000000000000000000e+00,0.000000000000000000e+00,0.000000000000000000e+00,0.000000000000000000e+00,0.000000000000000000e+00,0.000000000000000000e+00,0.000000000000000000e+00,0.000000000000000000e+00,0.000000000000000000e+00,0.000000000000000000e+00,0.000000000000000000e+00,0.000000000000000000e+00,0.000000000000000000e+00,0.000000000000000000e+00,0.000000000000000000e+00,0.000000000000000000e+00,0.000000000000000000e+00,0.000000000000000000e+00,0.000000000000000000e+00,0.000000000000000000e+00,0.000000000000000000e+00,0.000000000000000000e+00,0.000000000000000000e+00,0.000000000000000000e+00,0.000000000000000000e+00,0.000000000000000000e+00,0.000000000000000000e+00,0.000000000000000000e+00,0.000000000000000000e+00,0.000000000000000000e+00,0.000000000000000000e+00,0.000000000000000000e+00,0.000000000000000000e+00,0.000000000000000000e+00,0.000000000000000000e+00,0.000000000000000000e+00,0.000000000000000000e+00,0.000000000000000000e+00,0.000000000000000000e+00,0.000000000000000000e+00,0.000000000000000000e+00,0.000000000000000000e+00,0.000000000000000000e+00,0.000000000000000000e+00,0.000000000000000000e+00,0.000000000000000000e+00,0.000000000000000000e+00,0.000000000000000000e+00,0.000000000000000000e+00,0.000000000000000000e+00,0.000000000000000000e+00,0.000000000000000000e+00,0.000000000000000000e+00,0.000000000000000000e+00,0.000000000000000000e+00,0.000000000000000000e+00,0.000000000000000000e+00,0.000000000000000000e+00,0.000000000000000000e+00,0.000000000000000000e+00,0.000000000000000000e+00,0.000000000000000000e+00,0.000000000000000000e+00,0.000000000000000000e+00,0.000000000000000000e+00,0.000000000000000000e+00,0.000000000000000000e+00,0.000000000000000000e+00,0.000000000000000000e+00,0.000000000000000000e+00,0.000000000000000000e+00,1.000000000000000000e+00,1.784006428835722136e-01
0.000000000000000000e+00,0.000000000000000000e+00,0.000000000000000000e+00,0.000000000000000000e+00,0.000000000000000000e+00,0.000000000000000000e+00,0.000000000000000000e+00,0.000000000000000000e+00,0.000000000000000000e+00,0.000000000000000000e+00,0.000000000000000000e+00,0.000000000000000000e+00,0.000000000000000000e+00,0.000000000000000000e+00,0.000000000000000000e+00,0.000000000000000000e+00,0.000000000000000000e+00,0.000000000000000000e+00,0.000000000000000000e+00,0.000000000000000000e+00,0.000000000000000000e+00,0.000000000000000000e+00,0.000000000000000000e+00,0.000000000000000000e+00,0.000000000000000000e+00,0.000000000000000000e+00,0.000000000000000000e+00,0.000000000000000000e+00,0.000000000000000000e+00,0.000000000000000000e+00,0.000000000000000000e+00,0.000000000000000000e+00,0.000000000000000000e+00,0.000000000000000000e+00,0.000000000000000000e+00,0.000000000000000000e+00,0.000000000000000000e+00,0.000000000000000000e+00,0.000000000000000000e+00,0.000000000000000000e+00,0.000000000000000000e+00,0.000000000000000000e+00,0.000000000000000000e+00,0.000000000000000000e+00,0.000000000000000000e+00,0.000000000000000000e+00,0.000000000000000000e+00,0.000000000000000000e+00,0.000000000000000000e+00,0.000000000000000000e+00,0.000000000000000000e+00,0.000000000000000000e+00,0.000000000000000000e+00,0.000000000000000000e+00,0.000000000000000000e+00,0.000000000000000000e+00,0.000000000000000000e+00,0.000000000000000000e+00,0.000000000000000000e+00,0.000000000000000000e+00,0.000000000000000000e+00,0.000000000000000000e+00,0.000000000000000000e+00,0.000000000000000000e+00,0.000000000000000000e+00,0.000000000000000000e+00,0.000000000000000000e+00,0.000000000000000000e+00,0.000000000000000000e+00,0.000000000000000000e+00,0.000000000000000000e+00,0.000000000000000000e+00,0.000000000000000000e+00,0.000000000000000000e+00,0.000000000000000000e+00,0.000000000000000000e+00,0.000000000000000000e+00,0.000000000000000000e+00,0.000000000000000000e+00,0.000000000000000000e+00,0.000000000000000000e+00,0.000000000000000000e+00,0.000000000000000000e+00,0.000000000000000000e+00,0.000000000000000000e+00,0.000000000000000000e+00,0.000000000000000000e+00,0.000000000000000000e+00,0.000000000000000000e+00,0.000000000000000000e+00,0.000000000000000000e+00,0.000000000000000000e+00,0.000000000000000000e+00,0.000000000000000000e+00,0.000000000000000000e+00,0.000000000000000000e+00,0.000000000000000000e+00,0.000000000000000000e+00,0.000000000000000000e+00,1.000000000000000000e+00
