1.000000000000000000e+00,-1.000000000000000000e+00,-1.000000000000000000e+00,-1.000000000000000000e+00,-1.000000000000000000e+00,-1.000000000000000000e+00,-1.000000000000000000e+00,-1.000000000000000000e+00,1.000000000000000000e+00,1.000000000000000000e+00,-1.000000000000000000e+00,-1.000000000000000000e+00,-1.000000000000000000e+00,-1.000000000000000000e+00,-1.000000000000000000e+00,-1.000000000000000000e+00,1.000000000000000000e+00,-1.000000000000000000e+00,1.000000000000000000e+00,-1.000000000000000000e+00,1.000000000000000000e+00,1.000000000000000000e+00,1.000000000000000000e+00,-1.000000000000000000e+00,1.000000000000000000e+00,-1.000000000000000000e+00,-1.000000000000000000e+00,1.000000000000000000e+00,1.000000000000000000e+00,1.000000000000000000e+00,1.000000000000000000e+00,1.000000000000000000e+00,1.000000000000000000e+00,1.000000000000000000e+00,-1.000000000000000000e+00,1.000000000000000000e+00,-1.000000000000000000e+00,-1.000000000000000000e+00,-1.000000000000000000e+00,1.000000000000000000e+00,-1.000000000000000000e+00,-1.000000000000000000e+00,1.000000000000000000e+00,1.000000000000000000e+00,1.000000000000000000e+00,1.000000000000000000e+00,1.000000000000000000e+00,1.000000000000000000e+00,1.000000000000000000e+00,1.000000000000000000e+00,-1.000000000000000000e+00,-1.000000000000000000e+00,1.000000000000000000e+00,1.000000000000000000e+00,-1.000000000000000000e+00,1.000000000000000000e+00,-1.000000000000000000e+00,-1.000000000000000000e+00,1.000000000000000000e+00,1.000000000000000000e+00,-1.000000000000000000e+00,1.000000000000000000e+00,1.000000000000000000e+00,1.000000000000000000e+00,-1.000000000000000000e+00,-1.000000000000000000e+00,-1.000000000000000000e+00,-1.000000000000000000e+00,1.000000000000000000e+00,1.000000000000000000e+00,-1.000000000000000000e+00,-1.000000000000000000e+00,1.000000000000000000e+00,-1.000000000000000000e+00,1.000000000000000000e+00,1.000000000000000000e+00,1.000000000000000000e+00,-8.560664384850088515e-01,-1.000000000000000000e+00,1.000000000000000000e+00,-1.000000000000000000e+00,1.000000000000000000e+00,-1.000000000000000000e+00,1.000000000000000000e+00,-1.000000000000000000e+00,1.000000000000000000e+00,-1.000000000000000000e+00,1.000000000000000000e+00,1.000000000000000000e+00,-1.000000000000000000e+00,1.000000000000000000e+00,1.000000000000000000e+00,-1.000000000000000000e+00,-1.000000000000000000e+00,1.000000000000000000e+00,1.000000000000000000e+00,1.000000000000000000e+00,1.000000000000000000e+00,1.000000000000000000e+00,-1.000000000000000000e+00
0.000000000000000000e+00,1.000000000000000000e+00,1.000000000000000000e+00,1.000000000000000000e+00,1.000000000000000000e+00,7.562458974955994506e-01,1.000000000000000000e+00,1.000000000000000000e+00,-1.000000000000000000e+00,-1.000000000000000000e+00,1.000000000000000000e+00,1.000000000000000000e+00,1.000000000000000000e+00,1.000000000000000000e+00,1.000000000000000000e+00,1.000000000000000000e+00,-1.000000000000000000e+00,1.000000000000000000e+00,-1.000000000000000000e+00,1.000000000000000000e+00,-1.000000000000000000e+00,-1.000000000000000000e+00,-1.000000000000000000e+00,-8.028428042277871088e-03,-1.000000000000000000e+00,1.000000000000000000e+00,1.000000000000000000e+00,-1.000000000000000000e+00,-1.000000000000000000e+00,-1.000000000000000000e+00,-1.000000000000000000e+00,-1.000000000000000000e+00,-1.000000000000000000e+00,-1.000000000000000000e+00,-5.275399482366868176e-01,-1.000000000000000000e+00,1.000000000000000000e+00,1.000000000000000000e+00,1.000000000000000000e+00,-1.000000000000000000e+00,-1.000000000000000000e+00,-1.000000000000000000e+00,-1.000000000000000000e+00,-1.000000000000000000e+00,-1.000000000000000000e+00,-1.000000000000000000e+00,-1.000000000000000000e+00,-1.000000000000000000e+00,-1.000000000000000000e+00,-1.000000000000000000e+00,1.000000000000000000e+00,-4.893492815561634179e-01,-1.847074502724236067e-01,-1.000000000000000000e+00,5.485249528385685025e-01,-1.000000000000000000e+00,1.000000000000000000e+00,1.000000000000000000e+00,-1.000000000000000000e+00,-1.000000000000000000e+00,8.219340890707038660e-01,-1.000000000000000000e+00,-1.000000000000000000e+00,-1.000000000000000000e+00,1.000000000000000000e+00,1.000000000000000000e+00,1.000000000000000000e+00,-1.000000000000000000e+00,1.000000000000000000e+00,-1.000000000000000000e+00,-1.000000000000000000e+00,-1.000000000000000000e+00,-1.000000000000000000e+00,4.803536236556305572e-01,-1.000000000000000000e+00,-1.000000000000000000e+00,-1.000000000000000000e+00,-1.000000000000000000e+00,1.000000000000000000e+00,-1.000000000000000000e+00,1.000000000000000000e+00,-1.000000000000000000e+00,1.000000000000000000e+00,-1.000000000000000000e+00,1.000000000000000000e+00,-1.000000000000000000e+00,1.000000000000000000e+00,-1.000000000000000000e+00,-1.000000000000000000e+00,-1.000000000000000000e+00,-1.000000000000000000e+00,-1.000000000000000000e+00,1.000000000000000000e+00,-1.000000000000000000e+00,-1.000000000000000000e+00,-1.000000000000000000e+00,-1.000000000000000000e+00,-1.000000000000000000e+00,-1.000000000000000000e+00,1.000000000000000000e+00
0.000000000000000000e+00,0.000000000000000000e+00,1.000000000000000000e+00,1.000000000000000000e+00,1.000000000000000000e+00,-1.000000000000000000e+00,1.000000000000000000e+00,1.000000000000000000e+00,-1.000000000000000000e+00,-1.000000000000000000e+00,1.000000000000000000e+00,1.000000000000000000e+00,1.000000000000000000e+00,1.000000000000000000e+00,5.523667403337977344e-01,1.000000000000000000e+00,-3.767081803804364637e-01,1.000000000000000000e+00,-1.000000000000000000e+00,7.079018323920166500e-01,-1.000000000000000000e+00,-1.000000000000000000e+00,-1.000000000000000000e+00,1.000000000000000000e+00,-1.000000000000000000e+00,1.000000000000000000e+00,1.000000000000000000e+00,4.119016753589423985e-01,-1.000000000000000000e+00,-1.000000000000000000e+00,-1.000000000000000000e+00,-1.000000000000000000e+00,8.002677027870069848e-01,-1.000000000000000000e+00,1.000000000000000000e+00,-1.000000000000000000e+00,1.000000000000000000e+00,1.000000000000000000e+00,1.000000000000000000e+00,-1.000000000000000000e+00,1.000000000000000000e+00,4.844358878940773216e-01,-1.000000000000000000e+00,-1.000000000000000000e+00,-1.000000000000000000e+00,-1.297316437222530983e-01,-1.000000000000000000e+00,-8.436002567081659631e-01,-1.000000000000000000e+00,-1.000000000000000000e+00,1.000000000000000000e+00,1.000000000000000000e+00,7.602171606370172752e-02,-1.000000000000000000e+00,1.000000000000000000e+00,-1.000000000000000000e+00,1.000000000000000000e+00,5.643231144287289558e-01,-1.000000000000000000e+00,-1.000000000000000000e+00,-4.101034794592938182e-01,-5.808855541521011911e-01,-1.000000000000000000e+00,-1.000000000000000000e+00,1.000000000000000000e+00,1.000000000000000000e+00,1.000000000000000000e+00,9.885026090074291449e-01,-1.000000000000000000e+00,-1.000000000000000000e+00,9.197889430487099505e-01,-3.081155174872200475e-01,-1.000000000000000000e+00,1.000000000000000000e+00,-1.000000000000000000e+00,-1.000000000000000000e+00,-1.000000000000000000e+00,3.831215125049033388e-01,6.481086232674262426e-01,-1.000000000000000000e+00,1.000000000000000000e+00,-1.000000000000000000e+00,1.000000000000000000e+00,-1.000000000000000000e+00,1.000000000000000000e+00,-1.000000000000000000e+00,1.000000000000000000e+00,-1.000000000000000000e+00,8.554244998605821382e-02,1.000000000000000000e+00,-1.000000000000000000e+00,-1.000000000000000000e+00,1.000000000000000000e+00,-3.018763990526873719e-01,-7.323508741763979923e-01,-1.000000000000000000e+00,5.573036279264492743e-01,-2.326030730736984298e-01,-1.000000000000000000e+00,1.000000000000000000e+00
0.000000000000000000e+00,0.000000000000000000e+00,0.000000000000000000e+00,1.000000000000000000e+00,7.325968587380168318e-01,-8.089824830963318059e-01,1.000000000000000000e+00,1.000000000000000000e+00,-1.000000000000000000e+00,-1.000000000000000000e+00,8.862098574495205217e-01,1.000000000000000000e+00,1.000000000000000000e+00,-1.285828822052076936e-01,-9.603216854812689496e-01,1.000000000000000000e+00,1.413568319048590372e-01,5.110692545889478078e-01,-1.000000000000000000e+00,5.100487865599677706e-01,4.628730950547103595e-01,-1.000000000000000000e+00,-9.446038119485538065e-01,9.814217117150894065e-01,-6.367197130734324473e-01,1.000000000000000000e+00,8.346611484092911759e-01,2.377683267184759752e-01,-2.092582018675319955e-01,-1.996590034800979629e-01,-1.000000000000000000e+00,-1.000000000000000000e+00,1.000000000000000000e+00,-1.000000000000000000e+00,5.628675116115924304e-01,-1.000000000000000000e+00,1.000000000000000000e+00,1.000000000000000000e+00,1.000000000000000000e+00,-1.000000000000000000e+00,3.536527788791704041e-01,2.671562236452549310e-01,-5.878143554846062546e-01,-1.000000000000000000e+00,-9.999944896300564379e-01,5.125193307343000049e-01,1.034769145169002619e-01,-1.925909616422206427e-01,-1.000000000000000000e+00,-8.773549754757320462e-01,1.000000000000000000e+00,4.452485010629170237e-01,-4.112579260337746040e-02,-6.064508522535200230e-01,9.850756419708618372e-01,-1.000000000000000000e+00,1.000000000000000000e+00,7.358352074535309817e-02,-1.000000000000000000e+00,-2.656565029228064034e-01,1.234352157466920424e-01,-5.427689438257660842e-02,-1.000000000000000000e+00,-8.694957321971870101e-01,1.000000000000000000e+00,8.952043552113220226e-01,1.000000000000000000e+00,1.000000000000000000e+00,-6.233145708766024695e-01,-3.144067295510950544e-01,1.540690702740626916e-01,4.631162825725764765e-01,-1.000000000000000000e+00,1.000000000000000000e+00,-1.000000000000000000e+00,-1.000000000000000000e+00,-6.005154521942421830e-01,2.917247360201120077e-01,2.763595637095245805e-01,-2.239716884607061143e-01,1.000000000000000000e+00,-1.000000000000000000e+00,1.000000000000000000e+00,-4.743279624418427209e-01,4.449185388336536207e-01,-1.000000000000000000e+00,1.943748825898254651e-01,-7.749267006745410580e-01,4.065517396072161338e-01,1.000000000000000000e+00,-1.000000000000000000e+00,-8.910963798036564132e-01,7.346989597533489791e-01,-2.576785571495138760e-01,2.113375182086292201e-02,-2.671639123479525590e-01,3.984408218816767877e-01,-1.000000000000000000e+00,-1.000000000000000000e+00,9.878952732814173521e-01
0.000000000000000000e+00,0.000000000000000000e+00,0.000000000000000000e+00,0.000000000000000000e+00,1.000000000000000000e+00,-9.734659969607486474e-01,1.000000000000000000e+00,1.000000000000000000e+00,-1.000000000000000000e+00,-1.000000000000000000e+00,3.287190808417591592e-01,9.562181359853226814e-01,1.000000000000000000e+00,5.253699910944826801e-01,-7.478003464180723592e-01,1.000000000000000000e+00,-8.331679247955183776e-01,1.000000000000000000e+00,-1.000000000000000000e+00,1.000000000000000000e+00,-7.971001616472578322e-01,-1.000000000000000000e+00,-1.000000000000000000e+00,1.000000000000000000e+00,-9.334072713174240699e-01,1.000000000000000000e+00,5.699928223893796497e-01,1.283926401201487821e-01,-4.751671653531716055e-01,-5.612244342492377358e-01,-1.000000000000000000e+00,-1.000000000000000000e+00,7.609082196145547927e-01,-7.030284768368136872e-01,7.753306365973111625e-01,-1.000000000000000000e+00,1.000000000000000000e+00,1.000000000000000000e+00,1.000000000000000000e+00,-1.000000000000000000e+00,9.105180804062157351e-01,9.467121588133053933e-01,-9.503113828446584366e-01,-1.000000000000000000e+00,-1.000000000000000000e+00,2.079047607685734558e-02,-1.000000000000000000e+00,-1.000000000000000000e+00,-1.000000000000000000e+00,-8.256638709412651433e-01,1.000000000000000000e+00,1.000000000000000000e+00,4.463056228976621242e-01,-1.000000000000000000e+00,1.000000000000000000e+00,-1.000000000000000000e+00,1.000000000000000000e+00,1.000000000000000000e+00,-1.000000000000000000e+00,-2.292339977710507182e-01,-1.000000000000000000e+00,-5.864845349833426313e-01,-1.000000000000000000e+00,-7.141822166543366768e-01,1.000000000000000000e+00,1.000000000000000000e+00,1.000000000000000000e+00,1.024553550588930551e-01,-1.920469695228539317e-02,-7.238822827238242663e-01,-9.054610300290513170e-01,3.111879093593494794e-01,-1.000000000000000000e+00,8.916657163587687895e-01,-1.000000000000000000e+00,-1.000000000000000000e+00,-1.000000000000000000e+00,-2.551860966215445115e-01,1.000000000000000000e+00,-7.825714579522139447e-01,1.000000000000000000e+00,-1.000000000000000000e+00,1.000000000000000000e+00,-1.000000000000000000e+00,5.372552109902626327e-01,-1.000000000000000000e+00,3.107141378379002505e-02,-1.000000000000000000e+00,3.031055869911282175e-01,1.000000000000000000e+00,-1.000000000000000000e+00,-5.863038352669092124e-01,1.000000000000000000e+00,3.578763642171974846e-01,-5.638878100339573818e-01,-3.652828536080015009e-01,-1.165051395061682121e-01,-4.340045310237062304e-01,-1.000000000000000000e+00,1.000000000000000000e+00
0.000000000000000000e+00,0.000000000000000000e+00,0.000000000000000000e+00,0.000000000000000000e+00,0.000000000000000000e+00,1.000000000000000000e+00,3.243453169076715437e-02,-3.771533186887897349e-02,-5.100626070595025430e-02,-9.266949457081312402e-02,8.432827212723725515e-04,-9.771779308254742447e-02,4.563542985520896433e-02,9.169722927978858629e-02,5.833327501389464764e-01,-3.003756011931449366e-01,2.432781339255973840e-01,-2.573078273290293344e-02,-1.444321979971751602e-01,-3.691525057677132460e-01,-9.256695866535102901e-02,-1.226896659368347936e-01,2.159310945745068488e-01,6.358147369311116515e-02,-4.411663167748629544e-01,2.317011462990787862e-01,3.702955459428153850e-01,7.395267309771324550e-03,-3.868053761215686226e-01,-1.189643278690613454e-01,5.695809296021112078e-02,-1.903982687062859003e-01,-6.927688520106081715e-02,3.257349414803075160e-01,-1.764686712516012335e-01,2.299235359955523472e-01,-4.928000930126211765e-01,-8.918712573190278742e-03,1.773914192199669282e-01,1.410057982933804986e-02,-3.033500564530681731e-01,-1.048799754356217195e-01,-6.113196931337081669e-03,-5.011685522161711537e-02,3.015106287282279807e-01,-1.218881608412416967e-01,6.215094379966889376e-02,4.575168016846580810e-01,1.387248743551648678e-02,-1.163570880666911639e-01,-1.740813380118111653e-01,-3.312473620332890833e-01,-4.225809918411206900e-01,-6.609349720668218631e-02,-4.112831668185460976e-01,2.977669337889853329e-01,8.216785362763368017e-02,5.728022101012992390e-02,-7.441528542478534902e-01,-2.496327543418284250e-02,5.235812351270202614e-01,-1.353991768764572362e-02,3.555098268813714490e-01,5.267517136523987287e-02,-3.020070884167956327e-01,-2.591897208984231260e-01,-1.956700919063224520e-01,2.321122568150539231e-02,6.872326687439510263e-04,-8.815670947859140238e-02,2.317278734374629279e-01,1.152002304372815450e-01,-2.487752489807744730e-02,7.843554073458097742e-02,-2.142587200021719637e-02,-9.918227107962039601e-02,-3.508041097631193345e-02,3.543978069520349605e-02,-1.532314978963953134e-01,1.324863511550729567e-01,-2.437129504724176998e-01,1.801439669416568523e-01,-8.485436155080267051e-02,1.379178141532789448e-01,4.287049498958213078e-01,5.393771644805159943e-02,-3.234279760042034768e-01,1.986591345104942452e-01,-8.040573415738776208e-02,-1.462009777131597354e-01,6.197629212188292547e-01,1.232818543420609592e-01,2.415394449679486022e-01,3.521982163300280133e-01,-5.015860889463941326e-03,4.063446345641769097e-01,-1.116768668080005550e-01,-2.191946730819417100e-01,3.217415379862378910e-02,2.993903489370557947e-01
0.000000000000000000e+00,0.000000000000000000e+00,0.000000000000000000e+00,0.000000000000000000e+00,0.000000000000000000e+00,0.000000000000000000e+00,1.000000000000000000e+00,1.709933010012056331e-01,-1.592073934336142582e-01,-2.610632564071912465e-01,2.487328257812744248e-01,3.638382020396058875e-02,6.788188067407268100e-01,-1.000000000000000000e+00,-2.486563559802679735e-01,4.221065224312510744e-01,-1.658279597839708575e-01,-9.590991240987158106e-02,-5.401245672320539315e-01,6.432159039557467928e-01,1.703470117501756365e-01,-5.912993149929546277e-01,3.458861575417568335e-01,4.071042774749926152e-01,3.723009640607536364e-01,9.915915710268881356e-02,1.066755315615805361e-01,1.520582066601167681e-01,-8.704744218509147258e-02,1.622379496568229218e-01,-2.805007230072477653e-01,-3.098662544404333086e-01,5.711231653857640200e-01,1.806799537132880717e-01,3.683002325378176844e-01,-3.159077776397889448e-01,4.586442980847236228e-01,4.363554709634943629e-01,3.257691296811128789e-01,-5.826159278107860828e-01,1.737180952413544810e-01,5.682651713034703178e-01,-4.024188326852809472e-02,3.350491512683044237e-01,1.969347666029698865e-02,3.343938514830779862e-01,6.263104002565678119e-02,-2.837288079750902026e-01,-3.357389433382210742e-01,-1.175459963246779094e-01,1.394003632131507464e-01,-1.001958674442710029e-01,-3.226379078845647008e-01,-6.349651493394158353e-01,5.576694693758825760e-01,-6.222894002548182701e-01,5.030914628119168563e-01,5.498440022131534377e-01,-1.121270814183503300e-01,4.428667020376819696e-01,-1.815939237512165239e-01,-1.430789713646558881e-01,1.160962558948505641e-01,2.359745946383527138e-01,-4.304885527947626134e-01,1.561711401118330844e-01,2.570106171594396804e-01,5.847326907722751876e-01,9.847401747411640982e-02,1.719744606929979602e-01,-1.650024954028924545e-02,5.866583908486776577e-01,-3.010777719793876137e-02,6.715949690003640837e-01,-7.801069511104570253e-01,-7.565347106333214500e-01,1.784003832099972098e-01,2.972481322839763407e-01,7.232832165968051674e-01,-1.009872689012898117e-01,-3.079604561561115617e-01,-2.549072364814038982e-01,6.853428140162804993e-01,-8.641708997992344696e-03,1.552402274038627017e-01,4.667438557340206767e-02,-3.948737048985361264e-01,-4.032305723814690324e-01,4.232975958378516479e-01,6.452019211290259681e-01,1.492730455952858970e-01,6.473209986306364128e-01,6.248305051949620825e-01,6.074503377284401484e-01,-1.650396943650021125e-02,2.699881223911269057e-01,6.341933848902443771e-02,-5.848246471056806062e-01,-5.459669518150642720e-01,1.425962485715015771e-01
0.000000000000000000e+00,0.000000000000000000e+00,0.000000000000000000e+00,0.000000000000000000e+00,0.000000000000000000e+00,0.000000000000000000e+00,0.000000000000000000e+00,1.000000000000000000e+00,-6.500846588098800893e-01,-8.089878099445727555e-01,8.551782150745589339e-01,6.432931612597108106e-01,5.879661079413585067e-01,3.190911005047944449e-01,3.879918758737536111e-01,6.801101146810394349e-01,2.169241288041104665e-01,9.147348824672675294e-01,-1.000000000000000000e+00,-3.129028573798938728e-01,1.253573507834772338e-01,-7.439312528292582050e-01,-4.427564109642840862e-01,4.847161026411270224e-01,-1.000000000000000000e+00,1.000000000000000000e+00,6.827321683386158302e-01,4.472856362795398638e-02,-3.316550495716780733e-01,-3.450181906641510143e-01,-8.548017888484396032e-01,-5.685983713845351728e-01,-8.266704406432417995e-02,-3.668450618796556539e-01,1.994700840030867173e-01,-1.000000000000000000e+00,5.131093713667355116e-01,8.165258407652185024e-01,8.260352105142855228e-01,-5.401108376311759551e-01,6.023020816431543523e-01,-1.148468012206379230e-01,-2.460892799260382124e-01,-9.183343589860872846e-01,-4.640002073323505338e-01,-2.591874950328324489e-01,-1.749252844481906932e-01,3.902352864499702284e-02,-7.011911196063035367e-01,-6.320620960149141432e-01,6.230847537154675653e-01,5.081976803621389704e-01,-7.169179818495743928e-02,-2.581886691106913823e-01,5.202252633420280103e-01,-8.017064762284400459e-01,1.000000000000000000e+00,-1.100301498229582647e-01,-1.000000000000000000e+00,-5.324659111234542053e-01,3.041264375364612915e-01,-1.900997743288420083e-01,-7.721399762151314183e-01,-7.256502661718023939e-01,9.039767925151722672e-01,5.995650852373710649e-01,7.443103426535282452e-01,6.553050209465297038e-02,-3.359038960990134992e-01,-6.076101783384204591e-01,4.238606178748454134e-01,-8.596560564001282101e-02,-9.499459894113599923e-01,3.971789714192477394e-01,-4.250871538862707188e-01,-4.814158935129156935e-01,-5.584594980491227600e-01,6.020494863885032799e-02,-1.180699591048756242e-01,-3.635898636789494653e-01,7.802991640504015614e-01,-1.000000000000000000e+00,1.000000000000000000e+00,-2.084425196421082760e-01,1.000000000000000000e+00,-8.896578962445006455e-01,3.189784629452192544e-01,-7.266031801278254043e-02,-8.968126863914019364e-02,4.198941830738259773e-01,-9.951307873847107244e-01,-7.574927644025400975e-01,3.134087605526404974e-01,-3.891090426989506357e-01,-3.724696885219198894e-02,-4.998952993191165262e-01,-3.448438255374069398e-03,3.740061940861618252e-04,-2.101592725017786267e-01,6.158519209300330477e-01
0.000000000000000000e+00,0.000000000000000000e+00,0.000000000000000000e+00,0.000000000000000000e+00,0.000000000000000000e+00,0.000000000000000000e+00,0.000000000000000000e+00,0.000000000000000000e+00,1.000000000000000000e+00,2.117785155154662535e-01,-1.381960857115298869e-01,5.396928182577270111e-02,-4.131781877742317088e-01,-5.528907124344807356e-01,-3.140387753757361428e-02,-1.049528135445229188e-01,3.867934291739010821e-01,-8.028264500691110195e-01,7.674900001950977213e-01,-3.006628923253199526e-01,5.737335100890736950e-01,3.212703301334433603e-01,3.899681211952714111e-01,1.300020338019023669e-01,4.855768961562485497e-01,-2.181830542953639984e-01,-2.262653294324333195e-02,2.441338428868918553e-01,4.420471919286872442e-01,3.665680971295982582e-01,4.428468987800135426e-01,4.364473756437544649e-01,3.644957742484885577e-01,2.475917333722992553e-01,9.833323122721807086e-02,7.450119166932351877e-01,-2.932235176616365679e-01,-7.402292188472032741e-01,-2.746847699157559108e-01,5.620691268264396134e-01,3.866762695993750665e-01,-2.390387437439945098e-02,4.666365294437650468e-01,3.888442619671472755e-01,4.141283419354749862e-01,3.207633796875928311e-01,5.493443036972006643e-01,3.264380803674201692e-01,3.463639196136358584e-03,2.668475137647998152e-01,1.004280620544175176e-02,9.653428261089830320e-02,-1.590559410367961835e-01,5.003342133977647377e-01,2.355999608129559775e-01,3.287287215090566317e-01,1.552458715026301395e-01,-5.581819027726755422e-01,5.210937248926321708e-01,3.420327157249545280e-01,2.236288797517319848e-01,4.085529701694148308e-01,4.161163506333466766e-01,1.569380977036929081e-01,-1.537062068791043845e-01,1.148307422616646756e-01,-5.093620099184849315e-02,5.314045423141798841e-01,-1.923818892774253331e-01,3.339513828546443741e-01,4.408240907265669750e-01,1.404195943765653987e-01,3.370344598934993940e-01,2.172974316866506661e-01,-1.308091517198880782e-01,4.738251497793561917e-01,6.888868686999285451e-01,4.075405009442852333e-01,-3.951378497679925994e-01,4.528869328257063009e-01,-1.754568770815396195e-01,1.081355246651623525e-01,-1.686977634555311967e-01,5.989049721498063139e-01,3.471248848142041710e-02,4.844149252006201833e-01,9.461192312267672003e-03,2.660713698817151474e-01,2.154134643208867883e-01,1.295994625374234932e-01,3.690883089546807549e-01,1.724513060001507947e-01,-5.746396301943229590e-01,2.168638330565724470e-01,4.092477971546594762e-01,2.673674331251392200e-01,3.165669665434821534e-01,1.545106904621627864e-01,4.285733585005804258e-01,-1.975663688960902775e-01
0.000000000000000000e+00,0.000000000000000000e+00,0.000000000000000000e+00,0.000000000000000000e+00,0.000000000000000000e+00,0.000000000000000000e+00,0.000000000000000000e+00,0.000000000000000000e+00,0.000000000000000000e+00,1.000000000000000000e+00,-1.805020273660385421e-01,-4.356422575652593165e-01,-2.230036335922114532e-01,4.935258556943246666e-01,-3.422290329192797381e-02,-6.424013503843990502e-01,-3.023276922622962215e-01,1.681271932798716340e-01,3.462411278125708258e-01,1.221293878510393283e-01,-2.126821779708177040e-01,2.306255845515065017e-01,2.701165192959226746e-01,-4.690358945481554187e-01,3.336869639262253218e-01,-6.248683869467349661e-01,-6.012148028757225982e-01,-1.843493484194776988e-01,1.163464223027566719e-02,1.647903223476689799e-02,3.016310086625986764e-01,2.052258424118375002e-01,-2.534706400831493456e-01,-1.084837741213912771e-01,-2.138794470710623785e-01,3.017662735806931340e-01,-3.567528917320106352e-01,-3.033866516319728146e-01,-4.624341357553019560e-01,1.237933450649049555e-01,-1.565242833908213338e-01,-2.176911232882019001e-02,-9.269983449354460281e-02,2.540437384187753667e-01,-9.593319985679707451e-02,-3.843490263241060023e-01,-3.464581487622548917e-01,-2.821456000316657775e-01,5.352228932146457785e-01,1.546559248369428763e-01,-3.776145544077810223e-01,2.293908487100203841e-01,3.243975891775398024e-01,-9.204722493633323011e-02,-2.726360959915742899e-01,3.395042617006954755e-01,-6.168312919809335604e-01,2.579818925299562915e-01,6.633818985346087160e-01,-1.130808831506494028e-01,-5.059534957119100618e-01,-3.150415030664366900e-01,2.631064389395865732e-01,2.561879778574585043e-01,-2.631652572389378553e-01,-3.267518695704608733e-01,-4.099211119046249907e-01,-4.860685860993407270e-01,3.018678873787508099e-01,-9.684890276089336281e-02,-4.991010881053693504e-01,-1.804790798847284716e-01,2.324059608364518748e-01,-4.381259026848606797e-01,8.765865544792278419e-01,1.688128828233611545e-01,-3.492471002735347135e-02,-3.127705408173536705e-01,2.333165163690625599e-01,-1.637524344109973773e-01,2.812215518533005970e-02,7.959938759305289491e-01,-4.815054450716870771e-01,-3.457447556438932312e-01,-7.469611637449834196e-02,4.729577210841629659e-02,7.406479292309886553e-02,-8.766663472028729531e-02,-1.650171559142755151e-01,-3.992853891924796339e-01,3.616259561354465135e-01,2.612079225092069357e-01,7.816447865537166917e-02,-1.778753221067312096e-01,-1.379702505730413253e-01,-3.567310340223469600e-01,-3.175200663480731156e-01,1.986707867202534561e-01,5.930205255646312512e-01,-6.215945907142906846e-01
0.000000000000000000e+00,0.000000000000000000e+00,0.000000000000000000e+00,0.000000000000000000e+00,0.000000000000000000e+00,0.000000000000000000e+00,0.000000000000000000e+00,0.000000000000000000e+00,0.000000000000000000e+00,0.000000000000000000e+00,1.000000000000000000e+00,-5.771893139530208383e-02,1.844668314765889883e-01,-3.288463963884859509e-01,2.631923037403990362e-01,2.479612212283477043e-02,8.802033109700846403e-02,5.926248599007956364e-02,-1.896395961904381033e-01,-9.171237406031972073e-02,3.454511733867775547e-01,-4.860877150004330738e-01,3.825754692430374804e-01,-6.625362149816965696e-02,-3.656221913988481620e-01,2.783919637318932327e-01,9.293528718877396011e-02,-2.038041335495603401e-01,-3.008969891742744873e-01,-1.196340950192873315e-01,-3.720829846647543127e-01,-3.734839362310371502e-01,-3.402465771850762266e-01,-2.898410531219873243e-01,-3.421380205183123524e-02,-2.529705395810172286e-01,-1.860320056475794348e-01,1.882267912226738005e-01,2.118066478025507765e-02,-3.010926191252090711e-01,-2.554486499225063212e-01,-1.726459716494337659e-01,-1.777008933997567819e-01,-3.092635810385464534e-01,-1.796128904086893852e-01,-2.696888481515935521e-01,-2.063259151817184445e-02,-1.765849213061494727e-01,2.691442894346841516e-02,-3.647983963835449983e-01,-2.582697947391175974e-01,-1.911880900526277960e-01,-1.735366171078637776e-01,-4.793492677612212760e-01,4.617091039827578985e-02,-3.482987176212769265e-02,3.541972596410128959e-01,4.179873003303217344e-02,1.145184710991421773e-01,-3.193022832306753878e-01,3.697343541081909435e-01,-3.985053732946977623e-01,6.697539085104359247e-02,-1.991003839318289392e-01,-1.653414975672052034e-01,-2.698131246999295810e-02,-1.916331727993989820e-01,-1.253737189071070235e-01,-1.615783334544372563e-02,-2.186746545840276834e-01,2.432745820537104142e-01,-3.390250391675304637e-03,-5.091349494773085294e-01,-3.865646481803099079e-03,-1.039783154451186381e-01,-3.015802865986402237e-01,-3.961470783678068264e-01,-6.324162253057877270e-02,-1.739718089923131608e-02,-4.616085844594742249e-01,1.631574552029748937e-01,1.420390010253225026e-02,3.931395096792418276e-01,-5.691969571749448675e-02,5.136077729403378811e-01,-2.918601627270157040e-01,1.166914960720696476e-01,-1.214354696705704784e-01,-1.471216526598012886e-01,-2.341780279794296871e-01,-9.893514581374138195e-02,1.963256019596557045e-02,3.312446500603791200e-01,-6.971213486696361539e-01,-1.425324542973032127e-01,-5.306898736616767476e-01,-1.398569879123910675e-01,-2.666204190305943578e-01,1.354669938501584237e-01,-3.249457659148323185e-01
0.000000000000000000e+00,0.000000000000000000e+00,0.000000000000000000e+00,0.000000000000000000e+00,0.000000000000000000e+00,0.000000000000000000e+00,0.000000000000000000e+00,0.000000000000000000e+00,0.000000000000000000e+00,0.000000000000000000e+00,0.000000000000000000e+00,1.000000000000000000e+00,6.746331535838331894e-02,-3.198862911674226206e-01,6.290185731647428280e-02,9.858305323378206975e-01,3.751919596383439526e-01,1.035681580875665309e-01,-3.839133509959301582e-01,-2.146908616078789522e-01,3.144238022942381083e-01,-5.000238897277736044e-02,-6.780976398069833433e-01,7.687912007696880989e-01,-2.505701064849552573e-01,7.624569338181519385e-01,5.988423109448942627e-01,4.622378848744370661e-01,3.367557612053505012e-01,-1.247738595167238815e-03,-2.820320512585822170e-01,1.523330997052599056e-01,7.161257847624884487e-01,7.428559262030935695e-02,4.826734378760180189e-01,-5.540703007543776870e-01,7.230861439236697663e-01,3.632741604650268630e-01,6.890531564859982971e-01,3.791715600356789784e-01,1.000000000000000000e+00,7.684535274750078915e-02,3.002127970843030957e-01,-2.190465638438855445e-01,9.456950406130017195e-02,4.559341664861350507e-01,3.599495438806265546e-01,4.371109683588048078e-01,-8.963632285942928490e-01,-7.491695425776571937e-02,9.913960374002965814e-01,6.017335763604102494e-01,-8.836183267888852999e-02,5.460949836833638438e-01,8.954570595522577392e-01,-6.947826835754448149e-01,1.000000000000000000e+00,-6.639919990003518846e-01,-1.000000000000000000e+00,1.191744547803616910e-01,2.293152281769888501e-01,6.646378862656570075e-01,-7.406803561400557845e-01,-4.741771973357226111e-01,1.000000000000000000e+00,8.643290983629914326e-01,9.448863686166696363e-01,7.918045898741815636e-01,-5.498317337918334768e-01,-7.526696480895056496e-02,6.670907312004228373e-01,-2.511576584301114870e-02,-2.631338978995769184e-01,6.486226450012185785e-01,-6.306820472625095375e-01,1.745993268937648113e-01,2.680044418106442561e-01,5.623043170398966950e-01,-4.419176784289914894e-01,3.739796543351400770e-01,4.542978998718655848e-01,-1.000000000000000000e+00,9.162421959555494544e-01,3.548553287533453005e-01,5.290386472458704636e-01,-2.500339336688359171e-01,2.407428842292291260e-01,2.479985451717583722e-01,2.583689588828150807e-01,7.354984310053802599e-01,-9.973159400858939705e-01,-7.443862369208548158e-01,-3.923283063550432881e-01,5.620845912376679632e-01,3.877053669830835547e-01,1.422764300895319467e-01,5.644348010560907847e-01,4.033368520520034251e-01,-4.697278645969479860e-01,8.673756089088281440e-01
0.000000000000000000e+00,0.000000000000000000e+00,0.000000000000000000e+00,0.000000000000000000e+00,0.000000000000000000e+00,0.000000000000000000e+00,0.000000000000000000e+00,0.000000000000000000e+00,0.000000000000000000e+00,0.000000000000000000e+00,0.000000000000000000e+00,0.000000000000000000e+00,1.000000000000000000e+00,-2.442566176444054826e-01,-2.601532795441648394e-01,4.060696309634508339e-01,-3.196069206084156122e-01,4.061312900060535247e-01,-1.000000000000000000e+00,6.020324091460158566e-01,-3.040415741923002679e-01,-8.098075220612024339e-01,9.430528175388566692e-02,2.537708509240833021e-01,-1.448482314290637230e-01,3.548385048410636067e-01,2.055593707367374678e-01,-3.182541402540352976e-02,-4.260465460955635275e-01,-1.283806943914702625e-01,-5.700975813805290171e-01,-7.212024320231611441e-01,1.595829140555357351e-01,-2.208102888981741951e-01,1.573444846442247635e-01,-8.770556895972829725e-01,5.299603128177150513e-01,8.182822601058293843e-01,5.118137355567187186e-01,-1.000000000000000000e+00,-2.962167260983007422e-01,3.923833688275734088e-01,-4.513749094850836863e-01,-2.385297213706249475e-01,-3.105072036642235744e-01,1.291814203696661605e-02,-2.919704352854531892e-01,-3.537237587882859913e-01,-3.566892225428308638e-01,-4.182499489823935934e-01,1.853988935530872240e-01,-1.536111903037991333e-01,-1.887804607479264540e-01,-9.117806757150852537e-01,2.359835156199686090e-01,-8.882856138411717728e-01,4.687120588021317369e-01,7.745853415938004360e-01,-8.516805432938714393e-01,-1.637641175909041596e-02,-1.542932665188447294e-01,-4.382319517143560272e-01,-2.119400368348213493e-01,1.705570239231933571e-02,-2.363061781365395353e-01,8.702506343899145749e-03,3.670557944862276045e-01,2.100873678543136447e-01,1.497138077650257970e-01,-1.725466374246134027e-01,-2.643552230099169842e-01,4.533252904360798308e-01,-3.747983460780132114e-01,4.494674405585563082e-01,-8.650146460464041009e-01,-1.000000000000000000e+00,-4.170726339745816635e-01,-3.421303391518847048e-02,8.245649961520874482e-01,-3.783018108274219804e-01,2.855836578200779755e-02,-4.046491050572720849e-01,7.839241946567925279e-01,-4.577875553752095428e-01,2.082406843967658239e-01,-4.794770015507838767e-01,-2.984288908790356243e-01,-5.511066327354119387e-01,2.047499293143219823e-01,5.151725969678742079e-01,-3.123207390430666752e-01,2.996318696515125057e-01,1.000000000000000000e+00,3.204071718358235121e-01,-2.643446189404559110e-01,-4.080570507028261074e-02,-2.120040265276704472e-01,-7.678464570072487394e-01,-6.866839681524197214e-01,3.382527156243055333e-01
0.000000000000000000e+00,0.000000000000000000e+00,0.000000000000000000e+00,0.000000000000000000e+00,0.000000000000000000e+00,0.000000000000000000e+00,0.000000000000000000e+00,0.000000000000000000e+00,0.000000000000000000e+00,0.000000000000000000e+00,0.000000000000000000e+00,0.000000000000000000e+00,0.000000000000000000e+00,1.000000000000000000e+00,6.648884415519117075e-02,-2.723804953054990152e-01,-1.285433087916958671e-02,3.443879029648827528e-01,-3.561538504748008871e-02,-2.451455500613756722e-01,-3.084216633903831273e-01,1.022838176078329081e-01,-1.878886943257475906e-01,-1.933790609658453119e-01,-3.524950996583763874e-01,3.470921707049989813e-02,4.781879335771302419e-03,-1.008409063205079337e-01,-1.082123988613786364e-01,-1.572418733141587865e-01,9.738629016565300729e-04,-7.278865023787012278e-02,-3.838846464874969833e-01,-2.032604558088634827e-01,-2.364544929855169064e-01,-7.808829768811079153e-02,-1.498981750154615156e-01,-6.130699030228647234e-02,-1.985805037882001217e-02,-9.757155225104786889e-02,-2.502614054385220443e-01,-2.264637111402226510e-01,-1.752559108154939649e-01,-3.777544460893479394e-01,-1.652912620563584123e-01,-3.003740946303471437e-01,-2.049592915554698525e-01,5.542038096819167786e-02,1.191683732796588457e-01,-8.901149352358397882e-02,8.040043776655245514e-03,1.009885398626541725e-01,1.845507365686934187e-01,9.901210127052435805e-02,-3.366124454122980114e-01,7.589652259266638223e-02,-2.311814106872439045e-01,-2.939218070699038329e-02,-4.333290324565293172e-01,-3.381391749948926551e-01,4.556347286595933271e-03,-9.817034710418087728e-02,-1.462944666000250693e-01,-1.350962953979217007e-01,2.094934252518911577e-01,-1.323074134959233428e-01,4.822970319536633473e-03,-3.705181911722005283e-01,1.811620068285908422e-02,-2.172873534661582118e-01,-1.559993860426515111e-01,-2.089451781017525878e-01,-9.560929052387105720e-02,-2.983727030447560491e-01,2.953521809655029196e-01,8.639030614142562126e-02,-2.889563095196805986e-01,-2.586017487885683974e-01,-1.427535254452066971e-01,-5.420086542423401682e-02,2.525376526367194563e-01,9.016862454960451745e-02,-1.723944235559889959e-01,-2.182992059965669640e-01,6.151380248203515422e-02,-2.532350344662173680e-01,1.458543252806660251e-01,4.173685785916297214e-02,-2.195262475858432150e-01,-2.182904140495620926e-01,-1.531424251581684215e-01,-3.256598688157376631e-01,4.257772416846630943e-03,-2.655758329002538276e-01,-8.514855357302338057e-02,-2.047639844934299180e-01,-1.927026612020210639e-01,1.222842570032994652e-01,2.331542429161486962e-01,7.408971361063877714e-02
0.000000000000000000e+00,0.000000000000000000e+00,0.000000000000000000e+00,0.000000000000000000e+00,0.000000000000000000e+00,0.000000000000000000e+00,0.000000000000000000e+00,0.000000000000000000e+00,0.000000000000000000e+00,0.000000000000000000e+00,0.000000000000000000e+00,0.000000000000000000e+00,0.000000000000000000e+00,0.000000000000000000e+00,1.000000000000000000e+00,-2.365024292100655623e-01,1.511206266595925274e-01,3.812790764810743416e-01,-2.704526885273431103e-01,-4.141212877811981108e-01,-3.165513134451388155e-01,-2.293242497693929183e-01,8.290597334313351552e-02,9.672313974422450111e-02,-6.671582269079950889e-01,3.129381583176883974e-01,3.412113808761860212e-01,-2.918289957134883456e-02,-3.774328882805818575e-01,-2.371171436410748068e-01,-1.583306454538001007e-01,-4.130879527104781845e-02,-2.299083399892870583e-01,3.775837536039030051e-01,-5.652959333802656111e-02,3.214038660878105191e-01,-4.559696059908495136e-01,6.026619944784207539e-02,2.362140621766935511e-01,2.568376122637360814e-01,1.551562720382814176e-01,-1.315775957359349158e-01,3.757662837630604963e-02,-1.549467085527757859e-01,2.068874307950542835e-01,-3.227471510852968906e-01,-2.160816906868424647e-01,2.352659492802861296e-01,9.712888859074520972e-03,-1.627686774355983357e-01,-4.027170891249420848e-02,-5.043668694774688932e-02,-3.457088654411709094e-01,-7.128652484853342797e-02,-5.685312346559924512e-02,3.656049606206913105e-01,2.297271609203118958e-01,2.321265717152277974e-02,-9.795484282662346720e-01,-1.397927706481131849e-01,2.482126851780228072e-01,-1.133542150993771119e-01,1.148443304819498773e-01,-1.191428442899791357e-01,-1.457108037836656912e-02,-1.082955304106805738e-02,-1.153138249603636034e-01,-1.613762256604373557e-01,1.941922866856120311e-05,-3.170207417577999287e-01,2.690389620898229750e-01,-1.129575762145165890e-01,-1.624822067873209486e-01,-1.834609306388054750e-02,5.382878051438876321e-01,3.182413587861465665e-02,-3.117535796162750894e-01,1.206641928052759258e-03,-2.435704490496456431e-01,-8.271089575522372339e-02,-1.791454505557064369e-01,2.302415339265357075e-01,1.309752308185644087e-01,-9.166822385348855073e-03,7.551133408196762931e-01,-2.417678699602616443e-01,-9.608702374077743302e-02,2.996716674434001249e-01,-1.982569696870935261e-01,-2.584870174089272665e-01,6.025292974816723879e-01,9.855378474312649628e-03,1.599378382308771496e-01,7.993939983843077746e-02,-9.289705466332327799e-02,1.143749053160409562e-01,-1.145732573086213762e-01,2.630408955131272042e-01,2.015251514345786366e-01,1.615730930378653230e-01
0.000000000000000000e+00,0.000000000000000000e+00,0.000000000000000000e+00,0.000000000000000000e+00,0.000000000000000000e+00,0.000000000000000000e+00,0.000000000000000000e+00,0.000000000000000000e+00,0.000000000000000000e+00,0.000000000000000000e+00,0.000000000000000000e+00,0.000000000000000000e+00,0.000000000000000000e+00,0.000000000000000000e+00,0.000000000000000000e+00,1.000000000000000000e+00,-9.206160752822646620e-02,-2.765461442059961861e-02,-4.565443729208127355e-01,4.631289653078187740e-01,1.911532744929649308e-01,-1.771250368322633273e-01,-4.451670793126015213e-01,3.307764346643463638e-01,3.917725409315586660e-01,2.168231125175002216e-01,-2.391611326244257735e-02,1.372610051960730104e-01,1.725880119569135340e-01,5.466503533238750712e-02,-1.996926201886050634e-01,-5.390544517132840607e-02,6.327142090041909528e-01,-1.920003941859362018e-01,3.841669863781282945e-01,-7.630197770144094838e-01,7.411723179778749726e-01,5.835984128479608790e-01,2.926658730839973854e-01,1.469132471368365667e-01,5.434234231435388640e-01,2.463457202858452266e-01,5.328541736122205386e-02,1.852752476246088409e-01,-1.330080233450394167e-01,5.080568787182291324e-01,1.009875762015937650e-01,-7.117866808351855368e-02,-4.816240212799753895e-01,9.081459885114181660e-03,3.548169133116221841e-01,1.885914737523138318e-01,6.921204635546092387e-02,7.372794495729888264e-02,5.115958093703343312e-01,-5.940236623936868687e-01,5.338181589708068664e-01,-9.012220945310368825e-02,3.028098982226652414e-01,2.566788242613770032e-01,-1.579128444743893023e-01,2.102192540548543653e-01,-4.915859290428498118e-01,-1.561116312541118711e-01,4.446004492958154919e-01,4.726095635874516532e-01,4.599705900404475467e-01,5.573271717564791672e-01,-1.884258249537921204e-01,1.044682061266937190e-01,7.801598970608739081e-02,6.363597070535824407e-02,-1.547027782557874320e-01,4.252255010369728749e-01,-8.731544566122481088e-01,-1.713949446234893093e-01,1.944592746312858444e-01,2.922023126479155186e-01,1.376832644805301709e-01,1.172468181545769164e-02,2.124148388673073318e-01,-7.818064536969988598e-01,4.493117354377946793e-01,3.283129998190609938e-02,-2.909237269691514194e-01,-6.659591330339074966e-02,9.133331133295725934e-02,-1.525502914639861596e-01,2.672796990821457719e-01,5.205285127284702273e-01,-6.770369749549443039e-01,-1.362835288929816202e-01,-7.677217743530664884e-02,1.811521589688831757e-01,8.717195868539617809e-02,6.931876065568592926e-02,3.757119712674333312e-01,-1.239219503421208624e-01,-7.951444086988610493e-01,3.019071464447372066e-01
0.000000000000000000e+00,0.000000000000000000e+00,0.000000000000000000e+00,0.000000000000000000e+00,0.000000000000000000e+00,0.000000000000000000e+00,0.000000000000000000e+00,0.000000000000000000e+00,0.000000000000000000e+00,0.000000000000000000e+00,0.000000000000000000e+00,0.000000000000000000e+00,0.000000000000000000e+00,0.000000000000000000e+00,0.000000000000000000e+00,0.000000000000000000e+00,1.000000000000000000e+00,-6.211790968490805698e-01,4.900642549373085965e-01,-9.295949993466418038e-01,9.044703951377333073e-01,2.371396333906615195e-01,1.059747729492433593e-01,5.449261607080754244e-01,-4.659235729560844974e-01,4.820538460905049449e-01,8.429712012755862238e-01,3.672810012349478348e-01,2.226297742376291688e-01,2.603506945168929665e-01,1.911866215002199776e-01,1.475295267935326782e-01,3.153425253737996425e-01,4.368774555731577136e-01,1.583862094899105705e-02,7.110026027693137074e-01,-3.152176024609044114e-01,-7.143298040647972913e-01,2.741026325426256238e-01,-1.247233120752028745e-01,2.211662384182225272e-01,-2.182964424109853918e-01,4.894643933305541927e-01,-2.805962771282217161e-01,2.866030821010909224e-01,2.666626134439517570e-01,8.471040575087529501e-01,7.582127042809092554e-01,-3.652891158889525203e-01,2.560113458620414187e-02,2.297047505885485841e-01,6.333268580490958310e-02,-4.662218246946807088e-01,7.409300148970505706e-01,-5.064034379409369617e-03,1.315853984253586018e-01,3.696718911112412687e-01,-8.106289846321661496e-01,-6.769892612775516572e-01,2.127382467607523697e-01,9.162718476568735282e-01,5.552066597336948739e-01,2.395620117818682004e-01,-2.003435234727171388e-01,3.379466721492058179e-01,2.085214282241073802e-01,2.343815917465283394e-01,5.448200977742068130e-01,-5.027118619833905733e-01,2.800381999212062101e-01,7.995874952584531847e-01,2.604610129375398153e-01,-3.635720485939269303e-02,4.565328464157643040e-01,-6.445181390889966888e-01,3.453139448876768602e-01,5.863227513018722803e-01,4.083223453834554650e-01,-8.642580731226006119e-01,7.208158589453165233e-01,-1.081067989490035880e-02,-4.921865283847250971e-01,8.928767932714400113e-02,8.799889296906002745e-01,6.201470340686205951e-01,3.449723026801802539e-01,-1.228297687560061802e-01,4.054008639107751777e-01,1.515990628764321280e-01,4.273088667261148998e-01,1.166154018415716254e-01,-2.749239728743328448e-01,-7.264073584997362554e-01,-5.545897534170879384e-02,5.279192550582453292e-01,7.665426587816642767e-01,3.826908358590018211e-01,7.160494356839368357e-02,3.981679685393346158e-01,4.173247217140815812e-01
0.000000000000000000e+00,0.000000000000000000e+00,0.000000000000000000e+00,0.000000000000000000e+00,0.000000000000000000e+00,0.000000000000000000e+00,0.000000000000000000e+00,0.000000000000000000e+00,0.000000000000000000e+00,0.000000000000000000e+00,0.000000000000000000e+00,0.000000000000000000e+00,0.000000000000000000e+00,0.000000000000000000e+00,0.000000000000000000e+00,0.000000000000000000e+00,0.000000000000000000e+00,1.000000000000000000e+00,-4.543026342680266394e-01,7.216158046739858112e-02,-5.581361443692446356e-01,-1.819572892941487274e-01,-3.795853248494850396e-01,-2.783133339838900211e-02,-3.566875562451562454e-01,9.707778194120499082e-02,5.841773088576488610e-02,-8.708318499537734403e-02,-1.624216497497985856e-01,-2.634412388283947637e-01,-2.916250042501372097e-01,-4.188765034905805179e-02,-3.424301301211198356e-01,1.699764624216152861e-02,-9.905102402778356505e-03,-2.185170000185990835e-01,2.313393638751646553e-01,4.053913754206935893e-01,1.923547773300925412e-01,-5.957644620235136475e-03,1.559692416247019930e-01,5.669059082395653398e-02,-1.718254167429215939e-01,-2.118282891654391653e-01,-2.426122130409168742e-01,-3.361159997761060114e-01,-4.235733772006353703e-01,-1.668860098220297516e-01,2.420900265992529526e-02,-9.321725420103516013e-02,1.717382400359928341e-01,3.071509039865819024e-01,2.276455319912333020e-01,-4.043786917024911470e-02,-1.999781045360393000e-02,-3.557297827571528903e-02,-6.598532266669444868e-02,2.575407061461648106e-01,-3.673717526311098824e-01,-1.885706759336647498e-01,-1.736090922718263596e-01,-1.676939816764780045e-01,-2.882333558882898550e-01,-1.611061901081243530e-01,2.809714444968113845e-01,1.402589223874900759e-01,1.497794475418101623e-01,-4.127337285013066293e-01,1.244090893565327205e-01,-3.304724234125158699e-01,-2.446839151851758209e-01,-2.140515599573513394e-01,-1.658583003373587661e-01,-9.652953034583937331e-02,7.868481569697426403e-01,-9.955339057201373354e-02,-3.291318575445829619e-01,-2.287103494293400985e-01,2.454112732002667885e-01,-2.825859195141384728e-01,1.830719060646726348e-01,3.481979158214906778e-02,2.471095540886663611e-01,-2.707686264432912493e-01,3.654563859743564791e-01,-2.780850078990825258e-01,1.311090401288330098e-01,-4.735484966218304892e-02,-1.412604892944892832e-01,-1.068054789495632428e-01,2.702374449512708401e-02,-2.393831013454205681e-01,2.111636710975518250e-01,-1.621919859969321309e-01,-2.043838711450600976e-01,-1.834450541546074898e-01,-2.323047515445241795e-01,3.519356820217454662e-01,2.361396482847338482e-02,2.290648830077211817e-01
0.000000000000000000e+00,0.000000000000000000e+00,0.000000000000000000e+00,0.000000000000000000e+00,0.000000000000000000e+00,0.000000000000000000e+00,0.000000000000000000e+00,0.000000000000000000e+00,0.000000000000000000e+00,0.000000000000000000e+00,0.000000000000000000e+00,0.000000000000000000e+00,0.000000000000000000e+00,0.000000000000000000e+00,0.000000000000000000e+00,0.000000000000000000e+00,0.000000000000000000e+00,0.000000000000000000e+00,1.000000000000000000e+00,-3.234696703521799388e-01,5.516918315232226533e-01,4.734427834294473447e-01,2.695116394230685497e-01,-5.165671662801264719e-02,3.107567171877817502e-01,-3.063978145758214366e-01,-4.700794370001680489e-02,1.281116189976035380e-01,4.871153231041458476e-01,3.369840251062077852e-01,3.669855389666591972e-01,3.899826420524932780e-01,-9.833712001189838514e-02,2.126792761417192756e-01,-3.372549555065154636e-02,7.353413603906004958e-01,-1.757992110845405520e-01,-7.592197409833820743e-01,-4.042830591544939733e-01,1.828542921563418577e-01,2.129805706496402593e-02,-9.854669552103233199e-02,3.351867797327317544e-01,1.356550284747331803e-01,2.126422946860743735e-01,1.931767020611023511e-01,5.031759740132056846e-01,6.581190596451748365e-02,1.759027970051502132e-01,2.877740396319580785e-01,-5.381136675578977735e-02,-6.491200279751466184e-02,3.642283383928842516e-02,4.418231196817427597e-01,3.883490599994136871e-02,3.581245656181342718e-01,-2.958841236808621988e-01,-4.304851113286148334e-01,7.441869179664686307e-01,1.619615574514233491e-01,1.280499863232706093e-01,3.314361490533715981e-01,3.323650882955405672e-01,1.308862761877591374e-01,-1.869848623581617242e-01,-1.033153084456062826e-02,-1.186787025421836977e-01,4.608779386831170222e-02,-9.663014002358322196e-02,4.136813202539924572e-01,2.574531475543261894e-01,5.990941026732705954e-02,3.673916760784126101e-01,-1.019157274623677528e-01,1.964210951112174974e-01,5.301097354070410939e-01,5.016737030856620594e-01,1.400178598514781325e-01,-3.384033597140624350e-01,3.111423479620230026e-01,-1.879501035434818779e-01,2.144470921536354435e-01,-3.306945742583546899e-01,5.197939199435076540e-01,-3.218631541073576630e-01,5.521791131219108140e-01,9.296903956013265191e-02,1.711792921531657130e-01,8.673162418303692611e-02,-2.410235764000273964e-02,1.714272991548818348e-01,3.335829022884736345e-02,-6.441573053499897172e-01,-1.174475427951511969e-01,2.964261292682366933e-01,6.970302682747096801e-02,1.840898908870335637e-01,1.839587232617324319e-01,4.783457046959127545e-01,-2.140723227555077768e-01
0.000000000000000000e+00,0.000000000000000000e+00,0.000000000000000000e+00,0.000000000000000000e+00,0.000000000000000000e+00,0.000000000000000000e+00,0.000000000000000000e+00,0.000000000000000000e+00,0.000000000000000000e+00,0.000000000000000000e+00,0.000000000000000000e+00,0.000000000000000000e+00,0.000000000000000000e+00,0.000000000000000000e+00,0.000000000000000000e+00,0.000000000000000000e+00,0.000000000000000000e+00,0.000000000000000000e+00,0.000000000000000000e+00,1.000000000000000000e+00,-2.193638086000220810e-01,-1.606280976079419165e-01,-4.988511245001747002e-02,-9.773611138174284618e-02,7.595672272402733682e-01,-3.470464484399835570e-01,-5.292508105287926368e-01,-8.673806241898847358e-02,2.582128757321067170e-02,2.279047600266063608e-02,-1.901000164165098203e-04,-7.000061201376642922e-03,2.187133268716831280e-01,-2.667101343277362147e-01,1.703452175651128386e-01,-5.242478220719495319e-01,4.887135625125515470e-01,4.475660180599041471e-01,-8.035958617966407203e-02,-9.659566977114721065e-02,-3.897093459295281753e-02,3.595248597620785969e-01,-1.759694298975742477e-01,4.586437696444927159e-01,-1.920828668303636300e-01,1.803622459549767409e-01,-2.711450790332207150e-01,-4.226149116901533609e-01,5.453835251066879719e-02,8.289081766695913234e-02,-3.354730516397174539e-02,6.147778652741916344e-02,2.880705978299070158e-01,-3.493346876269794454e-01,1.442907900381210085e-01,-3.480909789018725164e-01,-1.230044124345628098e-01,4.414332080692118798e-01,7.821319486367536156e-01,2.061058845863869837e-01,-4.833356969398939218e-01,-2.067409535412358390e-01,-1.464308239888085506e-01,2.359568324457491095e-01,-1.530473444230029678e-01,-3.157942541088116974e-03,-3.259366403718853833e-02,1.029394197253037241e-01,2.401689126439960631e-01,6.545590053887008486e-02,-5.094981734953770713e-01,4.540094221495070970e-02,1.071439159281302317e-01,5.307715114457809552e-02,-9.212191077988579613e-02,-3.545899268520036340e-01,5.648983838498053758e-03,-7.547075123942106889e-02,7.056754164382745831e-01,-2.584208400672222683e-01,-4.449303688735872786e-02,-3.130548205396506412e-02,5.320634347472204956e-02,-3.476692445404943599e-01,-5.542258842870960711e-01,1.256008362517155655e-02,-6.213213667132075346e-02,-4.093323663274287538e-01,1.539111867948256274e-01,8.901527694019324699e-02,-2.323909548133605008e-01,3.007499952320256686e-01,4.208886028391695677e-01,2.168234604510186903e-01,-2.080585850905332379e-01,-1.761176532792038396e-01,-5.917206721708526823e-02,-2.119944143319529573e-01,-5.122060613833953058e-01,-1.365260911654482545e-01
0.000000000000000000e+00,0.000000000000000000e+00,0.000000000000000000e+00,0.000000000000000000e+00,0.000000000000000000e+00,0.000000000000000000e+00,0.000000000000000000e+00,0.000000000000000000e+00,0.000000000000000000e+00,0.000000000000000000e+00,0.000000000000000000e+00,0.000000000000000000e+00,0.000000000000000000e+00,0.000000000000000000e+00,0.000000000000000000e+00,0.000000000000000000e+00,0.000000000000000000e+00,0.000000000000000000e+00,0.000000000000000000e+00,0.000000000000000000e+00,1.000000000000000000e+00,2.079952957849452722e-01,1.506990828940992788e-01,2.303738272389416475e-01,7.916252375352116066e-02,7.096141467236267986e-02,9.518850320197606851e-02,1.741138213908165477e-01,2.311682118536804720e-01,2.599104910598178941e-01,1.361209136395960251e-01,6.169708336645274988e-02,4.698877018913952819e-01,9.653398515345266995e-02,1.409118024817995751e-01,6.179326212911373517e-02,4.404202570687954649e-03,-2.817283922828855425e-01,3.200403505131754062e-02,-2.153666350812076247e-01,3.339922669060874649e-01,2.390229043928120481e-02,2.416722194605378515e-01,1.224484807994249830e-01,3.973203185884736227e-02,2.749496770803371848e-01,4.666137592516342858e-01,5.702714501129235725e-02,-1.830531202129651036e-01,7.776703989148979479e-02,-1.483734430557767832e-02,8.147500001289083305e-02,-1.524046360209523054e-01,1.470508199435296148e-01,2.583046396548509538e-01,-1.516005276507305100e-01,1.266705848645355570e-01,-2.914160172717639719e-01,4.865862403408969250e-01,2.181122022226153756e-01,1.118227200000152105e-01,2.024585529294722075e-01,5.639963926791438653e-02,-7.904256937917637782e-03,1.459167242489557426e-01,1.294219849180140991e-01,4.298862513654343881e-02,3.128524154747714392e-01,-2.147761815608548175e-01,2.916984549979680374e-01,3.153386111112589929e-01,1.757597470885122470e-01,3.856274005604630722e-03,2.212986725316108128e-01,-6.286254613534175695e-01,1.379473940168655932e-01,4.140345987635885572e-01,2.341339018353595092e-01,-3.038302255660885187e-01,2.795229811532544129e-01,4.102643834642472065e-02,-3.050991683981013058e-01,2.773096866015428014e-02,3.434539846839392285e-01,3.197836643995072975e-02,2.694021921577069989e-01,-5.737600187473589769e-02,3.634506282844079342e-03,1.353193074901048731e-01,3.102045409551018595e-01,-2.492122387898307867e-01,8.307785933687425461e-02,-3.495695427767347985e-01,7.424281314042824754e-04,2.690233897671214791e-01,1.496577014118516402e-01,2.904061045469639724e-01,-1.271083457309764575e-01,7.439740211606996056e-02,-1.025616187273651891e-01
0.000000000000000000e+00,0.000000000000000000e+00,0.000000000000000000e+00,0.000000000000000000e+00,0.000000000000000000e+00,0.000000000000000000e+00,0.000000000000000000e+00,0.000000000000000000e+00,0.000000000000000000e+00,0.000000000000000000e+00,0.000000000000000000e+00,0.000000000000000000e+00,0.000000000000000000e+00,0.000000000000000000e+00,0.000000000000000000e+00,0.000000000000000000e+00,0.000000000000000000e+00,0.000000000000000000e+00,0.000000000000000000e+00,0.000000000000000000e+00,0.000000000000000000e+00,1.000000000000000000e+00,-3.365519923895222143e-01,-9.439400448338651495e-02,3.092315841418404876e-01,-3.660092369949531355e-01,-1.842424536845523597e-01,1.737929436447019915e-01,6.020783222180914329e-01,2.864294660167560624e-01,5.650496573467448380e-01,5.412776824674511156e-01,4.173861628448052308e-01,6.864575468375627709e-02,-7.333986916600492012e-02,4.394983784091638368e-01,-3.426856676955485070e-02,-7.265299373296937313e-01,-3.354036995485626949e-01,2.084406312621362722e-01,1.921417322561342622e-01,-1.148328010437719288e-01,3.308926661235168654e-01,2.070452554845512994e-01,3.817973528755796986e-02,2.467281133674994187e-01,4.289472844302878451e-01,1.485813551317833048e-01,1.337311722277482462e-01,4.789980453898838308e-01,5.264272458711053045e-03,2.594034369941481954e-01,3.271401282598023208e-01,7.915378844060161345e-01,-1.228939863434677787e-01,1.877253206894816395e-01,-6.669654516028682423e-01,-5.099515786710232534e-01,9.530646034759121532e-01,2.410930028469569775e-01,-1.931227232071629218e-01,5.316723049339914242e-01,-2.903539317651756754e-02,8.506001907007412766e-02,4.089407223305691064e-01,-1.968326251589260986e-02,-3.731627701032584621e-02,-2.052624971355123187e-02,-1.670453748615504663e-01,4.268713281943112281e-01,-9.962563132045682002e-02,-1.274001897309360865e-01,4.572467585245014732e-01,-2.324306754766093108e-01,-5.325113221948632458e-02,7.368847239327639409e-01,5.956009532128139217e-01,1.814423304519859536e-03,-5.411227782335317205e-01,6.296783125976969098e-01,1.390525038736109831e-01,-2.787276890326285603e-02,-7.816571697015046727e-01,3.125334711466896120e-01,-6.051677474510405164e-01,5.167981851625356171e-01,1.107842556792724836e-01,1.838787922985072043e-01,2.658970172890506856e-02,7.956508164401772387e-02,-3.116623095113490449e-01,-2.252073298761203268e-01,-9.218579208499393385e-01,-4.990344546140348947e-02,3.254915093277205851e-01,3.536434682091908477e-01,2.815285864522134029e-01,3.927745243749208304e-01,3.701413108470086311e-01,-2.545835058625753877e-01
0.000000000000000000e+00,0.000000000000000000e+00,0.000000000000000000e+00,0.000000000000000000e+00,0.000000000000000000e+00,0.000000000000000000e+00,0.000000000000000000e+00,0.000000000000000000e+00,0.000000000000000000e+00,0.000000000000000000e+00,0.000000000000000000e+00,0.000000000000000000e+00,0.000000000000000000e+00,0.000000000000000000e+00,0.000000000000000000e+00,0.000000000000000000e+00,0.000000000000000000e+00,0.000000000000000000e+00,0.000000000000000000e+00,0.000000000000000000e+00,0.000000000000000000e+00,0.000000000000000000e+00,1.000000000000000000e+00,-1.626656535804037462e-01,1.835581502404068088e-01,-1.708844752351076635e-01,-9.831008972165908300e-02,-7.496249044077667179e-02,-1.841564193694728013e-01,1.459261237152223167e-01,1.681282361670940195e-01,-1.562281662140484750e-01,-1.433716226498420454e-01,5.631313587647183982e-02,-1.200191391325385742e-01,4.793938956100589621e-01,-6.619367520363571566e-01,-4.010902183956263078e-01,-3.029051936687737201e-01,-4.287244913674299884e-02,-4.382863661535579269e-01,-6.108232314624850029e-02,5.256779462589041343e-03,2.106100160711683322e-01,3.749283682587922772e-01,-5.857915004343772908e-02,1.747269486706706509e-01,4.812320150232162613e-02,2.503610264500956140e-01,-1.116427964881178264e-01,-4.597394411716665963e-01,-5.272994461459983295e-01,-4.367771102183631848e-01,-4.953524191046186353e-01,-8.474183294450801651e-02,3.220378792579166038e-01,1.397818677364492390e-01,9.455003548213120057e-02,1.493663262952434900e-01,4.622071553913399689e-03,3.149957223885463953e-01,-2.494677480642554790e-01,7.229181325801595781e-01,3.055585743144431654e-01,-9.344037162832641297e-01,-3.950835267744252088e-01,-4.789326386132716773e-01,1.853771944174808506e-01,1.236381284868096758e-01,8.590578104208154708e-02,2.581705013947459548e-01,2.840713888557344080e-01,7.738540549387230849e-02,1.422449216855329636e-02,-1.938840713907649116e-01,-1.746162524910146174e-01,2.174179136049343708e-02,1.264863892179001470e-01,6.756907404358972191e-02,-1.032254693891211383e-01,-4.138919490169598592e-01,5.583982383914873893e-01,-8.333701493468741173e-02,1.434329227345529367e-01,1.350773666069723100e-01,1.500152545813023264e-01,-2.398274620394505452e-01,-6.955622771985198703e-03,3.081878850666526851e-02,-2.733787108731046134e-01,6.479868922555823696e-01,6.034335905868308814e-01,3.798499536628515139e-01,1.624469157381779605e-01,-5.180269193241184895e-05,-1.395301964449702226e-01,-1.289946106160131944e-01,-5.035540513503290461e-01,3.179383500793931394e-01,-4.593286070655094866e-01
0.000000000000000000e+00,0.000000000000000000e+00,0.000000000000000000e+00,0.000000000000000000e+00,0.000000000000000000e+00,0.000000000000000000e+00,0.000000000000000000e+00,0.000000000000000000e+00,0.000000000000000000e+00,0.000000000000000000e+00,0.000000000000000000e+00,0.000000000000000000e+00,0.000000000000000000e+00,0.000000000000000000e+00,0.000000000000000000e+00,0.000000000000000000e+00,0.000000000000000000e+00,0.000000000000000000e+00,0.000000000000000000e+00,0.000000000000000000e+00,0.000000000000000000e+00,0.000000000000000000e+00,0.000000000000000000e+00,1.000000000000000000e+00,-2.748695227441230182e-01,5.524320812811568393e-01,8.499128059392986323e-01,5.621937450817381388e-01,3.604381258453638881e-01,2.772574555702960741e-01,-2.267688560244765783e-01,2.322513026987335916e-01,7.039502686423856348e-01,8.322921790146262655e-01,5.530065781427333516e-01,4.014390883841047475e-01,5.503306772149896275e-01,-9.220620111044497413e-02,6.980962093918959832e-01,-3.698840116787373011e-01,1.000000000000000000e+00,4.203595067999054691e-01,5.292441008136359315e-01,-1.784460041603448850e-03,1.716071301482336997e-01,5.135319174483498061e-01,5.356277426176992984e-01,1.678994962836722615e-01,-7.377381417643122941e-01,8.749054112601103994e-02,7.765117879392217093e-01,3.763527889886060240e-01,-4.258262230383443869e-01,3.696005872519563806e-01,9.253281552989974790e-01,-4.722945999155421237e-01,6.635045717536195431e-01,-2.680432642076795990e-01,-1.000000000000000000e+00,6.040755103111609126e-01,1.100129771799169265e-01,5.671008570268907256e-01,-2.179778884406371742e-01,-1.261080951160283015e-01,4.990927385025331620e-01,7.186594918642347229e-01,7.574070938811601206e-01,7.060151507928239534e-01,-3.696037919216184631e-01,3.213105530355898631e-01,6.188870518983118352e-01,4.492815843516372865e-01,6.530811273098825753e-02,8.507754089617656224e-01,-4.528465096956394431e-01,-2.353254388112044695e-02,5.495582834799428440e-01,5.734532770617843944e-01,-1.847679955474443025e-01,5.372656743573167581e-01,-2.879088555930490179e-01,-8.581317085620465690e-01,8.252590639797748873e-01,6.532827681238468909e-01,6.217117319796838792e-01,2.381791842803679671e-01,-2.423439295832900131e-01,1.439302519285605986e-01,4.400872079621118704e-01,1.000000000000000000e+00,-2.664122369068150364e-02,2.138852471775266884e-02,-4.272380550158077495e-01,6.328031820110344707e-01,4.162113025568411340e-01,8.354463509426706125e-01,5.101565416054181235e-01,3.160231505033314070e-01,-2.178573682039408599e-01,7.845861145884233112e-01
0.000000000000000000e+00,0.000000000000000000e+00,0.000000000000000000e+00,0.000000000000000000e+00,0.000000000000000000e+00,0.000000000000000000e+00,0.000000000000000000e+00,0.000000000000000000e+00,0.000000000000000000e+00,0.000000000000000000e+00,0.000000000000000000e+00,0.000000000000000000e+00,0.000000000000000000e+00,0.000000000000000000e+00,0.000000000000000000e+00,0.000000000000000000e+00,0.000000000000000000e+00,0.000000000000000000e+00,0.000000000000000000e+00,0.000000000000000000e+00,0.000000000000000000e+00,0.000000000000000000e+00,0.000000000000000000e+00,0.000000000000000000e+00,1.000000000000000000e+00,-4.778186263032624947e-01,-4.716879828982689649e-01,1.944059579685893102e-02,2.805057964950451455e-01,2.252127284310883881e-01,3.007398993360569373e-01,2.030552967070478054e-01,2.676932620653856842e-01,-2.085896419986981998e-01,8.755247858801572247e-02,-8.738837165330629042e-02,2.777382823114857846e-01,-3.480916052029019853e-02,-3.143654468866409202e-01,2.452015550327722726e-01,-1.217517989951965723e-01,1.916360233839216054e-01,6.404421408568157503e-02,5.206889762056865489e-01,1.309274807574671400e-02,3.288142924753973406e-01,1.540830820601471196e-01,-7.466959408327593362e-02,1.038312205752110751e-01,2.377786714578788430e-01,-8.524344639828540515e-02,3.577410479898828627e-02,2.293911127513638126e-01,1.334699316150476933e-01,-1.884648986951885027e-02,-1.014576949767419384e-01,-1.618157531888276546e-01,-7.020635234180503438e-06,1.000000000000000000e+00,3.016303559044160587e-01,-1.437137288962824222e-01,9.223077775610095952e-02,1.323682981038372675e-01,2.657839292920267105e-01,-2.167403741817416352e-01,-3.139899805257433119e-02,-8.089383748298492605e-02,3.138530851788446374e-01,7.831189267170300672e-02,2.843197994931229711e-01,-2.460057843397451816e-01,9.003056850248852827e-02,2.759048346979172672e-01,1.029807456320607217e-01,-1.801325489577594308e-01,1.004179709954200646e-02,4.291352783492562994e-01,9.585001282743600692e-02,3.503518324933385664e-01,6.711426028310250869e-02,-3.133595763521050681e-02,4.044234708411422602e-02,-1.798889931204538939e-01,5.761664070126240600e-02,-5.989859214064691129e-01,3.548197526581648997e-01,-1.232377224947842249e-03,-2.003933136163559003e-01,2.346109049131382129e-01,1.084533403880510727e-01,-8.072032596122166725e-02,2.088658736779459846e-01,-4.889902000155647160e-02,9.180233002407373055e-02,7.036279765184576263e-02,-2.169029667856578469e-03,1.041867556821956392e-01,-1.636741595102978730e-01,-2.155517827814686649e-01,-1.952152086370880779e-01
0.000000000000000000e+00,0.000000000000000000e+00,0.000000000000000000e+00,0.000000000000000000e+00,0.000000000000000000e+00,0.000000000000000000e+00,0.000000000000000000e+00,0.000000000000000000e+00,0.000000000000000000e+00,0.000000000000000000e+00,0.000000000000000000e+00,0.000000000000000000e+00,0.000000000000000000e+00,0.000000000000000000e+00,0.000000000000000000e+00,0.000000000000000000e+00,0.000000000000000000e+00,0.000000000000000000e+00,0.000000000000000000e+00,0.000000000000000000e+00,0.000000000000000000e+00,0.000000000000000000e+00,0.000000000000000000e+00,0.000000000000000000e+00,0.000000000000000000e+00,1.000000000000000000e+00,9.346612690379847432e-01,1.791426196439193652e-01,-3.076256400439102423e-01,-2.215154600471017088e-01,-4.993263721784492182e-01,-3.540024451689077756e-01,1.091953675044191330e-01,2.646342799973113724e-01,1.165098398756705261e-01,-2.162001788422044379e-01,-4.209091444721688169e-02,2.590369577179291172e-01,7.439509092539472457e-01,-3.265443792981967963e-01,4.127539812968294974e-01,-1.460120144931491004e-01,3.198015717029552979e-02,-6.623109458284812678e-01,7.724652179893690129e-02,-5.124168420039801330e-02,1.280853651728477705e-01,3.862192350301921762e-01,-5.885263846117455566e-01,-3.988596695827863470e-01,4.409503980404460566e-01,-2.370083393732980853e-02,-5.123181690885433293e-01,-6.355184719940397409e-02,3.277630834309411267e-01,-2.668378777394883605e-01,8.195409375333254642e-01,-2.334347640617535080e-01,-1.000000000000000000e+00,-2.023382804004313362e-01,5.427681362802004861e-01,1.405724132047225239e-01,-3.220028886621773556e-01,-4.623133086464648600e-01,4.844971717595990546e-01,3.339483571598413358e-01,4.540552691519105233e-01,2.256522352355851135e-01,-3.544655074054546828e-01,-2.695810032796894795e-01,6.736574021513344057e-01,8.610799124882127786e-02,-5.056471956761477982e-01,3.628252302487823266e-01,-5.617627006922782940e-01,-1.858273865083686638e-01,-3.238091205736843281e-01,2.219078111930443131e-01,-5.333797959361656904e-01,1.083976422165262576e-01,1.157923867647853156e-01,-7.378841236928935787e-01,6.830496898456337451e-01,1.858610658564181783e-01,9.333169695480600936e-01,-4.652174841561384500e-01,-7.061532936154137075e-02,2.615065993890702267e-01,-6.679526080025019463e-02,3.015726144330815317e-01,-2.268679193021072016e-01,-4.049453725562192630e-01,6.729906134925799088e-02,1.651601429307375246e-01,9.377746703758142732e-02,2.577904206648269914e-01,1.504795061095480502e-01,1.068683661547267176e-04,-1.469394218900061111e-01,6.661096208522073736e-01
0.000000000000000000e+00,0.000000000000000000e+00,0.000000000000000000e+00,0.000000000000000000e+00,0.000000000000000000e+00,0.000000000000000000e+00,0.000000000000000000e+00,0.000000000000000000e+00,0.000000000000000000e+00,0.000000000000000000e+00,0.000000000000000000e+00,0.000000000000000000e+00,0.000000000000000000e+00,0.000000000000000000e+00,0.000000000000000000e+00,0.000000000000000000e+00,0.000000000000000000e+00,0.000000000000000000e+00,0.000000000000000000e+00,0.000000000000000000e+00,0.000000000000000000e+00,0.000000000000000000e+00,0.000000000000000000e+00,0.000000000000000000e+00,0.000000000000000000e+00,0.000000000000000000e+00,1.000000000000000000e+00,3.061711359145786737e-01,3.200034427401456105e-02,2.328320620846057593e-02,-2.609496003995095403e-01,-2.309394785762910324e-02,7.854168364696280033e-03,6.108986543603051045e-01,1.158341409001483885e-01,5.315884041941529858e-01,1.658757546506534411e-02,-1.966986741872902011e-01,5.233938680811303090e-01,-3.192739133797975470e-01,3.088427089055499342e-01,8.128795468056850080e-04,2.749878220671149176e-01,-4.485241365471585029e-01,2.167614064908116034e-01,8.239591118480586729e-02,4.101766974761472118e-01,4.244564201269359072e-01,-4.325891315524361125e-01,-1.110008687776618125e-01,4.735570042282578607e-01,-1.240672784138653097e-02,-4.469918716406444115e-01,2.848177806646361443e-01,2.454058128471177103e-01,-2.462871049506176746e-02,4.638592933514144590e-01,-2.984751270305610049e-01,-1.000000000000000000e+00,1.105745712583421081e-01,6.063035836408381396e-01,3.766680526369827198e-01,2.864408659001110510e-02,-2.319754711737537500e-01,2.239395887941190710e-01,3.130390552674444660e-01,4.309154307915671334e-01,2.504888665550403237e-01,-2.938985380988169971e-01,5.111321550419003351e-02,6.139246802963627125e-01,2.655304021923807767e-01,-1.026492423872526760e-01,4.503058979224063840e-01,-1.333695700405691242e-01,1.706868577175001209e-03,1.479709534106616320e-01,2.806657769337443376e-01,-3.892952326851933931e-01,3.716066541082597152e-01,-1.883238031740509522e-01,-4.680061922855300871e-01,5.021238867374071546e-01,5.810497355274822917e-01,7.424056048795188989e-01,7.653502139772459800e-02,-1.662225850392843596e-01,3.013895821676270681e-01,1.272824903830843957e-01,4.266395609541060452e-01,2.302424145633878427e-01,-2.391881610943888958e-01,-2.638101359320290662e-01,2.321868279806111601e-01,2.551335428166749408e-01,6.596028778353217881e-01,1.649936433768062760e-01,1.783353695022040220e-01,1.346812091936185063e-01,6.815800349626001120e-01
0.000000000000000000e+00,0.000000000000000000e+00,0.000000000000000000e+00,0.000000000000000000e+00,0.000000000000000000e+00,0.000000000000000000e+00,0.000000000000000000e+00,0.000000000000000000e+00,0.000000000000000000e+00,0.000000000000000000e+00,0.000000000000000000e+00,0.000000000000000000e+00,0.000000000000000000e+00,0.000000000000000000e+00,0.000000000000000000e+00,0.000000000000000000e+00,0.000000000000000000e+00,0.000000000000000000e+00,0.000000000000000000e+00,0.000000000000000000e+00,0.000000000000000000e+00,0.000000000000000000e+00,0.000000000000000000e+00,0.000000000000000000e+00,0.000000000000000000e+00,0.000000000000000000e+00,0.000000000000000000e+00,1.000000000000000000e+00,9.920662249718343872e-01,6.626628377273527937e-01,1.471416014493775459e-01,7.129581160844965515e-01,1.000000000000000000e+00,1.000000000000000000e+00,7.513994167116735401e-01,9.997787354279940031e-01,7.604480712323096192e-01,-6.979330252726222428e-01,6.774990587594613700e-01,-1.360894062659104009e-01,1.000000000000000000e+00,6.040227388283827548e-01,9.920159020474755840e-01,2.915330234422926492e-01,5.080726280547729345e-01,9.639889649171070607e-01,1.000000000000000000e+00,4.746193610959044684e-01,-9.651363481819427159e-01,4.491126264161532378e-01,1.000000000000000000e+00,6.758445508816305347e-01,-4.390552751714884017e-01,1.000000000000000000e+00,1.000000000000000000e+00,-5.177198635189423914e-01,7.140698852627600512e-01,-7.349056563605254055e-01,-8.003921886857101597e-01,1.000000000000000000e+00,1.979070843371852073e-01,1.000000000000000000e+00,-7.857901237397930949e-02,2.097411058026486808e-02,6.239856565679321454e-01,1.000000000000000000e+00,1.000000000000000000e+00,1.000000000000000000e+00,-5.916558537660774331e-01,7.506230706141848730e-01,9.220416780032142379e-01,6.890436528121461901e-01,5.373399025898479842e-01,1.000000000000000000e+00,-5.851006209622761078e-01,3.991871156130790133e-01,1.000000000000000000e+00,9.837629011736014339e-01,-3.975979627733564614e-01,1.000000000000000000e+00,-4.014520394844398599e-01,-1.000000000000000000e+00,8.151108478844605321e-01,1.000000000000000000e+00,5.354568478255334885e-01,8.075302906279898663e-01,-3.023793608179751180e-01,3.190149702947968624e-01,7.925936309263296176e-01,1.000000000000000000e+00,-6.241287902694754759e-03,-1.641138319290171010e-02,-1.000000000000000000e+00,1.000000000000000000e+00,8.897777992130317948e-01,1.000000000000000000e+00,8.667942167207698390e-01,5.858588873534644748e-01,-2.424015194895298535e-03,1.000000000000000000e+00
0.000000000000000000e+00,0.000000000000000000e+00,0.000000000000000000e+00,0.000000000000000000e+00,0.000000000000000000e+00,0.000000000000000000e+00,0.000000000000000000e+00,0.000000000000000000e+00,0.000000000000000000e+00,0.000000000000000000e+00,0.000000000000000000e+00,0.000000000000000000e+00,0.000000000000000000e+00,0.000000000000000000e+00,0.000000000000000000e+00,0.000000000000000000e+00,0.000000000000000000e+00,0.000000000000000000e+00,0.000000000000000000e+00,0.000000000000000000e+00,0.000000000000000000e+00,0.000000000000000000e+00,0.000000000000000000e+00,0.000000000000000000e+00,0.000000000000000000e+00,0.000000000000000000e+00,0.000000000000000000e+00,0.000000000000000000e+00,1.000000000000000000e+00,5.036460332331634815e-01,1.903908047138155868e-01,6.513243916747264439e-01,3.778106912854615751e-01,2.493799694963964309e-01,3.546610551931946853e-01,6.068281974511994248e-01,6.743896161491822472e-01,-6.392871798737259637e-01,-1.986223248856622547e-01,3.951814356344699602e-02,6.542802685226990489e-01,2.700585895168529094e-01,5.003406476611680365e-01,2.099427756988435367e-01,-1.865680780854659174e-02,5.299199797072131624e-01,6.339249524342854825e-01,-1.932412119436717202e-01,-1.962860632254775639e-01,4.656368664819182102e-01,5.287336672741201893e-01,4.543848932404462859e-01,3.309422732740149309e-01,7.238197247557838221e-01,7.060676439823049266e-01,-2.237467720603260601e-01,-1.124958079135935790e-01,-4.934167484397442571e-01,8.303667238086532842e-01,5.099454358549677657e-01,-2.934729971729022058e-01,6.645420609543325474e-01,-1.366007559613537370e-01,5.816825875816270669e-02,3.520105140877062833e-01,5.236716414527810004e-01,4.861816395570935367e-01,3.723419522950004446e-01,-2.152518712285023672e-01,5.940826888837437147e-01,9.793677174943896113e-02,1.786013035024953677e-01,4.643287580632155520e-01,2.882933966683058902e-01,2.548405958782711672e-02,4.817210087053416800e-01,8.137867576577149098e-01,3.280612269194582709e-01,-7.706473576571912232e-02,4.929811738345886152e-01,-2.603516948719791432e-02,-3.978690150231590228e-01,1.195686771946249394e-01,6.290236496570431601e-01,-4.668572790734663580e-01,6.253713098057840369e-01,2.279114390264756485e-01,6.067003551163421826e-03,4.230625650398320836e-01,6.321027388466963215e-01,-4.436818263305684629e-01,-1.300294195532817609e-01,-9.655197069138783394e-01,1.861807372767544308e-03,4.594951380650265094e-01,2.903904375191611598e-01,4.475589678952782147e-01,5.108054467165080714e-01,2.195409168109156706e-01,-3.374942992186243107e-02
0.000000000000000000e+00,0.000000000000000000e+00,0.000000000000000000e+00,0.000000000000000000e+00,0.000000000000000000e+00,0.000000000000000000e+00,0.000000000000000000e+00,0.000000000000000000e+00,0.000000000000000000e+00,0.000000000000000000e+00,0.000000000000000000e+00,0.000000000000000000e+00,0.000000000000000000e+00,0.000000000000000000e+00,0.000000000000000000e+00,0.000000000000000000e+00,0.000000000000000000e+00,0.000000000000000000e+00,0.000000000000000000e+00,0.000000000000000000e+00,0.000000000000000000e+00,0.000000000000000000e+00,0.000000000000000000e+00,0.000000000000000000e+00,0.000000000000000000e+00,0.000000000000000000e+00,0.000000000000000000e+00,0.000000000000000000e+00,0.000000000000000000e+00,1.000000000000000000e+00,5.563143315061414018e-01,6.731907709877849033e-01,9.875269823586052542e-01,5.618458741395070399e-01,4.919333923826544885e-01,1.000000000000000000e+00,4.889349462228189669e-01,-1.000000000000000000e+00,-2.981766932542193049e-01,-3.564867446552585917e-01,5.539721619128866736e-01,4.928054541270070477e-01,8.296753211634628755e-01,6.568224497601522494e-01,2.481736820202001259e-01,1.000000000000000000e+00,1.000000000000000000e+00,-1.042006103589275673e-01,-2.753030686988459097e-01,6.323006152340231445e-01,3.039349040918862821e-01,1.550602322212003559e-01,-1.117511895790327531e-01,7.185692603801900891e-01,8.159390055986786017e-01,-2.652974627067599123e-01,-8.876242111560068981e-02,-5.692445457101406037e-01,1.000000000000000000e+00,1.000000000000000000e+00,-1.480750627538089392e-01,8.081361052793795130e-01,4.109633195160842800e-01,4.117402619629242366e-01,-1.611524693822391774e-01,4.169183425963335909e-01,3.720176010870815952e-01,1.000000000000000000e+00,-3.124374664046837835e-01,1.000000000000000000e+00,4.005434850633516897e-01,7.573663752602052268e-01,7.574145539727584753e-01,7.180149892502912801e-01,-1.000000000000000000e+00,3.877473847888465719e-01,1.000000000000000000e+00,6.989725997556882620e-01,-1.288319720068277219e-01,9.099571974466365010e-01,-4.997442883779936729e-01,-3.289310938999594480e-01,-2.314641863830556312e-02,1.000000000000000000e+00,-7.137154215881890140e-01,1.000000000000000000e+00,-1.897033674402755499e-01,-9.045249910675884353e-02,7.838471216393214647e-01,1.000000000000000000e+00,3.203172806145350351e-03,5.674623276340344802e-01,-1.000000000000000000e+00,2.896314203574751334e-01,7.653364254002765765e-01,8.621353773312836477e-01,7.553956942103013938e-01,-5.012372416616941301e-02,1.752892729614130007e-01,-1.628912116969059576e-01
0.000000000000000000e+00,0.000000000000000000e+00,0.000000000000000000e+00,0.000000000000000000e+00,0.000000000000000000e+00,0.000000000000000000e+00,0.000000000000000000e+00,0.000000000000000000e+00,0.000000000000000000e+00,0.000000000000000000e+00,0.000000000000000000e+00,0.000000000000000000e+00,0.000000000000000000e+00,0.000000000000000000e+00,0.000000000000000000e+00,0.000000000000000000e+00,0.000000000000000000e+00,0.000000000000000000e+00,0.000000000000000000e+00,0.000000000000000000e+00,0.000000000000000000e+00,0.000000000000000000e+00,0.000000000000000000e+00,0.000000000000000000e+00,0.000000000000000000e+00,0.000000000000000000e+00,0.000000000000000000e+00,0.000000000000000000e+00,0.000000000000000000e+00,0.000000000000000000e+00,1.000000000000000000e+00,3.931251394310010250e-01,4.075460032195932225e-01,-1.012968845903442078e-01,-2.659901990235576386e-01,4.208901043780980400e-01,-5.178627340350082653e-01,-7.206814953624310904e-01,-5.421316363656202286e-01,6.228881053484719432e-01,-3.259787681445044938e-01,-1.539137991260529914e-01,2.654018311429865995e-01,6.815945291798982675e-01,3.956386179499626898e-01,3.623416163013388758e-01,4.647679642360594277e-01,6.282507087879094509e-01,3.282593965881479559e-01,4.314335402663045937e-01,-4.050762862916204021e-01,-6.487924256164681602e-02,9.666227181673738011e-02,6.732937356041845955e-01,-7.100188415733573732e-01,4.962683465465488886e-01,-5.143772510919992769e-01,-4.714542154133495866e-01,1.000000000000000000e+00,3.048229323080695607e-01,2.991046895610465772e-01,3.432193206977922073e-01,5.857526946481617092e-01,4.063182478511307427e-01,-2.879643395787329085e-01,-4.248328496965868006e-01,-4.557415674186293120e-01,3.985022866206541781e-01,-4.606575348858139157e-02,4.126787599619399782e-01,-6.305089535206254148e-02,9.974464254380917966e-03,5.627749142101035051e-01,-1.185333679514406630e-01,-3.853077599445939860e-01,5.307794995001003935e-01,8.474267350147467459e-01,1.199076767131798810e-01,-2.996982717657346584e-01,6.212492054564807686e-01,-6.514128207475872179e-02,3.334552905757798835e-01,-1.000000000000000000e+00,3.711974896314025885e-01,-7.217291168189166051e-01,6.993279621068992924e-01,-1.590938256541007956e-01,1.615890062135866834e-01,9.997253664748737001e-02,-1.673842679618777196e-01,3.465993816334744793e-01,1.553194898109016009e-01,-4.490501328019336214e-01,3.783257305318090125e-01,3.099001469521583951e-01,4.340963167719227300e-01,1.547204472359024474e-01,-2.368567747432727966e-01,2.295711306679392438e-01,-1.868811488432268741e-01
0.000000000000000000e+00,0.000000000000000000e+00,0.000000000000000000e+00,0.000000000000000000e+00,0.000000000000000000e+00,0.000000000000000000e+00,0.000000000000000000e+00,0.000000000000000000e+00,0.000000000000000000e+00,0.000000000000000000e+00,0.000000000000000000e+00,0.000000000000000000e+00,0.000000000000000000e+00,0.000000000000000000e+00,0.000000000000000000e+00,0.000000000000000000e+00,0.000000000000000000e+00,0.000000000000000000e+00,0.000000000000000000e+00,0.000000000000000000e+00,0.000000000000000000e+00,0.000000000000000000e+00,0.000000000000000000e+00,0.000000000000000000e+00,0.000000000000000000e+00,0.000000000000000000e+00,0.000000000000000000e+00,0.000000000000000000e+00,0.000000000000000000e+00,0.000000000000000000e+00,0.000000000000000000e+00,1.000000000000000000e+00,2.079217039382417476e-01,6.352780053797491000e-01,3.211561594322346336e-01,1.000000000000000000e+00,3.685102670881224562e-01,-6.987687191987278501e-01,-2.310779524393110351e-01,6.530756271051437745e-01,9.129715545967881374e-01,2.392941061978270667e-01,6.673838028388761057e-01,4.910710473893274419e-01,2.173342030686399029e-01,3.415963052618248286e-01,4.075298242965090800e-01,-6.422925840225000155e-03,9.023416505934930484e-03,6.113518660541829020e-01,4.609677449031762686e-01,5.972013582943777044e-01,3.032312752482788643e-01,9.539247435901292427e-01,5.546946145959440466e-01,2.929809049498914297e-01,-2.917075937395644525e-01,-5.211668976770308381e-01,7.166920648036523289e-01,5.643024870048617414e-01,-3.037692662652108910e-01,6.772574674002195261e-01,9.168893710425314938e-03,1.391138284577670692e-01,3.611212532158037947e-01,4.919565619553994962e-01,2.407540895657463709e-01,1.622420404869139854e-01,-1.167684986069310038e-01,4.463301243344779401e-01,1.202799635823093294e-01,-7.425580787941940542e-02,6.487377654729004073e-01,1.298249619164150437e-01,1.000000000000000000e+00,8.078377533535003874e-01,8.292238968961859191e-01,2.853342319478765488e-01,-1.663160033290376483e-01,5.210483703418778978e-01,-2.622828297657340824e-01,-7.766693498612232092e-03,-9.955251059333913854e-02,6.232015150858556396e-01,-1.861010111572805881e-01,7.172019980356759694e-01,1.763656119327046690e-01,2.890433788893811973e-01,2.724493683841686109e-01,2.905836189240481593e-01,1.953914252688119524e-01,-8.200697767667110283e-02,-1.000000000000000000e+00,2.179263514787257161e-01,3.981925697715950063e-01,3.961035554819982707e-01,3.754521698094547277e-01,1.000000000000000000e+00,4.270355378881064423e-01,5.362228301924491097e-02
0.000000000000000000e+00,0.000000000000000000e+00,0.000000000000000000e+00,0.000000000000000000e+00,0.000000000000000000e+00,0.000000000000000000e+00,0.000000000000000000e+00,0.000000000000000000e+00,0.000000000000000000e+00,0.000000000000000000e+00,0.000000000000000000e+00,0.000000000000000000e+00,0.000000000000000000e+00,0.000000000000000000e+00,0.000000000000000000e+00,0.000000000000000000e+00,0.000000000000000000e+00,0.000000000000000000e+00,0.000000000000000000e+00,0.000000000000000000e+00,0.000000000000000000e+00,0.000000000000000000e+00,0.000000000000000000e+00,0.000000000000000000e+00,0.000000000000000000e+00,0.000000000000000000e+00,0.000000000000000000e+00,0.000000000000000000e+00,0.000000000000000000e+00,0.000000000000000000e+00,0.000000000000000000e+00,0.000000000000000000e+00,1.000000000000000000e+00,9.015444134185224279e-02,2.595569259153909236e-01,-1.963885435973838078e-01,1.875618133157024303e-01,-3.364116125887160833e-03,1.864363675623260663e-01,-9.236792231311991008e-02,4.865040102879547579e-01,2.481163196871820631e-01,1.971585769831581680e-01,3.723186567544249370e-01,6.216310024346750202e-02,4.121418524922551008e-01,2.548811037233303933e-01,6.265691677563040018e-02,-3.025370898292771837e-01,1.443613355834921785e-01,9.920942510544737691e-02,1.864526191834219859e-01,-1.318576750873545755e-01,7.944489371067339767e-02,3.746820012406568146e-01,-3.880932360054229480e-01,2.106078046543713167e-01,-6.780590366892316756e-02,2.192235937594870232e-01,4.329064307634283848e-01,-2.226708547200787203e-01,2.454081548410500246e-01,-9.011172971830330725e-02,9.599485381371480885e-02,2.192462463578260523e-01,1.696684131590085187e-01,1.845109996745327163e-01,5.812381429142030598e-01,-1.604576543555669421e-01,2.486906687814740002e-01,2.485560152124284897e-02,2.425996713070304456e-01,9.082498657624794858e-02,3.904192656378877024e-01,-9.600270515918251091e-01,-5.793863453914608469e-02,4.107667367403684544e-01,2.899406642026505776e-01,-7.721641160502625001e-02,3.797062805554842213e-01,2.125656987974470363e-02,-4.061512889285011640e-01,1.330337966458237410e-02,1.089806612125964053e-01,-6.805567834198328336e-02,1.325356040025226223e-01,-2.006803713087314811e-01,-6.539692952401854331e-02,2.624395222708912900e-01,5.228208408814057906e-01,-2.645411081109786955e-01,2.254897995619808138e-01,-1.439605124075282183e-01,4.427726140384695697e-01,2.044977779331779433e-01,4.740063202705622203e-01,3.364643502811524578e-01,-1.522608099849838970e-01,-2.835989363372845573e-01,-8.448107644645329317e-02
0.000000000000000000e+00,0.000000000000000000e+00,0.000000000000000000e+00,0.000000000000000000e+00,0.000000000000000000e+00,0.000000000000000000e+00,0.000000000000000000e+00,0.000000000000000000e+00,0.000000000000000000e+00,0.000000000000000000e+00,0.000000000000000000e+00,0.000000000000000000e+00,0.000000000000000000e+00,0.000000000000000000e+00,0.000000000000000000e+00,0.000000000000000000e+00,0.000000000000000000e+00,0.000000000000000000e+00,0.000000000000000000e+00,0.000000000000000000e+00,0.000000000000000000e+00,0.000000000000000000e+00,0.000000000000000000e+00,0.000000000000000000e+00,0.000000000000000000e+00,0.000000000000000000e+00,0.000000000000000000e+00,0.000000000000000000e+00,0.000000000000000000e+00,0.000000000000000000e+00,0.000000000000000000e+00,0.000000000000000000e+00,0.000000000000000000e+00,1.000000000000000000e+00,2.584655912776465114e-01,8.154668209157901471e-01,3.317241484879110674e-03,-2.281257988078954912e-01,2.653039613654663009e-01,4.558230704073907430e-02,6.152158876251933028e-01,2.668701351324279658e-01,4.111971997228605069e-01,1.656882706778225467e-01,3.426709138261978538e-01,1.644634686894085041e-01,2.279115734703876517e-01,6.131346765665806470e-02,-1.751330686980198947e-01,1.823297841966422805e-01,2.727107489360281467e-01,1.152896249416560971e-02,-3.965600159356566512e-01,1.964050258654647940e-01,4.503973833068266042e-01,2.256434766282661708e-01,1.008525910677567639e-01,8.147407904510212129e-03,-6.040773858448427180e-01,4.249053505428495026e-01,-1.697897699934065863e-02,3.149488984998903840e-01,1.796787204479538824e-01,8.465280076389547492e-02,-6.541511102662352084e-02,2.817927839379245625e-01,1.887233404178524365e-01,1.030354606358805936e-01,-5.003138111295249435e-02,2.425704373737342656e-01,3.920899451624452747e-01,2.353032128486065577e-01,2.984346502178075178e-01,3.091600826831502058e-01,4.911304678267395252e-01,1.899767730978285107e-01,3.290195620578078572e-01,2.923238693017091716e-01,-1.125282558726339588e-01,2.862240456370859221e-01,-6.093330856929165540e-01,6.298347044569094222e-02,2.647796420876457058e-01,4.799316307278683191e-01,3.938844342452311742e-01,3.772036790824619956e-01,-2.692172987096595471e-01,2.669237501091726861e-01,1.702499308953780710e-01,3.279795423727870363e-01,7.306998640216039176e-01,2.896751414373541778e-01,-3.138042814063354280e-01,5.840981738517450061e-01,1.930104728996963614e-01,6.424394482796630390e-01,2.024314894207007720e-01,3.998387364170741809e-01,8.509554392880275264e-02,4.370703093539741180e-01
0.000000000000000000e+00,0.000000000000000000e+00,0.000000000000000000e+00,0.000000000000000000e+00,0.000000000000000000e+00,0.000000000000000000e+00,0.000000000000000000e+00,0.000000000000000000e+00,0.000000000000000000e+00,0.000000000000000000e+00,0.000000000000000000e+00,0.000000000000000000e+00,0.000000000000000000e+00,0.000000000000000000e+00,0.000000000000000000e+00,0.000000000000000000e+00,0.000000000000000000e+00,0.000000000000000000e+00,0.000000000000000000e+00,0.000000000000000000e+00,0.000000000000000000e+00,0.000000000000000000e+00,0.000000000000000000e+00,0.000000000000000000e+00,0.000000000000000000e+00,0.000000000000000000e+00,0.000000000000000000e+00,0.000000000000000000e+00,0.000000000000000000e+00,0.000000000000000000e+00,0.000000000000000000e+00,0.000000000000000000e+00,0.000000000000000000e+00,0.000000000000000000e+00,1.000000000000000000e+00,1.444637671942354262e-01,1.000000000000000000e+00,2.157308311662557987e-01,5.623267426826031867e-01,-1.778350787038480985e-01,1.000000000000000000e+00,8.528930897391647781e-01,6.066444462785373082e-01,5.235468353186703006e-01,2.694199820545211538e-02,7.745877441100363914e-01,3.516824147501900755e-01,-5.798978847047998597e-01,-7.830936577732794390e-01,2.905370206321675197e-01,8.960617389298209945e-01,6.167949683151220386e-01,-1.715033334874308535e-01,8.457824282905265778e-02,1.000000000000000000e+00,-8.090356454536269393e-01,7.212541294427772254e-01,2.147609711818249112e-02,5.341193287338713569e-02,9.342668679471000104e-01,-7.828432883299685230e-01,5.266119145123524525e-01,-5.171043796058064634e-01,1.195843553866767113e-02,5.184477784209020612e-01,1.000000000000000000e+00,8.869425400696315798e-01,8.029214429231136263e-01,-2.217331662027968442e-01,4.899225623216547643e-01,3.678664344459212643e-01,4.466751761079940097e-01,2.243495933559133959e-01,9.314522135469827102e-01,-2.913992628893298242e-01,-6.142976532905794484e-02,6.294771535912151439e-01,6.966668208994262201e-01,3.042684450246240235e-01,2.561533107347154781e-01,-4.055172591007614735e-01,-8.936782094162132317e-01,1.000000000000000000e+00,4.527062815496045722e-01,1.807076378624931090e-01,3.000961877512022813e-01,-9.675059885476529342e-02,-1.274921640427914005e-01,6.475118868047563536e-01,1.000000000000000000e+00,-3.386097677956047547e-01,3.864682749043984455e-01,-4.422164793701756080e-01,7.633439255901923737e-01,3.416065835379794580e-01,4.798946174218423621e-01,7.050942112800290262e-01,5.463021194134155545e-01,-5.722918000535570648e-01,3.734746971924818859e-01
0.000000000000000000e+00,0.000000000000000000e+00,0.000000000000000000e+00,0.000000000000000000e+00,0.000000000000000000e+00,0.000000000000000000e+00,0.000000000000000000e+00,0.000000000000000000e+00,0.000000000000000000e+00,0.000000000000000000e+00,0.000000000000000000e+00,0.000000000000000000e+00,0.000000000000000000e+00,0.000000000000000000e+00,0.000000000000000000e+00,0.000000000000000000e+00,0.000000000000000000e+00,0.000000000000000000e+00,0.000000000000000000e+00,0.000000000000000000e+00,0.000000000000000000e+00,0.000000000000000000e+00,0.000000000000000000e+00,0.000000000000000000e+00,0.000000000000000000e+00,0.000000000000000000e+00,0.000000000000000000e+00,0.000000000000000000e+00,0.000000000000000000e+00,0.000000000000000000e+00,0.000000000000000000e+00,0.000000000000000000e+00,0.000000000000000000e+00,0.000000000000000000e+00,0.000000000000000000e+00,1.000000000000000000e+00,-2.174151521984571123e-01,-5.958261268141801237e-01,-1.006869258016836743e-01,8.936620394852246019e-02,1.195101767626407241e-01,2.354589190381514013e-02,3.244599029116628230e-01,4.130740944471683607e-02,2.746463153850386973e-01,3.141321287986485744e-02,2.755934154758219456e-01,9.862232058411633806e-02,7.903443516820191084e-02,1.758675797735260726e-01,7.133702532424333886e-02,-5.304064513893388955e-02,-1.855758871429188106e-01,2.791328485953538663e-01,1.281966957959447262e-01,3.896341227511296301e-01,-1.088068802967585014e-01,-1.933732566501555339e-01,-1.838387133371862658e-01,2.222204071093146771e-01,1.517102276036477460e-01,2.303987001611925989e-01,3.478458648925328855e-01,1.078693821760276922e-01,-1.940867523713624421e-01,4.656668317616800140e-02,-2.942964531544553508e-02,2.067048836035295309e-02,-2.910797979518528478e-02,2.070345630061455056e-01,2.557384387106536594e-01,1.395572128483443808e-01,2.948316848383845112e-01,7.781841613813404723e-02,4.710448211177062916e-01,2.754814406002044636e-01,2.869381650679030948e-01,1.438314226301635745e-01,-1.807967204944798401e-01,2.651088266052790687e-01,-4.083000533975194024e-01,2.770372909706769193e-01,-6.946420731380943681e-02,4.499785395148231948e-01,1.601143801978262282e-01,3.571384687275763747e-01,-8.792912081917407530e-02,2.404735500058612085e-01,9.342251363624319571e-02,4.528145982957996335e-02,6.007168848701199826e-01,1.644235114516509333e-01,-3.932411369691033998e-01,7.987674370739293594e-02,1.821702704720007671e-01,3.850152183376189807e-01,6.617712526975635945e-02,3.202466426611881856e-01,4.456644047209460946e-01,5.783776775861898187e-03
0.000000000000000000e+00,0.000000000000000000e+00,0.000000000000000000e+00,0.000000000000000000e+00,0.000000000000000000e+00,0.000000000000000000e+00,0.000000000000000000e+00,0.000000000000000000e+00,0.000000000000000000e+00,0.000000000000000000e+00,0.000000000000000000e+00,0.000000000000000000e+00,0.000000000000000000e+00,0.000000000000000000e+00,0.000000000000000000e+00,0.000000000000000000e+00,0.000000000000000000e+00,0.000000000000000000e+00,0.000000000000000000e+00,0.000000000000000000e+00,0.000000000000000000e+00,0.000000000000000000e+00,0.000000000000000000e+00,0.000000000000000000e+00,0.000000000000000000e+00,0.000000000000000000e+00,0.000000000000000000e+00,0.000000000000000000e+00,0.000000000000000000e+00,0.000000000000000000e+00,0.000000000000000000e+00,0.000000000000000000e+00,0.000000000000000000e+00,0.000000000000000000e+00,0.000000000000000000e+00,0.000000000000000000e+00,1.000000000000000000e+00,3.466022810680852717e-01,1.979333214022116205e-01,-2.455048578082874577e-01,4.779156646084162241e-01,3.964739457807973100e-01,7.857585056788783662e-02,7.693224373259167914e-02,-3.036025152422319739e-01,3.286963120502776614e-01,7.386180355651185414e-02,-3.571541380804889032e-01,-3.171194711842065250e-01,1.495984304598044212e-01,5.388767169931918399e-01,4.210437780304129296e-01,3.562233815200356868e-01,1.799976218612558410e-01,5.428189988724287929e-01,-5.978701642879572509e-01,6.709374031217416046e-02,7.546815399894073184e-02,4.086983922251771206e-01,2.960296520837389367e-01,-3.673389009244724113e-01,2.313892128930176151e-01,-4.813840671103271629e-01,-6.325161012221960921e-02,4.342823023635830060e-01,5.004332004041424087e-01,5.556518058409799510e-01,1.670438144484345244e-01,-4.335763974977030477e-02,1.942619505886631348e-01,-1.862370173372279725e-01,9.548480267772985197e-02,6.440644947388493580e-02,3.274798396629409192e-01,2.142397429952519472e-02,-1.148189048367792980e-01,2.603463825059739722e-01,9.850566861028903221e-02,4.397902116313557874e-01,1.030935621532235065e-02,1.404303598710112400e-01,-5.946131270295366145e-01,4.942174182004177019e-01,6.225540383491021817e-02,-2.708550290042898712e-01,1.313426975602002000e-01,1.331784098019953566e-01,-2.684729084326804016e-01,3.001878386766771989e-01,5.804520694074558618e-01,-6.054102397766286670e-01,-1.765047891629536736e-01,-1.716602875263399386e-01,4.519762711964125934e-02,7.158508166585018928e-02,4.206866376709998689e-02,1.906930490347719387e-01,2.334230159917275726e-01,-4.182201693249507080e-01,3.397126091743251641e-01
0.000000000000000000e+00,0.000000000000000000e+00,0.000000000000000000e+00,0.000000000000000000e+00,0.000000000000000000e+00,0.000000000000000000e+00,0.000000000000000000e+00,0.000000000000000000e+00,0.000000000000000000e+00,0.000000000000000000e+00,0.000000000000000000e+00,0.000000000000000000e+00,0.000000000000000000e+00,0.000000000000000000e+00,0.000000000000000000e+00,0.000000000000000000e+00,0.000000000000000000e+00,0.000000000000000000e+00,0.000000000000000000e+00,0.000000000000000000e+00,0.000000000000000000e+00,0.000000000000000000e+00,0.000000000000000000e+00,0.000000000000000000e+00,0.000000000000000000e+00,0.000000000000000000e+00,0.000000000000000000e+00,0.000000000000000000e+00,0.000000000000000000e+00,0.000000000000000000e+00,0.000000000000000000e+00,0.000000000000000000e+00,0.000000000000000000e+00,0.000000000000000000e+00,0.000000000000000000e+00,0.000000000000000000e+00,0.000000000000000000e+00,1.000000000000000000e+00,2.844807156112645896e-01,3.597031791231566217e-02,3.602595955675873957e-02,1.354525708633230185e-01,-3.545457538637036277e-01,3.762288319188172164e-02,-2.254704976045843745e-01,-1.181076281713681897e-01,-5.091833571774738720e-01,-1.719624297239714106e-01,-1.091168198414997903e-01,-2.162646641817674298e-01,1.275752474703283242e-02,3.201598282422711550e-02,1.079512154741674584e-01,-4.518622345767872583e-01,-3.849580505899323490e-02,-3.313670957802768435e-01,2.215948056966212942e-01,4.732362109319125376e-01,-7.605330728521990380e-02,-1.779850468999175650e-01,-1.858638568234328992e-01,-3.265870422128491768e-01,-3.711411767391837868e-01,-1.086659541657136879e-01,1.128797027824787330e-01,5.109472729821804005e-02,6.429396564442488304e-02,-1.584045800870854115e-01,1.552345018442201352e-01,-3.515013794842897221e-01,-2.707079766411635835e-01,-1.600125355722095133e-01,-3.210068568698057345e-01,4.103083748702282887e-03,6.644096082627924671e-02,-4.276266909833535967e-01,-4.176724869025066900e-01,-1.547453190307341020e-01,4.821096199452287179e-01,-4.693302315328509722e-01,2.093813403107886717e-01,-2.010024256031156531e-01,3.454005047356001890e-01,-5.151017323327823361e-01,6.472097687291812618e-02,-3.871349385284146294e-01,5.206802032133390958e-04,-2.234107635299375505e-01,-9.605529096547896217e-02,-8.010940067321128955e-02,-2.648542875556504916e-01,-7.045392399872495159e-02,6.308857855708097651e-01,1.615691534397926954e-01,-3.258061598404365378e-01,-3.257459049596960754e-01,-1.645772535528760572e-01,-1.814183168843455096e-01,-6.564879883714836994e-01,2.712417892806004982e-01
0.000000000000000000e+00,0.000000000000000000e+00,0.000000000000000000e+00,0.000000000000000000e+00,0.000000000000000000e+00,0.000000000000000000e+00,0.000000000000000000e+00,0.000000000000000000e+00,0.000000000000000000e+00,0.000000000000000000e+00,0.000000000000000000e+00,0.000000000000000000e+00,0.000000000000000000e+00,0.000000000000000000e+00,0.000000000000000000e+00,0.000000000000000000e+00,0.000000000000000000e+00,0.000000000000000000e+00,0.000000000000000000e+00,0.000000000000000000e+00,0.000000000000000000e+00,0.000000000000000000e+00,0.000000000000000000e+00,0.000000000000000000e+00,0.000000000000000000e+00,0.000000000000000000e+00,0.000000000000000000e+00,0.000000000000000000e+00,0.000000000000000000e+00,0.000000000000000000e+00,0.000000000000000000e+00,0.000000000000000000e+00,0.000000000000000000e+00,0.000000000000000000e+00,0.000000000000000000e+00,0.000000000000000000e+00,0.000000000000000000e+00,0.000000000000000000e+00,1.000000000000000000e+00,-5.157300437003573546e-01,8.821465430218565773e-01,2.592019915333039770e-01,1.145212789691315153e-01,-3.339863781769594753e-01,-1.633525235013579685e-02,1.058453213701844170e-01,-3.289601102241553748e-02,2.222509595097192370e-01,-7.375828795307940444e-01,-2.454621243781676676e-01,6.740632717611464431e-01,3.550358532012276580e-01,-4.135415061593696873e-01,-3.619039256130609367e-02,5.542697928916362482e-01,-5.516652474992912447e-01,7.342725738535792468e-01,6.800837394707807959e-02,-1.000000000000000000e+00,1.551449781191393817e-01,1.136445550697325751e-01,1.689183265716394933e-01,-4.872263356566254866e-01,-3.246691017699739334e-01,6.844767302470631254e-01,5.332695336264897668e-01,6.873670034030587850e-01,3.310211638064223805e-01,-2.642236314456863910e-01,-2.048896464888892155e-01,4.131296027701041318e-01,2.040280420229293179e-01,-3.397773546037771708e-01,6.240841938924843735e-01,-4.276309928965225660e-01,-3.438306719449907289e-01,-9.571006963225214825e-02,2.593036434165029158e-01,-1.158537396911809431e-01,2.012107817774594631e-01,6.363660787135347503e-03,-8.842583158691159628e-01,8.500656127649885985e-01,8.539352836356553511e-02,9.393834729695614838e-01,-3.636906406841159956e-01,-2.611283321128114454e-01,9.694239930190588772e-02,1.180142450373194568e-01,7.057580735205144506e-01,-1.472120030390834111e-01,-1.998657963539473281e-01,1.702555126644764438e-01,6.286717975291743477e-01,7.929982749520821106e-02,5.733488027335462700e-01,1.954437390234745053e-01,1.477325013337948134e-01,-4.283856036267236211e-01,9.801088552666726850e-01
0.000000000000000000e+00,0.000000000000000000e+00,0.000000000000000000e+00,0.000000000000000000e+00,0.000000000000000000e+00,0.000000000000000000e+00,0.000000000000000000e+00,0.000000000000000000e+00,0.000000000000000000e+00,0.000000000000000000e+00,0.000000000000000000e+00,0.000000000000000000e+00,0.000000000000000000e+00,0.000000000000000000e+00,0.000000000000000000e+00,0.000000000000000000e+00,0.000000000000000000e+00,0.000000000000000000e+00,0.000000000000000000e+00,0.000000000000000000e+00,0.000000000000000000e+00,0.000000000000000000e+00,0.000000000000000000e+00,0.000000000000000000e+00,0.000000000000000000e+00,0.000000000000000000e+00,0.000000000000000000e+00,0.000000000000000000e+00,0.000000000000000000e+00,0.000000000000000000e+00,0.000000000000000000e+00,0.000000000000000000e+00,0.000000000000000000e+00,0.000000000000000000e+00,0.000000000000000000e+00,0.000000000000000000e+00,0.000000000000000000e+00,0.000000000000000000e+00,0.000000000000000000e+00,1.000000000000000000e+00,1.774313130768930546e-01,-1.341207207808377266e-01,1.033939288555221492e-01,2.992696501943123422e-01,3.030508072441143730e-01,9.948054567494431233e-03,-1.782478809827014662e-02,3.209208413358736189e-01,1.217317807258163076e-01,1.156465383202569530e-01,-6.610458751927304755e-02,5.330314458032048112e-03,3.207194769854464222e-02,3.035371176280775574e-01,-1.306478600455483752e-01,4.194411058730467823e-01,1.057537002176443391e-01,-2.460556151262143776e-01,3.233647905002973166e-01,-1.907762547357146760e-02,1.894678207217019017e-01,1.551956670216458056e-01,1.361469129907708353e-01,1.795665998118469234e-02,-6.885701303966212938e-02,1.067806818506862078e-02,-1.645346829383447229e-01,7.066497156996477680e-02,7.056960720924821719e-04,-9.463652404936277740e-02,1.429305442933104797e-01,-2.570550641978183171e-01,1.285368298887441252e-01,-9.636978958126414530e-02,5.033461181773019044e-01,3.580687221406684828e-01,1.540672538538257752e-01,1.163820443872083804e-01,-1.326167578151330739e-01,5.685516699213803878e-03,-8.898940799075553271e-03,1.907778204465137573e-01,-1.698253215481851375e-01,1.192082659107769615e-01,-2.634664385654772456e-02,1.352797342073280285e-01,1.314741817299973914e-01,2.684593213936408707e-01,-5.958718365113380155e-02,-3.458706213978561261e-01,3.104379616201642378e-01,-1.180826677993127433e-01,-1.348531613407658036e-01,2.074304490851059946e-01,4.726511804123444821e-02,-9.891143540745502005e-02,4.589660345902996097e-02,2.310255070453278714e-01,1.232436235901220555e-02,5.165049835577092963e-02
0.000000000000000000e+00,0.000000000000000000e+00,0.000000000000000000e+00,0.000000000000000000e+00,0.000000000000000000e+00,0.000000000000000000e+00,0.000000000000000000e+00,0.000000000000000000e+00,0.000000000000000000e+00,0.000000000000000000e+00,0.000000000000000000e+00,0.000000000000000000e+00,0.000000000000000000e+00,0.000000000000000000e+00,0.000000000000000000e+00,0.000000000000000000e+00,0.000000000000000000e+00,0.000000000000000000e+00,0.000000000000000000e+00,0.000000000000000000e+00,0.000000000000000000e+00,0.000000000000000000e+00,0.000000000000000000e+00,0.000000000000000000e+00,0.000000000000000000e+00,0.000000000000000000e+00,0.000000000000000000e+00,0.000000000000000000e+00,0.000000000000000000e+00,0.000000000000000000e+00,0.000000000000000000e+00,0.000000000000000000e+00,0.000000000000000000e+00,0.000000000000000000e+00,0.000000000000000000e+00,0.000000000000000000e+00,0.000000000000000000e+00,0.000000000000000000e+00,0.000000000000000000e+00,0.000000000000000000e+00,1.000000000000000000e+00,2.122219957038631866e-01,2.759951643605193516e-01,1.367308831096761823e-01,6.502356410948656462e-02,1.576392103934353695e-01,4.856182476246689167e-02,-8.314933948622786619e-02,-2.968758787625527806e-01,1.090538288174742187e-01,3.895475785455499995e-01,4.441517943318494255e-01,-2.753337688350787280e-02,1.692391447343205846e-01,6.601262893712779301e-01,-1.530624898822528224e-01,3.036953000170153905e-01,-1.265850765848575421e-01,-2.227350302916295821e-01,2.240811494561925910e-01,-3.203979322923655726e-01,2.344569889549025232e-01,-2.412581947400639637e-01,-8.923071079479123757e-02,4.095168148769069427e-01,4.567286651402380770e-01,3.484803106154166219e-01,1.813092285892446975e-01,-1.296406975792758764e-01,3.096566830934216474e-02,2.279295779558737911e-01,5.861657869160290767e-03,5.742017105883710781e-02,2.502740545984740717e-01,1.468775674426051059e-01,1.847689325382042558e-01,2.377528769680347376e-01,2.457201069024562423e-01,-9.758105378586134915e-02,1.510472141029498838e-01,-2.591892995120623905e-02,-3.233242244125772435e-01,3.620083084929512918e-01,1.668959244201513870e-01,2.953385072787543253e-01,4.039066532377303537e-02,4.439592614807449933e-02,1.166020519485914120e-01,1.280730026238123820e-01,3.645928815914398768e-01,-9.012640808266123016e-02,-2.678701139596855949e-02,-2.898030621092425596e-01,3.898734449238048239e-01,1.679447042092996056e-01,1.214085158755004307e-01,2.448372240497733443e-01,4.203070887557850410e-01,1.081754226492188074e-02,2.091905704173587510e-01
0.000000000000000000e+00,0.000000000000000000e+00,0.000000000000000000e+00,0.000000000000000000e+00,0.000000000000000000e+00,0.000000000000000000e+00,0.000000000000000000e+00,0.000000000000000000e+00,0.000000000000000000e+00,0.000000000000000000e+00,0.000000000000000000e+00,0.000000000000000000e+00,0.000000000000000000e+00,0.000000000000000000e+00,0.000000000000000000e+00,0.000000000000000000e+00,0.000000000000000000e+00,0.000000000000000000e+00,0.000000000000000000e+00,0.000000000000000000e+00,0.000000000000000000e+00,0.000000000000000000e+00,0.000000000000000000e+00,0.000000000000000000e+00,0.000000000000000000e+00,0.000000000000000000e+00,0.000000000000000000e+00,0.000000000000000000e+00,0.000000000000000000e+00,0.000000000000000000e+00,0.000000000000000000e+00,0.000000000000000000e+00,0.000000000000000000e+00,0.000000000000000000e+00,0.000000000000000000e+00,0.000000000000000000e+00,0.000000000000000000e+00,0.000000000000000000e+00,0.000000000000000000e+00,0.000000000000000000e+00,0.000000000000000000e+00,1.000000000000000000e+00,2.923527319129933799e-01,7.488062724385520230e-01,-2.465504635664217403e-02,5.894929645945384822e-01,5.222011716464546732e-02,-6.458543921731921822e-01,-3.715612951964191168e-01,3.421843247451540337e-01,5.305803865631248950e-01,3.780577046698063715e-01,3.690373627512054302e-03,-2.167761934585295258e-01,1.000000000000000000e+00,-6.650412525661337781e-01,1.011371089454358579e-01,6.157460719127633153e-01,4.146212454916400336e-01,9.498877098750216907e-01,-8.570276494652333543e-01,2.149563785404803862e-01,-1.399431926337233179e-01,3.828554711521875986e-01,-9.046104102392082957e-02,5.559472393880802166e-01,5.426140402318753164e-01,5.195245064224335296e-01,1.673375249970732448e-01,4.750022077332343717e-01,-2.707907434168279615e-01,5.657913278921694600e-01,4.503371887979128463e-01,7.479338755541171668e-01,-3.562676510510983524e-02,-4.206451125189795137e-01,5.886979050632062949e-01,3.578667831373950059e-01,9.473714292025461337e-01,1.283616122596103193e-01,-5.620359203664510028e-01,-2.987196719998190808e-01,6.716524952557447747e-01,1.546496262803656874e-01,-1.637664145410152317e-01,4.538727805046507968e-01,-3.816003501779987594e-01,-4.139531249829588311e-01,6.297383600658765790e-01,9.930291913206832355e-01,2.005128189950498852e-01,7.347119078351092014e-01,1.374106388313185989e-01,9.539553054628883144e-01,8.174486446255967154e-02,6.317903646443913113e-01,2.681197062003489173e-01,1.385916790118117137e-01,-5.908031276506060525e-01,2.965075834045706182e-01
0.000000000000000000e+00,0.000000000000000000e+00,0.000000000000000000e+00,0.000000000000000000e+00,0.000000000000000000e+00,0.000000000000000000e+00,0.000000000000000000e+00,0.000000000000000000e+00,0.000000000000000000e+00,0.000000000000000000e+00,0.000000000000000000e+00,0.000000000000000000e+00,0.000000000000000000e+00,0.000000000000000000e+00,0.000000000000000000e+00,0.000000000000000000e+00,0.000000000000000000e+00,0.000000000000000000e+00,0.000000000000000000e+00,0.000000000000000000e+00,0.000000000000000000e+00,0.000000000000000000e+00,0.000000000000000000e+00,0.000000000000000000e+00,0.000000000000000000e+00,0.000000000000000000e+00,0.000000000000000000e+00,0.000000000000000000e+00,0.000000000000000000e+00,0.000000000000000000e+00,0.000000000000000000e+00,0.000000000000000000e+00,0.000000000000000000e+00,0.000000000000000000e+00,0.000000000000000000e+00,0.000000000000000000e+00,0.000000000000000000e+00,0.000000000000000000e+00,0.000000000000000000e+00,0.000000000000000000e+00,0.000000000000000000e+00,0.000000000000000000e+00,1.000000000000000000e+00,4.394740362136322909e-01,5.266994880216562258e-01,7.223713269748464061e-01,9.616456414310370349e-01,3.590365244000742195e-01,-4.188591759311839358e-01,5.273690816052464259e-01,5.793271551069543168e-01,3.736120582175727067e-01,-3.432673859962453444e-01,1.000000000000000000e+00,8.477697117818284722e-01,2.335094406819673563e-01,2.669485877244541228e-01,-7.920297729793891461e-01,1.387933982073290828e-01,8.729787823766685939e-01,1.990869844453754256e-01,9.459265914865029323e-01,2.442619306003280255e-01,7.065120259163208682e-02,3.064550220215434551e-01,6.935926340681892732e-01,4.480543661884123230e-01,7.570022151156352574e-01,-4.285822660797768413e-01,7.109960693873779158e-01,8.585231461900407757e-01,3.599838508513598656e-01,5.627339464286483794e-01,6.798569972234421721e-01,5.272428951277985387e-02,7.364659095255752241e-01,1.000000000000000000e+00,7.380690207421783944e-01,-5.968119828666454962e-01,9.065280262020121160e-01,-5.515468481106545751e-01,-3.868610695782796483e-01,2.204094956849240727e-01,1.000000000000000000e+00,2.545792628425397330e-01,9.338702902854487675e-01,-1.353946396864255386e-01,4.767240224741782773e-01,4.927743998918155399e-01,8.039617697823855380e-01,5.216683258452775585e-01,1.288879929163299909e-01,-1.000000000000000000e+00,5.401459691858127021e-01,7.161192344547981925e-01,1.000000000000000000e+00,7.270850096844233557e-01,7.114481010040859532e-01,3.298326611526556928e-01,4.277174352863828410e-01
0.000000000000000000e+00,0.000000000000000000e+00,0.000000000000000000e+00,0.000000000000000000e+00,0.000000000000000000e+00,0.000000000000000000e+00,0.000000000000000000e+00,0.000000000000000000e+00,0.000000000000000000e+00,0.000000000000000000e+00,0.000000000000000000e+00,0.000000000000000000e+00,0.000000000000000000e+00,0.000000000000000000e+00,0.000000000000000000e+00,0.000000000000000000e+00,0.000000000000000000e+00,0.000000000000000000e+00,0.000000000000000000e+00,0.000000000000000000e+00,0.000000000000000000e+00,0.000000000000000000e+00,0.000000000000000000e+00,0.000000000000000000e+00,0.000000000000000000e+00,0.000000000000000000e+00,0.000000000000000000e+00,0.000000000000000000e+00,0.000000000000000000e+00,0.000000000000000000e+00,0.000000000000000000e+00,0.000000000000000000e+00,0.000000000000000000e+00,0.000000000000000000e+00,0.000000000000000000e+00,0.000000000000000000e+00,0.000000000000000000e+00,0.000000000000000000e+00,0.000000000000000000e+00,0.000000000000000000e+00,0.000000000000000000e+00,0.000000000000000000e+00,0.000000000000000000e+00,1.000000000000000000e+00,3.031689089337128440e-01,4.197507324146353969e-01,1.208702517577691926e-01,-2.222832338176321948e-02,1.041330858175758267e-01,3.612377016897978521e-01,-2.110603798031766010e-01,2.362138114115092981e-03,-1.434116119021408391e-02,1.525367664179994552e-02,1.446774735196760531e-01,8.890388531360994551e-02,-1.132050267745210864e-01,1.628637879802000421e-01,1.000000000000000000e+00,5.938389684541298674e-01,-2.728891892953014819e-01,1.309990101922060279e-01,3.334961586672753886e-01,4.507895338879004954e-01,-3.963856213682583340e-01,-3.744872860781873342e-02,-2.544151016451818292e-01,4.417257586019415760e-01,1.534423226776723548e-01,3.364048336092701486e-01,-1.649227487598261821e-01,1.559267996717915994e-01,4.502085789328970633e-01,2.260719850551143328e-01,-7.287957323809061971e-02,4.988000582488941875e-02,6.264254705921035171e-01,2.508994860605971988e-01,3.958771757131167024e-01,1.618430174772285124e-01,-3.593806260973387290e-01,2.167621693701245189e-01,-2.571181833718148568e-01,1.312766788729357870e-01,-4.556076241935425597e-01,5.565316658456838095e-01,-2.695437990553605223e-01,-9.800446032763755755e-02,2.828879690038421657e-01,1.046719351059411246e-01,4.313807727356063770e-01,6.043687539346125348e-01,4.249062706935285982e-02,7.005455581610035010e-01,7.774949626924278212e-02,3.116941886021846186e-01,1.788253040168478747e-01,-1.246245027610306810e-01,-3.164983257902551084e-01,-2.056261289988817187e-01
0.000000000000000000e+00,0.000000000000000000e+00,0.000000000000000000e+00,0.000000000000000000e+00,0.000000000000000000e+00,0.000000000000000000e+00,0.000000000000000000e+00,0.000000000000000000e+00,0.000000000000000000e+00,0.000000000000000000e+00,0.000000000000000000e+00,0.000000000000000000e+00,0.000000000000000000e+00,0.000000000000000000e+00,0.000000000000000000e+00,0.000000000000000000e+00,0.000000000000000000e+00,0.000000000000000000e+00,0.000000000000000000e+00,0.000000000000000000e+00,0.000000000000000000e+00,0.000000000000000000e+00,0.000000000000000000e+00,0.000000000000000000e+00,0.000000000000000000e+00,0.000000000000000000e+00,0.000000000000000000e+00,0.000000000000000000e+00,0.000000000000000000e+00,0.000000000000000000e+00,0.000000000000000000e+00,0.000000000000000000e+00,0.000000000000000000e+00,0.000000000000000000e+00,0.000000000000000000e+00,0.000000000000000000e+00,0.000000000000000000e+00,0.000000000000000000e+00,0.000000000000000000e+00,0.000000000000000000e+00,0.000000000000000000e+00,0.000000000000000000e+00,0.000000000000000000e+00,0.000000000000000000e+00,1.000000000000000000e+00,2.987303322610800338e-01,4.813374788656957226e-01,7.734126969132677498e-01,-5.613170246104413202e-02,1.311921861231643005e-01,-1.620066759581379606e-02,-5.256791042357992216e-01,-7.007079838129129934e-01,1.603498326660366957e-01,2.315966878787447183e-02,6.654635489759362921e-01,4.410273287643521334e-01,-3.304510525257128850e-01,-5.180615185212463780e-01,3.266498660351591643e-01,7.220237161186616737e-01,4.467898706010946519e-01,7.855164009173244422e-01,2.891365393096225200e-01,-7.510430551424239765e-01,-1.188138977729783913e-01,-2.259550958757739481e-01,6.019919107981195339e-01,-9.079173453367660185e-02,2.019871157171361509e-01,7.801378924452708752e-01,2.577516021249390832e-01,4.201746455976624883e-01,3.068094661449228266e-01,1.730230938259486734e-02,2.968159504868513876e-01,5.321584089365570813e-01,5.369026403445874562e-01,-3.270987021159711960e-01,4.585288894608284815e-01,-7.246771386052270891e-01,2.393427505034958769e-01,-1.030208434301309317e-01,7.137453785599198186e-01,2.514610494568127463e-01,5.456916287894439943e-01,-4.025462216985581931e-01,5.280285841553881143e-01,1.666970252973722089e-01,-1.270583151660017729e-01,1.000000000000000000e+00,3.604686612569684145e-01,-4.183079938206097498e-02,1.000000000000000000e+00,2.925086464634773509e-01,6.163539207207586745e-01,1.871295771140864261e-01,-1.069228543329183295e-01,1.073863037686982047e-01,3.709241548700232816e-01
0.000000000000000000e+00,0.000000000000000000e+00,0.000000000000000000e+00,0.000000000000000000e+00,0.000000000000000000e+00,0.000000000000000000e+00,0.000000000000000000e+00,0.000000000000000000e+00,0.000000000000000000e+00,0.000000000000000000e+00,0.000000000000000000e+00,0.000000000000000000e+00,0.000000000000000000e+00,0.000000000000000000e+00,0.000000000000000000e+00,0.000000000000000000e+00,0.000000000000000000e+00,0.000000000000000000e+00,0.000000000000000000e+00,0.000000000000000000e+00,0.000000000000000000e+00,0.000000000000000000e+00,0.000000000000000000e+00,0.000000000000000000e+00,0.000000000000000000e+00,0.000000000000000000e+00,0.000000000000000000e+00,0.000000000000000000e+00,0.000000000000000000e+00,0.000000000000000000e+00,0.000000000000000000e+00,0.000000000000000000e+00,0.000000000000000000e+00,0.000000000000000000e+00,0.000000000000000000e+00,0.000000000000000000e+00,0.000000000000000000e+00,0.000000000000000000e+00,0.000000000000000000e+00,0.000000000000000000e+00,0.000000000000000000e+00,0.000000000000000000e+00,0.000000000000000000e+00,0.000000000000000000e+00,0.000000000000000000e+00,1.000000000000000000e+00,7.533991462766020941e-01,1.702184962553929537e-01,-4.610632930053682466e-01,3.653827148293327665e-01,3.574232242327572417e-01,-3.582085066922199856e-02,-1.523969898687789482e-01,4.712429558968588283e-01,5.169842586789299421e-01,-3.707740106538723879e-01,2.687271286491527134e-01,-3.607804375222920523e-01,7.002566856649637961e-01,7.902048125696191638e-01,3.709536104050848576e-02,6.589831657332401171e-01,2.095976308397633561e-02,1.938869919008273934e-01,4.766824253179943044e-02,3.967904838025923531e-01,4.134266795453963028e-01,1.000000000000000000e+00,-2.833222118582404137e-01,7.387611730591953085e-01,3.315148409389380713e-01,4.756926338444816826e-01,4.047938407292216434e-01,6.589911629509470625e-01,-1.000000000000000000e+00,9.971048311985955537e-02,9.586230732083619310e-01,5.917565898325481966e-01,-4.444903073658957454e-02,6.220103417865787687e-01,-3.104030823922521720e-01,-6.671329397453154009e-01,9.331182666731359376e-02,6.881200872416993741e-01,-6.989400556390498176e-01,6.821108509294263600e-01,-2.185221448562275071e-01,-4.596114428593519458e-02,5.794019120654392285e-01,8.568585087917555132e-01,-1.863649567218061687e-01,2.368842040915174196e-01,-5.627706577842146451e-01,6.303191532410360454e-01,4.527194881219970268e-01,7.860725351670660999e-01,6.504889959210927719e-01,-2.462091439960514827e-01,-6.069407059053092413e-01,3.713582190546532158e-01
0.000000000000000000e+00,0.000000000000000000e+00,0.000000000000000000e+00,0.000000000000000000e+00,0.000000000000000000e+00,0.000000000000000000e+00,0.000000000000000000e+00,0.000000000000000000e+00,0.000000000000000000e+00,0.000000000000000000e+00,0.000000000000000000e+00,0.000000000000000000e+00,0.000000000000000000e+00,0.000000000000000000e+00,0.000000000000000000e+00,0.000000000000000000e+00,0.000000000000000000e+00,0.000000000000000000e+00,0.000000000000000000e+00,0.000000000000000000e+00,0.000000000000000000e+00,0.000000000000000000e+00,0.000000000000000000e+00,0.000000000000000000e+00,0.000000000000000000e+00,0.000000000000000000e+00,0.000000000000000000e+00,0.000000000000000000e+00,0.000000000000000000e+00,0.000000000000000000e+00,0.000000000000000000e+00,0.000000000000000000e+00,0.000000000000000000e+00,0.000000000000000000e+00,0.000000000000000000e+00,0.000000000000000000e+00,0.000000000000000000e+00,0.000000000000000000e+00,0.000000000000000000e+00,0.000000000000000000e+00,0.000000000000000000e+00,0.000000000000000000e+00,0.000000000000000000e+00,0.000000000000000000e+00,0.000000000000000000e+00,0.000000000000000000e+00,1.000000000000000000e+00,4.739321544300628131e-01,-2.900646861733424675e-01,2.235699890247034582e-01,2.213762228844005364e-01,-7.576312412009587882e-02,-2.560435017179014672e-01,6.312616073445359577e-01,1.869760948894290953e-01,-4.482028689005781302e-02,2.215449568901448063e-01,-6.570333108457254712e-01,4.041945206031534732e-01,4.552188555869629005e-01,6.805669725937724124e-01,6.574381538527998003e-01,3.140434291250531751e-01,4.682305464885035129e-02,-7.528450164969458999e-03,2.074097562539945760e-01,2.181867966910212842e-01,7.022216531783308513e-01,-3.721787682573088896e-01,5.895530861419118196e-01,5.933327970043696942e-01,3.961534081493788828e-01,2.430813613900453252e-01,5.118394641900443354e-01,-7.218772150867234227e-01,2.896681973769711926e-01,8.814171196541046305e-01,4.885473741240870527e-01,-4.149872332805749631e-01,6.687311758567298092e-01,-1.273223740220424671e-01,-4.761720262386276437e-01,6.654674924242394429e-02,9.254183503152242363e-01,-4.767391967251081303e-02,7.026057483295373718e-01,-1.121375018769129733e-01,1.634291990009829887e-01,3.825911978864294238e-01,5.276184847348972529e-01,-5.714728797717863462e-02,-5.104468718092062401e-02,-6.948663307562209512e-01,1.525415073800141519e-01,5.474228413669119941e-01,6.423448105767189942e-01,4.519030383252663485e-01,-1.151222368035042520e-01,1.248080734818450555e-01,2.261773409971211402e-01
0.000000000000000000e+00,0.000000000000000000e+00,0.000000000000000000e+00,0.000000000000000000e+00,0.000000000000000000e+00,0.000000000000000000e+00,0.000000000000000000e+00,0.000000000000000000e+00,0.000000000000000000e+00,0.000000000000000000e+00,0.000000000000000000e+00,0.000000000000000000e+00,0.000000000000000000e+00,0.000000000000000000e+00,0.000000000000000000e+00,0.000000000000000000e+00,0.000000000000000000e+00,0.000000000000000000e+00,0.000000000000000000e+00,0.000000000000000000e+00,0.000000000000000000e+00,0.000000000000000000e+00,0.000000000000000000e+00,0.000000000000000000e+00,0.000000000000000000e+00,0.000000000000000000e+00,0.000000000000000000e+00,0.000000000000000000e+00,0.000000000000000000e+00,0.000000000000000000e+00,0.000000000000000000e+00,0.000000000000000000e+00,0.000000000000000000e+00,0.000000000000000000e+00,0.000000000000000000e+00,0.000000000000000000e+00,0.000000000000000000e+00,0.000000000000000000e+00,0.000000000000000000e+00,0.000000000000000000e+00,0.000000000000000000e+00,0.000000000000000000e+00,0.000000000000000000e+00,0.000000000000000000e+00,0.000000000000000000e+00,0.000000000000000000e+00,0.000000000000000000e+00,1.000000000000000000e+00,-1.389290503761912432e-01,-3.226080176725092813e-02,3.466548735161132516e-02,-1.091525981523883693e-01,-2.805417816994753566e-01,5.300952647780445837e-01,-5.520820474418923762e-01,3.131943254259391130e-01,3.142074994915571295e-01,-5.352536834832034573e-01,-5.779174098290906780e-01,-3.156700326735979723e-02,9.733926751824143464e-01,3.552971966865502984e-01,3.367293716108465951e-01,-6.178961140177122169e-02,1.947472831510024469e-02,-1.242206807073294034e-01,-3.967938226373402683e-02,4.259481617881052951e-01,-2.546229691649068982e-01,-3.976855222886119950e-02,4.604678346247106369e-01,1.454129295545650812e-02,-1.658830249659395181e-03,2.180158632923480666e-01,-3.224373002436527469e-01,2.040514846943281557e-01,3.971982630896217503e-01,2.301371828376803652e-01,-4.667808160209221402e-01,4.692918544191377328e-01,8.869568618503688440e-02,-2.387754511551833658e-01,-1.734701836386020879e-01,4.647597839077968751e-01,3.357846382572477473e-01,2.156109144625115992e-01,-1.457070053206214189e-01,3.813884829591117076e-01,1.203305703589800137e-02,-5.833757144553652213e-02,2.941026743178336011e-01,-3.426838118587282045e-01,-1.478332865891739956e-01,4.020968407929175759e-01,2.644789568713689643e-01,5.061654532392091399e-01,7.937430464706783650e-02,-1.761562674866744838e-01,8.114306367046293655e-02,5.360612668061701669e-01
0.000000000000000000e+00,0.000000000000000000e+00,0.000000000000000000e+00,0.000000000000000000e+00,0.000000000000000000e+00,0.000000000000000000e+00,0.000000000000000000e+00,0.000000000000000000e+00,0.000000000000000000e+00,0.000000000000000000e+00,0.000000000000000000e+00,0.000000000000000000e+00,0.000000000000000000e+00,0.000000000000000000e+00,0.000000000000000000e+00,0.000000000000000000e+00,0.000000000000000000e+00,0.000000000000000000e+00,0.000000000000000000e+00,0.000000000000000000e+00,0.000000000000000000e+00,0.000000000000000000e+00,0.000000000000000000e+00,0.000000000000000000e+00,0.000000000000000000e+00,0.000000000000000000e+00,0.000000000000000000e+00,0.000000000000000000e+00,0.000000000000000000e+00,0.000000000000000000e+00,0.000000000000000000e+00,0.000000000000000000e+00,0.000000000000000000e+00,0.000000000000000000e+00,0.000000000000000000e+00,0.000000000000000000e+00,0.000000000000000000e+00,0.000000000000000000e+00,0.000000000000000000e+00,0.000000000000000000e+00,0.000000000000000000e+00,0.000000000000000000e+00,0.000000000000000000e+00,0.000000000000000000e+00,0.000000000000000000e+00,0.000000000000000000e+00,0.000000000000000000e+00,0.000000000000000000e+00,1.000000000000000000e+00,7.639020037487512238e-02,-9.209300955276465972e-01,-4.360897204121210735e-01,3.609298279205375715e-01,-2.943716951962191963e-01,-9.863179328974276405e-01,8.474302647286747758e-01,-1.000000000000000000e+00,3.691548910687171281e-01,1.000000000000000000e+00,-4.140854394198902888e-01,-1.260428647403127322e-01,-5.897453208355470933e-01,5.467604106889280002e-01,3.163744483511002348e-01,-8.086169430434960725e-01,-8.048024896001060302e-01,-9.736587081020681156e-01,-8.964565212432636931e-01,5.060494774692783082e-01,-1.715965830147248017e-01,-6.450320372181815864e-01,-3.794822151216192263e-01,1.874274911194268867e-01,-9.161579415718442698e-01,1.000000000000000000e+00,1.642668936964620519e-01,-4.239941984053072765e-01,-6.179279564679689418e-01,2.593099360577309498e-01,-5.132169476518652074e-01,-9.340425413130296062e-02,1.000000000000000000e+00,-9.854986817974699109e-01,-4.736298204822618207e-01,-5.279288131821372465e-01,6.029184185661043416e-02,1.247321117836726195e-01,-8.776313407662203470e-02,-4.326797229767881392e-01,-1.000000000000000000e+00,6.902323981802541697e-01,2.851087229753134222e-01,3.204866899245520928e-01,-7.085348862273042059e-01,-4.213515838954441928e-01,-6.471394661158110795e-01,-5.879439603664109448e-01,-6.945049474443734661e-02,5.490154313777457773e-01,-9.112099151382551110e-01
0.000000000000000000e+00,0.000000000000000000e+00,0.000000000000000000e+00,0.000000000000000000e+00,0.000000000000000000e+00,0.000000000000000000e+00,0.000000000000000000e+00,0.000000000000000000e+00,0.000000000000000000e+00,0.000000000000000000e+00,0.000000000000000000e+00,0.000000000000000000e+00,0.000000000000000000e+00,0.000000000000000000e+00,0.000000000000000000e+00,0.000000000000000000e+00,0.000000000000000000e+00,0.000000000000000000e+00,0.000000000000000000e+00,0.000000000000000000e+00,0.000000000000000000e+00,0.000000000000000000e+00,0.000000000000000000e+00,0.000000000000000000e+00,0.000000000000000000e+00,0.000000000000000000e+00,0.000000000000000000e+00,0.000000000000000000e+00,0.000000000000000000e+00,0.000000000000000000e+00,0.000000000000000000e+00,0.000000000000000000e+00,0.000000000000000000e+00,0.000000000000000000e+00,0.000000000000000000e+00,0.000000000000000000e+00,0.000000000000000000e+00,0.000000000000000000e+00,0.000000000000000000e+00,0.000000000000000000e+00,0.000000000000000000e+00,0.000000000000000000e+00,0.000000000000000000e+00,0.000000000000000000e+00,0.000000000000000000e+00,0.000000000000000000e+00,0.000000000000000000e+00,0.000000000000000000e+00,0.000000000000000000e+00,1.000000000000000000e+00,2.350500609331453994e-01,4.395389329018441482e-01,4.330583791322910048e-01,1.000000000000000000e+00,3.620662701395342964e-01,2.568204855065351344e-01,-8.368923008426211174e-01,-3.659860792293138654e-01,1.000000000000000000e+00,1.000000000000000000e+00,-6.009091482105245463e-01,8.907980209004559002e-01,1.933487142971422879e-01,4.870700847380843301e-01,1.251518872399096649e-01,3.394358455223311366e-01,1.332177987064315505e-01,3.599825147061958552e-01,-2.161145657528563968e-02,9.637885876502695348e-01,-2.432870632528775501e-01,1.570425606848105948e-01,1.000000000000000000e+00,1.892000801955505407e-01,4.718901168013631131e-01,8.635491158402263112e-01,1.000000000000000000e+00,3.285672415330546658e-01,6.029134336600024818e-02,8.277181149357237810e-01,-4.808936682426264153e-01,1.308853279077100140e-01,-6.531924364437206032e-01,7.809012793967684551e-01,-1.000000000000000000e+00,1.000000000000000000e+00,-5.526277850440963757e-02,1.001589161700950081e-01,5.229818225581409630e-01,5.489912745290370655e-01,3.128213027099049914e-01,3.034283251308272367e-01,-1.000000000000000000e+00,4.785330430671280166e-01,5.005103391619386555e-01,9.337780930811659941e-01,5.486031453086449572e-01,7.302652553608018904e-01,9.068928514755690562e-02,-8.733653108381438102e-02
0.000000000000000000e+00,0.000000000000000000e+00,0.000000000000000000e+00,0.000000000000000000e+00,0.000000000000000000e+00,0.000000000000000000e+00,0.000000000000000000e+00,0.000000000000000000e+00,0.000000000000000000e+00,0.000000000000000000e+00,0.000000000000000000e+00,0.000000000000000000e+00,0.000000000000000000e+00,0.000000000000000000e+00,0.000000000000000000e+00,0.000000000000000000e+00,0.000000000000000000e+00,0.000000000000000000e+00,0.000000000000000000e+00,0.000000000000000000e+00,0.000000000000000000e+00,0.000000000000000000e+00,0.000000000000000000e+00,0.000000000000000000e+00,0.000000000000000000e+00,0.000000000000000000e+00,0.000000000000000000e+00,0.000000000000000000e+00,0.000000000000000000e+00,0.000000000000000000e+00,0.000000000000000000e+00,0.000000000000000000e+00,0.000000000000000000e+00,0.000000000000000000e+00,0.000000000000000000e+00,0.000000000000000000e+00,0.000000000000000000e+00,0.000000000000000000e+00,0.000000000000000000e+00,0.000000000000000000e+00,0.000000000000000000e+00,0.000000000000000000e+00,0.000000000000000000e+00,0.000000000000000000e+00,0.000000000000000000e+00,0.000000000000000000e+00,0.000000000000000000e+00,0.000000000000000000e+00,0.000000000000000000e+00,0.000000000000000000e+00,1.000000000000000000e+00,5.974937288443259442e-01,1.005596776125649572e-01,4.736218206795198005e-01,8.235715742778798587e-01,-4.765058888822527039e-01,4.809196688580950618e-01,-2.913054834662126558e-01,-9.445576640952955128e-01,2.444129849661407228e-01,-8.093122254937420990e-02,5.437721889711740753e-01,-4.920108547056049608e-01,-2.328284358023629541e-01,6.720569634904844936e-01,7.491022032180888468e-01,8.869509210735539995e-01,3.457801181639803545e-01,-2.683988058977802016e-01,9.295688607078932131e-02,3.291124475150918327e-01,1.285732208869379278e-01,8.097977655444336953e-02,5.125400643670784406e-01,2.268458513122817988e-01,1.165496762794046570e-01,3.302998844010383017e-01,3.289464366452010124e-01,-4.836889913148264175e-04,3.226682277713622815e-01,5.948189637341724789e-02,-8.408686045153310751e-01,7.966094266064698282e-01,3.897944602838613326e-01,3.518560854775755753e-01,4.625202301161567692e-02,1.308224171310561068e-01,1.033084477523051325e-01,3.103584670337218854e-01,7.517490065645661135e-01,-4.198164065335284190e-01,-4.502834068397379985e-01,-4.156091490223383089e-01,4.767393855909805023e-01,2.957101226459036836e-01,3.032023652011194836e-01,2.976808064713015178e-01,5.934648674475022645e-01,-8.051875438001349083e-02,8.280229137868037048e-01
0.000000000000000000e+00,0.000000000000000000e+00,0.000000000000000000e+00,0.000000000000000000e+00,0.000000000000000000e+00,0.000000000000000000e+00,0.000000000000000000e+00,0.000000000000000000e+00,0.000000000000000000e+00,0.000000000000000000e+00,0.000000000000000000e+00,0.000000000000000000e+00,0.000000000000000000e+00,0.000000000000000000e+00,0.000000000000000000e+00,0.000000000000000000e+00,0.000000000000000000e+00,0.000000000000000000e+00,0.000000000000000000e+00,0.000000000000000000e+00,0.000000000000000000e+00,0.000000000000000000e+00,0.000000000000000000e+00,0.000000000000000000e+00,0.000000000000000000e+00,0.000000000000000000e+00,0.000000000000000000e+00,0.000000000000000000e+00,0.000000000000000000e+00,0.000000000000000000e+00,0.000000000000000000e+00,0.000000000000000000e+00,0.000000000000000000e+00,0.000000000000000000e+00,0.000000000000000000e+00,0.000000000000000000e+00,0.000000000000000000e+00,0.000000000000000000e+00,0.000000000000000000e+00,0.000000000000000000e+00,0.000000000000000000e+00,0.000000000000000000e+00,0.000000000000000000e+00,0.000000000000000000e+00,0.000000000000000000e+00,0.000000000000000000e+00,0.000000000000000000e+00,0.000000000000000000e+00,0.000000000000000000e+00,0.000000000000000000e+00,0.000000000000000000e+00,1.000000000000000000e+00,4.323589828692549486e-01,4.788987047962428578e-01,4.759737644081299401e-01,-3.737300591606267375e-01,7.123120535816876431e-02,-1.888181403710697537e-01,8.692987922360857073e-03,1.066756041003413119e-01,-4.465260351578999587e-01,1.900183175085936871e-01,-5.017756986892928373e-01,-1.925979917367466043e-01,8.876115423285629857e-01,5.259244947284320570e-01,4.990810135256203983e-01,8.860258452707192242e-03,-1.342126042019353704e-01,-1.084697059962309168e-01,-1.598219188383432909e-01,-1.684561559147920717e-01,-2.766081427405093704e-02,1.865025297569505025e-01,4.737788547625908508e-01,2.145248019507845771e-01,2.767478040338561263e-01,3.190551742087994330e-02,3.438442790115076031e-02,1.549498740543411024e-01,4.764450374629582985e-01,-4.572507255669781001e-01,3.429355016076809926e-01,-2.599284376598832297e-02,3.905856934558428750e-01,-8.275327748299245167e-02,2.698495145057154820e-01,-3.324971446435447814e-02,9.739727350866919653e-02,4.355343562013814784e-01,-5.388691337317655927e-01,-3.881849831432593323e-01,-3.926788139228264973e-01,-4.628792672114512285e-02,1.646374673337173133e-01,-4.458229077970243814e-02,1.203959933094914392e-01,6.643876818650917837e-01,2.302778661682687578e-01,1.713453042033131202e-01
0.000000000000000000e+00,0.000000000000000000e+00,0.000000000000000000e+00,0.000000000000000000e+00,0.000000000000000000e+00,0.000000000000000000e+00,0.000000000000000000e+00,0.000000000000000000e+00,0.000000000000000000e+00,0.000000000000000000e+00,0.000000000000000000e+00,0.000000000000000000e+00,0.000000000000000000e+00,0.000000000000000000e+00,0.000000000000000000e+00,0.000000000000000000e+00,0.000000000000000000e+00,0.000000000000000000e+00,0.000000000000000000e+00,0.000000000000000000e+00,0.000000000000000000e+00,0.000000000000000000e+00,0.000000000000000000e+00,0.000000000000000000e+00,0.000000000000000000e+00,0.000000000000000000e+00,0.000000000000000000e+00,0.000000000000000000e+00,0.000000000000000000e+00,0.000000000000000000e+00,0.000000000000000000e+00,0.000000000000000000e+00,0.000000000000000000e+00,0.000000000000000000e+00,0.000000000000000000e+00,0.000000000000000000e+00,0.000000000000000000e+00,0.000000000000000000e+00,0.000000000000000000e+00,0.000000000000000000e+00,0.000000000000000000e+00,0.000000000000000000e+00,0.000000000000000000e+00,0.000000000000000000e+00,0.000000000000000000e+00,0.000000000000000000e+00,0.000000000000000000e+00,0.000000000000000000e+00,0.000000000000000000e+00,0.000000000000000000e+00,0.000000000000000000e+00,0.000000000000000000e+00,1.000000000000000000e+00,2.905816749099668916e-01,-1.896501060838239883e-01,-1.998596724983811024e-01,-6.105032297088816007e-01,2.790147488539914539e-02,1.000000000000000000e+00,-2.398955934160222903e-01,-5.671986563935480508e-01,-7.956679104036011585e-02,-4.786965719177086465e-01,-6.545986800916853143e-02,4.958884736713304875e-01,7.730169042820134173e-02,1.017942195314743697e-01,-4.996778588491339601e-01,1.618399082833118785e-01,-1.009814862404752323e-01,-7.670846235136165037e-01,-4.277726031182323418e-01,6.136338355942115574e-02,-4.294640661846113594e-01,7.083381343238887018e-01,1.809832049185534364e-01,-1.307361666418895181e-02,-4.271115561101912483e-01,4.170727326641351373e-01,-2.396939075596560831e-01,6.402026946419614450e-01,-3.165139551776113835e-02,-2.453183985712700521e-01,-4.071436285845699832e-01,-6.743359626821918695e-01,-3.589026511277121356e-02,5.131192865665257230e-01,-3.047238264150099463e-01,-8.483656589805609050e-02,-1.548605137626319350e-01,-8.252171675024171371e-01,-5.167755902350433805e-01,-2.111063463272661034e-01,-6.061498180344233599e-01,-1.436828035241692059e-01,-6.104972922493636656e-01,-1.980599820925854071e-01,3.707107920783022093e-01,1.016331472004959463e-01,-2.654510017443820757e-01
0.000000000000000000e+00,0.000000000000000000e+00,0.000000000000000000e+00,0.000000000000000000e+00,0.000000000000000000e+00,0.000000000000000000e+00,0.000000000000000000e+00,0.000000000000000000e+00,0.000000000000000000e+00,0.000000000000000000e+00,0.000000000000000000e+00,0.000000000000000000e+00,0.000000000000000000e+00,0.000000000000000000e+00,0.000000000000000000e+00,0.000000000000000000e+00,0.000000000000000000e+00,0.000000000000000000e+00,0.000000000000000000e+00,0.000000000000000000e+00,0.000000000000000000e+00,0.000000000000000000e+00,0.000000000000000000e+00,0.000000000000000000e+00,0.000000000000000000e+00,0.000000000000000000e+00,0.000000000000000000e+00,0.000000000000000000e+00,0.000000000000000000e+00,0.000000000000000000e+00,0.000000000000000000e+00,0.000000000000000000e+00,0.000000000000000000e+00,0.000000000000000000e+00,0.000000000000000000e+00,0.000000000000000000e+00,0.000000000000000000e+00,0.000000000000000000e+00,0.000000000000000000e+00,0.000000000000000000e+00,0.000000000000000000e+00,0.000000000000000000e+00,0.000000000000000000e+00,0.000000000000000000e+00,0.000000000000000000e+00,0.000000000000000000e+00,0.000000000000000000e+00,0.000000000000000000e+00,0.000000000000000000e+00,0.000000000000000000e+00,0.000000000000000000e+00,0.000000000000000000e+00,0.000000000000000000e+00,1.000000000000000000e+00,-1.017611484989790066e-01,1.583999040952130954e-01,-1.080836187115688241e-01,-6.448519787783311141e-01,2.269248630116447174e-01,2.344275636638435967e-01,3.544484983070189665e-01,5.766168994972512563e-01,-5.058788954387460901e-02,-1.144435494796095659e-01,5.067484824396134568e-01,2.880904154201430756e-01,2.745421612739614714e-01,2.348247443498047149e-01,-2.807262656349188146e-01,2.536248288678961127e-01,2.217239401459356052e-01,-7.113961301910053103e-02,2.238105061981298660e-01,1.647824201215359885e-01,1.693723650572787620e-01,5.541514183186072584e-01,6.181415682154145497e-01,1.866661529933638097e-01,-4.307798050318962235e-01,5.268447013829811176e-01,1.474060451834125762e-01,-3.089313728320114416e-01,-1.539149248058228614e-01,5.773768437568707057e-01,-3.784154273197113533e-02,4.255599670688305913e-01,1.558470308570122087e-01,2.697470289871410354e-01,1.377711141355824342e-01,2.500199893535886009e-01,-5.230231368062215891e-02,-4.558729346079379297e-01,-8.119329354852423686e-01,-1.345895353780602044e-01,3.740464615982977969e-01,4.579754226527884553e-01,2.905127385502061510e-01,4.637504583131175084e-01,2.028080975095529204e-01,4.047758689952825062e-01
0.000000000000000000e+00,0.000000000000000000e+00,0.000000000000000000e+00,0.000000000000000000e+00,0.000000000000000000e+00,0.000000000000000000e+00,0.000000000000000000e+00,0.000000000000000000e+00,0.000000000000000000e+00,0.000000000000000000e+00,0.000000000000000000e+00,0.000000000000000000e+00,0.000000000000000000e+00,0.000000000000000000e+00,0.000000000000000000e+00,0.000000000000000000e+00,0.000000000000000000e+00,0.000000000000000000e+00,0.000000000000000000e+00,0.000000000000000000e+00,0.000000000000000000e+00,0.000000000000000000e+00,0.000000000000000000e+00,0.000000000000000000e+00,0.000000000000000000e+00,0.000000000000000000e+00,0.000000000000000000e+00,0.000000000000000000e+00,0.000000000000000000e+00,0.000000000000000000e+00,0.000000000000000000e+00,0.000000000000000000e+00,0.000000000000000000e+00,0.000000000000000000e+00,0.000000000000000000e+00,0.000000000000000000e+00,0.000000000000000000e+00,0.000000000000000000e+00,0.000000000000000000e+00,0.000000000000000000e+00,0.000000000000000000e+00,0.000000000000000000e+00,0.000000000000000000e+00,0.000000000000000000e+00,0.000000000000000000e+00,0.000000000000000000e+00,0.000000000000000000e+00,0.000000000000000000e+00,0.000000000000000000e+00,0.000000000000000000e+00,0.000000000000000000e+00,0.000000000000000000e+00,0.000000000000000000e+00,0.000000000000000000e+00,1.000000000000000000e+00,-3.663713526664080788e-01,3.909936947222120152e-01,-1.917123175699703445e-03,-2.178882275176957373e-01,3.027382524406670994e-01,-4.840116951810705115e-01,1.975612520531164484e-01,-2.696902101917114103e-01,-4.438992831261300703e-02,2.387656895410439906e-01,5.152051087744862201e-01,4.327417752819273655e-01,2.678612617202424384e-01,-1.049106148049017556e-01,1.567906178947980622e-01,2.212294275292927270e-01,1.777199128351288071e-01,6.498720946777561402e-02,3.358024299559558279e-01,-4.178336435334069343e-02,1.065947321876886157e-02,1.411573806632108741e-01,3.032751201902816329e-01,5.014591584447006950e-02,5.754438138286845084e-02,-1.638555085115314114e-01,-3.562790762004829914e-01,5.793870706491451861e-01,1.511010360246473616e-01,1.917063684133176737e-01,2.902319323077121038e-04,4.125700203702929725e-02,-2.370688389144448918e-02,2.400624755728485715e-01,5.140940573294667804e-01,-2.319661132502009726e-01,1.569233592435098079e-01,-2.186265419733097182e-01,3.089122546146867432e-01,1.507739746023690763e-01,3.841148227313591346e-02,2.906951833718064426e-01,3.345751095474251979e-01,-5.717272653965432827e-02,1.172145825211872404e-02
0.000000000000000000e+00,0.000000000000000000e+00,0.000000000000000000e+00,0.000000000000000000e+00,0.000000000000000000e+00,0.000000000000000000e+00,0.000000000000000000e+00,0.000000000000000000e+00,0.000000000000000000e+00,0.000000000000000000e+00,0.000000000000000000e+00,0.000000000000000000e+00,0.000000000000000000e+00,0.000000000000000000e+00,0.000000000000000000e+00,0.000000000000000000e+00,0.000000000000000000e+00,0.000000000000000000e+00,0.000000000000000000e+00,0.000000000000000000e+00,0.000000000000000000e+00,0.000000000000000000e+00,0.000000000000000000e+00,0.000000000000000000e+00,0.000000000000000000e+00,0.000000000000000000e+00,0.000000000000000000e+00,0.000000000000000000e+00,0.000000000000000000e+00,0.000000000000000000e+00,0.000000000000000000e+00,0.000000000000000000e+00,0.000000000000000000e+00,0.000000000000000000e+00,0.000000000000000000e+00,0.000000000000000000e+00,0.000000000000000000e+00,0.000000000000000000e+00,0.000000000000000000e+00,0.000000000000000000e+00,0.000000000000000000e+00,0.000000000000000000e+00,0.000000000000000000e+00,0.000000000000000000e+00,0.000000000000000000e+00,0.000000000000000000e+00,0.000000000000000000e+00,0.000000000000000000e+00,0.000000000000000000e+00,0.000000000000000000e+00,0.000000000000000000e+00,0.000000000000000000e+00,0.000000000000000000e+00,0.000000000000000000e+00,0.000000000000000000e+00,1.000000000000000000e+00,-3.169984701299990992e-01,-1.721123878843349164e-01,1.162037367610429667e-01,-1.686909035819209035e-01,4.259544770270572989e-01,-3.480458265099683340e-02,5.645813078752682790e-01,9.646045149516101203e-02,-4.798442409033319977e-01,-3.313686608415534196e-01,-5.466267228486620944e-01,-3.690601573966347804e-01,1.220542242927497995e-01,-7.892838494860140997e-02,2.273795310924866531e-01,-2.309093746706952777e-01,2.014177372927655751e-01,-4.021039467107542786e-01,9.193530971536882923e-01,4.439118985065689804e-01,-8.366990223831220416e-03,-9.871838018300196915e-02,-3.238729975565080577e-01,-2.878006749572266723e-02,-3.573939079709759215e-01,8.036975299089453850e-01,-5.473714092620527438e-01,2.410833310246628947e-01,6.672214781152854823e-02,2.652967952554016184e-01,-8.884428063651328769e-03,4.062694603488977707e-01,-2.676410248374082035e-01,-7.127764481720474388e-01,1.000000000000000000e+00,7.203558598621363773e-02,-1.648846121286947630e-01,-8.382905736228531135e-02,-4.225210347092584612e-02,3.155939273099028081e-02,-1.877730456001764359e-01,2.026028262436173066e-01,4.981122784246929114e-01,-8.307318754464050603e-02
0.000000000000000000e+00,0.000000000000000000e+00,0.000000000000000000e+00,0.000000000000000000e+00,0.000000000000000000e+00,0.000000000000000000e+00,0.000000000000000000e+00,0.000000000000000000e+00,0.000000000000000000e+00,0.000000000000000000e+00,0.000000000000000000e+00,0.000000000000000000e+00,0.000000000000000000e+00,0.000000000000000000e+00,0.000000000000000000e+00,0.000000000000000000e+00,0.000000000000000000e+00,0.000000000000000000e+00,0.000000000000000000e+00,0.000000000000000000e+00,0.000000000000000000e+00,0.000000000000000000e+00,0.000000000000000000e+00,0.000000000000000000e+00,0.000000000000000000e+00,0.000000000000000000e+00,0.000000000000000000e+00,0.000000000000000000e+00,0.000000000000000000e+00,0.000000000000000000e+00,0.000000000000000000e+00,0.000000000000000000e+00,0.000000000000000000e+00,0.000000000000000000e+00,0.000000000000000000e+00,0.000000000000000000e+00,0.000000000000000000e+00,0.000000000000000000e+00,0.000000000000000000e+00,0.000000000000000000e+00,0.000000000000000000e+00,0.000000000000000000e+00,0.000000000000000000e+00,0.000000000000000000e+00,0.000000000000000000e+00,0.000000000000000000e+00,0.000000000000000000e+00,0.000000000000000000e+00,0.000000000000000000e+00,0.000000000000000000e+00,0.000000000000000000e+00,0.000000000000000000e+00,0.000000000000000000e+00,0.000000000000000000e+00,0.000000000000000000e+00,0.000000000000000000e+00,1.000000000000000000e+00,-2.259350859739289175e-01,-9.821321868528299914e-01,9.636816354788625000e-03,3.541067092008229888e-01,1.459723464080861788e-01,-8.409249182071262818e-02,-1.997249962045212490e-01,1.208705488910538639e-01,3.644845861550929378e-01,3.670991914145275703e-01,5.914380972120226732e-01,-2.532973323010870859e-01,-1.507852322095841191e-01,5.890817380954399551e-01,1.646588128418254859e-01,-2.822317945094941494e-01,5.074490376008068404e-01,-5.442687876701016725e-01,-1.959853143450080715e-01,4.730498641829274098e-02,4.299701809785155815e-01,-1.399672650657457773e-01,4.421074158003273497e-02,4.204825630134876452e-02,-5.924130653419598103e-01,7.476552255518550405e-01,2.301195151614731094e-01,6.412819517509610323e-01,-2.224074133992556268e-01,-2.906496635583451574e-02,1.470641285144019261e-01,1.635846918038779962e-01,3.359048421549868935e-01,-1.545310709675394578e-01,-9.877952122700081605e-02,1.434892552948465183e-01,4.975485229164914869e-01,1.688074922746779227e-01,5.007233915530394375e-02,2.147796748932941369e-01,-1.230278596990408979e-01,-2.159201699178280587e-01,3.877937932598904403e-01
0.000000000000000000e+00,0.000000000000000000e+00,0.000000000000000000e+00,0.000000000000000000e+00,0.000000000000000000e+00,0.000000000000000000e+00,0.000000000000000000e+00,0.000000000000000000e+00,0.000000000000000000e+00,0.000000000000000000e+00,0.000000000000000000e+00,0.000000000000000000e+00,0.000000000000000000e+00,0.000000000000000000e+00,0.000000000000000000e+00,0.000000000000000000e+00,0.000000000000000000e+00,0.000000000000000000e+00,0.000000000000000000e+00,0.000000000000000000e+00,0.000000000000000000e+00,0.000000000000000000e+00,0.000000000000000000e+00,0.000000000000000000e+00,0.000000000000000000e+00,0.000000000000000000e+00,0.000000000000000000e+00,0.000000000000000000e+00,0.000000000000000000e+00,0.000000000000000000e+00,0.000000000000000000e+00,0.000000000000000000e+00,0.000000000000000000e+00,0.000000000000000000e+00,0.000000000000000000e+00,0.000000000000000000e+00,0.000000000000000000e+00,0.000000000000000000e+00,0.000000000000000000e+00,0.000000000000000000e+00,0.000000000000000000e+00,0.000000000000000000e+00,0.000000000000000000e+00,0.000000000000000000e+00,0.000000000000000000e+00,0.000000000000000000e+00,0.000000000000000000e+00,0.000000000000000000e+00,0.000000000000000000e+00,0.000000000000000000e+00,0.000000000000000000e+00,0.000000000000000000e+00,0.000000000000000000e+00,0.000000000000000000e+00,0.000000000000000000e+00,0.000000000000000000e+00,0.000000000000000000e+00,1.000000000000000000e+00,-3.057936722539734281e-02,-3.144563630770793455e-02,-6.937808635775865040e-01,-6.069252096977567623e-01,-2.578269894355499081e-02,2.412964630661761367e-01,-4.708669006793468337e-01,-2.700164452149824701e-01,-2.124991801077822373e-01,-4.418561552875892584e-01,4.650911126358727166e-01,-2.022984285083107847e-01,-6.328014518418735301e-01,7.875630895074563209e-02,-3.486902629988817420e-02,-1.627992765631985361e-01,3.158744364080092182e-01,-6.282184726932016350e-01,-5.585127539999156232e-01,-3.299424577044601237e-01,8.180106850932140627e-01,-5.595445264925452689e-01,-2.623338691568931624e-01,4.945161772480239359e-01,8.206435782158880143e-02,-7.189750364070371935e-01,-1.055144642371733943e-01,-3.032132543822574355e-01,-2.511280075555806235e-01,-4.053065866486971758e-01,-8.048726952586215955e-02,-1.448487467442604038e-01,3.078033695506063316e-01,5.814995354925364124e-01,8.778187360487966773e-01,2.107960574349934668e-01,-4.827413197273666690e-01,-2.267899323188892480e-01,-3.895247064588269748e-01,-2.853273074591649028e-01,-3.602779090482768343e-01,-2.336938768129532273e-01
0.000000000000000000e+00,0.000000000000000000e+00,0.000000000000000000e+00,0.000000000000000000e+00,0.000000000000000000e+00,0.000000000000000000e+00,0.000000000000000000e+00,0.000000000000000000e+00,0.000000000000000000e+00,0.000000000000000000e+00,0.000000000000000000e+00,0.000000000000000000e+00,0.000000000000000000e+00,0.000000000000000000e+00,0.000000000000000000e+00,0.000000000000000000e+00,0.000000000000000000e+00,0.000000000000000000e+00,0.000000000000000000e+00,0.000000000000000000e+00,0.000000000000000000e+00,0.000000000000000000e+00,0.000000000000000000e+00,0.000000000000000000e+00,0.000000000000000000e+00,0.000000000000000000e+00,0.000000000000000000e+00,0.000000000000000000e+00,0.000000000000000000e+00,0.000000000000000000e+00,0.000000000000000000e+00,0.000000000000000000e+00,0.000000000000000000e+00,0.000000000000000000e+00,0.000000000000000000e+00,0.000000000000000000e+00,0.000000000000000000e+00,0.000000000000000000e+00,0.000000000000000000e+00,0.000000000000000000e+00,0.000000000000000000e+00,0.000000000000000000e+00,0.000000000000000000e+00,0.000000000000000000e+00,0.000000000000000000e+00,0.000000000000000000e+00,0.000000000000000000e+00,0.000000000000000000e+00,0.000000000000000000e+00,0.000000000000000000e+00,0.000000000000000000e+00,0.000000000000000000e+00,0.000000000000000000e+00,0.000000000000000000e+00,0.000000000000000000e+00,0.000000000000000000e+00,0.000000000000000000e+00,0.000000000000000000e+00,1.000000000000000000e+00,1.076902912613846158e-01,-5.586689740035773871e-02,-3.668721151767279521e-03,5.976996630228969404e-02,9.850562925843292517e-02,-8.778325275082431156e-02,-4.528494313832797519e-02,-1.431266252204239919e-01,2.037075646156264949e-03,5.336216595162259629e-02,1.420511115149925008e-01,-1.288542604770165911e-01,-2.369979526561935904e-02,9.221807872177097132e-02,-5.806964895591826270e-02,9.519540272661103711e-03,7.446395851223210072e-02,1.785309163455438275e-01,-2.856790581468107368e-02,1.160587946362803130e-01,-3.550140026583933212e-02,5.471379157110183716e-02,1.037729884865916802e-01,-1.892524053166987352e-01,2.740896882336910437e-02,-3.153287927044409744e-01,2.049104027580341547e-01,5.629890017219450760e-02,-1.205761680006816466e-01,4.201608246198224733e-02,-6.402045920476311103e-02,-5.948060655987363887e-02,8.927796171088023258e-02,-7.632383038475705483e-02,-1.824699896596640447e-01,4.906740810873181681e-03,-1.149669406480553213e-01,2.953311071688511508e-02,-5.181866303824386732e-02,-2.912409320149290937e-02,-2.298894926578081421e-01
0.000000000000000000e+00,0.000000000000000000e+00,0.000000000000000000e+00,0.000000000000000000e+00,0.000000000000000000e+00,0.000000000000000000e+00,0.000000000000000000e+00,0.000000000000000000e+00,0.000000000000000000e+00,0.000000000000000000e+00,0.000000000000000000e+00,0.000000000000000000e+00,0.000000000000000000e+00,0.000000000000000000e+00,0.000000000000000000e+00,0.000000000000000000e+00,0.000000000000000000e+00,0.000000000000000000e+00,0.000000000000000000e+00,0.000000000000000000e+00,0.000000000000000000e+00,0.000000000000000000e+00,0.000000000000000000e+00,0.000000000000000000e+00,0.000000000000000000e+00,0.000000000000000000e+00,0.000000000000000000e+00,0.000000000000000000e+00,0.000000000000000000e+00,0.000000000000000000e+00,0.000000000000000000e+00,0.000000000000000000e+00,0.000000000000000000e+00,0.000000000000000000e+00,0.000000000000000000e+00,0.000000000000000000e+00,0.000000000000000000e+00,0.000000000000000000e+00,0.000000000000000000e+00,0.000000000000000000e+00,0.000000000000000000e+00,0.000000000000000000e+00,0.000000000000000000e+00,0.000000000000000000e+00,0.000000000000000000e+00,0.000000000000000000e+00,0.000000000000000000e+00,0.000000000000000000e+00,0.000000000000000000e+00,0.000000000000000000e+00,0.000000000000000000e+00,0.000000000000000000e+00,0.000000000000000000e+00,0.000000000000000000e+00,0.000000000000000000e+00,0.000000000000000000e+00,0.000000000000000000e+00,0.000000000000000000e+00,0.000000000000000000e+00,1.000000000000000000e+00,-1.827289740144639463e-01,5.341239187994830662e-01,1.752209501230524158e-01,3.378774105927475624e-01,-5.781061659101295602e-02,3.710673297484257671e-01,2.840424060645093118e-01,7.691849118130051899e-01,-9.984481697070143880e-02,6.786621185985726168e-01,1.259779927930988752e-01,5.220994547277634235e-01,5.247399860111211511e-01,6.992411005954026759e-01,-4.881751123761371991e-01,4.830342515836113376e-02,9.101511112749678389e-01,5.051476203861586800e-01,1.854796518950792561e-01,5.791290997822469144e-01,-5.520607352375351828e-01,-2.508964666938161558e-01,1.087903709932057511e-01,6.258024258421328589e-01,-2.401897384430339288e-01,7.319662981497941923e-01,-3.831559896039933300e-01,-6.321540909680196940e-02,5.703731732014646338e-01,8.119515147446952907e-01,3.856739433402228134e-01,5.749570573379477745e-01,-4.226893956996826129e-01,6.337143597265234574e-01,3.548448332495879320e-01,9.842322531398078889e-01,4.939901336302516821e-01,9.844698393960442384e-02,-3.247423401530349363e-01,1.990560209395178248e-01
0.000000000000000000e+00,0.000000000000000000e+00,0.000000000000000000e+00,0.000000000000000000e+00,0.000000000000000000e+00,0.000000000000000000e+00,0.000000000000000000e+00,0.000000000000000000e+00,0.000000000000000000e+00,0.000000000000000000e+00,0.000000000000000000e+00,0.000000000000000000e+00,0.000000000000000000e+00,0.000000000000000000e+00,0.000000000000000000e+00,0.000000000000000000e+00,0.000000000000000000e+00,0.000000000000000000e+00,0.000000000000000000e+00,0.000000000000000000e+00,0.000000000000000000e+00,0.000000000000000000e+00,0.000000000000000000e+00,0.000000000000000000e+00,0.000000000000000000e+00,0.000000000000000000e+00,0.000000000000000000e+00,0.000000000000000000e+00,0.000000000000000000e+00,0.000000000000000000e+00,0.000000000000000000e+00,0.000000000000000000e+00,0.000000000000000000e+00,0.000000000000000000e+00,0.000000000000000000e+00,0.000000000000000000e+00,0.000000000000000000e+00,0.000000000000000000e+00,0.000000000000000000e+00,0.000000000000000000e+00,0.000000000000000000e+00,0.000000000000000000e+00,0.000000000000000000e+00,0.000000000000000000e+00,0.000000000000000000e+00,0.000000000000000000e+00,0.000000000000000000e+00,0.000000000000000000e+00,0.000000000000000000e+00,0.000000000000000000e+00,0.000000000000000000e+00,0.000000000000000000e+00,0.000000000000000000e+00,0.000000000000000000e+00,0.000000000000000000e+00,0.000000000000000000e+00,0.000000000000000000e+00,0.000000000000000000e+00,0.000000000000000000e+00,0.000000000000000000e+00,1.000000000000000000e+00,1.701088118588717502e-01,3.327086621278871892e-01,-7.792195252108131964e-02,-1.765094833082312964e-01,-1.212724476069683699e-01,-9.986472391575526575e-02,2.319798588610111623e-01,-1.636975756684863337e-01,-1.633637467899701906e-02,4.344277754089052035e-01,6.185218296501025087e-02,-1.112871209016695617e-01,1.645957267015533132e-01,-1.188655207752381399e-01,4.129741046496173545e-02,1.798650665582906261e-01,1.270985462780350184e-01,-2.644905055602162491e-01,1.743483675544126865e-01,3.740895473259100296e-02,-1.296904292651714086e-01,9.300062784807458169e-03,4.398150599598409372e-01,3.285376825800199185e-01,1.794635177184366603e-01,-7.396926583807718336e-02,1.964819541833436045e-01,-7.110469347821534065e-03,-1.503132321596992171e-01,2.579880357942794800e-01,-2.428528799505047797e-01,1.095859942578943265e-02,-3.936702362512981695e-02,1.401535307766779981e-01,2.057667440867603226e-01,-1.621189044485133249e-02,-2.161206384665791957e-01,1.013167705119032702e-01,3.639219666016610399e-01
0.000000000000000000e+00,0.000000000000000000e+00,0.000000000000000000e+00,0.000000000000000000e+00,0.000000000000000000e+00,0.000000000000000000e+00,0.000000000000000000e+00,0.000000000000000000e+00,0.000000000000000000e+00,0.000000000000000000e+00,0.000000000000000000e+00,0.000000000000000000e+00,0.000000000000000000e+00,0.000000000000000000e+00,0.000000000000000000e+00,0.000000000000000000e+00,0.000000000000000000e+00,0.000000000000000000e+00,0.000000000000000000e+00,0.000000000000000000e+00,0.000000000000000000e+00,0.000000000000000000e+00,0.000000000000000000e+00,0.000000000000000000e+00,0.000000000000000000e+00,0.000000000000000000e+00,0.000000000000000000e+00,0.000000000000000000e+00,0.000000000000000000e+00,0.000000000000000000e+00,0.000000000000000000e+00,0.000000000000000000e+00,0.000000000000000000e+00,0.000000000000000000e+00,0.000000000000000000e+00,0.000000000000000000e+00,0.000000000000000000e+00,0.000000000000000000e+00,0.000000000000000000e+00,0.000000000000000000e+00,0.000000000000000000e+00,0.000000000000000000e+00,0.000000000000000000e+00,0.000000000000000000e+00,0.000000000000000000e+00,0.000000000000000000e+00,0.000000000000000000e+00,0.000000000000000000e+00,0.000000000000000000e+00,0.000000000000000000e+00,0.000000000000000000e+00,0.000000000000000000e+00,0.000000000000000000e+00,0.000000000000000000e+00,0.000000000000000000e+00,0.000000000000000000e+00,0.000000000000000000e+00,0.000000000000000000e+00,0.000000000000000000e+00,0.000000000000000000e+00,0.000000000000000000e+00,1.000000000000000000e+00,-6.387864992048627316e-03,-2.992283921747135658e-02,4.177033720703745567e-01,5.268800805744596749e-01,5.630415447712988630e-01,7.140184457494754833e-01,-4.277313289235054050e-01,5.592041550477672152e-01,5.643841722124074423e-01,2.367223989655377892e-01,4.381115618907639453e-01,5.528518329161296041e-01,-2.825357644906523746e-01,5.735952124512744277e-01,9.940170247467164932e-01,5.665488607627072737e-01,-4.785386216065123932e-01,8.640171658471679228e-01,-1.299937064807052955e-01,-7.011821002472826692e-01,1.286262628921327755e-01,9.748197420918067735e-01,-7.948936225842453962e-02,7.247961164093484898e-01,-1.946007517692443720e-02,3.528038730024101177e-01,4.306574077640640263e-01,6.840273809798634863e-01,-1.083613910249677376e-01,-3.329517361997395564e-01,-9.812071283944693301e-01,5.569381436206728431e-01,6.187246091108226098e-01,8.688516289113549229e-01,5.848744046898132209e-01,4.317235378919596633e-01,1.328726708220975827e-02,6.314769624509487533e-01
0.000000000000000000e+00,0.000000000000000000e+00,0.000000000000000000e+00,0.000000000000000000e+00,0.000000000000000000e+00,0.000000000000000000e+00,0.000000000000000000e+00,0.000000000000000000e+00,0.000000000000000000e+00,0.000000000000000000e+00,0.000000000000000000e+00,0.000000000000000000e+00,0.000000000000000000e+00,0.000000000000000000e+00,0.000000000000000000e+00,0.000000000000000000e+00,0.000000000000000000e+00,0.000000000000000000e+00,0.000000000000000000e+00,0.000000000000000000e+00,0.000000000000000000e+00,0.000000000000000000e+00,0.000000000000000000e+00,0.000000000000000000e+00,0.000000000000000000e+00,0.000000000000000000e+00,0.000000000000000000e+00,0.000000000000000000e+00,0.000000000000000000e+00,0.000000000000000000e+00,0.000000000000000000e+00,0.000000000000000000e+00,0.000000000000000000e+00,0.000000000000000000e+00,0.000000000000000000e+00,0.000000000000000000e+00,0.000000000000000000e+00,0.000000000000000000e+00,0.000000000000000000e+00,0.000000000000000000e+00,0.000000000000000000e+00,0.000000000000000000e+00,0.000000000000000000e+00,0.000000000000000000e+00,0.000000000000000000e+00,0.000000000000000000e+00,0.000000000000000000e+00,0.000000000000000000e+00,0.000000000000000000e+00,0.000000000000000000e+00,0.000000000000000000e+00,0.000000000000000000e+00,0.000000000000000000e+00,0.000000000000000000e+00,0.000000000000000000e+00,0.000000000000000000e+00,0.000000000000000000e+00,0.000000000000000000e+00,0.000000000000000000e+00,0.000000000000000000e+00,0.000000000000000000e+00,0.000000000000000000e+00,1.000000000000000000e+00,3.995065606584471962e-01,-1.000000000000000000e+00,-4.921702706352611978e-01,-5.736940214047806519e-01,2.052739135953891569e-01,1.283679015992386374e-01,2.113828060702742928e-01,2.554847380221497710e-01,2.922277297681638575e-01,3.080566320268953717e-01,5.530229645231975188e-02,6.741778486236638113e-02,2.321031091782318687e-02,3.961350407875722790e-01,1.458078886278005859e-01,2.114334889204566928e-02,1.706134561162421515e-01,-5.304027925847953906e-01,7.018396975526940418e-01,-4.028124373983620332e-01,4.528275331010653271e-01,4.979920245611078183e-02,5.581890640254941749e-01,-3.554939906991965715e-01,1.649563029769851308e-01,7.896227715704559613e-02,-3.297266934399800675e-01,1.000000000000000000e+00,5.277205212620648123e-01,1.552555285516148131e-01,3.072579589976918713e-01,1.012673615133191651e-01,3.532866796523139730e-01,-1.461891266874855433e-01,-4.358325360653370617e-01,3.940288464523558631e-01,-2.237324876803026830e-01
0.000000000000000000e+00,0.000000000000000000e+00,0.000000000000000000e+00,0.000000000000000000e+00,0.000000000000000000e+00,0.000000000000000000e+00,0.000000000000000000e+00,0.000000000000000000e+00,0.000000000000000000e+00,0.000000000000000000e+00,0.000000000000000000e+00,0.000000000000000000e+00,0.000000000000000000e+00,0.000000000000000000e+00,0.000000000000000000e+00,0.000000000000000000e+00,0.000000000000000000e+00,0.000000000000000000e+00,0.000000000000000000e+00,0.000000000000000000e+00,0.000000000000000000e+00,0.000000000000000000e+00,0.000000000000000000e+00,0.000000000000000000e+00,0.000000000000000000e+00,0.000000000000000000e+00,0.000000000000000000e+00,0.000000000000000000e+00,0.000000000000000000e+00,0.000000000000000000e+00,0.000000000000000000e+00,0.000000000000000000e+00,0.000000000000000000e+00,0.000000000000000000e+00,0.000000000000000000e+00,0.000000000000000000e+00,0.000000000000000000e+00,0.000000000000000000e+00,0.000000000000000000e+00,0.000000000000000000e+00,0.000000000000000000e+00,0.000000000000000000e+00,0.000000000000000000e+00,0.000000000000000000e+00,0.000000000000000000e+00,0.000000000000000000e+00,0.000000000000000000e+00,0.000000000000000000e+00,0.000000000000000000e+00,0.000000000000000000e+00,0.000000000000000000e+00,0.000000000000000000e+00,0.000000000000000000e+00,0.000000000000000000e+00,0.000000000000000000e+00,0.000000000000000000e+00,0.000000000000000000e+00,0.000000000000000000e+00,0.000000000000000000e+00,0.000000000000000000e+00,0.000000000000000000e+00,0.000000000000000000e+00,0.000000000000000000e+00,1.000000000000000000e+00,-1.000000000000000000e+00,-6.226192501161875725e-01,-6.627150222607887109e-01,3.962486069509607023e-01,4.985214870729126613e-01,6.150227807328171314e-01,-5.253115671604985382e-01,5.393372026306894051e-01,8.995914796915721601e-01,1.039164091819325120e-01,-9.932502522286222602e-02,-2.421182595755599909e-01,6.756088546705646403e-01,1.242786238646142322e-01,8.871253391414204437e-01,1.917792394769702591e-01,-9.375517684670930940e-01,9.465179294694364698e-01,-6.983614446065227188e-01,6.475726558224725871e-02,-9.581939967935180213e-01,8.762403824272051445e-01,-6.637435143279566407e-01,-3.182701937595277530e-01,4.017395628607491331e-01,-3.848488254542930392e-02,1.000000000000000000e+00,1.000000000000000000e+00,4.832204199871575345e-01,1.000000000000000000e+00,-3.895887075034341201e-02,5.160072780796901570e-01,-1.017114732814209943e-01,-6.172832983647418281e-01,-1.537067709493963596e-01,-5.736018056294472922e-01
0.000000000000000000e+00,0.000000000000000000e+00,0.000000000000000000e+00,0.000000000000000000e+00,0.000000000000000000e+00,0.000000000000000000e+00,0.000000000000000000e+00,0.000000000000000000e+00,0.000000000000000000e+00,0.000000000000000000e+00,0.000000000000000000e+00,0.000000000000000000e+00,0.000000000000000000e+00,0.000000000000000000e+00,0.000000000000000000e+00,0.000000000000000000e+00,0.000000000000000000e+00,0.000000000000000000e+00,0.000000000000000000e+00,0.000000000000000000e+00,0.000000000000000000e+00,0.000000000000000000e+00,0.000000000000000000e+00,0.000000000000000000e+00,0.000000000000000000e+00,0.000000000000000000e+00,0.000000000000000000e+00,0.000000000000000000e+00,0.000000000000000000e+00,0.000000000000000000e+00,0.000000000000000000e+00,0.000000000000000000e+00,0.000000000000000000e+00,0.000000000000000000e+00,0.000000000000000000e+00,0.000000000000000000e+00,0.000000000000000000e+00,0.000000000000000000e+00,0.000000000000000000e+00,0.000000000000000000e+00,0.000000000000000000e+00,0.000000000000000000e+00,0.000000000000000000e+00,0.000000000000000000e+00,0.000000000000000000e+00,0.000000000000000000e+00,0.000000000000000000e+00,0.000000000000000000e+00,0.000000000000000000e+00,0.000000000000000000e+00,0.000000000000000000e+00,0.000000000000000000e+00,0.000000000000000000e+00,0.000000000000000000e+00,0.000000000000000000e+00,0.000000000000000000e+00,0.000000000000000000e+00,0.000000000000000000e+00,0.000000000000000000e+00,0.000000000000000000e+00,0.000000000000000000e+00,0.000000000000000000e+00,0.000000000000000000e+00,0.000000000000000000e+00,1.000000000000000000e+00,4.268826689033258792e-01,4.531014300741953438e-01,-2.469906394545264006e-02,-2.534694398136150273e-01,-9.881992532695428599e-02,-7.892692904235065060e-03,-2.176467189505996991e-01,-1.884114775201757574e-01,7.847554043394658341e-02,-6.198556177607214557e-02,2.161438102409626860e-01,4.040346209438633318e-02,-5.343644162808014290e-03,-3.195725299681673737e-01,1.904031546212394954e-01,4.755266503046310378e-01,-6.273746192656071141e-01,1.872159493036331945e-01,-3.643578615352571076e-02,2.007672656342000261e-01,-2.214426786691988669e-01,2.496803045017520206e-01,6.493733973133265780e-02,-2.881436163275829729e-02,3.489073857039848847e-01,-7.322941136463326783e-01,-5.416811085630478528e-01,-4.794745909340846213e-01,-2.526743234357127221e-01,1.306106268913966584e-01,5.767038711149597568e-02,2.085060715627940209e-01,4.724795709853001902e-01,-2.081061976366376312e-02,2.623252413237718295e-01
0.000000000000000000e+00,0.000000000000000000e+00,0.000000000000000000e+00,0.000000000000000000e+00,0.000000000000000000e+00,0.000000000000000000e+00,0.000000000000000000e+00,0.000000000000000000e+00,0.000000000000000000e+00,0.000000000000000000e+00,0.000000000000000000e+00,0.000000000000000000e+00,0.000000000000000000e+00,0.000000000000000000e+00,0.000000000000000000e+00,0.000000000000000000e+00,0.000000000000000000e+00,0.000000000000000000e+00,0.000000000000000000e+00,0.000000000000000000e+00,0.000000000000000000e+00,0.000000000000000000e+00,0.000000000000000000e+00,0.000000000000000000e+00,0.000000000000000000e+00,0.000000000000000000e+00,0.000000000000000000e+00,0.000000000000000000e+00,0.000000000000000000e+00,0.000000000000000000e+00,0.000000000000000000e+00,0.000000000000000000e+00,0.000000000000000000e+00,0.000000000000000000e+00,0.000000000000000000e+00,0.000000000000000000e+00,0.000000000000000000e+00,0.000000000000000000e+00,0.000000000000000000e+00,0.000000000000000000e+00,0.000000000000000000e+00,0.000000000000000000e+00,0.000000000000000000e+00,0.000000000000000000e+00,0.000000000000000000e+00,0.000000000000000000e+00,0.000000000000000000e+00,0.000000000000000000e+00,0.000000000000000000e+00,0.000000000000000000e+00,0.000000000000000000e+00,0.000000000000000000e+00,0.000000000000000000e+00,0.000000000000000000e+00,0.000000000000000000e+00,0.000000000000000000e+00,0.000000000000000000e+00,0.000000000000000000e+00,0.000000000000000000e+00,0.000000000000000000e+00,0.000000000000000000e+00,0.000000000000000000e+00,0.000000000000000000e+00,0.000000000000000000e+00,0.000000000000000000e+00,1.000000000000000000e+00,8.949032700288100939e-01,3.962261777083970760e-01,-3.232997463908101055e-01,1.846723938969380419e-01,4.353196398028618685e-01,9.296507889383827383e-02,8.026641005417434888e-03,5.920707766311583686e-01,2.024654391542370369e-01,2.316067754852014771e-01,4.316002015346808163e-01,4.402210384669650312e-01,-9.112196529009412849e-02,2.248599623791522339e-01,5.190594698816387159e-02,-8.531749803160152412e-01,9.214291616918585115e-01,4.860544223204228409e-01,4.143184770731996869e-01,1.112933025887578725e-01,2.318534662045399208e-01,9.249270063522764540e-02,3.487438412495295625e-01,8.490217647618749641e-01,-4.189356800427706529e-01,-3.164720686336238153e-01,-6.594104537572711422e-01,1.773409942530107530e-01,3.398173918113707170e-01,2.349360248721990563e-01,4.935099101529708543e-01,7.640178441516971564e-01,-1.346268999055021398e-01,6.163663387025795082e-01
0.000000000000000000e+00,0.000000000000000000e+00,0.000000000000000000e+00,0.000000000000000000e+00,0.000000000000000000e+00,0.000000000000000000e+00,0.000000000000000000e+00,0.000000000000000000e+00,0.000000000000000000e+00,0.000000000000000000e+00,0.000000000000000000e+00,0.000000000000000000e+00,0.000000000000000000e+00,0.000000000000000000e+00,0.000000000000000000e+00,0.000000000000000000e+00,0.000000000000000000e+00,0.000000000000000000e+00,0.000000000000000000e+00,0.000000000000000000e+00,0.000000000000000000e+00,0.000000000000000000e+00,0.000000000000000000e+00,0.000000000000000000e+00,0.000000000000000000e+00,0.000000000000000000e+00,0.000000000000000000e+00,0.000000000000000000e+00,0.000000000000000000e+00,0.000000000000000000e+00,0.000000000000000000e+00,0.000000000000000000e+00,0.000000000000000000e+00,0.000000000000000000e+00,0.000000000000000000e+00,0.000000000000000000e+00,0.000000000000000000e+00,0.000000000000000000e+00,0.000000000000000000e+00,0.000000000000000000e+00,0.000000000000000000e+00,0.000000000000000000e+00,0.000000000000000000e+00,0.000000000000000000e+00,0.000000000000000000e+00,0.000000000000000000e+00,0.000000000000000000e+00,0.000000000000000000e+00,0.000000000000000000e+00,0.000000000000000000e+00,0.000000000000000000e+00,0.000000000000000000e+00,0.000000000000000000e+00,0.000000000000000000e+00,0.000000000000000000e+00,0.000000000000000000e+00,0.000000000000000000e+00,0.000000000000000000e+00,0.000000000000000000e+00,0.000000000000000000e+00,0.000000000000000000e+00,0.000000000000000000e+00,0.000000000000000000e+00,0.000000000000000000e+00,0.000000000000000000e+00,0.000000000000000000e+00,1.000000000000000000e+00,4.225890210816410919e-01,-3.170033849795108050e-01,1.446581616482541244e-01,2.510192251329675939e-01,2.124163854065195256e-01,-1.790008168956071233e-02,5.856115550553498972e-01,-2.614637545454179812e-01,-2.294080107176032363e-03,3.161804040551239314e-01,3.351062723045742375e-01,-1.323209929153420714e-02,3.242809048944755301e-01,1.745613145991854465e-01,-9.576415408253529105e-01,8.375563660399276689e-01,3.296031580210829759e-01,2.798617226419148896e-01,-3.785126327164172605e-02,1.358202798527554378e-01,-7.884021818164020645e-03,3.591057251583154031e-01,9.505403922601523004e-01,-6.276032393278525578e-01,-4.175128040352862890e-01,-4.475309124183521337e-01,3.071277944015196604e-01,3.142179439195456614e-01,3.571147659646022876e-01,3.696774637518587259e-01,4.317441045938343880e-01,-2.200833815260373472e-01,7.729511230883006068e-01
0.000000000000000000e+00,0.000000000000000000e+00,0.000000000000000000e+00,0.000000000000000000e+00,0.000000000000000000e+00,0.000000000000000000e+00,0.000000000000000000e+00,0.000000000000000000e+00,0.000000000000000000e+00,0.000000000000000000e+00,0.000000000000000000e+00,0.000000000000000000e+00,0.000000000000000000e+00,0.000000000000000000e+00,0.000000000000000000e+00,0.000000000000000000e+00,0.000000000000000000e+00,0.000000000000000000e+00,0.000000000000000000e+00,0.000000000000000000e+00,0.000000000000000000e+00,0.000000000000000000e+00,0.000000000000000000e+00,0.000000000000000000e+00,0.000000000000000000e+00,0.000000000000000000e+00,0.000000000000000000e+00,0.000000000000000000e+00,0.000000000000000000e+00,0.000000000000000000e+00,0.000000000000000000e+00,0.000000000000000000e+00,0.000000000000000000e+00,0.000000000000000000e+00,0.000000000000000000e+00,0.000000000000000000e+00,0.000000000000000000e+00,0.000000000000000000e+00,0.000000000000000000e+00,0.000000000000000000e+00,0.000000000000000000e+00,0.000000000000000000e+00,0.000000000000000000e+00,0.000000000000000000e+00,0.000000000000000000e+00,0.000000000000000000e+00,0.000000000000000000e+00,0.000000000000000000e+00,0.000000000000000000e+00,0.000000000000000000e+00,0.000000000000000000e+00,0.000000000000000000e+00,0.000000000000000000e+00,0.000000000000000000e+00,0.000000000000000000e+00,0.000000000000000000e+00,0.000000000000000000e+00,0.000000000000000000e+00,0.000000000000000000e+00,0.000000000000000000e+00,0.000000000000000000e+00,0.000000000000000000e+00,0.000000000000000000e+00,0.000000000000000000e+00,0.000000000000000000e+00,0.000000000000000000e+00,0.000000000000000000e+00,1.000000000000000000e+00,-2.736102184402419701e-01,3.512565127813728760e-01,3.796146483726394738e-01,4.103365876371024568e-01,1.306673434068129080e-01,6.621400838887696594e-01,-1.000000000000000000e+00,-8.193535472772817130e-02,6.413011484145905161e-01,5.383217906511474915e-01,-1.022759788183905394e-01,4.942177292569803204e-01,-1.140716215650148940e-01,-5.608006393235314135e-01,2.235911595205847813e-01,5.023949478581790640e-01,-2.118555731210856885e-02,2.964307069174335063e-01,-2.244570918346780186e-01,2.174449911998688548e-02,4.310284603140201454e-01,6.054755486087880501e-01,-6.491003693814061115e-02,1.680346429589698876e-01,-1.459980821755018643e-01,5.740805890556088809e-01,3.595318829629728929e-01,5.925564393489963777e-01,4.216197188538083340e-01,-3.156058610841760426e-01,-3.224728379215912599e-01,2.378418024503649864e-01
0.000000000000000000e+00,0.000000000000000000e+00,0.000000000000000000e+00,0.000000000000000000e+00,0.000000000000000000e+00,0.000000000000000000e+00,0.000000000000000000e+00,0.000000000000000000e+00,0.000000000000000000e+00,0.000000000000000000e+00,0.000000000000000000e+00,0.000000000000000000e+00,0.000000000000000000e+00,0.000000000000000000e+00,0.000000000000000000e+00,0.000000000000000000e+00,0.000000000000000000e+00,0.000000000000000000e+00,0.000000000000000000e+00,0.000000000000000000e+00,0.000000000000000000e+00,0.000000000000000000e+00,0.000000000000000000e+00,0.000000000000000000e+00,0.000000000000000000e+00,0.000000000000000000e+00,0.000000000000000000e+00,0.000000000000000000e+00,0.000000000000000000e+00,0.000000000000000000e+00,0.000000000000000000e+00,0.000000000000000000e+00,0.000000000000000000e+00,0.000000000000000000e+00,0.000000000000000000e+00,0.000000000000000000e+00,0.000000000000000000e+00,0.000000000000000000e+00,0.000000000000000000e+00,0.000000000000000000e+00,0.000000000000000000e+00,0.000000000000000000e+00,0.000000000000000000e+00,0.000000000000000000e+00,0.000000000000000000e+00,0.000000000000000000e+00,0.000000000000000000e+00,0.000000000000000000e+00,0.000000000000000000e+00,0.000000000000000000e+00,0.000000000000000000e+00,0.000000000000000000e+00,0.000000000000000000e+00,0.000000000000000000e+00,0.000000000000000000e+00,0.000000000000000000e+00,0.000000000000000000e+00,0.000000000000000000e+00,0.000000000000000000e+00,0.000000000000000000e+00,0.000000000000000000e+00,0.000000000000000000e+00,0.000000000000000000e+00,0.000000000000000000e+00,0.000000000000000000e+00,0.000000000000000000e+00,0.000000000000000000e+00,0.000000000000000000e+00,1.000000000000000000e+00,-3.918484274580152915e-01,-1.000000000000000000e+00,-2.196217608508573560e-01,2.479120799426151600e-01,-8.010633268124183193e-01,1.000000000000000000e+00,-6.056990323119554320e-01,-8.508560541847355330e-01,-7.759490205232861815e-01,1.000000000000000000e+00,-1.000000000000000000e+00,-4.797219413939550758e-01,1.000000000000000000e+00,-4.755486120480531542e-01,-1.000000000000000000e+00,-6.206282386126119599e-01,-1.969113081790845599e-01,-1.685988082445612213e-01,-5.389908016725580842e-01,-3.199203091589291059e-01,-1.000000000000000000e+00,9.513661451757877696e-01,8.804228840397907430e-01,1.000000000000000000e+00,7.289228995891025575e-02,-8.847661710031632376e-01,-8.062156532385345020e-01,-9.220399618640190420e-01,-2.448657784549591321e-01,-9.478047126130226263e-02,-7.527661974070686268e-01
0.000000000000000000e+00,0.000000000000000000e+00,0.000000000000000000e+00,0.000000000000000000e+00,0.000000000000000000e+00,0.000000000000000000e+00,0.000000000000000000e+00,0.000000000000000000e+00,0.000000000000000000e+00,0.000000000000000000e+00,0.000000000000000000e+00,0.000000000000000000e+00,0.000000000000000000e+00,0.000000000000000000e+00,0.000000000000000000e+00,0.000000000000000000e+00,0.000000000000000000e+00,0.000000000000000000e+00,0.000000000000000000e+00,0.000000000000000000e+00,0.000000000000000000e+00,0.000000000000000000e+00,0.000000000000000000e+00,0.000000000000000000e+00,0.000000000000000000e+00,0.000000000000000000e+00,0.000000000000000000e+00,0.000000000000000000e+00,0.000000000000000000e+00,0.000000000000000000e+00,0.000000000000000000e+00,0.000000000000000000e+00,0.000000000000000000e+00,0.000000000000000000e+00,0.000000000000000000e+00,0.000000000000000000e+00,0.000000000000000000e+00,0.000000000000000000e+00,0.000000000000000000e+00,0.000000000000000000e+00,0.000000000000000000e+00,0.000000000000000000e+00,0.000000000000000000e+00,0.000000000000000000e+00,0.000000000000000000e+00,0.000000000000000000e+00,0.000000000000000000e+00,0.000000000000000000e+00,0.000000000000000000e+00,0.000000000000000000e+00,0.000000000000000000e+00,0.000000000000000000e+00,0.000000000000000000e+00,0.000000000000000000e+00,0.000000000000000000e+00,0.000000000000000000e+00,0.000000000000000000e+00,0.000000000000000000e+00,0.000000000000000000e+00,0.000000000000000000e+00,0.000000000000000000e+00,0.000000000000000000e+00,0.000000000000000000e+00,0.000000000000000000e+00,0.000000000000000000e+00,0.000000000000000000e+00,0.000000000000000000e+00,0.000000000000000000e+00,0.000000000000000000e+00,1.000000000000000000e+00,2.144716549497105718e-01,5.624812271844983336e-01,6.260903784077896939e-01,4.586110769333850423e-01,-8.216393010199685154e-01,2.710571074204581876e-01,1.000000000000000000e+00,4.540767426732627010e-01,-8.130257361093361224e-02,6.701499406354272104e-01,-5.332224568304968493e-01,-2.107912923233802027e-01,-1.902803509213069899e-01,8.306736568718110503e-01,-8.203659478599388821e-01,9.918566633153128587e-01,-2.432205313460041041e-01,-7.362171162357585008e-02,5.554555740239899286e-01,7.512214548812045090e-01,9.239607653146186816e-02,4.429095635282702670e-01,-8.134909744661752429e-01,2.225750325779831396e-01,4.855728983012278510e-01,8.341213004206775583e-01,5.742233726032174301e-01,-1.229886432859163409e-01,-1.646532433398329165e-01,-1.010690898651652771e-02
0.000000000000000000e+00,0.000000000000000000e+00,0.000000000000000000e+00,0.000000000000000000e+00,0.000000000000000000e+00,0.000000000000000000e+00,0.000000000000000000e+00,0.000000000000000000e+00,0.000000000000000000e+00,0.000000000000000000e+00,0.000000000000000000e+00,0.000000000000000000e+00,0.000000000000000000e+00,0.000000000000000000e+00,0.000000000000000000e+00,0.000000000000000000e+00,0.000000000000000000e+00,0.000000000000000000e+00,0.000000000000000000e+00,0.000000000000000000e+00,0.000000000000000000e+00,0.000000000000000000e+00,0.000000000000000000e+00,0.000000000000000000e+00,0.000000000000000000e+00,0.000000000000000000e+00,0.000000000000000000e+00,0.000000000000000000e+00,0.000000000000000000e+00,0.000000000000000000e+00,0.000000000000000000e+00,0.000000000000000000e+00,0.000000000000000000e+00,0.000000000000000000e+00,0.000000000000000000e+00,0.000000000000000000e+00,0.000000000000000000e+00,0.000000000000000000e+00,0.000000000000000000e+00,0.000000000000000000e+00,0.000000000000000000e+00,0.000000000000000000e+00,0.000000000000000000e+00,0.000000000000000000e+00,0.000000000000000000e+00,0.000000000000000000e+00,0.000000000000000000e+00,0.000000000000000000e+00,0.000000000000000000e+00,0.000000000000000000e+00,0.000000000000000000e+00,0.000000000000000000e+00,0.000000000000000000e+00,0.000000000000000000e+00,0.000000000000000000e+00,0.000000000000000000e+00,0.000000000000000000e+00,0.000000000000000000e+00,0.000000000000000000e+00,0.000000000000000000e+00,0.000000000000000000e+00,0.000000000000000000e+00,0.000000000000000000e+00,0.000000000000000000e+00,0.000000000000000000e+00,0.000000000000000000e+00,0.000000000000000000e+00,0.000000000000000000e+00,0.000000000000000000e+00,0.000000000000000000e+00,1.000000000000000000e+00,1.723728652698165442e-01,-5.306314725593919146e-02,3.684985540870213128e-01,-1.901700658512975595e-01,2.811186961900044579e-01,3.094849437072054177e-01,4.699323049304398592e-01,-6.179936986358696149e-01,3.085331807296924911e-01,-2.400428443395427047e-01,-3.283300165231055057e-01,4.027232293406227681e-01,7.024848044063922714e-01,6.070334262746864828e-01,2.084819522872682074e-01,-6.519642677815234988e-02,4.139623271463316878e-01,8.985359076942377177e-02,1.892338049013809476e-01,3.480217023344092664e-01,-1.078587005055416381e-01,-3.532523451556663363e-01,3.062405514630521242e-01,3.522279121145971970e-01,2.493284722332649583e-01,3.248819414203962253e-01,9.067875211380073408e-02,1.622064477232432467e-01,5.120825005205387193e-01
0.000000000000000000e+00,0.000000000000000000e+00,0.000000000000000000e+00,0.000000000000000000e+00,0.000000000000000000e+00,0.000000000000000000e+00,0.000000000000000000e+00,0.000000000000000000e+00,0.000000000000000000e+00,0.000000000000000000e+00,0.000000000000000000e+00,0.000000000000000000e+00,0.000000000000000000e+00,0.000000000000000000e+00,0.000000000000000000e+00,0.000000000000000000e+00,0.000000000000000000e+00,0.000000000000000000e+00,0.000000000000000000e+00,0.000000000000000000e+00,0.000000000000000000e+00,0.000000000000000000e+00,0.000000000000000000e+00,0.000000000000000000e+00,0.000000000000000000e+00,0.000000000000000000e+00,0.000000000000000000e+00,0.000000000000000000e+00,0.000000000000000000e+00,0.000000000000000000e+00,0.000000000000000000e+00,0.000000000000000000e+00,0.000000000000000000e+00,0.000000000000000000e+00,0.000000000000000000e+00,0.000000000000000000e+00,0.000000000000000000e+00,0.000000000000000000e+00,0.000000000000000000e+00,0.000000000000000000e+00,0.000000000000000000e+00,0.000000000000000000e+00,0.000000000000000000e+00,0.000000000000000000e+00,0.000000000000000000e+00,0.000000000000000000e+00,0.000000000000000000e+00,0.000000000000000000e+00,0.000000000000000000e+00,0.000000000000000000e+00,0.000000000000000000e+00,0.000000000000000000e+00,0.000000000000000000e+00,0.000000000000000000e+00,0.000000000000000000e+00,0.000000000000000000e+00,0.000000000000000000e+00,0.000000000000000000e+00,0.000000000000000000e+00,0.000000000000000000e+00,0.000000000000000000e+00,0.000000000000000000e+00,0.000000000000000000e+00,0.000000000000000000e+00,0.000000000000000000e+00,0.000000000000000000e+00,0.000000000000000000e+00,0.000000000000000000e+00,0.000000000000000000e+00,0.000000000000000000e+00,0.000000000000000000e+00,1.000000000000000000e+00,3.191144715611398119e-01,9.308058254118013464e-01,-1.000000000000000000e+00,-5.093830009658821822e-01,7.417601991013181850e-01,5.766854576527422616e-01,2.792975012776265364e-01,5.506603770848353951e-01,-6.771443634511010723e-01,-3.158599121268515497e-01,4.453422112339776029e-01,6.952961357337541504e-01,3.255128095923584541e-02,5.868629444486505031e-01,-6.347482162942554851e-01,-2.132897933670488133e-01,6.738760602406572708e-01,1.000000000000000000e+00,4.441412309228540689e-01,7.927333936154991045e-01,4.441259435044298681e-02,7.520572506081888431e-01,3.733480587272002826e-01,1.000000000000000000e+00,3.476371275783630699e-01,-6.479628530224582628e-01,-2.469619432095644662e-01,2.210446058978304540e-01
0.000000000000000000e+00,0.000000000000000000e+00,0.000000000000000000e+00,0.000000000000000000e+00,0.000000000000000000e+00,0.000000000000000000e+00,0.000000000000000000e+00,0.000000000000000000e+00,0.000000000000000000e+00,0.000000000000000000e+00,0.000000000000000000e+00,0.000000000000000000e+00,0.000000000000000000e+00,0.000000000000000000e+00,0.000000000000000000e+00,0.000000000000000000e+00,0.000000000000000000e+00,0.000000000000000000e+00,0.000000000000000000e+00,0.000000000000000000e+00,0.000000000000000000e+00,0.000000000000000000e+00,0.000000000000000000e+00,0.000000000000000000e+00,0.000000000000000000e+00,0.000000000000000000e+00,0.000000000000000000e+00,0.000000000000000000e+00,0.000000000000000000e+00,0.000000000000000000e+00,0.000000000000000000e+00,0.000000000000000000e+00,0.000000000000000000e+00,0.000000000000000000e+00,0.000000000000000000e+00,0.000000000000000000e+00,0.000000000000000000e+00,0.000000000000000000e+00,0.000000000000000000e+00,0.000000000000000000e+00,0.000000000000000000e+00,0.000000000000000000e+00,0.000000000000000000e+00,0.000000000000000000e+00,0.000000000000000000e+00,0.000000000000000000e+00,0.000000000000000000e+00,0.000000000000000000e+00,0.000000000000000000e+00,0.000000000000000000e+00,0.000000000000000000e+00,0.000000000000000000e+00,0.000000000000000000e+00,0.000000000000000000e+00,0.000000000000000000e+00,0.000000000000000000e+00,0.000000000000000000e+00,0.000000000000000000e+00,0.000000000000000000e+00,0.000000000000000000e+00,0.000000000000000000e+00,0.000000000000000000e+00,0.000000000000000000e+00,0.000000000000000000e+00,0.000000000000000000e+00,0.000000000000000000e+00,0.000000000000000000e+00,0.000000000000000000e+00,0.000000000000000000e+00,0.000000000000000000e+00,0.000000000000000000e+00,0.000000000000000000e+00,1.000000000000000000e+00,1.214911624409695107e-01,4.848069647818681882e-01,4.815381686737702505e-01,9.513345120582671344e-01,2.789899554652124913e-01,2.273980578033213407e-01,5.892527939963844164e-01,-7.540875574561243244e-01,4.137724437273395117e-01,-4.912685079561355805e-01,5.770328837385083620e-01,-8.390001488514898798e-01,1.000000000000000000e+00,-2.600341214130767464e-01,1.110998238304901353e-01,4.084776866116390237e-01,2.775739284253003203e-01,7.418330542513327241e-01,5.149814634038039074e-01,-5.999604302773086095e-01,8.817588547963299828e-01,3.152759063304103604e-01,7.456318780947263081e-01,2.462407874693913479e-01,3.009247849385514595e-01,1.160628632335751198e-01,6.180273236087464178e-02
0.000000000000000000e+00,0.000000000000000000e+00,0.000000000000000000e+00,0.000000000000000000e+00,0.000000000000000000e+00,0.000000000000000000e+00,0.000000000000000000e+00,0.000000000000000000e+00,0.000000000000000000e+00,0.000000000000000000e+00,0.000000000000000000e+00,0.000000000000000000e+00,0.000000000000000000e+00,0.000000000000000000e+00,0.000000000000000000e+00,0.000000000000000000e+00,0.000000000000000000e+00,0.000000000000000000e+00,0.000000000000000000e+00,0.000000000000000000e+00,0.000000000000000000e+00,0.000000000000000000e+00,0.000000000000000000e+00,0.000000000000000000e+00,0.000000000000000000e+00,0.000000000000000000e+00,0.000000000000000000e+00,0.000000000000000000e+00,0.000000000000000000e+00,0.000000000000000000e+00,0.000000000000000000e+00,0.000000000000000000e+00,0.000000000000000000e+00,0.000000000000000000e+00,0.000000000000000000e+00,0.000000000000000000e+00,0.000000000000000000e+00,0.000000000000000000e+00,0.000000000000000000e+00,0.000000000000000000e+00,0.000000000000000000e+00,0.000000000000000000e+00,0.000000000000000000e+00,0.000000000000000000e+00,0.000000000000000000e+00,0.000000000000000000e+00,0.000000000000000000e+00,0.000000000000000000e+00,0.000000000000000000e+00,0.000000000000000000e+00,0.000000000000000000e+00,0.000000000000000000e+00,0.000000000000000000e+00,0.000000000000000000e+00,0.000000000000000000e+00,0.000000000000000000e+00,0.000000000000000000e+00,0.000000000000000000e+00,0.000000000000000000e+00,0.000000000000000000e+00,0.000000000000000000e+00,0.000000000000000000e+00,0.000000000000000000e+00,0.000000000000000000e+00,0.000000000000000000e+00,0.000000000000000000e+00,0.000000000000000000e+00,0.000000000000000000e+00,0.000000000000000000e+00,0.000000000000000000e+00,0.000000000000000000e+00,0.000000000000000000e+00,0.000000000000000000e+00,1.000000000000000000e+00,-8.048921624616098836e-01,-2.500256175076325804e-01,7.472290272853061577e-01,6.249962988956140331e-01,1.208776741931441856e-01,5.098141529451579723e-01,-2.090740222614306532e-01,-7.747697550100585140e-01,7.341669335316243217e-01,6.650208425800597789e-01,4.686122431875913152e-01,3.743476006200001649e-01,-3.246905286908571275e-01,-1.848431534881787158e-02,5.705752295118021733e-01,9.677695448760543773e-01,8.173983265125327191e-02,1.874953687829541693e-01,-1.352475400471262745e-01,6.823119389358922593e-01,4.062109809816712436e-01,8.442888906604756327e-01,4.304575439247554369e-01,-1.062397265354214360e-01,-3.442732262151497191e-01,6.164586816563335514e-01
0.000000000000000000e+00,0.000000000000000000e+00,0.000000000000000000e+00,0.000000000000000000e+00,0.000000000000000000e+00,0.000000000000000000e+00,0.000000000000000000e+00,0.000000000000000000e+00,0.000000000000000000e+00,0.000000000000000000e+00,0.000000000000000000e+00,0.000000000000000000e+00,0.000000000000000000e+00,0.000000000000000000e+00,0.000000000000000000e+00,0.000000000000000000e+00,0.000000000000000000e+00,0.000000000000000000e+00,0.000000000000000000e+00,0.000000000000000000e+00,0.000000000000000000e+00,0.000000000000000000e+00,0.000000000000000000e+00,0.000000000000000000e+00,0.000000000000000000e+00,0.000000000000000000e+00,0.000000000000000000e+00,0.000000000000000000e+00,0.000000000000000000e+00,0.000000000000000000e+00,0.000000000000000000e+00,0.000000000000000000e+00,0.000000000000000000e+00,0.000000000000000000e+00,0.000000000000000000e+00,0.000000000000000000e+00,0.000000000000000000e+00,0.000000000000000000e+00,0.000000000000000000e+00,0.000000000000000000e+00,0.000000000000000000e+00,0.000000000000000000e+00,0.000000000000000000e+00,0.000000000000000000e+00,0.000000000000000000e+00,0.000000000000000000e+00,0.000000000000000000e+00,0.000000000000000000e+00,0.000000000000000000e+00,0.000000000000000000e+00,0.000000000000000000e+00,0.000000000000000000e+00,0.000000000000000000e+00,0.000000000000000000e+00,0.000000000000000000e+00,0.000000000000000000e+00,0.000000000000000000e+00,0.000000000000000000e+00,0.000000000000000000e+00,0.000000000000000000e+00,0.000000000000000000e+00,0.000000000000000000e+00,0.000000000000000000e+00,0.000000000000000000e+00,0.000000000000000000e+00,0.000000000000000000e+00,0.000000000000000000e+00,0.000000000000000000e+00,0.000000000000000000e+00,0.000000000000000000e+00,0.000000000000000000e+00,0.000000000000000000e+00,0.000000000000000000e+00,0.000000000000000000e+00,1.000000000000000000e+00,1.501082300447261209e-01,-9.823389487207594140e-02,-1.222140434729685338e-01,1.274897275438529043e-01,-1.683659759372763132e-01,-6.064616186156581573e-02,2.670892157852711168e-01,6.333252645371900691e-02,-3.515978359690545563e-02,1.919609923700160703e-01,3.043549896155432755e-02,1.089542301531265800e-01,7.777711819896074297e-02,-1.077502175871420387e-01,-2.387939914413844400e-01,2.648247839892808875e-01,-8.141582900291771674e-02,-3.537583962010443055e-03,-5.809196142060887164e-02,-8.517916734090927311e-02,-2.014113514430852792e-01,-1.604115342946996481e-01,3.856569098440372212e-01,2.315701892708685317e-01,7.043165159927214369e-02
0.000000000000000000e+00,0.000000000000000000e+00,0.000000000000000000e+00,0.000000000000000000e+00,0.000000000000000000e+00,0.000000000000000000e+00,0.000000000000000000e+00,0.000000000000000000e+00,0.000000000000000000e+00,0.000000000000000000e+00,0.000000000000000000e+00,0.000000000000000000e+00,0.000000000000000000e+00,0.000000000000000000e+00,0.000000000000000000e+00,0.000000000000000000e+00,0.000000000000000000e+00,0.000000000000000000e+00,0.000000000000000000e+00,0.000000000000000000e+00,0.000000000000000000e+00,0.000000000000000000e+00,0.000000000000000000e+00,0.000000000000000000e+00,0.000000000000000000e+00,0.000000000000000000e+00,0.000000000000000000e+00,0.000000000000000000e+00,0.000000000000000000e+00,0.000000000000000000e+00,0.000000000000000000e+00,0.000000000000000000e+00,0.000000000000000000e+00,0.000000000000000000e+00,0.000000000000000000e+00,0.000000000000000000e+00,0.000000000000000000e+00,0.000000000000000000e+00,0.000000000000000000e+00,0.000000000000000000e+00,0.000000000000000000e+00,0.000000000000000000e+00,0.000000000000000000e+00,0.000000000000000000e+00,0.000000000000000000e+00,0.000000000000000000e+00,0.000000000000000000e+00,0.000000000000000000e+00,0.000000000000000000e+00,0.000000000000000000e+00,0.000000000000000000e+00,0.000000000000000000e+00,0.000000000000000000e+00,0.000000000000000000e+00,0.000000000000000000e+00,0.000000000000000000e+00,0.000000000000000000e+00,0.000000000000000000e+00,0.000000000000000000e+00,0.000000000000000000e+00,0.000000000000000000e+00,0.000000000000000000e+00,0.000000000000000000e+00,0.000000000000000000e+00,0.000000000000000000e+00,0.000000000000000000e+00,0.000000000000000000e+00,0.000000000000000000e+00,0.000000000000000000e+00,0.000000000000000000e+00,0.000000000000000000e+00,0.000000000000000000e+00,0.000000000000000000e+00,0.000000000000000000e+00,0.000000000000000000e+00,1.000000000000000000e+00,4.775321114505996500e-01,1.285931097556643754e-01,-7.554489303198343997e-01,4.151766507521211791e-01,2.205844492776540613e-02,1.037773840526445973e-01,-4.293147654338609898e-01,5.298928046287050275e-01,-1.201587708893735035e-01,4.464604685595464639e-01,3.190647239372762511e-01,4.961225491524156594e-01,-9.181813867882156199e-02,-1.728886479509814111e-01,1.118951203942212813e-01,-4.086918937474971480e-01,-1.000000000000000000e+00,-1.519321991511631831e-01,3.513669173836377335e-01,6.014342977739590285e-02,2.930249059758828212e-01,7.737730394553428148e-01,5.559051495415994193e-01,3.994540813502948928e-02
0.000000000000000000e+00,0.000000000000000000e+00,0.000000000000000000e+00,0.000000000000000000e+00,0.000000000000000000e+00,0.000000000000000000e+00,0.000000000000000000e+00,0.000000000000000000e+00,0.000000000000000000e+00,0.000000000000000000e+00,0.000000000000000000e+00,0.000000000000000000e+00,0.000000000000000000e+00,0.000000000000000000e+00,0.000000000000000000e+00,0.000000000000000000e+00,0.000000000000000000e+00,0.000000000000000000e+00,0.000000000000000000e+00,0.000000000000000000e+00,0.000000000000000000e+00,0.000000000000000000e+00,0.000000000000000000e+00,0.000000000000000000e+00,0.000000000000000000e+00,0.000000000000000000e+00,0.000000000000000000e+00,0.000000000000000000e+00,0.000000000000000000e+00,0.000000000000000000e+00,0.000000000000000000e+00,0.000000000000000000e+00,0.000000000000000000e+00,0.000000000000000000e+00,0.000000000000000000e+00,0.000000000000000000e+00,0.000000000000000000e+00,0.000000000000000000e+00,0.000000000000000000e+00,0.000000000000000000e+00,0.000000000000000000e+00,0.000000000000000000e+00,0.000000000000000000e+00,0.000000000000000000e+00,0.000000000000000000e+00,0.000000000000000000e+00,0.000000000000000000e+00,0.000000000000000000e+00,0.000000000000000000e+00,0.000000000000000000e+00,0.000000000000000000e+00,0.000000000000000000e+00,0.000000000000000000e+00,0.000000000000000000e+00,0.000000000000000000e+00,0.000000000000000000e+00,0.000000000000000000e+00,0.000000000000000000e+00,0.000000000000000000e+00,0.000000000000000000e+00,0.000000000000000000e+00,0.000000000000000000e+00,0.000000000000000000e+00,0.000000000000000000e+00,0.000000000000000000e+00,0.000000000000000000e+00,0.000000000000000000e+00,0.000000000000000000e+00,0.000000000000000000e+00,0.000000000000000000e+00,0.000000000000000000e+00,0.000000000000000000e+00,0.000000000000000000e+00,0.000000000000000000e+00,0.000000000000000000e+00,0.000000000000000000e+00,1.000000000000000000e+00,4.067835249529090924e-01,-5.347106643980657076e-02,5.921232314818056786e-01,-1.321273286564990657e-01,-2.965700807278273121e-01,-3.380758266150531155e-02,6.982870694975856773e-01,-1.922685340073127247e-01,7.543145171480424294e-01,-1.321602204011816661e-01,8.627421661210613046e-02,4.047123149577677714e-01,5.247058677887986855e-01,1.431720224242878370e-01,7.252254633193927491e-02,-5.916284283974783120e-01,4.576533338110035376e-01,4.481640243566978876e-01,6.469343643315524917e-01,3.584126231994909095e-01,3.530316891883372027e-02,3.536406941767777229e-02,2.556702838486419882e-01
0.000000000000000000e+00,0.000000000000000000e+00,0.000000000000000000e+00,0.000000000000000000e+00,0.000000000000000000e+00,0.000000000000000000e+00,0.000000000000000000e+00,0.000000000000000000e+00,0.000000000000000000e+00,0.000000000000000000e+00,0.000000000000000000e+00,0.000000000000000000e+00,0.000000000000000000e+00,0.000000000000000000e+00,0.000000000000000000e+00,0.000000000000000000e+00,0.000000000000000000e+00,0.000000000000000000e+00,0.000000000000000000e+00,0.000000000000000000e+00,0.000000000000000000e+00,0.000000000000000000e+00,0.000000000000000000e+00,0.000000000000000000e+00,0.000000000000000000e+00,0.000000000000000000e+00,0.000000000000000000e+00,0.000000000000000000e+00,0.000000000000000000e+00,0.000000000000000000e+00,0.000000000000000000e+00,0.000000000000000000e+00,0.000000000000000000e+00,0.000000000000000000e+00,0.000000000000000000e+00,0.000000000000000000e+00,0.000000000000000000e+00,0.000000000000000000e+00,0.000000000000000000e+00,0.000000000000000000e+00,0.000000000000000000e+00,0.000000000000000000e+00,0.000000000000000000e+00,0.000000000000000000e+00,0.000000000000000000e+00,0.000000000000000000e+00,0.000000000000000000e+00,0.000000000000000000e+00,0.000000000000000000e+00,0.000000000000000000e+00,0.000000000000000000e+00,0.000000000000000000e+00,0.000000000000000000e+00,0.000000000000000000e+00,0.000000000000000000e+00,0.000000000000000000e+00,0.000000000000000000e+00,0.000000000000000000e+00,0.000000000000000000e+00,0.000000000000000000e+00,0.000000000000000000e+00,0.000000000000000000e+00,0.000000000000000000e+00,0.000000000000000000e+00,0.000000000000000000e+00,0.000000000000000000e+00,0.000000000000000000e+00,0.000000000000000000e+00,0.000000000000000000e+00,0.000000000000000000e+00,0.000000000000000000e+00,0.000000000000000000e+00,0.000000000000000000e+00,0.000000000000000000e+00,0.000000000000000000e+00,0.000000000000000000e+00,0.000000000000000000e+00,1.000000000000000000e+00,-3.505340688964023732e-01,7.611669388653216073e-01,-4.754129812513162023e-01,-7.695376708491779016e-01,6.636993723685142843e-01,1.000000000000000000e+00,3.337358180105397532e-01,6.524739357499759196e-01,-2.834936033794502319e-01,3.163269572459372903e-01,6.499700491238209477e-01,9.517212285315480580e-01,2.591763940491269014e-01,2.689743825825896550e-01,-5.838397465585637436e-01,1.000000000000000000e+00,6.836581128989094314e-01,9.018318915717687956e-01,7.638701174039992381e-01,-6.330683588420457902e-04,-2.506050457216602578e-01,5.829753236278418793e-01
0.000000000000000000e+00,0.000000000000000000e+00,0.000000000000000000e+00,0.000000000000000000e+00,0.000000000000000000e+00,0.000000000000000000e+00,0.000000000000000000e+00,0.000000000000000000e+00,0.000000000000000000e+00,0.000000000000000000e+00,0.000000000000000000e+00,0.000000000000000000e+00,0.000000000000000000e+00,0.000000000000000000e+00,0.000000000000000000e+00,0.000000000000000000e+00,0.000000000000000000e+00,0.000000000000000000e+00,0.000000000000000000e+00,0.000000000000000000e+00,0.000000000000000000e+00,0.000000000000000000e+00,0.000000000000000000e+00,0.000000000000000000e+00,0.000000000000000000e+00,0.000000000000000000e+00,0.000000000000000000e+00,0.000000000000000000e+00,0.000000000000000000e+00,0.000000000000000000e+00,0.000000000000000000e+00,0.000000000000000000e+00,0.000000000000000000e+00,0.000000000000000000e+00,0.000000000000000000e+00,0.000000000000000000e+00,0.000000000000000000e+00,0.000000000000000000e+00,0.000000000000000000e+00,0.000000000000000000e+00,0.000000000000000000e+00,0.000000000000000000e+00,0.000000000000000000e+00,0.000000000000000000e+00,0.000000000000000000e+00,0.000000000000000000e+00,0.000000000000000000e+00,0.000000000000000000e+00,0.000000000000000000e+00,0.000000000000000000e+00,0.000000000000000000e+00,0.000000000000000000e+00,0.000000000000000000e+00,0.000000000000000000e+00,0.000000000000000000e+00,0.000000000000000000e+00,0.000000000000000000e+00,0.000000000000000000e+00,0.000000000000000000e+00,0.000000000000000000e+00,0.000000000000000000e+00,0.000000000000000000e+00,0.000000000000000000e+00,0.000000000000000000e+00,0.000000000000000000e+00,0.000000000000000000e+00,0.000000000000000000e+00,0.000000000000000000e+00,0.000000000000000000e+00,0.000000000000000000e+00,0.000000000000000000e+00,0.000000000000000000e+00,0.000000000000000000e+00,0.000000000000000000e+00,0.000000000000000000e+00,0.000000000000000000e+00,0.000000000000000000e+00,0.000000000000000000e+00,1.000000000000000000e+00,-3.914160070167022054e-01,-1.141596797553649095e-01,1.766432485808875630e-01,2.595540460777384650e-01,-3.508756702572650155e-01,-2.769405754404820064e-01,4.388193830451118244e-02,-1.021930814611669569e-01,-4.359991609298442539e-01,1.644589227813025301e-01,4.951592970139132716e-02,6.505354207868854766e-02,3.429555512307035370e-01,6.235503328957099356e-01,2.693713221874386443e-01,-2.701375734037234078e-01,-2.045611170954509117e-01,-2.765158737525746369e-01,-1.954998242515928186e-01,-3.516824570909451442e-01,-2.837225576516162057e-02
0.000000000000000000e+00,0.000000000000000000e+00,0.000000000000000000e+00,0.000000000000000000e+00,0.000000000000000000e+00,0.000000000000000000e+00,0.000000000000000000e+00,0.000000000000000000e+00,0.000000000000000000e+00,0.000000000000000000e+00,0.000000000000000000e+00,0.000000000000000000e+00,0.000000000000000000e+00,0.000000000000000000e+00,0.000000000000000000e+00,0.000000000000000000e+00,0.000000000000000000e+00,0.000000000000000000e+00,0.000000000000000000e+00,0.000000000000000000e+00,0.000000000000000000e+00,0.000000000000000000e+00,0.000000000000000000e+00,0.000000000000000000e+00,0.000000000000000000e+00,0.000000000000000000e+00,0.000000000000000000e+00,0.000000000000000000e+00,0.000000000000000000e+00,0.000000000000000000e+00,0.000000000000000000e+00,0.000000000000000000e+00,0.000000000000000000e+00,0.000000000000000000e+00,0.000000000000000000e+00,0.000000000000000000e+00,0.000000000000000000e+00,0.000000000000000000e+00,0.000000000000000000e+00,0.000000000000000000e+00,0.000000000000000000e+00,0.000000000000000000e+00,0.000000000000000000e+00,0.000000000000000000e+00,0.000000000000000000e+00,0.000000000000000000e+00,0.000000000000000000e+00,0.000000000000000000e+00,0.000000000000000000e+00,0.000000000000000000e+00,0.000000000000000000e+00,0.000000000000000000e+00,0.000000000000000000e+00,0.000000000000000000e+00,0.000000000000000000e+00,0.000000000000000000e+00,0.000000000000000000e+00,0.000000000000000000e+00,0.000000000000000000e+00,0.000000000000000000e+00,0.000000000000000000e+00,0.000000000000000000e+00,0.000000000000000000e+00,0.000000000000000000e+00,0.000000000000000000e+00,0.000000000000000000e+00,0.000000000000000000e+00,0.000000000000000000e+00,0.000000000000000000e+00,0.000000000000000000e+00,0.000000000000000000e+00,0.000000000000000000e+00,0.000000000000000000e+00,0.000000000000000000e+00,0.000000000000000000e+00,0.000000000000000000e+00,0.000000000000000000e+00,0.000000000000000000e+00,0.000000000000000000e+00,1.000000000000000000e+00,-1.278111211635576394e-01,-5.184581003753492290e-01,-2.226822129624446700e-01,7.830917442165208353e-01,-3.209148786687459481e-02,6.155740374716297536e-01,-2.529440749103377684e-01,2.979438990383752595e-01,3.651743499152703687e-01,6.787345408482015063e-01,3.796030049315233384e-02,-8.661655894009266665e-02,-8.138172957413694064e-01,5.671448089073645171e-01,5.775936026659217459e-01,1.000000000000000000e+00,4.850475718424449023e-01,9.935190339668976967e-02,1.388106007285961618e-01,3.823376636665408168e-01
0.000000000000000000e+00,0.000000000000000000e+00,0.000000000000000000e+00,0.000000000000000000e+00,0.000000000000000000e+00,0.000000000000000000e+00,0.000000000000000000e+00,0.000000000000000000e+00,0.000000000000000000e+00,0.000000000000000000e+00,0.000000000000000000e+00,0.000000000000000000e+00,0.000000000000000000e+00,0.000000000000000000e+00,0.000000000000000000e+00,0.000000000000000000e+00,0.000000000000000000e+00,0.000000000000000000e+00,0.000000000000000000e+00,0.000000000000000000e+00,0.000000000000000000e+00,0.000000000000000000e+00,0.000000000000000000e+00,0.000000000000000000e+00,0.000000000000000000e+00,0.000000000000000000e+00,0.000000000000000000e+00,0.000000000000000000e+00,0.000000000000000000e+00,0.000000000000000000e+00,0.000000000000000000e+00,0.000000000000000000e+00,0.000000000000000000e+00,0.000000000000000000e+00,0.000000000000000000e+00,0.000000000000000000e+00,0.000000000000000000e+00,0.000000000000000000e+00,0.000000000000000000e+00,0.000000000000000000e+00,0.000000000000000000e+00,0.000000000000000000e+00,0.000000000000000000e+00,0.000000000000000000e+00,0.000000000000000000e+00,0.000000000000000000e+00,0.000000000000000000e+00,0.000000000000000000e+00,0.000000000000000000e+00,0.000000000000000000e+00,0.000000000000000000e+00,0.000000000000000000e+00,0.000000000000000000e+00,0.000000000000000000e+00,0.000000000000000000e+00,0.000000000000000000e+00,0.000000000000000000e+00,0.000000000000000000e+00,0.000000000000000000e+00,0.000000000000000000e+00,0.000000000000000000e+00,0.000000000000000000e+00,0.000000000000000000e+00,0.000000000000000000e+00,0.000000000000000000e+00,0.000000000000000000e+00,0.000000000000000000e+00,0.000000000000000000e+00,0.000000000000000000e+00,0.000000000000000000e+00,0.000000000000000000e+00,0.000000000000000000e+00,0.000000000000000000e+00,0.000000000000000000e+00,0.000000000000000000e+00,0.000000000000000000e+00,0.000000000000000000e+00,0.000000000000000000e+00,0.000000000000000000e+00,0.000000000000000000e+00,1.000000000000000000e+00,-4.670891027403482054e-01,-8.598847533337809421e-03,-3.641473933574220223e-01,1.178901061147056145e-01,-4.423713754705586032e-01,4.306234094125387379e-01,-1.427118730648128664e-01,-1.889856053839817918e-01,-8.531974946567895401e-02,-1.000000000000000000e+00,-7.274884607190241770e-01,-1.994539084504321630e-02,-6.377450288958206315e-01,-2.435007293376276541e-02,-5.658479986391615757e-01,-1.032313426797663164e-01,-2.121971059855572161e-03,9.760329283537606815e-02,-1.414249317913112702e-01
0.000000000000000000e+00,0.000000000000000000e+00,0.000000000000000000e+00,0.000000000000000000e+00,0.000000000000000000e+00,0.000000000000000000e+00,0.000000000000000000e+00,0.000000000000000000e+00,0.000000000000000000e+00,0.000000000000000000e+00,0.000000000000000000e+00,0.000000000000000000e+00,0.000000000000000000e+00,0.000000000000000000e+00,0.000000000000000000e+00,0.000000000000000000e+00,0.000000000000000000e+00,0.000000000000000000e+00,0.000000000000000000e+00,0.000000000000000000e+00,0.000000000000000000e+00,0.000000000000000000e+00,0.000000000000000000e+00,0.000000000000000000e+00,0.000000000000000000e+00,0.000000000000000000e+00,0.000000000000000000e+00,0.000000000000000000e+00,0.000000000000000000e+00,0.000000000000000000e+00,0.000000000000000000e+00,0.000000000000000000e+00,0.000000000000000000e+00,0.000000000000000000e+00,0.000000000000000000e+00,0.000000000000000000e+00,0.000000000000000000e+00,0.000000000000000000e+00,0.000000000000000000e+00,0.000000000000000000e+00,0.000000000000000000e+00,0.000000000000000000e+00,0.000000000000000000e+00,0.000000000000000000e+00,0.000000000000000000e+00,0.000000000000000000e+00,0.000000000000000000e+00,0.000000000000000000e+00,0.000000000000000000e+00,0.000000000000000000e+00,0.000000000000000000e+00,0.000000000000000000e+00,0.000000000000000000e+00,0.000000000000000000e+00,0.000000000000000000e+00,0.000000000000000000e+00,0.000000000000000000e+00,0.000000000000000000e+00,0.000000000000000000e+00,0.000000000000000000e+00,0.000000000000000000e+00,0.000000000000000000e+00,0.000000000000000000e+00,0.000000000000000000e+00,0.000000000000000000e+00,0.000000000000000000e+00,0.000000000000000000e+00,0.000000000000000000e+00,0.000000000000000000e+00,0.000000000000000000e+00,0.000000000000000000e+00,0.000000000000000000e+00,0.000000000000000000e+00,0.000000000000000000e+00,0.000000000000000000e+00,0.000000000000000000e+00,0.000000000000000000e+00,0.000000000000000000e+00,0.000000000000000000e+00,0.000000000000000000e+00,0.000000000000000000e+00,1.000000000000000000e+00,-4.893294884808815914e-01,-2.390296004120060214e-01,-1.120336494740167138e-01,3.208554576361385274e-02,-5.250809351159823474e-02,2.586975046028712824e-02,-2.312878730824596829e-01,-6.272086447870796055e-01,8.275259532867486056e-01,4.211265934889301121e-01,2.504482376686602563e-01,-2.086013171618518736e-01,-2.502296720663565455e-01,-2.431436905098972034e-01,-3.365727052066914693e-01,-1.261339091775239181e-02,3.617843310726310269e-01,-5.016855038542005207e-01
0.000000000000000000e+00,0.000000000000000000e+00,0.000000000000000000e+00,0.000000000000000000e+00,0.000000000000000000e+00,0.000000000000000000e+00,0.000000000000000000e+00,0.000000000000000000e+00,0.000000000000000000e+00,0.000000000000000000e+00,0.000000000000000000e+00,0.000000000000000000e+00,0.000000000000000000e+00,0.000000000000000000e+00,0.000000000000000000e+00,0.000000000000000000e+00,0.000000000000000000e+00,0.000000000000000000e+00,0.000000000000000000e+00,0.000000000000000000e+00,0.000000000000000000e+00,0.000000000000000000e+00,0.000000000000000000e+00,0.000000000000000000e+00,0.000000000000000000e+00,0.000000000000000000e+00,0.000000000000000000e+00,0.000000000000000000e+00,0.000000000000000000e+00,0.000000000000000000e+00,0.000000000000000000e+00,0.000000000000000000e+00,0.000000000000000000e+00,0.000000000000000000e+00,0.000000000000000000e+00,0.000000000000000000e+00,0.000000000000000000e+00,0.000000000000000000e+00,0.000000000000000000e+00,0.000000000000000000e+00,0.000000000000000000e+00,0.000000000000000000e+00,0.000000000000000000e+00,0.000000000000000000e+00,0.000000000000000000e+00,0.000000000000000000e+00,0.000000000000000000e+00,0.000000000000000000e+00,0.000000000000000000e+00,0.000000000000000000e+00,0.000000000000000000e+00,0.000000000000000000e+00,0.000000000000000000e+00,0.000000000000000000e+00,0.000000000000000000e+00,0.000000000000000000e+00,0.000000000000000000e+00,0.000000000000000000e+00,0.000000000000000000e+00,0.000000000000000000e+00,0.000000000000000000e+00,0.000000000000000000e+00,0.000000000000000000e+00,0.000000000000000000e+00,0.000000000000000000e+00,0.000000000000000000e+00,0.000000000000000000e+00,0.000000000000000000e+00,0.000000000000000000e+00,0.000000000000000000e+00,0.000000000000000000e+00,0.000000000000000000e+00,0.000000000000000000e+00,0.000000000000000000e+00,0.000000000000000000e+00,0.000000000000000000e+00,0.000000000000000000e+00,0.000000000000000000e+00,0.000000000000000000e+00,0.000000000000000000e+00,0.000000000000000000e+00,0.000000000000000000e+00,1.000000000000000000e+00,1.430762042777273535e-01,6.594125980515131991e-01,-1.612126274926500291e-01,4.573928998449727779e-02,-5.530224998798843883e-02,1.972280994387675401e-01,4.680274205560110978e-01,-2.053503816085044398e-01,-9.271599271647849860e-02,1.393340181171655312e-01,2.465917249472557859e-01,7.363826361079618688e-02,-8.951012194499220753e-02,1.027669444332046378e-01,1.974751835092311558e-01,-1.576580309241450706e-01,4.770672287833399583e-01
0.000000000000000000e+00,0.000000000000000000e+00,0.000000000000000000e+00,0.000000000000000000e+00,0.000000000000000000e+00,0.000000000000000000e+00,0.000000000000000000e+00,0.000000000000000000e+00,0.000000000000000000e+00,0.000000000000000000e+00,0.000000000000000000e+00,0.000000000000000000e+00,0.000000000000000000e+00,0.000000000000000000e+00,0.000000000000000000e+00,0.000000000000000000e+00,0.000000000000000000e+00,0.000000000000000000e+00,0.000000000000000000e+00,0.000000000000000000e+00,0.000000000000000000e+00,0.000000000000000000e+00,0.000000000000000000e+00,0.000000000000000000e+00,0.000000000000000000e+00,0.000000000000000000e+00,0.000000000000000000e+00,0.000000000000000000e+00,0.000000000000000000e+00,0.000000000000000000e+00,0.000000000000000000e+00,0.000000000000000000e+00,0.000000000000000000e+00,0.000000000000000000e+00,0.000000000000000000e+00,0.000000000000000000e+00,0.000000000000000000e+00,0.000000000000000000e+00,0.000000000000000000e+00,0.000000000000000000e+00,0.000000000000000000e+00,0.000000000000000000e+00,0.000000000000000000e+00,0.000000000000000000e+00,0.000000000000000000e+00,0.000000000000000000e+00,0.000000000000000000e+00,0.000000000000000000e+00,0.000000000000000000e+00,0.000000000000000000e+00,0.000000000000000000e+00,0.000000000000000000e+00,0.000000000000000000e+00,0.000000000000000000e+00,0.000000000000000000e+00,0.000000000000000000e+00,0.000000000000000000e+00,0.000000000000000000e+00,0.000000000000000000e+00,0.000000000000000000e+00,0.000000000000000000e+00,0.000000000000000000e+00,0.000000000000000000e+00,0.000000000000000000e+00,0.000000000000000000e+00,0.000000000000000000e+00,0.000000000000000000e+00,0.000000000000000000e+00,0.000000000000000000e+00,0.000000000000000000e+00,0.000000000000000000e+00,0.000000000000000000e+00,0.000000000000000000e+00,0.000000000000000000e+00,0.000000000000000000e+00,0.000000000000000000e+00,0.000000000000000000e+00,0.000000000000000000e+00,0.000000000000000000e+00,0.000000000000000000e+00,0.000000000000000000e+00,0.000000000000000000e+00,0.000000000000000000e+00,1.000000000000000000e+00,1.547222054165835747e-01,7.039574551671983205e-01,-9.748344921275675645e-02,2.899508020293761201e-01,3.302977089886657835e-01,4.057755666169191588e-01,3.867068101372119759e-01,-5.696494690395184635e-02,-6.797027381832729809e-01,2.452450307707715049e-01,4.815431289129340486e-01,6.872987677078823410e-01,3.714457704085608603e-01,1.635493373039637877e-01,2.104861790799895660e-01,4.504583335391653676e-01
0.000000000000000000e+00,0.000000000000000000e+00,0.000000000000000000e+00,0.000000000000000000e+00,0.000000000000000000e+00,0.000000000000000000e+00,0.000000000000000000e+00,0.000000000000000000e+00,0.000000000000000000e+00,0.000000000000000000e+00,0.000000000000000000e+00,0.000000000000000000e+00,0.000000000000000000e+00,0.000000000000000000e+00,0.000000000000000000e+00,0.000000000000000000e+00,0.000000000000000000e+00,0.000000000000000000e+00,0.000000000000000000e+00,0.000000000000000000e+00,0.000000000000000000e+00,0.000000000000000000e+00,0.000000000000000000e+00,0.000000000000000000e+00,0.000000000000000000e+00,0.000000000000000000e+00,0.000000000000000000e+00,0.000000000000000000e+00,0.000000000000000000e+00,0.000000000000000000e+00,0.000000000000000000e+00,0.000000000000000000e+00,0.000000000000000000e+00,0.000000000000000000e+00,0.000000000000000000e+00,0.000000000000000000e+00,0.000000000000000000e+00,0.000000000000000000e+00,0.000000000000000000e+00,0.000000000000000000e+00,0.000000000000000000e+00,0.000000000000000000e+00,0.000000000000000000e+00,0.000000000000000000e+00,0.000000000000000000e+00,0.000000000000000000e+00,0.000000000000000000e+00,0.000000000000000000e+00,0.000000000000000000e+00,0.000000000000000000e+00,0.000000000000000000e+00,0.000000000000000000e+00,0.000000000000000000e+00,0.000000000000000000e+00,0.000000000000000000e+00,0.000000000000000000e+00,0.000000000000000000e+00,0.000000000000000000e+00,0.000000000000000000e+00,0.000000000000000000e+00,0.000000000000000000e+00,0.000000000000000000e+00,0.000000000000000000e+00,0.000000000000000000e+00,0.000000000000000000e+00,0.000000000000000000e+00,0.000000000000000000e+00,0.000000000000000000e+00,0.000000000000000000e+00,0.000000000000000000e+00,0.000000000000000000e+00,0.000000000000000000e+00,0.000000000000000000e+00,0.000000000000000000e+00,0.000000000000000000e+00,0.000000000000000000e+00,0.000000000000000000e+00,0.000000000000000000e+00,0.000000000000000000e+00,0.000000000000000000e+00,0.000000000000000000e+00,0.000000000000000000e+00,0.000000000000000000e+00,0.000000000000000000e+00,1.000000000000000000e+00,-2.161433930433502015e-01,-4.082267938162811860e-02,1.758917601210554515e-01,-7.341517239439589171e-02,3.128634093310754538e-02,2.644162446402312239e-01,-1.035827017692469987e-01,1.392742074560323895e-01,5.385224951873898019e-02,3.851896252130746628e-02,3.340687215781696501e-02,-6.812301025908758245e-02,2.409191039634373255e-01,3.035804825083602831e-01,2.302378181939627733e-01
0.000000000000000000e+00,0.000000000000000000e+00,0.000000000000000000e+00,0.000000000000000000e+00,0.000000000000000000e+00,0.000000000000000000e+00,0.000000000000000000e+00,0.000000000000000000e+00,0.000000000000000000e+00,0.000000000000000000e+00,0.000000000000000000e+00,0.000000000000000000e+00,0.000000000000000000e+00,0.000000000000000000e+00,0.000000000000000000e+00,0.000000000000000000e+00,0.000000000000000000e+00,0.000000000000000000e+00,0.000000000000000000e+00,0.000000000000000000e+00,0.000000000000000000e+00,0.000000000000000000e+00,0.000000000000000000e+00,0.000000000000000000e+00,0.000000000000000000e+00,0.000000000000000000e+00,0.000000000000000000e+00,0.000000000000000000e+00,0.000000000000000000e+00,0.000000000000000000e+00,0.000000000000000000e+00,0.000000000000000000e+00,0.000000000000000000e+00,0.000000000000000000e+00,0.000000000000000000e+00,0.000000000000000000e+00,0.000000000000000000e+00,0.000000000000000000e+00,0.000000000000000000e+00,0.000000000000000000e+00,0.000000000000000000e+00,0.000000000000000000e+00,0.000000000000000000e+00,0.000000000000000000e+00,0.000000000000000000e+00,0.000000000000000000e+00,0.000000000000000000e+00,0.000000000000000000e+00,0.000000000000000000e+00,0.000000000000000000e+00,0.000000000000000000e+00,0.000000000000000000e+00,0.000000000000000000e+00,0.000000000000000000e+00,0.000000000000000000e+00,0.000000000000000000e+00,0.000000000000000000e+00,0.000000000000000000e+00,0.000000000000000000e+00,0.000000000000000000e+00,0.000000000000000000e+00,0.000000000000000000e+00,0.000000000000000000e+00,0.000000000000000000e+00,0.000000000000000000e+00,0.000000000000000000e+00,0.000000000000000000e+00,0.000000000000000000e+00,0.000000000000000000e+00,0.000000000000000000e+00,0.000000000000000000e+00,0.000000000000000000e+00,0.000000000000000000e+00,0.000000000000000000e+00,0.000000000000000000e+00,0.000000000000000000e+00,0.000000000000000000e+00,0.000000000000000000e+00,0.000000000000000000e+00,0.000000000000000000e+00,0.000000000000000000e+00,0.000000000000000000e+00,0.000000000000000000e+00,0.000000000000000000e+00,0.000000000000000000e+00,1.000000000000000000e+00,-1.918672655390187831e-01,9.775309119898790977e-02,3.640088559781133326e-01,2.922865934236922869e-01,4.870871948823216613e-01,2.288161474194639056e-01,-5.896296440548495221e-01,3.820379403330477763e-01,3.749034129132476911e-01,6.491025666553994489e-01,2.691982268063106698e-01,4.174848293422209200e-02,7.743727834681275735e-02,1.826598871587567785e-01
0.000000000000000000e+00,0.000000000000000000e+00,0.000000000000000000e+00,0.000000000000000000e+00,0.000000000000000000e+00,0.000000000000000000e+00,0.000000000000000000e+00,0.000000000000000000e+00,0.000000000000000000e+00,0.000000000000000000e+00,0.000000000000000000e+00,0.000000000000000000e+00,0.000000000000000000e+00,0.000000000000000000e+00,0.000000000000000000e+00,0.000000000000000000e+00,0.000000000000000000e+00,0.000000000000000000e+00,0.000000000000000000e+00,0.000000000000000000e+00,0.000000000000000000e+00,0.000000000000000000e+00,0.000000000000000000e+00,0.000000000000000000e+00,0.000000000000000000e+00,0.000000000000000000e+00,0.000000000000000000e+00,0.000000000000000000e+00,0.000000000000000000e+00,0.000000000000000000e+00,0.000000000000000000e+00,0.000000000000000000e+00,0.000000000000000000e+00,0.000000000000000000e+00,0.000000000000000000e+00,0.000000000000000000e+00,0.000000000000000000e+00,0.000000000000000000e+00,0.000000000000000000e+00,0.000000000000000000e+00,0.000000000000000000e+00,0.000000000000000000e+00,0.000000000000000000e+00,0.000000000000000000e+00,0.000000000000000000e+00,0.000000000000000000e+00,0.000000000000000000e+00,0.000000000000000000e+00,0.000000000000000000e+00,0.000000000000000000e+00,0.000000000000000000e+00,0.000000000000000000e+00,0.000000000000000000e+00,0.000000000000000000e+00,0.000000000000000000e+00,0.000000000000000000e+00,0.000000000000000000e+00,0.000000000000000000e+00,0.000000000000000000e+00,0.000000000000000000e+00,0.000000000000000000e+00,0.000000000000000000e+00,0.000000000000000000e+00,0.000000000000000000e+00,0.000000000000000000e+00,0.000000000000000000e+00,0.000000000000000000e+00,0.000000000000000000e+00,0.000000000000000000e+00,0.000000000000000000e+00,0.000000000000000000e+00,0.000000000000000000e+00,0.000000000000000000e+00,0.000000000000000000e+00,0.000000000000000000e+00,0.000000000000000000e+00,0.000000000000000000e+00,0.000000000000000000e+00,0.000000000000000000e+00,0.000000000000000000e+00,0.000000000000000000e+00,0.000000000000000000e+00,0.000000000000000000e+00,0.000000000000000000e+00,0.000000000000000000e+00,0.000000000000000000e+00,1.000000000000000000e+00,2.700684675252094588e-02,-3.009078734866834082e-01,-4.023120611025703952e-01,-1.000000000000000000e+00,-9.960256101233821990e-01,-5.835015770195698392e-01,-1.000000000000000000e+00,-3.980343661782470566e-02,-1.000000000000000000e+00,-5.809315524192797814e-02,7.451667199038735090e-01,4.618402869816129463e-01,-3.487682121603876140e-01
0.000000000000000000e+00,0.000000000000000000e+00,0.000000000000000000e+00,0.000000000000000000e+00,0.000000000000000000e+00,0.000000000000000000e+00,0.000000000000000000e+00,0.000000000000000000e+00,0.000000000000000000e+00,0.000000000000000000e+00,0.000000000000000000e+00,0.000000000000000000e+00,0.000000000000000000e+00,0.000000000000000000e+00,0.000000000000000000e+00,0.000000000000000000e+00,0.000000000000000000e+00,0.000000000000000000e+00,0.000000000000000000e+00,0.000000000000000000e+00,0.000000000000000000e+00,0.000000000000000000e+00,0.000000000000000000e+00,0.000000000000000000e+00,0.000000000000000000e+00,0.000000000000000000e+00,0.000000000000000000e+00,0.000000000000000000e+00,0.000000000000000000e+00,0.000000000000000000e+00,0.000000000000000000e+00,0.000000000000000000e+00,0.000000000000000000e+00,0.000000000000000000e+00,0.000000000000000000e+00,0.000000000000000000e+00,0.000000000000000000e+00,0.000000000000000000e+00,0.000000000000000000e+00,0.000000000000000000e+00,0.000000000000000000e+00,0.000000000000000000e+00,0.000000000000000000e+00,0.000000000000000000e+00,0.000000000000000000e+00,0.000000000000000000e+00,0.000000000000000000e+00,0.000000000000000000e+00,0.000000000000000000e+00,0.000000000000000000e+00,0.000000000000000000e+00,0.000000000000000000e+00,0.000000000000000000e+00,0.000000000000000000e+00,0.000000000000000000e+00,0.000000000000000000e+00,0.000000000000000000e+00,0.000000000000000000e+00,0.000000000000000000e+00,0.000000000000000000e+00,0.000000000000000000e+00,0.000000000000000000e+00,0.000000000000000000e+00,0.000000000000000000e+00,0.000000000000000000e+00,0.000000000000000000e+00,0.000000000000000000e+00,0.000000000000000000e+00,0.000000000000000000e+00,0.000000000000000000e+00,0.000000000000000000e+00,0.000000000000000000e+00,0.000000000000000000e+00,0.000000000000000000e+00,0.000000000000000000e+00,0.000000000000000000e+00,0.000000000000000000e+00,0.000000000000000000e+00,0.000000000000000000e+00,0.000000000000000000e+00,0.000000000000000000e+00,0.000000000000000000e+00,0.000000000000000000e+00,0.000000000000000000e+00,0.000000000000000000e+00,0.000000000000000000e+00,0.000000000000000000e+00,1.000000000000000000e+00,-2.013514775473389806e-01,-2.970682820945062530e-01,8.620544464792960770e-01,-4.517217544670537044e-01,-8.274061290898325760e-01,4.431205451348745883e-01,3.836219064923381272e-01,5.546004227413169341e-01,2.434478302249480919e-01,7.050231673774873808e-01,6.183119580613505306e-01,5.545501680009681245e-01
0.000000000000000000e+00,0.000000000000000000e+00,0.000000000000000000e+00,0.000000000000000000e+00,0.000000000000000000e+00,0.000000000000000000e+00,0.000000000000000000e+00,0.000000000000000000e+00,0.000000000000000000e+00,0.000000000000000000e+00,0.000000000000000000e+00,0.000000000000000000e+00,0.000000000000000000e+00,0.000000000000000000e+00,0.000000000000000000e+00,0.000000000000000000e+00,0.000000000000000000e+00,0.000000000000000000e+00,0.000000000000000000e+00,0.000000000000000000e+00,0.000000000000000000e+00,0.000000000000000000e+00,0.000000000000000000e+00,0.000000000000000000e+00,0.000000000000000000e+00,0.000000000000000000e+00,0.000000000000000000e+00,0.000000000000000000e+00,0.000000000000000000e+00,0.000000000000000000e+00,0.000000000000000000e+00,0.000000000000000000e+00,0.000000000000000000e+00,0.000000000000000000e+00,0.000000000000000000e+00,0.000000000000000000e+00,0.000000000000000000e+00,0.000000000000000000e+00,0.000000000000000000e+00,0.000000000000000000e+00,0.000000000000000000e+00,0.000000000000000000e+00,0.000000000000000000e+00,0.000000000000000000e+00,0.000000000000000000e+00,0.000000000000000000e+00,0.000000000000000000e+00,0.000000000000000000e+00,0.000000000000000000e+00,0.000000000000000000e+00,0.000000000000000000e+00,0.000000000000000000e+00,0.000000000000000000e+00,0.000000000000000000e+00,0.000000000000000000e+00,0.000000000000000000e+00,0.000000000000000000e+00,0.000000000000000000e+00,0.000000000000000000e+00,0.000000000000000000e+00,0.000000000000000000e+00,0.000000000000000000e+00,0.000000000000000000e+00,0.000000000000000000e+00,0.000000000000000000e+00,0.000000000000000000e+00,0.000000000000000000e+00,0.000000000000000000e+00,0.000000000000000000e+00,0.000000000000000000e+00,0.000000000000000000e+00,0.000000000000000000e+00,0.000000000000000000e+00,0.000000000000000000e+00,0.000000000000000000e+00,0.000000000000000000e+00,0.000000000000000000e+00,0.000000000000000000e+00,0.000000000000000000e+00,0.000000000000000000e+00,0.000000000000000000e+00,0.000000000000000000e+00,0.000000000000000000e+00,0.000000000000000000e+00,0.000000000000000000e+00,0.000000000000000000e+00,0.000000000000000000e+00,0.000000000000000000e+00,1.000000000000000000e+00,1.000000000000000000e+00,-5.330998437635631887e-02,4.808028321628448620e-01,-5.004274063718386900e-01,9.539726682594003027e-01,6.197341760527227406e-01,1.000000000000000000e+00,6.666106965108739013e-01,-1.592150365873739315e-01,-4.848187568181895335e-01,4.420709267259558262e-01
0.000000000000000000e+00,0.000000000000000000e+00,0.000000000000000000e+00,0.000000000000000000e+00,0.000000000000000000e+00,0.000000000000000000e+00,0.000000000000000000e+00,0.000000000000000000e+00,0.000000000000000000e+00,0.000000000000000000e+00,0.000000000000000000e+00,0.000000000000000000e+00,0.000000000000000000e+00,0.000000000000000000e+00,0.000000000000000000e+00,0.000000000000000000e+00,0.000000000000000000e+00,0.000000000000000000e+00,0.000000000000000000e+00,0.000000000000000000e+00,0.000000000000000000e+00,0.000000000000000000e+00,0.000000000000000000e+00,0.000000000000000000e+00,0.000000000000000000e+00,0.000000000000000000e+00,0.000000000000000000e+00,0.000000000000000000e+00,0.000000000000000000e+00,0.000000000000000000e+00,0.000000000000000000e+00,0.000000000000000000e+00,0.000000000000000000e+00,0.000000000000000000e+00,0.000000000000000000e+00,0.000000000000000000e+00,0.000000000000000000e+00,0.000000000000000000e+00,0.000000000000000000e+00,0.000000000000000000e+00,0.000000000000000000e+00,0.000000000000000000e+00,0.000000000000000000e+00,0.000000000000000000e+00,0.000000000000000000e+00,0.000000000000000000e+00,0.000000000000000000e+00,0.000000000000000000e+00,0.000000000000000000e+00,0.000000000000000000e+00,0.000000000000000000e+00,0.000000000000000000e+00,0.000000000000000000e+00,0.000000000000000000e+00,0.000000000000000000e+00,0.000000000000000000e+00,0.000000000000000000e+00,0.000000000000000000e+00,0.000000000000000000e+00,0.000000000000000000e+00,0.000000000000000000e+00,0.000000000000000000e+00,0.000000000000000000e+00,0.000000000000000000e+00,0.000000000000000000e+00,0.000000000000000000e+00,0.000000000000000000e+00,0.000000000000000000e+00,0.000000000000000000e+00,0.000000000000000000e+00,0.000000000000000000e+00,0.000000000000000000e+00,0.000000000000000000e+00,0.000000000000000000e+00,0.000000000000000000e+00,0.000000000000000000e+00,0.000000000000000000e+00,0.000000000000000000e+00,0.000000000000000000e+00,0.000000000000000000e+00,0.000000000000000000e+00,0.000000000000000000e+00,0.000000000000000000e+00,0.000000000000000000e+00,0.000000000000000000e+00,0.000000000000000000e+00,0.000000000000000000e+00,0.000000000000000000e+00,0.000000000000000000e+00,1.000000000000000000e+00,-3.456468915440270573e-01,7.854910278255036737e-02,-3.956281786923657173e-01,3.959639614794314699e-01,3.480863265735491541e-01,6.565512731866043339e-01,4.250066666643510516e-01,4.560685308780140779e-02,-2.651204139028336959e-01,3.934349870364138302e-01
0.000000000000000000e+00,0.000000000000000000e+00,0.000000000000000000e+00,0.000000000000000000e+00,0.000000000000000000e+00,0.000000000000000000e+00,0.000000000000000000e+00,0.000000000000000000e+00,0.000000000000000000e+00,0.000000000000000000e+00,0.000000000000000000e+00,0.000000000000000000e+00,0.000000000000000000e+00,0.000000000000000000e+00,0.000000000000000000e+00,0.000000000000000000e+00,0.000000000000000000e+00,0.000000000000000000e+00,0.000000000000000000e+00,0.000000000000000000e+00,0.000000000000000000e+00,0.000000000000000000e+00,0.000000000000000000e+00,0.000000000000000000e+00,0.000000000000000000e+00,0.000000000000000000e+00,0.000000000000000000e+00,0.000000000000000000e+00,0.000000000000000000e+00,0.000000000000000000e+00,0.000000000000000000e+00,0.000000000000000000e+00,0.000000000000000000e+00,0.000000000000000000e+00,0.000000000000000000e+00,0.000000000000000000e+00,0.000000000000000000e+00,0.000000000000000000e+00,0.000000000000000000e+00,0.000000000000000000e+00,0.000000000000000000e+00,0.000000000000000000e+00,0.000000000000000000e+00,0.000000000000000000e+00,0.000000000000000000e+00,0.000000000000000000e+00,0.000000000000000000e+00,0.000000000000000000e+00,0.000000000000000000e+00,0.000000000000000000e+00,0.000000000000000000e+00,0.000000000000000000e+00,0.000000000000000000e+00,0.000000000000000000e+00,0.000000000000000000e+00,0.000000000000000000e+00,0.000000000000000000e+00,0.000000000000000000e+00,0.000000000000000000e+00,0.000000000000000000e+00,0.000000000000000000e+00,0.000000000000000000e+00,0.000000000000000000e+00,0.000000000000000000e+00,0.000000000000000000e+00,0.000000000000000000e+00,0.000000000000000000e+00,0.000000000000000000e+00,0.000000000000000000e+00,0.000000000000000000e+00,0.000000000000000000e+00,0.000000000000000000e+00,0.000000000000000000e+00,0.000000000000000000e+00,0.000000000000000000e+00,0.000000000000000000e+00,0.000000000000000000e+00,0.000000000000000000e+00,0.000000000000000000e+00,0.000000000000000000e+00,0.000000000000000000e+00,0.000000000000000000e+00,0.000000000000000000e+00,0.000000000000000000e+00,0.000000000000000000e+00,0.000000000000000000e+00,0.000000000000000000e+00,0.000000000000000000e+00,0.000000000000000000e+00,0.000000000000000000e+00,1.000000000000000000e+00,3.497260565803460008e-01,1.129868340036664642e-01,2.488142807035146897e-01,-2.607480166592702348e-02,2.936064085668737556e-01,-1.013429915832500944e-01,2.812436733837307343e-02,1.686153763652563919e-01,1.152985852168350450e-01
0.000000000000000000e+00,0.000000000000000000e+00,0.000000000000000000e+00,0.000000000000000000e+00,0.000000000000000000e+00,0.000000000000000000e+00,0.000000000000000000e+00,0.000000000000000000e+00,0.000000000000000000e+00,0.000000000000000000e+00,0.000000000000000000e+00,0.000000000000000000e+00,0.000000000000000000e+00,0.000000000000000000e+00,0.000000000000000000e+00,0.000000000000000000e+00,0.000000000000000000e+00,0.000000000000000000e+00,0.000000000000000000e+00,0.000000000000000000e+00,0.000000000000000000e+00,0.000000000000000000e+00,0.000000000000000000e+00,0.000000000000000000e+00,0.000000000000000000e+00,0.000000000000000000e+00,0.000000000000000000e+00,0.000000000000000000e+00,0.000000000000000000e+00,0.000000000000000000e+00,0.000000000000000000e+00,0.000000000000000000e+00,0.000000000000000000e+00,0.000000000000000000e+00,0.000000000000000000e+00,0.000000000000000000e+00,0.000000000000000000e+00,0.000000000000000000e+00,0.000000000000000000e+00,0.000000000000000000e+00,0.000000000000000000e+00,0.000000000000000000e+00,0.000000000000000000e+00,0.000000000000000000e+00,0.000000000000000000e+00,0.000000000000000000e+00,0.000000000000000000e+00,0.000000000000000000e+00,0.000000000000000000e+00,0.000000000000000000e+00,0.000000000000000000e+00,0.000000000000000000e+00,0.000000000000000000e+00,0.000000000000000000e+00,0.000000000000000000e+00,0.000000000000000000e+00,0.000000000000000000e+00,0.000000000000000000e+00,0.000000000000000000e+00,0.000000000000000000e+00,0.000000000000000000e+00,0.000000000000000000e+00,0.000000000000000000e+00,0.000000000000000000e+00,0.000000000000000000e+00,0.000000000000000000e+00,0.000000000000000000e+00,0.000000000000000000e+00,0.000000000000000000e+00,0.000000000000000000e+00,0.000000000000000000e+00,0.000000000000000000e+00,0.000000000000000000e+00,0.000000000000000000e+00,0.000000000000000000e+00,0.000000000000000000e+00,0.000000000000000000e+00,0.000000000000000000e+00,0.000000000000000000e+00,0.000000000000000000e+00,0.000000000000000000e+00,0.000000000000000000e+00,0.000000000000000000e+00,0.000000000000000000e+00,0.000000000000000000e+00,0.000000000000000000e+00,0.000000000000000000e+00,0.000000000000000000e+00,0.000000000000000000e+00,0.000000000000000000e+00,0.000000000000000000e+00,1.000000000000000000e+00,3.635655267060562967e-01,4.450564582993987162e-01,-9.341977064836816391e-02,2.674459341504913379e-01,1.695677546477501046e-02,-3.770020603257857039e-01,-1.633444318342264778e-01,-4.408203240154572322e-01
0.000000000000000000e+00,0.000000000000000000e+00,0.000000000000000000e+00,0.000000000000000000e+00,0.000000000000000000e+00,0.000000000000000000e+00,0.000000000000000000e+00,0.000000000000000000e+00,0.000000000000000000e+00,0.000000000000000000e+00,0.000000000000000000e+00,0.000000000000000000e+00,0.000000000000000000e+00,0.000000000000000000e+00,0.000000000000000000e+00,0.000000000000000000e+00,0.000000000000000000e+00,0.000000000000000000e+00,0.000000000000000000e+00,0.000000000000000000e+00,0.000000000000000000e+00,0.000000000000000000e+00,0.000000000000000000e+00,0.000000000000000000e+00,0.000000000000000000e+00,0.000000000000000000e+00,0.000000000000000000e+00,0.000000000000000000e+00,0.000000000000000000e+00,0.000000000000000000e+00,0.000000000000000000e+00,0.000000000000000000e+00,0.000000000000000000e+00,0.000000000000000000e+00,0.000000000000000000e+00,0.000000000000000000e+00,0.000000000000000000e+00,0.000000000000000000e+00,0.000000000000000000e+00,0.000000000000000000e+00,0.000000000000000000e+00,0.000000000000000000e+00,0.000000000000000000e+00,0.000000000000000000e+00,0.000000000000000000e+00,0.000000000000000000e+00,0.000000000000000000e+00,0.000000000000000000e+00,0.000000000000000000e+00,0.000000000000000000e+00,0.000000000000000000e+00,0.000000000000000000e+00,0.000000000000000000e+00,0.000000000000000000e+00,0.000000000000000000e+00,0.000000000000000000e+00,0.000000000000000000e+00,0.000000000000000000e+00,0.000000000000000000e+00,0.000000000000000000e+00,0.000000000000000000e+00,0.000000000000000000e+00,0.000000000000000000e+00,0.000000000000000000e+00,0.000000000000000000e+00,0.000000000000000000e+00,0.000000000000000000e+00,0.000000000000000000e+00,0.000000000000000000e+00,0.000000000000000000e+00,0.000000000000000000e+00,0.000000000000000000e+00,0.000000000000000000e+00,0.000000000000000000e+00,0.000000000000000000e+00,0.000000000000000000e+00,0.000000000000000000e+00,0.000000000000000000e+00,0.000000000000000000e+00,0.000000000000000000e+00,0.000000000000000000e+00,0.000000000000000000e+00,0.000000000000000000e+00,0.000000000000000000e+00,0.000000000000000000e+00,0.000000000000000000e+00,0.000000000000000000e+00,0.000000000000000000e+00,0.000000000000000000e+00,0.000000000000000000e+00,0.000000000000000000e+00,0.000000000000000000e+00,1.000000000000000000e+00,2.167237404848986471e-01,-3.815759997140341087e-01,-3.739106202509127619e-01,-3.778851991294988055e-01,-4.719083562247773367e-01,-2.800540582879793017e-01,-6.458621753847398894e-02
0.000000000000000000e+00,0.000000000000000000e+00,0.000000000000000000e+00,0.000000000000000000e+00,0.000000000000000000e+00,0.000000000000000000e+00,0.000000000000000000e+00,0.000000000000000000e+00,0.000000000000000000e+00,0.000000000000000000e+00,0.000000000000000000e+00,0.000000000000000000e+00,0.000000000000000000e+00,0.000000000000000000e+00,0.000000000000000000e+00,0.000000000000000000e+00,0.000000000000000000e+00,0.000000000000000000e+00,0.000000000000000000e+00,0.000000000000000000e+00,0.000000000000000000e+00,0.000000000000000000e+00,0.000000000000000000e+00,0.000000000000000000e+00,0.000000000000000000e+00,0.000000000000000000e+00,0.000000000000000000e+00,0.000000000000000000e+00,0.000000000000000000e+00,0.000000000000000000e+00,0.000000000000000000e+00,0.000000000000000000e+00,0.000000000000000000e+00,0.000000000000000000e+00,0.000000000000000000e+00,0.000000000000000000e+00,0.000000000000000000e+00,0.000000000000000000e+00,0.000000000000000000e+00,0.000000000000000000e+00,0.000000000000000000e+00,0.000000000000000000e+00,0.000000000000000000e+00,0.000000000000000000e+00,0.000000000000000000e+00,0.000000000000000000e+00,0.000000000000000000e+00,0.000000000000000000e+00,0.000000000000000000e+00,0.000000000000000000e+00,0.000000000000000000e+00,0.000000000000000000e+00,0.000000000000000000e+00,0.000000000000000000e+00,0.000000000000000000e+00,0.000000000000000000e+00,0.000000000000000000e+00,0.000000000000000000e+00,0.000000000000000000e+00,0.000000000000000000e+00,0.000000000000000000e+00,0.000000000000000000e+00,0.000000000000000000e+00,0.000000000000000000e+00,0.000000000000000000e+00,0.000000000000000000e+00,0.000000000000000000e+00,0.000000000000000000e+00,0.000000000000000000e+00,0.000000000000000000e+00,0.000000000000000000e+00,0.000000000000000000e+00,0.000000000000000000e+00,0.000000000000000000e+00,0.000000000000000000e+00,0.000000000000000000e+00,0.000000000000000000e+00,0.000000000000000000e+00,0.000000000000000000e+00,0.000000000000000000e+00,0.000000000000000000e+00,0.000000000000000000e+00,0.000000000000000000e+00,0.000000000000000000e+00,0.000000000000000000e+00,0.000000000000000000e+00,0.000000000000000000e+00,0.000000000000000000e+00,0.000000000000000000e+00,0.000000000000000000e+00,0.000000000000000000e+00,0.000000000000000000e+00,0.000000000000000000e+00,1.000000000000000000e+00,9.822382347440353212e-02,3.450404633450964154e-01,8.913588909467752563e-02,-8.507590519077723457e-02,-2.145077077454445591e-01,3.628943451863856917e-01
0.000000000000000000e+00,0.000000000000000000e+00,0.000000000000000000e+00,0.000000000000000000e+00,0.000000000000000000e+00,0.000000000000000000e+00,0.000000000000000000e+00,0.000000000000000000e+00,0.000000000000000000e+00,0.000000000000000000e+00,0.000000000000000000e+00,0.000000000000000000e+00,0.000000000000000000e+00,0.000000000000000000e+00,0.000000000000000000e+00,0.000000000000000000e+00,0.000000000000000000e+00,0.000000000000000000e+00,0.000000000000000000e+00,0.000000000000000000e+00,0.000000000000000000e+00,0.000000000000000000e+00,0.000000000000000000e+00,0.000000000000000000e+00,0.000000000000000000e+00,0.000000000000000000e+00,0.000000000000000000e+00,0.000000000000000000e+00,0.000000000000000000e+00,0.000000000000000000e+00,0.000000000000000000e+00,0.000000000000000000e+00,0.000000000000000000e+00,0.000000000000000000e+00,0.000000000000000000e+00,0.000000000000000000e+00,0.000000000000000000e+00,0.000000000000000000e+00,0.000000000000000000e+00,0.000000000000000000e+00,0.000000000000000000e+00,0.000000000000000000e+00,0.000000000000000000e+00,0.000000000000000000e+00,0.000000000000000000e+00,0.000000000000000000e+00,0.000000000000000000e+00,0.000000000000000000e+00,0.000000000000000000e+00,0.000000000000000000e+00,0.000000000000000000e+00,0.000000000000000000e+00,0.000000000000000000e+00,0.000000000000000000e+00,0.000000000000000000e+00,0.000000000000000000e+00,0.000000000000000000e+00,0.000000000000000000e+00,0.000000000000000000e+00,0.000000000000000000e+00,0.000000000000000000e+00,0.000000000000000000e+00,0.000000000000000000e+00,0.000000000000000000e+00,0.000000000000000000e+00,0.000000000000000000e+00,0.000000000000000000e+00,0.000000000000000000e+00,0.000000000000000000e+00,0.000000000000000000e+00,0.000000000000000000e+00,0.000000000000000000e+00,0.000000000000000000e+00,0.000000000000000000e+00,0.000000000000000000e+00,0.000000000000000000e+00,0.000000000000000000e+00,0.000000000000000000e+00,0.000000000000000000e+00,0.000000000000000000e+00,0.000000000000000000e+00,0.000000000000000000e+00,0.000000000000000000e+00,0.000000000000000000e+00,0.000000000000000000e+00,0.000000000000000000e+00,0.000000000000000000e+00,0.000000000000000000e+00,0.000000000000000000e+00,0.000000000000000000e+00,0.000000000000000000e+00,0.000000000000000000e+00,0.000000000000000000e+00,0.000000000000000000e+00,1.000000000000000000e+00,1.000000000000000000e+00,8.308993375155954153e-01,2.783825992777831382e-01,3.701517262686379595e-01,5.598123856867607273e-01
0.000000000000000000e+00,0.000000000000000000e+00,0.000000000000000000e+00,0.000000000000000000e+00,0.000000000000000000e+00,0.000000000000000000e+00,0.000000000000000000e+00,0.000000000000000000e+00,0.000000000000000000e+00,0.000000000000000000e+00,0.000000000000000000e+00,0.000000000000000000e+00,0.000000000000000000e+00,0.000000000000000000e+00,0.000000000000000000e+00,0.000000000000000000e+00,0.000000000000000000e+00,0.000000000000000000e+00,0.000000000000000000e+00,0.000000000000000000e+00,0.000000000000000000e+00,0.000000000000000000e+00,0.000000000000000000e+00,0.000000000000000000e+00,0.000000000000000000e+00,0.000000000000000000e+00,0.000000000000000000e+00,0.000000000000000000e+00,0.000000000000000000e+00,0.000000000000000000e+00,0.000000000000000000e+00,0.000000000000000000e+00,0.000000000000000000e+00,0.000000000000000000e+00,0.000000000000000000e+00,0.000000000000000000e+00,0.000000000000000000e+00,0.000000000000000000e+00,0.000000000000000000e+00,0.000000000000000000e+00,0.000000000000000000e+00,0.000000000000000000e+00,0.000000000000000000e+00,0.000000000000000000e+00,0.000000000000000000e+00,0.000000000000000000e+00,0.000000000000000000e+00,0.000000000000000000e+00,0.000000000000000000e+00,0.000000000000000000e+00,0.000000000000000000e+00,0.000000000000000000e+00,0.000000000000000000e+00,0.000000000000000000e+00,0.000000000000000000e+00,0.000000000000000000e+00,0.000000000000000000e+00,0.000000000000000000e+00,0.000000000000000000e+00,0.000000000000000000e+00,0.000000000000000000e+00,0.000000000000000000e+00,0.000000000000000000e+00,0.000000000000000000e+00,0.000000000000000000e+00,0.000000000000000000e+00,0.000000000000000000e+00,0.000000000000000000e+00,0.000000000000000000e+00,0.000000000000000000e+00,0.000000000000000000e+00,0.000000000000000000e+00,0.000000000000000000e+00,0.000000000000000000e+00,0.000000000000000000e+00,0.000000000000000000e+00,0.000000000000000000e+00,0.000000000000000000e+00,0.000000000000000000e+00,0.000000000000000000e+00,0.000000000000000000e+00,0.000000000000000000e+00,0.000000000000000000e+00,0.000000000000000000e+00,0.000000000000000000e+00,0.000000000000000000e+00,0.000000000000000000e+00,0.000000000000000000e+00,0.000000000000000000e+00,0.000000000000000000e+00,0.000000000000000000e+00,0.000000000000000000e+00,0.000000000000000000e+00,0.000000000000000000e+00,0.000000000000000000e+00,1.000000000000000000e+00,2.481190322684079241e-01,-1.723180081798038332e-02,-1.122439887610569981e-01,3.565159974595081271e-01
0.000000000000000000e+00,0.000000000000000000e+00,0.000000000000000000e+00,0.000000000000000000e+00,0.000000000000000000e+00,0.000000000000000000e+00,0.000000000000000000e+00,0.000000000000000000e+00,0.000000000000000000e+00,0.000000000000000000e+00,0.000000000000000000e+00,0.000000000000000000e+00,0.000000000000000000e+00,0.000000000000000000e+00,0.000000000000000000e+00,0.000000000000000000e+00,0.000000000000000000e+00,0.000000000000000000e+00,0.000000000000000000e+00,0.000000000000000000e+00,0.000000000000000000e+00,0.000000000000000000e+00,0.000000000000000000e+00,0.000000000000000000e+00,0.000000000000000000e+00,0.000000000000000000e+00,0.000000000000000000e+00,0.000000000000000000e+00,0.000000000000000000e+00,0.000000000000000000e+00,0.000000000000000000e+00,0.000000000000000000e+00,0.000000000000000000e+00,0.000000000000000000e+00,0.000000000000000000e+00,0.000000000000000000e+00,0.000000000000000000e+00,0.000000000000000000e+00,0.000000000000000000e+00,0.000000000000000000e+00,0.000000000000000000e+00,0.000000000000000000e+00,0.000000000000000000e+00,0.000000000000000000e+00,0.000000000000000000e+00,0.000000000000000000e+00,0.000000000000000000e+00,0.000000000000000000e+00,0.000000000000000000e+00,0.000000000000000000e+00,0.000000000000000000e+00,0.000000000000000000e+00,0.000000000000000000e+00,0.000000000000000000e+00,0.000000000000000000e+00,0.000000000000000000e+00,0.000000000000000000e+00,0.000000000000000000e+00,0.000000000000000000e+00,0.000000000000000000e+00,0.000000000000000000e+00,0.000000000000000000e+00,0.000000000000000000e+00,0.000000000000000000e+00,0.000000000000000000e+00,0.000000000000000000e+00,0.000000000000000000e+00,0.000000000000000000e+00,0.000000000000000000e+00,0.000000000000000000e+00,0.000000000000000000e+00,0.000000000000000000e+00,0.000000000000000000e+00,0.000000000000000000e+00,0.000000000000000000e+00,0.000000000000000000e+00,0.000000000000000000e+00,0.000000000000000000e+00,0.000000000000000000e+00,0.000000000000000000e+00,0.000000000000000000e+00,0.000000000000000000e+00,0.000000000000000000e+00,0.000000000000000000e+00,0.000000000000000000e+00,0.000000000000000000e+00,0.000000000000000000e+00,0.000000000000000000e+00,0.000000000000000000e+00,0.000000000000000000e+00,0.000000000000000000e+00,0.000000000000000000e+00,0.000000000000000000e+00,0.000000000000000000e+00,0.000000000000000000e+00,0.000000000000000000e+00,1.000000000000000000e+00,2.401958124012885387e-01,-4.235747335058064889e-01,3.407966220985355066e-01
0.000000000000000000e+00,0.000000000000000000e+00,0.000000000000000000e+00,0.000000000000000000e+00,0.000000000000000000e+00,0.000000000000000000e+00,0.000000000000000000e+00,0.000000000000000000e+00,0.000000000000000000e+00,0.000000000000000000e+00,0.000000000000000000e+00,0.000000000000000000e+00,0.000000000000000000e+00,0.000000000000000000e+00,0.000000000000000000e+00,0.000000000000000000e+00,0.000000000000000000e+00,0.000000000000000000e+00,0.000000000000000000e+00,0.000000000000000000e+00,0.000000000000000000e+00,0.000000000000000000e+00,0.000000000000000000e+00,0.000000000000000000e+00,0.000000000000000000e+00,0.000000000000000000e+00,0.000000000000000000e+00,0.000000000000000000e+00,0.000000000000000000e+00,0.000000000000000000e+00,0.000000000000000000e+00,0.000000000000000000e+00,0.000000000000000000e+00,0.000000000000000000e+00,0.000000000000000000e+00,0.000000000000000000e+00,0.000000000000000000e+00,0.000000000000000000e+00,0.000000000000000000e+00,0.000000000000000000e+00,0.000000000000000000e+00,0.000000000000000000e+00,0.000000000000000000e+00,0.000000000000000000e+00,0.000000000000000000e+00,0.000000000000000000e+00,0.000000000000000000e+00,0.000000000000000000e+00,0.000000000000000000e+00,0.000000000000000000e+00,0.000000000000000000e+00,0.000000000000000000e+00,0.000000000000000000e+00,0.000000000000000000e+00,0.000000000000000000e+00,0.000000000000000000e+00,0.000000000000000000e+00,0.000000000000000000e+00,0.000000000000000000e+00,0.000000000000000000e+00,0.000000000000000000e+00,0.000000000000000000e+00,0.000000000000000000e+00,0.000000000000000000e+00,0.000000000000000000e+00,0.000000000000000000e+00,0.000000000000000000e+00,0.000000000000000000e+00,0.000000000000000000e+00,0.000000000000000000e+00,0.000000000000000000e+00,0.000000000000000000e+00,0.000000000000000000e+00,0.000000000000000000e+00,0.000000000000000000e+00,0.000000000000000000e+00,0.000000000000000000e+00,0.000000000000000000e+00,0.000000000000000000e+00,0.000000000000000000e+00,0.000000000000000000e+00,0.000000000000000000e+00,0.000000000000000000e+00,0.000000000000000000e+00,0.000000000000000000e+00,0.000000000000000000e+00,0.000000000000000000e+00,0.000000000000000000e+00,0.000000000000000000e+00,0.000000000000000000e+00,0.000000000000000000e+00,0.000000000000000000e+00,0.000000000000000000e+00,0.000000000000000000e+00,0.000000000000000000e+00,0.000000000000000000e+00,0.000000000000000000e+00,1.000000000000000000e+00,3.827569905005237527e-01,1.669343871342607588e-01
0.000000000000000000e+00,0.000000000000000000e+00,0.000000000000000000e+00,0.000000000000000000e+00,0.000000000000000000e+00,0.000000000000000000e+00,0.000000000000000000e+00,0.000000000000000000e+00,0.000000000000000000e+00,0.000000000000000000e+00,0.000000000000000000e+00,0.000000000000000000e+00,0.000000000000000000e+00,0.000000000000000000e+00,0.000000000000000000e+00,0.000000000000000000e+00,0.000000000000000000e+00,0.000000000000000000e+00,0.000000000000000000e+00,0.000000000000000000e+00,0.000000000000000000e+00,0.000000000000000000e+00,0.000000000000000000e+00,0.000000000000000000e+00,0.000000000000000000e+00,0.000000000000000000e+00,0.000000000000000000e+00,0.000000000000000000e+00,0.000000000000000000e+00,0.000000000000000000e+00,0.000000000000000000e+00,0.000000000000000000e+00,0.000000000000000000e+00,0.000000000000000000e+00,0.000000000000000000e+00,0.000000000000000000e+00,0.000000000000000000e+00,0.000000000000000000e+00,0.000000000000000000e+00,0.000000000000000000e+00,0.000000000000000000e+00,0.000000000000000000e+00,0.000000000000000000e+00,0.000000000000000000e+00,0.000000000000000000e+00,0.000000000000000000e+00,0.000000000000000000e+00,0.000000000000000000e+00,0.000000000000000000e+00,0.000000000000000000e+00,0.000000000000000000e+00,0.000000000000000000e+00,0.000000000000000000e+00,0.000000000000000000e+00,0.000000000000000000e+00,0.000000000000000000e+00,0.000000000000000000e+00,0.000000000000000000e+00,0.000000000000000000e+00,0.000000000000000000e+00,0.000000000000000000e+00,0.000000000000000000e+00,0.000000000000000000e+00,0.000000000000000000e+00,0.000000000000000000e+00,0.000000000000000000e+00,0.000000000000000000e+00,0.000000000000000000e+00,0.000000000000000000e+00,0.000000000000000000e+00,0.000000000000000000e+00,0.000000000000000000e+00,0.000000000000000000e+00,0.000000000000000000e+00,0.000000000000000000e+00,0.000000000000000000e+00,0.000000000000000000e+00,0.000000000000000000e+00,0.000000000000000000e+00,0.000000000000000000e+00,0.000000000000000000e+00,0.000000000000000000e+00,0.000000000000000000e+00,0.000000000000000000e+00,0.000000000000000000e+00,0.000000000000000000e+00,0.000000000000000000e+00,0.000000000000000000e+00,0.000000000000000000e+00,0.000000000000000000e+00,0.000000000000000000e+00,0.000000000000000000e+00,0.000000000000000000e+00,0.000000000000000000e+00,0.000000000000000000e+00,0.000000000000000000e+00,0.000000000000000000e+00,0.000000000000000000e+00,1.000000000000000000e+00,-3.609715103335063846e-01
0.000000000000000000e+00,0.000000000000000000e+00,0.000000000000000000e+00,0.000000000000000000e+00,0.000000000000000000e+00,0.000000000000000000e+00,0.000000000000000000e+00,0.000000000000000000e+00,0.000000000000000000e+00,0.000000000000000000e+00,0.000000000000000000e+00,0.000000000000000000e+00,0.000000000000000000e+00,0.000000000000000000e+00,0.000000000000000000e+00,0.000000000000000000e+00,0.000000000000000000e+00,0.000000000000000000e+00,0.000000000000000000e+00,0.000000000000000000e+00,0.000000000000000000e+00,0.000000000000000000e+00,0.000000000000000000e+00,0.000000000000000000e+00,0.000000000000000000e+00,0.000000000000000000e+00,0.000000000000000000e+00,0.000000000000000000e+00,0.000000000000000000e+00,0.000000000000000000e+00,0.000000000000000000e+00,0.000000000000000000e+00,0.000000000000000000e+00,0.000000000000000000e+00,0.000000000000000000e+00,0.000000000000000000e+00,0.000000000000000000e+00,0.000000000000000000e+00,0.000000000000000000e+00,0.000000000000000000e+00,0.000000000000000000e+00,0.000000000000000000e+00,0.000000000000000000e+00,0.000000000000000000e+00,0.000000000000000000e+00,0.000000000000000000e+00,0.000000000000000000e+00,0.000000000000000000e+00,0.000000000000000000e+00,0.000000000000000000e+00,0.000000000000000000e+00,0.000000000000000000e+00,0.000000000000000000e+00,0.000000000000000000e+00,0.000000000000000000e+00,0.000000000000000000e+00,0.000000000000000000e+00,0.000000000000000000e+00,0.000000000000000000e+00,0.000000000000000000e+00,0.000000000000000000e+00,0.000000000000000000e+00,0.000000000000000000e+00,0.000000000000000000e+00,0.000000000000000000e+00,0.000000000000000000e+00,0.000000000000000000e+00,0.000000000000000000e+00,0.000000000000000000e+00,0.000000000000000000e+00,0.000000000000000000e+00,0.000000000000000000e+00,0.000000000000000000e+00,0.000000000000000000e+00,0.000000000000000000e+00,0.000000000000000000e+00,0.000000000000000000e+00,0.000000000000000000e+00,0.000000000000000000e+00,0.000000000000000000e+00,0.000000000000000000e+00,0.000000000000000000e+00,0.000000000000000000e+00,0.000000000000000000e+00,0.000000000000000000e+00,0.000000000000000000e+00,0.000000000000000000e+00,0.000000000000000000e+00,0.000000000000000000e+00,0.000000000000000000e+00,0.000000000000000000e+00,0.000000000000000000e+00,0.000000000000000000e+00,0.000000000000000000e+00,0.000000000000000000e+00,0.000000000000000000e+00,0.000000000000000000e+00,0.000000000000000000e+00,0.000000000000000000e+00,1.000000000000000000e+00
