global_time_step,phase,x_value,x_true,x_pred,y_value,y_true,y_pred,z_value,z_true,z_pred
0,input,0.0026087237,0.0026087237,,-0.15863587,-0.15863587,,-0.0029421896,-0.0029421896,
1,input,0.0062342044,0.0062342044,,-0.13913985,-0.13913985,,-0.00079183414,-0.00079183414,
2,input,0.0020808189,0.0020808189,,-0.12237408,-0.12237408,,-0.0013863596,-0.0013863596,
3,input,0.001513478,0.001513478,,-0.106612705,-0.106612705,,-0.00200762,-0.00200762,
4,input,0.0032002924,0.0032002924,,-0.08809533,-0.08809533,,-0.002424652,-0.002424652,
5,input,-0.0008125608,-0.0008125608,,-0.0703366,-0.0703366,,-0.003824565,-0.003824565,
6,input,-0.0012599572,-0.0012599572,,-0.053797983,-0.053797983,,-0.002413477,-0.002413477,
7,input,-0.0026902016,-0.0026902016,,-0.035383187,-0.035383187,,0.00041346415,0.00041346415,
8,input,-0.002530459,-0.002530459,,-0.016147038,-0.016147038,,0.00019386748,0.00019386748,
9,input,-0.004557392,-0.004557392,,0.0010620141,0.0010620141,,-0.002525306,-0.002525306,
10,input,-0.006432458,-0.006432458,,0.0211458,0.0211458,,-0.0017090453,-0.0017090453,
11,input,-0.0024771248,-0.0024771248,,0.04060147,0.04060147,,0.00036345897,0.00036345897,
12,input,-0.0053844173,-0.0053844173,,0.057379045,0.057379045,,-0.0009089193,-0.0009089193,
13,input,-0.008092285,-0.008092285,,0.078396,0.078396,,-0.0009695909,-0.0009695909,
14,input,-0.004887549,-0.004887549,,0.09788505,0.09788505,,0.0007537691,0.0007537691,
15,input,-0.0046737287,-0.0046737287,,0.11595038,0.11595038,,-0.00013707443,-0.00013707443,
16,input,-0.005406351,-0.005406351,,0.13480084,0.13480084,,-0.0003456307,-0.0003456307,
17,input,-0.004975804,-0.004975804,,0.1507471,0.1507471,,0.0018386323,0.0018386323,
18,input,-0.0061356616,-0.0061356616,,0.17062859,0.17062859,,0.00089123915,0.00089123915,
19,input,-0.0072048786,-0.0072048786,,0.18859552,0.18859552,,-0.001147727,-0.001147727,
20,input,-0.005449659,-0.005449659,,0.20316623,0.20316623,,-0.00023447444,-0.00023447444,
21,input,-0.0048606414,-0.0048606414,,0.22229783,0.22229783,,6.689048e-05,6.689048e-05,
22,input,-0.003890287,-0.003890287,,0.23682658,0.23682658,,-0.0004930548,-0.0004930548,
23,input,-0.0043740366,-0.0043740366,,0.2529635,0.2529635,,0.00037290817,0.00037290817,
24,input,-0.008547381,-0.008547381,,0.27237353,0.27237353,,-7.5080557e-06,-7.5080557e-06,
25,input,-0.0040347734,-0.0040347734,,0.284565,0.284565,,-0.0007719115,-0.0007719115,
26,input,0.0016180192,0.0016180192,,0.30013883,0.30013883,,-0.0008072625,-0.0008072625,
27,input,-0.0008781654,-0.0008781654,,0.31832612,0.31832612,,-0.002604562,-0.002604562,
28,input,-0.0020663138,-0.0020663138,,0.33188623,0.33188623,,-0.0032302768,-0.0032302768,
29,input,0.0006852027,0.0006852027,,0.34617773,0.34617773,,-0.0006209075,-0.0006209075,
30,input,0.0038241541,0.0038241541,,0.36064944,0.36064944,,0.0013355032,0.0013355032,
31,input,0.0028340898,0.0028340898,,0.37423456,0.37423456,,-0.0014541387,-0.0014541387,
32,input,0.0061878525,0.0061878525,,0.39012882,0.39012882,,-0.0028518182,-0.0028518182,
33,input,0.007105562,0.007105562,,0.40088555,0.40088555,,-0.002057229,-0.002057229,
34,input,0.0020232534,0.0020232534,,0.41194296,0.41194296,,-0.0024273654,-0.0024273654,
35,input,0.0036138727,0.0036138727,,0.42795888,0.42795888,,-0.0017822146,-0.0017822146,
36,input,0.005914594,0.005914594,,0.43827593,0.43827593,,-0.00038643807,-0.00038643807,
37,input,0.003325737,0.003325737,,0.4488416,0.4488416,,-0.0012085169,-0.0012085169,
38,input,0.00020720434,0.00020720434,,0.4623478,0.4623478,,-0.0017895395,-0.0017895395,
39,input,0.0015484744,0.0015484744,,0.47357783,0.47357783,,0.00019825628,0.00019825628,
40,input,0.0004231002,0.0004231002,,0.4863704,0.4863704,,-0.00022506175,-0.00022506175,
41,input,-0.0054319277,-0.0054319277,,0.49469972,0.49469972,,-0.0034888007,-0.0034888007,
42,input,-0.0027736493,-0.0027736493,,0.5060795,0.5060795,,-0.0018781602,-0.0018781602,
43,input,-0.0012060804,-0.0012060804,,0.521252,0.521252,,0.0013718582,0.0013718582,
44,input,-0.0032050568,-0.0032050568,,0.52730495,0.52730495,,0.0004067129,0.0004067129,
45,input,-0.0049504205,-0.0049504205,,0.5368126,0.5368126,,-0.0012937039,-0.0012937039,
46,input,-0.0061380835,-0.0061380835,,0.54774576,0.54774576,,-0.00023892446,-0.00023892446,
47,input,-0.0014619236,-0.0014619236,,0.55322737,0.55322737,,0.0010332165,0.0010332165,
48,input,-0.0022401342,-0.0022401342,,0.5615094,0.5615094,,0.00019874748,0.00019874748,
49,input,-0.0028282506,-0.0028282506,,0.56714714,0.56714714,,0.0004373393,0.0004373393,
50,input,-0.0014710353,-0.0014710353,,0.571336,0.571336,,0.0005596973,0.0005596973,
51,input,-0.0038748998,-0.0038748998,,0.5752414,0.5752414,,-0.0006840463,-0.0006840463,
52,input,-0.00070865324,-0.00070865324,,0.5777028,0.5777028,,0.0003488828,0.0003488828,
53,input,-0.001541578,-0.001541578,,0.58129543,0.58129543,,0.00052495796,0.00052495796,
54,input,-0.0033751456,-0.0033751456,,0.581849,0.581849,,-0.0010126544,-0.0010126544,
55,input,-0.0015572137,-0.0015572137,,0.5832164,0.5832164,,-0.0007985305,-0.0007985305,
56,input,-0.0027501516,-0.0027501516,,0.58562076,0.58562076,,0.000106088715,0.000106088715,
57,input,-0.00257614,-0.00257614,,0.5861891,0.5861891,,-0.0008848756,-0.0008848756,
58,input,-0.0025087742,-0.0025087742,,0.5871218,0.5871218,,-0.0033271918,-0.0033271918,
59,input,-0.0022346128,-0.0022346128,,0.5867507,0.5867507,,-0.002773648,-0.002773648,
60,input,-0.0030907386,-0.0030907386,,0.587792,0.587792,,-0.0010456531,-0.0010456531,
61,input,0.00012713489,0.00012713489,,0.5908615,0.5908615,,-0.0015184721,-0.0015184721,
62,input,0.0015612758,0.0015612758,,0.5900475,0.5900475,,-0.0032481162,-0.0032481162,
63,input,-0.0030080497,-0.0030080497,,0.5870218,0.5870218,,-0.0037655397,-0.0037655397,
64,input,0.0025875862,0.0025875862,,0.5871772,0.5871772,,-0.001910499,-0.001910499,
65,input,0.0018637786,0.0018637786,,0.5869666,0.5869666,,-0.0025424147,-0.0025424147,
66,input,-0.0019206154,-0.0019206154,,0.584165,0.584165,,-0.00403446,-0.00403446,
67,input,0.0046953503,0.0046953503,,0.5807793,0.5807793,,-0.0025898044,-0.0025898044,
68,input,0.0015264517,0.0015264517,,0.57541865,0.57541865,,-0.0021038023,-0.0021038023,
69,input,-0.0021182061,-0.0021182061,,0.57277024,0.57277024,,-0.0028571724,-0.0028571724,
70,input,-0.0011772423,-0.0011772423,,0.56858677,0.56858677,,-0.0029760082,-0.0029760082,
71,input,-0.003023018,-0.003023018,,0.557779,0.557779,,-0.0028611254,-0.0028611254,
72,input,-0.0018714494,-0.0018714494,,0.5526511,0.5526511,,-0.0028425355,-0.0028425355,
73,input,-0.004634688,-0.004634688,,0.54854345,0.54854345,,-0.0033980564,-0.0033980564,
74,input,-0.0079265665,-0.0079265665,,0.5396099,0.5396099,,-0.0026196132,-0.0026196132,
75,input,-0.00703476,-0.00703476,,0.5290847,0.5290847,,-0.001981339,-0.001981339,
76,input,-0.005909755,-0.005909755,,0.51836014,0.51836014,,-0.002601368,-0.002601368,
77,input,-0.0062127216,-0.0062127216,,0.51245975,0.51245975,,-0.0024497784,-0.0024497784,
78,input,-0.0069594034,-0.0069594034,,0.5033379,0.5033379,,-0.0022932205,-0.0022932205,
79,input,-0.004666667,-0.004666667,,0.49025628,0.49025628,,-0.0028398347,-0.0028398347,
80,input,-0.0043878686,-0.0043878686,,0.47921827,0.47921827,,-0.003278407,-0.003278407,
81,input,-0.002606069,-0.002606069,,0.46781963,0.46781963,,-0.0017928213,-0.0017928213,
82,input,0.0022876966,0.0022876966,,0.45688614,0.45688614,,-0.00012707886,-0.00012707886,
83,input,0.0007517027,0.0007517027,,0.44441253,0.44441253,,-0.0014743446,-0.0014743446,
84,input,7.0124195e-05,7.0124195e-05,,0.43244007,0.43244007,,-0.003162874,-0.003162874,
85,input,0.003393486,0.003393486,,0.4184388,0.4184388,,-0.0036062084,-0.0036062084,
86,input,0.003332904,0.003332904,,0.40438405,0.40438405,,-0.0024728007,-0.0024728007,
87,input,0.0015758678,0.0015758678,,0.39396942,0.39396942,,-0.0015674855,-0.0015674855,
88,input,0.0013363955,0.0013363955,,0.37855104,0.37855104,,-0.002830307,-0.002830307,
89,input,1.13920805e-05,1.13920805e-05,,0.36545476,0.36545476,,-0.0043533156,-0.0043533156,
90,input,-0.0023419985,-0.0023419985,,0.35499284,0.35499284,,-0.0043186196,-0.0043186196,
91,input,-0.0037397097,-0.0037397097,,0.33896852,0.33896852,,-0.004620963,-0.004620963,
92,input,-0.00468547,-0.00468547,,0.32539555,0.32539555,,-0.006022438,-0.006022438,
93,input,-0.006578074,-0.006578074,,0.31148177,0.31148177,,-0.005230849,-0.005230849,
94,input,-0.008424163,-0.008424163,,0.29718435,0.29718435,,-0.003693345,-0.003693345,
95,input,-0.007801589,-0.007801589,,0.28438178,0.28438178,,-0.004241648,-0.004241648,
96,input,-0.009394875,-0.009394875,,0.26651856,0.26651856,,-0.0055632917,-0.0055632917,
97,input,-0.007978472,-0.007978472,,0.2525502,0.2525502,,-0.0040295534,-0.0040295534,
98,input,-0.004148204,-0.004148204,,0.23747735,0.23747735,,-0.001993997,-0.001993997,
99,input,-0.007396633,-0.007396633,,0.21628074,0.21628074,,-0.0024286117,-0.0024286117,
100,input,-0.0062348996,-0.0062348996,,0.20191966,0.20191966,,-0.0021187705,-0.0021187705,
101,input,-0.0006715697,-0.0006715697,,0.18746369,0.18746369,,-0.00044472114,-0.00044472114,
102,input,-0.0016806416,-0.0016806416,,0.1670299,0.1670299,,0.00056558143,0.00056558143,
103,input,-0.00078948843,-0.00078948843,,0.14931504,0.14931504,,0.0017251319,0.0017251319,
104,input,0.00070019404,0.00070019404,,0.13235866,0.13235866,,0.0026357113,0.0026357113,
105,input,-0.0010913109,-0.0010913109,,0.11526284,0.11526284,,0.0023315,0.0023315,
106,input,0.0011437016,0.0011437016,,0.09910039,0.09910039,,0.0029373944,0.0029373944,
107,input,0.0007196037,0.0007196037,,0.08037583,0.08037583,,0.004242225,0.004242225,
108,input,-0.0030119675,-0.0030119675,,0.06379012,0.06379012,,0.004536978,0.004536978,
109,input,-0.0025702352,-0.0025702352,,0.0489463,0.0489463,,0.0043042256,0.0043042256,
110,input,-0.0035042586,-0.0035042586,,0.030470172,0.030470172,,0.0035145055,0.0035145055,
111,input,-0.0038760968,-0.0038760968,,0.0116457725,0.0116457725,,0.0029672745,0.0029672745,
112,input,-0.005135457,-0.005135457,,-0.004360399,-0.004360399,,0.002811473,0.002811473,
113,input,-0.008651506,-0.008651506,,-0.01868715,-0.01868715,,0.0035143504,0.0035143504,
114,input,-0.005375907,-0.005375907,,-0.0377303,-0.0377303,,0.004412724,0.004412724,
115,input,-0.0043828385,-0.0043828385,,-0.058377527,-0.058377527,,0.0019303069,0.0019303069,
116,input,-0.005464826,-0.005464826,,-0.074640654,-0.074640654,,0.00034808458,0.00034808458,
117,input,-0.0030260293,-0.0030260293,,-0.09222063,-0.09222063,,0.0020139783,0.0020139783,
118,input,-0.0024322697,-0.0024322697,,-0.1090072,-0.1090072,,0.0010254303,0.0010254303,
119,input,0.00027774545,0.00027774545,,-0.1268347,-0.1268347,,-0.0015403666,-0.0015403666,
120,input,0.001593608,0.001593608,,-0.14629842,-0.14629842,,-0.00055313256,-0.00055313256,
121,input,0.0034863236,0.0034863236,,-0.16310896,-0.16310896,,9.944741e-05,9.944741e-05,
122,input,0.0067741047,0.0067741047,,-0.1800095,-0.1800095,,-0.002596713,-0.002596713,
123,input,0.0037138169,0.0037138169,,-0.1943248,-0.1943248,,-0.0036829284,-0.0036829284,
124,input,0.006541532,0.006541532,,-0.2107218,-0.2107218,,-0.0014870645,-0.0014870645,
125,input,0.0073328414,0.0073328414,,-0.23096104,-0.23096104,,-0.0028681348,-0.0028681348,
126,input,0.0034925994,0.0034925994,,-0.24368437,-0.24368437,,-0.005403241,-0.005403241,
127,input,0.0061426405,0.0061426405,,-0.2573113,-0.2573113,,-0.0047814855,-0.0047814855,
128,input,0.0043003922,0.0043003922,,-0.2751859,-0.2751859,,-0.005747203,-0.005747203,
129,input,0.0010297133,0.0010297133,,-0.29113957,-0.29113957,,-0.0068440353,-0.0068440353,
130,input,-0.0013463995,-0.0013463995,,-0.30815205,-0.30815205,,-0.0059086145,-0.0059086145,
131,input,-0.003155405,-0.003155405,,-0.32082745,-0.32082745,,-0.006936609,-0.006936609,
132,input,-0.00091877684,-0.00091877684,,-0.3343694,-0.3343694,,-0.007736772,-0.007736772,
133,input,-0.003124805,-0.003124805,,-0.3547922,-0.3547922,,-0.0056474665,-0.0056474665,
134,input,-0.0058491738,-0.0058491738,,-0.369526,-0.369526,,-0.00512124,-0.00512124,
135,input,-0.0068139792,-0.0068139792,,-0.381039,-0.381039,,-0.006958388,-0.006958388,
136,input,-0.0063107265,-0.0063107265,,-0.39493403,-0.39493403,,-0.0062244334,-0.0062244334,
137,input,-0.004941815,-0.004941815,,-0.41096005,-0.41096005,,-0.0048141694,-0.0048141694,
138,input,-0.005268264,-0.005268264,,-0.42641565,-0.42641565,,-0.005404447,-0.005404447,
139,input,-0.004023139,-0.004023139,,-0.43272576,-0.43272576,,-0.004764816,-0.004764816,
140,input,-0.0061013247,-0.0061013247,,-0.44506142,-0.44506142,,-0.0038729557,-0.0038729557,
141,input,-0.005770404,-0.005770404,,-0.4617016,-0.4617016,,-0.0028679103,-0.0028679103,
142,input,-0.0032088514,-0.0032088514,,-0.46554467,-0.46554467,,-0.0010329857,-0.0010329857,
143,input,-0.004037994,-0.004037994,,-0.47524056,-0.47524056,,-0.0021133316,-0.0021133316,
144,input,-0.0014096184,-0.0014096184,,-0.48661873,-0.48661873,,-0.0066506057,-0.0066506057,
145,input,-0.0023626096,-0.0023626096,,-0.49283084,-0.49283084,,-0.004076954,-0.004076954,
146,input,-0.0011313861,-0.0011313861,,-0.5031455,-0.5031455,,-0.0011652091,-0.0011652091,
147,input,0.00079738715,0.00079738715,,-0.5108885,-0.5108885,,-0.0035107958,-0.0035107958,
148,input,-0.0005177808,-0.0005177808,,-0.517893,-0.517893,,-0.0047310386,-0.0047310386,
149,input,0.0026431608,0.0026431608,,-0.52749795,-0.52749795,,-0.00090118055,-0.00090118055,
150,input,9.711181e-05,9.711181e-05,,-0.53300315,-0.53300315,,0.00032436094,0.00032436094,
151,input,-0.0022275231,-0.0022275231,,-0.53907746,-0.53907746,,-0.0006156479,-0.0006156479,
152,input,-0.0004432857,-0.0004432857,,-0.54468745,-0.54468745,,-0.00054761703,-0.00054761703,
153,input,-0.0020960742,-0.0020960742,,-0.5494723,-0.5494723,,-0.00067565264,-0.00067565264,
154,input,-0.0024465218,-0.0024465218,,-0.5551681,-0.5551681,,-0.0005396886,-0.0005396886,
155,input,-0.0044975844,-0.0044975844,,-0.5577012,-0.5577012,,-0.0013801588,-0.0013801588,
156,input,-0.004958835,-0.004958835,,-0.5610562,-0.5610562,,-0.002691256,-0.002691256,
157,input,-0.00528943,-0.00528943,,-0.56379515,-0.56379515,,-0.0012130967,-0.0012130967,
158,input,-0.0077774427,-0.0077774427,,-0.5635993,-0.5635993,,0.00062451593,0.00062451593,
159,input,-0.0037005076,-0.0037005076,,-0.56644744,-0.56644744,,2.5315658e-05,2.5315658e-05,
160,input,-0.0038850894,-0.0038850894,,-0.5671411,-0.5671411,,-0.0010088839,-0.0010088839,
161,input,-0.006883318,-0.006883318,,-0.564274,-0.564274,,-0.00034419892,-0.00034419892,
162,input,-0.0034484423,-0.0034484423,,-0.56701857,-0.56701857,,0.00023276804,0.00023276804,
163,input,-0.0028838501,-0.0028838501,,-0.5674332,-0.5674332,,0.00071757875,0.00071757875,
164,input,-0.0032573137,-0.0032573137,,-0.563258,-0.563258,,0.0012871011,0.0012871011,
165,input,-1.5554977e-05,-1.5554977e-05,,-0.5637161,-0.5637161,,-7.857201e-05,-7.857201e-05,
166,input,-0.00011341741,-0.00011341741,,-0.56468457,-0.56468457,,-0.00052657514,-0.00052657514,
167,input,-4.097343e-05,-4.097343e-05,,-0.56152827,-0.56152827,,0.0022158572,0.0022158572,
168,input,0.0028970588,0.0028970588,,-0.5583077,-0.5583077,,0.0028580753,0.0028580753,
169,input,0.0016173226,0.0016173226,,-0.5582978,-0.5582978,,0.00067265506,0.00067265506,
170,input,0.00168547,0.00168547,,-0.55508035,-0.55508035,,0.0012404878,0.0012404878,
171,input,0.0038454812,0.0038454812,,-0.5511398,-0.5511398,,0.0024085396,0.0024085396,
172,input,0.0027510545,0.0027510545,,-0.5502048,-0.5502048,,0.00092430675,0.00092430675,
173,input,0.0010628221,0.0010628221,,-0.54371256,-0.54371256,,-0.00055886083,-0.00055886083,
174,input,-0.0019466416,-0.0019466416,,-0.538868,-0.538868,,-0.0010658768,-0.0010658768,
175,input,-0.0007614001,-0.0007614001,,-0.5359517,-0.5359517,,-0.0006484059,-0.0006484059,
176,input,0.0004416845,0.0004416845,,-0.5286289,-0.5286289,,-0.00035191042,-0.00035191042,
177,input,-0.005100235,-0.005100235,,-0.52153486,-0.52153486,,-0.0017394195,-0.0017394195,
178,input,-0.0057942877,-0.0057942877,,-0.5130424,-0.5130424,,-0.002292221,-0.002292221,
179,input,-0.0056695943,-0.0056695943,,-0.5080007,-0.5080007,,-0.0030504698,-0.0030504698,
180,input,-0.0072790743,-0.0072790743,,-0.49885687,-0.49885687,,-0.005215429,-0.005215429,
181,input,-0.005519164,-0.005519164,,-0.48560545,-0.48560545,,-0.00530017,-0.00530017,
182,input,-0.0066283895,-0.0066283895,,-0.4790866,-0.4790866,,-0.0036516322,-0.0036516322,
183,input,-0.0081104,-0.0081104,,-0.46721777,-0.46721777,,-0.0039315694,-0.0039315694,
184,input,-0.0044620396,-0.0044620396,,-0.45604834,-0.45604834,,-0.004846753,-0.004846753,
185,input,-0.0028971334,-0.0028971334,,-0.44769773,-0.44769773,,-0.0054379227,-0.0054379227,
186,input,-0.005098335,-0.005098335,,-0.43157503,-0.43157503,,-0.0069260173,-0.0069260173,
187,input,-0.0013886085,-0.0013886085,,-0.42086646,-0.42086646,,-0.0066252956,-0.0066252956,
188,input,0.0026571667,0.0026571667,,-0.4115058,-0.4115058,,-0.004139799,-0.004139799,
189,input,0.00074680295,0.00074680295,,-0.39452407,-0.39452407,,-0.003508193,-0.003508193,
190,input,0.0018874138,0.0018874138,,-0.3842877,-0.3842877,,-0.0042315703,-0.0042315703,
191,input,0.0037626536,0.0037626536,,-0.37682292,-0.37682292,,-0.004202364,-0.004202364,
192,input,0.0037251054,0.0037251054,,-0.3586509,-0.3586509,,-0.0034403268,-0.0034403268,
193,input,0.0033531457,0.0033531457,,-0.34543762,-0.34543762,,-0.002716516,-0.002716516,
194,input,0.0033835687,0.0033835687,,-0.33662555,-0.33662555,,-0.00259067,-0.00259067,
195,input,0.0025082214,0.0025082214,,-0.3214496,-0.3214496,,-0.0037902803,-0.0037902803,
196,input,0.00017070425,0.00017070425,,-0.3109065,-0.3109065,,-0.0030607462,-0.0030607462,
197,input,0.00018654087,0.00018654087,,-0.29656503,-0.29656503,,0.0002479404,0.0002479404,
198,input,-0.0013341034,-0.0013341034,,-0.27936158,-0.27936158,,0.0009285766,0.0009285766,
199,input,-0.0021775092,-0.0021775092,,-0.2659447,-0.2659447,,-0.00044994848,-0.00044994848,
200,prediction,-0.0025465772,-0.0023974255,-0.002546577248722315,-0.20494433,-0.2481701,-0.20494432747364044,-0.0022400578,-0.0004085731,-0.0022400578018277884
201,prediction,-0.0018643116,-0.0051333588,-0.0018643116345629096,-0.17783149,-0.23759551,-0.1778314858675003,-0.0022865173,-0.00088578643,-0.002286517294123769
202,prediction,-2.3091949e-05,-0.0037612445,-2.309194860572461e-05,-0.1897008,-0.22123583,-0.18970079720020294,-0.0010078986,-0.00061715784,-0.0010078985942527652
203,prediction,-0.00046487918,-0.0060754316,-0.00046487918007187545,-0.15453102,-0.19732662,-0.15453101694583893,-0.0013539306,0.0010280173,-0.0013539305655285716
204,prediction,-0.0010109841,-0.005097211,-0.0010109840659424663,-0.13577308,-0.18308653,-0.13577307760715485,-0.0007635009,0.0022708278,-0.0007635009242221713
205,prediction,-0.0021346658,-0.0025822208,-0.002134665846824646,-0.16359712,-0.16596664,-0.16359712183475494,0.00021183146,0.00094071176,0.00021183145872782916
206,prediction,-0.0031068844,-0.0063860994,-0.0031068844255059958,-0.13838209,-0.14819111,-0.13838209211826324,0.00011185135,-0.0002582769,0.0001118513464462012
207,prediction,-0.0024884436,-0.0030804332,-0.0024884436279535294,-0.097892724,-0.13192458,-0.09789272397756577,-0.00028817548,0.0004035938,-0.00028817547718062997
208,prediction,-0.0034772162,-0.0026686827,-0.0034772162325680256,-0.04866358,-0.11217662,-0.04866357892751694,-0.001601202,-0.000106981846,-0.0016012019477784634
209,prediction,-0.0019461463,-0.0034730337,-0.0019461462507024407,-0.0593346,-0.09489354,-0.05933459848165512,-0.0023596915,-0.00014129955,-0.0023596915416419506
210,prediction,-0.0031271158,-0.0009973622,-0.0031271157786250114,-0.04946681,-0.07638129,-0.0494668111205101,-0.0009866306,0.00070535,-0.0009866305626928806
211,prediction,-0.0044416143,-0.0027703135,-0.0044416142627596855,-0.051256858,-0.05958339,-0.05125685781240463,-0.0014582438,-0.0003589746,-0.0014582438161596656
212,prediction,-0.003230721,0.0007293482,-0.003230720991268754,-0.0037472462,-0.04526808,-0.003747246228158474,-0.0019659721,-0.0011885327,-0.0019659721292555332
213,prediction,-0.002018334,-0.0011885575,-0.002018334111198783,0.00077162037,-0.028771063,0.0007716203690506518,-0.0016020794,-0.002507196,-0.001602079370059073
214,prediction,-0.0030567988,-0.0018781864,-0.00305679882876575,0.005258777,-0.009600124,0.005258777178823948,-0.001538311,-0.0025621634,-0.0015383110148832202
215,prediction,-0.0007477864,0.0016052568,-0.0007477864273823798,0.045295216,0.007818856,0.045295216143131256,-0.0018788292,-0.0018485097,-0.0018788292072713375
216,prediction,-0.0018883259,-0.0013316572,-0.0018883259035646915,0.053796686,0.022661785,0.053796686232089996,-0.0018653516,-0.003482624,-0.0018653515726327896
217,prediction,-0.002509803,0.0008458772,-0.002509803045541048,0.09319232,0.039443232,0.09319231659173965,-0.0032464096,-0.0037656112,-0.003246409585699439
218,prediction,-3.6287172e-05,-0.0014143989,-3.628717240644619e-05,0.08796034,0.05445335,0.08796034008264542,-0.0014239224,-0.0029285927,-0.0014239223673939705
219,prediction,-0.0034470155,-0.0021416922,-0.0034470155369490385,0.077425756,0.0709363,0.0774257555603981,-0.0034976373,-0.0031291503,-0.003497637342661619
220,prediction,-0.0012740557,0.0012560786,-0.001274055684916675,0.11070917,0.08952431,0.11070916801691055,-0.0029179587,-0.0038901034,-0.0029179586563259363
221,prediction,-0.000963398,-0.0025198665,-0.0009633980225771666,0.1202713,0.10569177,0.12027130275964737,-0.0021542897,-0.0040744375,-0.0021542897447943687
222,prediction,-0.0028255621,-0.002240277,-0.0028255621436983347,0.17349647,0.12268076,0.17349646985530853,-0.0022929432,-0.004175292,-0.002292943187057972
223,prediction,-0.0008117556,-0.0030652096,-0.000811755598988384,0.19268464,0.1381713,0.19268463551998138,-0.004417865,-0.0050312052,-0.0044178650714457035
224,prediction,-0.0012187848,-0.0012292728,-0.0012187848333269358,0.14285348,0.1522408,0.1428534835577011,-0.0024342285,-0.002578571,-0.0024342285469174385
225,prediction,-0.00051889743,0.00017199619,-0.0005188974319025874,0.20996265,0.17060535,0.2099626511335373,-0.003076117,7.068273e-05,-0.003076117020100355
226,prediction,-0.0013088314,-0.004370874,-0.0013088313862681389,0.24142168,0.19048761,0.2414216846227646,-0.004103667,-0.0007430517,-0.004103667102754116
227,prediction,-0.0010435573,-0.0017579404,-0.0010435573058202863,0.24110375,0.20353298,0.24110375344753265,-0.0025400536,-0.0006381141,-0.002540053566917777
228,prediction,-0.0030556312,-0.001924283,-0.0030556311830878258,0.2579209,0.21770994,0.25792089104652405,-0.0025366582,-0.00027127945,-0.0025366581976413727
229,prediction,-0.00192681,-0.0016841454,-0.0019268100149929523,0.28972727,0.23569505,0.28972727060317993,-0.0015908857,0.00066245446,-0.0015908856876194477
230,prediction,-0.0011849079,0.00015815374,-0.001184907858259976,0.28980204,0.249768,0.28980204463005066,-0.00090043293,0.002866368,-0.0009004329331219196
231,prediction,-0.00082061306,-0.0008155199,-0.0008206130587495863,0.3304408,0.26802906,0.33044078946113586,-0.0025791696,0.0039394805,-0.0025791695807129145
232,prediction,0.0008199834,0.0004117548,0.0008199834264814854,0.32698956,0.28322193,0.3269895613193512,-0.0026521878,0.0041497927,-0.002652187831699848
233,prediction,0.0006462058,-0.0015680285,0.0006462057936005294,0.34898448,0.29666042,0.3489844799041748,-0.0024029047,0.0056132637,-0.002402904676273465
234,prediction,-0.0017011509,0.0016860756,-0.0017011509044095874,0.34910196,0.31389448,0.3491019606590271,-0.0021022141,0.00728258,-0.0021022141445428133
235,prediction,-0.00239681,0.0036585499,-0.0023968101013451815,0.36387643,0.32613203,0.36387643218040466,-0.00061844214,0.0059944326,-0.0006184421363286674
236,prediction,-0.0026459969,-0.00028052347,-0.0026459968648850918,0.36368936,0.34231606,0.3636893630027771,-0.0016166086,0.0053727766,-0.0016166085842996836
237,prediction,-0.0019020741,0.0010945951,-0.0019020740874111652,0.36304584,0.3557848,0.3630458414554596,-0.00013520662,0.0076213954,-0.00013520661741495132
238,prediction,-0.0012489497,0.00089104974,-0.0012489496730268002,0.41025662,0.3670189,0.41025662422180176,-0.001989235,0.008642722,-0.0019892349373549223
239,prediction,-0.0024084575,0.00072424486,-0.0024084574542939663,0.4183015,0.38089183,0.4183014929294586,-0.00073784287,0.008942426,-0.000737842870876193
240,prediction,0.00079279015,-0.0009691554,0.0007927901460789144,0.4096932,0.38962784,0.4096932113170624,-0.0023864112,0.008168006,-0.0023864111863076687
241,prediction,-0.0010289259,-0.0028847249,-0.0010289258789271116,0.43893668,0.40221897,0.43893668055534363,-0.0010108806,0.0052149845,-0.0010108805727213621
242,prediction,-0.0011112153,-7.6200755e-05,-0.0011112153297290206,0.4238502,0.41127676,0.4238502085208893,-0.0010930088,0.004598216,-0.0010930087883025408
243,prediction,-0.0029030503,-0.002570234,-0.0029030502773821354,0.47117925,0.41944924,0.4711792469024658,-0.0010859509,0.0057015703,-0.0010859508765861392
244,prediction,-0.005082191,-0.005556131,-0.005082190968096256,0.45390362,0.4303039,0.4539036154747009,-0.0006531804,0.00499064,-0.0006531804101541638
245,prediction,-0.004315075,-0.0056674615,-0.004315074998885393,0.47075975,0.43498078,0.4707597494125366,-0.0004983601,0.0032272318,-0.0004983600811101496
246,prediction,-0.0050405283,-0.0037898114,-0.005040528252720833,0.4927497,0.4461403,0.4927496910095215,-0.0012208773,0.003372239,-0.001220877282321453
247,prediction,-0.0049842526,-0.0030399137,-0.004984252620488405,0.5103255,0.45454112,0.5103254914283752,-0.00016882338,0.0028870227,-0.00016882337513379753
248,prediction,0.0007755842,-0.004373743,0.0007755841943435371,0.49884337,0.46058393,0.49884337186813354,-0.0020464668,0.00027491557,-0.0020464668050408363
249,prediction,-0.006198656,-0.002163077,-0.006198655813932419,0.5441825,0.47182783,0.5441824793815613,-0.0008178169,-0.00063765416,-0.0008178168791346252
250,prediction,-0.0030395563,-0.0024615964,-0.003039556322619319,0.52798444,0.4790645,0.5279844403266907,-0.0011542878,-7.1271266e-08,-0.0011542878346517682
251,prediction,-0.00103053,-0.0019230122,-0.001030529965646565,0.55255616,0.4862343,0.5525561571121216,-0.00045767133,5.931845e-05,-0.0004576713254209608
252,prediction,-0.005873615,0.0015213673,-0.005873614922165871,0.51796687,0.49435812,0.5179668664932251,-0.0015907239,-0.0017635543,-0.0015907238703221083
253,prediction,-0.0011952253,0.0022044436,-0.0011952252825722098,0.5457167,0.50674075,0.5457167029380798,-0.002642367,-0.003942641,-0.002642367035150528
254,prediction,0.00045007395,0.003449666,0.0004500739451032132,0.54874015,0.51358795,0.5487401485443115,-0.00067005126,-0.0035694286,-0.0006700512603856623
255,prediction,-0.0011189451,0.004834986,-0.0011189450742676854,0.5267981,0.5152402,0.5267981290817261,-0.002447268,-0.002019579,-0.00244726799428463
256,prediction,-0.0013209287,0.0023018133,-0.0013209286844357848,0.5709818,0.52381796,0.5709818005561829,-0.0019412398,-0.002554397,-0.0019412398105487227
257,prediction,-0.0010225122,0.0011550041,-0.0010225122096017003,0.58080536,0.5312427,0.5808053612709045,-0.0021156883,-0.0040981756,-0.0021156882867217064
258,prediction,-0.0031139175,0.006868468,-0.003113917540758848,0.54929745,0.53753984,0.5492974519729614,-0.0028493952,-0.00461492,-0.002849395154044032
259,prediction,-0.0037110143,0.0075313644,-0.003711014287546277,0.56271356,0.53812104,0.5627135634422302,-0.0019385354,-0.004514553,-0.0019385353662073612
260,prediction,-0.0032946058,0.0013479565,-0.0032946057617664337,0.6121585,0.5393001,0.612158477306366,-0.0021891487,-0.004780872,-0.002189148683100939
261,prediction,-0.0015848274,-4.246559e-05,-0.001584827434271574,0.5995444,0.5456744,0.5995444059371948,-0.0028127516,-0.005261331,-0.002812751568853855
262,prediction,-0.0019320151,0.0010857462,-0.0019320150604471564,0.6035974,0.54343003,0.6035974025726318,-0.0008674376,-0.0057623778,-0.0008674375712871552
263,prediction,-0.0015623276,0.0033011078,-0.0015623276121914387,0.60202396,0.5459046,0.6020239591598511,-0.002413936,-0.0036886258,-0.002413935959339142
264,prediction,-0.0033097356,0.00044202604,-0.0033097355626523495,0.60325634,0.5497765,0.603256344795227,-0.003047423,-0.0025469807,-0.0030474229715764523
265,prediction,0.00070974906,-0.0007842497,0.0007097490597516298,0.5637374,0.5472478,0.5637373924255371,-0.002157393,-0.004161436,-0.0021573929116129875
266,prediction,-0.0020615372,-0.00031180523,-0.0020615372341126204,0.5608354,0.54669034,0.5608354210853577,-0.0025252565,-0.004509637,-0.0025252564810216427
267,prediction,-0.0041782963,-0.00511845,-0.004178296308964491,0.58939767,0.5457745,0.589397668838501,-0.0013076485,-0.0035313978,-0.0013076484901830554
268,prediction,-0.0022147454,-0.0004179802,-0.0022147453855723143,0.5380882,0.5468211,0.5380882024765015,-0.0016112404,-0.0022325965,-0.0016112404409796
269,prediction,-0.0031909843,-0.00018716634,-0.0031909842509776354,0.57194865,0.54818887,0.5719486474990845,-0.0016230759,-0.002922636,-0.001623075921088457
270,prediction,0.00047605849,-0.0040598493,0.0004760584852192551,0.5696947,0.54606247,0.5696946978569031,-0.0010429788,-0.0031051564,-0.0010429788380861282
271,prediction,0.0013901539,-0.0010541942,0.0013901538914069533,0.56091076,0.5407842,0.5609107613563538,-0.0014550365,-0.0017011595,-0.0014550364576280117
272,prediction,0.00025102225,-0.004081796,0.00025102225481532514,0.5647814,0.53996885,0.5647814273834229,-0.0015927225,-0.0022600018,-0.001592722488567233
273,prediction,-0.0008945615,-0.0026099863,-0.0008945615263655782,0.5604739,0.53839606,0.5604739189147949,-0.0012227843,-0.0020901281,-0.0012227842817083001
274,prediction,-0.0026167121,-0.0016670999,-0.002616712125018239,0.56927955,0.5309163,0.5692795515060425,-0.0023101862,-0.0014298664,-0.0023101861588656902
275,prediction,-0.0029443314,-0.0028621918,-0.00294433138333261,0.561954,0.5299864,0.5619540214538574,-0.0027671845,-0.0009088411,-0.002767184516415
276,prediction,-0.00013388894,-0.0007283057,-0.0001338889414910227,0.5754354,0.5242705,0.5754354000091553,-0.0021533868,-0.00075699907,-0.002153386827558279
277,prediction,-0.0042764163,-0.004922686,-0.004276416264474392,0.5783024,0.5149486,0.5783023834228516,-0.0011138554,-0.002485993,-0.0011138553963974118
278,prediction,0.0019120901,-0.0033827524,0.0019120901124551892,0.53007615,0.50869447,0.5300761461257935,-0.00016602401,-0.0024064458,-0.00016602400864940137
279,prediction,-0.0023019083,-0.000805292,-0.002301908330991864,0.5189374,0.50114655,0.5189374089241028,-0.0024294003,-0.0008899054,-0.002429400337859988
280,prediction,-0.002563302,-0.0033232193,-0.0025633019395172596,0.49422312,0.49704668,0.49422311782836914,-0.0021689278,-0.0014927367,-0.0021689278073608875
281,prediction,-0.0019272483,-0.0026138937,-0.0019272483186796308,0.52447313,0.48813134,0.5244731307029724,-0.0017511332,-0.0023852626,-0.0017511332407593727
282,prediction,-0.0012573444,-0.0036464783,-0.0012573443818837404,0.5060287,0.47967455,0.5060287117958069,-0.0022122804,-0.0022688603,-0.0022122804075479507
283,prediction,-0.0023917996,-0.0024857332,-0.00239179958589375,0.50562406,0.47154313,0.5056240558624268,-0.0018773035,-0.0014086454,-0.0018773034680634737
284,prediction,-0.0037381856,-0.0013092726,-0.0037381856236606836,0.51531506,0.46095017,0.515315055847168,-0.002587503,-0.0013607964,-0.0025875030551105738
285,prediction,-0.001972706,-0.002504234,-0.0019727060571312904,0.47894385,0.4577172,0.4789438545703888,-0.0025149656,-0.001179873,-0.0025149655994027853
286,prediction,-0.0013909785,-0.0029566912,-0.0013909784611314535,0.46090654,0.44778264,0.4609065353870392,-0.001400997,-0.0007802342,-0.0014009970473125577
287,prediction,-0.0053031286,-0.0019402948,-0.005303128622472286,0.43484363,0.43658262,0.43484362959861755,-0.0014871078,-0.0016924095,-0.0014871078310534358
288,prediction,0.00048435022,-0.0014777991,0.00048435022472403944,0.43719262,0.42773893,0.4371926188468933,-0.0019384342,-0.0030660182,-0.0019384342012926936
289,prediction,-0.002719224,-0.0027279607,-0.002719223964959383,0.43362433,0.41636476,0.4336243271827698,-0.0018075521,-0.0023276878,-0.0018075520638376474
290,prediction,-0.0016913282,-0.00036574146,-0.001691328245215118,0.4202983,0.4079876,0.420298308134079,-0.002127683,-0.0002454109,-0.002127683022990823
291,prediction,-0.0019777997,-0.00080145133,-0.001977799693122506,0.41757247,0.39319116,0.4175724685192108,-0.0015534499,-0.0008013166,-0.0015534498961642385
292,prediction,-0.0015022189,-0.0014934356,-0.0015022188890725374,0.358816,0.38162848,0.358815997838974,-0.0021659979,-0.001677677,-0.0021659978665411472
293,prediction,0.0005807963,-0.00049113046,0.0005807962734252214,0.36793193,0.37162632,0.36793193221092224,-0.0019786698,-0.0017591808,-0.0019786697812378407
294,prediction,-0.00219647,-0.000519483,-0.0021964700426906347,0.3588802,0.35524848,0.3588801920413971,-0.0019399701,-0.0021694286,-0.0019399700686335564
295,prediction,-0.005102872,0.0032063806,-0.005102871917188168,0.3492928,0.3434432,0.3492928147315979,-0.0013226256,-0.0013994451,-0.0013226255541667342
296,prediction,-0.00114804,0.0012740955,-0.0011480400571599603,0.3709256,0.32902622,0.3709256052970886,-0.0012609801,-0.0006775475,-0.0012609801487997174
297,prediction,-0.0014001614,0.0007387771,-0.001400161418132484,0.3031294,0.31404454,0.3031294047832489,-0.001125336,-0.0013311898,-0.0011253360426053405
298,prediction,-0.0013498627,0.0033158332,-0.001349862664937973,0.33497548,0.30458248,0.3349754810333252,-0.0017300046,-0.0026838596,-0.001730004558339715
299,prediction,-0.0014642547,0.0010227311,-0.0014642546884715557,0.307084,0.29121274,0.30708399415016174,-0.001012869,-0.0026456537,-0.0010128689464181662
300,prediction,-0.0008930771,0.0043602535,-0.0008930771145969629,0.2688813,0.2744442,0.26888129115104675,-0.0010862442,-0.0020305472,-0.001086244243197143
301,prediction,-0.0042136363,0.003498393,-0.00421363627538085,0.28815854,0.26173398,0.2881585359573364,-0.0021183125,-0.0037875022,-0.002118312520906329
302,prediction,-0.0027011053,0.001221246,-0.0027011053171008825,0.25165358,0.25042585,0.2516535818576813,-0.0018258665,-0.0041826386,-0.0018258665222674608
303,prediction,-0.001380757,0.0040314575,-0.001380756963044405,0.25733557,0.23687123,0.2573355734348297,-0.0017111369,-0.0016549263,-0.00171113689430058
304,prediction,-0.0021871615,0.0006525293,-0.002187161473557353,0.2300186,0.22315125,0.23001860082149506,-0.001105619,-0.0014968087,-0.0011056190123781562
305,prediction,-0.0014716166,0.00094499555,-0.0014716165605932474,0.20599525,0.20822255,0.20599524676799774,-0.0012866167,-0.0035428472,-0.0012866166653111577
306,prediction,-0.001479789,0.0026400643,-0.00147978903260082,0.18115626,0.19332485,0.18115626275539398,-0.0024001389,-0.005023478,-0.002400138881057501
307,prediction,0.0016011575,0.0011871695,0.0016011574771255255,0.18030672,0.17748289,0.18030671775341034,-0.0015461288,-0.004763882,-0.0015461287694051862
308,prediction,-0.004014381,0.00030879895,-0.00401438120752573,0.15838961,0.16142969,0.158389613032341,-0.0022869073,-0.003944134,-0.002286907285451889
309,prediction,-0.00012636752,-0.0014909632,-0.0001263675221707672,0.17403571,0.14653568,0.1740357130765915,-0.0025385825,-0.004480142,-0.002538582542911172
310,prediction,-0.003866698,-0.00018170151,-0.003866697894409299,0.15428965,0.12855773,0.15428964793682098,-0.0013475897,-0.004119873,-0.0013475896557793021
311,prediction,-1.9039911e-05,0.000995485,-1.903991142171435e-05,0.10427169,0.1117743,0.10427168756723404,-0.00091022224,-0.0021294183,-0.0009102222393266857
312,prediction,-0.0041421927,0.0014769961,-0.004142192658036947,0.07156781,0.09322248,0.07156781107187271,-0.0013157283,-0.0019073779,-0.0013157282955944538
313,prediction,-0.00083793193,-0.00051942887,-0.0008379319333471358,0.07771502,0.07614241,0.07771501690149307,-0.0017250263,-0.0038857574,-0.0017250262899324298
314,prediction,-0.00080191775,-0.0007304137,-0.0008019177475944161,0.091862,0.06272975,0.09186200052499771,-0.0021105015,-0.0034948168,-0.002110501518473029
315,prediction,-0.0008380702,0.0037873597,-0.0008380701765418053,-0.0036595678,0.043142535,-0.0036595677956938744,-0.0009400724,-0.00052161695,-0.0009400724084116518
316,prediction,-0.0037156746,0.0004798164,-0.003715674625709653,0.011389353,0.027449409,0.011389353312551975,-0.002487466,-0.00040542718,-0.0024874659720808268
317,prediction,0.002178608,0.00019922471,0.002178607974201441,0.051176645,0.012802281,0.05117664486169815,-0.00069833646,-0.00086803857,-0.000698336458299309
318,prediction,-0.0024546874,0.0021865116,-0.002454687375575304,0.011017063,-0.005031309,0.011017062701284885,-0.0024687585,-0.0003905277,-0.0024687584955245256
319,prediction,-0.002158279,-0.0001737297,-0.002158279065042734,-0.015427372,-0.01744928,-0.01542737241834402,-0.0023423312,0.00028965395,-0.0023423312231898308
320,prediction,-0.003287104,0.0018198148,-0.003287103958427906,-0.033437155,-0.034703515,-0.033437155187129974,-0.0019792332,0.0027559898,-0.001979233231395483
321,prediction,-0.004600282,-0.001701921,-0.004600281827151775,-0.050794385,-0.051773094,-0.05079438537359238,-0.0014552355,0.003713881,-0.0014552355278283358
322,prediction,-0.0039051329,-0.0048214924,-0.0039051328785717487,-0.05967524,-0.064857684,-0.05967523902654648,-0.00196598,0.0019059086,-0.0019659800454974174
323,prediction,-0.002464898,-0.00025410415,-0.002464897930622101,-0.09417697,-0.0817795,-0.09417697042226791,-0.0026217804,0.0019807203,-0.0026217803824692965
324,prediction,-0.0036876057,-0.0013977966,-0.0036876057274639606,-0.090954445,-0.09923562,-0.09095444530248642,-0.00114559,0.0041560964,-0.0011455899802967906
325,prediction,-0.00034671166,-0.0052748006,-0.000346711662132293,-0.10321226,-0.1159127,-0.10321225970983505,-0.0006496488,0.005104145,-0.000649648776743561
326,prediction,-0.0042896722,-0.0047603147,-0.004289672244340181,-0.15419985,-0.13282658,-0.15419985353946686,-0.0022957297,0.0039609643,-0.0022957297042012215
327,prediction,-0.0023308592,-0.0022448997,-0.0023308591917157173,-0.1589938,-0.14989997,-0.15899379551410675,-0.0026400336,0.0036742284,-0.002640033606439829
328,prediction,-0.0037195948,-0.003920195,-0.003719594795256853,-0.14675088,-0.166353,-0.14675088226795197,-0.002292943,0.0045217075,-0.0022929429542273283
329,prediction,-0.0046541225,-0.0038101603,-0.004654122516512871,-0.17146553,-0.18511356,-0.17146553099155426,-0.0021645613,0.0053737555,-0.002164561301469803
330,prediction,-0.00060107146,0.0005597149,-0.000601071456912905,-0.1675904,-0.20219971,-0.16759039461612701,-0.00089149806,0.006443731,-0.0008914980571717024
331,prediction,-0.00094349904,-0.001597238,-0.0009434990352019668,-0.21289517,-0.21653278,-0.21289516985416412,-0.0013466871,0.0058360193,-0.001346687087789178
332,prediction,0.003471244,-0.0018045187,0.00347124389372766,-0.23431225,-0.23416086,-0.2343122512102127,-0.0018137739,0.0045384667,-0.001813773880712688
333,prediction,0.0003366852,0.0026717957,0.00033668518881313503,-0.2313536,-0.24820037,-0.23135359585285187,-0.0013607646,0.004236027,-0.0013607646105811
334,prediction,-0.0006764734,0.0015833523,-0.000676473428029567,-0.26132855,-0.26240692,-0.2613285481929779,-0.0013426286,0.003945446,-0.0013426286168396473
335,prediction,-0.0032833242,0.00044542438,-0.003283324185758829,-0.27863774,-0.27797756,-0.27863773703575134,-0.0026070278,0.003714322,-0.0026070277672261
336,prediction,-0.0028913717,0.0039346316,-0.002891371725127101,-0.32579216,-0.29014215,-0.3257921636104584,-0.00095700315,0.0034629055,-0.0009570031543262303
337,prediction,-0.0054036025,0.0050127134,-0.005403602495789528,-0.31766865,-0.30250654,-0.3176686465740204,-0.0011705238,0.0035529158,-0.0011705238139256835
338,prediction,0.00026112667,0.0011983194,0.00026112666819244623,-0.29843828,-0.31372783,-0.29843828082084656,-0.0028073054,0.0036542881,-0.0028073054272681475
339,prediction,-0.00021148518,0.0012045818,-0.00021148518135305494,-0.3482072,-0.32883772,-0.3482072055339813,-0.0018682008,0.0026211669,-0.0018682008376345038
340,prediction,-0.0038572822,0.0029208942,-0.0038572822231799364,-0.35763308,-0.34130272,-0.3576330840587616,-0.0012524035,0.00041002073,-0.0012524034827947617
341,prediction,-0.00032063897,0.0017841418,-0.00032063896651379764,-0.3534517,-0.35042986,-0.3534516990184784,-0.0003640299,-0.0002412869,-0.0003640298964455724
342,prediction,-0.0017163106,0.0026723752,-0.0017163106240332127,-0.37973258,-0.36461684,-0.37973257899284363,-0.0006442436,0.0013423159,-0.0006442436133511364
343,prediction,-0.0046744356,0.0020994614,-0.004674435593187809,-0.36732206,-0.3734568,-0.36732205748558044,-0.0016815506,0.0013503522,-0.0016815506387501955
344,prediction,0.0017011422,-0.00027372647,0.0017011421732604504,-0.371837,-0.38579485,-0.37183699011802673,-0.0020220403,-0.00015939369,-0.0020220403093844652
345,prediction,-0.000918361,0.00032294277,-0.0009183610090985894,-0.380429,-0.40111098,-0.3804289996623993,-0.0024396083,-0.0011902017,-0.002439608331769705
346,prediction,-0.0015213691,0.0031439688,-0.0015213690930977464,-0.41406295,-0.4074559,-0.4140629470348358,-0.0018067023,-0.0010673922,-0.0018067023484036326
347,prediction,-0.00094442477,0.002736578,-0.0009444247698411345,-0.42697665,-0.41713783,-0.42697665095329285,-0.0013992115,-0.0005228759,-0.0013992114691063762
348,prediction,-0.0015464231,-0.0002666497,-0.0015464230673387647,-0.45252344,-0.42792103,-0.45252344012260437,-0.002371266,-0.00018650552,-0.0023712660185992718
349,prediction,-0.00033884303,0.0010750471,-0.00033884303411468863,-0.4480258,-0.43715546,-0.44802579283714294,-0.002053244,-0.0004921073,-0.002053244039416313
350,prediction,-0.0022001949,0.0034590955,-0.0022001948673278093,-0.4472669,-0.44525346,-0.44726690649986267,-0.0024445688,-0.00021339784,-0.0024445687886327505
351,prediction,-0.00031046156,0.0010864171,-0.00031046156072989106,-0.46282014,-0.45119986,-0.4628201425075531,-0.0026202179,0.00042947062,-0.0026202178560197353
352,prediction,-0.002629363,-0.00010628393,-0.002629362978041172,-0.48178956,-0.45988962,-0.48178955912590027,-0.0016282676,-0.0003628515,-0.001628267578780651
353,prediction,-0.0035408149,0.0009777138,-0.0035408148542046547,-0.4783753,-0.46639678,-0.47837528586387634,-0.002483401,-0.0011456459,-0.002483400981873274
354,prediction,-0.0021927347,1.1417981e-05,-0.0021927347406744957,-0.47600636,-0.47139987,-0.4760063588619232,-0.0015522494,-0.00021298863,-0.001552249421365559
355,prediction,-0.0030149934,-0.0017953458,-0.0030149933882057667,-0.46473643,-0.47835454,-0.4647364318370819,-0.0010841538,0.0007005099,-0.0010841537732630968
356,prediction,-0.0022864135,-0.004212127,-0.002286413451656699,-0.5021257,-0.48592958,-0.5021256804466248,-0.0012889683,0.00037623328,-0.0012889682548120618
357,prediction,-0.0014906768,-0.0038987831,-0.0014906767755746841,-0.5092644,-0.49372312,-0.5092644095420837,-0.0024974288,0.0002996383,-0.002497428795322776
358,prediction,-0.0035509835,-0.001803755,-0.003550983499735594,-0.5167604,-0.49767205,-0.5167604088783264,-0.0019514614,0.0005785541,-0.001951461425051093
359,prediction,-0.0039723786,-0.006085711,-0.003972378559410572,-0.53071004,-0.5003559,-0.5307100415229797,-0.0010539354,-0.00070804247,-0.001053935382515192
360,prediction,-0.0027000792,-0.0052729896,-0.0027000792324543,-0.53358907,-0.5085558,-0.5335890650749207,-0.00026550348,-2.6258725e-05,-0.0002655034768395126
361,prediction,-0.0038300492,-0.0011985708,-0.0038300491869449615,-0.52047044,-0.5172611,-0.5204704403877258,-0.0016054278,0.0012535874,-0.001605427823960781
362,prediction,-0.0008618288,-0.0038728032,-0.0008618287974968553,-0.5439399,-0.5181963,-0.5439398884773254,-0.0016553613,0.00030276758,-0.0016553612658753991
363,prediction,-0.002376571,-0.0023125156,-0.002376571064814925,-0.55996937,-0.52094847,-0.5599693655967712,-0.0010971703,0.000517076,-0.0010971702868118882
364,prediction,-0.0008149765,-0.00083331123,-0.0008149765199050307,-0.507031,-0.52449316,-0.5070310235023499,-0.0012336578,0.0017398173,-0.0012336578220129013
365,prediction,0.000421341,-0.00043401998,0.0004213410138618201,-0.570491,-0.5258537,-0.5704910159111023,-0.001603157,0.001603901,-0.001603157026693225
366,prediction,-0.0015360457,0.003260613,-0.0015360456891357899,-0.5218678,-0.5297485,-0.5218678116798401,-0.00014891755,0.0010094075,-0.0001489175483584404
367,prediction,-0.0022099249,-0.0008889037,-0.0022099248599261045,-0.5579955,-0.52839774,-0.5579954981803894,-0.0024892387,-0.0007259124,-0.0024892387446016073
368,prediction,-4.4203466e-06,-0.0008362017,-4.420346613187576e-06,-0.53154284,-0.52677304,-0.5315428376197815,-0.0022872423,-0.00088204246,-0.002287242328748107
369,prediction,-0.0011027418,0.0023381829,-0.0011027418076992035,-0.5382535,-0.5268697,-0.5382534861564636,-0.0014176465,0.00011722153,-0.0014176465338096023
370,prediction,-0.0028696777,0.0003467818,-0.0028696777299046516,-0.53672975,-0.5225473,-0.5367297530174255,-0.0016067474,0.00037296565,-0.0016067473916336894
371,prediction,-0.0030201431,0.0002595041,-0.003020143136382103,-0.53280014,-0.52162,-0.5328001379966736,-0.0019073525,-0.0009307191,-0.0019073524745181203
372,prediction,-0.0022701838,-0.0029460392,-0.0022701837588101625,-0.52001005,-0.5199608,-0.5200100541114807,-0.0020700567,-0.0022099349,-0.002070056740194559
373,prediction,-0.0018227863,-0.004288533,-0.001822786289267242,-0.5061533,-0.5179036,-0.5061532855033875,-0.0015156083,-0.0010914078,-0.0015156082808971405
374,prediction,-0.0022588882,-0.002155541,-0.0022588882129639387,-0.49283668,-0.5134435,-0.49283668398857117,-0.0027833604,-0.00039429436,-0.0027833604253828526
375,prediction,-0.003466657,-0.0037713395,-0.0034666568972170353,-0.52466947,-0.5093389,-0.5246694684028625,-0.0023469215,-0.0020221595,-0.002346921479329467
376,prediction,-0.0029483805,-0.0035405324,-0.0029483805410563946,-0.4911233,-0.51120704,-0.4911232888698578,-0.0017474892,-0.0024184682,-0.001747489208355546
377,prediction,-4.6444297e-06,-0.005325795,-4.644429736799793e-06,-0.51339,-0.50622016,-0.5133900046348572,-0.00079020846,-0.0017792172,-0.0007902084616944194
378,prediction,-0.0042674155,-0.005986015,-0.004267415497452021,-0.48981008,-0.5040483,-0.4898100793361664,-0.0024167213,-0.0016825207,-0.002416721312329173
379,prediction,-0.0028746584,-0.0016082816,-0.0028746584430336952,-0.5133876,-0.50436014,-0.5133876204490662,-0.0018768256,-0.0004883318,-0.0018768255831673741
380,prediction,0.0014220411,-0.0013904886,0.0014220410957932472,-0.47184178,-0.49718198,-0.4718417823314667,-0.0026666461,0.00040819903,-0.002666646149009466
381,prediction,0.0009737112,-0.0007311722,0.0009737111977301538,-0.4931924,-0.49367282,-0.4931924045085907,-0.0022473303,0.00010427981,-0.002247330266982317
382,prediction,0.00015611193,0.0009080625,0.0001561119279358536,-0.45037577,-0.49091622,-0.4503757655620575,-0.0023400339,-0.00060138415,-0.002340033883228898
383,prediction,-0.0058451,0.0022942957,-0.005845100153237581,-0.47261855,-0.4857007,-0.47261855006217957,-0.0012386185,0.00046984068,-0.0012386185117065907
384,prediction,0.00019810689,0.0043466976,0.0001981068926397711,-0.44049606,-0.47907123,-0.4404960572719574,-0.0031533544,0.00219791,-0.0031533543951809406
385,prediction,-0.0057625873,0.005109883,-0.005762587301433086,-0.4582325,-0.46962616,-0.45823249220848083,-0.0025223922,0.0023120525,-0.0025223921984434128
386,prediction,0.0017464119,0.0061388128,0.0017464119009673595,-0.41781768,-0.46267077,-0.4178176820278168,-0.0023572468,0.0015153971,-0.002357246819883585
387,prediction,0.00012444479,0.006299832,0.0001244447921635583,-0.44038507,-0.45539412,-0.4403850734233856,-0.00250664,0.0021389977,-0.0025066400412470102
388,prediction,-0.0030036855,0.004737018,-0.003003685502335429,-0.43094215,-0.44563398,-0.4309421479701996,-0.0026081738,0.0029287,-0.0026081737596541643
389,prediction,-0.0015149425,0.0036407048,-0.0015149425016716123,-0.41424415,-0.43363187,-0.414244145154953,-0.0020038595,0.0022569518,-0.002003859495744109
390,prediction,-0.00382434,0.0042786985,-0.003824339946731925,-0.40549836,-0.4240695,-0.40549835562705994,-0.002544142,0.0013522345,-0.002544142073020339
391,prediction,-0.0031777914,0.0058451523,-0.003177791368216276,-0.39812693,-0.41403946,-0.3981269299983978,-0.0010994454,0.002558765,-0.001099445391446352
392,prediction,-0.00032703282,0.001936968,-0.0003270328161306679,-0.38079295,-0.4007164,-0.3807929456233978,-0.000978183,0.0031517015,-0.000978183001279831
393,prediction,-0.002734285,-0.0004267362,-0.002734285080805421,-0.39367613,-0.39011237,-0.39367613196372986,-0.001402747,0.0013054631,-0.0014027470024302602
394,prediction,-0.0012059232,0.0019522171,-0.0012059231521561742,-0.40499088,-0.37940082,-0.40499088168144226,-0.0015880999,0.0004854029,-0.0015880998689681292
395,prediction,-0.0039312453,-0.00059484656,-0.0039312453009188175,-0.344058,-0.36923143,-0.34405800700187683,-0.0011238261,0.0014077959,-0.0011238261358812451
396,prediction,-0.0029773084,-0.0011620562,-0.002977308351546526,-0.3261387,-0.35621175,-0.3261387050151825,-0.0010713,0.0017145472,-0.0010713000083342195
397,prediction,-0.0011087013,-0.00020796029,-0.001108701340854168,-0.31331417,-0.3429539,-0.31331416964530945,-0.0016917834,-0.00035025305,-0.0016917834291234612
398,prediction,-0.0024602192,-0.00244176,-0.0024602191988378763,-0.30736408,-0.3343061,-0.3073640763759613,-0.0008245713,-0.0011911996,-0.000824571296107024
399,prediction,-0.0024047534,-0.0017332741,-0.002404753351584077,-0.3120987,-0.32183692,-0.3120987117290497,-0.001625328,-0.00013461841,-0.0016253279754891992
400,prediction,-0.003667072,-0.00084139395,-0.0036670719273388386,-0.2998545,-0.3090187,-0.29985448718070984,-0.0022572035,0.0001686667,-0.0022572034504264593
401,prediction,-0.0021757097,-0.0026621236,-0.0021757096983492374,-0.28709874,-0.29715118,-0.2870987355709076,-0.001761437,-0.0011417103,-0.0017614370444789529
402,prediction,-0.00049456,-0.0008385412,-0.0004945599939674139,-0.27227864,-0.2821904,-0.27227863669395447,-0.000940383,-0.0016079999,-0.0009403830044902861
403,prediction,-0.0009812185,-0.00081545906,-0.0009812185307964683,-0.25852093,-0.27043828,-0.2585209310054779,-0.0017293677,-0.0022038498,-0.0017293676501139998
404,prediction,-0.0002725726,-0.0023065726,-0.00027257259353064,-0.2453018,-0.25771484,-0.24530179798603058,-0.0022839475,-0.0022489377,-0.002283947542309761
405,prediction,-0.00021432168,-0.00038788866,-0.0002143216843251139,-0.23171146,-0.24337967,-0.2317114621400833,-0.001394312,-0.00122016,-0.0013943120138719678
406,prediction,-0.0015364981,-0.00059055316,-0.0015364980790764093,-0.21802945,-0.22722824,-0.2180294543504715,-0.0013903731,-0.0010861258,-0.0013903731014579535
407,prediction,-0.00014394017,-0.0033864353,-0.00014394016761798412,-0.20383306,-0.21283288,-0.20383305847644806,-0.0020309873,-0.0027437848,-0.0020309872925281525
408,prediction,-0.0005954495,-0.00087402586,-0.0005954495281912386,-0.18968983,-0.19972523,-0.18968982994556427,-0.0011350923,-0.0022947001,-0.0011350923450663686
409,prediction,-0.0017600658,0.00070039456,-0.0017600657884031534,-0.17642577,-0.1826392,-0.1764257699251175,-0.00084960816,-0.00085283123,-0.0008496081572957337
410,prediction,-0.0016284157,-0.0018907954,-0.001628415659070015,-0.16289742,-0.16733779,-0.16289742290973663,-0.0018832047,-0.0007305267,-0.0018832046771422029
411,prediction,-0.0028697765,-0.0027168079,-0.002869776450097561,-0.1487021,-0.15306725,-0.14870209991931915,-0.0018886907,-0.0013980556,-0.0018886907491832972
412,prediction,-0.0011233484,-0.0011525975,-0.0011233483674004674,-0.13487811,-0.13611634,-0.13487811386585236,-0.0005156718,-0.0015161444,-0.0005156717961654067
413,prediction,-0.0029186513,-0.0009686175,-0.0029186513274908066,-0.12099012,-0.11896714,-0.12099011987447739,-0.0012884332,-0.001637962,-0.0012884332099929452
414,prediction,-0.0032221447,-0.00068630074,-0.0032221446745097637,-0.10732105,-0.10287162,-0.10732104629278183,-0.0023097345,-0.0011272527,-0.0023097344674170017
415,prediction,-0.0004392231,0.00038879478,-0.00043922310578636825,-0.09319093,-0.08938273,-0.09319093078374863,-0.001959902,-0.0003081079,-0.001959902001544833
416,prediction,-0.001231128,-0.0013804398,-0.0012311280006542802,-0.078616045,-0.07211288,-0.07861604541540146,-0.0016282265,-0.0003906705,-0.0016282264841720462
417,prediction,-0.003093299,-0.0021704473,-0.003093298990279436,-0.06567439,-0.054276608,-0.06567438691854477,-0.0020025268,8.136714e-05,-0.0020025267731398344
418,prediction,-0.003355429,-0.000117955125,-0.0033554290421307087,-0.05147823,-0.040085576,-0.05147822946310043,-0.0021893312,0.00088271,-0.0021893312223255634
419,prediction,-0.00014761169,-0.001364569,-0.00014761168858967721,-0.036030136,-0.023988863,-0.03603013604879379,-0.0023716225,-0.00047943683,-0.002371622482314706
420,prediction,-0.0007914398,-0.00059569796,-0.0007914397865533829,-0.022242745,-0.008823714,-0.022242745384573936,-0.0025732457,-0.0016389904,-0.002573245670646429
421,prediction,-0.002219252,0.0010241523,-0.0022192520555108786,-0.007990322,0.006214061,-0.007990322075784206,-0.002671904,-0.00015714286,-0.002671903930604458
422,prediction,0.00039430533,-0.0028718188,0.00039430533070117235,0.006599524,0.022951344,0.006599524058401585,-0.0020004266,-0.00028372658,-0.0020004266407340765
423,prediction,-0.0018396906,-0.0011429285,-0.0018396906089037657,0.020839551,0.03841082,0.020839551463723183,-0.0019712118,-0.0014111502,-0.00197121175006032
424,prediction,-0.00055457134,0.0013647939,-0.0005545713356696069,0.03656379,0.052210666,0.03656379133462906,-0.002985728,-0.0010460963,-0.002985727973282337
425,prediction,0.001266811,-0.00036052734,0.0012668110430240631,0.05145178,0.06724838,0.051451779901981354,-0.0036742312,-0.00051015784,-0.0036742312368005514
426,prediction,-0.00090478576,0.0011918959,-0.0009047857602126896,0.06544969,0.08241121,0.06544969230890274,-0.0028494678,-0.0005170685,-0.002849467797204852
427,prediction,0.0006451989,0.0016307354,0.0006451989174820483,0.08168886,0.097955145,0.08168885856866837,-0.0021986174,-0.00090405735,-0.0021986174397170544
428,prediction,-0.0008361955,0.001104598,-0.0008361954824067652,0.09634248,0.11383245,0.09634248167276382,-0.0025274917,-0.0017081772,-0.00252749165520072
429,prediction,-0.0020403455,0.0008547017,-0.0020403454545885324,0.110457696,0.12660395,0.11045769602060318,-0.0023170507,-0.0029114587,-0.0023170507047325373
430,prediction,-0.00096998387,0.0022141684,-0.0009699838701635599,0.127721,0.14307396,0.12772099673748016,-0.0015356626,-0.0029406429,-0.0015356625663116574
431,prediction,-0.0020903582,0.004548208,-0.0020903581753373146,0.14334457,0.15838622,0.14334456622600555,-0.0017014846,-0.002377645,-0.0017014845507219434
432,prediction,-0.001662694,0.0017644166,-0.001662694034166634,0.15752636,0.17139618,0.15752635896205902,-0.0016383381,-0.0034501352,-0.00163833808619529
433,prediction,-0.0033041993,0.0021595454,-0.0033041993156075478,0.1731023,0.19167702,0.17310230433940887,-0.00099591,-0.0030495296,-0.0009959100279957056
434,prediction,-0.0036908176,0.002271865,-0.0036908176261931658,0.18837039,0.20428048,0.18837039172649384,-0.00063971983,-0.0023926264,-0.0006397198303602636
435,prediction,-0.00308695,-0.0007506317,-0.0030869499314576387,0.2042027,0.21558236,0.20420269668102264,-0.0005962272,-0.0031202952,-0.0005962271825410426
436,prediction,-0.0043462645,0.0015595083,-0.004346264526247978,0.21934621,0.23371641,0.21934621036052704,-0.0009917485,-0.0025655578,-0.0009917485294863582
437,prediction,-0.0038715468,0.0012475001,-0.0038715468253940344,0.23385899,0.24823742,0.23385898768901825,-0.0008915828,-0.0022640496,-0.0008915828075259924
438,prediction,-0.00404582,-0.0019642164,-0.004045819863677025,0.24877475,0.2635906,0.24877475202083588,-0.00029583022,-0.0039936546,-0.0002958302211482078
439,prediction,-0.0038735988,-0.0022495391,-0.003873598761856556,0.26293615,0.2758715,0.26293614506721497,0.00025812906,-0.0037280659,0.00025812906096689403
440,prediction,-0.0028755693,-0.0034877611,-0.002875569276511669,0.27705267,0.2876056,0.2770526707172394,-0.0006882574,-0.001629779,-0.0006882573943585157
441,prediction,-0.0024733557,-0.0034119706,-0.0024733557365834713,0.29193524,0.30191207,0.2919352352619171,-0.0015060109,-0.0018719662,-0.0015060108853504062
442,prediction,-0.0026942934,-0.0032353755,-0.0026942933909595013,0.30563203,0.31378528,0.3056320250034332,-0.0008446292,-0.002592949,-0.0008446291903965175
443,prediction,-0.0006681232,-0.0042583137,-0.0006681231898255646,0.31858972,0.32878542,0.3185897171497345,-1.1529523e-05,-0.00031975508,-1.1529523362696636e-05
444,prediction,0.0007925987,-0.0041227806,0.00079259870108217,0.3324087,0.34007528,0.33240869641304016,-0.00018891486,0.0009812572,-0.00018891485524363816
445,prediction,-0.0006132511,-0.0038122148,-0.0006132511189207435,0.34500918,0.34906375,0.3450091779232025,-0.0007232128,-0.00051004667,-0.0007232127827592194
446,prediction,0.00043488407,-0.0037135012,0.00043488407391123474,0.3582681,0.36103633,0.3582681119441986,-0.0015932702,-0.0008089465,-0.0015932702226564288
447,prediction,0.001954252,-0.0025638936,0.0019542519003152847,0.37223515,0.3731678,0.37223514914512634,-0.0013007125,0.0005056682,-0.0013007124653086066
448,prediction,0.0014071855,-0.00057460053,0.001407185452990234,0.3839971,0.38631546,0.3839971125125885,-0.0007654424,0.0016077785,-0.0007654423825442791
449,prediction,0.00018832707,-0.0015109518,0.00018832707428373396,0.3963912,0.39485538,0.39639121294021606,-0.0010723958,0.002381234,-0.0010723958257585764
450,prediction,-0.00032568295,-0.0010147444,-0.00032568295137025416,0.40866506,0.4027238,0.4086650609970093,-0.0016889408,0.0028817307,-0.0016889407997950912
451,prediction,0.000673228,0.0024846145,0.0006732280016876757,0.41979006,0.41239363,0.4197900593280792,-0.001314978,0.0028082526,-0.0013149779988452792
452,prediction,-0.0012238135,-0.00068149343,-0.001223813509568572,0.4311095,0.42244005,0.4311094880104065,-0.0008949824,0.0016423118,-0.0008949824259616435
453,prediction,-0.0029496362,-0.0006372837,-0.00294963619671762,0.44159544,0.43280336,0.4415954351425171,-0.0013955497,0.0017377615,-0.0013955497415736318
454,prediction,-0.0018548612,0.004999401,-0.0018548611551523209,0.45155072,0.4367284,0.4515507221221924,-0.0019192296,0.0032344214,-0.0019192296313121915
455,prediction,-0.0030008473,0.0020283067,-0.0030008472967892885,0.4604161,0.44293147,0.46041610836982727,-0.0019374766,0.0029181922,-0.0019374765688553452
456,prediction,-0.0036103544,0.00093415554,-0.003610354382544756,0.4683851,0.45179033,0.46838510036468506,-0.0020005682,0.0017947808,-0.002000568201765418
457,prediction,-0.0041808235,0.0030427435,-0.00418082345277071,0.47746304,0.45637846,0.477463036775589,-0.0019918284,0.00088111416,-0.0019918284378945827
458,prediction,-0.0046429983,0.001520087,-0.004642998334020376,0.48527893,0.46345305,0.4852789342403412,-0.00282049,0.00044818842,-0.002820489928126335
459,prediction,-0.003959519,0.005080951,-0.0039595188573002815,0.4910903,0.46894214,0.4910902976989746,-0.002241766,0.001248288,-0.002241766080260277
460,prediction,-0.004078077,0.005170477,-0.0040780771523714066,0.49743244,0.47141498,0.4974324405193329,-0.0011370379,0.0016585256,-0.0011370378779247403
461,prediction,-0.0031997343,0.0013807062,-0.0031997342593967915,0.50320995,0.4766013,0.5032099485397339,-0.0022264062,0.0009456577,-0.002226406242698431
462,prediction,-0.003408191,0.0033637346,-0.0034081910271197557,0.50721097,0.48302117,0.5072109699249268,-0.0033330973,-0.000416563,-0.0033330973237752914
463,prediction,-0.0029762378,0.0022586584,-0.0029762377962470055,0.5122829,0.48805943,0.5122829079627991,-0.0025230853,-0.0011930098,-0.0025230853352695704
464,prediction,-0.0008805851,0.0024801283,-0.0008805851102806628,0.51763314,0.4913898,0.5176331400871277,-0.0014000038,-0.00041498552,-0.0014000037917867303
465,prediction,-0.00016539053,0.004381161,-0.0001653905346756801,0.51974905,0.4941007,0.5197490453720093,-0.0014576486,-0.0012201396,-0.0014576485846191645
466,prediction,-0.00062307663,-0.00063341844,-0.0006230766302905977,0.5220729,0.49886116,0.5220729112625122,-0.0021798583,-0.0030325009,-0.002179858274757862
467,prediction,0.00020015324,-0.0013701144,0.00020015324116684496,0.52483004,0.50490564,0.5248300433158875,-0.0023945963,-0.0015325143,-0.0023945963475853205
468,prediction,0.0019550603,0.0010927735,0.001955060288310051,0.52637553,0.5062489,0.5263755321502686,-0.0010388364,-0.00025481696,-0.0010388364316895604
469,prediction,0.0016242522,-0.0013658919,0.0016242521815001965,0.5275164,0.50790995,0.5275164246559143,0.0003488288,-0.0018025914,0.0003488287911750376
470,prediction,0.0013630677,-0.0038803602,0.0013630676548928022,0.52696455,0.51184726,0.526964545249939,-0.000697459,-0.002667109,-0.0006974589778110385
471,prediction,0.0010220405,-0.003622719,0.0010220404947176576,0.5265862,0.5118909,0.5265861749649048,-0.0021466047,-0.0025876483,-0.0021466047037392855
472,prediction,-0.00045357915,-0.0024817265,-0.0004535791522357613,0.52591634,0.51051474,0.525916337966919,-0.0014658849,-0.0031268192,-0.0014658848522230983
473,prediction,0.00041933695,-0.003963881,0.0004193369532003999,0.5235744,0.5109534,0.5235744118690491,-0.00035587707,-0.0024401343,-0.000355877069523558
474,prediction,-0.0004396115,-0.005598218,-0.00043961149640381336,0.52124655,0.5128913,0.5212465524673462,-0.00060582085,-0.0012124707,-0.0006058208527974784
475,prediction,-0.002024677,-0.0036872362,-0.0020246768835932016,0.5181316,0.5093203,0.5181316137313843,-0.0010407479,-0.0011366708,-0.0010407478548586369
476,prediction,-0.0021087495,-0.0031834878,-0.0021087494678795338,0.5134186,0.5029332,0.5134186148643494,-0.00066992384,-0.0014163203,-0.0006699238438159227
477,prediction,-0.0028003866,-0.0026594296,-0.002800386631861329,0.5093585,0.503597,0.5093585252761841,-0.0010512125,-0.00046427577,-0.0010512125445529819
478,prediction,-0.0032244844,-0.0016432883,-0.0032244843896478415,0.5047871,0.5000646,0.5047870874404907,-0.0010956065,-0.000245039,-0.001095606479793787
479,prediction,-0.003536541,-0.0021953776,-0.0035365410149097443,0.49872687,0.494495,0.49872687458992004,-0.0011445546,-0.001097353,-0.0011445545824244618
480,prediction,-0.0026432162,-0.0021782077,-0.0026432161685079336,0.49243844,0.49297056,0.4924384355545044,-0.0009110533,-0.0007639491,-0.0009110533283092082
481,prediction,-0.0036738084,-0.0018817729,-0.003673808416351676,0.48538435,0.48634478,0.48538434505462646,0.00023459717,0.0004789144,0.00023459717340301722
482,prediction,-0.0043975995,-0.0012967788,-0.004397599492222071,0.47800696,0.47893697,0.4780069589614868,-0.00017920372,0.00034036787,-0.0001792037219274789
483,prediction,-0.002445265,-0.0014010716,-0.0024452649522572756,0.46995333,0.47599733,0.469953328371048,-0.0016394276,-0.00067049917,-0.0016394276171922684
484,prediction,-0.0021971182,-0.0031780903,-0.002197118243202567,0.46215436,0.47228932,0.462154358625412,-0.0009707437,0.00033710615,-0.0009707437129691243
485,prediction,-0.0017749259,-0.0032832946,-0.0017749258549883962,0.45502812,0.46484655,0.45502811670303345,0.0002521321,0.0013936232,0.0002521321002859622
486,prediction,-0.0015312507,-0.0033519217,-0.0015312506584450603,0.44349182,0.45824212,0.4434918165206909,-8.985387e-05,-0.0010650321,-8.985387103166431e-05
487,prediction,-0.0008048191,-0.004617552,-0.0008048191084526479,0.43282312,0.45232707,0.432823121547699,-0.0007964836,-0.0030936054,-0.0007964835967868567
488,prediction,3.255681e-05,-0.0034620657,3.255681076552719e-05,0.42534637,0.44554627,0.42534637451171875,-0.0010786375,-0.00062775775,-0.0010786375496536493
489,prediction,0.0003656059,-0.003879805,0.00036560589796863496,0.414636,0.43799832,0.4146359860897064,-0.0010634928,5.0928746e-05,-0.0010634928476065397
490,prediction,0.00056755973,-0.004437352,0.0005675597349181771,0.4035464,0.4290869,0.40354639291763306,-0.0002626815,-0.0017069492,-0.0002626815112307668
491,prediction,-0.00049184344,-0.0036195887,-0.0004918434424325824,0.39193434,0.42295152,0.391934335231781,-0.0005537227,-0.0016794971,-0.0005537227261811495
492,prediction,-0.00025271473,-0.0038183753,-0.0002527147298678756,0.38030568,0.41454977,0.380305677652359,-0.001792826,-0.0017769143,-0.0017928259912878275
493,prediction,0.0008830048,-0.00246077,0.0008830048027448356,0.37004685,0.40265065,0.37004685401916504,-0.0010844696,-0.0031120344,-0.0010844696080312133
494,prediction,0.00020481524,0.0005156114,0.00020481523824855685,0.35766903,0.39578807,0.35766902565956116,-0.00049754843,-0.0025528988,-0.0004975484334863722
495,prediction,-0.0008218198,0.0017077889,-0.0008218198199756444,0.34602624,0.38596508,0.3460262417793274,-0.0010035902,-0.0016599731,-0.0010035901796072721
496,prediction,-0.0016201372,0.00018545019,-0.0016201372491195798,0.33462176,0.37478232,0.33462175726890564,-0.0012715776,-0.0027744859,-0.0012715775519609451
497,prediction,-0.0011151511,0.0007453343,-0.0011151510989293456,0.32194802,0.36736476,0.32194802165031433,-0.00038835526,-0.0027826,-0.00038835525629110634
498,prediction,-0.0012619997,0.0042068213,-0.0012619997141882777,0.309249,0.35634243,0.30924901366233826,-0.00052137754,-0.0016780241,-0.0005213775439187884
499,prediction,-0.0016461458,0.004713629,-0.001646145828999579,0.29704732,0.34427118,0.29704731702804565,-0.00146334,-0.0023642394,-0.0014633400132879615
500,prediction,-0.0016951152,0.0045058364,-0.0016951152356341481,0.28524318,0.3341426,0.2852431833744049,-0.0004173856,-0.0031008273,-0.0004173855995759368
501,prediction,-0.002603376,0.0041318657,-0.0026033760514110327,0.27296606,0.32356247,0.27296605706214905,-0.000554906,-0.0024106558,-0.0005549059715121984
502,prediction,-0.002112893,0.0028609384,-0.002112892922013998,0.26057467,0.31181115,0.26057466864585876,-0.0008982267,-0.0012314816,-0.0008982266881503165
503,prediction,-0.0025169717,0.003740075,-0.002516971668228507,0.24732827,0.30045757,0.2473282665014267,-0.0007822968,3.9764036e-05,-0.0007822968182154
504,prediction,-0.0026918438,0.0024081902,-0.002691843779757619,0.23458229,0.28687108,0.23458229005336761,-0.0012114393,-0.0011952157,-0.0012114392593502998
505,prediction,-0.00063765387,0.0010757999,-0.0006376538658514619,0.22282813,0.27331743,0.22282813489437103,-0.0017762365,-0.002737872,-0.0017762364586815238
506,prediction,-0.002245947,0.0017025763,-0.0022459470201283693,0.2101001,0.26172838,0.21010009944438934,-0.0018859389,-0.0009314064,-0.001885938923805952
507,prediction,-0.0028119434,0.0002013331,-0.0028119434136897326,0.19776385,0.24606721,0.1977638453245163,-0.002241553,0.00040064205,-0.0022415530402213335
508,prediction,-0.00062687777,-0.0027124996,-0.0006268777651712298,0.18447588,0.23170356,0.1844758838415146,-0.001777905,-0.0009548177,-0.0017779050394892693
509,prediction,-0.00043523943,-0.0033320803,-0.00043523943168111145,0.17123859,0.21900968,0.17123858630657196,-0.0006688259,-0.00023124609,-0.000668825872708112
510,prediction,-0.0006932894,-0.0017708198,-0.0006932893884368241,0.15991811,0.20416771,0.15991811454296112,-0.00038083195,0.001765317,-0.00038083194522187114
511,prediction,1.0108279e-06,-0.002625113,1.0108278729603626e-06,0.14663272,0.18885712,0.14663271605968475,-0.0015413465,0.0004943538,-0.0015413465443998575
512,prediction,-5.832044e-07,-0.0028532885,-5.832043825648725e-07,0.13347827,0.1715071,0.13347826898097992,-0.0018528244,-0.00012555951,-0.0018528243526816368
513,prediction,-0.00011778413,-0.0037731135,-0.00011778413318097591,0.122184254,0.15898477,0.12218425422906876,-0.0016520778,0.001654194,-0.0016520777717232704
514,prediction,0.00059369404,-0.0057337172,0.0005936940433457494,0.10952888,0.14584558,0.10952887684106827,-0.0018527943,0.0021974249,-0.0018527943175286055
515,prediction,-0.00015242322,-0.0027219737,-0.0001524232211522758,0.095396854,0.12838213,0.09539685398340225,-0.0010998755,0.0020652646,-0.0010998755460605025
516,prediction,-0.0016053277,-0.0020829367,-0.00160532770678401,0.08288703,0.115048744,0.08288703113794327,-0.0010425177,0.0020661901,-0.0010425177169963717
517,prediction,-0.00068719755,-0.002246032,-0.0006871975492686033,0.07125435,0.09903667,0.07125435024499893,-0.0017704397,0.001329733,-0.0017704396741464734
518,prediction,0.00021543929,-0.00075347093,0.0002154392859665677,0.058510758,0.08408854,0.058510757982730865,-0.0016826498,0.0013805045,-0.0016826498322188854
519,prediction,-0.0016619687,-0.0029345886,-0.0016619686502963305,0.04543338,0.070593335,0.04543337970972061,-0.0014534022,0.0024608767,-0.0014534022193402052
520,prediction,-0.002188658,-0.0006960693,-0.00218865810893476,0.032126166,0.054399647,0.03212616592645645,-0.001410231,0.002985582,-0.0014102309942245483
521,prediction,-0.00063320843,0.0013895682,-0.0006332084303721786,0.019710103,0.040787615,0.019710103049874306,-0.0015842767,0.0021771498,-0.0015842766733840108
522,prediction,-0.00033002128,0.00051221094,-0.0003300212847534567,0.0062649036,0.024793604,0.006264903582632542,-0.001555327,0.0018953026,-0.001555326976813376
523,prediction,-0.0013777753,0.0020821376,-0.0013777753338217735,-0.0070378995,0.008359768,-0.00703789945691824,-0.00087788503,0.0020585493,-0.0008778850315138698
524,prediction,-0.0017701691,0.002107581,-0.0017701691249385476,-0.01866146,-0.0067457175,-0.018661459907889366,-0.0002794021,0.0010210641,-0.00027940209838561714
525,prediction,-0.0011878851,0.0016043676,-0.001187885063700378,-0.03356465,-0.02176859,-0.033564649522304535,-5.7616824e-05,-0.00023012864,-5.7616824051365256e-05
526,prediction,-0.001282148,0.0006329057,-0.001282147946767509,-0.0475808,-0.035324357,-0.04758080095052719,-0.0005425877,-8.2977625e-05,-0.000542587717063725
527,prediction,-0.0014718351,0.001268109,-0.0014718350721523166,-0.06011095,-0.052400254,-0.060110948979854584,-0.0002514067,0.0010300934,-0.00025140668731182814
528,prediction,-0.0011978005,0.0027437953,-0.0011978005059063435,-0.07496234,-0.06697359,-0.07496234029531479,-0.00048222498,0.0013467848,-0.00048222497571259737
529,prediction,-0.0014687043,0.00027125762,-0.0014687043149024248,-0.087973796,-0.08152404,-0.08797379583120346,-0.000305216,-0.00044349488,-0.0003052160027436912
530,prediction,-0.00088765577,-0.0002548249,-0.0008876557694748044,-0.101759695,-0.09839114,-0.10175969451665878,4.8743e-05,-0.001185142,4.874300066148862e-05
531,prediction,0.00020869849,-0.0033591734,0.0002086984895868227,-0.11631819,-0.11045512,-0.11631818860769272,-0.0003646173,-0.0007020329,-0.00036461729905568063
532,prediction,-0.00050764537,-0.005172252,-0.0005076453671790659,-0.13102122,-0.12381216,-0.13102121651172638,-0.00078282366,-0.00075296697,-0.0007828236557543278
533,prediction,-0.00030858294,0.000101892154,-0.00030858293757773936,-0.14598604,-0.13688762,-0.14598603546619415,-0.00028103046,-0.0026847553,-0.0002810304576996714
534,prediction,0.00029506275,-0.00035733997,0.0002950627531390637,-0.15914108,-0.1522211,-0.15914107859134674,0.00026084992,-0.0027973028,0.00026084991986863315
535,prediction,0.00017832594,-0.0025815426,0.0001783259358489886,-0.17366107,-0.16746743,-0.17366106808185577,0.00014384704,-0.0019120326,0.00014384703536052257
536,prediction,-8.517571e-05,-0.00274152,-8.517570677213371e-05,-0.18844606,-0.18227537,-0.1884460598230362,-0.0010751992,-0.0002939323,-0.0010751992231234908
537,prediction,-0.00047868368,-0.0014412656,-0.0004786836798302829,-0.20394911,-0.19672908,-0.20394910871982574,-0.0008879954,0.0011985191,-0.0008879954111762345
538,prediction,-0.0003602265,0.0010406384,-0.0003602264914661646,-0.21924801,-0.21296377,-0.21924801170825958,-0.0006479547,0.0018554733,-0.0006479547009803355
539,prediction,-0.00017737997,-0.00026168147,-0.00017737997404765338,-0.2330081,-0.22782214,-0.23300810158252716,-0.00095238315,0.0011632616,-0.0009523831540718675
540,prediction,-0.00095178775,7.4851814e-05,-0.0009517877479083836,-0.24782498,-0.24037512,-0.24782498180866241,-0.0010944235,0.0011528614,-0.0010944234672933817
541,prediction,-0.00078416424,0.000780721,-0.0007841642363928258,-0.26158413,-0.2571008,-0.2615841329097748,-0.00097100425,0.002557201,-0.000971004250459373
542,prediction,-0.00025345536,-0.0005532007,-0.00025345536414533854,-0.27687797,-0.27133736,-0.2768779695034027,-0.0005487129,0.0038209828,-0.0005487129092216492
543,prediction,-0.00040232122,0.0001244709,-0.0004023212241008878,-0.2917516,-0.28199074,-0.29175159335136414,-0.0014077029,0.0042088777,-0.0014077029190957546
544,prediction,-0.0017420545,-0.00071892387,-0.0017420544754713774,-0.30575964,-0.29521617,-0.30575963854789734,-0.0019892687,0.004427125,-0.001989268697798252
545,prediction,-0.0020736286,-0.00024713532,-0.002073628595098853,-0.32025883,-0.3061174,-0.32025882601737976,-0.0010232789,0.0050093685,-0.0010232789209112525
546,prediction,0.00022479582,0.00035473812,0.0002247958182124421,-0.3320957,-0.32000622,-0.3320957124233246,-0.0011322119,0.003977626,-0.0011322118807584047
547,prediction,-0.00068325433,-0.0027674949,-0.0006832543294876814,-0.3473713,-0.33212766,-0.34737130999565125,-0.0023153173,0.0025546793,-0.002315317280590534
548,prediction,-0.0020705282,-0.0031515467,-0.002070528222247958,-0.36154923,-0.33773956,-0.3615492284297943,-0.0019609132,0.004425413,-0.001960913185030222
549,prediction,-0.0012311646,-0.0030017097,-0.0012311645550653338,-0.37318763,-0.34790465,-0.3731876313686371,-0.00075370807,0.004999584,-0.0007537080673500896
550,prediction,-0.0010171481,-0.0026752907,-0.0010171481408178806,-0.38826117,-0.35870108,-0.38826116919517517,-0.0010968425,0.0028013177,-0.0010968424612656236
551,prediction,0.0010030362,-0.0013053946,0.0010030361590906978,-0.40044698,-0.36890814,-0.40044698119163513,-0.0015095501,0.0024224604,-0.0015095501439645886
552,prediction,3.442347e-05,-0.0026644575,3.442346860538237e-05,-0.41147122,-0.3754618,-0.4114712178707123,-0.0013991058,0.0028122307,-0.0013991057639941573
553,prediction,-0.001127692,-0.0026594903,-0.001127692055888474,-0.42406997,-0.3830783,-0.42406997084617615,-0.0018812971,0.0022082448,-0.0018812970956787467
554,prediction,0.0011946219,-0.0009091613,0.0011946219019591808,-0.4368088,-0.39616725,-0.4368087947368622,-0.0017315453,0.0021789318,-0.0017315453151240945
555,prediction,0.001019545,-0.00074576715,0.0010195450158789754,-0.44834718,-0.4004589,-0.44834718108177185,-0.00051726843,0.0024692903,-0.0005172684323042631
556,prediction,0.00060284237,0.0014737253,0.0006028423667885363,-0.45797953,-0.40960714,-0.4579795300960541,-0.00012032396,0.0015316173,-0.00012032395898131654
557,prediction,0.0010787119,0.0043728636,0.0010787119390442967,-0.46797308,-0.4228823,-0.46797308325767517,-0.0012566549,0.00042588063,-0.0012566548539325595
558,prediction,0.00079936156,0.0006791199,0.0007993615581654012,-0.4772863,-0.42754766,-0.47728630900382996,-0.0018966662,-0.00105062,-0.0018966662464663386
559,prediction,0.00053860265,0.0012966294,0.0005386026459746063,-0.4868171,-0.43601617,-0.4868170917034149,-0.0006938011,-0.0015427074,-0.0006938010919839144
560,prediction,3.7359282e-06,0.007800759,3.735928203241201e-06,-0.4943417,-0.4448497,-0.4943417012691498,0.00067562645,0.00066043856,0.0006756264483556151
561,prediction,-0.00026752887,0.0043662754,-0.0002675288706086576,-0.5017013,-0.45291373,-0.501701295375824,0.0009559447,0.0010882244,0.0009559447062201798
562,prediction,-0.0010675999,0.0025302782,-0.0010675998637452722,-0.5101542,-0.45761845,-0.5101541876792908,-0.00013067604,-0.0012232666,-0.00013067603867966682
563,prediction,-0.0005213549,0.004276231,-0.0005213549011386931,-0.51442355,-0.46204385,-0.5144235491752625,-0.00082888873,-0.0034936853,-0.0008288887329399586
564,prediction,-0.0006801959,0.0026762953,-0.0006801959243603051,-0.5193272,-0.47254845,-0.5193272233009338,-4.6927704e-05,-0.0037719826,-4.6927703806431964e-05
565,prediction,-0.0028520296,0.0041884356,-0.0028520296327769756,-0.5249695,-0.4727672,-0.5249695181846619,0.0008636188,-0.0021948263,0.0008636187994852662
566,prediction,-0.0023499667,-0.00028150133,-0.0023499666713178158,-0.53008443,-0.4740698,-0.5300844311714172,0.0013165533,-0.0015084335,0.0013165533309802413
567,prediction,-0.00093690923,-0.0013029332,-0.0009369092294946313,-0.5340628,-0.48114368,-0.5340628027915955,0.00072830153,-0.0019989084,0.0007283015293069184
568,prediction,-0.0017891113,0.0037761317,-0.0017891112947836518,-0.5347113,-0.47971532,-0.5347113013267517,0.00020123519,-0.0034794256,0.00020123519061598927
569,prediction,-0.0024234115,-0.0018290258,-0.0024234114680439234,-0.53794104,-0.48208925,-0.537941038608551,0.0004886917,-0.0038808382,0.0004886916722171009
570,prediction,-0.0013977503,-0.0026238197,-0.0013977503404021263,-0.53995067,-0.48525807,-0.5399506688117981,0.00056380953,-0.0016511491,0.0005638095317408442
571,prediction,-0.0006336918,0.0022582868,-0.000633691786788404,-0.5406055,-0.4838147,-0.5406054854393005,4.1538613e-05,-0.0012847527,4.153861300437711e-05
572,prediction,-5.0492436e-05,6.437566e-05,-5.049243554822169e-05,-0.54232365,-0.4858975,-0.542323648929596,-0.00075537857,-0.0032268146,-0.0007553785690106452
573,prediction,0.00042384618,-0.00057058973,0.00042384618427604437,-0.54131216,-0.48595306,-0.5413121581077576,-0.00026437695,-0.0025761886,-0.0002643769548740238
574,prediction,0.00037158412,0.0018011054,0.00037158411578275263,-0.5396078,-0.4858348,-0.53960782289505,9.449636e-05,-0.0013743964,9.449636127101257e-05
575,prediction,0.0009772137,0.003955666,0.0009772137273102999,-0.5375256,-0.4889823,-0.5375255942344666,-0.00035650167,-0.00078424934,-0.00035650166682899
576,prediction,0.0014465161,0.0024451846,0.0014465161366388202,-0.53599817,-0.4886572,-0.5359981656074524,-0.00019538007,-0.00015886058,-0.00019538006745278835
577,prediction,0.00129691,0.0028511465,0.0012969099916517735,-0.53376454,-0.48529848,-0.5337645411491394,-0.00050582626,-0.0007007583,-0.0005058262613601983
578,prediction,0.00019937212,0.004219564,0.0001993721234612167,-0.52973527,-0.48682556,-0.529735267162323,-0.0011509035,-0.0014054421,-0.0011509035248309374
579,prediction,0.0009102274,0.0015058393,0.000910227419808507,-0.52479416,-0.48712942,-0.5247941613197327,-0.0018647591,-0.00043508623,-0.0018647591350600123
580,prediction,0.0012792934,0.0029999954,0.0012792934430763125,-0.51981586,-0.48314735,-0.5198158621788025,-0.0013172679,0.0007803584,-0.001317267888225615
581,prediction,-0.0013707909,0.0024590883,-0.0013707908801734447,-0.5158629,-0.4822975,-0.5158628821372986,-0.0007016266,-0.00025595358,-0.0007016265881247818
582,prediction,-0.000594974,-0.0007630948,-0.0005949739716015756,-0.50948447,-0.47827217,-0.5094844698905945,-0.0011184749,-0.00045167052,-0.0011184748727828264
583,prediction,0.00022923626,-0.0024054293,0.0002292362623848021,-0.50406224,-0.47457907,-0.5040622353553772,-0.0014342276,9.099827e-05,-0.0014342275680974126
584,prediction,-0.0013114188,-0.0032454233,-0.0013114188332110643,-0.49772522,-0.47272012,-0.4977252185344696,-0.0009731779,-0.00066089956,-0.0009731778991408646
585,prediction,-0.0015238662,-0.002655591,-0.0015238662017509341,-0.488929,-0.4670981,-0.48892900347709656,-0.0008135283,-0.0005279293,-0.0008135283133015037
586,prediction,-0.0013569423,-0.0049241125,-0.0013569423463195562,-0.48308906,-0.46290013,-0.48308905959129333,-0.0007746944,0.0004494786,-0.0007746943738311529
587,prediction,-0.0015626058,-0.0046197623,-0.001562605844810605,-0.47459373,-0.45739505,-0.47459372878074646,-0.00036990354,-8.378629e-05,-0.000369903544196859
588,prediction,-0.0010816986,-0.0044874465,-0.0010816985741257668,-0.46603605,-0.45163843,-0.4660360515117645,-0.00049279444,-0.0011073508,-0.0004927944391965866
589,prediction,-0.0006897501,-0.0046173977,-0.0006897500716149807,-0.45879456,-0.44812915,-0.45879456400871277,-0.0013896602,-1.4516185e-05,-0.0013896601740270853
590,prediction,-0.0006562096,0.00042493633,-0.0006562095950357616,-0.44773838,-0.44221815,-0.447738379240036,-0.00074714766,0.0015732262,-0.0007471476565115154
591,prediction,-0.0009235982,-0.0010084657,-0.0009235981851816177,-0.4380158,-0.43510243,-0.43801578879356384,8.2764396e-05,-0.00013304887,8.276439621113241e-05
592,prediction,0.00024878053,-0.00039749258,0.00024878053227439523,-0.42844757,-0.4282659,-0.42844757437705994,-0.0005348575,-0.0010839634,-0.0005348575068637729
593,prediction,-0.00046089187,0.004312296,-0.00046089186798781157,-0.41793165,-0.42308173,-0.4179316461086273,-0.0009254335,0.0014976655,-0.0009254334727302194
594,prediction,-0.0009846451,0.0049763885,-0.0009846450993791223,-0.4076403,-0.4147484,-0.4076403081417084,-0.00059473934,0.0026077058,-0.0005947393365204334
595,prediction,0.0006614759,0.0064474056,0.0006614758749492466,-0.39630386,-0.40485427,-0.39630386233329773,6.7101435e-05,0.00085767097,6.710143497912213e-05
596,prediction,0.0006115721,0.0045215567,0.0006115721189416945,-0.38502344,-0.39741978,-0.38502344489097595,8.4015875e-05,0.00020167093,8.401587547268718e-05
597,prediction,-0.00059012236,0.0056792325,-0.0005901223630644381,-0.3735759,-0.3872014,-0.373575896024704,9.5456344e-05,0.0018116253,9.545634384267032e-05
598,prediction,-0.0011629451,0.007097908,-0.0011629450600594282,-0.36286923,-0.37658414,-0.3628692328929901,0.0004391336,0.0012681232,0.0004391336115077138
599,prediction,-0.00043478742,0.0028647895,-0.0004347874200902879,-0.35143957,-0.36457798,-0.35143956542015076,-0.00017401142,-0.0008805798,-0.00017401142395101488
600,prediction,0.00065957644,0.0025370198,0.0006595764425583184,-0.3401849,-0.35209605,-0.34018489718437195,-0.0003618256,-2.2452303e-05,-0.0003618256014306098
601,prediction,-9.717278e-05,-4.0517923e-05,-9.717277862364426e-05,-0.32879207,-0.3419517,-0.3287920653820038,0.00048555018,-0.00022228892,0.00048555017565377057
602,prediction,-0.00149496,-0.0024454624,-0.0014949600445106626,-0.31638762,-0.32951435,-0.3163876235485077,0.0006620904,-0.0019285236,0.0006620903732255101
603,prediction,-0.0008353089,-0.0027873553,-0.0008353089215233922,-0.3053567,-0.31628808,-0.3053567111492157,0.00029949524,-0.00117014,0.0002994952374137938
604,prediction,-0.0013916248,-0.003948175,-0.0013916247989982367,-0.29444954,-0.30153236,-0.2944495379924774,-0.0002653287,1.1319769e-05,-0.0002653287083376199
605,prediction,-0.0012166564,-0.004939905,-0.001216656411997974,-0.28284308,-0.29177806,-0.28284308314323425,0.00017121295,-0.0024214664,0.00017121294513344765
606,prediction,0.00021644619,-0.0074467896,0.0002164461911888793,-0.2701188,-0.28215656,-0.2701188027858734,0.0004645482,-0.0044694734,0.0004645482113119215
607,prediction,-0.0011847884,-0.005583103,-0.0011847884161397815,-0.25789437,-0.26672408,-0.257894366979599,-0.0003629259,-0.0025905722,-0.0003629259008448571
608,prediction,-0.0010761118,-0.003834569,-0.0010761118028312922,-0.24677463,-0.25749728,-0.24677462875843048,-0.00010122514,-0.0010677022,-0.00010122513776877895
609,prediction,-0.00029114648,-0.004784378,-0.0002911464835051447,-0.23417242,-0.24758907,-0.23417241871356964,0.00034410763,-0.0021604951,0.0003441076260060072
610,prediction,-0.0006066426,-0.0021543836,-0.0006066426285542548,-0.22179897,-0.23396559,-0.22179897129535675,0.00029947452,-0.0022853587,0.0002994745154865086
611,prediction,0.0006935854,-0.002114321,0.0006935853743925691,-0.20947434,-0.22461577,-0.2094743400812149,-8.77733e-05,-0.0022657674,-8.777329639997333e-05
612,prediction,0.00034739764,3.3969314e-05,0.0003473976394161582,-0.19712068,-0.21296431,-0.19712068140506744,-0.00041076817,-0.0023935842,-0.0004107681743334979
613,prediction,0.00021234431,0.0025015115,0.0002123443118762225,-0.1844048,-0.20038415,-0.18440480530261993,0.00018659404,-0.002732755,0.00018659404304344207
614,prediction,0.0013216244,0.0023105606,0.0013216243823990226,-0.17116858,-0.18746878,-0.17116858065128326,0.00036434687,-0.0021832522,0.00036434686626307666
615,prediction,-0.0005503337,0.0043962453,-0.0005503337015397847,-0.15993603,-0.17414536,-0.15993602573871613,-9.269526e-06,-0.00040693113,-9.269526344724e-06
616,prediction,0.0008816413,0.0032654929,0.0008816412882879376,-0.14742614,-0.16030563,-0.14742614328861237,0.0002032219,-0.00045004755,0.00020322190539445728
617,prediction,0.0015004987,0.0025400498,0.0015004987362772226,-0.13440992,-0.144062,-0.13440991938114166,0.00029907667,-0.0016569075,0.00029907666612416506
618,prediction,0.0002453799,0.005074095,0.0002453798952046782,-0.12176355,-0.12980558,-0.12176354974508286,0.00031847495,-0.0018667745,0.0003184749512001872
619,prediction,0.0009756172,0.004938832,0.0009756172075867653,-0.10902902,-0.114946984,-0.10902901738882065,-1.792553e-05,-0.0013214161,-1.7925529391504824e-05
620,prediction,-0.0004043823,0.0019369135,-0.00040438229916617274,-0.097728334,-0.09713247,-0.09772833436727524,6.5919055e-05,-0.00092583505,6.591905548702925e-05
621,prediction,0.000979644,0.0002700411,0.000979644013568759,-0.085029505,-0.080301486,-0.08502950519323349,0.00033758662,-0.00057554076,0.00033758662175387144
622,prediction,0.0008571165,0.002912317,0.0008571164798922837,-0.072109066,-0.06585064,-0.07210906594991684,0.0007398634,6.337305e-06,0.0007398633752018213
623,prediction,-0.0016931164,0.0035762868,-0.0016931163845583797,-0.05902817,-0.04961779,-0.05902817100286484,0.00083119905,-0.00017199187,0.000831199053209275
624,prediction,0.000944348,0.0007534814,0.0009443479939363897,-0.045698546,-0.03322228,-0.04569854587316513,0.0001917005,-0.00093596993,0.00019170049927197397
625,prediction,0.00047985162,0.00018606945,0.00047985161654651165,-0.034247123,-0.019247731,-0.03424712270498276,0.00025845313,-0.0003578095,0.00025845313211902976
626,prediction,-0.001496481,0.00046922313,-0.0014964810106903315,-0.021276375,-0.004161856,-0.021276375278830528,0.0009447955,0.0014030823,0.0009447954944334924
627,prediction,-0.0010196257,0.0014519892,-0.0010196256916970015,-0.007764361,0.009350636,-0.0077643608674407005,0.00066741015,0.0019560277,0.0006674101459793746
628,prediction,-0.001272748,0.002473709,-0.0012727479916065931,0.0058836127,0.02442185,0.005883612670004368,-0.00016186622,0.001168933,-0.00016186622087843716
629,prediction,-0.00044697346,0.00088313036,-0.00044697345583699644,0.018936316,0.03825078,0.018936315551400185,-3.39178e-05,0.00091280177,-3.391780046513304e-05
630,prediction,-0.00037802136,5.9922433e-05,-0.0003780213592108339,0.031486787,0.049478747,0.031486786901950836,0.000732342,0.0011528642,0.0007323420140892267
631,prediction,-0.001576356,0.00047987196,-0.0015763560077175498,0.045872904,0.065191306,0.04587290436029434,1.8146102e-05,0.00046727035,1.8146101865568198e-05
632,prediction,-0.0014903801,0.0018314616,-0.0014903801493346691,0.058820643,0.077715136,0.05882064253091812,-0.00030833378,0.0012090681,-0.00030833377968519926
633,prediction,-0.00033840028,0.0020701964,-0.00033840027754195035,0.07164196,0.09202359,0.0716419592499733,-0.0003517269,0.0034152681,-0.00035172689240425825
634,prediction,0.0001580881,-0.00020214148,0.00015808810712769628,0.08597962,0.10791645,0.08597961813211441,-0.00078612316,0.0039081615,-0.0007861231570132077
635,prediction,-0.0001603046,-0.000112558446,-0.0001603045966476202,0.10026804,0.11781559,0.10026804357767105,-0.00097229396,0.0019921141,-0.0009722939576022327
636,prediction,0.0003449117,0.00092383457,0.00034491170663386583,0.11341754,0.13385288,0.11341754347085953,-0.0005654212,0.00029723503,-0.0005654211854562163
637,prediction,0.00037580304,-0.00035632218,0.0003758030361495912,0.12591772,0.1485027,0.1259177178144455,-0.0010350102,0.0004821781,-0.0010350102093070745
638,prediction,0.00042713372,0.00062363414,0.00042713372386060655,0.14026545,0.16136514,0.14026544988155365,-0.0015012141,0.0018019819,-0.0015012141084298491
639,prediction,0.00033837094,0.0016498467,0.00033837094088084996,0.15412681,0.17758654,0.15412680804729462,-0.001073699,0.0023904683,-0.001073698978871107
640,prediction,0.0005663616,0.0011606698,0.0005663615884259343,0.16841213,0.18964998,0.16841213405132294,-0.0007102102,0.0014723557,-0.0007102101808413863
641,prediction,0.0012891672,0.0024875917,0.001289167208597064,0.18259238,0.20388047,0.18259237706661224,-0.00091466616,0.0012695572,-0.0009146661614067852
642,prediction,0.0005027592,0.0025566227,0.0005027591832913458,0.19461755,0.21742581,0.19461755454540253,-0.0012130472,0.001698068,-0.0012130471877753735
643,prediction,5.041089e-05,0.0037442246,5.041089025326073e-05,0.20874248,0.23090617,0.20874248445034027,-0.0010492926,0.002376705,-0.001049292623065412
644,prediction,-0.00050780043,0.0046795844,-0.0005078004323877394,0.22235547,0.24279289,0.22235547006130219,-0.00071728067,0.00289781,-0.0007172806654125452
645,prediction,0.0006440049,0.0036259796,0.0006440049037337303,0.23588936,0.25416967,0.23588936030864716,-0.0007754641,0.0019527867,-0.0007754641119390726
646,prediction,0.00044171372,0.0043510445,0.00044171372428536415,0.24969004,0.27063617,0.24969004094600677,-0.0005036012,3.6805475e-05,-0.0005036012153141201
647,prediction,-0.0012426737,0.003163718,-0.00124267372302711,0.2611955,0.2783173,0.26119551062583923,0.00018221486,1.4281082e-05,0.0001822148624341935
648,prediction,-0.0005469195,0.0021579317,-0.0005469194729812443,0.27444062,0.28840107,0.27444061636924744,0.00013174719,0.0020997883,0.00013174719060771167
649,prediction,-0.00091748143,0.0029367532,-0.000917481433134526,0.2869775,0.30487123,0.28697749972343445,-0.0005638968,0.0023359465,-0.0005638967850245535
650,prediction,-0.0010815661,-0.00019944522,-0.0010815660934895277,0.29776093,0.31287715,0.297760933637619,-0.00059263903,0.00023515867,-0.0005926390294916928
651,prediction,-0.00053274154,-0.0014353633,-0.0005327415419742465,0.3112451,0.32381687,0.3112451136112213,0.00040259256,0.000113749076,0.0004025925591122359
652,prediction,-0.0016251933,-0.0016559457,-0.0016251932829618454,0.32299998,0.33563802,0.3229999840259552,0.00021389224,0.0010537778,0.00021389224275480956
653,prediction,-0.0011382272,-0.0045462623,-0.0011382271768525243,0.33292106,0.34536496,0.3329210579395294,-0.0006044666,0.0008531129,-0.0006044665933586657
654,prediction,-0.00031597732,-0.0040575126,-0.00031597731867805123,0.3448601,0.35624257,0.34486010670661926,-3.36952e-05,0.0007605095,-3.3695199817884713e-05
655,prediction,-0.00086046144,-0.005061642,-0.000860461441334337,0.3555312,0.36453277,0.3555311858654022,0.0007890837,0.00015884267,0.0007890837150625885
656,prediction,-0.0020250939,-0.0071600256,-0.0020250938832759857,0.3654899,0.37439024,0.3654899001121521,0.0004521155,-3.8935414e-05,0.0004521154914982617
657,prediction,-0.0008742824,-0.0058760075,-0.0008742823847569525,0.37788296,0.3841994,0.3778829574584961,6.558567e-05,0.00083442806,6.558567110914737e-05
658,prediction,0.0008972043,-0.0063109305,0.0008972043287940323,0.38732046,0.39335743,0.38732045888900757,0.00014660278,0.00061517797,0.00014660277520306408
659,prediction,-0.00056312484,-0.004578673,-0.0005631248350255191,0.3955039,0.40038258,0.3955039083957672,1.23137415e-05,0.0009783694,1.2313741535763256e-05
660,prediction,-0.0011348068,-0.0029367115,-0.0011348067782819271,0.40565294,0.40689275,0.4056529402732849,-0.00027387688,0.0022519487,-0.0002738768816925585
661,prediction,0.00018242974,-0.0035097771,0.00018242973601445556,0.41422445,0.4165679,0.41422444581985474,-2.1537966e-05,0.00290211,-2.1537965949391946e-05
662,prediction,0.00017320352,-0.002061694,0.00017320351616945118,0.42248565,0.42254165,0.4224856495857239,0.00064200885,0.0028352833,0.0006420088466256857
663,prediction,0.0009801937,-0.0010460073,0.0009801937267184258,0.4302158,0.43023342,0.4302158057689667,0.0005832606,0.0029860665,0.0005832606111653149
664,prediction,0.000860449,0.0019130558,0.0008604489848949015,0.43715435,0.43603703,0.4371543526649475,8.353986e-05,0.0023959398,8.353986049769446e-05
665,prediction,-0.00049858616,0.0036953795,-0.0004985861596651375,0.44378382,0.43921223,0.44378381967544556,-4.6112447e-05,0.001712307,-4.611244730767794e-05
666,prediction,1.7890821e-05,0.0015483961,1.7890821254695766e-05,0.44859943,0.4479535,0.4485994279384613,0.0001706961,0.0028962935,0.00017069610476028174
667,prediction,0.0013183777,0.004287758,0.0013183776754885912,0.45329753,0.45294043,0.45329752564430237,-0.00019132573,0.0051819426,-0.0001913257292471826
668,prediction,0.000879668,0.0040212567,0.0008796679903753102,0.45857176,0.45612544,0.45857176184654236,-0.00020004477,0.0042141075,-0.00020004477119073272
669,prediction,0.00040307568,0.0034373682,0.0004030756826978177,0.46340522,0.46195737,0.46340522170066833,-0.00031634312,0.0030309893,-0.0003163431247230619
670,prediction,0.00073819235,0.0063220975,0.0007381923496723175,0.46619377,0.46272498,0.4661937654018402,-0.00054744224,0.003363565,-0.0005474422359839082
671,prediction,-0.00016009208,0.004373843,-0.00016009208047762513,0.46749005,0.46632484,0.4674900472164154,-0.00054336136,0.002922908,-0.0005433613550849259
672,prediction,-0.0004701164,0.003367007,-0.0004701164143625647,0.4705512,0.47209245,0.47055119276046753,-0.00042647184,0.0025599846,-0.0004264718445483595
673,prediction,0.0001930986,0.0031305978,0.00019309860363136977,0.4728711,0.4722857,0.4728710949420929,-0.00034732823,0.0024528808,-0.0003473282267805189
674,prediction,-0.00041310381,0.0020162566,-0.0004131038149353117,0.47470397,0.4717027,0.47470396757125854,-0.0005565573,0.001896393,-0.0005565573228523135
675,prediction,-0.0014480525,0.004438792,-0.0014480524696409702,0.47530282,0.47373316,0.4753028154373169,-0.0009516179,0.0014930587,-0.0009516178979538381
676,prediction,-0.0011183476,0.003781066,-0.0011183476308360696,0.47500387,0.47692955,0.4750038683414459,-0.0010888075,0.0010081381,-0.0010888074757531285
677,prediction,-0.0017426005,0.0003795126,-0.0017426004633307457,0.47557065,0.47560218,0.4755706489086151,-0.0008454805,0.00067457376,-0.000845480477437377
678,prediction,-0.0020110793,0.0014647811,-0.002011079341173172,0.47362888,0.47362056,0.4736288785934448,-0.00024765212,0.001268482,-0.00024765211855992675
679,prediction,0.00064110855,0.0020283551,0.0006411085487343371,0.47231787,0.47670043,0.4723178744316101,-0.0005466403,0.000990067,-0.0005466403090395033
680,prediction,-0.0010460764,0.00018869834,-0.0010460764169692993,0.4719734,0.47455823,0.47197338938713074,-0.00090316194,-5.6876193e-05,-0.0009031619410961866
681,prediction,-0.0027935328,0.0020835376,-0.00279353279620409,0.46822146,0.47183335,0.4682214558124542,-6.2443705e-06,0.00044424142,-6.244370524655096e-06
682,prediction,0.00031476247,0.0014638017,0.00031476246658712626,0.46318755,0.4742609,0.4631875455379486,0.00024126844,0.0008463537,0.0002412684407318011
683,prediction,-0.00026761336,-0.0014635061,-0.0002676133590284735,0.4590199,0.46989328,0.45901989936828613,-0.0006628159,-0.00016717069,-0.0006628158735111356
684,prediction,0.00029745352,0.00090424716,0.00029745351639576256,0.45583373,0.4670702,0.4558337330818176,-0.0008135768,-0.00053136126,-0.0008135768002830446
685,prediction,0.0011864372,-0.0011357303,0.0011864372063428164,0.45030117,0.4670924,0.4503011703491211,-0.0003350201,-0.00073084154,-0.0003350201004650444
686,prediction,-0.00054843666,-0.0017395364,-0.0005484366556629539,0.4430019,0.4613788,0.4430018961429596,-2.1188482e-05,0.00027714507,-2.1188481696299277e-05
687,prediction,0.0019568552,0.0024095478,0.0019568551797419786,0.4369267,0.45813927,0.4369266927242279,0.00010945049,0.0019604336,0.00010945049143629149
688,prediction,0.0011540826,-0.0006488375,0.0011540825944393873,0.43032566,0.45477757,0.4303256571292877,-8.060836e-05,0.0019300195,-8.060836262302473e-05
689,prediction,-0.00013546365,-0.0026147491,-0.00013546364789362997,0.42342,0.44824034,0.4234200119972229,3.700889e-06,0.0015564694,3.7008890103606973e-06
690,prediction,0.002406704,-0.0011680218,0.002406704006716609,0.41544932,0.44294357,0.415449321269989,0.00012381695,0.0012914145,0.00012381694978103042
691,prediction,0.0010642518,-0.0005397766,0.0010642517590895295,0.40787062,0.4379454,0.4078706204891205,-0.00013487416,0.000722757,-0.00013487416435964406
692,prediction,0.00019261919,0.0014232914,0.00019261919078417122,0.3996903,0.43206638,0.39969030022621155,-0.00046260515,0.0012649095,-0.00046260515227913857
693,prediction,-0.00026533502,0.0009976353,-0.000265335023868829,0.3906519,0.42334032,0.3906519114971161,-9.478635e-05,0.0024651657,-9.478635183768347e-05
694,prediction,-0.0008454828,0.0001451011,-0.0008454828057438135,0.38311815,0.4169738,0.3831181526184082,-8.2607396e-05,0.0030301271,-8.260739559773356e-05
695,prediction,0.0003207423,-4.59986e-05,0.0003207423142157495,0.3740328,0.41220593,0.37403279542922974,-0.00024458853,0.0030942596,-0.00024458853295072913
696,prediction,-0.0011228059,0.0009861796,-0.0011228058720007539,0.36457038,0.40394506,0.36457037925720215,0.00015716575,0.0037720108,0.00015716574853286147
697,prediction,-0.0012666639,0.0028196487,-0.0012666638940572739,0.35563183,0.39505532,0.35563182830810547,-0.00016275405,0.0037206581,-0.00016275404777843505
698,prediction,-0.00095640414,0.0020838128,-0.0009564041392877698,0.34504798,0.38673913,0.3450479805469513,-0.00055262534,0.002936061,-0.0005526253371499479
699,prediction,-0.0017312752,0.0010682538,-0.001731275231577456,0.3353361,0.37979537,0.3353360891342163,-0.00015764641,0.003483268,-0.00015764641284476966
700,prediction,-0.0007600345,-0.00082076504,-0.0007600344833917916,0.32512373,0.3712618,0.32512372732162476,-0.00047097562,0.0034097233,-0.0004709756176453084
701,prediction,-0.0011592668,-0.0017263318,-0.0011592668015509844,0.31455633,0.36071995,0.3145563304424286,-0.0011221273,0.0013909137,-0.0011221272870898247
702,prediction,-0.0008193968,0.001699298,-0.0008193968096747994,0.30351928,0.35240892,0.30351927876472473,-0.00056447077,0.001423603,-0.0005644707707688212
703,prediction,0.00028896768,0.0010967833,0.00028896768344566226,0.2916613,0.34339777,0.2916612923145294,0.00013738337,0.0030570636,0.00013738336565438658
704,prediction,-0.00091005774,-0.003713476,-0.0009100577444769442,0.2812076,0.33094347,0.2812075912952423,-0.00079427083,0.0023361554,-0.0007942708325572312
705,prediction,-0.001087405,-0.0033500174,-0.0010874050203710794,0.2700027,0.31854916,0.27000269293785095,-0.0015348388,0.0011951047,-0.00153483881149441
706,prediction,-0.000366076,-0.0021940996,-0.0003660760121420026,0.25813434,0.31006038,0.2581343352794647,-0.0007219848,0.0013153568,-0.000721984775736928
707,prediction,-7.288444e-05,-0.0032100165,-7.288443885045126e-05,0.24684606,0.29887083,0.2468460649251938,-0.00034527123,0.001231944,-0.00034527122625149786
708,prediction,0.0005586763,-0.0029778015,0.0005586763145402074,0.23553793,0.28468016,0.23553793132305145,-0.0006940049,-8.165994e-05,-0.0006940048770047724
709,prediction,0.00031237406,-0.0037091707,0.0003123740607406944,0.22432952,0.27368084,0.22432951629161835,-0.0006551469,-0.001273874,-0.0006551468977704644
710,prediction,-0.00058682787,-0.0029151642,-0.0005868278676643968,0.21266769,0.26033875,0.21266768872737885,-0.00076607685,-0.0010370895,-0.0007660768460482359
711,prediction,-0.00079182966,-0.0009991511,-0.0007918296614661813,0.20132636,0.24990539,0.20132635533809662,-0.00070662925,-0.00074650155,-0.0007066292455419898
712,prediction,-0.00021261715,-0.0023258463,-0.00021261714573483914,0.1911696,0.23988102,0.1911696046590805,-0.0003272589,-0.0014161126,-0.00032725889468565583
713,prediction,0.00059371925,-0.0016781149,0.0005937192472629249,0.18002073,0.2252761,0.18002073466777802,-0.00019896643,-0.0012437202,-0.00019896643061656505
714,prediction,-0.00034803,0.0006316267,-0.0003480300074443221,0.16755979,0.2141376,0.16755978763103485,-9.788645e-05,-0.00032028122,-9.788644820218906e-05
715,prediction,-0.0010931531,0.0017097109,-0.0010931531433016062,0.15661989,0.20136271,0.15661989152431488,7.7872886e-05,-0.0009395645,7.787288632243872e-05
716,prediction,-0.00066270755,0.0010079318,-0.0006627075490541756,0.14613281,0.19027542,0.14613281190395355,4.5501503e-05,-0.0025356465,4.550150333670899e-05
717,prediction,-0.0013069916,0.00014785421,-0.001306991558521986,0.1345524,0.17864321,0.13455240428447723,-0.0003260397,-0.0030928976,-0.0003260397061239928
718,prediction,-0.0005858376,0.0032171092,-0.0005858375807292759,0.12360499,0.16410933,0.12360499054193497,-0.00045539913,-0.0025738005,-0.00045539913116954267
719,prediction,-0.0006496212,0.0029192043,-0.000649621186312288,0.11149452,0.15505098,0.1114945188164711,-0.0002612138,-0.0026095847,-0.0002612138050608337
720,prediction,-0.001954711,0.002185347,-0.00195471104234457,0.09951744,0.13904391,0.09951744228601456,0.00020222248,-0.0019810977,0.00020222247985657305
721,prediction,-0.0010538859,0.003581643,-0.0010538859060034156,0.08902476,0.12266842,0.08902475982904434,0.00034772165,-0.0016573982,0.000347721652360633
722,prediction,-0.0019276382,0.00084153295,-0.0019276381935924292,0.076792635,0.11292759,0.0767926350235939,-0.00019728969,-0.0035709536,-0.00019728968618437648
723,prediction,-0.0019197485,0.0015445773,-0.0019197484944015741,0.06505702,0.09725193,0.06505701690912247,-0.00044485414,-0.003697158,-0.00044485414400696754
724,prediction,0.00010133124,0.0023299959,0.00010133124305866659,0.05393509,0.082744636,0.05393508821725845,-0.00019904814,-0.0021149442,-0.00019904813962057233
725,prediction,-0.00017262911,0.0007355914,-0.00017262910841964185,0.041747727,0.06792078,0.04174772650003433,-0.00015591786,-0.002303974,-0.0001559178635943681
726,prediction,-0.00035010418,0.0012912238,-0.0003501041792333126,0.030020157,0.05129067,0.030020156875252724,-0.00015899609,-0.0031718123,-0.00015899608843028545
727,prediction,-0.00037184375,-0.00011178003,-0.00037184375105425715,0.0183355,0.038208522,0.018335500732064247,-0.00028705862,-0.0027766346,-0.0002870586176868528
728,prediction,-0.0005892228,0.0006907885,-0.0005892228218726814,0.007077613,0.023315052,0.007077612914144993,-0.00061386015,-0.0020255873,-0.0006138601456768811
729,prediction,0.0010031413,0.0009909178,0.0010031412821263075,-0.004550538,0.009242573,-0.004550538025796413,-0.0009368364,-0.0026902072,-0.0009368364117108285
730,prediction,0.0005643843,-0.0017808368,0.0005643842741847038,-0.016573807,-0.0051344847,-0.01657380722463131,-0.0009456745,-0.0035965005,-0.0009456744883209467
731,prediction,0.00059645844,0.00051315804,0.0005964584415778518,-0.028713485,-0.019979974,-0.028713485226035118,-0.00085332623,-0.0025973038,-0.0008533262298442423
732,prediction,0.00082684914,0.0019270408,0.0008268491365015507,-0.041109048,-0.034504853,-0.04110904783010483,-0.00087607285,-0.0010591293,-0.0008760728524066508
733,prediction,0.00034057992,-0.0008538588,0.00034057992161251605,-0.052977644,-0.04945799,-0.05297764390707016,-0.0006728704,-0.00080756715,-0.0006728703738190234
734,prediction,0.0006604826,-0.0009069488,0.0006604826194234192,-0.06494733,-0.059868835,-0.06494732946157455,-0.00069438235,-0.0017999483,-0.0006943823536857963
735,prediction,1.0389885e-05,0.0010371122,1.0389884664618876e-05,-0.07735785,-0.074360274,-0.07735785096883774,-0.0010556154,-0.0021245512,-0.0010556153720244765
736,prediction,0.00030836172,0.00027827476,0.0003083617193624377,-0.091091,-0.09262689,-0.09109099954366684,-0.00089329795,-0.0010780307,-0.0008932979544624686
737,prediction,0.0009717281,-0.0006224084,0.0009717281209304929,-0.104404114,-0.10434779,-0.10440411418676376,-0.00047247726,-0.0007866907,-0.000472477258881554
738,prediction,-0.000750576,0.00022444205,-0.0007505759713239968,-0.11637183,-0.11702659,-0.11637183278799057,-0.0006420368,-0.00192406,-0.0006420367863029242
739,prediction,-0.00084842124,-0.00062309165,-0.0008484212448820472,-0.13029571,-0.13372703,-0.13029570877552032,-0.0008232124,-0.0021204299,-0.0008232123800553381
740,prediction,-0.0011666499,-0.00076101953,-0.0011666498612612486,-0.14389332,-0.14764728,-0.1438933163881302,-0.0003566882,-0.00085463055,-0.0003566881932783872
741,prediction,-0.0021399986,-0.0011044602,-0.0021399985998868942,-0.1566831,-0.1591164,-0.15668310225009918,0.00011952373,-3.2495234e-05,0.0001195237273350358
742,prediction,-0.0004198778,-0.002404603,-0.00041987778968177736,-0.1701395,-0.17440619,-0.17013950645923615,-0.0003464704,0.00057264994,-0.00034647039137780666
743,prediction,-0.0014678235,0.000114320836,-0.0014678235165774822,-0.18337138,-0.189779,-0.1833713799715042,-0.000685076,0.00040403925,-0.0006850759964436293
744,prediction,-0.0027536212,-0.00043067796,-0.0027536212000995874,-0.1973299,-0.20072813,-0.19732989370822906,-0.00011478764,-0.0017770743,-0.00011478763917693868
745,prediction,-0.0015969791,-0.0046573686,-0.0015969790983945131,-0.21037252,-0.21314086,-0.21037252247333527,-9.38553e-05,-0.0029107756,-9.385529847349972e-05
746,prediction,-0.0013960252,-0.0031535565,-0.001396025181747973,-0.22315486,-0.22405024,-0.22315485775470734,-0.0005187073,-0.0012683963,-0.000518707325682044
747,prediction,-0.00011750354,-0.0009483486,-0.00011750354315154254,-0.23622878,-0.236654,-0.23622877895832062,-0.00042634984,-0.0004905099,-0.0004263498412910849
748,prediction,0.00041313077,-0.0015521321,0.0004131307650823146,-0.24941488,-0.25144705,-0.24941487610340118,0.00011347933,-0.0009683658,0.00011347932741045952
749,prediction,-0.0006427641,-0.0033295674,-0.0006427640910260379,-0.26319227,-0.25785825,-0.2631922662258148,-0.0001895421,-0.0017323423,-0.00018954210099764168
750,prediction,-0.0001755105,-0.0040051867,-0.00017551050405018032,-0.27555415,-0.2662674,-0.2755541503429413,-0.00047453854,-0.0023534985,-0.00047453853767365217
751,prediction,-0.00047894634,-0.0014961261,-0.00047894634190015495,-0.2868702,-0.28137335,-0.28687021136283875,8.892088e-06,-0.0024364875,8.892087862477638e-06
752,prediction,0.00038614526,-0.0013006122,0.00038614525692537427,-0.2994841,-0.29128918,-0.29948410391807556,-7.926156e-06,-0.0027863875,-7.926156285975594e-06
753,prediction,7.3665535e-05,-0.0032148378,7.36655347282067e-05,-0.31269678,-0.30004022,-0.31269678473472595,-0.00058191566,-0.003555277,-0.0005819156649522483
754,prediction,-0.00074687356,-0.0020931868,-0.0007468735566362739,-0.3249788,-0.31051227,-0.3249787986278534,-0.0003930139,-0.0026265767,-0.0003930139064323157
755,prediction,0.00043061987,-0.0010978059,0.0004306198679842055,-0.33585533,-0.32151088,-0.3358553349971771,-0.00021872498,-0.0020315726,-0.00021872497745789587
756,prediction,-0.0012087987,-0.00067448494,-0.0012087987270206213,-0.34808776,-0.33311018,-0.34808775782585144,-0.0003842053,-0.0039506517,-0.00038420531200245023
757,prediction,-0.00089210994,-0.0022215163,-0.0008921099361032248,-0.35935077,-0.34213397,-0.3593507707118988,-9.812331e-05,-0.0054882546,-9.812330972636119e-05
758,prediction,0.000477359,-0.002003383,0.00047735898988321424,-0.36964032,-0.35192713,-0.3696403205394745,0.00012498455,-0.0042004413,0.0001249845518032089
759,prediction,-0.0014324608,0.0018431807,-0.001432460849173367,-0.38040587,-0.36431143,-0.38040587306022644,-0.00022142183,-0.0031254054,-0.0002214218256995082
760,prediction,-0.00018905796,-0.00038532715,-0.00018905795877799392,-0.39123318,-0.3727089,-0.3912331759929657,-0.00050325214,-0.0034835595,-0.000503252143971622
761,prediction,-0.00077261723,-0.0015512857,-0.0007726172334514558,-0.4022493,-0.37940475,-0.4022493064403534,-0.0001692668,-0.0025059825,-0.00016926680109463632
762,prediction,-0.0021279326,0.0022330116,-0.0021279326174408197,-0.41057584,-0.38934872,-0.41057583689689636,0.0003836691,-0.0028492047,0.00038366910303011537
763,prediction,-1.8260946e-05,6.276055e-05,-1.826094558055047e-05,-0.4187846,-0.39699408,-0.41878458857536316,-0.0002157611,-0.00520551,-0.00021576110157184303
764,prediction,-0.00022868195,-0.00074856303,-0.00022868195082992315,-0.42858335,-0.4034352,-0.4285833537578583,-0.0012696426,-0.004248385,-0.0012696426128968596
765,prediction,-7.0799535e-05,0.0033162516,-7.079953502397984e-05,-0.43640563,-0.41012463,-0.43640562891960144,-0.0006743202,-0.0019739834,-0.000674320210237056
766,prediction,-5.149213e-05,0.0016012817,-5.149213029653765e-05,-0.44366154,-0.41408536,-0.44366154074668884,0.0003082889,-0.0029239163,0.000308288901578635
767,prediction,-0.0014358554,-0.000800337,-0.0014358554035425186,-0.45147404,-0.4194319,-0.45147404074668884,-0.00012920889,-0.0027756153,-0.00012920888548251241
768,prediction,-0.0005097708,0.0005406326,-0.0005097708199173212,-0.45735177,-0.4249147,-0.45735177397727966,-0.0009507078,-0.0010921204,-0.000950707821175456
769,prediction,0.00012210468,0.0005207229,0.0001221046841237694,-0.4623451,-0.42957672,-0.46234509348869324,-0.00076674664,-0.001936068,-0.0007667466416023672
770,prediction,-0.0003173072,0.00035709492,-0.0003173071891069412,-0.46731588,-0.4350395,-0.4673158824443817,-0.00057405623,-0.0027624343,-0.0005740562337450683
771,prediction,-0.0008205563,-0.00037541628,-0.0008205563062801957,-0.4730532,-0.43735382,-0.4730531871318817,-0.0011308182,-0.0013291994,-0.0011308181565254927
772,prediction,-0.0014966833,-0.0019034276,-0.0014966833405196667,-0.47671327,-0.4421217,-0.47671326994895935,-0.0005384572,-0.00079232414,-0.0005384571850299835
773,prediction,-0.00012120907,-0.0015505628,-0.00012120907194912434,-0.47893974,-0.4473016,-0.4789397418498993,4.8716185e-05,-0.001105951,4.871618511970155e-05
774,prediction,-0.00016427347,-0.003210664,-0.00016427347145508975,-0.48181567,-0.45049366,-0.4818156659603119,-0.00035854016,-0.0010590102,-0.0003585401573218405
775,prediction,-0.0013851686,-0.002213562,-0.0013851686380803585,-0.48420772,-0.45624992,-0.48420771956443787,-0.0003192537,-0.0003478543,-0.0003192537114955485
776,prediction,-0.00019530363,-0.001022124,-0.00019530362624209374,-0.485594,-0.45765504,-0.4855940043926239,0.0001212232,-0.00040006218,0.00012122320185881108
777,prediction,0.00017286933,-0.0046112007,0.00017286933143623173,-0.48631117,-0.4600366,-0.4863111674785614,-0.00030675146,-0.0010390759,-0.00030675146263092756
778,prediction,-0.00050477457,-0.0028386377,-0.0005047745653428137,-0.48761377,-0.46483085,-0.4876137673854828,-0.0001477149,0.0004979767,-0.00014771490532439202
779,prediction,-0.0006800042,-0.0022237897,-0.0006800041883252561,-0.48740825,-0.463549,-0.48740825057029724,0.0007641532,0.0016284664,0.0007641531992703676
780,prediction,0.0003576733,-0.0034905903,0.0003576732997316867,-0.48575792,-0.46448418,-0.4857579171657562,8.7186316e-05,0.0009843326,8.71863157954067e-05
781,prediction,0.0010924361,0.00030202395,0.001092436141334474,-0.48446164,-0.46460125,-0.48446163535118103,-0.0004070138,0.0008360792,-0.0004070138093084097
782,prediction,0.0004963462,-0.0011736875,0.0004963462124578655,-0.48378965,-0.4623768,-0.4837896525859833,0.00041756898,0.00062581553,0.0004175689828116447
783,prediction,0.00064900186,-0.0024090793,0.0006490018568001688,-0.48098764,-0.4631835,-0.48098763823509216,0.00083821814,-0.00014342908,0.0008382181404158473
784,prediction,0.0002704711,0.0015328433,0.00027047109324485064,-0.47625157,-0.4577597,-0.4762515723705292,0.00031823502,-0.0002857728,0.0003182350192219019
785,prediction,7.663728e-06,0.0006117417,7.663727956241928e-06,-0.47456357,-0.45287964,-0.4745635688304901,8.937809e-05,0.00061471004,8.937808888731524e-05
786,prediction,0.0012942365,9.837519e-05,0.001294236513786018,-0.4705337,-0.45203528,-0.47053369879722595,-3.3463133e-05,0.0017901426,-3.346313314978033e-05
787,prediction,0.00084634684,0.003808884,0.000846346840262413,-0.46433184,-0.4480743,-0.46433183550834656,-4.727806e-05,0.0021109509,-4.727805935544893e-05
788,prediction,7.750497e-05,0.0034800817,7.750497024971992e-05,-0.4602532,-0.4450092,-0.46025320887565613,7.9196914e-05,0.0014416627,7.919691415736452e-05
789,prediction,-0.00075221545,0.0019577171,-0.0007522154483012855,-0.45477828,-0.43935284,-0.4547782838344574,-0.0002233323,0.00014731905,-0.0002233323029940948
790,prediction,-0.0012813687,0.003662336,-0.0012813686626031995,-0.44804427,-0.43378076,-0.4480442702770233,-0.00020984103,-0.000957904,-0.0002098410332109779
791,prediction,-0.00020377537,0.0030970406,-0.00020377537293825299,-0.44111916,-0.43239638,-0.44111916422843933,-0.00013404674,-0.0004997906,-0.00013404674245975912
792,prediction,-0.0008217221,0.0041324575,-0.0008217220893129706,-0.43475887,-0.42929134,-0.43475887179374695,-0.00047129218,0.0011614322,-0.00047129218000918627
793,prediction,-0.001619198,0.0053617195,-0.00161919801030308,-0.42766795,-0.42537722,-0.4276679456233978,-0.0005522353,0.0016008008,-0.0005522352876141667
794,prediction,-0.0011800857,0.0027044334,-0.0011800857027992606,-0.41857907,-0.41986772,-0.4185790717601776,-0.00018003749,0.0012712147,-0.00018003748846240342
795,prediction,-0.0017090369,0.0036894444,-0.001709036878310144,-0.41103932,-0.41556713,-0.4110393226146698,-0.00016545829,0.0011463877,-0.00016545828839298338
796,prediction,-0.00090323685,0.002207439,-0.0009032368543557823,-0.40375766,-0.4122207,-0.40375766158103943,-0.0001191947,-3.9920775e-05,-0.00011919470125576481
797,prediction,-0.00030374786,0.0011790965,-0.0003037478600163013,-0.3950474,-0.40440783,-0.3950473964214325,-2.7041726e-05,0.00077669177,-2.704172584344633e-05
798,prediction,-0.00049857184,0.0050297896,-0.0004985718405805528,-0.38591906,-0.40025565,-0.38591906428337097,-0.00016946992,0.003139864,-0.00016946991672739387
799,prediction,0.0010453371,0.0018629627,0.0010453370632603765,-0.3768868,-0.39600214,-0.3768868148326874,-0.00035679812,0.0017624403,-0.00035679811844602227
800,prediction,0.0012417911,-0.0011853983,0.0012417910620570183,-0.36820635,-0.38518712,-0.36820635199546814,0.00016929091,0.00023990958,0.00016929091361816972
801,prediction,0.00063474115,0.00036099338,0.000634741154499352,-0.35876414,-0.3770357,-0.3587641417980194,0.0002715722,0.0022876537,0.0002715722075663507
802,prediction,0.0016375047,0.00030130002,0.001637504668906331,-0.35047624,-0.36859795,-0.3504762351512909,-0.00062512135,0.0039324462,-0.000625121349003166
803,prediction,0.001598925,-0.00070470525,0.0015989249804988503,-0.34043226,-0.35904965,-0.3404322564601898,-0.0007369312,0.0037172423,-0.0007369312224909663
804,prediction,0.0011903371,-0.0008953555,0.0011903371196240187,-0.3288637,-0.35244617,-0.3288637101650238,6.449537e-05,0.0031277991,6.449536886066198e-05
805,prediction,0.0018228336,-0.00022721526,0.0018228335538879037,-0.32001314,-0.34054014,-0.3200131356716156,-6.665899e-05,0.0033081006,-6.665899127256125e-05
806,prediction,0.00069534115,-0.0028416896,0.0006953411502763629,-0.31018004,-0.32760784,-0.31018003821372986,-0.0007218628,0.0037376,-0.0007218627724796534
807,prediction,-0.00034018824,-0.00070814276,-0.0003401882422622293,-0.30005476,-0.3165767,-0.30005475878715515,-0.00018426764,0.004919425,-0.0001842676429077983
808,prediction,-0.0003094966,0.0004769864,-0.0003094965941272676,-0.28975555,-0.30639574,-0.28975555300712585,0.0003369059,0.005193046,0.0003369059122633189
809,prediction,-0.0002723189,-0.002798358,-0.00027231889544054866,-0.27719364,-0.29872498,-0.2771936357021332,-0.00017237745,0.0050937627,-0.00017237744759768248
810,prediction,-0.00020594483,0.0020348025,-0.00020594483066815883,-0.26741073,-0.28533086,-0.2674107253551483,-0.00023021734,0.006682958,-0.00023021733795758337
811,prediction,-0.0017606985,0.0010965782,-0.0017606985056772828,-0.25799784,-0.2730871,-0.2579978406429291,0.00035266735,0.00606936,0.00035266735358163714
812,prediction,-0.002007751,-0.0023907511,-0.00200775102712214,-0.24567099,-0.26341864,-0.24567098915576935,0.0005569085,0.004616871,0.0005569084896706045
813,prediction,-0.001305744,0.0011129753,-0.0013057440519332886,-0.23472746,-0.2497681,-0.23472745716571808,-8.503196e-05,0.005426435,-8.50319629535079e-05
814,prediction,-0.0018568538,0.0011757469,-0.0018568538362160325,-0.22425337,-0.24241395,-0.22425337135791779,-0.0002520393,0.006264144,-0.0002520392881706357
815,prediction,-0.0007705966,0.0019548389,-0.0007705966127105057,-0.21259595,-0.23238142,-0.21259595453739166,0.00022461342,0.006528815,0.00022461342450696975
816,prediction,-0.00012552353,0.0006520236,-0.00012552352563943714,-0.20203133,-0.21666999,-0.20203132927417755,7.419083e-05,0.0059035704,7.419082976412028e-05
817,prediction,-0.00038013613,-0.0014826864,-0.00038013613084331155,-0.1914434,-0.20715894,-0.19144339859485626,-0.00039223753,0.0048619104,-0.0003922375326510519
818,prediction,-2.4019444e-05,0.0006512487,-2.401944402663503e-05,-0.18003948,-0.1968462,-0.18003948032855988,-0.00034488458,0.004507034,-0.00034488458186388016
819,prediction,0.00030178102,0.00014103469,0.0003017810231540352,-0.169235,-0.18493696,-0.1692350059747696,-0.0004753221,0.004270335,-0.0004753221001010388
820,prediction,0.0020904983,-0.00081669714,0.0020904983393847942,-0.15719904,-0.17241134,-0.15719904005527496,-0.00010442451,0.0035359103,-0.00010442450729897246
821,prediction,0.0025748904,-0.0012698747,0.0025748903863132,-0.145925,-0.16016872,-0.14592500030994415,6.821196e-05,0.003364215,6.821195711381733e-05
822,prediction,0.0010723404,-0.0017585441,0.0010723404120653868,-0.13596417,-0.14988305,-0.13596417009830475,-0.00036472795,0.0031708896,-0.00036472795181907713
823,prediction,0.0014079624,-0.00061905954,0.0014079624088481069,-0.123731814,-0.13470943,-0.1237318143248558,-0.00092542527,0.0022075723,-0.0009254252654500306
824,prediction,0.0014957,-0.0011587937,0.0014956999802961946,-0.11133172,-0.122510694,-0.11133172363042831,-0.00091155205,0.0017187451,-0.0009115520515479147
825,prediction,3.2095708e-05,-0.0021131954,3.2095707865664735e-05,-0.1005291,-0.11120661,-0.10052909702062607,-0.00060318195,0.0020775183,-0.0006031819502823055
826,prediction,0.00025570422,-0.0012306258,0.00025570421712473035,-0.088480674,-0.09444102,-0.08848067373037338,-0.00012969633,0.0021014805,-0.00012969633098691702
827,prediction,0.0011640758,8.993803e-06,0.0011640758020803332,-0.07690974,-0.081503116,-0.07690974324941635,-0.00027103623,0.0012235686,-0.0002710362314246595
828,prediction,-0.0004767233,0.0002538123,-0.00047672330401837826,-0.065232955,-0.069822334,-0.06523295491933823,-0.00053265574,0.0003489909,-0.00053265574388206
829,prediction,-0.0018316355,-0.00018926326,-0.0018316354835405946,-0.052897,-0.055534147,-0.052896998822689056,-0.00012647297,-7.29282e-05,-0.00012647296534851193
830,prediction,-0.00061572256,-0.00081559154,-0.0006157225579954684,-0.04106488,-0.037939213,-0.04106488078832626,5.3713175e-05,0.0008233193,5.371317456592806e-05
831,prediction,-0.00047627586,0.00017583114,-0.00047627586172893643,-0.029622337,-0.021825096,-0.029622336849570274,-0.00035017193,0.0020497316,-0.0003501719329506159
832,prediction,-0.0009083384,0.0018732519,-0.0009083384065888822,-0.01821961,-0.0108039,-0.018219610676169395,5.371281e-05,0.0013303317,5.371281076804735e-05
833,prediction,-0.0004441213,0.00047998567,-0.000444121309556067,-0.0061758375,0.0033113742,-0.006175837479531765,0.00050773285,0.00022382665,0.0005077328532934189
834,prediction,-0.0002775146,0.00075764785,-0.00027751459856517613,0.0056246305,0.020631114,0.0056246304884552956,0.00017822767,0.0011457113,0.00017822766676545143
835,prediction,-0.00060783897,0.0010828772,-0.0006078389706090093,0.017515281,0.036955573,0.017515281215310097,-0.0001261312,0.0017439071,-0.0001261311990674585
836,prediction,-0.0004808588,-0.00015157058,-0.00048085881280712783,0.029260496,0.05110637,0.02926049567759037,0.00018652354,0.0012586835,0.00018652353901416063
837,prediction,-0.00022054599,2.3732971e-05,-0.00022054598957765847,0.0409318,0.063993074,0.04093179851770401,0.00067392655,0.0013031584,0.0006739265518262982
838,prediction,0.00019155079,-0.00023292411,0.00019155078916810453,0.053272225,0.07744459,0.053272224962711334,0.0005893132,0.0009452044,0.00058931321837008
839,prediction,0.00040898807,0.002542146,0.0004089880676474422,0.06579433,0.09170816,0.06579432636499405,0.00037118496,0.0009721908,0.00037118495674803853
840,prediction,0.00036560724,0.0009128935,0.00036560723674483597,0.07824198,0.106599785,0.0782419815659523,0.0003369637,0.0017756479,0.00033696371247060597
841,prediction,0.00016542757,-0.00175988,0.0001654275692999363,0.09027556,0.11938182,0.09027556329965591,-1.7484364e-05,0.0018495804,-1.7484364434494637e-05
842,prediction,0.00017881066,0.003978903,0.0001788106601452455,0.10248063,0.13195585,0.10248062759637833,0.00025039256,0.001866195,0.00025039256433956325
843,prediction,0.0011946264,0.0014641206,0.001194626442156732,0.114856996,0.14294736,0.11485699564218521,0.00012573211,0.0006118733,0.00012573211279232055
844,prediction,0.0021786322,0.00096798537,0.002178632188588381,0.1271727,0.15400438,0.12717269361019135,-0.00071200926,0.00090345653,-0.0007120092632248998
845,prediction,0.00069372635,0.006400856,0.0006937263533473015,0.1400914,0.16733979,0.1400914043188095,-0.00041651417,0.0021176327,-0.0004165141726844013
846,prediction,-1.6746839e-05,0.00278538,-1.6746838809922338e-05,0.15264963,0.18021427,0.1526496261358261,0.0005357544,0.0011008267,0.0005357544287107885
847,prediction,0.0002724126,0.0019580284,0.00027241260977461934,0.16493885,0.19170944,0.16493885219097137,-9.40539e-05,-0.0002985627,-9.405390301253647e-05
848,prediction,0.00069321174,0.004589631,0.0006932117394171655,0.17730068,0.20134608,0.17730067670345306,-0.0009855009,0.00041123707,-0.000985500868409872
849,prediction,0.0012194553,0.0034819061,0.001219455269165337,0.18904392,0.21347867,0.18904392421245575,-0.0006654157,0.0014454599,-0.0006654157186858356
850,prediction,0.000394412,0.0036614486,0.0003944119962397963,0.20115839,0.2265064,0.20115838944911957,-0.00018331315,0.00041312064,-0.00018331315368413925
851,prediction,-0.00027368884,0.0020636597,-0.00027368884184397757,0.21383671,0.23695086,0.21383671462535858,-0.0002150287,-0.001288901,-0.00021502870367839932
852,prediction,0.00041076008,-0.00080104684,0.0004107600834686309,0.22532175,0.25054213,0.22532175481319427,-9.421216e-06,-0.0014174642,-9.421216418559197e-06
853,prediction,0.001708809,-0.00058239436,0.0017088090535253286,0.2360603,0.26156786,0.23606030642986298,0.00030933446,-0.0014984071,0.00030933445668779314
854,prediction,0.0018581981,-8.982894e-05,0.0018581980839371681,0.24784856,0.27175453,0.24784855544567108,-4.254668e-05,-0.0022540286,-4.254667874192819e-05
855,prediction,0.0009659632,-0.0022044354,0.0009659631759859622,0.25990215,0.28498647,0.25990214943885803,-0.0002816179,-0.0025532742,-0.0002816178894136101
856,prediction,0.0003138928,-0.0035348458,0.00031389278592541814,0.27014437,0.29525095,0.27014437317848206,9.509882e-05,-0.0031496736,9.509881783742458e-05
857,prediction,0.0009002646,-0.0025997346,0.0009002645965665579,0.28054705,0.30670726,0.28054705262184143,0.0003294177,-0.0038851986,0.0003294177004136145
858,prediction,0.0013611033,-0.0017324628,0.0013611032627522945,0.2920757,0.31743693,0.2920756936073303,-0.00016425982,-0.003096555,-0.00016425982175860554
859,prediction,0.00096104946,-0.0019907888,0.00096104945987463,0.30225885,0.3264556,0.30225884914398193,-0.0005507275,-0.002797965,-0.0005507274763658643
860,prediction,0.00066300586,-0.0020408938,0.0006630058633163571,0.31156635,0.33600143,0.3115663528442383,-0.00025142267,-0.003976993,-0.0002514226653147489
861,prediction,0.00057887414,-7.452044e-06,0.0005788741400465369,0.3213107,0.34300262,0.32131069898605347,-0.0001670678,-0.0036592903,-0.0001670678029768169
862,prediction,-8.1362676e-05,0.0007562361,-8.136267570080236e-05,0.33135095,0.35160205,0.3313509523868561,-0.00059404894,-0.0028011233,-0.0005940489354543388
863,prediction,0.0005841131,0.0023156912,0.0005841131205670536,0.34056637,0.36016226,0.34056636691093445,-0.0004054679,-0.0031257444,-0.00040546790114603937
864,prediction,-0.00016066985,0.0032104827,-0.0001606698497198522,0.34859017,0.365879,0.3485901653766632,-0.00013868611,-0.0033018074,-0.0001386861113132909
865,prediction,-0.0012352894,0.0006404645,-0.0012352893827483058,0.35678557,0.37307063,0.3567855656147003,-0.00055222696,-0.002911447,-0.0005522269639186561
866,prediction,-0.00093642744,0.003289855,-0.0009364274446852505,0.36532277,0.3788916,0.3653227686882019,-0.0005427641,-0.00274037,-0.0005427640862762928
867,prediction,-0.0008681883,0.00402005,-0.0008681882754899561,0.37270448,0.3832517,0.37270447611808777,0.0003129539,-0.0031705904,0.0003129538963548839
868,prediction,-0.00061163463,0.0013461233,-0.0006116346339695156,0.37961495,0.39259642,0.3796149492263794,0.00045065512,-0.0032199197,0.0004506551194936037
869,prediction,-0.0010611527,0.0023736358,-0.0010611526668071747,0.38676748,0.40005967,0.3867674767971039,-0.00036850138,-0.0025875603,-0.0003685013798531145
870,prediction,-0.00078302773,-0.0014313312,-0.0007830277318134904,0.39196068,0.40202904,0.39196068048477173,-3.0831274e-05,-0.003122404,-3.0831273761577904e-05
871,prediction,0.000119187695,-0.0014164732,0.00011918769450858235,0.39754608,0.40954298,0.39754608273506165,0.0010512724,-0.0023921342,0.001051272382028401
872,prediction,8.1521954e-05,-0.0005006892,8.152195368893445e-05,0.40407056,0.4161015,0.40407055616378784,0.00083797483,-0.0014152692,0.000837974832393229
873,prediction,0.0009959788,-0.00472242,0.0009959788294509053,0.40774363,0.42125902,0.4077436327934265,0.0007169251,-0.0028927408,0.0007169250748120248
874,prediction,0.0008380391,-0.0023194123,0.0008380390936508775,0.4118773,0.4279908,0.411877304315567,0.0011971433,-0.004827868,0.0011971433414146304
875,prediction,0.00089870323,-0.0020499097,0.000898703234270215,0.41648376,0.43010178,0.4164837598800659,0.0012372945,-0.0048395256,0.001237294520251453
876,prediction,0.00094866887,-0.005549378,0.0009486688650213182,0.41954672,0.43438882,0.4195467233657837,0.0004623039,-0.0031240024,0.0004623038985300809
877,prediction,0.000809703,-0.0040772976,0.0008097030222415924,0.42236003,0.43810913,0.42236003279685974,0.00020627359,-0.0021931636,0.0002062735875369981
878,prediction,0.0023683931,-0.00016277193,0.0023683931212872267,0.42406014,0.43922818,0.4240601360797882,0.0008293155,-0.0019757831,0.0008293155115097761
879,prediction,0.0017631355,0.0017622899,0.0017631355440244079,0.42580247,0.44119605,0.42580246925354004,0.0010748744,-0.0014038454,0.0010748744243755937
880,prediction,5.8224025e-05,-0.0010218092,5.8224024542141706e-05,0.42760876,0.44218946,0.42760875821113586,0.00061769906,-0.002908455,0.0006176990573294461
881,prediction,0.0014957412,0.0007598811,0.0014957411913201213,0.42830676,0.4427384,0.4283067584037781,0.0005262079,-0.0044236537,0.0005262079066596925
882,prediction,0.0016757798,0.004485677,0.0016757798148319125,0.4281414,0.4391053,0.42814138531684875,0.0005224705,-0.0034168216,0.0005224705091677606
883,prediction,0.0010676356,0.0035213865,0.001067635603249073,0.42716613,0.43966496,0.4271661341190338,3.7581917e-06,-0.0024980349,3.7581917240459006e-06
884,prediction,0.0001640802,0.0041789208,0.00016408019291702658,0.42737347,0.44092497,0.427373468875885,-0.00027625044,-0.0022167915,-0.00027625044458545744
885,prediction,-0.00047124806,0.0035395033,-0.00047124805860221386,0.42625675,0.4371756,0.4262567460536957,2.8223061e-05,-0.0016170513,2.822306123562157e-05
886,prediction,0.0006108014,0.0013451481,0.0006108013913035393,0.42363715,0.4368813,0.42363715171813965,0.00011229951,-0.0022968377,0.00011229950905544683
887,prediction,-0.00027857922,0.0014141871,-0.00027857921668328345,0.42249686,0.43452108,0.42249685525894165,0.0001484985,-0.0038294387,0.00014849849685560912
888,prediction,-0.0010966528,0.0013402479,-0.0010966528207063675,0.4186912,0.43528333,0.4186911880970001,0.0003811497,-0.0033027513,0.00038114970084279776
889,prediction,0.00044283635,-0.0016332895,0.00044283634633757174,0.41446495,0.43640172,0.41446495056152344,0.00031821514,-0.00284288,0.00031821514130569994
890,prediction,8.431118e-05,-0.0032921142,8.431117748841643e-05,0.41209984,0.43374252,0.41209983825683594,-0.00014565041,-0.0038068802,-0.0001456504105590284
891,prediction,-0.00029203924,-0.002392538,-0.000292039243504405,0.4069976,0.43403035,0.40699759125709534,-7.960767e-05,-0.0029477575,-7.960767106851563e-05
892,prediction,0.0009966313,-0.005120517,0.0009966313373297453,0.40191624,0.43156382,0.4019162356853485,0.00023051829,-0.0024539197,0.00023051828611642122
893,prediction,0.00049401884,-0.005415002,0.0004940188373439014,0.39732358,0.4321454,0.3973235785961151,0.00020406449,-0.0039293915,0.00020406449039001018
894,prediction,0.00091203605,-0.0040898845,0.0009120360482484102,0.39071694,0.43018118,0.39071694016456604,-0.00017920152,-0.003306229,-0.00017920152458827943
895,prediction,0.0016866378,-0.004583214,0.001686637755483389,0.38420612,0.42508703,0.3842061161994934,-0.00033478878,-0.00074956805,-0.00033478878322057426
896,prediction,0.0007007831,-0.0029528297,0.0007007831009104848,0.37702918,0.42358702,0.3770291805267334,5.2896383e-05,-0.00042060716,5.289638284011744e-05
897,prediction,0.00164352,-0.0030285865,0.0016435199650004506,0.37023947,0.41596025,0.3702394664287567,0.00041311845,-0.0017575463,0.0004131184541620314
898,prediction,0.0013611517,-4.223519e-05,0.0013611516915261745,0.36347136,0.4114775,0.3634713590145111,0.00034743675,-0.00086818985,0.00034743675496429205
899,prediction,0.00036649095,0.0015883016,0.00036649094545282423,0.35410675,0.40677848,0.35410675406455994,0.00016419962,0.0002928167,0.00016419962048530579
900,prediction,0.0015037762,0.000720891,0.0015037761768326163,0.34557176,0.39673814,0.34557175636291504,0.0006681545,0.00093562034,0.0006681545055471361
901,prediction,0.0015429773,0.0048791333,0.0015429772902280092,0.33831006,0.38874602,0.3383100628852844,0.0010431915,0.0025424478,0.001043191528879106
902,prediction,0.0012684572,0.0041882982,0.001268457155674696,0.32953617,0.37950063,0.32953616976737976,0.0009750347,0.0018392063,0.0009750347235240042
903,prediction,7.388362e-05,0.00300508,7.388361700577661e-05,0.32052755,0.37149385,0.3205275535583496,0.0006788479,0.00046313967,0.0006788478931412101
904,prediction,-0.0010932864,0.004596121,-0.001093286438845098,0.31195536,0.36306235,0.31195536255836487,0.00069378706,0.0024382635,0.0006937870639376342
905,prediction,0.0002550003,0.0042473427,0.0002550003118813038,0.30303437,0.3542317,0.30303436517715454,0.0010980797,0.00422497,0.0010980797233060002
906,prediction,0.0004825961,0.004473689,0.00048259610775858164,0.29365164,0.34313464,0.29365164041519165,0.0011375219,0.0033039001,0.0011375219328328967
907,prediction,-0.00016431855,0.0008574678,-0.00016431855328846723,0.28403988,0.33286342,0.2840398848056793,0.00086566934,0.0011579965,0.0008656693389639258
908,prediction,-0.0009693316,0.00010417583,-0.0009693315951153636,0.27510408,0.3291072,0.2751040756702423,0.0008842774,0.0006687677,0.0008842773968353868
909,prediction,-0.0014881324,7.767381e-05,-0.0014881324023008347,0.26649192,0.31798756,0.26649191975593567,0.00093958195,0.0010274814,0.000939581950660795
910,prediction,-0.00045376978,-0.0024634183,-0.0004537697823252529,0.25685093,0.306783,0.256850928068161,0.0010163245,0.00080233655,0.001016324502415955
911,prediction,0.0008971611,-0.0006292743,0.0008971610805019736,0.24691074,0.30097502,0.24691073596477509,0.00076519925,0.0012823527,0.0007651992491446435
912,prediction,0.00046650975,-0.0022335588,0.0004665097512770444,0.23688899,0.29099095,0.23688898980617523,0.00088070496,0.00075213634,0.0008807049598544836
913,prediction,-0.0005378919,-0.0046437597,-0.0005378918722271919,0.2269135,0.28080997,0.22691349685192108,0.0006944991,-2.8894827e-05,0.0006944991182535887
914,prediction,-7.108486e-05,-0.0047045555,-7.108486170182005e-05,0.21756963,0.27048168,0.21756963431835175,0.00052782736,-0.00029925746,0.000527827360201627
915,prediction,0.00067740533,-0.0028217935,0.0006774053326807916,0.20726202,0.26102367,0.20726202428340912,0.00063705747,-0.00036391427,0.0006370574701577425
916,prediction,0.0010631317,-0.0007504487,0.0010631317272782326,0.19632588,0.24943613,0.19632588326931,0.0006733615,-0.00022540787,0.0006733614718541503
917,prediction,0.00089372374,-0.0029897657,0.0008937237435020506,0.18603437,0.23703168,0.18603436648845673,0.00038952733,-0.00042441252,0.0003895273257512599
918,prediction,0.0012438309,-0.0022242302,0.0012438308913260698,0.17554633,0.22573183,0.175546333193779,0.00042360424,-0.00025687288,0.00042360424413345754
919,prediction,0.0016309592,-0.00046814067,0.0016309592174366117,0.1650921,0.21343361,0.1650920957326889,0.00049130456,0.00023413856,0.0004913045559078455
920,prediction,0.0014603221,-7.7051795e-05,0.00146032206248492,0.15521072,0.20071845,0.1552107185125351,0.000687186,0.00052015303,0.0006871860241517425
921,prediction,0.001564029,0.0004658766,0.0015640290221199393,0.14432298,0.185997,0.1443229764699936,0.00037827046,0.00040754076,0.0003782704588957131
922,prediction,0.0011878075,-0.0001518182,0.0011878075310960412,0.13368009,0.17493062,0.1336800903081894,8.3555315e-05,0.000393859,8.355531463166699e-05
923,prediction,0.0018126542,0.002463811,0.0018126541981473565,0.12456206,0.16084574,0.12456206232309341,0.00027672685,0.0016420935,0.0002767268451862037
924,prediction,0.0023428404,0.0014912994,0.002342840423807502,0.11373166,0.14682446,0.11373165994882584,0.0008913476,0.0020042656,0.0008913475903682411
925,prediction,-0.00030837415,-0.0013335106,-0.00030837414669804275,0.10270951,0.13693683,0.10270950943231583,0.0010284272,0.0008687675,0.001028427155688405
926,prediction,-0.0010536504,0.0023233558,-0.0010536503978073597,0.09353063,0.12114767,0.09353063255548477,0.0009533222,0.0019155651,0.0009533222182653844
927,prediction,0.00084946514,0.00327391,0.0008494651410728693,0.08300052,0.110786535,0.08300051838159561,0.00094566913,0.0036194092,0.0009456691332161427
928,prediction,-0.00024289534,0.0019787883,-0.0002428953448543325,0.072167315,0.09936044,0.07216731458902359,0.0008071675,0.0032951133,0.0008071674965322018
929,prediction,-0.0012372368,0.0021681322,-0.0012372367782518268,0.061564304,0.08470646,0.06156430393457413,0.0008000232,0.0024004024,0.0008000232046470046
930,prediction,-0.001295635,0.0010140142,-0.0012956350110471249,0.05101738,0.074431755,0.05101738125085831,0.0007847119,0.0033474544,0.0007847119122743607
931,prediction,-0.0018844055,0.0011863587,-0.0018844055011868477,0.040604867,0.059736647,0.04060486704111099,0.0007453961,0.0050271167,0.0007453960715793073
932,prediction,-0.001134295,0.003071301,-0.001134295016527176,0.029139498,0.050546207,0.029139498248696327,0.00091573177,0.0054813535,0.0009157317690551281
933,prediction,-0.00068563904,0.0023381668,-0.0006856390391476452,0.018581072,0.037009872,0.018581071868538857,0.000774632,0.0048351865,0.0007746319752186537
934,prediction,-0.0014698954,0.0016720879,-0.0014698953600600362,0.007209935,0.021402279,0.00720993522554636,0.00072373176,0.004424252,0.0007237317622639239
935,prediction,-0.0008107463,0.00045450855,-0.0008107462781481445,-0.0046947217,0.012283959,-0.004694721661508083,0.00025760243,0.0036099036,0.00025760242715477943
936,prediction,-1.79634e-05,-0.0010382687,-1.796340075088665e-05,-0.015169821,-0.0049649095,-0.015169820748269558,-0.00026126186,0.002963323,-0.00026126185548491776
937,prediction,-9.278165e-05,0.0014102289,-9.27816508919932e-05,-0.0266548,-0.01580306,-0.0266548004001379,0.00033334186,0.0036700217,0.0003333418571855873
938,prediction,-0.00017287358,0.00042060754,-0.00017287358059547842,-0.038039528,-0.02750059,-0.03803952783346176,0.0009967486,0.0037739393,0.000996748567558825
939,prediction,0.0003034304,-0.0013537158,0.0003034303954336792,-0.049399696,-0.045303904,-0.04939969629049301,0.0004148663,0.0041737487,0.000414866313803941
940,prediction,0.0018482065,-0.002333517,0.0018482065061107278,-0.06098523,-0.05577781,-0.06098522990942001,-0.0005780182,0.0039880946,-0.0005780181963928044
941,prediction,0.0011982688,-0.004043919,0.0011982688447460532,-0.07201066,-0.070876144,-0.07201065868139267,-0.00015796788,0.0013371326,-0.0001579678792040795
942,prediction,0.0010740974,-0.00032147305,0.0010740973521023989,-0.0841684,-0.084079824,-0.08416839689016342,0.00055926904,0.00017239322,0.0005592690431512892
943,prediction,0.002248651,-0.0040315352,0.0022486511152237654,-0.09491696,-0.09476908,-0.09491696208715439,0.00066931086,0.0005012153,0.000669310858938843
944,prediction,0.0016076177,-0.007785595,0.0016076177125796676,-0.10557326,-0.11013033,-0.10557325929403305,0.0004912962,-8.2286584e-05,0.000491296174004674
945,prediction,0.001676506,-0.002404666,0.001676506013609469,-0.11842569,-0.12280961,-0.11842568963766098,0.0006033135,-0.00054116786,0.0006033134995959699
946,prediction,0.0021268083,-0.0047633937,0.002126808278262615,-0.13001211,-0.13565339,-0.13001210987567902,0.00032215976,-0.0009891007,0.0003221597580704838
947,prediction,0.0018137392,-0.0052452777,0.0018137391889467835,-0.14118452,-0.14721067,-0.14118452370166779,1.6684044e-05,-0.0011667975,1.6684043657733127e-05
948,prediction,0.0010529063,-0.005392408,0.001052906271070242,-0.15320201,-0.15888126,-0.15320201218128204,0.00049968594,-0.0030852426,0.0004996859352104366
949,prediction,0.00037324327,-0.0063685873,0.0003732432669494301,-0.16512014,-0.17121889,-0.16512013971805573,0.000572364,-0.0039979424,0.000572364020626992
950,prediction,0.00041574822,-0.00053241476,0.00041574821807444096,-0.17700584,-0.18270285,-0.1770058423280716,0.00015017355,-0.0021080852,0.0001501735532656312
951,prediction,0.00021096636,-0.0033602642,0.00021096636191941798,-0.18968637,-0.19679613,-0.1896863728761673,0.00011138636,-0.003003944,0.00011138636182295159
952,prediction,-0.00012145793,-0.004874735,-0.00012145793152740225,-0.202006,-0.208806,-0.202005997300148,0.0005350265,-0.0044770017,0.0005350264837034047
953,prediction,-0.0006023207,-0.00047633905,-0.0006023207097314298,-0.2133772,-0.2180887,-0.2133771926164627,0.00067895715,-0.0036764976,0.0006789571489207447
954,prediction,-0.0011629146,-0.0004460976,-0.0011629145592451096,-0.22593041,-0.23026116,-0.22593040764331818,0.0005359075,-0.0038721212,0.0005359075148589909
955,prediction,-0.0007494507,0.001657611,-0.0007494507008232176,-0.23797305,-0.24402888,-0.23797304928302765,0.00053950923,-0.004452501,0.0005395092302933335
956,prediction,-0.0010925155,0.0006916289,-0.00109251553658396,-0.24923976,-0.25497076,-0.2492397576570511,0.00047425,-0.003646587,0.0004742500022985041
957,prediction,-0.00061496394,0.00024361492,-0.0006149639375507832,-0.2611104,-0.26678988,-0.2611103951931,3.121439e-05,-0.0027899973,3.121438930975273e-05
958,prediction,-0.0005250261,0.0049912985,-0.0005250261165201664,-0.2724459,-0.27897748,-0.2724458873271942,-2.324856e-05,-0.0033479487,-2.32485599553911e-05
959,prediction,-0.00092791306,0.0033642363,-0.0009279130608774722,-0.283686,-0.28813717,-0.2836860120296478,0.00069910457,-0.004214267,0.0006991045665927231
960,prediction,-5.5852404e-05,0.0009057764,-5.5852404329925776e-05,-0.293802,-0.2986395,-0.2938019931316376,0.00052943046,-0.0024394754,0.0005294304573908448
961,prediction,-0.0005727609,0.002855558,-0.0005727608804591,-0.30436513,-0.31048927,-0.3043651282787323,-0.00021692886,-0.0016034144,-0.000216928863665089
962,prediction,0.00045323215,0.0038707603,0.00045323214726522565,-0.315433,-0.3199366,-0.31543299555778503,-1.1551806e-05,-0.0026100418,-1.1551805982890073e-05
963,prediction,0.0009659943,0.0020366053,0.0009659943170845509,-0.32470176,-0.32748446,-0.3247017562389374,0.00012580826,-0.0026770036,0.0001258082629647106
964,prediction,0.00020204642,0.0011119677,0.00020204641623422503,-0.3348547,-0.33485267,-0.33485469222068787,-0.0003592365,-0.002201149,-0.00035923649556934834
965,prediction,0.0009175094,0.0006206242,0.0009175093728117645,-0.34460983,-0.3442559,-0.3446098268032074,-0.00022027873,-0.0017746411,-0.0002202787291025743
966,prediction,0.00031622505,-0.00019273433,0.00031622505048289895,-0.35300395,-0.3509949,-0.35300394892692566,0.00031749826,-0.00013406781,0.0003174982557538897
967,prediction,0.000375189,-0.00042707348,0.00037518900353461504,-0.3620591,-0.35459027,-0.362059086561203,2.642909e-05,0.0005805798,2.6429090212332085e-05
968,prediction,0.0009959644,-0.0017372445,0.0009959643939509988,-0.3715082,-0.36204383,-0.3715082108974457,-0.00042473897,-0.00095845613,-0.00042473897337913513
969,prediction,0.0008575321,-0.0011494531,0.0008575320825912058,-0.3803278,-0.37058756,-0.3803277909755707,-0.00024131137,-0.00070283987,-0.00024131136888172477
970,prediction,0.0011493373,-0.0021599405,0.0011493372730910778,-0.38675162,-0.37466022,-0.38675162196159363,2.8686081e-05,4.921204e-05,2.8686081350315362e-05
971,prediction,0.00026821354,-0.0041527203,0.00026821353822015226,-0.39381,-0.37821314,-0.3938100039958954,1.8504603e-05,-0.0005935373,1.8504602849134244e-05
972,prediction,-6.363537e-05,-0.0014683577,-6.363537249853835e-05,-0.40164742,-0.38364288,-0.4016474187374115,0.00027093294,0.0010136908,0.00027093294193036854
973,prediction,0.0010065932,-0.0018763986,0.0010065932292491198,-0.4074764,-0.39019153,-0.40747639536857605,0.00043797592,0.002853302,0.00043797591933980584
974,prediction,0.0010157882,-0.0033425414,0.0010157881770282984,-0.41310868,-0.39815578,-0.4131086766719818,6.217361e-05,0.0009174426,6.217361078597605e-05
975,prediction,0.00055928115,-0.00060243416,0.0005592811503447592,-0.41782364,-0.4032224,-0.4178236424922943,-0.00030266968,-0.00047905932,-0.0003026696795132011
976,prediction,-0.00015058064,-0.0012972378,-0.00015058064309414476,-0.4217014,-0.4065816,-0.4217014014720917,-7.886299e-05,0.0009877802,-7.886299135861918e-05
977,prediction,-0.00014514622,-0.0025213978,-0.00014514621580019593,-0.4263005,-0.40974507,-0.4263004958629608,0.00020532345,0.0018288628,0.00020532344933599234
978,prediction,0.0002146106,-0.0006201913,0.0002146105980500579,-0.4292929,-0.41659877,-0.4292928874492645,0.00012885565,0.0013167047,0.00012885565229225904
979,prediction,-0.00020612274,0.00024416842,-0.00020612274238374084,-0.43131635,-0.42532548,-0.4313163459300995,4.1493808e-05,0.0018472588,4.149380765738897e-05
980,prediction,-0.0004434239,-0.00073814124,-0.0004434238944668323,-0.43490335,-0.42532632,-0.4349033534526825,0.00017699876,0.0020044753,0.00017699875752441585
981,prediction,-0.0005368738,-0.0014890509,-0.0005368738202378154,-0.43625435,-0.42654654,-0.4362543523311615,0.00013362573,0.00039251187,0.000133625726448372
982,prediction,-0.0010738273,0.00041132898,-0.0010738272685557604,-0.43636128,-0.42947194,-0.43636128306388855,-0.00040132168,0.0005398152,-0.0004013216821476817
983,prediction,-0.0018485746,0.0011886297,-0.0018485746113583446,-0.43853518,-0.42923817,-0.4385351836681366,-0.0004608549,0.0016943393,-0.0004608549061231315
984,prediction,-0.0016151562,-0.00044468485,-0.0016151561867445707,-0.43903038,-0.43244454,-0.43903037905693054,-3.1796957e-05,0.0013867025,-3.1796957046026364e-05
985,prediction,-0.0016917377,9.421485e-05,-0.0016917376779019833,-0.43909523,-0.43105933,-0.43909522891044617,-0.00017257687,0.0013791607,-0.00017257686704397202
986,prediction,-0.0013123626,0.0014904892,-0.0013123626122251153,-0.43924198,-0.4285123,-0.4392419755458832,-0.0003045239,0.0027062315,-0.0003045239136554301
987,prediction,-0.0009800072,0.00062751235,-0.000980007229372859,-0.43703684,-0.42931232,-0.4370368421077728,-0.00021447586,0.0029621995,-0.00021447586186695844
988,prediction,-0.0018851021,0.0019440413,-0.00188510213047266,-0.43639466,-0.42555758,-0.43639466166496277,-0.0003033624,0.0023250685,-0.0003033624088857323
989,prediction,-0.0019131858,0.002498159,-0.0019131858134642243,-0.4350365,-0.42428812,-0.4350365102291107,-0.00041163876,0.0013783685,-0.00041163875721395016
990,prediction,-0.00022390539,-0.0003672791,-0.00022390538651961833,-0.432085,-0.42476508,-0.4320850074291229,-0.00026706175,0.0010740955,-0.000267061754129827
991,prediction,0.000853548,0.0018774387,0.0008535480010323226,-0.42938706,-0.4220898,-0.42938706278800964,-0.00021087183,0.0022116012,-0.0002108718326780945
992,prediction,-0.0001780398,0.005500709,-0.00017803980153985322,-0.4250253,-0.42062435,-0.4250253140926361,-0.0001478644,0.0028072544,-0.00014786439714953303
993,prediction,-0.00061180425,0.0028810871,-0.0006118042510934174,-0.42143986,-0.4191812,-0.42143985629081726,-6.145745e-05,0.003066703,-6.14574528299272e-05
994,prediction,0.0008169355,0.0013836393,0.0008169354987330735,-0.417137,-0.41560504,-0.4171369969844818,-0.00025787647,0.0034241104,-0.00025787646882236004
995,prediction,0.0010759085,0.003337621,0.0010759085416793823,-0.41149625,-0.41484794,-0.41149625182151794,-0.00034255127,0.002459613,-0.0003425512695685029
996,prediction,0.0017823993,0.002901303,0.001782399252988398,-0.40680858,-0.41584203,-0.4068085849285126,-0.00017335516,0.0009297898,-0.000173355161678046
997,prediction,0.0016248374,0.0021358507,0.0016248374013230205,-0.40138146,-0.41094622,-0.4013814628124237,-0.0003685388,0.0019984134,-0.00036853880737908185
998,prediction,0.00061101204,0.0021429837,0.0006110120448283851,-0.39494428,-0.40701136,-0.39494428038597107,-0.00033364113,0.0028490406,-0.0003336411318741739
999,prediction,0.0011438591,0.002234916,0.0011438591172918677,-0.3881869,-0.40375242,-0.38818690180778503,3.6896312e-05,0.0017256419,3.689631193992682e-05
1000,prediction,0.00078724505,-0.0005161239,0.0007872450514696538,-0.38219425,-0.3992388,-0.38219425082206726,-1.9691177e-05,0.0008626809,-1.96911769307917e-05
1001,prediction,0.00031099952,-0.0026369602,0.00031099951593205333,-0.375936,-0.3951815,-0.37593600153923035,-0.0004208567,0.0005443077,-0.0004208566970191896
1002,prediction,0.0009408312,-0.00030175026,0.0009408312034793198,-0.3682358,-0.3879864,-0.3682357966899872,-0.00043238627,-0.0002041438,-0.000432386266766116
1003,prediction,-0.00026489087,-0.0010717246,-0.0002648908703122288,-0.36115,-0.38255116,-0.36114999651908875,-0.0003164617,-0.00032168577,-0.00031646169372834265
1004,prediction,-0.000993024,-0.004000132,-0.000993023975752294,-0.35351023,-0.37626,-0.3535102307796478,-0.00027864802,-0.00038651633,-0.00027864801813848317
1005,prediction,-0.000800708,-0.004646444,-0.0008007080177776515,-0.34497258,-0.36744615,-0.3449725806713104,-2.1781614e-05,-0.0014402608,-2.1781614123028703e-05
1006,prediction,-0.0009835756,-0.0057279053,-0.0009835755918174982,-0.33710524,-0.36102661,-0.33710524439811707,-8.462049e-05,-0.0020635005,-8.46204929985106e-05
1007,prediction,-0.00030245326,-0.00469544,-0.00030245326342992485,-0.32940122,-0.35290346,-0.3294012248516083,-0.0007408001,-0.0023955058,-0.0007408001110889018
1008,prediction,-0.00065305666,-0.0044996208,-0.0006530566606670618,-0.3203927,-0.34529933,-0.3203926980495453,-0.00073949614,-0.004580715,-0.0007394961430691183
1009,prediction,-0.0019459852,-0.005422659,-0.001945985248312354,-0.31046662,-0.33903083,-0.31046661734580994,-0.00024172924,-0.004916468,-0.00024172924167942256
1010,prediction,-0.0013255223,-0.005065868,-0.0013255223166197538,-0.30156764,-0.33080658,-0.3015676438808441,-0.00030104397,-0.002829617,-0.00030104396864771843
1011,prediction,-0.00028372015,-0.0063904584,-0.00028372014639899135,-0.29246983,-0.31930944,-0.2924698293209076,-0.00036571437,-0.0037276438,-0.0003657143679447472
1012,prediction,-0.00077589054,-0.0051471805,-0.0007758905412629247,-0.28332707,-0.31198308,-0.2833270728588104,-0.00027684768,-0.005784924,-0.0002768476842902601
1013,prediction,-0.0010295899,-0.003490854,-0.0010295899119228125,-0.27412567,-0.30830964,-0.2741256654262543,-0.0005949746,-0.005598304,-0.0005949746118858457
1014,prediction,-0.00035327382,-0.0043394174,-0.00035327381920069456,-0.263568,-0.29559168,-0.2635680139064789,-0.0006926488,-0.005768866,-0.0006926488131284714
1015,prediction,0.0004938835,-0.0029424655,0.0004938835045322776,-0.25438818,-0.28394517,-0.2543881833553314,-0.00019586766,-0.0061855996,-0.00019586765847634524
1016,prediction,-0.0002725837,-0.0035822287,-0.0002725837111938745,-0.24505098,-0.27645215,-0.24505098164081573,0.000120329176,-0.005116346,0.0001203291758429259
1017,prediction,-0.0003737702,-0.0038591165,-0.00037377019179984927,-0.23482735,-0.26553115,-0.23482735455036163,0.00020301944,-0.004994158,0.000203019444597885
1018,prediction,0.0013578882,-0.0012375141,0.0013578882208094,-0.22572465,-0.25485465,-0.22572465240955353,0.00031512594,-0.005956307,0.0003151259443257004
1019,prediction,0.0015125835,-0.0022101034,0.0015125834615901113,-0.21631522,-0.24265738,-0.21631522476673126,-0.00015864744,-0.005750514,-0.000158647439093329
1020,prediction,0.0006714974,-0.0019507341,0.0006714973715133965,-0.2065657,-0.23111959,-0.20656569302082062,-1.1755846e-05,-0.0051223375,-1.1755845662264619e-05
1021,prediction,0.00084122043,-0.0013309357,0.000841220433358103,-0.19640942,-0.2194726,-0.1964094191789627,0.00091933366,-0.005245887,0.0009193336591124535
1022,prediction,0.00011889148,-0.0019808544,0.00011889148299815133,-0.18621524,-0.20615323,-0.18621523678302765,0.00061268185,-0.0043528085,0.0006126818479970098
1023,prediction,0.0007917445,-0.00081041997,0.0007917445036582649,-0.1768703,-0.195385,-0.17687030136585236,7.395189e-06,-0.0032724899,7.395189186354401e-06
1024,prediction,0.00207579,-0.003243649,0.002075789961963892,-0.16709663,-0.18414791,-0.16709662973880768,0.00040474365,-0.0046123127,0.00040474365232512355
1025,prediction,0.00034389828,-0.0027154498,0.0003438982821535319,-0.1569279,-0.17135234,-0.1569278985261917,0.00067024864,-0.0045251288,0.0006702486425638199
1026,prediction,-8.1033155e-05,-0.0002667742,-8.10331548564136e-05,-0.146428,-0.15900822,-0.14642800390720367,0.00062247686,-0.002994548,0.0006224768585525453
1027,prediction,0.0009469975,-0.0026839476,0.0009469974902458489,-0.1358331,-0.14727892,-0.13583309948444366,0.0007740642,-0.003109208,0.0007740642176941037
1028,prediction,0.0003204602,-0.0031469355,0.0003204602107871324,-0.12557043,-0.1368456,-0.12557043135166168,0.0004131615,-0.003092639,0.0004131614987272769
1029,prediction,0.00079076865,-0.0031573162,0.0007907686522230506,-0.11496439,-0.12562867,-0.11496438831090927,-1.6705682e-05,-0.002810507,-1.670568235567771e-05
1030,prediction,0.00014105375,-0.0027710265,0.00014105375157669187,-0.104747675,-0.11159428,-0.10474767535924911,-8.4185966e-05,-0.0029758052,-8.418596553383395e-05
1031,prediction,-0.00082014943,-0.0011283747,-0.0008201494347304106,-0.09421518,-0.09952351,-0.09421517699956894,0.00024805538,-0.002482239,0.00024805538123473525
1032,prediction,0.0006860595,-0.0009054726,0.0006860594730824232,-0.08274474,-0.08860644,-0.08274473994970322,0.00031906329,-0.0015007631,0.0003190632851328701
1033,prediction,-0.00049740606,-0.0015447687,-0.0004974060575477779,-0.07155939,-0.074565314,-0.07155939191579819,3.562336e-05,-0.0020767283,3.5623361327452585e-05
1034,prediction,-0.0011872138,-0.0018886375,-0.0011872138129547238,-0.060976468,-0.063082956,-0.06097646802663803,-0.00023314265,-0.002255577,-0.00023314265126828104
1035,prediction,0.0005447933,0.001274724,0.0005447933217510581,-0.050619207,-0.049419902,-0.050619207322597504,-0.00030243982,-0.0006928502,-0.00030243981746025383
1036,prediction,-0.00021109087,0.0023529797,-0.00021109086810611188,-0.039751314,-0.03263452,-0.039751313626766205,-0.0004923747,-0.0008370626,-0.0004923747037537396
1037,prediction,-0.0006495666,0.0007754767,-0.0006495665875263512,-0.028091034,-0.023202917,-0.028091033920645714,-0.00029895388,-0.002773173,-0.0002989538770634681
1038,prediction,-0.00079285365,0.003249961,-0.000792853650636971,-0.016728481,-0.009910605,-0.016728481277823448,-0.00023814404,-0.0018975738,-0.00023814404266886413
1039,prediction,-0.0007756817,0.0023369545,-0.0007756816921755672,-0.0062237,0.0058387304,-0.006223700009286404,-0.00024211471,-0.0003967006,-0.00024211470736190677
1040,prediction,0.00021793444,0.0014972427,0.00021793444466311485,0.0047449255,0.016344527,0.004744925536215305,4.094264e-05,-0.0009335576,4.094263931619935e-05
1041,prediction,-0.0005353834,0.0025951976,-0.000535383413080126,0.016331116,0.03011618,0.01633111573755741,-0.00019048981,-0.0018391771,-0.0001904898090288043
1042,prediction,-0.00080584246,0.0020000706,-0.0008058424573391676,0.02657018,0.044143654,0.02657018043100834,-0.00029164733,-0.0018350575,-0.00029164733132347465
1043,prediction,-0.00026503013,0.0024873058,-0.00026503013214096427,0.037385024,0.05492232,0.03738502413034439,-0.00025563117,-0.0013546908,-0.00025563116651028395
1044,prediction,5.4556367e-05,-0.0007736698,5.455636710394174e-05,0.05006919,0.06574998,0.05006919056177139,-4.0035244e-05,-0.002570371,-4.003524372819811e-05
1045,prediction,-0.00027332886,-0.002561007,-0.00027332885656505823,0.061366893,0.07858572,0.06136689335107803,0.00071765936,-0.0033742883,0.0007176593644544482
1046,prediction,-0.00085371756,-0.0019656036,-0.0008537175599485636,0.070860185,0.091118135,0.07086018472909927,0.00061467354,-0.0023079372,0.0006146735395304859
1047,prediction,0.00045109473,-0.003218157,0.00045109473285265267,0.08150736,0.10270218,0.0815073624253273,-1.18579665e-05,-0.0021672088,-1.1857966455863789e-05
1048,prediction,0.00049480406,-0.003537494,0.0004948040586896241,0.09425024,0.11536256,0.09425023943185806,0.00043960835,-0.0030452437,0.00043960835319012403
1049,prediction,-0.0007289481,-0.0046447725,-0.0007289481000043452,0.106221,0.12724052,0.10622099786996841,0.0006770092,-0.0030487871,0.0006770091713406146
1050,prediction,-0.0003015626,-0.004201786,-0.0003015625989064574,0.11620764,0.13863651,0.11620763689279556,0.0005424648,-0.0026869364,0.0005424647824838758
1051,prediction,0.00022359518,-0.0051711136,0.00022359518334269524,0.12737869,0.15193252,0.1273786872625351,0.00042989873,-0.0033339898,0.00042989873327314854
1052,prediction,8.497113e-06,-0.0055509545,8.497113412886392e-06,0.13919435,0.16676693,0.13919435441493988,0.00018626614,-0.0032735434,0.00018626614473760128
1053,prediction,0.00026682892,-0.0010919719,0.00026682892348617315,0.14987968,0.17767905,0.14987967908382416,0.00037489584,-0.0017689718,0.00037489584065042436
1054,prediction,0.0005300556,-0.0013540032,0.0005300556076690555,0.16169445,0.18907945,0.1616944521665573,0.0010099637,-0.001677809,0.0010099636856466532
1055,prediction,-0.0003792139,-0.0025436128,-0.00037921388866379857,0.17308067,0.20369516,0.1730806678533554,0.00095762755,-0.0015750009,0.000957627547904849
1056,prediction,-0.00026160234,-0.00064924563,-0.0002616023411974311,0.18404089,0.21368389,0.1840408891439438,0.000510946,-0.00088997954,0.0005109459743835032
1057,prediction,0.00056543393,0.0010517432,0.0005654339329339564,0.19541608,0.22718804,0.19541607797145844,0.00021664405,-0.0015282534,0.00021664405358023942
1058,prediction,0.00074766314,0.00157539,0.000747663143556565,0.20532261,0.23838012,0.20532260835170746,0.00021170454,-0.0016611768,0.00021170453692320734
1059,prediction,0.00039920182,0.00069537933,0.00039920181734487414,0.2159714,0.24539195,0.21597139537334442,0.0005274284,-0.00026974682,0.0005274284048937261
1060,prediction,0.00019497007,0.001461325,0.00019497006724122912,0.2271993,0.2591031,0.22719930112361908,0.0003122043,0.00029920417,0.0003122042980976403
1061,prediction,0.00048457633,0.00060156663,0.0004845763323828578,0.23742001,0.26719454,0.2374200075864792,-0.000116130184,-0.00073325145,-0.00011613018432399258
1062,prediction,-3.3481516e-05,-0.0020485385,-3.348151585669257e-05,0.24742042,0.27486816,0.24742041528224945,0.00014070752,-0.0016320895,0.00014070751785766333
1063,prediction,-0.00010719173,-0.0026323139,-0.00010719172860262915,0.25606486,0.2854266,0.25606486201286316,0.00045786108,-0.0014488461,0.0004578610823955387
1064,prediction,0.00095304614,-0.0018036175,0.0009530461393296719,0.26559338,0.29294962,0.26559337973594666,0.00025578818,-0.0003865641,0.000255788181675598
1065,prediction,0.00020489718,-0.002638225,0.00020489718008320779,0.27515283,0.3026098,0.2751528322696686,7.203677e-05,0.00053002546,7.203676796052605e-05
1066,prediction,-9.1719434e-05,-0.005832845,-9.171943383989856e-05,0.2837548,0.30835524,0.28375479578971863,0.00014737864,-0.0004673304,0.00014737863966729492
1067,prediction,0.0001263684,-0.0063685235,0.0001263683952856809,0.29332253,0.3177866,0.29332253336906433,-0.0003683382,-0.0018532521,-0.0003683381946757436
1068,prediction,-0.00030535486,-0.006577353,-0.0003053548571188003,0.30066934,0.3278632,0.3006693422794342,-0.0005978886,-0.0012676296,-0.0005978886038064957
1069,prediction,0.0011275226,-0.0066194413,0.001127522555179894,0.3080129,0.33026394,0.3080129027366638,0.00023397016,-0.0010644875,0.00023397016047965735
1070,prediction,0.0013603898,-0.0051055737,0.0013603897532448173,0.31704748,0.33968782,0.31704747676849365,0.0006770311,-0.0020948085,0.0006770311156287789
1071,prediction,-6.0095037e-05,-0.0064470964,-6.0095037042628974e-05,0.32425365,0.34971341,0.324253648519516,0.0002532088,-0.001506422,0.0002532087964937091
1072,prediction,9.807059e-05,-0.006495819,9.807058813748881e-05,0.33179653,0.35401067,0.3317965269088745,0.0003177545,0.0002471155,0.00031775448587723076
1073,prediction,0.0009505376,-0.004746815,0.0009505376219749451,0.33900267,0.3598612,0.33900266885757446,0.0006419212,7.5614116e-05,0.00064192118588835
1074,prediction,0.0007929156,-0.0031888904,0.0007929155835881829,0.34496924,0.3675375,0.344969242811203,-5.165691e-05,-0.0012478641,-5.1656908908626065e-05
1075,prediction,0.0005220261,-0.0018755753,0.0005220260936766863,0.3511086,0.37438053,0.3511086106300354,-0.00016143468,-0.0013887567,-0.00016143468383233994
1076,prediction,0.00033217078,-0.0023868761,0.00033217077725566924,0.3565484,0.37796873,0.35654839873313904,0.0010121572,-0.0016026702,0.0010121571831405163
1077,prediction,0.00011886625,-0.0009084151,0.00011886624997714534,0.36241162,0.38461643,0.36241161823272705,0.0008976174,-0.00063164224,0.0008976174285635352
1078,prediction,0.00013705554,-0.00057757774,0.00013705554010812193,0.3675391,0.3908612,0.36753910779953003,4.081175e-06,0.00078755204,4.08117512051831e-06
1079,prediction,-0.0004236433,-0.0010086789,-0.0004236433014739305,0.3712617,0.39334753,0.37126168608665466,0.0002830744,0.0002342046,0.00028307439060881734
1080,prediction,-0.00010616774,0.00024275834,-0.00010616773943183944,0.37434715,0.3977084,0.37434715032577515,0.0006643605,-0.0007307077,0.0006643604720011353
1081,prediction,0.000705515,0.00048238647,0.0007055149762891233,0.37744778,0.40285072,0.37744778394699097,0.00018847834,-1.06746975e-05,0.00018847834144253284
1082,prediction,-0.000517196,-0.0014030251,-0.0005171960219740868,0.38059595,0.40639284,0.38059595227241516,0.00021489011,0.00013032136,0.00021489011123776436
1083,prediction,-0.00048381177,-0.0017310468,-0.0004838117747567594,0.38266733,0.40938744,0.38266733288764954,0.00061289326,-0.00061567494,0.0006128932582214475
1084,prediction,0.00011082817,0.00092936103,0.00011082817218266428,0.38489467,0.41225615,0.3848946690559387,0.00026277182,7.928692e-05,0.000262771820416674
1085,prediction,0.00041143672,-0.0007010971,0.0004114367184229195,0.38557354,0.41343993,0.38557353615760803,-0.00020276649,-3.4521192e-05,-0.0002027664886554703
1086,prediction,0.0010023054,-0.001417489,0.00100230542011559,0.38547057,0.41576537,0.38547056913375854,8.6834305e-05,-0.0013831569,8.68343049660325e-05
1087,prediction,0.00074116176,0.0011072366,0.0007411617552861571,0.38742208,0.41863936,0.3874220848083496,3.6833026e-05,-0.000622925,3.683302566059865e-05
1088,prediction,0.0009538841,-0.000112642214,0.0009538840968161821,0.3869588,0.4181714,0.3869588077068329,-0.00034743204,0.00088879996,-0.00034743204014375806
1089,prediction,0.0007642662,0.0011994139,0.0007642661803402007,0.38594562,0.41671976,0.3859456181526184,-0.000118532545,0.0004603279,-0.00011853254545712844
1090,prediction,0.0007971871,0.0023788814,0.0007971870945766568,0.38658592,0.41657326,0.38658592104911804,0.00030535218,-0.00019744267,0.00030535217956639826
1091,prediction,0.0016004933,0.0009444795,0.0016004933277145028,0.38510272,0.4177706,0.3851027190685272,0.0004471104,0.00097077055,0.00044711038935929537
1092,prediction,0.0007960338,0.001969869,0.0007960338261909783,0.38288748,0.41394877,0.38288748264312744,-0.00016911465,0.0012048043,-0.00016911464626900852
1093,prediction,0.0013138648,0.001908708,0.00131386483553797,0.3810221,0.41022116,0.3810220956802368,-0.00026570776,-0.00017655376,-0.0002657077566254884
1094,prediction,0.00096315955,0.0014142036,0.0009631595457904041,0.3791326,0.41157427,0.37913259863853455,-9.9689656e-05,-0.00010979163,-9.968965605366975e-05
1095,prediction,-0.00034783973,0.0019327545,-0.000347839726600796,0.37692863,0.4069589,0.3769286274909973,-0.00014081976,0.00023468431,-0.00014081975677981973
1096,prediction,0.0002868748,0.00070547976,0.0002868747978936881,0.3729103,0.4033396,0.3729102909564972,1.8931121e-05,-0.0004509264,1.893112130346708e-05
1097,prediction,-0.00017221514,-0.000918353,-0.00017221513553522527,0.36862695,0.40378952,0.3686269521713257,0.00019189085,0.00038360778,0.00019189085287507623
1098,prediction,-0.000109825945,-0.0009042641,-0.00010982594540109858,0.36437187,0.39886743,0.3643718659877777,-0.00017338016,0.0017414833,-0.00017338016186840832
1099,prediction,-0.00016284133,-0.0006988104,-0.0001628413301659748,0.35972795,0.39494616,0.3597279489040375,-0.0004001457,0.00076550094,-0.00040014571277424693
1100,prediction,-0.0018007337,-0.0014642556,-0.0018007337348535657,0.35547775,0.3940989,0.3554777503013611,-3.738228e-05,3.8215708e-06,-3.738228042493574e-05
1101,prediction,-0.0015581332,-0.0034015717,-0.0015581331681460142,0.34963638,0.39088133,0.34963637590408325,0.00015789182,0.000698334,0.00015789181634318084
1102,prediction,-0.00017946493,-0.0034131028,-0.0001794649288058281,0.34244633,0.38668406,0.34244632720947266,-1.2812193e-05,0.00011066768,-1.2812192835554015e-05
1103,prediction,-0.00026520152,-0.00077274407,-0.000265201524598524,0.33648768,0.38449818,0.33648768067359924,0.00020599632,-0.00037571744,0.0002059963153442368
1104,prediction,-0.0010679001,-0.0022376375,-0.0010679000988602638,0.3302529,0.38005206,0.33025288581848145,-0.00015578134,0.00073761126,-0.00015578133752569556
1105,prediction,-0.00042585982,-0.0025811738,-0.00042585982009768486,0.3229827,0.37344256,0.32298269867897034,-0.0005059963,0.0019686166,-0.0005059962859377265
1106,prediction,-0.00015194918,-0.0009509442,-0.00015194917796179652,0.3163408,0.3702591,0.3163408041000366,7.704193e-05,0.0019397369,7.704192830715328e-05
1107,prediction,0.00023813473,-0.0024829458,0.00023813472944311798,0.30896273,0.36670062,0.30896273255348206,0.00041850936,0.0019258773,0.0004185093566775322
1108,prediction,0.0010594969,-0.0009591098,0.0010594968916848302,0.30045125,0.35789645,0.30045124888420105,0.00024610123,0.002545871,0.0002461012336425483
1109,prediction,0.0007299998,0.00033714453,0.0007299997960217297,0.29274598,0.34885862,0.292745977640152,0.0003274671,0.00252876,0.0003274671034887433
1110,prediction,0.0009088076,-0.0018326498,0.0009088076185435057,0.28562713,0.34458467,0.2856271266937256,7.221909e-05,0.0022019455,7.221908890642226e-05
1111,prediction,0.0013138414,-0.0027742477,0.0013138414360582829,0.27788618,0.3373883,0.27788618206977844,-0.00048780252,0.0017897566,-0.0004878025210928172
1112,prediction,0.00049514126,-0.00097687,0.0004951412556692958,0.26949665,0.32677385,0.2694966495037079,-0.00034059526,0.0018103006,-0.00034059525933116674
1113,prediction,0.0010357811,-0.00037118007,0.0010357811115682125,0.26029447,0.31980604,0.26029446721076965,2.793709e-05,0.0026921865,2.7937090635532513e-05
1114,prediction,0.0015955443,-0.0033358387,0.0015955442795529962,0.2518787,0.31053466,0.2518787086009979,9.486586e-05,0.0026925295,9.486586350249127e-05
1115,prediction,0.0013824793,-0.0016633249,0.0013824793277308345,0.24442194,0.301497,0.24442194402217865,8.386924e-06,0.0023610897,8.386923582293093e-06
1116,prediction,0.0005923739,-0.00049642957,0.0005923738935962319,0.23580258,0.2935458,0.2358025759458542,-8.7426895e-05,0.002929643,-8.742689533391967e-05
1117,prediction,-3.376527e-05,-0.0029240074,-3.376527092768811e-05,0.22639684,0.28267804,0.226396843791008,-0.00044853566,0.0024731732,-0.00044853566214442253
1118,prediction,0.00057321496,0.000112170645,0.000573214958421886,0.21714197,0.2755576,0.21714197099208832,-0.00012241477,0.0012125598,-0.00012241477088537067
1119,prediction,0.0006478742,0.0011091672,0.0006478741997852921,0.20843504,0.26560876,0.2084350436925888,0.00045747808,0.0010572749,0.00045747807598672807
1120,prediction,-0.0001427703,0.00028012105,-0.00014277029549703002,0.19995235,0.25367805,0.19995234906673431,0.00018382561,0.0025453742,0.00018382561393082142
1121,prediction,8.76564e-05,0.0017124148,8.765640086494386e-05,0.19050728,0.24534713,0.19050727784633636,-0.00047254385,0.0024097392,-0.000472543848445639
1122,prediction,-0.00018297222,0.002500539,-0.00018297221686225384,0.18123756,0.23541145,0.18123756349086761,-0.0007556462,0.00047225237,-0.0007556462078355253
1123,prediction,-0.00053426623,0.0024778345,-0.0005342662334442139,0.17195456,0.2249388,0.17195455729961395,-0.00023031495,4.9434635e-05,-0.00023031495220493525
1124,prediction,0.00017164288,0.0028922558,0.00017164288146886975,0.16212158,0.21277343,0.16212157905101776,0.00034516456,0.0006488562,0.00034516456071287394
1125,prediction,-3.487642e-05,0.0041084886,-3.487641879473813e-05,0.1530345,0.20092426,0.1530344933271408,0.0002933466,0.0002039963,0.0002933465875685215
1126,prediction,-0.00043870654,0.0016518463,-0.0004387065418995917,0.14378898,0.19147365,0.14378897845745087,-0.00019232869,-0.00061924773,-0.00019232869090046734
1127,prediction,0.000410113,0.00022648532,0.0004101129889022559,0.13418762,0.17940925,0.13418762385845184,-0.0007398855,-0.00092404743,-0.0007398854941129684
1128,prediction,-7.109932e-05,0.002076225,-7.109931902959943e-05,0.12462554,0.1664332,0.1246255412697792,-0.00075798715,-0.0015175866,-0.0007579871453344822
1129,prediction,-0.0012173374,0.0005754892,-0.0012173374416306615,0.114650585,0.15443169,0.11465058475732803,-0.00051491667,-0.0027555053,-0.0005149166681803763
1130,prediction,-5.8407666e-05,-0.0006631994,-5.840766607434489e-05,0.10485492,0.14358889,0.10485491901636124,-0.00038994075,-0.0022233047,-0.0003899407456628978
1131,prediction,0.00053291954,-0.002372885,0.0005329195410013199,0.095544316,0.13050424,0.09554431587457657,-0.00046242704,-0.0025313136,-0.00046242703683674335
1132,prediction,-0.00030735004,-0.0026824959,-0.0003073500411119312,0.0860369,0.11767415,0.08603689819574356,-0.00041424847,-0.004086283,-0.000414248468587175
1133,prediction,-0.00049705774,-0.0014424309,-0.0004970577429048717,0.07586358,0.10541806,0.07586357742547989,-0.00055789493,-0.0045588617,-0.000557894934900105
1134,prediction,-0.00022955377,-0.0012426253,-0.00022955377062316984,0.06594936,0.09230951,0.06594935804605484,-0.000593636,-0.0035812284,-0.0005936360103078187
1135,prediction,-0.0009458886,-0.0023150844,-0.0009458885760977864,0.056197084,0.08068619,0.05619708448648453,-0.00034517332,-0.0032410964,-0.0003451733209658414
1136,prediction,-0.000722732,-0.0019226224,-0.0007227319874800742,0.04587481,0.06680647,0.045874811708927155,-0.00020804822,-0.003650525,-0.0002080482227029279
1137,prediction,0.00053586136,0.0012921331,0.0005358613561838865,0.037012257,0.05401299,0.0370122566819191,0.00017343702,-0.0039649173,0.00017343701620120555
1138,prediction,0.00033732812,0.0014099999,0.00033732812153175473,0.02689431,0.04265932,0.026894310489296913,0.00049207645,-0.004112341,0.000492076447699219
1139,prediction,-0.0006379253,0.001646351,-0.0006379252881743014,0.016138772,0.027245143,0.016138771548867226,0.0004533721,-0.0038440044,0.0004533721075858921
1140,prediction,-0.00013959034,0.0033987975,-0.00013959033822175115,0.007187345,0.016485492,0.007187345065176487,0.000613156,-0.003220706,0.0006131560076028109
1141,prediction,0.0012434362,0.0026128318,0.0012434362433850765,-0.0034708595,0.005062797,-0.0034708594903349876,0.0005354711,-0.0029876125,0.0005354710738174617
1142,prediction,0.0016030556,0.0029976855,0.0016030556289479136,-0.013738534,-0.010595164,-0.013738534413278103,0.0007257525,-0.0025559952,0.0007257524994201958
1143,prediction,0.0009018169,0.0026810844,0.0009018168784677982,-0.023219427,-0.021109065,-0.023219427093863487,0.0008197461,-0.002699473,0.0008197461138479412
1144,prediction,0.0004715385,0.0031761085,0.0004715384857263416,-0.03398814,-0.03153839,-0.033988140523433685,0.00072193786,-0.0026254654,0.0007219378603622317
1145,prediction,0.0007388288,0.00062589266,0.0007388287922367454,-0.044215225,-0.04505881,-0.04421522468328476,0.0007724112,-0.0020442589,0.0007724111783318222
1146,prediction,0.00069710996,-0.0030715219,0.0006971099646762013,-0.054940067,-0.05711981,-0.05494006723165512,0.000742499,-0.0018477654,0.0007424990180879831
1147,prediction,0.00086620194,-0.0015843343,0.0008662019390612841,-0.066107176,-0.06829598,-0.06610717624425888,0.0002650254,-0.0018394771,0.0002650253882165998
1148,prediction,0.0008425046,-0.0035007813,0.000842504610773176,-0.07632699,-0.08010783,-0.07632698863744736,-0.00020940363,-0.0023218065,-0.00020940363174304366
1149,prediction,-0.00055311294,-0.005644086,-0.00055311294272542,-0.08666404,-0.09067001,-0.08666404336690903,-0.00044943512,-0.0023923926,-0.0004494351160246879
1150,prediction,-0.0003035544,-0.006479697,-0.00030355440685525537,-0.09780016,-0.10247805,-0.09780015796422958,-0.00017971618,-0.0019285247,-0.00017971618217416108
1151,prediction,0.00048449938,-0.0060341535,0.0004844993818551302,-0.109178565,-0.11643591,-0.1091785654425621,6.736926e-05,-0.001273137,6.736926297890022e-05
1152,prediction,-0.001015732,-0.0046864673,-0.001015731948427856,-0.11978426,-0.12541594,-0.11978425830602646,-0.0005113976,-0.00080044445,-0.0005113976076245308
1153,prediction,-0.0012338259,-0.0074545406,-0.0012338259257376194,-0.13054146,-0.1366371,-0.13054145872592926,-0.0007199716,-0.001167735,-0.0007199716055765748
1154,prediction,-0.0003662244,-0.0035858308,-0.00036622441257350147,-0.14125158,-0.15180911,-0.1412515789270401,-0.00037378163,0.000120092795,-0.00037378162960521877
1155,prediction,-0.0012427035,-0.000706659,-0.0012427035253494978,-0.15159632,-0.16197605,-0.1515963226556778,-0.0008435235,0.00048173984,-0.0008435234776698053
1156,prediction,-0.0017742229,-0.0028680176,-0.0017742229392752051,-0.16242327,-0.17279394,-0.1624232679605484,-0.0012272454,-0.00070573046,-0.00122724543325603
1157,prediction,-0.0009490848,-0.00028527543,-0.0009490848169662058,-0.17359944,-0.18534411,-0.17359943687915802,-0.00037613287,0.0001290317,-0.00037613286986015737
1158,prediction,-0.0009714291,0.0021067958,-0.0009714291081763804,-0.1842282,-0.19640572,-0.18422819674015045,-5.492485e-05,0.00087407936,-5.4924850701354444e-05
1159,prediction,-0.0007682667,0.0037165238,-0.0007682666764594615,-0.19399627,-0.20763947,-0.19399626553058624,-0.00092257466,0.00034238663,-0.0009225746616721153
1160,prediction,-0.00013260379,0.002217001,-0.0001326037890976295,-0.20446183,-0.2184983,-0.20446182787418365,-0.0009756359,-7.900962e-05,-0.0009756358922459185
1161,prediction,-0.00010590144,0.0016343275,-0.00010590143938316032,-0.21552296,-0.22859152,-0.21552295982837677,0.00021006186,0.00015840131,0.00021006185852456838
1162,prediction,-0.00012379624,0.0029803873,-0.00012379624240566045,-0.226083,-0.23758967,-0.22608299553394318,0.00025594948,-0.00022920301,0.00025594947510398924
1163,prediction,0.0006556367,0.0013026687,0.0006556367152370512,-0.23591883,-0.24810262,-0.2359188348054886,-0.0003741915,-0.00056256837,-0.00037419149884954095
1164,prediction,0.0007837593,0.0006294287,0.0007837592856958508,-0.24604948,-0.25850233,-0.24604947865009308,0.0003695272,6.0809263e-05,0.000369527202565223
1165,prediction,0.00027173152,-0.002159496,0.00027173152193427086,-0.2572957,-0.26636097,-0.257295697927475,0.0002052796,-0.0010991779,0.00020527960441540927
1166,prediction,0.001099376,-0.0029425975,0.0010993760079145432,-0.26709124,-0.2748755,-0.2670912444591522,-0.00064899237,-0.002460404,-0.0006489923689514399
1167,prediction,0.0011515052,-0.0019057861,0.001151505159214139,-0.27652678,-0.2834576,-0.2765267789363861,-0.00013155272,-0.0019213844,-0.00013155271881259978
1168,prediction,0.0006971704,-0.0047403644,0.0006971703842282295,-0.28646335,-0.29388687,-0.28646335005760193,0.00019161728,-0.002114618,0.00019161727686878294
1169,prediction,0.0007595244,-0.0042953677,0.0007595244096592069,-0.29579422,-0.30297503,-0.29579421877861023,6.156121e-06,-0.0022006663,6.156120889500016e-06
1170,prediction,0.0002558004,-0.0041891024,0.00025580040528438985,-0.3059667,-0.30961582,-0.30596670508384705,0.00047885746,-0.0016463308,0.0004788574588019401
1171,prediction,0.0003843471,-0.004431823,0.00038434710586443543,-0.31474933,-0.3187594,-0.3147493302822113,0.0007821848,-0.0013336547,0.0007821848266758025
1172,prediction,0.0007178976,-0.0024761101,0.000717897608410567,-0.32225332,-0.3276907,-0.3222533166408539,2.6053378e-05,-0.0018708829,2.6053377951029688e-05
1173,prediction,-0.001153557,-0.001349266,-0.0011535569792613387,-0.32982168,-0.3357477,-0.3298216760158539,-0.0005671511,-0.0022021316,-0.0005671511171385646
1174,prediction,-0.001343478,0.0001665268,-0.0013434779830276966,-0.3383182,-0.3434095,-0.33831819891929626,-6.030169e-05,-0.001702339,-6.030168879078701e-05
1175,prediction,-0.0003217444,0.0005183816,-0.0003217443882022053,-0.34655198,-0.3498653,-0.3465519845485687,0.00042662723,-0.00078871456,0.000426627229899168
1176,prediction,-0.0008032649,0.00041841532,-0.0008032649056985974,-0.351595,-0.3560966,-0.351595014333725,0.0006912277,-0.00027738535,0.0006912276730872691
1177,prediction,-0.0007583899,0.0037468548,-0.0007583898841403425,-0.35816166,-0.36136135,-0.35816165804862976,0.00071552297,-0.000538857,0.0007155229686759412
1178,prediction,-0.0009244546,0.0046776864,-0.0009244545944966376,-0.3639103,-0.36847076,-0.3639102876186371,-7.102607e-05,-0.00096543104,-7.102607196429744e-05
1179,prediction,-0.00058755284,0.0019242462,-0.000587552844081074,-0.3686355,-0.373082,-0.36863550543785095,0.00017223472,-0.00081130967,0.00017223472241312265
1180,prediction,-6.422333e-05,0.002970373,-6.422332808142528e-05,-0.3752912,-0.37490115,-0.37529119849205017,0.00062935206,-0.00027355843,0.0006293520564213395
1181,prediction,-0.0005041073,0.0031157036,-0.0005041072727181017,-0.37889394,-0.37871203,-0.3788939416408539,0.00012819293,6.456504e-05,0.00012819292896892875
1182,prediction,0.0010833767,0.0014372232,0.001083376700989902,-0.38337454,-0.38235387,-0.38337454199790955,-0.00050790043,0.00034564934,-0.0005079004331491888
1183,prediction,0.00037904776,0.0016881296,0.00037904776399955153,-0.38715383,-0.38730785,-0.38715383410453796,-0.000436045,0.00025451655,-0.0004360449966043234
1184,prediction,-0.00050265115,-0.0002611628,-0.0005026511498726904,-0.3893126,-0.38935837,-0.38931259512901306,-0.0002620075,-0.00010734086,-0.0002620074956212193
1185,prediction,0.00087694754,-0.000989284,0.0008769475389271975,-0.39396235,-0.38967845,-0.3939623534679413,1.6213953e-05,0.00022719766,1.6213953131227754e-05
1186,prediction,0.00030559977,-0.0022975567,0.0003055997658520937,-0.3964139,-0.39346048,-0.3964138925075531,-7.115361e-05,-0.00029143528,-7.115361222531646e-05
1187,prediction,0.000731871,-0.0022569823,0.0007318709976971149,-0.39807186,-0.39644238,-0.39807185530662537,-0.00047929934,-0.0004932,-0.00047929934225976467
1188,prediction,0.0005529373,-0.00059865514,0.0005529372720047832,-0.3989416,-0.39961037,-0.39894160628318787,-0.0011586761,0.0010213043,-0.0011586761102080345
1189,prediction,-0.0013128406,-0.004791385,-0.0013128406135365367,-0.3998507,-0.40081415,-0.3998506963253021,-0.0010321325,0.0006685349,-0.0010321325389668345
1190,prediction,-1.2850119e-05,-0.0028656651,-1.2850118764617946e-05,-0.40181503,-0.40165552,-0.4018150269985199,-0.00030950108,0.00018698056,-0.00030950107611715794
1191,prediction,-0.0003447948,-0.0010674887,-0.00034479479654692113,-0.40033767,-0.4046019,-0.40033766627311707,-3.77843e-05,0.0010301364,-3.778429891099222e-05
1192,prediction,-0.0013042862,-0.0045279167,-0.0013042861828580499,-0.3996161,-0.4038112,-0.3996160924434662,-0.00017367618,0.0010332317,-0.00017367617692798376
1193,prediction,-0.0006114696,-0.0007209845,-0.0006114696152508259,-0.39873907,-0.40517518,-0.3987390697002411,-0.00010430569,0.0009040875,-0.00010430569091113284
1194,prediction,-0.0011235926,0.00012348597,-0.0011235926067456603,-0.39663932,-0.40668902,-0.39663931727409363,3.105187e-05,0.0009765934,3.1051869882503524e-05
1195,prediction,-0.0010216184,-0.0026923844,-0.001021618372760713,-0.3948531,-0.40335938,-0.3948530852794647,-0.00041362425,0.0006343483,-0.000413624249631539
1196,prediction,-0.00067817315,-0.0014368062,-0.0006781731499359012,-0.39206645,-0.402737,-0.39206644892692566,-0.00014438188,0.0003614226,-0.00014438187645282596
1197,prediction,-0.0008209431,-0.00033127854,-0.0008209430961869657,-0.3890079,-0.403334,-0.38900789618492126,0.0005649559,0.00016254972,0.0005649558734148741
1198,prediction,4.7848112e-05,0.0011291751,4.784811244462617e-05,-0.3848692,-0.39941606,-0.38486918807029724,0.0007147863,0.0013051138,0.0007147862925194204
