1.000000000000000000e+00,-5.690123509380401456e-01,3.344004861883075330e-01,2.757603836217510929e-01,1.685333626783173666e-01,6.978560452195230190e-02,2.811545642259363764e-01,-1.805719466435698750e-01,-4.216215538185522638e-01,-1.000000000000000000e+00,-1.000000000000000000e+00,-6.045708102569204989e-01,-2.615132685189540118e-01,8.674621809933311667e-01,-2.442662802981783177e-01,3.355603571122261486e-01,-4.118468870834671725e-01,-6.991181833603142826e-01,-5.755654309879807418e-01,-2.807478721512655651e-01,1.590240071806010014e-01,-1.254877684406277283e-01,5.965111592006213659e-01,-5.182481513309203924e-01,1.369760151946542714e-01,-6.355622413257255854e-01,-4.719993346646930155e-01,3.022466382093855763e-01,1.714663728569367218e-01,-6.144457740348393537e-01,-4.508093407949021469e-01,-7.501615187153867215e-01,3.569723726665551267e-01,4.013483628596363206e-01,8.710659683800511255e-01,8.343460512494825787e-01,4.440423158505316104e-01,-6.247834652660445576e-01,7.280547652596042196e-01,2.221668940320079000e-01,-3.365628722842667897e-01,-8.515887067782911268e-01,1.994320746743159008e-03,2.844605866755620660e-01,2.523115237264763125e-02,-4.546707156660969584e-01,-1.000000000000000000e+00,7.223260963755495645e-01,-2.778606872500993252e-01,-6.709825092859020845e-01,6.285971940049145390e-01,-5.065185787799415529e-01,-4.130373388041464477e-01,8.046045414341747026e-01,8.311614523635861562e-02,-7.453661467225834725e-02,-5.909257444752658017e-01,-6.833534539381848072e-01,-5.908929140601852648e-02,3.123984284317280480e-01,-6.174457489239064678e-01,2.340673498279232934e-01,-2.350388810553300789e-01,1.573732534233965655e-02,1.890081561288503229e-02,9.147007021032720342e-01,-1.837901227900126944e-01,5.645839617807535404e-01,4.668410581141055338e-01,1.000000000000000000e+00,-4.544082970505595176e-01,-3.176633025819069478e-01,-4.517689252895270430e-02,4.936387979820124894e-01,-9.184363021706672958e-01,-1.523816825380657769e-01,7.855025353547878675e-01,1.717435481207151560e-01,6.627334606710992837e-01,-7.603027240277003829e-01,-1.000000000000000000e+00,4.436192944952644934e-01,-1.512174877277252250e-01,-5.196911456690725961e-01,1.863389917076690439e-01,4.007130119621781783e-01,1.138361867061977173e-01,4.803016436913359888e-02,2.007088020016316310e-01,3.249300747898538066e-01,-4.692657029008479586e-01,-5.798107939005890943e-01,-6.564848674069906354e-01,-1.697081700047362030e-01,5.253950071314266168e-01,-6.983010228716647338e-01,-2.580282400544104959e-01,-3.310794673599486426e-01,-5.372955869879751933e-01,-5.062117683470794549e-02
0.000000000000000000e+00,1.000000000000000000e+00,-1.445126510659472119e-01,1.374701895774540772e-01,-2.524139141307437176e-02,-5.373126196825308426e-02,8.844124307015531483e-02,3.533247126715273467e-02,1.679866354897717184e-01,4.440481795297824413e-02,-9.345923950700819882e-02,2.537155158158843071e-01,-2.058784651797034293e-01,4.154528733839159792e-03,4.919791176967178714e-01,1.697052383143589083e-01,2.497804922097552893e-01,8.053187372023895563e-02,-1.352353004920743840e-01,-7.431387709999723312e-02,-1.515009935350921655e-01,-2.199179447770065882e-02,-4.616614414793051430e-02,6.715261363111227344e-02,3.999672707384186940e-03,1.412578937045887995e-01,2.795082171288659767e-01,3.245590529063384633e-01,-1.867805533686307251e-01,-2.003809550094320657e-01,-2.019846450064448906e-01,-1.402792710101027629e-01,-1.164251510009000623e-01,-6.477902815506550449e-02,2.936160686761486449e-01,1.194235620143181686e-01,9.506549151661876362e-02,1.556793874640627628e-01,8.734321284333602942e-02,9.606862322795238496e-02,-4.367006584629305466e-01,1.370993038396920993e-01,-1.403245050173160258e-01,1.796225011960545792e-01,1.301157349608008940e-01,-1.188907695932798769e-01,1.448242888917677662e-01,-9.728946234698415685e-03,4.488618036418046131e-02,-1.981972626282198502e-01,1.751622523188056946e-01,-1.600150494098104836e-01,-1.711032825379561473e-01,-7.650868980274470876e-02,3.853848352005954936e-02,-5.868605286400200433e-02,-2.888871805218143907e-01,7.708237886129355732e-02,3.355147737224826177e-01,-4.624254236829811356e-03,2.569356178848258496e-02,2.486247328953963831e-01,6.671882887177023325e-02,1.445147889212491099e-01,4.887979137815939845e-01,2.189561907092107615e-02,-2.416893031995565877e-01,9.385049979979843277e-03,1.604311656898145810e-01,2.002126081527407508e-01,-3.325360946124236161e-01,1.806327463898679264e-01,-2.874047791079561986e-01,1.763105574586115998e-01,1.118020635330532198e-01,3.273109173765349766e-02,-1.892295868728521846e-01,3.236988187016879431e-02,2.400122660704241684e-02,4.790793739129783207e-02,-5.003686184590457053e-02,-1.902454867010835993e-01,1.363610376270063262e-01,1.405990844602154899e-01,2.031812806863222687e-01,2.509860182759089953e-01,-1.775536087115777220e-02,7.564295475481912223e-02,-2.590748895355682868e-01,-3.745302093502556606e-01,1.185445187061511113e-01,2.080122107604827630e-01,-3.344480325164832513e-01,3.303780529301392210e-02,3.700126183706261562e-01,-1.408583490731040722e-01,2.517141618914744972e-01,1.102652537087045748e-01,-1.436582959824606598e-01,2.065516278032311082e-01
0.000000000000000000e+00,0.000000000000000000e+00,1.000000000000000000e+00,2.991491013564689383e-01,6.176133626084341632e-02,-4.123160629989806175e-02,1.040487286905561887e-01,-2.083324908783541762e-01,-2.866250724397298444e-01,-4.588129183443983433e-02,-2.509345433602543918e-01,5.680508844128646234e-03,-1.131327723068899088e-01,1.131851627457522158e-01,-1.813616453651721028e-01,-9.709660531313395182e-02,-2.610993562794331480e-01,-6.879145867278951831e-02,-2.166610010154060018e-01,-1.534478523802995098e-01,-1.891443938435094854e-02,-6.543121899596361646e-02,-2.016318634907729446e-01,-2.169817114548968848e-02,-1.781156495317816613e-01,-1.807120056096092262e-02,-2.763853378604979975e-03,1.517199726743335142e-01,1.134900226619672409e-01,4.537802278160758818e-02,-1.507491606188727518e-01,-1.858662604405682539e-01,-1.246960136603536551e-01,-2.077253894076334928e-01,-1.784205471155750344e-01,2.703314876548654558e-02,5.637308433832875776e-02,-2.019801995700095387e-01,-2.086487093747317889e-01,-6.612038378468904076e-02,1.268874890806918065e-01,1.015684799970760221e-01,7.001680764138691615e-02,-8.921280922572922753e-03,-1.659131785353896160e-01,-5.712779847434174690e-02,8.360724094631509506e-02,1.082810499459792991e-01,1.172941997391025171e-01,-9.968763009510756001e-02,-8.716373593008661103e-02,-5.334597621202675360e-02,8.220942395476432685e-02,9.090767345505038066e-02,2.454615098390748595e-02,7.833335879674334368e-02,1.744565646551688443e-01,7.111502732442363806e-02,1.101792175468877255e-01,-5.770806232022441390e-02,4.405980654264822494e-02,-1.609887891444697523e-03,-1.286042494673078629e-01,-8.637966476408491523e-02,2.055901422029157155e-01,6.685880877647079092e-03,2.879049297066135771e-01,-1.183460391185971600e-01,2.004432071313631547e-01,9.188337914513354521e-02,1.908832381748897522e-01,-2.646376802122884023e-02,-1.513007631781075786e-02,-1.737253973093962345e-01,-2.330601449822347279e-02,3.024186023634727050e-02,1.093472634659832937e-01,7.910064717139571322e-02,1.193902926624515193e-01,1.164210647078526145e-01,7.648420499386934801e-02,-5.553724087188504493e-02,7.271702552545894482e-02,-1.368369107485040981e-01,8.985776298212386215e-03,-6.929716105010849669e-02,2.679203782075320617e-01,-1.268070582529785273e-01,-1.118165125674453475e-01,-5.894768490633405661e-02,-3.168064245398583556e-01,-3.014570159860494591e-01,-2.535333742960236281e-01,-1.189639577866867387e-01,1.305257117569007426e-02,3.407592898285479593e-02,-2.623786985073111033e-01,1.817315932216003460e-01,-1.578103938392465821e-01,3.031295460399097697e-01
0.000000000000000000e+00,0.000000000000000000e+00,0.000000000000000000e+00,1.000000000000000000e+00,-8.695290813800468643e-02,1.632671006705721170e-02,2.544860341783029140e-02,-2.231655450687940190e-01,-5.666096646229039357e-02,-1.404430015569840817e-01,-2.558286430854015414e-01,1.004079491582264144e-01,-1.594653160286780003e-01,8.364893442967830106e-02,-5.612558854737000058e-02,-7.669819848364017867e-02,-3.458650904473290488e-01,-6.243000442414586154e-02,-3.081876496972433821e-01,-2.837228701920507246e-01,-6.330400970840953379e-02,-3.761191922185341263e-01,-3.609781482268055175e-01,-8.389422506360787180e-02,-1.623777666284767773e-01,-1.806806380124268974e-01,-7.928680520894511308e-02,2.680108482896602085e-01,8.564957563295648446e-02,-7.344222502440259093e-02,4.382517268761847856e-02,-9.041094298281503183e-02,-1.203912442979285374e-01,-3.511058367805838243e-01,4.286250072060521221e-02,-1.650447498448135708e-01,1.337953276037973649e-01,-1.411935116841406268e-01,-2.744522743172432833e-01,-6.900799966183762679e-02,5.968516138832580947e-02,9.410634967354480906e-02,1.196452929648578883e-01,9.032268331095653913e-02,-1.149282551085989146e-01,6.039706067851345617e-02,1.906637562322956725e-01,2.501157898396765833e-01,-1.709641755882693737e-01,-1.177541022608489946e-01,-4.279174417549991977e-02,-1.804208197989580764e-01,2.258590831934672583e-01,-8.111667247584156137e-02,-1.095932252997827705e-01,-3.813003861061860927e-02,1.931861922258052700e-01,-1.824510757516732418e-01,1.735954584353931740e-01,9.468467265361714402e-02,-2.153335153979374639e-01,-2.235894358863252385e-01,-1.049919626569414954e-01,-1.302599614202034350e-01,2.257551273510630674e-01,-3.219788392914869068e-01,1.205948273062231596e-01,9.152646230387688486e-02,9.816462065776090928e-02,-1.593211353657702223e-01,8.661643489852243957e-03,-8.230165671367120975e-03,8.447240012388174124e-02,5.553112825238094158e-02,4.560681953819274020e-02,3.579222958952778949e-02,1.940435504264965139e-01,2.035288875506252038e-01,1.933684090764263286e-01,2.140714603217794831e-01,1.584108637129317265e-01,-1.830036426175232767e-02,1.990652714707158710e-01,-1.649203508991826939e-01,1.104311022329853009e-01,6.332547970730660614e-02,3.029651000763198820e-01,-1.868203077278633439e-01,1.406615111378457517e-01,-4.735621580307148859e-01,-3.193855352780969881e-01,-1.842902907266831536e-01,-1.658312675408960823e-01,-2.410135312758588666e-01,8.319021051005927314e-02,3.810712114876425860e-02,-9.365876368029116272e-02,1.308004499662857867e-01,-3.363885328329770386e-01,1.591055254743123093e-01
0.000000000000000000e+00,0.000000000000000000e+00,0.000000000000000000e+00,0.000000000000000000e+00,1.000000000000000000e+00,1.617350931716403095e-01,1.223730769470670471e-01,-7.737369402596626367e-02,8.025774553336485762e-02,7.793595608961619015e-02,-1.969184802080873320e-01,3.231196071222128263e-02,3.334321862325487773e-01,-9.298923863618956467e-03,-1.288448634698379641e-02,-3.361471523513596266e-02,-1.233300575523903625e-01,4.355610146749508589e-03,-3.770443932361940420e-01,-1.366410114709105672e-01,-1.296143481733413594e-01,2.740484527334768328e-01,-1.776937515346121987e-02,2.032015227232372434e-01,-7.035269266379517994e-02,1.935686010663155709e-01,1.069983586340571557e-01,1.805226298339306437e-02,3.697553170689281687e-01,7.383834329705223076e-02,-2.733621076564867747e-01,-3.184073799012140937e-01,-1.502355561156546448e-01,-2.763537705691256671e-03,1.255797209060979802e-01,-1.013249041898599406e-01,1.370398597830648213e-01,3.273768120072140242e-02,5.219306669325913389e-02,-7.354900095835492646e-02,5.818689668701930440e-02,9.402938662337932685e-02,-2.575653996851494654e-01,-2.577684238197910371e-01,-1.133989524023950174e-01,-1.270500726765707022e-01,1.952570558925725563e-01,-3.717945843027611330e-01,5.828144197325996201e-01,8.207789016804809337e-03,-1.190352063126944998e-01,2.364919281147790930e-01,1.894434000448093902e-01,1.228581569274003193e-01,2.805619266630036135e-01,-1.192173274362681307e-01,-6.184247571041368713e-02,2.852958846747063459e-01,2.098164731873192745e-01,-1.248431774465572075e-01,-9.784984460158777098e-02,-2.638253256747584152e-01,-2.500422260123735252e-01,1.393792273795485814e-01,3.135890836422898786e-01,2.195570298727967939e-01,1.030498640185801562e-01,1.050933126214883828e-01,4.088294252065221568e-01,1.245157283096498396e-01,1.902047832628050439e-01,1.044737107019345912e-01,-4.680238421278248850e-01,-1.554285381297334512e-01,1.393502502456165915e-01,2.854283890467876894e-01,3.463703300450440281e-01,-9.857683577969468536e-02,1.716948861989238406e-01,-8.139944011843125438e-02,7.794971397808085622e-02,3.853995445801055020e-01,2.350571398269726553e-01,-3.316574617896296262e-01,3.176085284266236264e-01,1.009372884506198192e-02,6.111845721801413556e-02,-1.403503175825950300e-01,-2.804883413253913549e-01,-1.755942819978900324e-02,2.179631467690827940e-01,-2.099186406383276304e-01,5.219333511681511009e-03,-5.902749180442870558e-02,-1.450182473134566663e-01,-1.157591439240713838e-01,-3.322352457198647357e-01,1.699441083182866574e-01,-1.353387740563198050e-01,2.219368699909025633e-01
0.000000000000000000e+00,0.000000000000000000e+00,0.000000000000000000e+00,0.000000000000000000e+00,0.000000000000000000e+00,1.000000000000000000e+00,-5.990041850646106447e-02,3.265011340914648064e-01,5.315009701425630340e-01,-1.551259359900011570e-01,3.275866960391626836e-01,-8.297583427539004242e-02,6.264797864764538593e-01,4.897475986999820230e-01,-3.838582012613723782e-01,5.703054692127854097e-02,4.798597746722935709e-01,-3.523554159182318291e-01,-4.967737147867547498e-01,2.142407510443943841e-01,-6.072822055601474756e-02,4.174587442109734536e-01,2.230970012518971313e-01,4.602190364463921712e-01,6.209554673709631878e-01,5.507764451215284573e-01,5.478624487098182616e-01,1.942576838801832462e-01,1.309747754944865228e-01,-6.449693919548808892e-03,-5.287267486084687995e-01,-7.290346139500981926e-02,6.048908640560830136e-02,3.582954001242890651e-01,4.884947139061269761e-01,2.232462292574559914e-01,7.588836577923071536e-01,-1.550351414529338168e-01,-1.337166717581216857e-01,4.894608722603304152e-01,9.741059586939733450e-02,-9.490447940745468103e-02,-6.819013047859931453e-02,3.041397998551864101e-01,-2.139518879506082660e-01,-6.151753642451274207e-01,-1.312481320656228578e-01,-3.165005410870943559e-01,4.425775577059028014e-03,7.604334154965355363e-01,3.358096773099688015e-01,4.336941770717425704e-01,5.137181648406508039e-01,-1.167907664823793212e-01,6.699308635196947748e-01,-8.687377959133078809e-02,-2.617452815830488833e-01,1.143408718945466002e-01,5.474946759593262158e-01,-3.217507593946337674e-01,-5.544509900682762504e-01,-6.294302825171271820e-02,-1.630671981401651260e-01,5.252557161910832023e-02,4.443776504583346054e-01,2.046509986625962285e-01,-3.761088553706674609e-01,5.830874995999337784e-01,7.053957515449135185e-01,-2.836617054315222486e-01,-2.561820540581322136e-02,5.021059036007609055e-01,-3.958384326697673705e-01,5.331785658999060873e-01,6.533972991317020806e-01,1.763605455813876677e-01,8.920309363802152169e-02,-1.393627587715353666e-01,1.405972362821235333e-01,3.177285150167715733e-01,-1.908148539974975910e-01,2.917420414437633114e-01,-1.809711711908015483e-02,-3.825352312808621980e-01,2.389921288606395577e-01,5.155190216504988987e-01,2.796877520865862499e-01,8.127358435449928697e-02,1.352141327165514439e-01,2.498078529825476304e-02,3.040185158117967301e-01,3.381455399271448004e-01,1.925988832259907801e-01,4.553491667583202118e-01,-4.536438267209891850e-01,4.253908898072469857e-01,-3.832626198441323462e-01,-2.750181759556233896e-01,4.401003218161920749e-01,-3.163541240639413665e-01
0.000000000000000000e+00,0.000000000000000000e+00,0.000000000000000000e+00,0.000000000000000000e+00,0.000000000000000000e+00,0.000000000000000000e+00,1.000000000000000000e+00,-2.035474825714496672e-01,-5.993200109441326751e-01,-3.736574308941986722e-02,-1.000000000000000000e+00,1.655912818741384351e-01,-6.440225742240822671e-01,8.023271096441099148e-01,-2.415271827942186977e-01,2.650088798646386690e-01,-2.963926205798638747e-01,2.203068539808291093e-01,-8.722352508129666004e-01,-1.127529503174714426e-01,1.351815493591742301e-01,-7.106293155894366498e-02,5.505777051887383172e-03,6.609197723985212880e-01,1.492307347848308430e-01,3.373604266021096310e-01,4.358726877575468395e-01,7.080790254230057146e-01,2.457924849610629570e-01,3.796868946370324238e-01,-9.039785257765494686e-01,-5.849063241461784912e-01,4.630281938388895457e-01,-2.165374197250466703e-01,4.727158425181539614e-01,9.978442680365940953e-01,2.865670215254774167e-01,-2.694363500450570048e-01,9.131955789690339165e-01,-3.122936024763725560e-01,-4.592346732963584754e-01,-4.692981061760449490e-01,1.504303327253050937e-01,9.402405721192709509e-02,-2.193235819240325346e-01,-3.474263594229378138e-01,-4.863919423661310359e-01,3.466041050202632867e-01,1.000000000000000000e+00,-5.599667254292987062e-01,2.138655411330539768e-01,3.765875001870295224e-01,-5.191261344090956076e-01,1.000000000000000000e+00,4.417098840918525782e-01,-8.570288082917797423e-01,-6.863083008487656789e-02,5.264277364068028486e-01,7.346995682903990632e-01,2.362929893943545648e-02,-3.515979564443889871e-02,3.502199676871417533e-01,2.186903737191008279e-01,2.994495964506819208e-01,5.061202277940256566e-01,1.963718016271582545e-01,-4.700792646754172605e-02,-1.778491159427391943e-01,1.000000000000000000e+00,2.734479266056271674e-01,-2.898304439530350329e-01,3.840458292608328050e-01,-1.000000000000000000e+00,1.874349484431099555e-01,-1.485623097146463734e-01,1.041850523836898162e-01,4.236893713495977210e-01,-5.957755967611134684e-01,7.801953151691561894e-01,-1.667151876747879902e-01,-4.710491479565011019e-01,6.850572865253319321e-01,4.117881429780999997e-02,-4.793110887436736745e-01,7.804030200363477610e-01,2.736228506603478605e-01,7.634801715657476562e-01,6.986423060954933817e-01,-8.549741647487186791e-01,-3.088052596616545631e-01,-4.039646505430329881e-01,-7.419893020393637517e-01,-3.459592865434790165e-01,-3.254562895342416051e-01,3.067432950663629976e-01,-2.142510253247227603e-01,-8.212085395034085522e-01,4.238549211755031076e-01,-1.761913933971466159e-02,8.268718140547149931e-01
0.000000000000000000e+00,0.000000000000000000e+00,0.000000000000000000e+00,0.000000000000000000e+00,0.000000000000000000e+00,0.000000000000000000e+00,0.000000000000000000e+00,1.000000000000000000e+00,7.514279836564961013e-01,6.214131785109908712e-01,4.569701600393946683e-01,1.040267287358530440e-01,-2.711937053149494070e-01,2.026739975385321024e-01,-7.578794592192751589e-02,7.430290525740056440e-01,3.397649518391103740e-01,-1.806248403398683089e-01,1.782617587194081366e-01,8.993868119302560471e-01,5.349688841150224139e-01,3.047280251233688841e-01,1.772312643514177832e-01,1.404729557482111146e-01,5.796908211512236120e-01,2.262587608884598089e-01,2.149504314477719558e-01,-1.020810418632338706e-01,3.531050584052883995e-02,3.679874992863227390e-01,-2.223749452759934964e-01,4.072902474896785696e-01,2.317694658855898038e-01,5.989963307956553962e-01,3.886695710245834934e-01,1.741102994337018484e-01,-7.934166697065893337e-02,-2.224239013565973422e-02,5.130843999340523043e-01,4.941757875799193678e-01,-2.634215076803393396e-01,-5.012039054756616263e-01,-1.239257663713470292e-01,5.149504826402920843e-01,3.241564484514691258e-01,-1.876721110106683299e-01,-2.597070407963538718e-01,2.907773193866999492e-02,-3.680787715896630674e-01,5.526927739587098598e-01,6.319704188773483944e-01,2.850668966240115232e-01,9.600861711054836656e-02,1.358882677938432204e-01,3.428301382236207950e-01,-3.464705491116401581e-01,-1.076537157668392419e-01,-1.057961618149373326e-02,3.172486448841552731e-01,-6.340859472512300199e-01,-3.740429972318831120e-01,4.060651505286415608e-01,6.047751830639668258e-01,-3.440042244069579369e-01,-1.567091016022264804e-01,1.816069997390706847e-01,-3.587449022524439313e-01,-1.182211551914341685e-01,-1.473715912811527327e-02,-1.416246225754097705e-02,-7.081506224683499218e-01,2.487946795121707133e-01,2.150109458854733147e-01,5.762423837731862619e-01,4.401981332873258768e-02,1.096900831341057758e-02,-3.329286876713943508e-03,-1.832068875547156195e-01,-8.413113124495619211e-02,-1.751101151563207170e-01,2.155199791338863746e-01,-1.197095532811400520e-01,-6.539296626682151725e-01,6.102552796017673975e-01,-3.676477493187194079e-01,5.316761497877839915e-01,-1.218116388252869081e-01,5.661271147918167657e-01,1.222417485027553208e-01,5.472199333422599760e-02,3.507417694774054295e-01,5.912388321700511318e-01,1.735184431880608946e-01,7.146963708206174326e-01,-1.990164255719107933e-01,1.456669887648611716e-01,6.548689779244691589e-02,5.593417548043096849e-02,7.221314053555207835e-01,-6.378674109393871472e-01
0.000000000000000000e+00,0.000000000000000000e+00,0.000000000000000000e+00,0.000000000000000000e+00,0.000000000000000000e+00,0.000000000000000000e+00,0.000000000000000000e+00,0.000000000000000000e+00,1.000000000000000000e+00,2.350159000312524449e-01,1.985688988747895400e-01,1.382018766233904516e-01,1.127714203137639426e-01,2.277764351726522737e-03,1.474080745123184100e-01,2.334338488663474098e-01,1.288541658754533692e-01,-6.773301075417047235e-02,1.166363020151609496e-02,3.087220876618438914e-01,7.463003452871239118e-02,2.631089291740243419e-01,-4.564868903339502904e-02,-1.411394462976789388e-01,2.658191523952920243e-01,1.967581290824331197e-01,1.505882418016631086e-01,3.050995524080402435e-02,4.023907253863526212e-02,-1.308146557489590078e-01,-1.128357689669841069e-01,1.211699067481621372e-01,1.212940377569798334e-01,1.387069204967733005e-01,1.675516306101142994e-01,-1.078021401820635980e-02,7.591921655770463018e-02,2.400209293600710503e-01,1.331812990851746203e-01,2.554872751418164056e-01,-2.984543336578137848e-03,-1.494258429151737733e-01,-2.621122688400247536e-01,1.484329516453672115e-01,5.857281267913844874e-02,-2.322280841463655182e-02,1.208923829414410706e-01,-2.350147202926949619e-01,-1.884232057407559668e-01,2.192004938216741416e-01,2.337619996444743331e-01,1.408891896486868522e-01,1.099492018089848894e-01,-1.871555490296057389e-01,2.746048199131514433e-01,-1.349497709429402746e-02,-1.372951198021811203e-01,-9.126161909781990711e-02,9.445498749363571978e-02,-9.066434127871307591e-02,-1.900344597838684313e-01,3.461501455825419238e-02,3.099351490321423097e-01,-1.373458079629168993e-01,7.605979437293643175e-02,-1.170085907821089011e-01,-2.721058263122811405e-01,-3.932111818564051897e-02,6.145366370913470100e-02,-8.858579673091637741e-02,-1.671265107996152133e-01,4.554340224792147174e-02,1.089087561412492161e-01,3.980120204033841813e-01,-4.082274390529774810e-02,6.016519388719818173e-02,7.378227649997454521e-03,-4.819232434678301369e-02,-1.109550463705081674e-01,4.012300384085651372e-02,1.930534724384491141e-01,1.928384853675097488e-01,-3.752577450026979844e-01,2.562587118066811387e-01,6.883990178322030307e-02,3.512674468200329692e-01,4.622063116008799655e-02,2.062321023565487632e-01,2.077519981040740205e-01,-1.195347752464955143e-01,2.533852285197418230e-01,3.705572857751414650e-01,4.423684396280305048e-02,2.781378153266993447e-01,-1.540842982975067499e-01,1.959950275460507485e-01,1.152496150190619739e-01,1.058403403148832078e-01,2.167399502507641462e-01,-2.687961003531306736e-01
0.000000000000000000e+00,0.000000000000000000e+00,0.000000000000000000e+00,0.000000000000000000e+00,0.000000000000000000e+00,0.000000000000000000e+00,0.000000000000000000e+00,0.000000000000000000e+00,0.000000000000000000e+00,1.000000000000000000e+00,2.691038817135462113e-01,1.110785506116820642e-01,-1.492074015299472423e-01,-1.160977342538220825e-01,3.307401393218600827e-02,1.605416528737789728e-01,7.806294965214470583e-02,1.725237875756831241e-02,1.376815930670590715e-01,2.950447562720568406e-01,7.127044020231985966e-02,1.165098869451247632e-01,-4.727112294746313448e-02,1.560470856381109273e-01,8.423672737815576794e-02,1.671985087527418784e-02,9.777679485241833057e-02,-2.960522835123684249e-02,6.408625134914786026e-02,3.129367082969158886e-01,-1.365895918181518100e-02,2.489544444094582143e-01,1.655524444915158419e-02,4.775666835006010108e-02,8.474761942354505639e-02,-1.029818962936001614e-01,-2.401049545446335975e-01,-8.548562159884788569e-03,-9.947073174152307878e-03,1.358347517558904788e-02,-2.543404232662618836e-02,1.216679217602808089e-01,6.655896537638711363e-02,4.314991032170640423e-02,-1.496503041042066273e-01,-1.129639450247900689e-01,1.586173997848024375e-01,-6.498103131982785330e-02,8.332914357286795581e-02,1.856013953645571923e-01,4.234348513987243323e-02,2.319837553261599461e-01,1.825755265634168914e-02,4.955672880073774648e-03,1.900061204591506625e-01,-1.443796990619531095e-01,1.492013426959677147e-01,2.520818440285014783e-01,8.669713822869544451e-02,-2.270646173617079933e-01,6.652620129364259470e-03,-5.874954893641626263e-02,1.621114591337211586e-01,-9.598499258053130867e-02,-8.799270230385559943e-02,-1.030329018583955314e-01,1.329916056004638858e-01,-1.334217919929319707e-01,-5.957146371758154785e-02,-1.087542672293766999e-01,2.369454106763710724e-02,1.190445220462836851e-01,4.619971413968070040e-02,1.867129984390564906e-02,2.114625036221970678e-01,6.042753209545066728e-02,8.161193266042733596e-02,-6.322508095368326031e-02,-7.804359691926798792e-02,9.947986571802250322e-03,3.515792309442328789e-01,3.853548368635339311e-02,-8.686879597584760970e-02,1.145991178963618046e-01,-9.673618756029182808e-02,-1.790079843363132431e-02,-1.254821735118825665e-01,-4.165769111451132767e-03,-9.901545229729727393e-02,-3.123210281861441007e-02,2.972439633672351311e-01,1.330459534926527465e-01,2.096258773244402407e-01,1.168864316652369756e-01,-2.473815051548040878e-01,-3.840855463024582528e-02,5.496707926260477328e-02,2.362683948429870617e-01,2.097702320896855377e-01,-1.303886758743964258e-01
0.000000000000000000e+00,0.000000000000000000e+00,0.000000000000000000e+00,0.000000000000000000e+00,0.000000000000000000e+00,0.000000000000000000e+00,0.000000000000000000e+00,0.000000000000000000e+00,0.000000000000000000e+00,0.000000000000000000e+00,1.000000000000000000e+00,-1.117541089453742004e-01,1.825241806977762060e-01,-1.727463575178663224e-01,1.206827849129683827e-01,-5.236439098476469017e-02,1.539223757538740189e-01,-5.299530461500769757e-02,2.835268030602685063e-01,2.019863610103346807e-01,1.394710415900976552e-01,-2.509956787563232330e-03,8.092925882169285656e-02,1.022864620637885247e-02,5.475154491441833193e-02,-1.140474745876285667e-01,-1.996835577068059239e-02,-1.603841535891164793e-01,-1.534991571805179311e-01,5.365711322397807848e-02,5.931384795172255781e-02,2.814088688957557260e-01,1.211570245098169962e-01,4.022934475752058120e-02,1.256732356036950882e-01,-4.601681202745177418e-02,-5.847500026432806558e-02,2.081441942765033248e-02,-2.201226044160561890e-01,-2.802996806834317373e-02,-8.405859289178553573e-02,9.318275173454636240e-02,1.310973234884275640e-01,1.439569233614633181e-01,-8.964062648259975286e-02,-5.392738625829818222e-02,1.441818296130174468e-02,-5.545866968742231388e-03,-1.848869025614441330e-01,2.329938613529895231e-01,5.178223604055574858e-02,6.011041875880261676e-02,5.968137137310791651e-02,-2.560566884283105304e-01,-9.134317339233974375e-02,-1.873500264951962618e-02,2.739057426635180953e-02,2.968689678841275777e-03,-1.422614379374036730e-01,-6.702285842592989318e-02,-2.641480345654589890e-02,-1.431874504443681473e-01,8.561343404033264215e-02,-1.810411260930651911e-01,-2.070655392308443365e-01,-7.687358165165845969e-02,-1.727098189633838408e-03,-1.702672688409114787e-01,-1.536411515279580142e-01,-1.477223036112133570e-01,-8.610751686684088579e-02,2.350895993008355646e-03,1.800326233091220918e-01,-1.158037729928362153e-01,2.778977480772322206e-01,-1.691649640234345886e-01,5.403843401648057015e-03,-1.492351939634687652e-01,9.300216038598328738e-02,7.925619625410645908e-02,6.789457853022594358e-02,-2.434395452248007130e-01,1.136523891085425633e-02,2.870696405735127521e-01,-2.478374963722822233e-01,5.892725776415731059e-02,-3.704521693142385774e-01,-1.795132425271154242e-01,2.608109033803941434e-01,2.582178263740823043e-01,1.534075550335596283e-01,3.015052774702685068e-01,1.258342848902348210e-01,1.190409600892686770e-01,-1.628437749704305382e-01,-1.242779750236584421e-02,1.620975095816251377e-01,-1.273187985423784863e-01,1.176258796725604544e-01,-2.572504920905243631e-01
0.000000000000000000e+00,0.000000000000000000e+00,0.000000000000000000e+00,0.000000000000000000e+00,0.000000000000000000e+00,0.000000000000000000e+00,0.000000000000000000e+00,0.000000000000000000e+00,0.000000000000000000e+00,0.000000000000000000e+00,0.000000000000000000e+00,1.000000000000000000e+00,-1.060535606149263649e-01,1.059688099862584332e-01,-6.360368948613709383e-02,9.055573296529927096e-02,-2.803930969576169940e-01,-2.629405335241202010e-03,-3.899546876256192868e-03,-8.210939356183265259e-02,6.009909885249226091e-02,2.354491695671697138e-01,-2.125114886768261768e-01,-2.092006294803147870e-01,-1.358319309500795879e-01,1.745655082429221627e-01,1.391651388731923733e-01,2.482125616237001176e-01,1.483298554753788578e-01,-3.015371134498211481e-01,1.478216631289517302e-01,1.751809239913523497e-01,8.461619360802043188e-02,-1.049394486092826290e-01,-9.907137692363784942e-02,-6.801832852499553606e-02,3.446087473740925416e-02,2.546785066893192395e-01,1.727717310139595674e-01,8.129949964348001656e-02,-1.485808526040327537e-01,-7.615490825924307171e-07,-1.580371119720683781e-01,-7.689509804766066214e-02,1.795585003047905082e-01,-2.135005404162299003e-01,-4.804260994331975565e-02,1.235544368545022781e-01,9.543394691987452938e-02,-4.983908893512736110e-02,7.668813909155233755e-02,3.489840901985969968e-01,8.806787291038781218e-02,-1.865414561293577689e-01,7.184342544615580917e-02,-8.828742356939181524e-02,-7.859950257472990420e-02,-2.672541786415415926e-02,1.251130573158533432e-01,1.371671956262679182e-01,2.158151434991519568e-01,1.472977675590425028e-01,2.650670863572114969e-02,6.373251964509002963e-03,1.104075887869030576e-01,-3.635320778126839569e-02,-2.163705862296810833e-02,1.436877901465635488e-01,9.520017880397611820e-02,-2.058843071006779754e-02,3.368120405858356092e-02,-3.563234186702051581e-02,-2.874478106785143677e-02,6.106051887673778072e-02,-1.173266142844224258e-01,1.291278366846181080e-01,-5.033935638601582524e-02,1.194861569236572579e-01,-8.953229409179143741e-03,1.350086915981739133e-01,1.930991659679527628e-01,3.675231895375164620e-02,-4.045899898654019278e-02,8.476192841928809063e-02,1.754652658558427392e-01,2.491278881509684795e-01,2.301086867109869774e-02,5.022043015065252858e-02,3.525867055295959368e-02,-2.908751035981917421e-01,-1.331481712950043084e-01,-1.916772412315801144e-01,-9.335221805937507500e-02,1.699681201927622509e-01,-1.659039354930720578e-01,1.581562250485545607e-01,1.734597757532107820e-01,3.018027207676938217e-01,4.476984442072892006e-02,-8.437411997719067303e-02
0.000000000000000000e+00,0.000000000000000000e+00,0.000000000000000000e+00,0.000000000000000000e+00,0.000000000000000000e+00,0.000000000000000000e+00,0.000000000000000000e+00,0.000000000000000000e+00,0.000000000000000000e+00,0.000000000000000000e+00,0.000000000000000000e+00,0.000000000000000000e+00,1.000000000000000000e+00,-3.718555792452291064e-02,4.830268635249817394e-02,-1.409411832608205850e-01,-7.143212829970350952e-02,-9.010646477864507620e-02,-4.406666571548972788e-02,-1.372989928526103798e-01,-8.126548023457844105e-02,1.607155518980469544e-01,1.190070466918323883e-01,-8.233827225897753788e-02,-2.942969367799270347e-02,-3.440216977367637624e-03,9.940586655250913811e-03,-6.343221664519808900e-02,3.004951293579671487e-02,-7.971417767002991761e-02,2.894139093370783414e-02,-9.225664410984411867e-02,-6.595850121704753544e-02,4.282456513354330335e-02,-7.549195645262000987e-02,-1.329217717424292233e-01,2.063824221047683427e-01,1.181167430229602688e-01,-4.567533835870695585e-02,-9.447207346332071876e-02,1.557315665878558630e-01,1.526447381100051459e-01,-1.425867669162000639e-01,-9.298943703553572138e-02,-1.419958479034055809e-02,-1.434478073618111471e-01,-1.515309075769965229e-02,-1.034365860399061865e-01,7.415296842343384320e-02,3.772825364217598232e-02,-1.074075841208124299e-01,6.250397083949346157e-03,9.634778508419639120e-02,-1.898063587273610131e-01,3.640330498329599762e-02,5.523998067469444023e-02,-9.272393559782458883e-02,2.632468916511467374e-02,-3.089407643496850861e-02,1.249044828954688074e-01,-5.534115728229505038e-02,-1.012850938002998052e-01,-1.351553976927688250e-01,1.103957986346166681e-01,8.320222347245435912e-02,9.240138133998513845e-03,-2.434132693263904579e-02,1.041027780315673251e-01,2.203425025342262145e-02,-3.419441976487195417e-02,1.859753041663065876e-01,-2.109114261378288238e-02,1.728450589789392450e-02,2.492562221217953060e-03,4.689029013808918706e-02,5.666561218033172587e-02,4.315585617486906306e-02,-3.196710038325614039e-02,6.591247265136157552e-02,3.242704400541100013e-02,-1.138247859070535967e-01,3.660501692443863392e-02,1.619747558188396330e-01,-1.708217361261057943e-01,1.752582587636374728e-02,-6.263465266975520862e-02,-1.421559579815467045e-01,-1.450377771591213338e-01,-6.516429511011567755e-02,-1.374425994213287865e-02,2.035495997603517515e-01,3.984229846115741602e-02,-2.697540378483185425e-02,-2.710278304526041529e-02,-1.074127423467054615e-01,-4.580146959445244303e-02,-4.213810149035726593e-02,-8.599534510808264087e-02,-2.748000868281212303e-02,3.379908786231678591e-02
0.000000000000000000e+00,0.000000000000000000e+00,0.000000000000000000e+00,0.000000000000000000e+00,0.000000000000000000e+00,0.000000000000000000e+00,0.000000000000000000e+00,0.000000000000000000e+00,0.000000000000000000e+00,0.000000000000000000e+00,0.000000000000000000e+00,0.000000000000000000e+00,0.000000000000000000e+00,1.000000000000000000e+00,-1.061815657732417817e-01,3.030355005885311814e-01,-2.072921695876665249e-01,-7.219883619789563278e-02,-3.259321581845625038e-01,1.167610461350982037e-01,1.858473529420264780e-01,7.594027130087295518e-02,7.037100342208803261e-02,-9.903810824751611841e-02,1.758256505368051281e-01,1.407705287825215534e-01,-5.283749234175771220e-02,1.507043855648939057e-01,1.704400019563490076e-01,-3.899487772845980360e-02,-7.295906914678515487e-02,-2.340024642936101573e-01,1.415963927159608893e-01,1.306742752275462383e-01,-1.036773743878922766e-01,1.185661995286231424e-01,1.997646610368391806e-01,1.643196306212871619e-02,3.580670816307178206e-01,2.809730486062235189e-01,-1.214373062497225986e-01,-3.817363369474818802e-01,-1.032458572464264729e-01,1.454857068146536425e-01,-3.089203904209667298e-02,-1.326505144099042188e-01,-1.313152094877013398e-01,2.121186236762648281e-01,2.941800305471103244e-02,-1.212616789800870926e-02,1.750373434979976828e-01,3.104437000831839627e-02,-1.242608281302824517e-02,1.923511672087204194e-01,1.789886992599377391e-01,-1.316638302508540137e-01,1.179394608766916840e-02,-1.139207249441953114e-04,1.503996808213905745e-01,1.807292033354898284e-02,-1.546552392810324715e-02,8.542723425834802820e-02,-6.437589494504697418e-02,7.222962459647534750e-02,3.054527280346734930e-01,-3.678024936274171958e-02,-8.944249184508021311e-02,5.703381570271234824e-02,2.338132561872439952e-01,7.519843222547331618e-02,-1.833212796105516962e-01,-1.636590348758553970e-01,4.106761649138177678e-02,2.106357862952744353e-01,2.557972475895782180e-02,-1.777091382785567497e-01,9.274559202098826838e-02,-1.952274134397158079e-01,2.122235064140232941e-01,6.688933793304516207e-02,-1.604950971783647706e-01,3.406458814241269256e-02,-1.664105773118627896e-01,-5.272875700724097454e-03,6.046228092942448895e-02,3.186555420397563787e-01,1.441763608013854059e-01,8.636898570570411549e-02,-1.040683997297239954e-01,-1.306477760542775757e-01,-1.995439513441934348e-02,-3.552689282113384583e-02,-1.851506075602451507e-01,-2.067472090693433726e-02,1.107344886183161681e-01,-1.383204860460097163e-01,-1.435923493957136088e-01,-1.470399209016310660e-01,-5.861359690351562041e-02,5.120144693181030021e-02
0.000000000000000000e+00,0.000000000000000000e+00,0.000000000000000000e+00,0.000000000000000000e+00,0.000000000000000000e+00,0.000000000000000000e+00,0.000000000000000000e+00,0.000000000000000000e+00,0.000000000000000000e+00,0.000000000000000000e+00,0.000000000000000000e+00,0.000000000000000000e+00,0.000000000000000000e+00,0.000000000000000000e+00,1.000000000000000000e+00,1.437100942779423636e-02,1.085376666627316418e-02,5.463407257523236749e-02,1.674533757089513575e-02,-7.022027453903501720e-03,-8.596123895868920672e-02,-3.958743716834644405e-02,-3.527392176994265799e-02,-6.200082528346995830e-02,-3.705878208420654990e-02,-7.182664335340910311e-02,-3.326478398472502984e-02,-1.028427935264583093e-01,-1.070848848699639116e-01,-2.468199872719041565e-02,1.281591152318892375e-02,1.435894908398798429e-02,4.863936841306398112e-02,2.474744647174236326e-02,8.491479441432411845e-02,-5.199225801821546339e-02,-3.815650568658696812e-02,-3.444815460129293377e-02,-3.857364254911445356e-02,4.393854575520546313e-02,-1.690824698405685445e-01,8.711704658520589423e-03,2.068016911180937945e-02,4.512673910703643432e-02,-9.673099153060078781e-02,-1.705615577925189211e-02,-1.935768141430450895e-02,1.651689593164328354e-02,8.799274207701397038e-03,-1.218544291347139347e-01,-3.126029387800010467e-02,-1.081000891890797622e-01,-8.624944308223671252e-03,1.683246344341897752e-02,-8.993193959932874182e-02,-1.551852573147015010e-02,1.166601327582437835e-02,-1.742124651545842173e-01,-4.464116236522377296e-02,5.265913462831153108e-02,4.773068866449459158e-02,-1.126316258639778883e-01,1.055074890406446433e-02,-4.980126277179965089e-02,6.742264467798889105e-02,1.076088447507029915e-02,-8.727419566127025963e-02,-1.513278881910174456e-01,-1.749448024388956802e-01,5.504133368433269252e-02,2.136720212934688917e-02,-2.714832716225568099e-02,4.789027176727231327e-02,7.803005169171148281e-02,-5.341600510496051502e-02,-1.591003189255715475e-02,2.085506838394465823e-03,9.855866498485796323e-02,1.357730652582381792e-01,-1.052071488222882517e-01,5.775418439886140232e-02,-1.351090657078435689e-02,6.030879212032250192e-02,9.629475111719945982e-03,1.347937408386385982e-01,3.384571527834519949e-02,-8.930100660812236024e-02,-9.448328311912934652e-02,-1.101085967102846501e-02,-3.732375474734403453e-02,4.210849082822337025e-02,5.947750246529714263e-02,-9.783243890825145395e-02,-8.706706994497565022e-02,-2.203623939693346440e-02,5.505446742680172173e-02,9.163478916328009205e-02,1.778089586978147396e-02,-1.563641081398438049e-01,-6.185770136899246957e-02
0.000000000000000000e+00,0.000000000000000000e+00,0.000000000000000000e+00,0.000000000000000000e+00,0.000000000000000000e+00,0.000000000000000000e+00,0.000000000000000000e+00,0.000000000000000000e+00,0.000000000000000000e+00,0.000000000000000000e+00,0.000000000000000000e+00,0.000000000000000000e+00,0.000000000000000000e+00,0.000000000000000000e+00,0.000000000000000000e+00,1.000000000000000000e+00,3.303670791489306258e-02,-1.946663818814822755e-01,-5.936873477720366193e-02,3.228710952976929227e-01,1.844307496898203169e-01,-2.306910181885464539e-02,8.762055538731126914e-02,-7.057994999453170992e-02,3.078010508163082637e-01,2.455896736566339986e-02,-5.888112591670377483e-02,-8.509710748431885408e-02,-1.142935099459802158e-02,1.730293244982040457e-01,-1.404014014570781170e-02,-4.249083844330150961e-02,3.173716835987743651e-02,5.349244216283091657e-02,7.057959144953965258e-02,1.228377139170314519e-01,-7.083449010918717662e-03,9.102196133826555291e-02,1.570139351943925232e-01,3.800565757806552702e-01,-2.251378678056226157e-01,-2.193135367073008324e-01,-1.350428610074564939e-01,2.246958997322093254e-01,1.149237443056434910e-01,-1.079998332148082996e-01,-1.101690111529127353e-01,8.387275519951371827e-02,-3.247612634579577235e-03,1.098443542816632777e-02,3.316225068767651718e-02,-1.723984084634437933e-02,6.589201932114423232e-02,1.217690822296471076e-01,1.454999726740304755e-01,-1.470044347262827455e-01,2.357301838301210234e-02,-5.010664950093499104e-02,2.326404239580129318e-01,-1.156056582545415268e-01,-9.355431564861912963e-02,1.228067658546985047e-01,2.497408174237310818e-01,-6.984629187244321968e-02,5.817416614398419200e-02,-9.130715163302949300e-02,-5.105932867536076836e-02,9.370177936149189785e-03,3.820461501918195890e-02,1.579187362829067298e-01,-3.968264390965844379e-01,-1.412369247603209310e-01,6.888990132844161063e-02,3.023086360580229393e-01,-1.384813386020914902e-02,-6.748685581765047348e-02,6.753081935937323144e-02,-3.506177320293998173e-02,3.956815269041307620e-02,-1.212134235648823499e-01,6.469527622407024448e-02,-1.062870780321698884e-02,-2.424331237645603043e-01,3.756580547206848225e-02,-5.235843843176694185e-02,2.584029176519732629e-01,1.004657290130704650e-01,1.966453606734754056e-01,-3.057292634298023129e-02,-1.727690546281496764e-01,1.765826645886830748e-01,3.039994287619364119e-02,2.149855407945256563e-02,8.462063328559601971e-02,-4.316259648893062267e-02,2.085909409509019430e-02,-1.178390777274662959e-01,-2.121988592166592497e-02,-7.223976819560691542e-02,-1.227084879458866795e-01
0.000000000000000000e+00,0.000000000000000000e+00,0.000000000000000000e+00,0.000000000000000000e+00,0.000000000000000000e+00,0.000000000000000000e+00,0.000000000000000000e+00,0.000000000000000000e+00,0.000000000000000000e+00,0.000000000000000000e+00,0.000000000000000000e+00,0.000000000000000000e+00,0.000000000000000000e+00,0.000000000000000000e+00,0.000000000000000000e+00,0.000000000000000000e+00,1.000000000000000000e+00,4.817118398480256525e-02,1.456004174500276360e-01,2.459104138807937934e-01,-6.768520044773602973e-02,-7.165742755233931935e-03,7.961474962350227613e-02,1.122944534533132366e-01,1.019414838009581881e-01,-4.434785660865218915e-02,2.250753421954368796e-02,-1.007688078388633279e-01,-1.939467051816884946e-01,9.283895299708570803e-02,-1.847278957020358214e-01,5.577797256511708712e-02,-3.405624602858563915e-02,3.760738585413429813e-02,7.566203059832686539e-02,1.843635183046709314e-01,6.175206566515663298e-03,-1.007152999090062256e-01,-3.352960051044054368e-02,8.333354680753819743e-02,1.163430860408321346e-02,5.495566241039399197e-02,4.424396580946710067e-02,1.799666182290450556e-01,-4.701932119246692715e-02,5.689908569227699470e-02,-8.052982973505956599e-02,-7.409932341748048934e-02,-5.632031627344968178e-02,1.216721540698390419e-01,-1.196612337718076617e-02,-1.303677631488728110e-02,4.757692287137951087e-02,-5.465530113985749786e-04,8.357581980189328352e-02,2.387562437032344220e-01,-2.310294324928409415e-02,3.664126950777374381e-02,-1.458100558824131608e-02,-1.629919681715512672e-02,-2.229064522543126869e-02,8.130067275852975728e-02,1.564947714555418867e-01,1.030174432353551384e-01,-1.775750927828656511e-01,4.669759711381481215e-02,-6.461861420305166359e-02,1.408760582550575534e-02,-5.650712160115793636e-02,4.889884261704877978e-03,-1.434275206026646154e-01,4.734699693063245535e-02,-8.171534425165845328e-02,-1.590752324396083398e-02,3.531347209988605629e-02,7.578566597693019158e-02,-1.547717803442866524e-01,-1.580321766082262158e-01,-1.077815370015808294e-01,-4.517398201408164005e-02,-1.762235927753457929e-02,-1.874211222561633639e-02,-4.009570330852860881e-02,5.425509283103138042e-02,7.390922671445530889e-02,5.815971928000879254e-02,7.014103591303585961e-02,9.553762049225823783e-02,-5.959956327451802760e-02,1.759403963006928306e-01,1.455025964575808184e-01,5.573536191161851394e-02,1.379755645038183709e-01,2.211914853086724073e-02,7.087122703185902428e-02,8.922107526649603049e-02,-2.164301874221955316e-02,-3.088527726046916277e-02,-5.827467791139364327e-03,-6.457440336369550671e-02
0.000000000000000000e+00,0.000000000000000000e+00,0.000000000000000000e+00,0.000000000000000000e+00,0.000000000000000000e+00,0.000000000000000000e+00,0.000000000000000000e+00,0.000000000000000000e+00,0.000000000000000000e+00,0.000000000000000000e+00,0.000000000000000000e+00,0.000000000000000000e+00,0.000000000000000000e+00,0.000000000000000000e+00,0.000000000000000000e+00,0.000000000000000000e+00,0.000000000000000000e+00,1.000000000000000000e+00,1.600223858968888579e-01,-7.449043585323204862e-04,-2.357180301480386042e-01,-1.851227508144377698e-02,7.375271526420809631e-02,5.442464700351815760e-02,-1.557462307424588299e-01,1.834976331873501287e-01,9.836886049216436723e-02,1.072218238294177367e-01,2.196367917083625124e-02,3.574583486690052075e-02,-6.967352536364143645e-02,2.381745361262620209e-02,-7.564792810208695317e-02,-6.229306627510092231e-02,-3.926436217095798098e-02,-2.496558199589627922e-02,2.224364144212138267e-02,5.550856771617415641e-02,3.090171744676623727e-02,-1.704069735031674970e-01,4.014861882949671140e-02,8.448148302675220767e-02,2.149374348546823771e-02,-1.282068310307517833e-01,-2.915844755004652882e-03,3.573026464813040468e-03,2.400996524337123753e-02,-1.468061329395242524e-02,2.707550793564425171e-02,-4.661537855172678824e-02,9.765063052042532998e-02,7.615828333069242506e-02,4.100755989850183442e-02,2.749473841989954342e-02,1.239655549515022021e-01,3.353964213257441818e-02,-2.397074507453492154e-01,-8.556021845267275383e-02,-1.576974437396909956e-01,6.059455471605362104e-02,1.417016120867492790e-01,1.487573583960761225e-01,-5.667871598494782920e-02,8.183406862923739422e-02,-7.136673658009698440e-02,2.873730253253023101e-02,3.114414799438811748e-02,-2.060325286629233754e-01,9.168095034894825635e-02,-2.225607110263732591e-01,5.663698115045012749e-02,1.372804447181900644e-01,-1.424944392466743759e-01,-1.168434764811644364e-02,-7.071057087090949766e-02,1.328707201985970809e-01,-1.267489654970573032e-01,-1.499703054740671726e-01,-5.592095868594862407e-02,9.839637056952812988e-02,3.206072409093810305e-02,-1.829673963470171139e-01,-4.210134041399952315e-02,6.860731582306150989e-02,1.054939546649266979e-01,-3.870583741639035263e-02,5.415978159211334159e-02,-2.119990390216298232e-02,-1.423580724920696927e-01,-1.282114008111012171e-01,-9.561784765131667307e-02,1.153420667546914240e-02,4.807700170213554530e-02,-3.645476099430855488e-02,-6.289578260966906254e-02,-4.653442414524103232e-02,-5.519475965255117578e-02,1.202956481535655126e-01,1.335227845096330530e-02,1.623847792541966151e-01
0.000000000000000000e+00,0.000000000000000000e+00,0.000000000000000000e+00,0.000000000000000000e+00,0.000000000000000000e+00,0.000000000000000000e+00,0.000000000000000000e+00,0.000000000000000000e+00,0.000000000000000000e+00,0.000000000000000000e+00,0.000000000000000000e+00,0.000000000000000000e+00,0.000000000000000000e+00,0.000000000000000000e+00,0.000000000000000000e+00,0.000000000000000000e+00,0.000000000000000000e+00,0.000000000000000000e+00,1.000000000000000000e+00,1.644859481015130687e-01,-8.504152914358939497e-02,5.694204330762598493e-02,6.949088359074113985e-02,-7.264329746471837046e-02,-5.639712036339503826e-02,-5.370321628108321033e-02,6.491483487341453799e-03,-1.862128452100547393e-01,-1.067548066710296284e-01,-5.388014758816498523e-02,8.331060974558525400e-02,2.856474793422198455e-01,7.369652027557944962e-02,9.509869681890584237e-02,-1.277389307129120008e-02,-1.230077261938729155e-01,-2.582003019486071027e-01,-6.529355942455537798e-02,-1.198142679969396440e-01,-6.994596605129696498e-02,-1.621182873802063176e-02,1.087689969604526269e-01,4.925534352493916163e-02,2.689075015479036254e-02,6.293142031509510459e-02,-1.152863088194437148e-02,-7.646046975393744165e-03,1.517911411377163011e-01,-1.554366012536853026e-01,2.449381610231964740e-02,6.051506897169221105e-02,2.682420660930898842e-02,-6.033820570579018910e-02,-1.554016042258152819e-01,-1.570930397318884009e-01,1.608656015945051365e-01,-4.459320880809528737e-02,-5.550115351704509870e-02,-3.200087240102418296e-01,-1.646236147895071764e-02,5.827479341355478598e-02,2.507880859276406249e-01,-6.011194519966030908e-02,-1.605756844887950285e-01,-3.658208569068743810e-01,2.644378178564588209e-03,8.512989449161965927e-02,-1.023349735216436407e-01,-2.892460239349197160e-01,1.073884526070006673e-01,7.159450449838859754e-02,-7.196167734325752130e-02,1.502201728789912538e-01,-1.659906250095896652e-01,-1.609369742078982091e-01,1.438350976223937983e-01,-9.986619147941501462e-02,8.484612074978903351e-02,-2.139698866936263211e-01,1.069344171360197687e-01,3.778848645870469536e-02,-2.196076048467719977e-01,-4.303314291767702110e-02,2.724481760380266793e-01,-1.129017982575584722e-01,-5.713499492308694860e-02,-1.462958060685414508e-01,-7.881569118367860727e-02,4.597987829016725314e-02,1.219527939502301206e-01,1.726908921961255519e-02,7.635201007558679864e-02,2.504929476008197486e-01,2.190921430277660564e-02,7.491943428147419468e-03,7.779451541523506319e-02,2.598207424193400561e-01,3.541088331009771550e-02,9.429151166710049436e-02,-6.232070719746862081e-02
0.000000000000000000e+00,0.000000000000000000e+00,0.000000000000000000e+00,0.000000000000000000e+00,0.000000000000000000e+00,0.000000000000000000e+00,0.000000000000000000e+00,0.000000000000000000e+00,0.000000000000000000e+00,0.000000000000000000e+00,0.000000000000000000e+00,0.000000000000000000e+00,0.000000000000000000e+00,0.000000000000000000e+00,0.000000000000000000e+00,0.000000000000000000e+00,0.000000000000000000e+00,0.000000000000000000e+00,0.000000000000000000e+00,1.000000000000000000e+00,2.107706363805900984e-01,3.694838828091479704e-02,2.779896138533264130e-02,5.204675624755826513e-02,2.797515865449076156e-01,2.688181655384194735e-02,-1.998250632316482880e-02,-9.840315052083439817e-02,-8.453024650170072596e-02,2.360537072186323637e-01,-1.367980239105557050e-01,1.958998739280326251e-01,9.912678296662251476e-02,1.722766039779788094e-01,1.457980572470135572e-01,1.449822754833481608e-01,-1.202660985418477629e-01,-8.693321777962219332e-02,1.302670310085039251e-01,2.398343823342962422e-01,-1.829844061172418435e-01,-1.819997115527745291e-01,-3.272824354084672739e-03,3.209493716642789485e-01,5.700589746113468581e-02,-6.208951024283296261e-02,1.150496384514421710e-01,-4.980311001134889171e-02,-6.152624443371138008e-02,1.926586040745830175e-01,1.983161527989542039e-01,6.594334284716184269e-02,1.234216031313278283e-01,1.837382031565674978e-01,2.002179411808246989e-01,-3.384820723572687373e-02,9.154888994725829399e-02,-8.660904952386729028e-02,9.172330585519233859e-02,-2.009759933388134689e-01,-2.126619711049538008e-01,1.289183697902332171e-01,2.138512499857545546e-01,-1.029514431865169860e-01,-1.231466423764814855e-01,-3.608583882642599477e-03,-1.491888128723016516e-01,-1.819505163827017380e-01,8.389826621603882484e-03,3.454038826562173814e-02,-3.401913854817070759e-01,5.374048826850353483e-02,6.281088523265673795e-02,1.910200370730154307e-01,6.286294958950206999e-03,2.438357175515976430e-02,-2.026429111662054680e-02,-3.122003362511714952e-01,2.383906669882107556e-03,1.503820797522848265e-02,2.725406039660888818e-03,-1.593223777578987865e-02,-2.255193883024072254e-01,2.807756219424504818e-01,-7.323806104456123678e-02,1.866701481731415091e-01,-4.847275857859717485e-02,1.490965520781317999e-01,-3.265221928400859064e-02,7.595201715836348740e-03,1.338806978806128534e-01,1.650953753252014378e-01,9.121293075177802634e-02,1.430897541227746372e-01,-6.894725675936970444e-02,3.999105324108603865e-02,-2.132792167677382764e-02,-6.303964161612373232e-03,5.484184736518452757e-02,-2.463097862050272480e-01
0.000000000000000000e+00,0.000000000000000000e+00,0.000000000000000000e+00,0.000000000000000000e+00,0.000000000000000000e+00,0.000000000000000000e+00,0.000000000000000000e+00,0.000000000000000000e+00,0.000000000000000000e+00,0.000000000000000000e+00,0.000000000000000000e+00,0.000000000000000000e+00,0.000000000000000000e+00,0.000000000000000000e+00,0.000000000000000000e+00,0.000000000000000000e+00,0.000000000000000000e+00,0.000000000000000000e+00,0.000000000000000000e+00,0.000000000000000000e+00,1.000000000000000000e+00,-3.115695650068421238e-02,-2.218455913004643842e-01,-1.710846267159845877e-02,2.513810704589744538e-01,-4.835918134383477250e-03,-4.421832073387551784e-03,-5.117245646323667629e-02,1.361417184002972902e-01,2.610066955280183378e-03,-1.676061387389382318e-01,4.670749797247449736e-02,2.716868877632838131e-01,1.861660017844697090e-01,-9.006876171290600225e-03,2.646913670698702870e-01,1.669296872367537210e-02,-2.489485510387262623e-02,1.117646020576447685e-01,2.345646430298721219e-01,-2.030157649734609659e-01,-3.215856846410959369e-01,-5.691144105600199482e-02,1.880315608228548818e-01,5.778045050113280595e-02,1.990450142482662679e-02,-2.521323680131608638e-02,1.537135280626179545e-01,-7.089699772934937583e-02,2.409278432667959491e-01,8.242416241734432103e-02,2.175539864352653632e-02,-3.693016095024139606e-02,1.153879446170850281e-01,-1.531922168963330798e-02,-2.276888440374681688e-01,1.728757315764421210e-01,1.312959402271927645e-01,3.066794428117138316e-01,-2.839770134406248148e-01,4.777735961882668969e-02,-8.713328244140320158e-03,2.243616299499839040e-01,-1.351679895388862851e-01,-3.700402130475497625e-02,-4.112012847743882864e-03,-8.553005824974989346e-02,-1.425760596352403375e-01,3.787713843127776120e-02,2.296615134437975797e-02,-2.408165928006737178e-01,-1.348255149145641818e-01,1.938219149027509136e-01,2.028152392589047670e-01,4.857439682846453194e-02,-1.828572103334830112e-01,2.946251728822861238e-01,3.802418143964023806e-02,1.440335844349747152e-01,1.933235073774485988e-02,-2.827772158455181539e-02,1.486813262168868999e-01,-2.254256711220236076e-01,2.057064243070489129e-01,-1.885034318170963064e-01,2.133057369188136321e-01,-2.030794372492620015e-01,1.894450327528287015e-01,2.565884892794489391e-01,1.744106604796148707e-01,2.278784461731568275e-02,1.643174814727494104e-01,-1.637275352206383483e-01,1.468042224075187252e-01,2.344995465021352393e-02,9.598962254300245911e-02,-1.498958547963280194e-02,3.110549624825703630e-02,1.810974780601352641e-01,-2.504693945101860164e-01
0.000000000000000000e+00,0.000000000000000000e+00,0.000000000000000000e+00,0.000000000000000000e+00,0.000000000000000000e+00,0.000000000000000000e+00,0.000000000000000000e+00,0.000000000000000000e+00,0.000000000000000000e+00,0.000000000000000000e+00,0.000000000000000000e+00,0.000000000000000000e+00,0.000000000000000000e+00,0.000000000000000000e+00,0.000000000000000000e+00,0.000000000000000000e+00,0.000000000000000000e+00,0.000000000000000000e+00,0.000000000000000000e+00,0.000000000000000000e+00,0.000000000000000000e+00,1.000000000000000000e+00,8.199682493180676657e-02,-2.036562032081722373e-01,6.078662861720689030e-03,2.182681834971905432e-01,2.087261237530439462e-01,-1.035819131376902562e-02,2.298825709430491193e-01,-1.437261857854178759e-01,3.161225846559886921e-02,-6.221434025786240496e-02,1.702413084865624648e-01,1.984387277544276129e-01,-2.960769501343326476e-02,-9.751437100871294950e-02,4.892394769455774006e-02,1.218840499641293679e-01,2.785464939193769696e-01,6.701720729625303130e-02,-3.042504593818581154e-02,-9.123918989495244380e-02,-2.549585312322533714e-01,-9.467257500087854216e-02,1.693156174520619311e-02,-8.188439466943078782e-02,8.978220953251313252e-03,-5.811533070884670332e-02,8.366256956214439267e-02,9.678590850949105040e-02,1.031529655502336079e-01,2.412920540661714630e-01,9.800352174072829436e-02,-5.321944182926014594e-02,3.309863373497665129e-01,6.544910266674044963e-02,-1.175111722933340069e-01,9.691635575566910632e-02,-8.468483478523906871e-03,-1.743952747660972580e-01,1.144521871124050232e-02,1.003721711861861599e-01,-1.942610232836943646e-02,7.480399290116511966e-03,6.759774245929880965e-02,1.216644812132897102e-01,-7.919258634490691784e-02,2.932617372108783926e-02,9.892918947878016900e-02,-5.938970997960573567e-02,1.340588236574430103e-01,4.130888213112137407e-03,2.206657828188209047e-02,1.955986615660296191e-02,-1.779182718354614390e-01,7.048567303225607150e-02,1.542246979845424311e-02,-4.396939363103105625e-03,-8.193978938040823168e-02,1.317548286555113024e-01,9.040518028232609471e-02,1.396745587289552337e-01,-1.238646339743506714e-01,5.052766847129681882e-02,3.126910740712291609e-02,2.986221256390932804e-02,6.264766100333460028e-03,7.429052301768547528e-02,-2.053495824073162113e-01,1.100474357085168831e-01,1.429652167861734657e-01,-4.651852167961274126e-02,-2.514483623057440012e-02,2.708758453389880083e-01,-1.284212188553988943e-01,2.244719428041493658e-01,3.728330567770943293e-02,1.198824259988797575e-01,2.432313566920780712e-01,-7.293999763674863246e-02
0.000000000000000000e+00,0.000000000000000000e+00,0.000000000000000000e+00,0.000000000000000000e+00,0.000000000000000000e+00,0.000000000000000000e+00,0.000000000000000000e+00,0.000000000000000000e+00,0.000000000000000000e+00,0.000000000000000000e+00,0.000000000000000000e+00,0.000000000000000000e+00,0.000000000000000000e+00,0.000000000000000000e+00,0.000000000000000000e+00,0.000000000000000000e+00,0.000000000000000000e+00,0.000000000000000000e+00,0.000000000000000000e+00,0.000000000000000000e+00,0.000000000000000000e+00,0.000000000000000000e+00,1.000000000000000000e+00,9.179967846079779836e-02,1.495501838975834552e-01,-1.384091242216818098e-02,-4.313628128740120554e-02,-6.841663464838174114e-02,-1.049328535077808794e-01,9.609342163550302351e-02,3.802537232453148675e-04,-1.269095207543733395e-01,-1.624991022441014607e-02,6.040866594147376034e-02,4.321625900950694377e-02,3.340223350063678542e-02,1.595118042361424321e-02,-1.129507356817874703e-01,6.648728367944019280e-02,-1.064312148264290880e-01,2.451232772179549879e-02,-1.207953437501334965e-01,-9.983587435604804328e-02,6.681349614533231562e-02,4.753049444806330820e-02,-8.830232206390181346e-03,-7.514398851204998064e-02,-1.569786663435460139e-01,-8.627485452862099224e-03,3.518081147599543684e-02,1.317344537526428105e-01,-1.180718066257363946e-01,-2.335424946618446518e-01,7.538332652885715301e-02,1.523097073838293181e-01,-9.326234565523064401e-02,-7.856660407350379849e-02,-3.820191799233606245e-02,-2.394713381506133609e-01,3.981157635104107251e-02,-6.699402894899410266e-02,1.118807030782889705e-01,-1.163220480058301809e-01,1.117272488702523991e-01,-1.395050115304367067e-01,1.074673640951301079e-01,1.267606858176890602e-02,-5.989317613176425512e-03,7.522137016175094171e-02,7.848784679522688434e-02,-6.660941527678769514e-02,-1.792301348811131331e-02,-1.533092571184267033e-02,-1.241145709567435668e-01,8.473728154046426819e-02,-2.291789956277406060e-01,1.101820004984909590e-01,-2.144439565903097922e-01,-2.723647018309134638e-02,-5.911823338727437843e-02,-1.397828179149317174e-01,-7.785132906638235484e-02,-2.117477016534985435e-02,-8.633128615568636324e-03,-9.409373435137781405e-02,-6.965737721779532987e-02,-7.121495257891727326e-02,8.470430775977288648e-03,-7.761500939373210117e-02,1.631794530581043012e-01,2.320631324696211806e-01,1.227129190761080541e-01,1.021154473627859660e-01,-1.758261189496313631e-02,-2.258241365721418495e-02,-1.233765800416796454e-01,-1.047773147284555145e-01,-1.474883655927180792e-01,1.103690499521953194e-01,5.468332399445272746e-02
0.000000000000000000e+00,0.000000000000000000e+00,0.000000000000000000e+00,0.000000000000000000e+00,0.000000000000000000e+00,0.000000000000000000e+00,0.000000000000000000e+00,0.000000000000000000e+00,0.000000000000000000e+00,0.000000000000000000e+00,0.000000000000000000e+00,0.000000000000000000e+00,0.000000000000000000e+00,0.000000000000000000e+00,0.000000000000000000e+00,0.000000000000000000e+00,0.000000000000000000e+00,0.000000000000000000e+00,0.000000000000000000e+00,0.000000000000000000e+00,0.000000000000000000e+00,0.000000000000000000e+00,0.000000000000000000e+00,1.000000000000000000e+00,8.924572682973475057e-02,1.481985184700391478e-01,2.612520708891448717e-01,1.388063215931462924e-01,-7.342218824388370250e-03,2.561529352113515179e-01,-4.425155970366790315e-01,1.380520223718042228e-01,-1.126537867734561660e-01,3.492750510427023586e-02,2.785921058186972554e-01,1.920950986222898782e-01,1.781237101351483554e-01,-2.330992712923538879e-01,1.043109354788636541e-02,-2.081140850147317756e-01,1.003391743883923354e-01,1.843898648955759889e-01,2.833538146406361369e-01,6.991955297802676661e-02,-8.906700664774092058e-02,6.643932875421708351e-02,6.486902066082411711e-02,-1.857585744937542138e-01,1.514222496630301118e-01,1.363598095351062078e-01,1.072486842272092067e-01,3.854534413915684105e-02,-1.016130709310600899e-01,9.541876123056336478e-02,1.431363263645390148e-02,-1.912617260071244885e-01,-9.043729953405982985e-03,2.099749446615681581e-01,2.187133275547905875e-01,-1.999033742289274551e-01,-1.180739031060534378e-01,1.774455069547622998e-02,-1.745378346569044156e-02,6.403007096247104180e-02,5.233620358640018316e-02,1.491965928713480660e-01,5.576815247260136221e-02,-2.184602114673589723e-01,1.331269033215935760e-01,-9.462428191128534338e-02,-7.159529478160142624e-02,3.213390618272856658e-01,-3.908865474758380643e-01,7.787446180955007007e-03,3.598814471742511345e-01,1.281153116380260026e-01,2.644340279518104381e-02,-1.535390835313951707e-01,1.853248621630953358e-02,1.730773318001273264e-02,-1.906572230672766988e-01,9.219509744475819224e-02,-2.283571491914410112e-02,-1.377254212760418810e-02,2.729486612223008465e-02,-1.980698082562469542e-01,1.428973610933712305e-03,1.444787618648995520e-01,-1.670699288998373777e-01,5.277444517525272522e-02,1.230535519517609727e-01,2.167278260595486283e-01,1.168402569479923409e-01,-1.043341166772584622e-01,3.140121471645618279e-02,-7.037098312216330531e-02,-9.912316399731563310e-02,8.262407528234566589e-02,2.253212958429768875e-01,1.791118303410905166e-01
0.000000000000000000e+00,0.000000000000000000e+00,0.000000000000000000e+00,0.000000000000000000e+00,0.000000000000000000e+00,0.000000000000000000e+00,0.000000000000000000e+00,0.000000000000000000e+00,0.000000000000000000e+00,0.000000000000000000e+00,0.000000000000000000e+00,0.000000000000000000e+00,0.000000000000000000e+00,0.000000000000000000e+00,0.000000000000000000e+00,0.000000000000000000e+00,0.000000000000000000e+00,0.000000000000000000e+00,0.000000000000000000e+00,0.000000000000000000e+00,0.000000000000000000e+00,0.000000000000000000e+00,0.000000000000000000e+00,0.000000000000000000e+00,1.000000000000000000e+00,8.783177076705709144e-03,1.355470865220285981e-02,-2.330282736001953736e-01,2.146311957968579515e-02,1.062699767723092187e-01,-1.914628338334678215e-01,-5.532862544114253156e-02,2.191342429609749454e-01,2.225426683901285951e-01,1.801248047199803248e-01,2.333040719316631928e-01,1.003381964291902156e-01,-4.447502760212721645e-02,9.788502494788127450e-02,2.447693790234607703e-01,-1.564641091918316518e-01,-3.036534717896550717e-01,-1.786431010926055052e-01,2.698889678133671310e-01,2.962856896407690260e-02,-1.986823285032733935e-02,-6.380778281970169580e-03,-5.449555842518545579e-02,-8.730539519962690620e-02,1.477209118254076137e-01,4.594867440379749035e-02,-1.290779921685655252e-01,-3.293677959031450497e-02,2.569226751313773496e-02,2.800341788424708378e-01,-1.572924062260137312e-01,6.880526608772466468e-02,8.997098941785054704e-02,1.596397054323658582e-01,-1.328005916643300865e-01,-1.402567593815134683e-01,1.550436693229834406e-01,1.909654308848545423e-01,5.943433934009441366e-02,8.132387029813392676e-02,-1.201625922996498036e-01,-2.948192920472234024e-01,6.706141074062915708e-02,2.260027588516490965e-02,1.571847499452861119e-01,-3.026995574650194754e-01,-1.057072580728653094e-01,3.256137759410314414e-02,3.635004276071716611e-01,7.208773140925249512e-02,-2.665785454417604616e-01,1.396270097287590772e-01,-7.597085989449901822e-02,-2.568634230077337238e-02,1.896943840460553823e-02,-1.280958765278853717e-01,2.491173902012243369e-01,-3.227902163282428960e-01,5.133656990396884279e-02,2.840303879079721788e-02,1.913759790250235127e-01,-4.014042842587078191e-02,2.477349829413076354e-01,1.247493759100122002e-01,7.548732776502735387e-02,1.646583311241322789e-01,2.111847068850703224e-01,-3.882626106173740765e-02,-1.237853025804961683e-02,5.635067136733617164e-03,7.921015118325770710e-02,-4.646753784299342827e-02,-1.429309131565296709e-01,7.737630435698325537e-02,-1.463585773868643636e-01
0.000000000000000000e+00,0.000000000000000000e+00,0.000000000000000000e+00,0.000000000000000000e+00,0.000000000000000000e+00,0.000000000000000000e+00,0.000000000000000000e+00,0.000000000000000000e+00,0.000000000000000000e+00,0.000000000000000000e+00,0.000000000000000000e+00,0.000000000000000000e+00,0.000000000000000000e+00,0.000000000000000000e+00,0.000000000000000000e+00,0.000000000000000000e+00,0.000000000000000000e+00,0.000000000000000000e+00,0.000000000000000000e+00,0.000000000000000000e+00,0.000000000000000000e+00,0.000000000000000000e+00,0.000000000000000000e+00,0.000000000000000000e+00,0.000000000000000000e+00,1.000000000000000000e+00,3.209232353096697077e-01,2.353907303764670167e-01,1.943712000241817894e-01,-8.584051788910275482e-02,-1.654640721803898873e-01,-1.853682598353645003e-02,6.137222213182078057e-02,8.577894706007470338e-02,-4.040970988440775735e-02,2.028439334041889919e-02,1.904528483413170936e-01,1.239913039691647872e-01,1.539274456158768734e-01,9.985448572646279941e-02,3.953940831551236434e-02,-5.518185460758982808e-02,-1.655579879872885740e-01,-1.087651654560413683e-01,3.021876736988471281e-03,-1.746043180913910697e-01,1.734099560348720537e-01,-1.193502882808298859e-01,1.368391042886321074e-01,4.787120030822866051e-02,1.116470012661318900e-01,1.600991197333723193e-01,3.119763498698332853e-03,2.995230828196645406e-02,3.611466065055656816e-01,-7.790407887494943395e-02,-3.064478421796671959e-01,7.201405396313614871e-02,1.285032540997518326e-02,-5.925388007631287451e-02,1.025853725091883523e-01,1.296528115308746287e-01,2.817624961467819419e-02,-4.532300657269704852e-02,2.932803413669701764e-01,3.831619884971993600e-02,-1.849034901334179262e-02,-1.773653577527138092e-01,2.401187494562590508e-01,-1.368483038843232857e-01,4.882422652070413788e-02,2.953683869838314990e-01,-2.498516549749807691e-01,9.841104715935539149e-02,-6.246852447955029194e-04,7.385134223077262361e-02,-1.118323207966676197e-01,-1.980023543873303191e-02,-2.142965175107724440e-01,1.629783973029862720e-01,2.157239985314036296e-02,5.176669988256746464e-03,-2.497419033661955057e-01,1.673483062836575719e-01,1.778348948017401676e-01,1.439667393617261384e-02,9.466490282374023790e-02,1.729568613283037903e-01,-7.057198655334609438e-02,-2.485309272171782879e-01,1.251261088716853487e-01,9.827520556041542676e-02,-5.194363191889045904e-03,2.005190259869838176e-01,-2.622922448919952076e-01,1.369579555118554948e-01,8.498902449443762608e-03,1.559046917656136955e-01,2.750724780406932912e-01,1.210866165892340168e-01
0.000000000000000000e+00,0.000000000000000000e+00,0.000000000000000000e+00,0.000000000000000000e+00,0.000000000000000000e+00,0.000000000000000000e+00,0.000000000000000000e+00,0.000000000000000000e+00,0.000000000000000000e+00,0.000000000000000000e+00,0.000000000000000000e+00,0.000000000000000000e+00,0.000000000000000000e+00,0.000000000000000000e+00,0.000000000000000000e+00,0.000000000000000000e+00,0.000000000000000000e+00,0.000000000000000000e+00,0.000000000000000000e+00,0.000000000000000000e+00,0.000000000000000000e+00,0.000000000000000000e+00,0.000000000000000000e+00,0.000000000000000000e+00,0.000000000000000000e+00,0.000000000000000000e+00,1.000000000000000000e+00,2.814019617515063909e-01,2.527980079760462906e-01,-5.725078430921519412e-02,-2.071127786684421601e-01,1.036226573467280698e-01,9.757902551395992996e-02,3.189008937494822865e-02,1.336779774810065158e-01,1.441813209316143429e-01,1.943032974763615195e-01,-6.488762469473627337e-02,5.775139947687757402e-02,-2.337024219470440201e-01,7.767752601507853238e-02,1.593437263244621427e-01,-3.364980844246971692e-02,-6.054263585468739467e-02,-3.933102169471745790e-02,-2.535173378708557163e-02,-3.942677264945410737e-02,-1.237093122764488518e-01,1.175586924079075613e-01,1.821610893745721493e-01,7.513868106305558736e-02,2.627702834195984605e-01,-2.112475055660911066e-02,-1.562214571228764670e-01,3.418490968958725063e-01,-2.550313045878533497e-02,-1.317807665693173369e-01,2.917685782273367334e-02,1.017244846214616361e-01,-1.647952599492832626e-01,-6.120162171621111591e-04,1.382942533023260312e-01,3.667830977516437635e-02,5.313030273059425601e-02,2.170827197293785094e-01,2.297940308339855020e-01,6.634518051201500344e-02,-6.492428705342771778e-02,2.345629921642921056e-01,-1.722342049337822756e-01,1.857099605624952174e-02,3.524444722579097022e-01,-2.518788570814812777e-01,1.129678072987339715e-01,-2.626794626387767700e-02,2.292527460672812156e-01,-5.000596419227338468e-02,-7.468083396954744435e-02,-1.002314275311673719e-01,3.422296750091556317e-01,1.611114718162895421e-02,5.252123392129030149e-02,-4.690483061683557720e-02,8.871164832394873301e-02,1.763100725733765251e-01,-1.341632294967569083e-01,1.295603891924682338e-01,1.746647841445748139e-01,-1.667468136423633507e-01,-1.845369752663177654e-01,-4.893890512298976897e-02,1.598726317511209027e-01,-1.556746907241844391e-01,2.027581824741220007e-01,-1.451111985784269698e-01,2.897163244804925042e-01,5.843652372393334793e-02,2.565152415746285719e-01,3.466706100314873029e-01,2.191133662427487486e-02
0.000000000000000000e+00,0.000000000000000000e+00,0.000000000000000000e+00,0.000000000000000000e+00,0.000000000000000000e+00,0.000000000000000000e+00,0.000000000000000000e+00,0.000000000000000000e+00,0.000000000000000000e+00,0.000000000000000000e+00,0.000000000000000000e+00,0.000000000000000000e+00,0.000000000000000000e+00,0.000000000000000000e+00,0.000000000000000000e+00,0.000000000000000000e+00,0.000000000000000000e+00,0.000000000000000000e+00,0.000000000000000000e+00,0.000000000000000000e+00,0.000000000000000000e+00,0.000000000000000000e+00,0.000000000000000000e+00,0.000000000000000000e+00,0.000000000000000000e+00,0.000000000000000000e+00,0.000000000000000000e+00,1.000000000000000000e+00,-9.934319119585900693e-03,-9.646603190599822852e-02,-6.168990711732338927e-02,7.093899984062217168e-02,-1.075013015745165529e-01,-1.699756508919176845e-01,1.643222253735407770e-02,4.956534216837338996e-02,1.412939979416718006e-01,2.024046207941823661e-02,2.719167087666631358e-02,-4.156148167205267474e-02,1.630200670149318729e-02,6.989267770055804241e-02,-7.532855921645520078e-03,-1.118832951724499508e-01,4.598353487479241164e-02,-8.533064247047170148e-02,-7.849133244109714191e-02,2.337631219708150368e-02,-6.216333632395799197e-02,-4.650867958538288521e-02,2.135884840885699243e-01,1.971893465261828904e-01,-1.668990022142766427e-01,-8.185753159998951367e-02,1.471909066487576134e-01,2.274280860425646408e-02,-1.428868218858838912e-01,-4.648449869063313311e-02,1.499599425909979855e-01,1.245319755996548289e-01,-7.471668789801193256e-02,8.441519897853939913e-02,7.666002089842007851e-03,-1.425262127209696826e-02,1.664748706566290259e-01,2.029193783013456126e-02,1.270341818270568912e-01,-4.917530853821313469e-02,3.703091633017502882e-01,-2.262039992238554786e-01,-5.093413158676830983e-03,1.658033233448317767e-01,-2.270124631327404829e-01,2.121156226142381362e-01,-5.292982649126489608e-02,5.265005389391198831e-02,-4.930297244399472339e-02,2.974147168898975610e-02,5.988468164656956388e-02,2.154258853529931461e-01,1.863920504650391427e-02,-3.900634643337880930e-02,-2.112736317461564456e-02,3.651628041777085776e-03,1.921267970093959165e-01,8.828408394284102678e-02,1.076474752004642488e-01,1.475176707011112420e-01,-2.203981529482265667e-02,-2.430982136449441611e-01,-2.738282063632350161e-01,-1.524143897803613076e-02,-7.630789674810598000e-02,1.720187906424353319e-01,-4.133240785977934650e-02,-3.858230475032876916e-02,-1.470803506303454689e-01,1.610839933974984317e-01,1.134461943413589274e-01,7.919074997148144168e-02
0.000000000000000000e+00,0.000000000000000000e+00,0.000000000000000000e+00,0.000000000000000000e+00,0.000000000000000000e+00,0.000000000000000000e+00,0.000000000000000000e+00,0.000000000000000000e+00,0.000000000000000000e+00,0.000000000000000000e+00,0.000000000000000000e+00,0.000000000000000000e+00,0.000000000000000000e+00,0.000000000000000000e+00,0.000000000000000000e+00,0.000000000000000000e+00,0.000000000000000000e+00,0.000000000000000000e+00,0.000000000000000000e+00,0.000000000000000000e+00,0.000000000000000000e+00,0.000000000000000000e+00,0.000000000000000000e+00,0.000000000000000000e+00,0.000000000000000000e+00,0.000000000000000000e+00,0.000000000000000000e+00,0.000000000000000000e+00,1.000000000000000000e+00,-2.487906457404006483e-02,-3.342361430530069871e-02,2.365592743692968014e-03,1.430653447906203857e-01,-3.857585778347961958e-02,-4.600431781077449905e-02,-6.704033568099100615e-02,2.203622361118778850e-01,5.131905763974198981e-02,-3.305100761126669989e-03,-5.220438516293852277e-02,9.662858453217336441e-02,-4.227120304343775364e-02,-4.783429697766698047e-02,-1.330907491079393601e-01,-1.925327060419048525e-02,1.876226469711315611e-02,5.353794549779131162e-02,-6.549123371384975301e-02,9.236600937017586110e-02,9.655690525488259957e-02,-7.252877248551030907e-03,1.294332849570237753e-01,1.804538887384281309e-01,-4.089162957428856687e-02,9.934598331302336993e-02,-1.461060607342081485e-01,3.328625595850010638e-02,1.794374526554176341e-01,6.023651805195185532e-02,-1.895382182564673279e-01,5.330254251861051007e-02,8.083249129337876163e-03,-1.117280689966795304e-01,4.334374229799008854e-02,9.208067474794570662e-02,-2.862216492025687273e-02,-5.429169386889038350e-03,5.503566966356938928e-02,1.540881264152598740e-01,8.739803541711695448e-03,-2.528660382659692757e-02,-5.550087526192320347e-02,-4.555204571047916789e-02,-1.037089882326297785e-01,5.108620383320368330e-02,1.071422425112837466e-02,1.257651303603922466e-01,-1.429118674122852387e-02,-3.261033098912098638e-02,1.951402916712000890e-01,9.890905890726321703e-02,7.545139021559982284e-02,-3.517972159011260869e-02,6.456936448719957644e-02,1.201481370548508759e-01,5.499039953479432918e-02,1.016412077330235558e-01,-4.516813753256718883e-03,-2.393703564692149788e-02,9.496862679094966730e-02,-5.214944784843147940e-02,-7.697235601340345068e-02,-1.318588337547980383e-01,-1.187291621617145385e-03,-1.606743330262557501e-01,9.191496129511959878e-02,-4.485893371023112058e-02,9.216256278989261308e-02,5.312252312782971692e-02,-7.505108733620827199e-02
0.000000000000000000e+00,0.000000000000000000e+00,0.000000000000000000e+00,0.000000000000000000e+00,0.000000000000000000e+00,0.000000000000000000e+00,0.000000000000000000e+00,0.000000000000000000e+00,0.000000000000000000e+00,0.000000000000000000e+00,0.000000000000000000e+00,0.000000000000000000e+00,0.000000000000000000e+00,0.000000000000000000e+00,0.000000000000000000e+00,0.000000000000000000e+00,0.000000000000000000e+00,0.000000000000000000e+00,0.000000000000000000e+00,0.000000000000000000e+00,0.000000000000000000e+00,0.000000000000000000e+00,0.000000000000000000e+00,0.000000000000000000e+00,0.000000000000000000e+00,0.000000000000000000e+00,0.000000000000000000e+00,0.000000000000000000e+00,0.000000000000000000e+00,1.000000000000000000e+00,-2.096720530806455568e-02,-2.701419007842407755e-03,-9.702608540411780669e-02,-5.929931805814962070e-02,-3.892346284645731291e-02,1.549766154100441426e-02,-2.169388481407962810e-01,-7.346818957642585468e-02,-7.407803234182367205e-03,7.894844356773940419e-02,1.669897827533791956e-01,1.986355034115502502e-02,9.925158442718733098e-02,2.506800466219367626e-02,-9.190347165943463237e-02,5.255354992993328117e-02,6.495492665091701610e-03,-4.343377663274514827e-02,-1.107949781785728081e-02,8.426784538300076399e-02,1.150358539847106017e-02,-3.287716893194461004e-02,2.904188414233100507e-02,2.195254000947218787e-01,1.065760305263031144e-01,4.813805904941688418e-02,5.407603963170298789e-02,8.335112041342156164e-02,4.618550016725099516e-02,-7.990090370120528362e-02,-2.035098476037596471e-01,1.270823551010441012e-02,7.699052729231718913e-03,5.516911592968348071e-02,-1.426944637453887166e-01,3.137612372704477043e-02,1.453419002419568118e-01,-2.942132212144709866e-04,-1.369178909658009483e-03,-8.389851543405184298e-02,-9.475751420024217109e-02,1.821533075855848519e-02,-9.455361599642515824e-02,6.041116856896098369e-03,4.873376994734032047e-02,8.119870146595387084e-02,5.603709420116279938e-05,-1.921404174469142426e-02,-2.775510369530111154e-02,-4.864653817520202261e-02,9.891169114892355008e-02,1.021924873825990308e-02,-3.983927024204469286e-02,-3.607406815949473766e-02,-2.993873749011542219e-03,-1.508928357263339681e-01,2.592701407613815737e-03,4.660714790361888960e-02,-2.252532457617099637e-01,-5.176191219078529054e-02,1.522339294551811051e-01,1.006824597201648290e-02,2.135386841917560063e-01,-4.241655291162436947e-02,5.675650996691468386e-02,-1.839220364797560792e-01,-2.295973722384300475e-01,-1.274499300464077833e-01,5.195510855660698951e-02,-2.161829001400300109e-03
0.000000000000000000e+00,0.000000000000000000e+00,0.000000000000000000e+00,0.000000000000000000e+00,0.000000000000000000e+00,0.000000000000000000e+00,0.000000000000000000e+00,0.000000000000000000e+00,0.000000000000000000e+00,0.000000000000000000e+00,0.000000000000000000e+00,0.000000000000000000e+00,0.000000000000000000e+00,0.000000000000000000e+00,0.000000000000000000e+00,0.000000000000000000e+00,0.000000000000000000e+00,0.000000000000000000e+00,0.000000000000000000e+00,0.000000000000000000e+00,0.000000000000000000e+00,0.000000000000000000e+00,0.000000000000000000e+00,0.000000000000000000e+00,0.000000000000000000e+00,0.000000000000000000e+00,0.000000000000000000e+00,0.000000000000000000e+00,0.000000000000000000e+00,0.000000000000000000e+00,1.000000000000000000e+00,3.798809220464842342e-03,-1.269667019909054839e-01,-7.608641766715712462e-02,-2.886725712526590493e-01,-3.304702203719714904e-01,-2.450295374016680239e-01,7.167468345132604890e-02,-1.810716020222078448e-01,5.633207289813160074e-02,4.431970831289532703e-02,1.099755741878416099e-01,-1.458381224210325289e-01,-2.961610061045047981e-01,1.111175044561554248e-01,5.973075535040256456e-02,-3.440466166629368300e-02,1.150966669936129977e-01,-7.458355041770133032e-02,-7.270975483410500873e-02,-1.732011101616967863e-01,2.219225163063984207e-02,4.845898045294681072e-02,-7.190478774817050944e-02,-1.322478836731484364e-01,1.280356894715638238e-01,1.139871432802157941e-01,-8.080211388666723449e-02,-1.150623688895286018e-01,1.507578029445476586e-01,-2.842330780268189847e-02,-1.892626094470587217e-01,-5.683953081257756695e-02,-2.825690970581005643e-02,-1.320518476453370893e-01,-9.238528901908436841e-02,2.288780004604855367e-02,-1.849849277279671383e-02,-1.800089346060145812e-01,-1.369877814055839860e-01,1.057817296820925679e-01,-1.119316544734224872e-01,2.395398541472569254e-01,-2.275380228640921654e-01,-1.287371763741489983e-01,4.295239037388472875e-02,-1.548688649953715579e-01,1.786901453320488553e-01,-1.772025998118799683e-01,-4.720628274912063577e-02,2.158021536372785598e-01,-5.060388372567707627e-02,1.118972143482649256e-01,-1.873826572662125323e-02,-1.125232225166810096e-01,-3.777018926178915548e-02,-6.880847616853065507e-02,-2.028928195342623864e-01,7.532498781898801232e-02,-1.359013273552736947e-02,-3.946354514080695902e-02,-1.008880039104506493e-01,-4.845927475310049526e-02,6.750206178819176395e-02,-9.539364578237148617e-02,3.923811472936392097e-02,1.035004640216665300e-01,-1.148036807197706649e-01,-1.203231792767888858e-01,-1.720376907380040954e-01
0.000000000000000000e+00,0.000000000000000000e+00,0.000000000000000000e+00,0.000000000000000000e+00,0.000000000000000000e+00,0.000000000000000000e+00,0.000000000000000000e+00,0.000000000000000000e+00,0.000000000000000000e+00,0.000000000000000000e+00,0.000000000000000000e+00,0.000000000000000000e+00,0.000000000000000000e+00,0.000000000000000000e+00,0.000000000000000000e+00,0.000000000000000000e+00,0.000000000000000000e+00,0.000000000000000000e+00,0.000000000000000000e+00,0.000000000000000000e+00,0.000000000000000000e+00,0.000000000000000000e+00,0.000000000000000000e+00,0.000000000000000000e+00,0.000000000000000000e+00,0.000000000000000000e+00,0.000000000000000000e+00,0.000000000000000000e+00,0.000000000000000000e+00,0.000000000000000000e+00,0.000000000000000000e+00,1.000000000000000000e+00,1.141476485328791479e-01,-2.924391786128833007e-02,1.612163002196422279e-01,5.369806285820413749e-03,-3.493880194188937749e-02,-1.058467966664379395e-01,-4.787573963066302923e-02,-1.133287838303858874e-01,-6.916152294368957398e-02,1.368113291243029939e-01,3.995145782919494737e-01,1.515737295929364958e-01,8.371101235042201216e-02,1.625487876118509312e-01,5.233008098685507786e-02,-2.636702541798466304e-02,-1.605061502644468674e-01,2.366306469319048866e-01,2.521817924472558037e-01,1.717759268514223725e-01,1.591135949067866429e-01,-1.775240084055032530e-01,-8.172597804709167552e-03,-1.182730073596607312e-01,1.272809971319932287e-01,-1.636135611935363721e-01,-8.015420490986371882e-02,-1.156336798285185485e-01,4.645957237157859188e-02,1.622103131790522245e-03,1.029999681548298546e-01,-1.418464596483402784e-01,-1.402955865350052622e-01,2.405523095941661943e-02,1.034174603136518433e-01,-1.423384462479257428e-01,-1.939719310052859524e-01,-1.280385113216711557e-01,-5.440750795909267412e-02,1.689012645178079586e-01,1.070387441888072111e-01,4.456298197708317976e-02,8.642925843764924509e-02,9.217474220934591955e-02,-1.709672406761071628e-01,-1.031142465489632842e-01,-7.233234679130494393e-02,1.567772529704702933e-01,9.709698593171608993e-02,-2.210868747442280846e-01,-2.787435000436601362e-02,2.308953139176404268e-01,-1.079146808506052935e-01,-8.439113220337728094e-02,-1.824449701225956955e-01,-2.545119629442267953e-02,1.758924331214682113e-01,1.165788842342567050e-01,3.871204424628346685e-02,1.949979349542438622e-01,6.824037919801632934e-02,6.232987055024116936e-03,-8.230719429122884678e-02,8.818564199919676216e-02,3.752929125851257597e-01,2.741922617625098813e-01,2.411563311107668139e-01,-1.409595571644045309e-01
0.000000000000000000e+00,0.000000000000000000e+00,0.000000000000000000e+00,0.000000000000000000e+00,0.000000000000000000e+00,0.000000000000000000e+00,0.000000000000000000e+00,0.000000000000000000e+00,0.000000000000000000e+00,0.000000000000000000e+00,0.000000000000000000e+00,0.000000000000000000e+00,0.000000000000000000e+00,0.000000000000000000e+00,0.000000000000000000e+00,0.000000000000000000e+00,0.000000000000000000e+00,0.000000000000000000e+00,0.000000000000000000e+00,0.000000000000000000e+00,0.000000000000000000e+00,0.000000000000000000e+00,0.000000000000000000e+00,0.000000000000000000e+00,0.000000000000000000e+00,0.000000000000000000e+00,0.000000000000000000e+00,0.000000000000000000e+00,0.000000000000000000e+00,0.000000000000000000e+00,0.000000000000000000e+00,0.000000000000000000e+00,1.000000000000000000e+00,1.544145960128742168e-01,1.668340866795464672e-01,1.494547939950742199e-01,2.075972578298310167e-02,1.228095747422981443e-01,2.132464702815710378e-01,-6.881632131753298576e-02,-1.471255236333803007e-01,-1.915470875212661184e-01,-4.306813816976257786e-02,2.132322749093561176e-01,-2.010605999926682111e-02,-5.008605847085546847e-03,4.621997973572246343e-02,3.761188327930148345e-02,2.084540461547180687e-02,6.713630388850400088e-02,2.742637121484804361e-02,1.826120616158748156e-02,2.238526452497622068e-02,-8.311352875130526008e-02,1.186353947981092644e-01,-1.617824336982238431e-01,4.521241487482687005e-02,6.583835450852563997e-02,-4.998716280700125913e-02,-1.267770599451131797e-01,3.679794426761950205e-02,1.496351997718664562e-01,1.555428365758698139e-01,-5.725601729907446591e-02,3.538859457912646445e-02,-1.386878892870001267e-01,-1.471452397121378042e-01,2.338009915670715300e-03,-2.219712600521068623e-03,8.498270139780472743e-02,-1.878296516486711865e-01,1.250478376806327639e-02,6.270581187452321792e-02,6.097710073642748085e-02,-2.065142009818605739e-01,-1.263095693180148749e-01,5.697874429852293338e-02,-2.403664486455012878e-02,1.024952382606746093e-01,1.299402213596127509e-01,-7.367154242603630998e-02,1.284875749760541752e-01,-1.563647113279853229e-01,9.855127817950401492e-02,-3.450047802500684491e-02,4.614736403793394393e-02,-4.023597793618247792e-02,1.960058003768213597e-01,2.967628502164978629e-02,2.609546874809258177e-01,1.371215674406871775e-02,-1.074195931200175314e-02,-5.738229427255917003e-02,6.113694072560460491e-02,4.081201676454937477e-02,2.853874461968824439e-01,2.009372546926877223e-01,-5.181466033803990706e-02,1.624642995102948684e-01,-1.704606052038305786e-01
0.000000000000000000e+00,0.000000000000000000e+00,0.000000000000000000e+00,0.000000000000000000e+00,0.000000000000000000e+00,0.000000000000000000e+00,0.000000000000000000e+00,0.000000000000000000e+00,0.000000000000000000e+00,0.000000000000000000e+00,0.000000000000000000e+00,0.000000000000000000e+00,0.000000000000000000e+00,0.000000000000000000e+00,0.000000000000000000e+00,0.000000000000000000e+00,0.000000000000000000e+00,0.000000000000000000e+00,0.000000000000000000e+00,0.000000000000000000e+00,0.000000000000000000e+00,0.000000000000000000e+00,0.000000000000000000e+00,0.000000000000000000e+00,0.000000000000000000e+00,0.000000000000000000e+00,0.000000000000000000e+00,0.000000000000000000e+00,0.000000000000000000e+00,0.000000000000000000e+00,0.000000000000000000e+00,0.000000000000000000e+00,0.000000000000000000e+00,1.000000000000000000e+00,1.311641765254688841e-01,2.812056358450319357e-02,-1.684869038628896698e-01,-1.882052348912754136e-01,2.433492378442974058e-01,1.396720165598374641e-01,-1.023627774208337310e-01,-3.383959512123552171e-01,-6.551577395288109285e-02,9.513769278309348876e-02,1.067531502980576946e-01,-1.081960059201590441e-01,7.621360772480645362e-02,7.644907353487424839e-02,-1.047764029848402695e-01,3.854790685116143284e-02,2.268394985884200285e-02,2.938176178558660721e-03,-8.565383886184121942e-02,6.882027687551843520e-02,5.051448533667949464e-02,-4.861518252108971289e-02,3.430087193493749215e-02,6.621413252186619802e-02,-8.788073538263804774e-02,-9.083984790852010771e-02,-1.757610757645818311e-01,8.803172576730355914e-02,-7.183159598060375253e-03,3.760338168040544549e-02,6.296676914216427570e-03,2.374711957125491546e-01,-3.846287533980127793e-01,1.432398686461649195e-01,-1.379551993839798207e-01,2.008737659246730145e-01,-1.235847592133473838e-01,6.274075164935948024e-02,9.830584936680558661e-02,6.771353128986293268e-02,-2.224171872461460156e-02,2.924363904055289273e-02,6.672413338227312085e-02,3.906742480229667691e-02,-4.406681981613443794e-02,-1.081911944447602886e-01,-1.677915710593902987e-01,-2.041528259562584713e-02,-1.059372039469275162e-01,9.749709312150008078e-02,-1.441189677366497002e-01,-3.572829952028084427e-02,-2.194233071138981528e-01,5.578818844919934683e-02,-1.959829068647036265e-01,1.601722506541385371e-01,7.388015175776524446e-02,1.552849030036388966e-01,-5.760310379072946380e-02,-7.110901575115589901e-03,1.289339285979893557e-01,4.938035208980526974e-02,1.643453085453801810e-01,-2.273943947125650900e-01,1.799417426438398859e-01,-1.423051648692037485e-01
0.000000000000000000e+00,0.000000000000000000e+00,0.000000000000000000e+00,0.000000000000000000e+00,0.000000000000000000e+00,0.000000000000000000e+00,0.000000000000000000e+00,0.000000000000000000e+00,0.000000000000000000e+00,0.000000000000000000e+00,0.000000000000000000e+00,0.000000000000000000e+00,0.000000000000000000e+00,0.000000000000000000e+00,0.000000000000000000e+00,0.000000000000000000e+00,0.000000000000000000e+00,0.000000000000000000e+00,0.000000000000000000e+00,0.000000000000000000e+00,0.000000000000000000e+00,0.000000000000000000e+00,0.000000000000000000e+00,0.000000000000000000e+00,0.000000000000000000e+00,0.000000000000000000e+00,0.000000000000000000e+00,0.000000000000000000e+00,0.000000000000000000e+00,0.000000000000000000e+00,0.000000000000000000e+00,0.000000000000000000e+00,0.000000000000000000e+00,0.000000000000000000e+00,1.000000000000000000e+00,1.882001314350583709e-01,1.264206340084632861e-02,-2.157918063100221773e-01,1.243597693679595190e-01,-1.060691873265627722e-01,-1.514625210472561323e-01,-1.624624179854818051e-02,1.331202625124944805e-01,2.181477742601850289e-01,-1.236278880021920157e-01,-4.254578530667363356e-02,-1.151250824204488044e-01,3.982030458219883856e-02,1.610830919309442708e-02,-4.262474258583384690e-02,1.318755888966781920e-01,-2.117527289755456385e-02,2.804569118333435224e-02,6.246158627982494049e-02,1.986952868644892289e-01,-1.904981861958187084e-01,-1.269486268528194350e-02,-4.007399899319138981e-02,1.288781789297706870e-01,-8.364168809379832203e-02,-2.035067116727201642e-01,6.918396320343350205e-03,1.822877154918433884e-01,-6.130232870994836367e-03,1.594265106696196588e-02,4.401926352461751901e-02,-1.326323129086819097e-01,1.079006884593596179e-02,1.011663559366524634e-01,9.080810754316699651e-02,-1.350107805846648967e-01,1.928032444132773415e-01,-2.287886954286659502e-01,1.978610837797174782e-01,-3.138864229696556804e-03,8.486869596257591575e-02,2.493009057912259907e-02,-6.396971282726739150e-02,1.178945628354218789e-01,-1.719605746144494962e-01,-1.238010436459563157e-01,-4.203963708855140008e-02,-2.558980587500205364e-02,1.831061702667432145e-04,8.425780263041567075e-02,5.403866608556556761e-02,-1.602945010006018856e-01,2.398188569385769839e-02,-4.262551908850002041e-02,1.130894455200139176e-01,9.934459775365264700e-02,1.390746601054055065e-01,5.988327060810915564e-02,-1.065919655829358492e-01,2.677413477773058284e-02,-8.146938690394431304e-02,9.410057398408475104e-02,4.391094007948331129e-03,7.575286273793839509e-02,-1.058545537207986470e-01
0.000000000000000000e+00,0.000000000000000000e+00,0.000000000000000000e+00,0.000000000000000000e+00,0.000000000000000000e+00,0.000000000000000000e+00,0.000000000000000000e+00,0.000000000000000000e+00,0.000000000000000000e+00,0.000000000000000000e+00,0.000000000000000000e+00,0.000000000000000000e+00,0.000000000000000000e+00,0.000000000000000000e+00,0.000000000000000000e+00,0.000000000000000000e+00,0.000000000000000000e+00,0.000000000000000000e+00,0.000000000000000000e+00,0.000000000000000000e+00,0.000000000000000000e+00,0.000000000000000000e+00,0.000000000000000000e+00,0.000000000000000000e+00,0.000000000000000000e+00,0.000000000000000000e+00,0.000000000000000000e+00,0.000000000000000000e+00,0.000000000000000000e+00,0.000000000000000000e+00,0.000000000000000000e+00,0.000000000000000000e+00,0.000000000000000000e+00,0.000000000000000000e+00,0.000000000000000000e+00,1.000000000000000000e+00,1.038544650096232952e-01,-7.648377094586762681e-02,1.216087048361606526e-01,2.494354832007722456e-02,-2.098989229446880378e-01,-2.204349321127326566e-01,1.249245634520805975e-01,2.066744005319844646e-01,-4.447369115640589787e-02,-1.599394082284002691e-02,-9.099336021888965176e-02,5.621113087091095251e-02,8.116207659141853881e-02,9.383881328248494524e-02,1.972826093130631842e-01,-1.631547121166214420e-02,-2.019946185624267032e-01,1.415422744825313994e-01,9.736558552300274283e-02,-1.586883801933031135e-01,-1.387076149822858151e-01,6.237816388148089558e-02,1.958585499632134463e-01,7.488754122623879350e-02,3.238355560845588427e-02,1.821933954807862799e-01,1.522704272654434032e-01,-3.831599381363862827e-02,3.978652274158150232e-03,1.330737595629700731e-01,-1.485413516455605099e-01,-1.320318514119137865e-01,6.162980721641373588e-02,1.527478877756740516e-01,-2.309586848284774507e-01,3.879559460406156041e-02,-1.379827142064525836e-01,1.343771866726568009e-01,-5.668147663664166447e-02,-1.224470569418552729e-01,-2.209899145518575553e-02,-2.319506136511116923e-01,6.991573785183546885e-02,-4.020950103007354254e-02,-2.071360583100222696e-01,8.634180748340158917e-02,-1.548303212489249014e-01,9.817264063377126315e-02,2.421007111471122283e-02,1.328855504710185487e-01,9.316765052763147092e-02,2.534104210331455942e-01,6.452877987949705296e-02,1.850256288502037313e-02,-6.325678728800798734e-02,4.718909509466124447e-02,-1.129402407243702833e-01,-3.163295183730547439e-02,2.007458889037087510e-02,-1.137088184569618778e-02,-4.898654817393046507e-02,4.073148413244268018e-02,4.783023610135320181e-02,1.045204747604043007e-02
0.000000000000000000e+00,0.000000000000000000e+00,0.000000000000000000e+00,0.000000000000000000e+00,0.000000000000000000e+00,0.000000000000000000e+00,0.000000000000000000e+00,0.000000000000000000e+00,0.000000000000000000e+00,0.000000000000000000e+00,0.000000000000000000e+00,0.000000000000000000e+00,0.000000000000000000e+00,0.000000000000000000e+00,0.000000000000000000e+00,0.000000000000000000e+00,0.000000000000000000e+00,0.000000000000000000e+00,0.000000000000000000e+00,0.000000000000000000e+00,0.000000000000000000e+00,0.000000000000000000e+00,0.000000000000000000e+00,0.000000000000000000e+00,0.000000000000000000e+00,0.000000000000000000e+00,0.000000000000000000e+00,0.000000000000000000e+00,0.000000000000000000e+00,0.000000000000000000e+00,0.000000000000000000e+00,0.000000000000000000e+00,0.000000000000000000e+00,0.000000000000000000e+00,0.000000000000000000e+00,0.000000000000000000e+00,1.000000000000000000e+00,7.183789727194515862e-02,1.233851785653757027e-01,-4.982464758815381006e-02,-3.805186839148663736e-02,2.611605883697601382e-02,-1.635087727672645749e-02,2.984068453266049484e-02,-7.221285804748810155e-02,2.835277077114569527e-02,-3.237182154291444458e-02,-1.224577261930622496e-01,3.095557970538698189e-02,1.322591313999149365e-01,2.845574018968396665e-02,3.245162308669978513e-02,9.340660829874185278e-02,-2.287712782085127641e-02,1.378271798249941782e-01,-1.009665436561864166e-01,-1.044565094494764729e-01,-4.172791463135054613e-02,1.053374833382292736e-01,-6.289431127027692026e-02,1.227379067876033375e-01,3.198601588201326756e-02,3.731470902035063236e-02,2.188176368071072589e-02,1.409863487568695506e-01,6.044192906309673458e-02,-1.002925498022992912e-01,9.601551865322986712e-03,1.562185655224309910e-01,-1.078976171351183067e-01,-1.004136792700098015e-02,5.469560175356619897e-02,-7.814479161032703014e-02,1.102950027381107562e-01,1.331314811749548244e-01,-9.602612622569560441e-02,7.719196080319079556e-02,-7.525447523240946790e-02,4.342303574777940656e-02,1.887504079942335933e-01,-1.042975065162644044e-01,-8.617502862807435715e-03,-7.625630707614089497e-04,-6.646037627041871676e-02,1.116160019247761648e-01,6.252310589139674357e-02,1.296398076756299644e-01,-1.378957580255915638e-02,4.131710525693611802e-02,4.743086492244859981e-02,-3.145141406585842681e-02,8.206841511926384058e-02,-1.500439256224364859e-01,-3.037653081345240841e-02,-5.379050472351464690e-02,6.238796423334652674e-02,-2.568966484058862049e-02,5.586070260894410167e-02,1.307478853530738908e-02,-3.339787329578582618e-03
0.000000000000000000e+00,0.000000000000000000e+00,0.000000000000000000e+00,0.000000000000000000e+00,0.000000000000000000e+00,0.000000000000000000e+00,0.000000000000000000e+00,0.000000000000000000e+00,0.000000000000000000e+00,0.000000000000000000e+00,0.000000000000000000e+00,0.000000000000000000e+00,0.000000000000000000e+00,0.000000000000000000e+00,0.000000000000000000e+00,0.000000000000000000e+00,0.000000000000000000e+00,0.000000000000000000e+00,0.000000000000000000e+00,0.000000000000000000e+00,0.000000000000000000e+00,0.000000000000000000e+00,0.000000000000000000e+00,0.000000000000000000e+00,0.000000000000000000e+00,0.000000000000000000e+00,0.000000000000000000e+00,0.000000000000000000e+00,0.000000000000000000e+00,0.000000000000000000e+00,0.000000000000000000e+00,0.000000000000000000e+00,0.000000000000000000e+00,0.000000000000000000e+00,0.000000000000000000e+00,0.000000000000000000e+00,0.000000000000000000e+00,1.000000000000000000e+00,6.427559773704813115e-03,9.879673082954579244e-02,-3.459078548290889926e-02,3.805108312675292703e-02,-1.104389662395827559e-01,-7.039181787266701740e-02,-5.196251802074602216e-02,-4.641837570955782699e-02,-1.927976461506997891e-02,-1.163788936117917533e-01,4.299725763821579672e-02,5.054435250493096582e-02,-4.695223181739545393e-02,9.991119383592945991e-02,8.485955358370972368e-02,-1.265692294723162747e-01,3.927323125127817754e-02,-9.226113208411922464e-03,-1.097463605509562679e-01,3.607856237910231356e-02,4.305314271062671977e-02,1.225818831122881675e-01,8.353300821536568943e-02,-2.778298056442904743e-02,3.089524467238803640e-02,3.504469261501301502e-02,1.588076949254899617e-01,-2.034126673271947072e-01,-5.974895826409636068e-02,8.766708776920943691e-02,1.353828159193021068e-02,-1.800637711222260740e-01,4.880269000322075973e-02,-1.073406219506557457e-01,2.682487939386187653e-02,9.831416929860424536e-02,-3.442406941454644043e-02,-1.159894641949001798e-02,-1.157977339879859846e-01,3.281868239966886057e-03,-1.437653459607252321e-03,4.783291853363258461e-02,6.288599128428905283e-02,3.680304437666028113e-03,-6.691252800456237715e-02,-4.770277838225302908e-02,3.874688723170996441e-02,5.386172463316956510e-02,-4.196141430902893682e-02,6.314344892790582642e-02,1.472820049294413548e-02,-1.080287400427379918e-01,-1.729393798051543155e-02,-6.163623283474126829e-02,1.030093662068628790e-01,2.615620150235691693e-02,-2.483309374646791579e-02,6.171210704772101679e-02,3.696313824345344445e-02,1.278775047445034931e-02,-6.046459670676439246e-02,-8.367497453180339217e-02
0.000000000000000000e+00,0.000000000000000000e+00,0.000000000000000000e+00,0.000000000000000000e+00,0.000000000000000000e+00,0.000000000000000000e+00,0.000000000000000000e+00,0.000000000000000000e+00,0.000000000000000000e+00,0.000000000000000000e+00,0.000000000000000000e+00,0.000000000000000000e+00,0.000000000000000000e+00,0.000000000000000000e+00,0.000000000000000000e+00,0.000000000000000000e+00,0.000000000000000000e+00,0.000000000000000000e+00,0.000000000000000000e+00,0.000000000000000000e+00,0.000000000000000000e+00,0.000000000000000000e+00,0.000000000000000000e+00,0.000000000000000000e+00,0.000000000000000000e+00,0.000000000000000000e+00,0.000000000000000000e+00,0.000000000000000000e+00,0.000000000000000000e+00,0.000000000000000000e+00,0.000000000000000000e+00,0.000000000000000000e+00,0.000000000000000000e+00,0.000000000000000000e+00,0.000000000000000000e+00,0.000000000000000000e+00,0.000000000000000000e+00,0.000000000000000000e+00,1.000000000000000000e+00,1.510133626522974781e-01,-1.533440749037267015e-01,-3.302604121865316822e-01,-1.293881733992378602e-01,1.010302356095957727e-01,1.065684888084042353e-01,-6.401599214988652753e-02,-2.632522499636568147e-01,1.520639420472593151e-01,1.503109270254701126e-02,-2.425742544934074776e-02,1.871352647573770178e-01,1.101247393951349240e-01,-1.419942916819135481e-01,2.669453673851803766e-01,2.120326216469140823e-01,-1.320830078697781962e-01,-7.931741145993453923e-02,-1.161196965652689650e-01,9.990582562879472828e-02,-2.655088820473782210e-02,-9.234680995921383875e-03,2.365141846327591391e-01,1.111400787054100670e-01,8.593630371439114901e-02,6.969314887999518426e-02,2.686545715918683963e-01,-1.900123476731534755e-01,8.872350606594506250e-02,2.733776978781263245e-02,-1.794651297434937437e-04,-2.004685432438083614e-01,-6.501764029051155733e-03,-1.398120465920649758e-01,1.749621472543084200e-01,-1.231105293551746499e-01,-6.817133672710192632e-03,-2.562275547310697427e-02,-1.480662695719952571e-01,1.011816998059595490e-01,-1.807534314694291544e-01,-2.283410257284578804e-01,6.618430710931007266e-02,-1.365047395904203931e-01,-4.397937743157932962e-03,7.384985049158233894e-02,5.445503677759611777e-02,-5.820740647884444646e-02,1.792804320976481014e-01,-1.783284689908572751e-01,4.908715838653555930e-02,7.149075802356430476e-02,-6.746997306149894735e-02,-9.164225347944218161e-04,5.424816756844715038e-02,1.989725634235556262e-01,-4.591709105549879322e-02,7.202412715058986725e-02,-1.038046741963499636e-01,1.423225795933746873e-01,-4.253558382465193882e-02
0.000000000000000000e+00,0.000000000000000000e+00,0.000000000000000000e+00,0.000000000000000000e+00,0.000000000000000000e+00,0.000000000000000000e+00,0.000000000000000000e+00,0.000000000000000000e+00,0.000000000000000000e+00,0.000000000000000000e+00,0.000000000000000000e+00,0.000000000000000000e+00,0.000000000000000000e+00,0.000000000000000000e+00,0.000000000000000000e+00,0.000000000000000000e+00,0.000000000000000000e+00,0.000000000000000000e+00,0.000000000000000000e+00,0.000000000000000000e+00,0.000000000000000000e+00,0.000000000000000000e+00,0.000000000000000000e+00,0.000000000000000000e+00,0.000000000000000000e+00,0.000000000000000000e+00,0.000000000000000000e+00,0.000000000000000000e+00,0.000000000000000000e+00,0.000000000000000000e+00,0.000000000000000000e+00,0.000000000000000000e+00,0.000000000000000000e+00,0.000000000000000000e+00,0.000000000000000000e+00,0.000000000000000000e+00,0.000000000000000000e+00,0.000000000000000000e+00,0.000000000000000000e+00,1.000000000000000000e+00,-7.795562749465018149e-02,-2.564751948795752634e-01,-1.910791652252264716e-01,1.380200966012593289e-01,6.834134401536109960e-02,-1.747565541338329531e-01,-9.882208788266273747e-02,9.861903202054921047e-02,-1.352602695963432133e-01,3.255538281251754013e-02,6.989315567643041363e-03,-1.129822833720862396e-01,-1.047029952267386765e-01,8.170433260561520139e-02,3.970179132476260586e-02,1.214782861582376777e-01,5.358926340461087068e-02,-2.262155652197210196e-02,7.765268077776471545e-02,1.737940286238843710e-02,-7.552702193502676409e-02,4.268636434702626631e-02,6.289719606356955484e-02,4.020891115126808656e-03,2.338177650656216577e-01,-9.045922559792002327e-02,-1.920077835874348660e-01,1.132924896802664644e-01,-7.114451246135349016e-02,1.376552123586489290e-02,-1.746112086942692154e-01,-7.415923308920528700e-02,1.487655795527397518e-01,2.437459932415652064e-01,5.608093592847365055e-02,-6.765026248463132386e-02,-8.353470359490150488e-02,1.447176213170386361e-01,-7.417240373045594359e-02,-1.502012038256054505e-01,-1.202803618872243284e-03,1.022507005160822324e-01,-1.322228770562754174e-01,1.631789404501652685e-03,1.125649434494734591e-01,2.569723517459595041e-01,-5.761688804783222928e-02,1.738214678141070946e-01,-1.376343790219318464e-02,-1.320672868552600632e-01,1.185499317645194173e-01,5.438963415386649514e-02,8.419487387786367405e-02,2.139516893405730702e-01,1.597250875597469866e-01,-5.971068049040999075e-03,-3.901197111076522284e-02,-1.506303850457007820e-01,-1.109004245550652829e-01,-1.392756598829727743e-01
0.000000000000000000e+00,0.000000000000000000e+00,0.000000000000000000e+00,0.000000000000000000e+00,0.000000000000000000e+00,0.000000000000000000e+00,0.000000000000000000e+00,0.000000000000000000e+00,0.000000000000000000e+00,0.000000000000000000e+00,0.000000000000000000e+00,0.000000000000000000e+00,0.000000000000000000e+00,0.000000000000000000e+00,0.000000000000000000e+00,0.000000000000000000e+00,0.000000000000000000e+00,0.000000000000000000e+00,0.000000000000000000e+00,0.000000000000000000e+00,0.000000000000000000e+00,0.000000000000000000e+00,0.000000000000000000e+00,0.000000000000000000e+00,0.000000000000000000e+00,0.000000000000000000e+00,0.000000000000000000e+00,0.000000000000000000e+00,0.000000000000000000e+00,0.000000000000000000e+00,0.000000000000000000e+00,0.000000000000000000e+00,0.000000000000000000e+00,0.000000000000000000e+00,0.000000000000000000e+00,0.000000000000000000e+00,0.000000000000000000e+00,0.000000000000000000e+00,0.000000000000000000e+00,0.000000000000000000e+00,1.000000000000000000e+00,1.866268892321704120e-01,-3.806444033940909605e-02,-2.359690179978889413e-01,-1.842651136645915427e-02,6.424660824071558307e-02,2.275538104290449615e-01,-1.523783013299799816e-01,2.224612364287466282e-02,1.048617864729109311e-01,-2.889999211875632357e-01,-4.283715554647141849e-02,2.008393730548082082e-02,-4.908346854530247494e-02,3.428647834326265659e-02,2.332160761000534599e-01,1.431734385520157596e-02,3.243598451352670397e-03,-1.549296730641551434e-02,-8.904909358994086976e-03,-9.320478784379161719e-02,-8.390657344132884665e-02,-1.785483826177963196e-01,1.248542217344758010e-01,4.374985385746747030e-02,-3.124137053184532220e-02,1.520132693842020377e-01,1.729733503130036487e-01,-6.821941574210056008e-03,-1.681852667672763257e-01,2.430705328840115642e-01,7.305267125049980104e-02,1.278149982951440333e-01,9.649610383557279125e-03,1.251206664478146380e-01,2.834647082019495778e-01,-1.668360971650009184e-01,1.465816043030837845e-01,-2.035044251713154229e-01,1.754270262563364657e-01,1.133498211122386558e-02,1.674268914725710322e-01,-4.539038114044968014e-02,-6.278136385898622218e-02,-9.385182490966398339e-02,-1.969854820646579630e-01,1.189834618298759722e-01,2.159174472303272696e-02,-6.663445505951329229e-02,-6.516678162069024227e-02,1.111720900409335772e-01,3.134792621980690003e-02,5.596338798283834182e-02,-8.580087517262119379e-02,1.573798111874051900e-02,-1.131570814503197880e-01,-1.208844197554961863e-01,-1.202352777924781541e-01,1.048522846199035352e-01,1.289783603644946153e-01
0.000000000000000000e+00,0.000000000000000000e+00,0.000000000000000000e+00,0.000000000000000000e+00,0.000000000000000000e+00,0.000000000000000000e+00,0.000000000000000000e+00,0.000000000000000000e+00,0.000000000000000000e+00,0.000000000000000000e+00,0.000000000000000000e+00,0.000000000000000000e+00,0.000000000000000000e+00,0.000000000000000000e+00,0.000000000000000000e+00,0.000000000000000000e+00,0.000000000000000000e+00,0.000000000000000000e+00,0.000000000000000000e+00,0.000000000000000000e+00,0.000000000000000000e+00,0.000000000000000000e+00,0.000000000000000000e+00,0.000000000000000000e+00,0.000000000000000000e+00,0.000000000000000000e+00,0.000000000000000000e+00,0.000000000000000000e+00,0.000000000000000000e+00,0.000000000000000000e+00,0.000000000000000000e+00,0.000000000000000000e+00,0.000000000000000000e+00,0.000000000000000000e+00,0.000000000000000000e+00,0.000000000000000000e+00,0.000000000000000000e+00,0.000000000000000000e+00,0.000000000000000000e+00,0.000000000000000000e+00,0.000000000000000000e+00,1.000000000000000000e+00,1.126449298353693340e-01,-1.920612598987009589e-01,-1.632045659107694002e-01,-2.519608710482817288e-02,3.212282022759724992e-02,-1.315812322340553231e-01,1.617975245303702181e-01,1.021463926435864714e-02,-1.283867306798261720e-01,6.626335847515979482e-02,1.410325930673756445e-01,-2.578888302375623165e-01,-1.787084652641964672e-02,2.455428666597821996e-01,-8.336451532937727560e-02,-6.104497344192955782e-02,5.560484441080966456e-02,8.457587097210333971e-02,1.576430671391249871e-01,-1.094838928784171300e-01,-3.764852279855019496e-02,1.179555033482899418e-01,6.100092588778065900e-02,7.284616078890877866e-02,2.227831142817715271e-01,-3.208672447517780385e-02,-1.527380354553828541e-02,-2.286277278256507173e-01,3.250661564549702787e-01,1.837880527662237584e-01,-4.260807992018071644e-02,-8.817692276855194911e-02,1.307919781096023859e-01,3.108430407901668913e-01,-1.692052267583074587e-01,1.174852252791576956e-01,-5.067725122040828839e-02,1.410146895746652584e-01,1.440134948982455532e-01,-6.092115540632245252e-02,2.797969266390716858e-01,-1.936005907000590831e-01,1.614694378429021304e-01,-1.257118509366080827e-01,-1.574664679147412885e-02,-2.884134975246073207e-01,-1.974461604874444554e-02,-1.323560271648766551e-01,1.438378440698419303e-01,-2.313319214012785063e-02,1.040223189321266006e-01,-3.786637152383854916e-03,-1.661607479825425449e-01,-1.373400028194604258e-02,9.189184921878326695e-03,1.446233082469340903e-01,-5.305069565195993930e-02,1.364469290856077655e-01
0.000000000000000000e+00,0.000000000000000000e+00,0.000000000000000000e+00,0.000000000000000000e+00,0.000000000000000000e+00,0.000000000000000000e+00,0.000000000000000000e+00,0.000000000000000000e+00,0.000000000000000000e+00,0.000000000000000000e+00,0.000000000000000000e+00,0.000000000000000000e+00,0.000000000000000000e+00,0.000000000000000000e+00,0.000000000000000000e+00,0.000000000000000000e+00,0.000000000000000000e+00,0.000000000000000000e+00,0.000000000000000000e+00,0.000000000000000000e+00,0.000000000000000000e+00,0.000000000000000000e+00,0.000000000000000000e+00,0.000000000000000000e+00,0.000000000000000000e+00,0.000000000000000000e+00,0.000000000000000000e+00,0.000000000000000000e+00,0.000000000000000000e+00,0.000000000000000000e+00,0.000000000000000000e+00,0.000000000000000000e+00,0.000000000000000000e+00,0.000000000000000000e+00,0.000000000000000000e+00,0.000000000000000000e+00,0.000000000000000000e+00,0.000000000000000000e+00,0.000000000000000000e+00,0.000000000000000000e+00,0.000000000000000000e+00,0.000000000000000000e+00,1.000000000000000000e+00,8.507960747677488500e-02,-8.573366821978975483e-02,8.151155345193265844e-02,-7.505672085870410126e-02,-4.461566222060451767e-03,-2.858630984693675756e-02,-7.577205292007707649e-02,1.878732524271062299e-01,3.671158198427709046e-02,6.918586060621220724e-02,7.780461464598069365e-02,-9.738795435845176707e-02,-1.119618633385277007e-01,8.940903109747400102e-02,-8.974609859598331463e-02,-5.776879748709610324e-02,-2.130804870256760783e-02,7.417824012748612528e-02,-2.173072369778561164e-01,-6.254024259949030051e-02,-7.439192346622026941e-02,-1.006223143941027132e-01,4.097243977231292134e-02,1.477657262172679953e-01,-9.682508777301214453e-02,-8.991250452896915046e-02,-6.470956055883277103e-02,8.024807589404112096e-02,6.576690112878054439e-02,-3.755467665434082669e-02,-4.764722655816323177e-02,1.224709923121219540e-01,6.643758784807126880e-03,-3.029801802753854037e-02,-1.758673354286804102e-01,1.420490717307641357e-02,1.869304136267602862e-02,-4.756322943298372900e-03,-2.021666346446912010e-01,9.717804993799347701e-02,4.616970482586186392e-02,1.305509970375308415e-02,-9.964515702821605259e-02,-3.940030392540497944e-02,-6.715343728269940193e-02,7.530679297770505320e-02,1.212310390392272452e-01,-1.180109096931729468e-01,3.865724880433975968e-02,-1.735981461777194243e-02,-1.036389873145029672e-01,-3.507383217642303513e-02,-3.381502385684833495e-02,5.982709462648611032e-02,1.795763790744706045e-01,8.489661232704433236e-02,1.519271530276921538e-03
0.000000000000000000e+00,0.000000000000000000e+00,0.000000000000000000e+00,0.000000000000000000e+00,0.000000000000000000e+00,0.000000000000000000e+00,0.000000000000000000e+00,0.000000000000000000e+00,0.000000000000000000e+00,0.000000000000000000e+00,0.000000000000000000e+00,0.000000000000000000e+00,0.000000000000000000e+00,0.000000000000000000e+00,0.000000000000000000e+00,0.000000000000000000e+00,0.000000000000000000e+00,0.000000000000000000e+00,0.000000000000000000e+00,0.000000000000000000e+00,0.000000000000000000e+00,0.000000000000000000e+00,0.000000000000000000e+00,0.000000000000000000e+00,0.000000000000000000e+00,0.000000000000000000e+00,0.000000000000000000e+00,0.000000000000000000e+00,0.000000000000000000e+00,0.000000000000000000e+00,0.000000000000000000e+00,0.000000000000000000e+00,0.000000000000000000e+00,0.000000000000000000e+00,0.000000000000000000e+00,0.000000000000000000e+00,0.000000000000000000e+00,0.000000000000000000e+00,0.000000000000000000e+00,0.000000000000000000e+00,0.000000000000000000e+00,0.000000000000000000e+00,0.000000000000000000e+00,1.000000000000000000e+00,-1.795814149951086361e-02,-1.212684708126861022e-01,-3.250621051873094774e-02,9.638552284749475618e-02,-1.816744928694876970e-01,7.980636495547231701e-02,2.044385973685521884e-01,-1.404863051366224413e-01,1.537970264678248204e-02,-9.893401686997692346e-02,-2.252884642641524160e-02,-6.766802823626129337e-02,1.931864548441258045e-01,-1.494727882209125613e-01,9.025715144437611304e-03,-1.153820431817541431e-01,-2.145350556342165704e-01,1.282369481837874470e-01,2.529465117434935850e-01,-5.695810167537920105e-02,-3.499054707812972870e-02,-1.695498899839769924e-01,-1.457699971215726809e-01,-3.741867794310508449e-02,-1.089421307731913424e-01,1.221660736492591465e-01,-2.853161706654911423e-01,-4.205989331448528601e-02,1.439547774234508914e-01,1.275894376801340047e-01,1.461314273915893455e-03,-1.348369273052950068e-01,4.981715710247143492e-03,-2.400383611619454904e-01,8.818638096888035960e-02,-2.893791650372733171e-02,-5.874533613906930685e-02,-1.593307143327468145e-01,-1.043695583680646494e-01,3.632443014978369716e-02,-1.707796752926730721e-01,7.682983227843342977e-02,1.109126439919740775e-02,1.417791278527514576e-01,7.600759710516906062e-03,1.452906368079835420e-01,3.422549121768514446e-02,6.619202699707711635e-02,4.073516976087556557e-02,-7.203987386562733797e-02,1.476530908844135292e-01,-9.139940902581489279e-02,4.936134435162693040e-02,-6.324297271538560639e-02,-8.515147777234296708e-03,-1.196529172146970493e-01
0.000000000000000000e+00,0.000000000000000000e+00,0.000000000000000000e+00,0.000000000000000000e+00,0.000000000000000000e+00,0.000000000000000000e+00,0.000000000000000000e+00,0.000000000000000000e+00,0.000000000000000000e+00,0.000000000000000000e+00,0.000000000000000000e+00,0.000000000000000000e+00,0.000000000000000000e+00,0.000000000000000000e+00,0.000000000000000000e+00,0.000000000000000000e+00,0.000000000000000000e+00,0.000000000000000000e+00,0.000000000000000000e+00,0.000000000000000000e+00,0.000000000000000000e+00,0.000000000000000000e+00,0.000000000000000000e+00,0.000000000000000000e+00,0.000000000000000000e+00,0.000000000000000000e+00,0.000000000000000000e+00,0.000000000000000000e+00,0.000000000000000000e+00,0.000000000000000000e+00,0.000000000000000000e+00,0.000000000000000000e+00,0.000000000000000000e+00,0.000000000000000000e+00,0.000000000000000000e+00,0.000000000000000000e+00,0.000000000000000000e+00,0.000000000000000000e+00,0.000000000000000000e+00,0.000000000000000000e+00,0.000000000000000000e+00,0.000000000000000000e+00,0.000000000000000000e+00,0.000000000000000000e+00,1.000000000000000000e+00,1.014810507817896224e-01,3.316600848485422998e-02,1.067086826066994398e-01,-1.762880793066240806e-02,-1.086556994859772113e-01,1.259100368446908758e-01,-1.454258475944046267e-03,-8.188104215514684092e-02,-2.927128270698704793e-02,-3.461748027623997442e-02,-3.877778821489434591e-02,-4.398369569553662456e-02,-8.874212993879444789e-02,-3.953414347916042043e-02,2.947396362882403684e-02,-4.032555703857221285e-02,1.279942395789652465e-01,1.784327880649076714e-02,-8.443205053315621517e-03,-1.883210510066764265e-01,-7.641510418088900969e-03,-5.993974528059028972e-02,-3.709491092458232914e-02,-3.421181670911883216e-02,9.536045912973924177e-02,-1.880739972376878899e-01,6.469481688896596902e-03,4.023403003824074786e-02,-6.658772151113760696e-02,-8.973556565245000005e-02,-1.120767832493453769e-01,-9.932509544258695533e-02,6.981672151827014727e-02,-1.944952918403367315e-01,-1.343796609962336075e-01,-1.162081145941052523e-01,-4.418559954496310838e-02,-1.802708483639337833e-01,2.326781808102621196e-01,-1.307927794320228321e-01,6.160216285195744407e-02,-8.909159927799154000e-02,1.113936072705965785e-01,1.001287534341638308e-01,-4.318494932209870213e-02,-4.340411058842295194e-02,4.653591852097966296e-03,-8.156950928705840320e-02,1.397405110299180520e-01,-8.097797129407512118e-02,1.683036150278850035e-02,1.338883032283093577e-01,-8.222753342259266074e-02,7.375611041434032566e-02,6.673775531860566719e-03
0.000000000000000000e+00,0.000000000000000000e+00,0.000000000000000000e+00,0.000000000000000000e+00,0.000000000000000000e+00,0.000000000000000000e+00,0.000000000000000000e+00,0.000000000000000000e+00,0.000000000000000000e+00,0.000000000000000000e+00,0.000000000000000000e+00,0.000000000000000000e+00,0.000000000000000000e+00,0.000000000000000000e+00,0.000000000000000000e+00,0.000000000000000000e+00,0.000000000000000000e+00,0.000000000000000000e+00,0.000000000000000000e+00,0.000000000000000000e+00,0.000000000000000000e+00,0.000000000000000000e+00,0.000000000000000000e+00,0.000000000000000000e+00,0.000000000000000000e+00,0.000000000000000000e+00,0.000000000000000000e+00,0.000000000000000000e+00,0.000000000000000000e+00,0.000000000000000000e+00,0.000000000000000000e+00,0.000000000000000000e+00,0.000000000000000000e+00,0.000000000000000000e+00,0.000000000000000000e+00,0.000000000000000000e+00,0.000000000000000000e+00,0.000000000000000000e+00,0.000000000000000000e+00,0.000000000000000000e+00,0.000000000000000000e+00,0.000000000000000000e+00,0.000000000000000000e+00,0.000000000000000000e+00,0.000000000000000000e+00,1.000000000000000000e+00,1.079800587692457958e-01,-1.514972385670544375e-01,-9.218755858999051755e-02,5.581389565624865490e-02,2.243150258148833565e-02,-1.115716339436252091e-01,-3.648987463779809065e-02,2.798145990098915327e-03,-1.006543425224582788e-01,-2.500036851210274066e-02,5.300059256352773751e-02,-8.675126644424707711e-02,-1.031219944572999286e-01,-1.061417100192073998e-01,1.033751120334119450e-01,-1.188211882453212020e-01,-1.501428976132535009e-01,1.527280773647841407e-02,-1.043618404928861182e-01,-9.922702382909290297e-02,6.716329506904062177e-03,-6.088260841297724046e-02,-3.094820351741129835e-02,-3.633414519897620182e-02,-8.877155254154334152e-02,-1.025397194632729769e-01,4.725579005551119871e-02,-1.317206413957835720e-01,4.303594182831218390e-02,-1.184580756825096143e-01,-1.250674828212621215e-01,-6.644833485355422509e-02,-9.900282665239477919e-02,1.552431589478971141e-01,1.266363816566842652e-02,-7.586913645843509912e-02,-3.258747439298176340e-02,1.535445530633326450e-01,-6.905772474993856873e-03,-1.665481327239747844e-01,1.576284226387962561e-02,-5.384423194272688895e-02,6.453642737334426560e-02,1.698800502345650665e-01,-6.698070148100506230e-03,9.514158388115857845e-02,5.878174754039555000e-02,-8.989716988443381684e-02,5.937868913865545356e-02,1.382866070327990748e-01,2.627638842159467445e-03,-5.274848041887041095e-02,-1.010536067299074581e-01,4.470653497778900171e-02
0.000000000000000000e+00,0.000000000000000000e+00,0.000000000000000000e+00,0.000000000000000000e+00,0.000000000000000000e+00,0.000000000000000000e+00,0.000000000000000000e+00,0.000000000000000000e+00,0.000000000000000000e+00,0.000000000000000000e+00,0.000000000000000000e+00,0.000000000000000000e+00,0.000000000000000000e+00,0.000000000000000000e+00,0.000000000000000000e+00,0.000000000000000000e+00,0.000000000000000000e+00,0.000000000000000000e+00,0.000000000000000000e+00,0.000000000000000000e+00,0.000000000000000000e+00,0.000000000000000000e+00,0.000000000000000000e+00,0.000000000000000000e+00,0.000000000000000000e+00,0.000000000000000000e+00,0.000000000000000000e+00,0.000000000000000000e+00,0.000000000000000000e+00,0.000000000000000000e+00,0.000000000000000000e+00,0.000000000000000000e+00,0.000000000000000000e+00,0.000000000000000000e+00,0.000000000000000000e+00,0.000000000000000000e+00,0.000000000000000000e+00,0.000000000000000000e+00,0.000000000000000000e+00,0.000000000000000000e+00,0.000000000000000000e+00,0.000000000000000000e+00,0.000000000000000000e+00,0.000000000000000000e+00,0.000000000000000000e+00,0.000000000000000000e+00,1.000000000000000000e+00,-1.301132997334467079e-01,7.524913789624684823e-02,9.975567425547703093e-02,-9.718499319785539603e-02,-6.318415875177695040e-02,6.928284333681808405e-02,-7.886563362326795557e-02,2.363928006539541340e-02,2.599963506706280333e-02,3.544144820037511273e-02,1.473698709595400724e-01,-5.610811343039167481e-02,-4.919193081354603092e-02,3.658393763403992860e-02,-9.821105503168850448e-02,2.810265623276909843e-03,-5.807506272555350985e-02,3.839246586829652298e-03,-1.246914050359942266e-01,-4.732623944833921209e-02,-6.817318955254926538e-02,-4.633484438809005318e-02,-2.474665162379663386e-02,1.395199751492900431e-01,4.754562221769745994e-02,1.101724265776624495e-01,-1.509745300294310644e-01,7.400157000845306032e-02,1.643829074447365757e-02,1.413205565735330405e-01,3.336289318914408691e-02,-1.151663780802480302e-01,1.871039513896378126e-01,1.029722866860757896e-01,1.621715755223721855e-01,-2.569018630987421684e-02,6.682119746830131324e-02,-5.499930344800421644e-02,-1.072629569197156019e-01,4.367086677412822249e-02,-7.221065114505172133e-02,-1.882826634717074460e-03,-7.452625013748710725e-02,1.091163642843126502e-01,7.306493086836166051e-02,-1.337913280975022989e-01,-1.513482188879015089e-01,-5.377397042817939204e-02,8.957570545583827537e-02,6.650724616945286050e-02,4.682585409613550242e-02,-6.035625217659769393e-02,5.608733821548814169e-02
0.000000000000000000e+00,0.000000000000000000e+00,0.000000000000000000e+00,0.000000000000000000e+00,0.000000000000000000e+00,0.000000000000000000e+00,0.000000000000000000e+00,0.000000000000000000e+00,0.000000000000000000e+00,0.000000000000000000e+00,0.000000000000000000e+00,0.000000000000000000e+00,0.000000000000000000e+00,0.000000000000000000e+00,0.000000000000000000e+00,0.000000000000000000e+00,0.000000000000000000e+00,0.000000000000000000e+00,0.000000000000000000e+00,0.000000000000000000e+00,0.000000000000000000e+00,0.000000000000000000e+00,0.000000000000000000e+00,0.000000000000000000e+00,0.000000000000000000e+00,0.000000000000000000e+00,0.000000000000000000e+00,0.000000000000000000e+00,0.000000000000000000e+00,0.000000000000000000e+00,0.000000000000000000e+00,0.000000000000000000e+00,0.000000000000000000e+00,0.000000000000000000e+00,0.000000000000000000e+00,0.000000000000000000e+00,0.000000000000000000e+00,0.000000000000000000e+00,0.000000000000000000e+00,0.000000000000000000e+00,0.000000000000000000e+00,0.000000000000000000e+00,0.000000000000000000e+00,0.000000000000000000e+00,0.000000000000000000e+00,0.000000000000000000e+00,0.000000000000000000e+00,1.000000000000000000e+00,-1.107615357509485060e-01,-1.378787960113994904e-01,6.940720351797553811e-02,1.690420075586548596e-02,-5.899427845748863447e-02,1.021622924795742154e-01,-6.287835603906730131e-02,1.542158792334864630e-02,-8.274660252944500416e-02,-9.895927048785023439e-02,6.453226791903035608e-02,9.967054203558320391e-02,6.617871856083562543e-02,2.126562697935613921e-01,5.981985992579149508e-02,-1.548073173578106421e-01,-1.028007093486509593e-01,-4.704703306555081677e-02,3.477101465827914933e-02,-3.378489810638385382e-02,-9.172916456354608672e-02,3.776421269735853736e-02,-1.326744746427964416e-01,-2.367011007186943516e-02,4.406871620956252095e-02,3.590021164397916992e-02,-1.971759025213111749e-01,5.717784005210705539e-02,-9.495749435065427638e-03,1.529507546337276758e-01,4.521690695767666135e-02,-8.540878863606538030e-02,-7.097335818745531544e-02,-5.453485697128495485e-02,-3.704829573552276961e-02,2.080491454722985939e-02,-9.708617016438302050e-02,2.165913589437714060e-01,2.581230009039286468e-04,4.850750533587518815e-02,5.678594802206622660e-02,-1.272765261489991473e-01,-1.731996667068868012e-01,-1.218376091042933929e-01,-4.494241887341434566e-02,-4.257866704279054948e-02,6.498726769592504116e-02,-1.900316583242028096e-02,-1.173919240954537056e-02,-3.561265217599648286e-02,-1.633569316570555319e-01,-6.610725446793637439e-02
0.000000000000000000e+00,0.000000000000000000e+00,0.000000000000000000e+00,0.000000000000000000e+00,0.000000000000000000e+00,0.000000000000000000e+00,0.000000000000000000e+00,0.000000000000000000e+00,0.000000000000000000e+00,0.000000000000000000e+00,0.000000000000000000e+00,0.000000000000000000e+00,0.000000000000000000e+00,0.000000000000000000e+00,0.000000000000000000e+00,0.000000000000000000e+00,0.000000000000000000e+00,0.000000000000000000e+00,0.000000000000000000e+00,0.000000000000000000e+00,0.000000000000000000e+00,0.000000000000000000e+00,0.000000000000000000e+00,0.000000000000000000e+00,0.000000000000000000e+00,0.000000000000000000e+00,0.000000000000000000e+00,0.000000000000000000e+00,0.000000000000000000e+00,0.000000000000000000e+00,0.000000000000000000e+00,0.000000000000000000e+00,0.000000000000000000e+00,0.000000000000000000e+00,0.000000000000000000e+00,0.000000000000000000e+00,0.000000000000000000e+00,0.000000000000000000e+00,0.000000000000000000e+00,0.000000000000000000e+00,0.000000000000000000e+00,0.000000000000000000e+00,0.000000000000000000e+00,0.000000000000000000e+00,0.000000000000000000e+00,0.000000000000000000e+00,0.000000000000000000e+00,0.000000000000000000e+00,1.000000000000000000e+00,-6.771023656837658888e-02,-2.493196474657120854e-01,2.063102066191554729e-01,5.305848605216595404e-02,6.158781272906087983e-02,9.416291508185105352e-02,-1.735591210019586939e-01,-1.469991942526665228e-02,2.648717301006677793e-01,1.913836355843901160e-01,3.258462210906248879e-02,1.277798705542609881e-01,-1.333833104477857301e-01,-2.652708600965215241e-02,1.420137061100581466e-01,2.142497160498059161e-01,8.396338670125298720e-02,2.312311995983116347e-02,-2.288074185393256313e-02,2.663922954346319427e-01,1.077841508081206490e-01,1.826720558733510302e-01,1.511947796793944032e-01,-2.787232293968875396e-01,-1.304623900523439461e-01,3.634565536530132146e-02,9.957784200705287192e-02,9.378079255881638376e-02,-1.236725303855888691e-01,1.753967307818394272e-01,2.374720084980102772e-02,-7.856744978010929414e-02,2.177638528848417354e-01,1.662876150676466103e-01,-1.413173246133318239e-01,2.363374112238963154e-01,5.957988587311883327e-02,7.711784240128613521e-02,-3.102300125039048409e-02,-2.052907541070364550e-01,-5.376334749890825104e-02,6.260560580932204855e-02,-1.397168626741199515e-01,-1.122621264902732147e-01,-1.552575798524165329e-01,-1.320038119229493545e-01,3.593627338634724361e-02,-1.357813529851086831e-01,2.149455216351546516e-01,-1.405064924949576688e-01,2.358087020690443347e-01
0.000000000000000000e+00,0.000000000000000000e+00,0.000000000000000000e+00,0.000000000000000000e+00,0.000000000000000000e+00,0.000000000000000000e+00,0.000000000000000000e+00,0.000000000000000000e+00,0.000000000000000000e+00,0.000000000000000000e+00,0.000000000000000000e+00,0.000000000000000000e+00,0.000000000000000000e+00,0.000000000000000000e+00,0.000000000000000000e+00,0.000000000000000000e+00,0.000000000000000000e+00,0.000000000000000000e+00,0.000000000000000000e+00,0.000000000000000000e+00,0.000000000000000000e+00,0.000000000000000000e+00,0.000000000000000000e+00,0.000000000000000000e+00,0.000000000000000000e+00,0.000000000000000000e+00,0.000000000000000000e+00,0.000000000000000000e+00,0.000000000000000000e+00,0.000000000000000000e+00,0.000000000000000000e+00,0.000000000000000000e+00,0.000000000000000000e+00,0.000000000000000000e+00,0.000000000000000000e+00,0.000000000000000000e+00,0.000000000000000000e+00,0.000000000000000000e+00,0.000000000000000000e+00,0.000000000000000000e+00,0.000000000000000000e+00,0.000000000000000000e+00,0.000000000000000000e+00,0.000000000000000000e+00,0.000000000000000000e+00,0.000000000000000000e+00,0.000000000000000000e+00,0.000000000000000000e+00,0.000000000000000000e+00,1.000000000000000000e+00,8.503658303995546494e-03,7.188821545636059351e-02,8.090297652771967496e-02,-7.033250563805658329e-02,1.323393298661893203e-01,4.862366831189398469e-02,6.188189240176482364e-02,2.473540476610874665e-03,1.541710703742562305e-01,-1.574751551742739064e-01,-7.064776761327247467e-02,8.669631791894570616e-02,6.869923688822293650e-02,-9.563549862959565273e-02,1.134499639935570951e-02,6.300764422186364011e-02,2.795558802222201239e-02,2.745757900180192251e-02,8.703267291674116057e-02,-2.651953995076259396e-01,-1.270460140423201323e-01,6.535712302136967300e-02,1.268810566517027671e-01,1.754876733746842943e-01,2.639916615609062545e-01,9.712221119867360877e-03,3.745470106651337117e-02,-1.510833977545937290e-01,-5.851646486595740715e-02,2.180134816333833547e-01,1.761355043704661977e-02,7.965481462849367811e-02,-6.659457146545086359e-02,9.238366699910691149e-02,-1.483768585085048497e-01,-1.169932427572024057e-02,6.715992256598032374e-03,8.525055383391764996e-02,6.569886167656895093e-02,1.876635455263061247e-01,1.677814597278610431e-01,1.803495772393710339e-01,7.927284819084680356e-02,3.163568305242387552e-02,-4.844725922834934584e-02,9.835343754513042880e-02,-1.095547047559494724e-02,1.186800550511553365e-02,1.919433752163351437e-01,-1.204093177986522017e-01
0.000000000000000000e+00,0.000000000000000000e+00,0.000000000000000000e+00,0.000000000000000000e+00,0.000000000000000000e+00,0.000000000000000000e+00,0.000000000000000000e+00,0.000000000000000000e+00,0.000000000000000000e+00,0.000000000000000000e+00,0.000000000000000000e+00,0.000000000000000000e+00,0.000000000000000000e+00,0.000000000000000000e+00,0.000000000000000000e+00,0.000000000000000000e+00,0.000000000000000000e+00,0.000000000000000000e+00,0.000000000000000000e+00,0.000000000000000000e+00,0.000000000000000000e+00,0.000000000000000000e+00,0.000000000000000000e+00,0.000000000000000000e+00,0.000000000000000000e+00,0.000000000000000000e+00,0.000000000000000000e+00,0.000000000000000000e+00,0.000000000000000000e+00,0.000000000000000000e+00,0.000000000000000000e+00,0.000000000000000000e+00,0.000000000000000000e+00,0.000000000000000000e+00,0.000000000000000000e+00,0.000000000000000000e+00,0.000000000000000000e+00,0.000000000000000000e+00,0.000000000000000000e+00,0.000000000000000000e+00,0.000000000000000000e+00,0.000000000000000000e+00,0.000000000000000000e+00,0.000000000000000000e+00,0.000000000000000000e+00,0.000000000000000000e+00,0.000000000000000000e+00,0.000000000000000000e+00,0.000000000000000000e+00,0.000000000000000000e+00,1.000000000000000000e+00,1.148427918507161083e-01,7.660477406764019948e-02,8.960048242907309168e-02,8.117148890157568908e-02,-9.502672971078073016e-02,-7.160369901942861826e-02,-6.110582710151679642e-02,4.315858862191266493e-02,-8.995621049422286575e-02,-6.040202431969997343e-02,1.514005927465680579e-01,2.902453833207005451e-02,-6.866618358338023864e-02,-4.484150976628502316e-02,1.218570917106272244e-01,-1.558872721900851910e-01,-2.806719033383981987e-01,5.369253607561854519e-02,-3.078644091608327867e-03,-1.275778959037281168e-01,1.225115040811930872e-01,-2.821714231471795023e-02,6.884780514850166733e-02,-4.674625248684669172e-03,-9.773506593908641571e-02,1.860912599943293291e-02,-2.110472049791696780e-01,8.945830391011305727e-02,7.430861431919370472e-03,3.012030417989757999e-02,-1.767191243047271376e-01,-8.475931265005255677e-02,2.911391649886784783e-01,-1.743394031048380380e-02,1.666254553064649702e-01,-8.225584546918842874e-03,7.380397885783950007e-02,1.829523909309508853e-02,-6.250693226963605770e-03,-9.068743454422543981e-02,9.762557768183995066e-02,-1.920591287384004753e-02,1.283503600382855381e-01,-5.175821482710599858e-02,1.255741097354397089e-02,9.776994934133020898e-02,1.848929911943253401e-01,1.569770658193614943e-01,-1.401536930980552820e-01
0.000000000000000000e+00,0.000000000000000000e+00,0.000000000000000000e+00,0.000000000000000000e+00,0.000000000000000000e+00,0.000000000000000000e+00,0.000000000000000000e+00,0.000000000000000000e+00,0.000000000000000000e+00,0.000000000000000000e+00,0.000000000000000000e+00,0.000000000000000000e+00,0.000000000000000000e+00,0.000000000000000000e+00,0.000000000000000000e+00,0.000000000000000000e+00,0.000000000000000000e+00,0.000000000000000000e+00,0.000000000000000000e+00,0.000000000000000000e+00,0.000000000000000000e+00,0.000000000000000000e+00,0.000000000000000000e+00,0.000000000000000000e+00,0.000000000000000000e+00,0.000000000000000000e+00,0.000000000000000000e+00,0.000000000000000000e+00,0.000000000000000000e+00,0.000000000000000000e+00,0.000000000000000000e+00,0.000000000000000000e+00,0.000000000000000000e+00,0.000000000000000000e+00,0.000000000000000000e+00,0.000000000000000000e+00,0.000000000000000000e+00,0.000000000000000000e+00,0.000000000000000000e+00,0.000000000000000000e+00,0.000000000000000000e+00,0.000000000000000000e+00,0.000000000000000000e+00,0.000000000000000000e+00,0.000000000000000000e+00,0.000000000000000000e+00,0.000000000000000000e+00,0.000000000000000000e+00,0.000000000000000000e+00,0.000000000000000000e+00,0.000000000000000000e+00,1.000000000000000000e+00,3.277524399449766035e-01,4.005114934912354374e-02,1.596433315631319294e-01,-9.574763807883657218e-02,-3.138850098687915452e-02,9.041384492762213898e-02,2.349654113305989500e-01,-1.992366537977664775e-01,2.589976219926026432e-02,1.820926758515847496e-02,3.248054999241466179e-02,-1.109408700453770186e-01,-3.572717610313738690e-02,2.127533005185074100e-01,8.984943972898314091e-02,-9.446557445392063379e-02,2.083124871768731179e-01,-1.843078716994906718e-01,1.165403254936132754e-01,1.432547249225790964e-01,-2.100198050091925117e-01,1.239999129541056871e-01,2.592341856492142577e-02,3.307992076096670786e-01,-1.468970965441710082e-02,-7.023671952305514388e-02,1.872644755480826761e-01,1.539281835263090481e-01,2.041245461555604990e-01,-6.127700580159404359e-02,5.234198036962278006e-02,1.235463291503964903e-02,1.120880572949310844e-01,2.324980089910259062e-01,1.615919568493724978e-01,-1.824618763733754090e-02,2.225186019291919715e-03,-5.400158020181570345e-02,-8.334285617835832105e-02,-9.332384811448374284e-02,-8.883051233633296022e-05,1.781106344136405006e-01,-3.273509536197874437e-01,2.134530509389662989e-01,-7.705019414847774639e-02,3.353832496488028947e-01,2.897526585046267811e-01,-1.792566104155644269e-01
0.000000000000000000e+00,0.000000000000000000e+00,0.000000000000000000e+00,0.000000000000000000e+00,0.000000000000000000e+00,0.000000000000000000e+00,0.000000000000000000e+00,0.000000000000000000e+00,0.000000000000000000e+00,0.000000000000000000e+00,0.000000000000000000e+00,0.000000000000000000e+00,0.000000000000000000e+00,0.000000000000000000e+00,0.000000000000000000e+00,0.000000000000000000e+00,0.000000000000000000e+00,0.000000000000000000e+00,0.000000000000000000e+00,0.000000000000000000e+00,0.000000000000000000e+00,0.000000000000000000e+00,0.000000000000000000e+00,0.000000000000000000e+00,0.000000000000000000e+00,0.000000000000000000e+00,0.000000000000000000e+00,0.000000000000000000e+00,0.000000000000000000e+00,0.000000000000000000e+00,0.000000000000000000e+00,0.000000000000000000e+00,0.000000000000000000e+00,0.000000000000000000e+00,0.000000000000000000e+00,0.000000000000000000e+00,0.000000000000000000e+00,0.000000000000000000e+00,0.000000000000000000e+00,0.000000000000000000e+00,0.000000000000000000e+00,0.000000000000000000e+00,0.000000000000000000e+00,0.000000000000000000e+00,0.000000000000000000e+00,0.000000000000000000e+00,0.000000000000000000e+00,0.000000000000000000e+00,0.000000000000000000e+00,0.000000000000000000e+00,0.000000000000000000e+00,0.000000000000000000e+00,1.000000000000000000e+00,-1.490742902204428635e-02,1.651470345057926836e-01,6.192632901770129400e-02,-6.223337581477992458e-02,-2.630214340620996849e-02,9.950730005426565439e-02,-2.198805534996201017e-01,1.946258050407388349e-02,-1.088781093623526486e-01,6.538344349526676452e-03,-6.966386212343424200e-02,6.312662725525435871e-03,-5.659187401925450805e-02,4.352612247736352413e-02,-2.745389655868532564e-02,3.246807046347507941e-02,-6.581958962993615658e-02,-6.277036069815424002e-02,-2.173845866223655249e-02,7.019439764101707835e-02,7.266349715250641772e-02,5.528353672020312748e-02,2.097857265538862759e-01,-1.994810618609857075e-02,2.308429015625906161e-02,7.267914112277021332e-02,1.038100633075286772e-01,2.153143498424781310e-01,-6.890002345416759710e-02,-2.133152981613373623e-03,5.568266869115738593e-02,-2.677409583262443937e-02,7.628165524607534442e-02,1.800043522035157245e-02,-1.913857456877428864e-01,2.248093354131219454e-02,1.370987155797410463e-02,-6.409797948641401955e-02,-3.190193009355302839e-02,-2.250967773276890682e-02,-3.678039879730624073e-02,-2.456776009039898789e-01,1.700655043755612272e-01,1.584594379234762970e-02,1.064688550964493635e-01,-1.693111690358375943e-02,-1.384505461132746473e-01
0.000000000000000000e+00,0.000000000000000000e+00,0.000000000000000000e+00,0.000000000000000000e+00,0.000000000000000000e+00,0.000000000000000000e+00,0.000000000000000000e+00,0.000000000000000000e+00,0.000000000000000000e+00,0.000000000000000000e+00,0.000000000000000000e+00,0.000000000000000000e+00,0.000000000000000000e+00,0.000000000000000000e+00,0.000000000000000000e+00,0.000000000000000000e+00,0.000000000000000000e+00,0.000000000000000000e+00,0.000000000000000000e+00,0.000000000000000000e+00,0.000000000000000000e+00,0.000000000000000000e+00,0.000000000000000000e+00,0.000000000000000000e+00,0.000000000000000000e+00,0.000000000000000000e+00,0.000000000000000000e+00,0.000000000000000000e+00,0.000000000000000000e+00,0.000000000000000000e+00,0.000000000000000000e+00,0.000000000000000000e+00,0.000000000000000000e+00,0.000000000000000000e+00,0.000000000000000000e+00,0.000000000000000000e+00,0.000000000000000000e+00,0.000000000000000000e+00,0.000000000000000000e+00,0.000000000000000000e+00,0.000000000000000000e+00,0.000000000000000000e+00,0.000000000000000000e+00,0.000000000000000000e+00,0.000000000000000000e+00,0.000000000000000000e+00,0.000000000000000000e+00,0.000000000000000000e+00,0.000000000000000000e+00,0.000000000000000000e+00,0.000000000000000000e+00,0.000000000000000000e+00,0.000000000000000000e+00,1.000000000000000000e+00,6.932819012028258732e-02,-1.291886168926895950e-01,-1.069371397192976220e-01,-8.837932479280802278e-02,1.448576158881776932e-01,-1.024533766679367880e-01,-3.710073053781631769e-02,7.391183549714781809e-02,-1.121392890323255967e-02,-6.947105948778617424e-02,-8.530323033828671186e-02,2.434494523910830099e-01,-7.352053206601307997e-03,-1.005857958348186781e-01,8.018715816155398690e-02,1.117308737750173225e-01,-1.599827370274263527e-01,5.414926693041607203e-02,-2.067132923327203442e-01,2.610210949004459699e-02,4.448260906114472057e-02,2.619997710691938583e-02,1.065745316255326675e-01,-9.779253552841243868e-02,2.312956940958391452e-02,-3.138320446733992020e-01,-6.385887057121612809e-02,1.067059821697114025e-01,-1.557310132517649159e-01,-5.501430461503625802e-02,9.261068756550741229e-03,5.475616427123251168e-02,1.283627084430488952e-01,3.309940623204885024e-02,-8.773849594294889920e-02,-2.959696012191758221e-02,3.618705437039754225e-02,-9.499618527601599860e-02,2.401330690764051992e-02,-7.131913244018364684e-02,9.675912743804530869e-02,-1.083019834605895293e-01,-2.743630366230779827e-01,-1.085678781362593021e-01,-1.162962992818665497e-02,8.861118707153176066e-02
0.000000000000000000e+00,0.000000000000000000e+00,0.000000000000000000e+00,0.000000000000000000e+00,0.000000000000000000e+00,0.000000000000000000e+00,0.000000000000000000e+00,0.000000000000000000e+00,0.000000000000000000e+00,0.000000000000000000e+00,0.000000000000000000e+00,0.000000000000000000e+00,0.000000000000000000e+00,0.000000000000000000e+00,0.000000000000000000e+00,0.000000000000000000e+00,0.000000000000000000e+00,0.000000000000000000e+00,0.000000000000000000e+00,0.000000000000000000e+00,0.000000000000000000e+00,0.000000000000000000e+00,0.000000000000000000e+00,0.000000000000000000e+00,0.000000000000000000e+00,0.000000000000000000e+00,0.000000000000000000e+00,0.000000000000000000e+00,0.000000000000000000e+00,0.000000000000000000e+00,0.000000000000000000e+00,0.000000000000000000e+00,0.000000000000000000e+00,0.000000000000000000e+00,0.000000000000000000e+00,0.000000000000000000e+00,0.000000000000000000e+00,0.000000000000000000e+00,0.000000000000000000e+00,0.000000000000000000e+00,0.000000000000000000e+00,0.000000000000000000e+00,0.000000000000000000e+00,0.000000000000000000e+00,0.000000000000000000e+00,0.000000000000000000e+00,0.000000000000000000e+00,0.000000000000000000e+00,0.000000000000000000e+00,0.000000000000000000e+00,0.000000000000000000e+00,0.000000000000000000e+00,0.000000000000000000e+00,0.000000000000000000e+00,1.000000000000000000e+00,8.754926681117100595e-02,-1.277710131759692280e-01,7.383797414187784000e-03,6.384809608047484208e-02,-1.003003037851432078e-01,3.982405223134592720e-02,1.275475350339378700e-01,2.979938661294247518e-02,2.832646924997140464e-02,9.259534386352216706e-02,3.880962132738765419e-02,1.813737138063111973e-02,-6.027988533333624409e-03,1.782624592515641426e-01,-4.866290711529940027e-02,-9.347791887265242960e-02,1.055524642393851908e-01,-7.591639977383127236e-02,1.771087507727526489e-01,-1.203644637524495763e-02,7.196082921025141743e-02,5.849350401322701322e-03,-8.557708150504780842e-02,-5.206632172479640219e-02,6.682322072243389310e-02,4.164766843683422037e-02,1.314440930403392715e-01,-1.384181895807774787e-01,5.226746786438742770e-02,9.405353868206901835e-02,9.126089654222943603e-03,-3.765791603972099000e-02,1.996705143051179590e-02,-1.465254961794090482e-01,-4.974009743511954157e-02,6.260718462096040438e-02,3.347436797770647621e-02,2.704320404705985378e-02,2.583059573066356159e-04,-1.387919602337328306e-01,-1.694024969234564360e-02,-3.441451381817704769e-02,3.089563877016459140e-02,1.327899260886944155e-01,-9.741007073237661906e-02
0.000000000000000000e+00,0.000000000000000000e+00,0.000000000000000000e+00,0.000000000000000000e+00,0.000000000000000000e+00,0.000000000000000000e+00,0.000000000000000000e+00,0.000000000000000000e+00,0.000000000000000000e+00,0.000000000000000000e+00,0.000000000000000000e+00,0.000000000000000000e+00,0.000000000000000000e+00,0.000000000000000000e+00,0.000000000000000000e+00,0.000000000000000000e+00,0.000000000000000000e+00,0.000000000000000000e+00,0.000000000000000000e+00,0.000000000000000000e+00,0.000000000000000000e+00,0.000000000000000000e+00,0.000000000000000000e+00,0.000000000000000000e+00,0.000000000000000000e+00,0.000000000000000000e+00,0.000000000000000000e+00,0.000000000000000000e+00,0.000000000000000000e+00,0.000000000000000000e+00,0.000000000000000000e+00,0.000000000000000000e+00,0.000000000000000000e+00,0.000000000000000000e+00,0.000000000000000000e+00,0.000000000000000000e+00,0.000000000000000000e+00,0.000000000000000000e+00,0.000000000000000000e+00,0.000000000000000000e+00,0.000000000000000000e+00,0.000000000000000000e+00,0.000000000000000000e+00,0.000000000000000000e+00,0.000000000000000000e+00,0.000000000000000000e+00,0.000000000000000000e+00,0.000000000000000000e+00,0.000000000000000000e+00,0.000000000000000000e+00,0.000000000000000000e+00,0.000000000000000000e+00,0.000000000000000000e+00,0.000000000000000000e+00,0.000000000000000000e+00,1.000000000000000000e+00,-9.942225650367665646e-02,-1.931746517753964165e-01,-1.019756120039851111e-01,1.027782228665332365e-01,-2.110253941718152546e-02,5.599431280060371274e-02,-7.408038442486440667e-02,1.029761057106756278e-01,-1.038322957647359185e-02,5.933310159533425332e-02,1.754278376810328721e-01,1.579635296242423992e-01,-1.312638467898392947e-01,-1.280437986091020608e-01,1.454319158466287343e-01,-1.535764071404521203e-01,2.585691378632207216e-01,-4.926865030993603928e-02,-1.173574359350525176e-01,2.129270425101426334e-01,-1.441607192532368131e-01,1.499557172708020913e-01,-2.183534225018234354e-01,9.799077586312981980e-02,4.343925289545770563e-02,-1.310659305639943692e-02,1.435208389467991681e-02,-8.512349170016824187e-03,1.833401684949377553e-02,-1.258655414545658546e-01,1.060865254508485400e-01,-1.114415137682530366e-01,-5.099604500400373858e-02,-1.569997255441799022e-01,-2.573932382120080326e-02,-1.368630311370900021e-01,4.340171970312854677e-02,-5.146832343914706231e-03,1.371087962799430737e-01,-5.444608964789628830e-02,-4.073312882696972226e-02,-1.554182469806449085e-01,-8.215555984707681447e-02,-5.382155878874455429e-02
0.000000000000000000e+00,0.000000000000000000e+00,0.000000000000000000e+00,0.000000000000000000e+00,0.000000000000000000e+00,0.000000000000000000e+00,0.000000000000000000e+00,0.000000000000000000e+00,0.000000000000000000e+00,0.000000000000000000e+00,0.000000000000000000e+00,0.000000000000000000e+00,0.000000000000000000e+00,0.000000000000000000e+00,0.000000000000000000e+00,0.000000000000000000e+00,0.000000000000000000e+00,0.000000000000000000e+00,0.000000000000000000e+00,0.000000000000000000e+00,0.000000000000000000e+00,0.000000000000000000e+00,0.000000000000000000e+00,0.000000000000000000e+00,0.000000000000000000e+00,0.000000000000000000e+00,0.000000000000000000e+00,0.000000000000000000e+00,0.000000000000000000e+00,0.000000000000000000e+00,0.000000000000000000e+00,0.000000000000000000e+00,0.000000000000000000e+00,0.000000000000000000e+00,0.000000000000000000e+00,0.000000000000000000e+00,0.000000000000000000e+00,0.000000000000000000e+00,0.000000000000000000e+00,0.000000000000000000e+00,0.000000000000000000e+00,0.000000000000000000e+00,0.000000000000000000e+00,0.000000000000000000e+00,0.000000000000000000e+00,0.000000000000000000e+00,0.000000000000000000e+00,0.000000000000000000e+00,0.000000000000000000e+00,0.000000000000000000e+00,0.000000000000000000e+00,0.000000000000000000e+00,0.000000000000000000e+00,0.000000000000000000e+00,0.000000000000000000e+00,0.000000000000000000e+00,1.000000000000000000e+00,9.340119167618611551e-02,3.114055701183267647e-02,-1.504868617745053205e-01,-1.836737925805234095e-01,-1.971647048668240532e-01,-4.425749772585394620e-03,8.308793940665426059e-04,4.357917159129861412e-02,-2.927440146919658981e-02,4.061721674189269771e-02,-3.317792925048282382e-02,-1.632051960843710348e-01,1.258603343417902601e-02,9.891717705101132907e-02,-1.029733200539415666e-01,6.541002828056725893e-02,-1.398572391786402358e-01,1.460144850977038444e-01,-1.590891574662284813e-01,9.974167545950611558e-02,1.246004385102664550e-02,1.795996947723682013e-01,-5.783010231730682793e-02,7.241540189113734871e-02,-4.849933523360801593e-03,2.111750276378384084e-01,-1.093294883441721377e-01,-5.382193337270603506e-02,-1.228377113351847294e-01,-5.685202009067806539e-02,-4.621411968007124726e-02,-6.178397718719836479e-02,2.295114893239711407e-01,-5.110018213506059559e-02,-4.644762079663222049e-02,-5.717782859353448544e-02,-1.380100138230144213e-01,2.185696220574434023e-01,-1.528545814177093357e-02,6.808589343330441468e-02,-4.474610213336149139e-02,-4.121686339090725043e-02,-8.235981669774174174e-02
0.000000000000000000e+00,0.000000000000000000e+00,0.000000000000000000e+00,0.000000000000000000e+00,0.000000000000000000e+00,0.000000000000000000e+00,0.000000000000000000e+00,0.000000000000000000e+00,0.000000000000000000e+00,0.000000000000000000e+00,0.000000000000000000e+00,0.000000000000000000e+00,0.000000000000000000e+00,0.000000000000000000e+00,0.000000000000000000e+00,0.000000000000000000e+00,0.000000000000000000e+00,0.000000000000000000e+00,0.000000000000000000e+00,0.000000000000000000e+00,0.000000000000000000e+00,0.000000000000000000e+00,0.000000000000000000e+00,0.000000000000000000e+00,0.000000000000000000e+00,0.000000000000000000e+00,0.000000000000000000e+00,0.000000000000000000e+00,0.000000000000000000e+00,0.000000000000000000e+00,0.000000000000000000e+00,0.000000000000000000e+00,0.000000000000000000e+00,0.000000000000000000e+00,0.000000000000000000e+00,0.000000000000000000e+00,0.000000000000000000e+00,0.000000000000000000e+00,0.000000000000000000e+00,0.000000000000000000e+00,0.000000000000000000e+00,0.000000000000000000e+00,0.000000000000000000e+00,0.000000000000000000e+00,0.000000000000000000e+00,0.000000000000000000e+00,0.000000000000000000e+00,0.000000000000000000e+00,0.000000000000000000e+00,0.000000000000000000e+00,0.000000000000000000e+00,0.000000000000000000e+00,0.000000000000000000e+00,0.000000000000000000e+00,0.000000000000000000e+00,0.000000000000000000e+00,0.000000000000000000e+00,1.000000000000000000e+00,9.700499601786760628e-02,-4.974211376458428924e-02,-1.114591505914031000e-02,2.730021844107305418e-02,1.844542985410117233e-03,2.595862593426969886e-02,3.423522334021476300e-03,-5.070583703793613006e-02,-2.672551779645277598e-02,-4.794450140742018834e-02,1.393993016797410445e-01,1.285776643915152728e-01,1.111061702055565759e-01,7.919528366388355056e-02,-6.073196854555917845e-02,-1.577331137792256643e-01,4.046289969048968982e-02,-7.185309428261105191e-02,1.469773518214776142e-01,3.918796333844328655e-02,-2.317184935954292799e-02,-4.152329363403169105e-02,3.079406443833219986e-02,2.356772036210399157e-01,6.467537778293598605e-02,-1.463854240294859832e-01,3.458636972578177371e-02,-2.301437844989287669e-03,-4.024428655641375426e-03,3.950376204400837116e-02,-1.335432933492331498e-01,1.871020429276918084e-01,4.932252355971746688e-02,-2.655760583470060526e-02,-4.128085889217172899e-02,5.203385024842856893e-02,-8.246860674172367192e-03,1.338870506098389646e-01,-1.030189381390267112e-01,6.002587543534902009e-02,3.347984556491666319e-02,4.992062711012112963e-02
0.000000000000000000e+00,0.000000000000000000e+00,0.000000000000000000e+00,0.000000000000000000e+00,0.000000000000000000e+00,0.000000000000000000e+00,0.000000000000000000e+00,0.000000000000000000e+00,0.000000000000000000e+00,0.000000000000000000e+00,0.000000000000000000e+00,0.000000000000000000e+00,0.000000000000000000e+00,0.000000000000000000e+00,0.000000000000000000e+00,0.000000000000000000e+00,0.000000000000000000e+00,0.000000000000000000e+00,0.000000000000000000e+00,0.000000000000000000e+00,0.000000000000000000e+00,0.000000000000000000e+00,0.000000000000000000e+00,0.000000000000000000e+00,0.000000000000000000e+00,0.000000000000000000e+00,0.000000000000000000e+00,0.000000000000000000e+00,0.000000000000000000e+00,0.000000000000000000e+00,0.000000000000000000e+00,0.000000000000000000e+00,0.000000000000000000e+00,0.000000000000000000e+00,0.000000000000000000e+00,0.000000000000000000e+00,0.000000000000000000e+00,0.000000000000000000e+00,0.000000000000000000e+00,0.000000000000000000e+00,0.000000000000000000e+00,0.000000000000000000e+00,0.000000000000000000e+00,0.000000000000000000e+00,0.000000000000000000e+00,0.000000000000000000e+00,0.000000000000000000e+00,0.000000000000000000e+00,0.000000000000000000e+00,0.000000000000000000e+00,0.000000000000000000e+00,0.000000000000000000e+00,0.000000000000000000e+00,0.000000000000000000e+00,0.000000000000000000e+00,0.000000000000000000e+00,0.000000000000000000e+00,0.000000000000000000e+00,1.000000000000000000e+00,-1.658185189598054554e-01,-5.816209130749260686e-02,-5.021519357525371097e-02,1.886991564135216681e-01,-8.247958656057402527e-02,1.546604214951589618e-01,3.057802019567817942e-02,-8.947322704844304364e-02,-1.162503392355316995e-01,2.041081896249234418e-01,-4.608659989101708543e-02,-1.031514347796869541e-01,2.100595096574459086e-02,-9.368298869125551986e-02,3.271226920955360717e-01,1.048233389410239830e-01,1.872522400586295599e-01,5.402883994252316580e-02,-1.681491280807811484e-03,2.064104307104425440e-01,-5.467691729567738385e-02,-1.868240964016392586e-02,2.030604968248966857e-01,-2.077156445344761904e-02,-1.607085189270264225e-01,4.818813820944672401e-03,2.920002891305444326e-01,1.386556794510007684e-01,1.688290463625529703e-01,1.399988393659133516e-02,-9.227410568135849256e-02,-4.158790529288490523e-02,-2.310468789339282722e-02,-1.320132855604720101e-01,3.690108202688178324e-02,-3.148967787317211858e-02,4.147318760011960842e-02,-1.904281300060231275e-01,6.253761644427105471e-02,1.235188501333458685e-02,1.946304826256206599e-02
0.000000000000000000e+00,0.000000000000000000e+00,0.000000000000000000e+00,0.000000000000000000e+00,0.000000000000000000e+00,0.000000000000000000e+00,0.000000000000000000e+00,0.000000000000000000e+00,0.000000000000000000e+00,0.000000000000000000e+00,0.000000000000000000e+00,0.000000000000000000e+00,0.000000000000000000e+00,0.000000000000000000e+00,0.000000000000000000e+00,0.000000000000000000e+00,0.000000000000000000e+00,0.000000000000000000e+00,0.000000000000000000e+00,0.000000000000000000e+00,0.000000000000000000e+00,0.000000000000000000e+00,0.000000000000000000e+00,0.000000000000000000e+00,0.000000000000000000e+00,0.000000000000000000e+00,0.000000000000000000e+00,0.000000000000000000e+00,0.000000000000000000e+00,0.000000000000000000e+00,0.000000000000000000e+00,0.000000000000000000e+00,0.000000000000000000e+00,0.000000000000000000e+00,0.000000000000000000e+00,0.000000000000000000e+00,0.000000000000000000e+00,0.000000000000000000e+00,0.000000000000000000e+00,0.000000000000000000e+00,0.000000000000000000e+00,0.000000000000000000e+00,0.000000000000000000e+00,0.000000000000000000e+00,0.000000000000000000e+00,0.000000000000000000e+00,0.000000000000000000e+00,0.000000000000000000e+00,0.000000000000000000e+00,0.000000000000000000e+00,0.000000000000000000e+00,0.000000000000000000e+00,0.000000000000000000e+00,0.000000000000000000e+00,0.000000000000000000e+00,0.000000000000000000e+00,0.000000000000000000e+00,0.000000000000000000e+00,0.000000000000000000e+00,1.000000000000000000e+00,1.261315897217730186e-01,-8.672687729815103941e-02,-9.676546402937989677e-03,1.659537328987167604e-01,1.349720772956709315e-02,-5.769593872216530195e-02,-3.514102890351865349e-02,2.754124893989021716e-01,-4.190535083496618740e-02,-3.995338125328545820e-02,6.851108332564734282e-02,-9.074600016033440575e-02,-8.771859621202317270e-02,-7.626064809899112118e-02,-1.854402973405070987e-01,-5.365807438271964075e-02,-9.578186242889193125e-02,-3.085617455280622451e-02,-1.228824423203758176e-01,-1.073548756385604847e-01,-1.538668640350247530e-01,1.080336776462959177e-02,1.062237287365369182e-01,-1.676757907489166421e-01,2.232768213548711189e-01,2.523891307967659949e-03,-8.124382335910790287e-02,-4.541855162841854088e-02,4.374920235246389233e-02,-1.751904561864605081e-01,-1.501143966284188523e-02,-1.647055876929932605e-01,2.660262255068647150e-02,-1.483958985192195545e-01,1.072590986480443792e-01,-9.927611152381612958e-02,-5.104078408818708834e-02,-1.140792784487868333e-01,-2.603888563601761685e-01,1.288987004870192077e-01
0.000000000000000000e+00,0.000000000000000000e+00,0.000000000000000000e+00,0.000000000000000000e+00,0.000000000000000000e+00,0.000000000000000000e+00,0.000000000000000000e+00,0.000000000000000000e+00,0.000000000000000000e+00,0.000000000000000000e+00,0.000000000000000000e+00,0.000000000000000000e+00,0.000000000000000000e+00,0.000000000000000000e+00,0.000000000000000000e+00,0.000000000000000000e+00,0.000000000000000000e+00,0.000000000000000000e+00,0.000000000000000000e+00,0.000000000000000000e+00,0.000000000000000000e+00,0.000000000000000000e+00,0.000000000000000000e+00,0.000000000000000000e+00,0.000000000000000000e+00,0.000000000000000000e+00,0.000000000000000000e+00,0.000000000000000000e+00,0.000000000000000000e+00,0.000000000000000000e+00,0.000000000000000000e+00,0.000000000000000000e+00,0.000000000000000000e+00,0.000000000000000000e+00,0.000000000000000000e+00,0.000000000000000000e+00,0.000000000000000000e+00,0.000000000000000000e+00,0.000000000000000000e+00,0.000000000000000000e+00,0.000000000000000000e+00,0.000000000000000000e+00,0.000000000000000000e+00,0.000000000000000000e+00,0.000000000000000000e+00,0.000000000000000000e+00,0.000000000000000000e+00,0.000000000000000000e+00,0.000000000000000000e+00,0.000000000000000000e+00,0.000000000000000000e+00,0.000000000000000000e+00,0.000000000000000000e+00,0.000000000000000000e+00,0.000000000000000000e+00,0.000000000000000000e+00,0.000000000000000000e+00,0.000000000000000000e+00,0.000000000000000000e+00,0.000000000000000000e+00,1.000000000000000000e+00,4.540571544975090246e-02,-1.241624836998023347e-02,1.232177950591134769e-03,-1.020884213008343699e-01,-2.093201624685177981e-02,1.932366555860473845e-01,-7.131509042096285944e-02,-3.294081977825243784e-02,-1.126804991816210966e-01,1.246292662354643588e-01,-8.345080219485967454e-02,2.300464288860432430e-02,-6.880476851585398679e-02,2.524065217810267381e-02,-8.199112642275582785e-02,-2.811944518055314174e-02,2.903226022840329351e-02,-2.881721235500052901e-03,6.272291266046668701e-02,3.979493932496487585e-02,2.299972930676539434e-02,5.877434739353982335e-02,6.122662302018405146e-03,1.082189005650942559e-01,8.659191676532199122e-02,7.957047945025980118e-02,-6.052133763337382705e-02,1.385203957243621165e-01,3.778387618958140015e-02,-7.348809909822870412e-02,-9.311714735809242804e-02,-1.244096821177788220e-01,4.210436253219860397e-02,-1.284101880670608931e-01,2.200742953638789023e-01,7.242805170619467936e-02,1.282212617429581425e-01,-5.988538443483622242e-02,6.707600590982562561e-02
0.000000000000000000e+00,0.000000000000000000e+00,0.000000000000000000e+00,0.000000000000000000e+00,0.000000000000000000e+00,0.000000000000000000e+00,0.000000000000000000e+00,0.000000000000000000e+00,0.000000000000000000e+00,0.000000000000000000e+00,0.000000000000000000e+00,0.000000000000000000e+00,0.000000000000000000e+00,0.000000000000000000e+00,0.000000000000000000e+00,0.000000000000000000e+00,0.000000000000000000e+00,0.000000000000000000e+00,0.000000000000000000e+00,0.000000000000000000e+00,0.000000000000000000e+00,0.000000000000000000e+00,0.000000000000000000e+00,0.000000000000000000e+00,0.000000000000000000e+00,0.000000000000000000e+00,0.000000000000000000e+00,0.000000000000000000e+00,0.000000000000000000e+00,0.000000000000000000e+00,0.000000000000000000e+00,0.000000000000000000e+00,0.000000000000000000e+00,0.000000000000000000e+00,0.000000000000000000e+00,0.000000000000000000e+00,0.000000000000000000e+00,0.000000000000000000e+00,0.000000000000000000e+00,0.000000000000000000e+00,0.000000000000000000e+00,0.000000000000000000e+00,0.000000000000000000e+00,0.000000000000000000e+00,0.000000000000000000e+00,0.000000000000000000e+00,0.000000000000000000e+00,0.000000000000000000e+00,0.000000000000000000e+00,0.000000000000000000e+00,0.000000000000000000e+00,0.000000000000000000e+00,0.000000000000000000e+00,0.000000000000000000e+00,0.000000000000000000e+00,0.000000000000000000e+00,0.000000000000000000e+00,0.000000000000000000e+00,0.000000000000000000e+00,0.000000000000000000e+00,0.000000000000000000e+00,1.000000000000000000e+00,7.268431649991238808e-02,-5.380530740633377579e-02,-7.253301499874184599e-02,1.449770577268822136e-01,3.917600585143846820e-02,-6.630600938451131077e-02,4.324040407039449196e-02,1.068250600951502483e-01,-1.417250800399269262e-01,2.521580831169083214e-02,-6.884232489187451509e-02,4.397399108991231070e-02,-1.980294294724504189e-01,-4.434072903864920423e-02,-1.543378013591473474e-01,3.127327290582831987e-02,-4.390304567084079429e-02,5.487707428163056400e-02,-4.818240747587961698e-02,-3.340936071098905922e-03,-2.884253683141201341e-01,1.253531388250525014e-01,-5.655974228681195232e-02,1.096724018224405073e-01,1.089232590664605677e-01,2.284360082680252924e-01,-6.624093871519631804e-02,1.168212085919998790e-02,-1.118462062374415839e-01,-2.256966363516674928e-02,-9.164180112278320911e-02,1.679048546067229697e-01,1.905496730888449342e-02,1.399939675359680169e-01,-2.444257249059279477e-02,-7.085430871374545636e-03,1.089938415281772321e-01,-3.036729224714296640e-02
0.000000000000000000e+00,0.000000000000000000e+00,0.000000000000000000e+00,0.000000000000000000e+00,0.000000000000000000e+00,0.000000000000000000e+00,0.000000000000000000e+00,0.000000000000000000e+00,0.000000000000000000e+00,0.000000000000000000e+00,0.000000000000000000e+00,0.000000000000000000e+00,0.000000000000000000e+00,0.000000000000000000e+00,0.000000000000000000e+00,0.000000000000000000e+00,0.000000000000000000e+00,0.000000000000000000e+00,0.000000000000000000e+00,0.000000000000000000e+00,0.000000000000000000e+00,0.000000000000000000e+00,0.000000000000000000e+00,0.000000000000000000e+00,0.000000000000000000e+00,0.000000000000000000e+00,0.000000000000000000e+00,0.000000000000000000e+00,0.000000000000000000e+00,0.000000000000000000e+00,0.000000000000000000e+00,0.000000000000000000e+00,0.000000000000000000e+00,0.000000000000000000e+00,0.000000000000000000e+00,0.000000000000000000e+00,0.000000000000000000e+00,0.000000000000000000e+00,0.000000000000000000e+00,0.000000000000000000e+00,0.000000000000000000e+00,0.000000000000000000e+00,0.000000000000000000e+00,0.000000000000000000e+00,0.000000000000000000e+00,0.000000000000000000e+00,0.000000000000000000e+00,0.000000000000000000e+00,0.000000000000000000e+00,0.000000000000000000e+00,0.000000000000000000e+00,0.000000000000000000e+00,0.000000000000000000e+00,0.000000000000000000e+00,0.000000000000000000e+00,0.000000000000000000e+00,0.000000000000000000e+00,0.000000000000000000e+00,0.000000000000000000e+00,0.000000000000000000e+00,0.000000000000000000e+00,0.000000000000000000e+00,1.000000000000000000e+00,-8.326898063391989513e-02,-9.848640450346418662e-02,-7.514986707690714252e-02,-7.333557503724387472e-02,-9.112540046730636945e-02,-1.644500052446060817e-02,-2.535480974095927556e-02,-1.189676427056760993e-01,8.622706990496262214e-02,8.431127634603932663e-02,2.495531793269685494e-01,-1.224345724278767117e-01,3.385718774725526847e-02,3.144812849490411649e-02,-7.550413009071701986e-02,-3.046143022301960393e-02,-1.983918907071738902e-01,7.459850600928798203e-02,4.767436067083633683e-02,-1.764148214860448149e-01,3.038942369060214366e-02,-1.096443828687561767e-01,2.795295463969842409e-01,6.615716324958707817e-02,2.129596970272191470e-01,8.459937410052818796e-02,2.259059601829725011e-02,7.334392356572000393e-02,8.221938888473405427e-02,-4.142434377259851530e-02,1.316751463944628442e-01,-2.262791485374399808e-02,1.489263730251928763e-01,1.384324639221524711e-01,1.843929064286330133e-02,7.736824253888399672e-02,-1.397491961659896031e-01
0.000000000000000000e+00,0.000000000000000000e+00,0.000000000000000000e+00,0.000000000000000000e+00,0.000000000000000000e+00,0.000000000000000000e+00,0.000000000000000000e+00,0.000000000000000000e+00,0.000000000000000000e+00,0.000000000000000000e+00,0.000000000000000000e+00,0.000000000000000000e+00,0.000000000000000000e+00,0.000000000000000000e+00,0.000000000000000000e+00,0.000000000000000000e+00,0.000000000000000000e+00,0.000000000000000000e+00,0.000000000000000000e+00,0.000000000000000000e+00,0.000000000000000000e+00,0.000000000000000000e+00,0.000000000000000000e+00,0.000000000000000000e+00,0.000000000000000000e+00,0.000000000000000000e+00,0.000000000000000000e+00,0.000000000000000000e+00,0.000000000000000000e+00,0.000000000000000000e+00,0.000000000000000000e+00,0.000000000000000000e+00,0.000000000000000000e+00,0.000000000000000000e+00,0.000000000000000000e+00,0.000000000000000000e+00,0.000000000000000000e+00,0.000000000000000000e+00,0.000000000000000000e+00,0.000000000000000000e+00,0.000000000000000000e+00,0.000000000000000000e+00,0.000000000000000000e+00,0.000000000000000000e+00,0.000000000000000000e+00,0.000000000000000000e+00,0.000000000000000000e+00,0.000000000000000000e+00,0.000000000000000000e+00,0.000000000000000000e+00,0.000000000000000000e+00,0.000000000000000000e+00,0.000000000000000000e+00,0.000000000000000000e+00,0.000000000000000000e+00,0.000000000000000000e+00,0.000000000000000000e+00,0.000000000000000000e+00,0.000000000000000000e+00,0.000000000000000000e+00,0.000000000000000000e+00,0.000000000000000000e+00,0.000000000000000000e+00,1.000000000000000000e+00,1.299189927668376321e-01,8.408218242318704627e-02,-2.613782352700880218e-01,3.573760928313130525e-01,1.603499431820777088e-01,-9.253640285467794324e-02,-3.367154034399132828e-02,-6.492523092540997132e-02,-1.101599709852943421e-01,6.336169932418418693e-02,8.178455236542651885e-02,-3.512885701309084036e-02,-1.425056123156811239e-01,-1.086778785303059019e-01,-4.928310627082168292e-03,4.438998697579653427e-04,-1.985793158326426278e-01,5.873352971352133883e-02,2.100687214651628942e-01,-2.515284046365575121e-01,2.866278367224427970e-01,-1.313730289905530868e-01,-1.523138182791120843e-01,-6.714522226490467205e-02,-3.447774778037989152e-01,-4.384743960474057900e-02,1.528593565430494128e-01,-7.996090194237788495e-02,9.239885994521700174e-02,-2.165976082109186684e-01,2.298025662439382444e-01,-2.854091022036725489e-01,-2.852780478940802888e-02,-2.829971543762315744e-01,-1.828489156108657199e-01,1.413513204696781045e-01
0.000000000000000000e+00,0.000000000000000000e+00,0.000000000000000000e+00,0.000000000000000000e+00,0.000000000000000000e+00,0.000000000000000000e+00,0.000000000000000000e+00,0.000000000000000000e+00,0.000000000000000000e+00,0.000000000000000000e+00,0.000000000000000000e+00,0.000000000000000000e+00,0.000000000000000000e+00,0.000000000000000000e+00,0.000000000000000000e+00,0.000000000000000000e+00,0.000000000000000000e+00,0.000000000000000000e+00,0.000000000000000000e+00,0.000000000000000000e+00,0.000000000000000000e+00,0.000000000000000000e+00,0.000000000000000000e+00,0.000000000000000000e+00,0.000000000000000000e+00,0.000000000000000000e+00,0.000000000000000000e+00,0.000000000000000000e+00,0.000000000000000000e+00,0.000000000000000000e+00,0.000000000000000000e+00,0.000000000000000000e+00,0.000000000000000000e+00,0.000000000000000000e+00,0.000000000000000000e+00,0.000000000000000000e+00,0.000000000000000000e+00,0.000000000000000000e+00,0.000000000000000000e+00,0.000000000000000000e+00,0.000000000000000000e+00,0.000000000000000000e+00,0.000000000000000000e+00,0.000000000000000000e+00,0.000000000000000000e+00,0.000000000000000000e+00,0.000000000000000000e+00,0.000000000000000000e+00,0.000000000000000000e+00,0.000000000000000000e+00,0.000000000000000000e+00,0.000000000000000000e+00,0.000000000000000000e+00,0.000000000000000000e+00,0.000000000000000000e+00,0.000000000000000000e+00,0.000000000000000000e+00,0.000000000000000000e+00,0.000000000000000000e+00,0.000000000000000000e+00,0.000000000000000000e+00,0.000000000000000000e+00,0.000000000000000000e+00,0.000000000000000000e+00,1.000000000000000000e+00,-2.005219756596018227e-02,-5.163206369445583199e-02,4.228199034773631043e-02,1.272694885687303545e-01,-1.149018998352106108e-01,4.935261733627728520e-02,7.926949246658371306e-02,-2.427220330194296977e-02,1.790100649136359134e-01,1.265950588415585276e-01,4.305731802894199878e-02,-6.463425760841405576e-02,-6.257784776072000676e-02,1.530825824980134586e-01,1.869529334359643358e-01,-3.588228874092945497e-02,3.121590301661899408e-02,4.098105297018547755e-02,-1.224953456383011258e-01,1.846270508543881028e-01,2.276281476750528429e-02,1.191526320809935431e-02,5.387534236471704790e-02,-1.183850544027852669e-01,-1.778009570100094472e-01,-2.726411755380281701e-02,5.725484454445167737e-02,-5.484467097397013879e-02,-4.533811997890145606e-02,4.085501017219701769e-02,-1.024098265034679156e-01,-2.046020933605051731e-02,8.374078146664333533e-02,-6.858072977307440310e-02,9.578656444594900454e-02
0.000000000000000000e+00,0.000000000000000000e+00,0.000000000000000000e+00,0.000000000000000000e+00,0.000000000000000000e+00,0.000000000000000000e+00,0.000000000000000000e+00,0.000000000000000000e+00,0.000000000000000000e+00,0.000000000000000000e+00,0.000000000000000000e+00,0.000000000000000000e+00,0.000000000000000000e+00,0.000000000000000000e+00,0.000000000000000000e+00,0.000000000000000000e+00,0.000000000000000000e+00,0.000000000000000000e+00,0.000000000000000000e+00,0.000000000000000000e+00,0.000000000000000000e+00,0.000000000000000000e+00,0.000000000000000000e+00,0.000000000000000000e+00,0.000000000000000000e+00,0.000000000000000000e+00,0.000000000000000000e+00,0.000000000000000000e+00,0.000000000000000000e+00,0.000000000000000000e+00,0.000000000000000000e+00,0.000000000000000000e+00,0.000000000000000000e+00,0.000000000000000000e+00,0.000000000000000000e+00,0.000000000000000000e+00,0.000000000000000000e+00,0.000000000000000000e+00,0.000000000000000000e+00,0.000000000000000000e+00,0.000000000000000000e+00,0.000000000000000000e+00,0.000000000000000000e+00,0.000000000000000000e+00,0.000000000000000000e+00,0.000000000000000000e+00,0.000000000000000000e+00,0.000000000000000000e+00,0.000000000000000000e+00,0.000000000000000000e+00,0.000000000000000000e+00,0.000000000000000000e+00,0.000000000000000000e+00,0.000000000000000000e+00,0.000000000000000000e+00,0.000000000000000000e+00,0.000000000000000000e+00,0.000000000000000000e+00,0.000000000000000000e+00,0.000000000000000000e+00,0.000000000000000000e+00,0.000000000000000000e+00,0.000000000000000000e+00,0.000000000000000000e+00,0.000000000000000000e+00,1.000000000000000000e+00,-6.420415337427261282e-02,-4.035730446077346462e-02,-4.821606634787914923e-03,3.728291738375103664e-02,-6.915857113864924514e-04,1.143482309425808696e-01,-1.483041504049490422e-01,2.094029421975356423e-02,-2.148609878592721428e-02,4.230931485501531614e-02,1.676490923640442873e-02,-5.782250814774530373e-02,1.028943967406382720e-01,-1.460478558651334691e-01,-9.718146571159519409e-02,1.310745054840206994e-02,9.991967436072458908e-02,2.234698909818834400e-02,1.593806837796066592e-02,-8.089304244589190507e-02,1.593346357420061254e-02,-8.713967486615119273e-02,-6.563314750679730136e-02,4.404442086309997423e-02,-1.680188717806585519e-02,2.790184500854228991e-03,-1.491712490255384937e-01,3.021077914281261947e-02,4.590730792536324573e-02,-5.277882945459773378e-02,7.544974931807488239e-02,5.219927258599879431e-03,1.189367676137352697e-01,-5.176868968806489640e-02
0.000000000000000000e+00,0.000000000000000000e+00,0.000000000000000000e+00,0.000000000000000000e+00,0.000000000000000000e+00,0.000000000000000000e+00,0.000000000000000000e+00,0.000000000000000000e+00,0.000000000000000000e+00,0.000000000000000000e+00,0.000000000000000000e+00,0.000000000000000000e+00,0.000000000000000000e+00,0.000000000000000000e+00,0.000000000000000000e+00,0.000000000000000000e+00,0.000000000000000000e+00,0.000000000000000000e+00,0.000000000000000000e+00,0.000000000000000000e+00,0.000000000000000000e+00,0.000000000000000000e+00,0.000000000000000000e+00,0.000000000000000000e+00,0.000000000000000000e+00,0.000000000000000000e+00,0.000000000000000000e+00,0.000000000000000000e+00,0.000000000000000000e+00,0.000000000000000000e+00,0.000000000000000000e+00,0.000000000000000000e+00,0.000000000000000000e+00,0.000000000000000000e+00,0.000000000000000000e+00,0.000000000000000000e+00,0.000000000000000000e+00,0.000000000000000000e+00,0.000000000000000000e+00,0.000000000000000000e+00,0.000000000000000000e+00,0.000000000000000000e+00,0.000000000000000000e+00,0.000000000000000000e+00,0.000000000000000000e+00,0.000000000000000000e+00,0.000000000000000000e+00,0.000000000000000000e+00,0.000000000000000000e+00,0.000000000000000000e+00,0.000000000000000000e+00,0.000000000000000000e+00,0.000000000000000000e+00,0.000000000000000000e+00,0.000000000000000000e+00,0.000000000000000000e+00,0.000000000000000000e+00,0.000000000000000000e+00,0.000000000000000000e+00,0.000000000000000000e+00,0.000000000000000000e+00,0.000000000000000000e+00,0.000000000000000000e+00,0.000000000000000000e+00,0.000000000000000000e+00,0.000000000000000000e+00,1.000000000000000000e+00,-1.788648125359880436e-01,-5.169329980273182899e-05,-9.022792215202586619e-02,1.746785270008263391e-01,-6.317708543627026385e-02,7.747916022647320308e-03,-1.250838876152418622e-01,-7.148378861984817229e-03,1.201598642309082282e-01,6.677774582909595802e-02,-2.845401874801048100e-02,-6.262216932200671826e-02,9.716838115166363810e-02,1.178468492289200670e-01,-9.579891552113065090e-02,2.921351158109470117e-02,-8.693599472847486631e-02,-7.668361731587873542e-02,-1.618829534659599889e-01,7.084989493244399361e-02,-1.091020441087372644e-01,-1.503157142225127092e-02,2.980888389547609388e-02,-8.280169541234635652e-03,-1.173576405647322324e-01,6.537682121215526720e-03,3.181728380160871172e-02,-5.888141301606001493e-02,-5.876884490970271137e-03,-9.118658149199307394e-02,1.695248954320670298e-01,4.887731152926216155e-02,1.259294581144150271e-01
0.000000000000000000e+00,0.000000000000000000e+00,0.000000000000000000e+00,0.000000000000000000e+00,0.000000000000000000e+00,0.000000000000000000e+00,0.000000000000000000e+00,0.000000000000000000e+00,0.000000000000000000e+00,0.000000000000000000e+00,0.000000000000000000e+00,0.000000000000000000e+00,0.000000000000000000e+00,0.000000000000000000e+00,0.000000000000000000e+00,0.000000000000000000e+00,0.000000000000000000e+00,0.000000000000000000e+00,0.000000000000000000e+00,0.000000000000000000e+00,0.000000000000000000e+00,0.000000000000000000e+00,0.000000000000000000e+00,0.000000000000000000e+00,0.000000000000000000e+00,0.000000000000000000e+00,0.000000000000000000e+00,0.000000000000000000e+00,0.000000000000000000e+00,0.000000000000000000e+00,0.000000000000000000e+00,0.000000000000000000e+00,0.000000000000000000e+00,0.000000000000000000e+00,0.000000000000000000e+00,0.000000000000000000e+00,0.000000000000000000e+00,0.000000000000000000e+00,0.000000000000000000e+00,0.000000000000000000e+00,0.000000000000000000e+00,0.000000000000000000e+00,0.000000000000000000e+00,0.000000000000000000e+00,0.000000000000000000e+00,0.000000000000000000e+00,0.000000000000000000e+00,0.000000000000000000e+00,0.000000000000000000e+00,0.000000000000000000e+00,0.000000000000000000e+00,0.000000000000000000e+00,0.000000000000000000e+00,0.000000000000000000e+00,0.000000000000000000e+00,0.000000000000000000e+00,0.000000000000000000e+00,0.000000000000000000e+00,0.000000000000000000e+00,0.000000000000000000e+00,0.000000000000000000e+00,0.000000000000000000e+00,0.000000000000000000e+00,0.000000000000000000e+00,0.000000000000000000e+00,0.000000000000000000e+00,0.000000000000000000e+00,1.000000000000000000e+00,3.961782645319289475e-02,6.565550413007856245e-02,-2.574903343811014989e-02,-1.355142350993927269e-01,7.134420873964405878e-03,3.597003087725424847e-02,-2.173773124949284277e-02,8.353872045747110994e-03,-7.612013867670290590e-02,1.297760574032230663e-01,-1.014811535882562676e-01,-2.764028598170355580e-02,-7.071162276987889850e-02,6.973791785382990605e-02,1.215057876974694612e-01,-1.633907931613823861e-01,1.131742478776159716e-01,-4.763029499647254347e-03,-1.884276958145305811e-02,-2.585219793490984436e-02,-5.948447382653409415e-02,-6.326675596533925042e-03,4.535645744144152502e-02,-1.693187656650293471e-01,7.814198450841836063e-02,-6.846834509956942205e-02,1.215418347435789637e-01,-4.009221308260750571e-02,-3.985381912566239582e-02,-2.055868364720649100e-01,-1.095303951391697755e-01,-3.300848748560623186e-02
0.000000000000000000e+00,0.000000000000000000e+00,0.000000000000000000e+00,0.000000000000000000e+00,0.000000000000000000e+00,0.000000000000000000e+00,0.000000000000000000e+00,0.000000000000000000e+00,0.000000000000000000e+00,0.000000000000000000e+00,0.000000000000000000e+00,0.000000000000000000e+00,0.000000000000000000e+00,0.000000000000000000e+00,0.000000000000000000e+00,0.000000000000000000e+00,0.000000000000000000e+00,0.000000000000000000e+00,0.000000000000000000e+00,0.000000000000000000e+00,0.000000000000000000e+00,0.000000000000000000e+00,0.000000000000000000e+00,0.000000000000000000e+00,0.000000000000000000e+00,0.000000000000000000e+00,0.000000000000000000e+00,0.000000000000000000e+00,0.000000000000000000e+00,0.000000000000000000e+00,0.000000000000000000e+00,0.000000000000000000e+00,0.000000000000000000e+00,0.000000000000000000e+00,0.000000000000000000e+00,0.000000000000000000e+00,0.000000000000000000e+00,0.000000000000000000e+00,0.000000000000000000e+00,0.000000000000000000e+00,0.000000000000000000e+00,0.000000000000000000e+00,0.000000000000000000e+00,0.000000000000000000e+00,0.000000000000000000e+00,0.000000000000000000e+00,0.000000000000000000e+00,0.000000000000000000e+00,0.000000000000000000e+00,0.000000000000000000e+00,0.000000000000000000e+00,0.000000000000000000e+00,0.000000000000000000e+00,0.000000000000000000e+00,0.000000000000000000e+00,0.000000000000000000e+00,0.000000000000000000e+00,0.000000000000000000e+00,0.000000000000000000e+00,0.000000000000000000e+00,0.000000000000000000e+00,0.000000000000000000e+00,0.000000000000000000e+00,0.000000000000000000e+00,0.000000000000000000e+00,0.000000000000000000e+00,0.000000000000000000e+00,0.000000000000000000e+00,1.000000000000000000e+00,-6.700466155701027826e-02,-1.214066343916912899e-01,1.447371534911256474e-01,-3.532764275201141779e-01,1.565039397549554401e-01,5.352349930533107508e-02,-1.292554878783001848e-02,2.022978782868311010e-01,-2.435501081159735792e-01,1.937266001596654186e-01,1.926477593908217101e-01,-9.740153649063384989e-02,1.615833249248813941e-01,-7.517243641368645535e-02,-1.297553258283774547e-01,3.002397417720721884e-01,2.623211948561461893e-01,9.086648079561342184e-02,6.304160392343807762e-02,-1.247191802874575428e-01,-1.131218748348787259e-02,-2.148159372274855913e-02,-8.964804247269991810e-02,-6.344357245615792062e-02,1.281100292687541720e-01,-1.934153502429835636e-01,2.595285918577694417e-02,-4.371568301721405203e-01,8.548581505841582051e-02,-4.454589767271876360e-02,2.496933308443762267e-01
0.000000000000000000e+00,0.000000000000000000e+00,0.000000000000000000e+00,0.000000000000000000e+00,0.000000000000000000e+00,0.000000000000000000e+00,0.000000000000000000e+00,0.000000000000000000e+00,0.000000000000000000e+00,0.000000000000000000e+00,0.000000000000000000e+00,0.000000000000000000e+00,0.000000000000000000e+00,0.000000000000000000e+00,0.000000000000000000e+00,0.000000000000000000e+00,0.000000000000000000e+00,0.000000000000000000e+00,0.000000000000000000e+00,0.000000000000000000e+00,0.000000000000000000e+00,0.000000000000000000e+00,0.000000000000000000e+00,0.000000000000000000e+00,0.000000000000000000e+00,0.000000000000000000e+00,0.000000000000000000e+00,0.000000000000000000e+00,0.000000000000000000e+00,0.000000000000000000e+00,0.000000000000000000e+00,0.000000000000000000e+00,0.000000000000000000e+00,0.000000000000000000e+00,0.000000000000000000e+00,0.000000000000000000e+00,0.000000000000000000e+00,0.000000000000000000e+00,0.000000000000000000e+00,0.000000000000000000e+00,0.000000000000000000e+00,0.000000000000000000e+00,0.000000000000000000e+00,0.000000000000000000e+00,0.000000000000000000e+00,0.000000000000000000e+00,0.000000000000000000e+00,0.000000000000000000e+00,0.000000000000000000e+00,0.000000000000000000e+00,0.000000000000000000e+00,0.000000000000000000e+00,0.000000000000000000e+00,0.000000000000000000e+00,0.000000000000000000e+00,0.000000000000000000e+00,0.000000000000000000e+00,0.000000000000000000e+00,0.000000000000000000e+00,0.000000000000000000e+00,0.000000000000000000e+00,0.000000000000000000e+00,0.000000000000000000e+00,0.000000000000000000e+00,0.000000000000000000e+00,0.000000000000000000e+00,0.000000000000000000e+00,0.000000000000000000e+00,0.000000000000000000e+00,1.000000000000000000e+00,-1.229906081773669280e-01,-9.370900822565120247e-02,5.375580325129861864e-03,-1.201000190926008182e-01,-1.939748444375975767e-01,-3.057628787759114272e-02,1.127734107983091733e-01,9.639684356903648055e-02,-2.906998594933747626e-02,-2.267107218644619226e-01,-1.331160887649556757e-01,7.369369781839160694e-02,-1.896851884464216239e-03,3.171543634854825933e-02,-1.079424951984419290e-01,7.654049390346585879e-02,-5.096032450098982730e-02,-2.118380815130201794e-02,-3.939372782211121582e-02,6.074237734971130870e-02,1.391666112202019287e-02,-2.452295032490044852e-02,-1.397353523505574791e-01,-9.836304069282537921e-02,7.375867451947436260e-02,-5.668908230828917079e-05,1.252910273647714068e-01,-6.490403148712386994e-02,-1.327309912976466499e-01,5.012765239843261500e-02
0.000000000000000000e+00,0.000000000000000000e+00,0.000000000000000000e+00,0.000000000000000000e+00,0.000000000000000000e+00,0.000000000000000000e+00,0.000000000000000000e+00,0.000000000000000000e+00,0.000000000000000000e+00,0.000000000000000000e+00,0.000000000000000000e+00,0.000000000000000000e+00,0.000000000000000000e+00,0.000000000000000000e+00,0.000000000000000000e+00,0.000000000000000000e+00,0.000000000000000000e+00,0.000000000000000000e+00,0.000000000000000000e+00,0.000000000000000000e+00,0.000000000000000000e+00,0.000000000000000000e+00,0.000000000000000000e+00,0.000000000000000000e+00,0.000000000000000000e+00,0.000000000000000000e+00,0.000000000000000000e+00,0.000000000000000000e+00,0.000000000000000000e+00,0.000000000000000000e+00,0.000000000000000000e+00,0.000000000000000000e+00,0.000000000000000000e+00,0.000000000000000000e+00,0.000000000000000000e+00,0.000000000000000000e+00,0.000000000000000000e+00,0.000000000000000000e+00,0.000000000000000000e+00,0.000000000000000000e+00,0.000000000000000000e+00,0.000000000000000000e+00,0.000000000000000000e+00,0.000000000000000000e+00,0.000000000000000000e+00,0.000000000000000000e+00,0.000000000000000000e+00,0.000000000000000000e+00,0.000000000000000000e+00,0.000000000000000000e+00,0.000000000000000000e+00,0.000000000000000000e+00,0.000000000000000000e+00,0.000000000000000000e+00,0.000000000000000000e+00,0.000000000000000000e+00,0.000000000000000000e+00,0.000000000000000000e+00,0.000000000000000000e+00,0.000000000000000000e+00,0.000000000000000000e+00,0.000000000000000000e+00,0.000000000000000000e+00,0.000000000000000000e+00,0.000000000000000000e+00,0.000000000000000000e+00,0.000000000000000000e+00,0.000000000000000000e+00,0.000000000000000000e+00,0.000000000000000000e+00,1.000000000000000000e+00,1.499561774363263045e-02,7.517090308490029238e-02,-1.853948877839917131e-01,-6.589478805506358838e-02,1.193658978593266917e-01,1.084478199324479947e-01,1.528909590520841355e-01,-7.565753649956995230e-02,6.479933079577891719e-02,8.252135619141826028e-02,7.505503207660202403e-02,1.857245937569424465e-01,-2.294423008297847844e-01,3.403468941210580079e-02,-2.322346535077607910e-01,2.312218321731547219e-03,-1.849938797938297241e-01,-3.648934757922626948e-02,-7.275168092556609512e-02,-2.275706003548364463e-03,-3.627180595663378332e-02,-8.311302006478242521e-02,-3.177901431677803562e-02,-8.654321387252135456e-02,5.559393302681124582e-02,-1.035093579430954990e-03,1.779168925603483720e-01,7.255467710223649502e-02,1.627815737574244970e-01
0.000000000000000000e+00,0.000000000000000000e+00,0.000000000000000000e+00,0.000000000000000000e+00,0.000000000000000000e+00,0.000000000000000000e+00,0.000000000000000000e+00,0.000000000000000000e+00,0.000000000000000000e+00,0.000000000000000000e+00,0.000000000000000000e+00,0.000000000000000000e+00,0.000000000000000000e+00,0.000000000000000000e+00,0.000000000000000000e+00,0.000000000000000000e+00,0.000000000000000000e+00,0.000000000000000000e+00,0.000000000000000000e+00,0.000000000000000000e+00,0.000000000000000000e+00,0.000000000000000000e+00,0.000000000000000000e+00,0.000000000000000000e+00,0.000000000000000000e+00,0.000000000000000000e+00,0.000000000000000000e+00,0.000000000000000000e+00,0.000000000000000000e+00,0.000000000000000000e+00,0.000000000000000000e+00,0.000000000000000000e+00,0.000000000000000000e+00,0.000000000000000000e+00,0.000000000000000000e+00,0.000000000000000000e+00,0.000000000000000000e+00,0.000000000000000000e+00,0.000000000000000000e+00,0.000000000000000000e+00,0.000000000000000000e+00,0.000000000000000000e+00,0.000000000000000000e+00,0.000000000000000000e+00,0.000000000000000000e+00,0.000000000000000000e+00,0.000000000000000000e+00,0.000000000000000000e+00,0.000000000000000000e+00,0.000000000000000000e+00,0.000000000000000000e+00,0.000000000000000000e+00,0.000000000000000000e+00,0.000000000000000000e+00,0.000000000000000000e+00,0.000000000000000000e+00,0.000000000000000000e+00,0.000000000000000000e+00,0.000000000000000000e+00,0.000000000000000000e+00,0.000000000000000000e+00,0.000000000000000000e+00,0.000000000000000000e+00,0.000000000000000000e+00,0.000000000000000000e+00,0.000000000000000000e+00,0.000000000000000000e+00,0.000000000000000000e+00,0.000000000000000000e+00,0.000000000000000000e+00,0.000000000000000000e+00,1.000000000000000000e+00,-2.392777315650436720e-01,1.316864949705418841e-01,1.323832833688066424e-01,1.549929282804016484e-01,-7.206169386662250598e-02,6.283198159918139403e-02,-1.426346048629833878e-02,-1.457910803026690218e-02,9.347439165602737174e-03,-1.610493979053545868e-02,8.229860423532543712e-02,-8.153740565708483129e-03,8.557454744216179410e-02,-1.088501211172541866e-01,-6.851793377165908000e-03,1.187868842764794597e-01,-6.817907554690962046e-02,-9.352250149823383707e-02,5.726409138866752485e-02,1.793186658588678539e-01,-7.483128441243720730e-02,2.083704820226414123e-01,-6.288228889876142091e-02,7.649551687992407756e-02,5.532607048534120275e-02,2.152945530726159684e-01,2.379990950160355556e-01,6.311767488524169800e-02
0.000000000000000000e+00,0.000000000000000000e+00,0.000000000000000000e+00,0.000000000000000000e+00,0.000000000000000000e+00,0.000000000000000000e+00,0.000000000000000000e+00,0.000000000000000000e+00,0.000000000000000000e+00,0.000000000000000000e+00,0.000000000000000000e+00,0.000000000000000000e+00,0.000000000000000000e+00,0.000000000000000000e+00,0.000000000000000000e+00,0.000000000000000000e+00,0.000000000000000000e+00,0.000000000000000000e+00,0.000000000000000000e+00,0.000000000000000000e+00,0.000000000000000000e+00,0.000000000000000000e+00,0.000000000000000000e+00,0.000000000000000000e+00,0.000000000000000000e+00,0.000000000000000000e+00,0.000000000000000000e+00,0.000000000000000000e+00,0.000000000000000000e+00,0.000000000000000000e+00,0.000000000000000000e+00,0.000000000000000000e+00,0.000000000000000000e+00,0.000000000000000000e+00,0.000000000000000000e+00,0.000000000000000000e+00,0.000000000000000000e+00,0.000000000000000000e+00,0.000000000000000000e+00,0.000000000000000000e+00,0.000000000000000000e+00,0.000000000000000000e+00,0.000000000000000000e+00,0.000000000000000000e+00,0.000000000000000000e+00,0.000000000000000000e+00,0.000000000000000000e+00,0.000000000000000000e+00,0.000000000000000000e+00,0.000000000000000000e+00,0.000000000000000000e+00,0.000000000000000000e+00,0.000000000000000000e+00,0.000000000000000000e+00,0.000000000000000000e+00,0.000000000000000000e+00,0.000000000000000000e+00,0.000000000000000000e+00,0.000000000000000000e+00,0.000000000000000000e+00,0.000000000000000000e+00,0.000000000000000000e+00,0.000000000000000000e+00,0.000000000000000000e+00,0.000000000000000000e+00,0.000000000000000000e+00,0.000000000000000000e+00,0.000000000000000000e+00,0.000000000000000000e+00,0.000000000000000000e+00,0.000000000000000000e+00,0.000000000000000000e+00,1.000000000000000000e+00,3.478761862565066948e-02,-6.920578559755476145e-02,-6.585173703980837234e-02,4.830762999530508611e-02,1.691866154416842294e-01,-1.290627934008075350e-01,6.751310133385371448e-02,9.109231512517552976e-02,-7.514919476334463999e-02,1.946910803354098135e-03,8.575696023173744187e-02,-3.120604223484566009e-01,4.062746941598229834e-03,-4.252069379841182800e-02,-6.981083507378102460e-02,2.365518037867596068e-01,7.928324335666968314e-02,8.781036430446540267e-03,1.138073554640556678e-01,-8.375033067995020508e-02,3.646361252739526663e-03,3.425907879700471753e-02,6.862262409804148477e-02,1.387280236029347913e-01,-1.025097042417192905e-01,-2.152939435726728898e-02,-1.978229642676285205e-01
0.000000000000000000e+00,0.000000000000000000e+00,0.000000000000000000e+00,0.000000000000000000e+00,0.000000000000000000e+00,0.000000000000000000e+00,0.000000000000000000e+00,0.000000000000000000e+00,0.000000000000000000e+00,0.000000000000000000e+00,0.000000000000000000e+00,0.000000000000000000e+00,0.000000000000000000e+00,0.000000000000000000e+00,0.000000000000000000e+00,0.000000000000000000e+00,0.000000000000000000e+00,0.000000000000000000e+00,0.000000000000000000e+00,0.000000000000000000e+00,0.000000000000000000e+00,0.000000000000000000e+00,0.000000000000000000e+00,0.000000000000000000e+00,0.000000000000000000e+00,0.000000000000000000e+00,0.000000000000000000e+00,0.000000000000000000e+00,0.000000000000000000e+00,0.000000000000000000e+00,0.000000000000000000e+00,0.000000000000000000e+00,0.000000000000000000e+00,0.000000000000000000e+00,0.000000000000000000e+00,0.000000000000000000e+00,0.000000000000000000e+00,0.000000000000000000e+00,0.000000000000000000e+00,0.000000000000000000e+00,0.000000000000000000e+00,0.000000000000000000e+00,0.000000000000000000e+00,0.000000000000000000e+00,0.000000000000000000e+00,0.000000000000000000e+00,0.000000000000000000e+00,0.000000000000000000e+00,0.000000000000000000e+00,0.000000000000000000e+00,0.000000000000000000e+00,0.000000000000000000e+00,0.000000000000000000e+00,0.000000000000000000e+00,0.000000000000000000e+00,0.000000000000000000e+00,0.000000000000000000e+00,0.000000000000000000e+00,0.000000000000000000e+00,0.000000000000000000e+00,0.000000000000000000e+00,0.000000000000000000e+00,0.000000000000000000e+00,0.000000000000000000e+00,0.000000000000000000e+00,0.000000000000000000e+00,0.000000000000000000e+00,0.000000000000000000e+00,0.000000000000000000e+00,0.000000000000000000e+00,0.000000000000000000e+00,0.000000000000000000e+00,0.000000000000000000e+00,1.000000000000000000e+00,2.681598786157518219e-02,3.323635243402286304e-02,-8.695748617963933169e-02,-4.111465425099855575e-02,1.224124195771620627e-01,1.384500166776283722e-02,-6.666248430130619629e-02,3.946420275718947462e-02,-1.920931979741105078e-01,-2.301128358800066248e-02,7.274658521688076585e-02,1.230966116069763111e-01,2.968376123940099157e-02,2.227622726791857466e-01,4.258938680355366102e-02,-1.168789343926157631e-01,6.102097233655677522e-02,1.442134404612879783e-01,5.268447496708674078e-03,2.944384912671311333e-02,-5.500206892853790747e-02,-2.780312453647079685e-02,-6.071972099422976582e-02,-3.227139254603757917e-02,4.249299619749424134e-02,-8.127271178952565067e-02
0.000000000000000000e+00,0.000000000000000000e+00,0.000000000000000000e+00,0.000000000000000000e+00,0.000000000000000000e+00,0.000000000000000000e+00,0.000000000000000000e+00,0.000000000000000000e+00,0.000000000000000000e+00,0.000000000000000000e+00,0.000000000000000000e+00,0.000000000000000000e+00,0.000000000000000000e+00,0.000000000000000000e+00,0.000000000000000000e+00,0.000000000000000000e+00,0.000000000000000000e+00,0.000000000000000000e+00,0.000000000000000000e+00,0.000000000000000000e+00,0.000000000000000000e+00,0.000000000000000000e+00,0.000000000000000000e+00,0.000000000000000000e+00,0.000000000000000000e+00,0.000000000000000000e+00,0.000000000000000000e+00,0.000000000000000000e+00,0.000000000000000000e+00,0.000000000000000000e+00,0.000000000000000000e+00,0.000000000000000000e+00,0.000000000000000000e+00,0.000000000000000000e+00,0.000000000000000000e+00,0.000000000000000000e+00,0.000000000000000000e+00,0.000000000000000000e+00,0.000000000000000000e+00,0.000000000000000000e+00,0.000000000000000000e+00,0.000000000000000000e+00,0.000000000000000000e+00,0.000000000000000000e+00,0.000000000000000000e+00,0.000000000000000000e+00,0.000000000000000000e+00,0.000000000000000000e+00,0.000000000000000000e+00,0.000000000000000000e+00,0.000000000000000000e+00,0.000000000000000000e+00,0.000000000000000000e+00,0.000000000000000000e+00,0.000000000000000000e+00,0.000000000000000000e+00,0.000000000000000000e+00,0.000000000000000000e+00,0.000000000000000000e+00,0.000000000000000000e+00,0.000000000000000000e+00,0.000000000000000000e+00,0.000000000000000000e+00,0.000000000000000000e+00,0.000000000000000000e+00,0.000000000000000000e+00,0.000000000000000000e+00,0.000000000000000000e+00,0.000000000000000000e+00,0.000000000000000000e+00,0.000000000000000000e+00,0.000000000000000000e+00,0.000000000000000000e+00,0.000000000000000000e+00,1.000000000000000000e+00,-2.680893486909835186e-02,4.624665766028490665e-02,-8.728052744276529329e-02,9.189715286647717751e-02,8.531767456800883054e-02,4.524767754604825526e-03,-6.780623217946647741e-02,9.446415316204385959e-02,-3.420504911469744724e-02,-4.417964282118634622e-02,-5.862494181813691224e-02,-3.288101272438425510e-02,-1.988388802802369959e-01,-6.036134874924596605e-02,8.104589905030747110e-02,2.017872965299650212e-01,1.127864644036203762e-01,1.833304575506610468e-01,-9.478664209687667763e-02,-8.900570885221976980e-02,-1.805091011723749528e-01,-7.130297575741617599e-02,-3.951192233061776721e-02,-1.382780937023327279e-02,1.183877559844339206e-01
0.000000000000000000e+00,0.000000000000000000e+00,0.000000000000000000e+00,0.000000000000000000e+00,0.000000000000000000e+00,0.000000000000000000e+00,0.000000000000000000e+00,0.000000000000000000e+00,0.000000000000000000e+00,0.000000000000000000e+00,0.000000000000000000e+00,0.000000000000000000e+00,0.000000000000000000e+00,0.000000000000000000e+00,0.000000000000000000e+00,0.000000000000000000e+00,0.000000000000000000e+00,0.000000000000000000e+00,0.000000000000000000e+00,0.000000000000000000e+00,0.000000000000000000e+00,0.000000000000000000e+00,0.000000000000000000e+00,0.000000000000000000e+00,0.000000000000000000e+00,0.000000000000000000e+00,0.000000000000000000e+00,0.000000000000000000e+00,0.000000000000000000e+00,0.000000000000000000e+00,0.000000000000000000e+00,0.000000000000000000e+00,0.000000000000000000e+00,0.000000000000000000e+00,0.000000000000000000e+00,0.000000000000000000e+00,0.000000000000000000e+00,0.000000000000000000e+00,0.000000000000000000e+00,0.000000000000000000e+00,0.000000000000000000e+00,0.000000000000000000e+00,0.000000000000000000e+00,0.000000000000000000e+00,0.000000000000000000e+00,0.000000000000000000e+00,0.000000000000000000e+00,0.000000000000000000e+00,0.000000000000000000e+00,0.000000000000000000e+00,0.000000000000000000e+00,0.000000000000000000e+00,0.000000000000000000e+00,0.000000000000000000e+00,0.000000000000000000e+00,0.000000000000000000e+00,0.000000000000000000e+00,0.000000000000000000e+00,0.000000000000000000e+00,0.000000000000000000e+00,0.000000000000000000e+00,0.000000000000000000e+00,0.000000000000000000e+00,0.000000000000000000e+00,0.000000000000000000e+00,0.000000000000000000e+00,0.000000000000000000e+00,0.000000000000000000e+00,0.000000000000000000e+00,0.000000000000000000e+00,0.000000000000000000e+00,0.000000000000000000e+00,0.000000000000000000e+00,0.000000000000000000e+00,0.000000000000000000e+00,1.000000000000000000e+00,-1.151583341094445517e-01,2.089487343532565045e-01,-9.648715791339743109e-02,4.492623562178250235e-02,6.364514929890086048e-02,2.948506018940436069e-02,7.096663234189568015e-02,-6.209952877357735601e-02,7.874819759623240267e-02,2.207369090859306188e-02,3.862207167404913682e-02,-6.342893187772515040e-02,-1.214799672580382656e-01,-1.680400719087778993e-01,8.190556351466683760e-02,-1.916367514394904173e-02,1.261446167238097493e-01,-4.175436460986504256e-02,3.706152075517765709e-02,-4.148373787953549968e-02,-3.474874552364543186e-03,1.427462204186247530e-01,4.693339895205492218e-02,2.576801658634711792e-02
0.000000000000000000e+00,0.000000000000000000e+00,0.000000000000000000e+00,0.000000000000000000e+00,0.000000000000000000e+00,0.000000000000000000e+00,0.000000000000000000e+00,0.000000000000000000e+00,0.000000000000000000e+00,0.000000000000000000e+00,0.000000000000000000e+00,0.000000000000000000e+00,0.000000000000000000e+00,0.000000000000000000e+00,0.000000000000000000e+00,0.000000000000000000e+00,0.000000000000000000e+00,0.000000000000000000e+00,0.000000000000000000e+00,0.000000000000000000e+00,0.000000000000000000e+00,0.000000000000000000e+00,0.000000000000000000e+00,0.000000000000000000e+00,0.000000000000000000e+00,0.000000000000000000e+00,0.000000000000000000e+00,0.000000000000000000e+00,0.000000000000000000e+00,0.000000000000000000e+00,0.000000000000000000e+00,0.000000000000000000e+00,0.000000000000000000e+00,0.000000000000000000e+00,0.000000000000000000e+00,0.000000000000000000e+00,0.000000000000000000e+00,0.000000000000000000e+00,0.000000000000000000e+00,0.000000000000000000e+00,0.000000000000000000e+00,0.000000000000000000e+00,0.000000000000000000e+00,0.000000000000000000e+00,0.000000000000000000e+00,0.000000000000000000e+00,0.000000000000000000e+00,0.000000000000000000e+00,0.000000000000000000e+00,0.000000000000000000e+00,0.000000000000000000e+00,0.000000000000000000e+00,0.000000000000000000e+00,0.000000000000000000e+00,0.000000000000000000e+00,0.000000000000000000e+00,0.000000000000000000e+00,0.000000000000000000e+00,0.000000000000000000e+00,0.000000000000000000e+00,0.000000000000000000e+00,0.000000000000000000e+00,0.000000000000000000e+00,0.000000000000000000e+00,0.000000000000000000e+00,0.000000000000000000e+00,0.000000000000000000e+00,0.000000000000000000e+00,0.000000000000000000e+00,0.000000000000000000e+00,0.000000000000000000e+00,0.000000000000000000e+00,0.000000000000000000e+00,0.000000000000000000e+00,0.000000000000000000e+00,0.000000000000000000e+00,1.000000000000000000e+00,4.719721349081165696e-02,1.708915043221831409e-01,-4.429311665254728053e-02,-9.158493265437437844e-03,2.959251950584121937e-01,1.535327513248352371e-01,-1.264832796919185265e-01,-6.482670298298794098e-02,1.476656536556097618e-02,-7.873654862490452044e-02,-7.803849017812372613e-02,8.414938884626771420e-02,7.976492311691772696e-02,7.977997591621645290e-02,-1.969643975361545091e-02,-1.720953668510137591e-01,-7.509481130001967319e-02,-1.489443916380247049e-02,1.528785494942078594e-03,-1.690837420356105514e-01,2.972780890218858912e-02,3.725242126953699079e-02,5.594905785513045599e-02
0.000000000000000000e+00,0.000000000000000000e+00,0.000000000000000000e+00,0.000000000000000000e+00,0.000000000000000000e+00,0.000000000000000000e+00,0.000000000000000000e+00,0.000000000000000000e+00,0.000000000000000000e+00,0.000000000000000000e+00,0.000000000000000000e+00,0.000000000000000000e+00,0.000000000000000000e+00,0.000000000000000000e+00,0.000000000000000000e+00,0.000000000000000000e+00,0.000000000000000000e+00,0.000000000000000000e+00,0.000000000000000000e+00,0.000000000000000000e+00,0.000000000000000000e+00,0.000000000000000000e+00,0.000000000000000000e+00,0.000000000000000000e+00,0.000000000000000000e+00,0.000000000000000000e+00,0.000000000000000000e+00,0.000000000000000000e+00,0.000000000000000000e+00,0.000000000000000000e+00,0.000000000000000000e+00,0.000000000000000000e+00,0.000000000000000000e+00,0.000000000000000000e+00,0.000000000000000000e+00,0.000000000000000000e+00,0.000000000000000000e+00,0.000000000000000000e+00,0.000000000000000000e+00,0.000000000000000000e+00,0.000000000000000000e+00,0.000000000000000000e+00,0.000000000000000000e+00,0.000000000000000000e+00,0.000000000000000000e+00,0.000000000000000000e+00,0.000000000000000000e+00,0.000000000000000000e+00,0.000000000000000000e+00,0.000000000000000000e+00,0.000000000000000000e+00,0.000000000000000000e+00,0.000000000000000000e+00,0.000000000000000000e+00,0.000000000000000000e+00,0.000000000000000000e+00,0.000000000000000000e+00,0.000000000000000000e+00,0.000000000000000000e+00,0.000000000000000000e+00,0.000000000000000000e+00,0.000000000000000000e+00,0.000000000000000000e+00,0.000000000000000000e+00,0.000000000000000000e+00,0.000000000000000000e+00,0.000000000000000000e+00,0.000000000000000000e+00,0.000000000000000000e+00,0.000000000000000000e+00,0.000000000000000000e+00,0.000000000000000000e+00,0.000000000000000000e+00,0.000000000000000000e+00,0.000000000000000000e+00,0.000000000000000000e+00,0.000000000000000000e+00,1.000000000000000000e+00,-1.307187088305507006e-01,-1.029742244027772313e-01,9.373966040086784135e-02,8.818548853196753190e-02,4.977290056752452924e-02,-9.676923971864420659e-02,-1.279433294964057652e-02,-2.447079964040041120e-02,-6.761074781602863237e-02,-2.906101595398453107e-03,1.215330912015525344e-01,-1.687184711597440601e-01,-2.458247950663778464e-02,-1.161216860001155647e-03,-5.498291502211492127e-02,1.303638118174669236e-01,7.580896152747833294e-02,1.582488105801444223e-01,7.317963810850397488e-02,-4.805576587691789969e-02,5.591076395950847792e-04,-5.366475883418433263e-02
0.000000000000000000e+00,0.000000000000000000e+00,0.000000000000000000e+00,0.000000000000000000e+00,0.000000000000000000e+00,0.000000000000000000e+00,0.000000000000000000e+00,0.000000000000000000e+00,0.000000000000000000e+00,0.000000000000000000e+00,0.000000000000000000e+00,0.000000000000000000e+00,0.000000000000000000e+00,0.000000000000000000e+00,0.000000000000000000e+00,0.000000000000000000e+00,0.000000000000000000e+00,0.000000000000000000e+00,0.000000000000000000e+00,0.000000000000000000e+00,0.000000000000000000e+00,0.000000000000000000e+00,0.000000000000000000e+00,0.000000000000000000e+00,0.000000000000000000e+00,0.000000000000000000e+00,0.000000000000000000e+00,0.000000000000000000e+00,0.000000000000000000e+00,0.000000000000000000e+00,0.000000000000000000e+00,0.000000000000000000e+00,0.000000000000000000e+00,0.000000000000000000e+00,0.000000000000000000e+00,0.000000000000000000e+00,0.000000000000000000e+00,0.000000000000000000e+00,0.000000000000000000e+00,0.000000000000000000e+00,0.000000000000000000e+00,0.000000000000000000e+00,0.000000000000000000e+00,0.000000000000000000e+00,0.000000000000000000e+00,0.000000000000000000e+00,0.000000000000000000e+00,0.000000000000000000e+00,0.000000000000000000e+00,0.000000000000000000e+00,0.000000000000000000e+00,0.000000000000000000e+00,0.000000000000000000e+00,0.000000000000000000e+00,0.000000000000000000e+00,0.000000000000000000e+00,0.000000000000000000e+00,0.000000000000000000e+00,0.000000000000000000e+00,0.000000000000000000e+00,0.000000000000000000e+00,0.000000000000000000e+00,0.000000000000000000e+00,0.000000000000000000e+00,0.000000000000000000e+00,0.000000000000000000e+00,0.000000000000000000e+00,0.000000000000000000e+00,0.000000000000000000e+00,0.000000000000000000e+00,0.000000000000000000e+00,0.000000000000000000e+00,0.000000000000000000e+00,0.000000000000000000e+00,0.000000000000000000e+00,0.000000000000000000e+00,0.000000000000000000e+00,0.000000000000000000e+00,1.000000000000000000e+00,2.564624644848146132e-02,-8.943181104499937917e-02,1.275749281346800525e-02,2.735790821868454570e-01,-8.651445519783686200e-02,8.578207732430763455e-02,1.552786684519297522e-01,-3.810502556076487968e-02,-5.580809046123688666e-02,-1.036771699649775835e-02,5.563717292910607543e-02,-2.099430492601034592e-01,-7.276520610588987914e-02,-1.018046755435457335e-01,-5.552144222752797287e-02,2.798337585934014202e-02,-4.973920394559131625e-02,-1.175172905675302831e-01,3.970886692792798683e-02,-1.612928815683880857e-01,-8.626122487875148223e-03
0.000000000000000000e+00,0.000000000000000000e+00,0.000000000000000000e+00,0.000000000000000000e+00,0.000000000000000000e+00,0.000000000000000000e+00,0.000000000000000000e+00,0.000000000000000000e+00,0.000000000000000000e+00,0.000000000000000000e+00,0.000000000000000000e+00,0.000000000000000000e+00,0.000000000000000000e+00,0.000000000000000000e+00,0.000000000000000000e+00,0.000000000000000000e+00,0.000000000000000000e+00,0.000000000000000000e+00,0.000000000000000000e+00,0.000000000000000000e+00,0.000000000000000000e+00,0.000000000000000000e+00,0.000000000000000000e+00,0.000000000000000000e+00,0.000000000000000000e+00,0.000000000000000000e+00,0.000000000000000000e+00,0.000000000000000000e+00,0.000000000000000000e+00,0.000000000000000000e+00,0.000000000000000000e+00,0.000000000000000000e+00,0.000000000000000000e+00,0.000000000000000000e+00,0.000000000000000000e+00,0.000000000000000000e+00,0.000000000000000000e+00,0.000000000000000000e+00,0.000000000000000000e+00,0.000000000000000000e+00,0.000000000000000000e+00,0.000000000000000000e+00,0.000000000000000000e+00,0.000000000000000000e+00,0.000000000000000000e+00,0.000000000000000000e+00,0.000000000000000000e+00,0.000000000000000000e+00,0.000000000000000000e+00,0.000000000000000000e+00,0.000000000000000000e+00,0.000000000000000000e+00,0.000000000000000000e+00,0.000000000000000000e+00,0.000000000000000000e+00,0.000000000000000000e+00,0.000000000000000000e+00,0.000000000000000000e+00,0.000000000000000000e+00,0.000000000000000000e+00,0.000000000000000000e+00,0.000000000000000000e+00,0.000000000000000000e+00,0.000000000000000000e+00,0.000000000000000000e+00,0.000000000000000000e+00,0.000000000000000000e+00,0.000000000000000000e+00,0.000000000000000000e+00,0.000000000000000000e+00,0.000000000000000000e+00,0.000000000000000000e+00,0.000000000000000000e+00,0.000000000000000000e+00,0.000000000000000000e+00,0.000000000000000000e+00,0.000000000000000000e+00,0.000000000000000000e+00,0.000000000000000000e+00,1.000000000000000000e+00,1.538032332692467474e-01,-6.426533601546094432e-02,-5.425676291603462320e-02,1.246038592208576767e-01,3.342788104637069158e-02,-6.001757117682823134e-02,5.781876804297095968e-02,-1.178179492792169776e-02,-2.039677343172297333e-02,9.793622036262047276e-03,-1.114069222088575201e-01,1.050378592335340089e-01,2.916188126415009477e-02,3.310569518073245426e-02,-1.220786989471802364e-01,1.796955035428618175e-01,-4.075672739357206337e-02,1.984356697954777760e-01,9.323561936962604380e-02,6.728843653223388899e-02
0.000000000000000000e+00,0.000000000000000000e+00,0.000000000000000000e+00,0.000000000000000000e+00,0.000000000000000000e+00,0.000000000000000000e+00,0.000000000000000000e+00,0.000000000000000000e+00,0.000000000000000000e+00,0.000000000000000000e+00,0.000000000000000000e+00,0.000000000000000000e+00,0.000000000000000000e+00,0.000000000000000000e+00,0.000000000000000000e+00,0.000000000000000000e+00,0.000000000000000000e+00,0.000000000000000000e+00,0.000000000000000000e+00,0.000000000000000000e+00,0.000000000000000000e+00,0.000000000000000000e+00,0.000000000000000000e+00,0.000000000000000000e+00,0.000000000000000000e+00,0.000000000000000000e+00,0.000000000000000000e+00,0.000000000000000000e+00,0.000000000000000000e+00,0.000000000000000000e+00,0.000000000000000000e+00,0.000000000000000000e+00,0.000000000000000000e+00,0.000000000000000000e+00,0.000000000000000000e+00,0.000000000000000000e+00,0.000000000000000000e+00,0.000000000000000000e+00,0.000000000000000000e+00,0.000000000000000000e+00,0.000000000000000000e+00,0.000000000000000000e+00,0.000000000000000000e+00,0.000000000000000000e+00,0.000000000000000000e+00,0.000000000000000000e+00,0.000000000000000000e+00,0.000000000000000000e+00,0.000000000000000000e+00,0.000000000000000000e+00,0.000000000000000000e+00,0.000000000000000000e+00,0.000000000000000000e+00,0.000000000000000000e+00,0.000000000000000000e+00,0.000000000000000000e+00,0.000000000000000000e+00,0.000000000000000000e+00,0.000000000000000000e+00,0.000000000000000000e+00,0.000000000000000000e+00,0.000000000000000000e+00,0.000000000000000000e+00,0.000000000000000000e+00,0.000000000000000000e+00,0.000000000000000000e+00,0.000000000000000000e+00,0.000000000000000000e+00,0.000000000000000000e+00,0.000000000000000000e+00,0.000000000000000000e+00,0.000000000000000000e+00,0.000000000000000000e+00,0.000000000000000000e+00,0.000000000000000000e+00,0.000000000000000000e+00,0.000000000000000000e+00,0.000000000000000000e+00,0.000000000000000000e+00,0.000000000000000000e+00,1.000000000000000000e+00,-1.563018861365086942e-01,-3.574863332740135097e-02,6.601096283004152798e-02,-5.085854244412205127e-02,1.026693213410670782e-02,2.503327169596638035e-01,-8.920956908375107797e-02,8.669981845796000119e-02,-8.917038347777318796e-02,6.902855256668638875e-03,-1.054698673038994422e-01,3.310055346425969797e-02,2.938750269846270302e-01,-3.153230758219598417e-01,1.763549959394697386e-01,-9.180824153094017948e-02,3.415057869937878632e-01,9.616278137776264334e-02,-1.822437120702976587e-01
0.000000000000000000e+00,0.000000000000000000e+00,0.000000000000000000e+00,0.000000000000000000e+00,0.000000000000000000e+00,0.000000000000000000e+00,0.000000000000000000e+00,0.000000000000000000e+00,0.000000000000000000e+00,0.000000000000000000e+00,0.000000000000000000e+00,0.000000000000000000e+00,0.000000000000000000e+00,0.000000000000000000e+00,0.000000000000000000e+00,0.000000000000000000e+00,0.000000000000000000e+00,0.000000000000000000e+00,0.000000000000000000e+00,0.000000000000000000e+00,0.000000000000000000e+00,0.000000000000000000e+00,0.000000000000000000e+00,0.000000000000000000e+00,0.000000000000000000e+00,0.000000000000000000e+00,0.000000000000000000e+00,0.000000000000000000e+00,0.000000000000000000e+00,0.000000000000000000e+00,0.000000000000000000e+00,0.000000000000000000e+00,0.000000000000000000e+00,0.000000000000000000e+00,0.000000000000000000e+00,0.000000000000000000e+00,0.000000000000000000e+00,0.000000000000000000e+00,0.000000000000000000e+00,0.000000000000000000e+00,0.000000000000000000e+00,0.000000000000000000e+00,0.000000000000000000e+00,0.000000000000000000e+00,0.000000000000000000e+00,0.000000000000000000e+00,0.000000000000000000e+00,0.000000000000000000e+00,0.000000000000000000e+00,0.000000000000000000e+00,0.000000000000000000e+00,0.000000000000000000e+00,0.000000000000000000e+00,0.000000000000000000e+00,0.000000000000000000e+00,0.000000000000000000e+00,0.000000000000000000e+00,0.000000000000000000e+00,0.000000000000000000e+00,0.000000000000000000e+00,0.000000000000000000e+00,0.000000000000000000e+00,0.000000000000000000e+00,0.000000000000000000e+00,0.000000000000000000e+00,0.000000000000000000e+00,0.000000000000000000e+00,0.000000000000000000e+00,0.000000000000000000e+00,0.000000000000000000e+00,0.000000000000000000e+00,0.000000000000000000e+00,0.000000000000000000e+00,0.000000000000000000e+00,0.000000000000000000e+00,0.000000000000000000e+00,0.000000000000000000e+00,0.000000000000000000e+00,0.000000000000000000e+00,0.000000000000000000e+00,0.000000000000000000e+00,1.000000000000000000e+00,-7.446111135569503589e-03,-1.400281991877887211e-01,1.493162807384741941e-01,4.801794098585792508e-02,6.091089503347170420e-02,1.539596929524306435e-01,4.457674360289327897e-03,-9.147489368622099826e-02,1.403380706936768751e-01,-8.140950347364517281e-02,-8.500271500842125627e-02,-7.342349654827202976e-02,-3.681831360493488525e-02,1.579691146326045181e-01,-9.801199419853340311e-02,1.625374601279306816e-02,2.906384340264967989e-02,7.976944987564116990e-03
0.000000000000000000e+00,0.000000000000000000e+00,0.000000000000000000e+00,0.000000000000000000e+00,0.000000000000000000e+00,0.000000000000000000e+00,0.000000000000000000e+00,0.000000000000000000e+00,0.000000000000000000e+00,0.000000000000000000e+00,0.000000000000000000e+00,0.000000000000000000e+00,0.000000000000000000e+00,0.000000000000000000e+00,0.000000000000000000e+00,0.000000000000000000e+00,0.000000000000000000e+00,0.000000000000000000e+00,0.000000000000000000e+00,0.000000000000000000e+00,0.000000000000000000e+00,0.000000000000000000e+00,0.000000000000000000e+00,0.000000000000000000e+00,0.000000000000000000e+00,0.000000000000000000e+00,0.000000000000000000e+00,0.000000000000000000e+00,0.000000000000000000e+00,0.000000000000000000e+00,0.000000000000000000e+00,0.000000000000000000e+00,0.000000000000000000e+00,0.000000000000000000e+00,0.000000000000000000e+00,0.000000000000000000e+00,0.000000000000000000e+00,0.000000000000000000e+00,0.000000000000000000e+00,0.000000000000000000e+00,0.000000000000000000e+00,0.000000000000000000e+00,0.000000000000000000e+00,0.000000000000000000e+00,0.000000000000000000e+00,0.000000000000000000e+00,0.000000000000000000e+00,0.000000000000000000e+00,0.000000000000000000e+00,0.000000000000000000e+00,0.000000000000000000e+00,0.000000000000000000e+00,0.000000000000000000e+00,0.000000000000000000e+00,0.000000000000000000e+00,0.000000000000000000e+00,0.000000000000000000e+00,0.000000000000000000e+00,0.000000000000000000e+00,0.000000000000000000e+00,0.000000000000000000e+00,0.000000000000000000e+00,0.000000000000000000e+00,0.000000000000000000e+00,0.000000000000000000e+00,0.000000000000000000e+00,0.000000000000000000e+00,0.000000000000000000e+00,0.000000000000000000e+00,0.000000000000000000e+00,0.000000000000000000e+00,0.000000000000000000e+00,0.000000000000000000e+00,0.000000000000000000e+00,0.000000000000000000e+00,0.000000000000000000e+00,0.000000000000000000e+00,0.000000000000000000e+00,0.000000000000000000e+00,0.000000000000000000e+00,0.000000000000000000e+00,0.000000000000000000e+00,1.000000000000000000e+00,-2.565800142301720155e-01,9.360545358066807431e-02,-7.970368871972920155e-02,-7.099530300443383790e-02,-2.487046005400914694e-01,-8.484567565965693559e-02,1.812430243274806146e-02,-2.716903986552213560e-02,-1.641795328216907601e-01,1.700553232387452471e-02,-1.689590440809935201e-01,1.998541303513119149e-01,-8.983589999690884398e-02,2.564589797572599042e-02,5.497789922178053859e-03,-1.949377296068964538e-01,3.194327179562484603e-02
0.000000000000000000e+00,0.000000000000000000e+00,0.000000000000000000e+00,0.000000000000000000e+00,0.000000000000000000e+00,0.000000000000000000e+00,0.000000000000000000e+00,0.000000000000000000e+00,0.000000000000000000e+00,0.000000000000000000e+00,0.000000000000000000e+00,0.000000000000000000e+00,0.000000000000000000e+00,0.000000000000000000e+00,0.000000000000000000e+00,0.000000000000000000e+00,0.000000000000000000e+00,0.000000000000000000e+00,0.000000000000000000e+00,0.000000000000000000e+00,0.000000000000000000e+00,0.000000000000000000e+00,0.000000000000000000e+00,0.000000000000000000e+00,0.000000000000000000e+00,0.000000000000000000e+00,0.000000000000000000e+00,0.000000000000000000e+00,0.000000000000000000e+00,0.000000000000000000e+00,0.000000000000000000e+00,0.000000000000000000e+00,0.000000000000000000e+00,0.000000000000000000e+00,0.000000000000000000e+00,0.000000000000000000e+00,0.000000000000000000e+00,0.000000000000000000e+00,0.000000000000000000e+00,0.000000000000000000e+00,0.000000000000000000e+00,0.000000000000000000e+00,0.000000000000000000e+00,0.000000000000000000e+00,0.000000000000000000e+00,0.000000000000000000e+00,0.000000000000000000e+00,0.000000000000000000e+00,0.000000000000000000e+00,0.000000000000000000e+00,0.000000000000000000e+00,0.000000000000000000e+00,0.000000000000000000e+00,0.000000000000000000e+00,0.000000000000000000e+00,0.000000000000000000e+00,0.000000000000000000e+00,0.000000000000000000e+00,0.000000000000000000e+00,0.000000000000000000e+00,0.000000000000000000e+00,0.000000000000000000e+00,0.000000000000000000e+00,0.000000000000000000e+00,0.000000000000000000e+00,0.000000000000000000e+00,0.000000000000000000e+00,0.000000000000000000e+00,0.000000000000000000e+00,0.000000000000000000e+00,0.000000000000000000e+00,0.000000000000000000e+00,0.000000000000000000e+00,0.000000000000000000e+00,0.000000000000000000e+00,0.000000000000000000e+00,0.000000000000000000e+00,0.000000000000000000e+00,0.000000000000000000e+00,0.000000000000000000e+00,0.000000000000000000e+00,0.000000000000000000e+00,0.000000000000000000e+00,1.000000000000000000e+00,-1.253637313555988064e-01,1.399830633821333437e-01,-6.221970083958450887e-02,5.066486599953846925e-02,1.254344819825448931e-01,-4.619218395942535638e-02,-7.946076237197913228e-02,1.799434391438023417e-01,3.823081014695212110e-02,7.344475667277269859e-02,-1.487874628779933261e-01,8.350184897708480547e-02,2.462898363158627923e-01,1.207234543013626232e-01,1.864701554875347611e-01,-1.899132711088969416e-01
0.000000000000000000e+00,0.000000000000000000e+00,0.000000000000000000e+00,0.000000000000000000e+00,0.000000000000000000e+00,0.000000000000000000e+00,0.000000000000000000e+00,0.000000000000000000e+00,0.000000000000000000e+00,0.000000000000000000e+00,0.000000000000000000e+00,0.000000000000000000e+00,0.000000000000000000e+00,0.000000000000000000e+00,0.000000000000000000e+00,0.000000000000000000e+00,0.000000000000000000e+00,0.000000000000000000e+00,0.000000000000000000e+00,0.000000000000000000e+00,0.000000000000000000e+00,0.000000000000000000e+00,0.000000000000000000e+00,0.000000000000000000e+00,0.000000000000000000e+00,0.000000000000000000e+00,0.000000000000000000e+00,0.000000000000000000e+00,0.000000000000000000e+00,0.000000000000000000e+00,0.000000000000000000e+00,0.000000000000000000e+00,0.000000000000000000e+00,0.000000000000000000e+00,0.000000000000000000e+00,0.000000000000000000e+00,0.000000000000000000e+00,0.000000000000000000e+00,0.000000000000000000e+00,0.000000000000000000e+00,0.000000000000000000e+00,0.000000000000000000e+00,0.000000000000000000e+00,0.000000000000000000e+00,0.000000000000000000e+00,0.000000000000000000e+00,0.000000000000000000e+00,0.000000000000000000e+00,0.000000000000000000e+00,0.000000000000000000e+00,0.000000000000000000e+00,0.000000000000000000e+00,0.000000000000000000e+00,0.000000000000000000e+00,0.000000000000000000e+00,0.000000000000000000e+00,0.000000000000000000e+00,0.000000000000000000e+00,0.000000000000000000e+00,0.000000000000000000e+00,0.000000000000000000e+00,0.000000000000000000e+00,0.000000000000000000e+00,0.000000000000000000e+00,0.000000000000000000e+00,0.000000000000000000e+00,0.000000000000000000e+00,0.000000000000000000e+00,0.000000000000000000e+00,0.000000000000000000e+00,0.000000000000000000e+00,0.000000000000000000e+00,0.000000000000000000e+00,0.000000000000000000e+00,0.000000000000000000e+00,0.000000000000000000e+00,0.000000000000000000e+00,0.000000000000000000e+00,0.000000000000000000e+00,0.000000000000000000e+00,0.000000000000000000e+00,0.000000000000000000e+00,0.000000000000000000e+00,0.000000000000000000e+00,1.000000000000000000e+00,1.637116357388344323e-01,7.599011756695778219e-02,-4.061423412319598719e-02,-1.162527953381198437e-01,-2.040643404102908953e-01,-5.504965425018405745e-02,-1.291654300636316532e-01,-1.398933026455369440e-02,-2.635700655964612338e-02,-2.162963144731808174e-02,1.074338493942505329e-01,-1.121919213233500690e-01,1.249245642315921778e-01,-2.408440927663425823e-01,1.216659965022808820e-01
0.000000000000000000e+00,0.000000000000000000e+00,0.000000000000000000e+00,0.000000000000000000e+00,0.000000000000000000e+00,0.000000000000000000e+00,0.000000000000000000e+00,0.000000000000000000e+00,0.000000000000000000e+00,0.000000000000000000e+00,0.000000000000000000e+00,0.000000000000000000e+00,0.000000000000000000e+00,0.000000000000000000e+00,0.000000000000000000e+00,0.000000000000000000e+00,0.000000000000000000e+00,0.000000000000000000e+00,0.000000000000000000e+00,0.000000000000000000e+00,0.000000000000000000e+00,0.000000000000000000e+00,0.000000000000000000e+00,0.000000000000000000e+00,0.000000000000000000e+00,0.000000000000000000e+00,0.000000000000000000e+00,0.000000000000000000e+00,0.000000000000000000e+00,0.000000000000000000e+00,0.000000000000000000e+00,0.000000000000000000e+00,0.000000000000000000e+00,0.000000000000000000e+00,0.000000000000000000e+00,0.000000000000000000e+00,0.000000000000000000e+00,0.000000000000000000e+00,0.000000000000000000e+00,0.000000000000000000e+00,0.000000000000000000e+00,0.000000000000000000e+00,0.000000000000000000e+00,0.000000000000000000e+00,0.000000000000000000e+00,0.000000000000000000e+00,0.000000000000000000e+00,0.000000000000000000e+00,0.000000000000000000e+00,0.000000000000000000e+00,0.000000000000000000e+00,0.000000000000000000e+00,0.000000000000000000e+00,0.000000000000000000e+00,0.000000000000000000e+00,0.000000000000000000e+00,0.000000000000000000e+00,0.000000000000000000e+00,0.000000000000000000e+00,0.000000000000000000e+00,0.000000000000000000e+00,0.000000000000000000e+00,0.000000000000000000e+00,0.000000000000000000e+00,0.000000000000000000e+00,0.000000000000000000e+00,0.000000000000000000e+00,0.000000000000000000e+00,0.000000000000000000e+00,0.000000000000000000e+00,0.000000000000000000e+00,0.000000000000000000e+00,0.000000000000000000e+00,0.000000000000000000e+00,0.000000000000000000e+00,0.000000000000000000e+00,0.000000000000000000e+00,0.000000000000000000e+00,0.000000000000000000e+00,0.000000000000000000e+00,0.000000000000000000e+00,0.000000000000000000e+00,0.000000000000000000e+00,0.000000000000000000e+00,0.000000000000000000e+00,1.000000000000000000e+00,1.107626763885303650e-01,1.208271030425338843e-01,1.613235163320563548e-01,-1.506710530442627038e-01,-6.053609502622610966e-02,-8.385408650184372065e-03,-5.329544840210440060e-02,2.159516902368251445e-01,-8.636939220405845385e-02,8.216079449829460923e-02,-4.872216379273031778e-02,-9.739825712922145495e-03,-1.187675148644312534e-01,-1.079969674164719673e-01
0.000000000000000000e+00,0.000000000000000000e+00,0.000000000000000000e+00,0.000000000000000000e+00,0.000000000000000000e+00,0.000000000000000000e+00,0.000000000000000000e+00,0.000000000000000000e+00,0.000000000000000000e+00,0.000000000000000000e+00,0.000000000000000000e+00,0.000000000000000000e+00,0.000000000000000000e+00,0.000000000000000000e+00,0.000000000000000000e+00,0.000000000000000000e+00,0.000000000000000000e+00,0.000000000000000000e+00,0.000000000000000000e+00,0.000000000000000000e+00,0.000000000000000000e+00,0.000000000000000000e+00,0.000000000000000000e+00,0.000000000000000000e+00,0.000000000000000000e+00,0.000000000000000000e+00,0.000000000000000000e+00,0.000000000000000000e+00,0.000000000000000000e+00,0.000000000000000000e+00,0.000000000000000000e+00,0.000000000000000000e+00,0.000000000000000000e+00,0.000000000000000000e+00,0.000000000000000000e+00,0.000000000000000000e+00,0.000000000000000000e+00,0.000000000000000000e+00,0.000000000000000000e+00,0.000000000000000000e+00,0.000000000000000000e+00,0.000000000000000000e+00,0.000000000000000000e+00,0.000000000000000000e+00,0.000000000000000000e+00,0.000000000000000000e+00,0.000000000000000000e+00,0.000000000000000000e+00,0.000000000000000000e+00,0.000000000000000000e+00,0.000000000000000000e+00,0.000000000000000000e+00,0.000000000000000000e+00,0.000000000000000000e+00,0.000000000000000000e+00,0.000000000000000000e+00,0.000000000000000000e+00,0.000000000000000000e+00,0.000000000000000000e+00,0.000000000000000000e+00,0.000000000000000000e+00,0.000000000000000000e+00,0.000000000000000000e+00,0.000000000000000000e+00,0.000000000000000000e+00,0.000000000000000000e+00,0.000000000000000000e+00,0.000000000000000000e+00,0.000000000000000000e+00,0.000000000000000000e+00,0.000000000000000000e+00,0.000000000000000000e+00,0.000000000000000000e+00,0.000000000000000000e+00,0.000000000000000000e+00,0.000000000000000000e+00,0.000000000000000000e+00,0.000000000000000000e+00,0.000000000000000000e+00,0.000000000000000000e+00,0.000000000000000000e+00,0.000000000000000000e+00,0.000000000000000000e+00,0.000000000000000000e+00,0.000000000000000000e+00,0.000000000000000000e+00,1.000000000000000000e+00,1.666385892119956746e-01,1.273551462564202937e-02,-1.916517823657693520e-01,-1.296316150539207623e-01,-2.701090556659460629e-01,-1.120409749624239892e-01,5.101109202871276227e-02,-1.875984052116345599e-02,1.096132168210522673e-01,-3.292784445352839873e-01,1.217726255431476473e-01,-3.186173724287456183e-02,7.511700384221713100e-02
0.000000000000000000e+00,0.000000000000000000e+00,0.000000000000000000e+00,0.000000000000000000e+00,0.000000000000000000e+00,0.000000000000000000e+00,0.000000000000000000e+00,0.000000000000000000e+00,0.000000000000000000e+00,0.000000000000000000e+00,0.000000000000000000e+00,0.000000000000000000e+00,0.000000000000000000e+00,0.000000000000000000e+00,0.000000000000000000e+00,0.000000000000000000e+00,0.000000000000000000e+00,0.000000000000000000e+00,0.000000000000000000e+00,0.000000000000000000e+00,0.000000000000000000e+00,0.000000000000000000e+00,0.000000000000000000e+00,0.000000000000000000e+00,0.000000000000000000e+00,0.000000000000000000e+00,0.000000000000000000e+00,0.000000000000000000e+00,0.000000000000000000e+00,0.000000000000000000e+00,0.000000000000000000e+00,0.000000000000000000e+00,0.000000000000000000e+00,0.000000000000000000e+00,0.000000000000000000e+00,0.000000000000000000e+00,0.000000000000000000e+00,0.000000000000000000e+00,0.000000000000000000e+00,0.000000000000000000e+00,0.000000000000000000e+00,0.000000000000000000e+00,0.000000000000000000e+00,0.000000000000000000e+00,0.000000000000000000e+00,0.000000000000000000e+00,0.000000000000000000e+00,0.000000000000000000e+00,0.000000000000000000e+00,0.000000000000000000e+00,0.000000000000000000e+00,0.000000000000000000e+00,0.000000000000000000e+00,0.000000000000000000e+00,0.000000000000000000e+00,0.000000000000000000e+00,0.000000000000000000e+00,0.000000000000000000e+00,0.000000000000000000e+00,0.000000000000000000e+00,0.000000000000000000e+00,0.000000000000000000e+00,0.000000000000000000e+00,0.000000000000000000e+00,0.000000000000000000e+00,0.000000000000000000e+00,0.000000000000000000e+00,0.000000000000000000e+00,0.000000000000000000e+00,0.000000000000000000e+00,0.000000000000000000e+00,0.000000000000000000e+00,0.000000000000000000e+00,0.000000000000000000e+00,0.000000000000000000e+00,0.000000000000000000e+00,0.000000000000000000e+00,0.000000000000000000e+00,0.000000000000000000e+00,0.000000000000000000e+00,0.000000000000000000e+00,0.000000000000000000e+00,0.000000000000000000e+00,0.000000000000000000e+00,0.000000000000000000e+00,0.000000000000000000e+00,0.000000000000000000e+00,1.000000000000000000e+00,3.625308818381187126e-02,-1.287886345316214265e-01,1.084949783278909424e-02,9.082429911474479423e-02,-1.180572188367686078e-02,2.916475190027180697e-01,1.131958941139195596e-01,1.526602674312685093e-01,-8.874652188255112428e-02,1.245888136225304643e-01,3.078505409793810821e-01,-4.352321922448638969e-02
0.000000000000000000e+00,0.000000000000000000e+00,0.000000000000000000e+00,0.000000000000000000e+00,0.000000000000000000e+00,0.000000000000000000e+00,0.000000000000000000e+00,0.000000000000000000e+00,0.000000000000000000e+00,0.000000000000000000e+00,0.000000000000000000e+00,0.000000000000000000e+00,0.000000000000000000e+00,0.000000000000000000e+00,0.000000000000000000e+00,0.000000000000000000e+00,0.000000000000000000e+00,0.000000000000000000e+00,0.000000000000000000e+00,0.000000000000000000e+00,0.000000000000000000e+00,0.000000000000000000e+00,0.000000000000000000e+00,0.000000000000000000e+00,0.000000000000000000e+00,0.000000000000000000e+00,0.000000000000000000e+00,0.000000000000000000e+00,0.000000000000000000e+00,0.000000000000000000e+00,0.000000000000000000e+00,0.000000000000000000e+00,0.000000000000000000e+00,0.000000000000000000e+00,0.000000000000000000e+00,0.000000000000000000e+00,0.000000000000000000e+00,0.000000000000000000e+00,0.000000000000000000e+00,0.000000000000000000e+00,0.000000000000000000e+00,0.000000000000000000e+00,0.000000000000000000e+00,0.000000000000000000e+00,0.000000000000000000e+00,0.000000000000000000e+00,0.000000000000000000e+00,0.000000000000000000e+00,0.000000000000000000e+00,0.000000000000000000e+00,0.000000000000000000e+00,0.000000000000000000e+00,0.000000000000000000e+00,0.000000000000000000e+00,0.000000000000000000e+00,0.000000000000000000e+00,0.000000000000000000e+00,0.000000000000000000e+00,0.000000000000000000e+00,0.000000000000000000e+00,0.000000000000000000e+00,0.000000000000000000e+00,0.000000000000000000e+00,0.000000000000000000e+00,0.000000000000000000e+00,0.000000000000000000e+00,0.000000000000000000e+00,0.000000000000000000e+00,0.000000000000000000e+00,0.000000000000000000e+00,0.000000000000000000e+00,0.000000000000000000e+00,0.000000000000000000e+00,0.000000000000000000e+00,0.000000000000000000e+00,0.000000000000000000e+00,0.000000000000000000e+00,0.000000000000000000e+00,0.000000000000000000e+00,0.000000000000000000e+00,0.000000000000000000e+00,0.000000000000000000e+00,0.000000000000000000e+00,0.000000000000000000e+00,0.000000000000000000e+00,0.000000000000000000e+00,0.000000000000000000e+00,0.000000000000000000e+00,1.000000000000000000e+00,1.902683337112057518e-02,-3.417495856934218978e-02,1.434645435101454813e-01,-1.037037033641327599e-01,1.146963650747835212e-01,-1.867430886358437403e-01,1.369944555740967296e-01,4.500703635989038859e-02,5.132467853382398359e-02,6.461066634019189958e-02,-1.836885420669600866e-01
0.000000000000000000e+00,0.000000000000000000e+00,0.000000000000000000e+00,0.000000000000000000e+00,0.000000000000000000e+00,0.000000000000000000e+00,0.000000000000000000e+00,0.000000000000000000e+00,0.000000000000000000e+00,0.000000000000000000e+00,0.000000000000000000e+00,0.000000000000000000e+00,0.000000000000000000e+00,0.000000000000000000e+00,0.000000000000000000e+00,0.000000000000000000e+00,0.000000000000000000e+00,0.000000000000000000e+00,0.000000000000000000e+00,0.000000000000000000e+00,0.000000000000000000e+00,0.000000000000000000e+00,0.000000000000000000e+00,0.000000000000000000e+00,0.000000000000000000e+00,0.000000000000000000e+00,0.000000000000000000e+00,0.000000000000000000e+00,0.000000000000000000e+00,0.000000000000000000e+00,0.000000000000000000e+00,0.000000000000000000e+00,0.000000000000000000e+00,0.000000000000000000e+00,0.000000000000000000e+00,0.000000000000000000e+00,0.000000000000000000e+00,0.000000000000000000e+00,0.000000000000000000e+00,0.000000000000000000e+00,0.000000000000000000e+00,0.000000000000000000e+00,0.000000000000000000e+00,0.000000000000000000e+00,0.000000000000000000e+00,0.000000000000000000e+00,0.000000000000000000e+00,0.000000000000000000e+00,0.000000000000000000e+00,0.000000000000000000e+00,0.000000000000000000e+00,0.000000000000000000e+00,0.000000000000000000e+00,0.000000000000000000e+00,0.000000000000000000e+00,0.000000000000000000e+00,0.000000000000000000e+00,0.000000000000000000e+00,0.000000000000000000e+00,0.000000000000000000e+00,0.000000000000000000e+00,0.000000000000000000e+00,0.000000000000000000e+00,0.000000000000000000e+00,0.000000000000000000e+00,0.000000000000000000e+00,0.000000000000000000e+00,0.000000000000000000e+00,0.000000000000000000e+00,0.000000000000000000e+00,0.000000000000000000e+00,0.000000000000000000e+00,0.000000000000000000e+00,0.000000000000000000e+00,0.000000000000000000e+00,0.000000000000000000e+00,0.000000000000000000e+00,0.000000000000000000e+00,0.000000000000000000e+00,0.000000000000000000e+00,0.000000000000000000e+00,0.000000000000000000e+00,0.000000000000000000e+00,0.000000000000000000e+00,0.000000000000000000e+00,0.000000000000000000e+00,0.000000000000000000e+00,0.000000000000000000e+00,0.000000000000000000e+00,1.000000000000000000e+00,2.231719036099746520e-02,-2.195332897649932349e-02,1.523337975755276359e-02,-4.543613763605311440e-02,7.006748144869005823e-02,1.180919813884735575e-01,2.324419589294901816e-03,-1.065298852219506848e-01,2.686976011311698748e-02,-1.254352657580396213e-01
0.000000000000000000e+00,0.000000000000000000e+00,0.000000000000000000e+00,0.000000000000000000e+00,0.000000000000000000e+00,0.000000000000000000e+00,0.000000000000000000e+00,0.000000000000000000e+00,0.000000000000000000e+00,0.000000000000000000e+00,0.000000000000000000e+00,0.000000000000000000e+00,0.000000000000000000e+00,0.000000000000000000e+00,0.000000000000000000e+00,0.000000000000000000e+00,0.000000000000000000e+00,0.000000000000000000e+00,0.000000000000000000e+00,0.000000000000000000e+00,0.000000000000000000e+00,0.000000000000000000e+00,0.000000000000000000e+00,0.000000000000000000e+00,0.000000000000000000e+00,0.000000000000000000e+00,0.000000000000000000e+00,0.000000000000000000e+00,0.000000000000000000e+00,0.000000000000000000e+00,0.000000000000000000e+00,0.000000000000000000e+00,0.000000000000000000e+00,0.000000000000000000e+00,0.000000000000000000e+00,0.000000000000000000e+00,0.000000000000000000e+00,0.000000000000000000e+00,0.000000000000000000e+00,0.000000000000000000e+00,0.000000000000000000e+00,0.000000000000000000e+00,0.000000000000000000e+00,0.000000000000000000e+00,0.000000000000000000e+00,0.000000000000000000e+00,0.000000000000000000e+00,0.000000000000000000e+00,0.000000000000000000e+00,0.000000000000000000e+00,0.000000000000000000e+00,0.000000000000000000e+00,0.000000000000000000e+00,0.000000000000000000e+00,0.000000000000000000e+00,0.000000000000000000e+00,0.000000000000000000e+00,0.000000000000000000e+00,0.000000000000000000e+00,0.000000000000000000e+00,0.000000000000000000e+00,0.000000000000000000e+00,0.000000000000000000e+00,0.000000000000000000e+00,0.000000000000000000e+00,0.000000000000000000e+00,0.000000000000000000e+00,0.000000000000000000e+00,0.000000000000000000e+00,0.000000000000000000e+00,0.000000000000000000e+00,0.000000000000000000e+00,0.000000000000000000e+00,0.000000000000000000e+00,0.000000000000000000e+00,0.000000000000000000e+00,0.000000000000000000e+00,0.000000000000000000e+00,0.000000000000000000e+00,0.000000000000000000e+00,0.000000000000000000e+00,0.000000000000000000e+00,0.000000000000000000e+00,0.000000000000000000e+00,0.000000000000000000e+00,0.000000000000000000e+00,0.000000000000000000e+00,0.000000000000000000e+00,0.000000000000000000e+00,0.000000000000000000e+00,1.000000000000000000e+00,1.704629890008558524e-01,2.563810250683451475e-01,-1.587283355751770370e-03,-7.225990655533659490e-02,-9.401546474815175580e-02,1.011690152172278929e-02,-3.104152647738632476e-02,1.277670026503141820e-01,9.860640978818074887e-02
0.000000000000000000e+00,0.000000000000000000e+00,0.000000000000000000e+00,0.000000000000000000e+00,0.000000000000000000e+00,0.000000000000000000e+00,0.000000000000000000e+00,0.000000000000000000e+00,0.000000000000000000e+00,0.000000000000000000e+00,0.000000000000000000e+00,0.000000000000000000e+00,0.000000000000000000e+00,0.000000000000000000e+00,0.000000000000000000e+00,0.000000000000000000e+00,0.000000000000000000e+00,0.000000000000000000e+00,0.000000000000000000e+00,0.000000000000000000e+00,0.000000000000000000e+00,0.000000000000000000e+00,0.000000000000000000e+00,0.000000000000000000e+00,0.000000000000000000e+00,0.000000000000000000e+00,0.000000000000000000e+00,0.000000000000000000e+00,0.000000000000000000e+00,0.000000000000000000e+00,0.000000000000000000e+00,0.000000000000000000e+00,0.000000000000000000e+00,0.000000000000000000e+00,0.000000000000000000e+00,0.000000000000000000e+00,0.000000000000000000e+00,0.000000000000000000e+00,0.000000000000000000e+00,0.000000000000000000e+00,0.000000000000000000e+00,0.000000000000000000e+00,0.000000000000000000e+00,0.000000000000000000e+00,0.000000000000000000e+00,0.000000000000000000e+00,0.000000000000000000e+00,0.000000000000000000e+00,0.000000000000000000e+00,0.000000000000000000e+00,0.000000000000000000e+00,0.000000000000000000e+00,0.000000000000000000e+00,0.000000000000000000e+00,0.000000000000000000e+00,0.000000000000000000e+00,0.000000000000000000e+00,0.000000000000000000e+00,0.000000000000000000e+00,0.000000000000000000e+00,0.000000000000000000e+00,0.000000000000000000e+00,0.000000000000000000e+00,0.000000000000000000e+00,0.000000000000000000e+00,0.000000000000000000e+00,0.000000000000000000e+00,0.000000000000000000e+00,0.000000000000000000e+00,0.000000000000000000e+00,0.000000000000000000e+00,0.000000000000000000e+00,0.000000000000000000e+00,0.000000000000000000e+00,0.000000000000000000e+00,0.000000000000000000e+00,0.000000000000000000e+00,0.000000000000000000e+00,0.000000000000000000e+00,0.000000000000000000e+00,0.000000000000000000e+00,0.000000000000000000e+00,0.000000000000000000e+00,0.000000000000000000e+00,0.000000000000000000e+00,0.000000000000000000e+00,0.000000000000000000e+00,0.000000000000000000e+00,0.000000000000000000e+00,0.000000000000000000e+00,0.000000000000000000e+00,1.000000000000000000e+00,7.894361757005578795e-02,1.773569767080802329e-01,-6.357306252793386292e-02,-3.093180725075097420e-02,2.634542412754697360e-01,1.373433639164052360e-02,2.890050916738539644e-01,-9.853880464286282614e-02
0.000000000000000000e+00,0.000000000000000000e+00,0.000000000000000000e+00,0.000000000000000000e+00,0.000000000000000000e+00,0.000000000000000000e+00,0.000000000000000000e+00,0.000000000000000000e+00,0.000000000000000000e+00,0.000000000000000000e+00,0.000000000000000000e+00,0.000000000000000000e+00,0.000000000000000000e+00,0.000000000000000000e+00,0.000000000000000000e+00,0.000000000000000000e+00,0.000000000000000000e+00,0.000000000000000000e+00,0.000000000000000000e+00,0.000000000000000000e+00,0.000000000000000000e+00,0.000000000000000000e+00,0.000000000000000000e+00,0.000000000000000000e+00,0.000000000000000000e+00,0.000000000000000000e+00,0.000000000000000000e+00,0.000000000000000000e+00,0.000000000000000000e+00,0.000000000000000000e+00,0.000000000000000000e+00,0.000000000000000000e+00,0.000000000000000000e+00,0.000000000000000000e+00,0.000000000000000000e+00,0.000000000000000000e+00,0.000000000000000000e+00,0.000000000000000000e+00,0.000000000000000000e+00,0.000000000000000000e+00,0.000000000000000000e+00,0.000000000000000000e+00,0.000000000000000000e+00,0.000000000000000000e+00,0.000000000000000000e+00,0.000000000000000000e+00,0.000000000000000000e+00,0.000000000000000000e+00,0.000000000000000000e+00,0.000000000000000000e+00,0.000000000000000000e+00,0.000000000000000000e+00,0.000000000000000000e+00,0.000000000000000000e+00,0.000000000000000000e+00,0.000000000000000000e+00,0.000000000000000000e+00,0.000000000000000000e+00,0.000000000000000000e+00,0.000000000000000000e+00,0.000000000000000000e+00,0.000000000000000000e+00,0.000000000000000000e+00,0.000000000000000000e+00,0.000000000000000000e+00,0.000000000000000000e+00,0.000000000000000000e+00,0.000000000000000000e+00,0.000000000000000000e+00,0.000000000000000000e+00,0.000000000000000000e+00,0.000000000000000000e+00,0.000000000000000000e+00,0.000000000000000000e+00,0.000000000000000000e+00,0.000000000000000000e+00,0.000000000000000000e+00,0.000000000000000000e+00,0.000000000000000000e+00,0.000000000000000000e+00,0.000000000000000000e+00,0.000000000000000000e+00,0.000000000000000000e+00,0.000000000000000000e+00,0.000000000000000000e+00,0.000000000000000000e+00,0.000000000000000000e+00,0.000000000000000000e+00,0.000000000000000000e+00,0.000000000000000000e+00,0.000000000000000000e+00,0.000000000000000000e+00,1.000000000000000000e+00,-4.775396401179445027e-02,-1.014647878737089462e-02,-1.723679668302098011e-01,-9.742155899913980746e-03,-3.415382237851789099e-02,-3.725699659254121630e-03,1.932664683120295093e-03
0.000000000000000000e+00,0.000000000000000000e+00,0.000000000000000000e+00,0.000000000000000000e+00,0.000000000000000000e+00,0.000000000000000000e+00,0.000000000000000000e+00,0.000000000000000000e+00,0.000000000000000000e+00,0.000000000000000000e+00,0.000000000000000000e+00,0.000000000000000000e+00,0.000000000000000000e+00,0.000000000000000000e+00,0.000000000000000000e+00,0.000000000000000000e+00,0.000000000000000000e+00,0.000000000000000000e+00,0.000000000000000000e+00,0.000000000000000000e+00,0.000000000000000000e+00,0.000000000000000000e+00,0.000000000000000000e+00,0.000000000000000000e+00,0.000000000000000000e+00,0.000000000000000000e+00,0.000000000000000000e+00,0.000000000000000000e+00,0.000000000000000000e+00,0.000000000000000000e+00,0.000000000000000000e+00,0.000000000000000000e+00,0.000000000000000000e+00,0.000000000000000000e+00,0.000000000000000000e+00,0.000000000000000000e+00,0.000000000000000000e+00,0.000000000000000000e+00,0.000000000000000000e+00,0.000000000000000000e+00,0.000000000000000000e+00,0.000000000000000000e+00,0.000000000000000000e+00,0.000000000000000000e+00,0.000000000000000000e+00,0.000000000000000000e+00,0.000000000000000000e+00,0.000000000000000000e+00,0.000000000000000000e+00,0.000000000000000000e+00,0.000000000000000000e+00,0.000000000000000000e+00,0.000000000000000000e+00,0.000000000000000000e+00,0.000000000000000000e+00,0.000000000000000000e+00,0.000000000000000000e+00,0.000000000000000000e+00,0.000000000000000000e+00,0.000000000000000000e+00,0.000000000000000000e+00,0.000000000000000000e+00,0.000000000000000000e+00,0.000000000000000000e+00,0.000000000000000000e+00,0.000000000000000000e+00,0.000000000000000000e+00,0.000000000000000000e+00,0.000000000000000000e+00,0.000000000000000000e+00,0.000000000000000000e+00,0.000000000000000000e+00,0.000000000000000000e+00,0.000000000000000000e+00,0.000000000000000000e+00,0.000000000000000000e+00,0.000000000000000000e+00,0.000000000000000000e+00,0.000000000000000000e+00,0.000000000000000000e+00,0.000000000000000000e+00,0.000000000000000000e+00,0.000000000000000000e+00,0.000000000000000000e+00,0.000000000000000000e+00,0.000000000000000000e+00,0.000000000000000000e+00,0.000000000000000000e+00,0.000000000000000000e+00,0.000000000000000000e+00,0.000000000000000000e+00,0.000000000000000000e+00,0.000000000000000000e+00,1.000000000000000000e+00,-1.744691870436524961e-01,2.394402558962260841e-01,-4.318694780826275864e-02,1.780876663047917530e-01,2.983455624380874083e-01,-8.688559877251440799e-02
0.000000000000000000e+00,0.000000000000000000e+00,0.000000000000000000e+00,0.000000000000000000e+00,0.000000000000000000e+00,0.000000000000000000e+00,0.000000000000000000e+00,0.000000000000000000e+00,0.000000000000000000e+00,0.000000000000000000e+00,0.000000000000000000e+00,0.000000000000000000e+00,0.000000000000000000e+00,0.000000000000000000e+00,0.000000000000000000e+00,0.000000000000000000e+00,0.000000000000000000e+00,0.000000000000000000e+00,0.000000000000000000e+00,0.000000000000000000e+00,0.000000000000000000e+00,0.000000000000000000e+00,0.000000000000000000e+00,0.000000000000000000e+00,0.000000000000000000e+00,0.000000000000000000e+00,0.000000000000000000e+00,0.000000000000000000e+00,0.000000000000000000e+00,0.000000000000000000e+00,0.000000000000000000e+00,0.000000000000000000e+00,0.000000000000000000e+00,0.000000000000000000e+00,0.000000000000000000e+00,0.000000000000000000e+00,0.000000000000000000e+00,0.000000000000000000e+00,0.000000000000000000e+00,0.000000000000000000e+00,0.000000000000000000e+00,0.000000000000000000e+00,0.000000000000000000e+00,0.000000000000000000e+00,0.000000000000000000e+00,0.000000000000000000e+00,0.000000000000000000e+00,0.000000000000000000e+00,0.000000000000000000e+00,0.000000000000000000e+00,0.000000000000000000e+00,0.000000000000000000e+00,0.000000000000000000e+00,0.000000000000000000e+00,0.000000000000000000e+00,0.000000000000000000e+00,0.000000000000000000e+00,0.000000000000000000e+00,0.000000000000000000e+00,0.000000000000000000e+00,0.000000000000000000e+00,0.000000000000000000e+00,0.000000000000000000e+00,0.000000000000000000e+00,0.000000000000000000e+00,0.000000000000000000e+00,0.000000000000000000e+00,0.000000000000000000e+00,0.000000000000000000e+00,0.000000000000000000e+00,0.000000000000000000e+00,0.000000000000000000e+00,0.000000000000000000e+00,0.000000000000000000e+00,0.000000000000000000e+00,0.000000000000000000e+00,0.000000000000000000e+00,0.000000000000000000e+00,0.000000000000000000e+00,0.000000000000000000e+00,0.000000000000000000e+00,0.000000000000000000e+00,0.000000000000000000e+00,0.000000000000000000e+00,0.000000000000000000e+00,0.000000000000000000e+00,0.000000000000000000e+00,0.000000000000000000e+00,0.000000000000000000e+00,0.000000000000000000e+00,0.000000000000000000e+00,0.000000000000000000e+00,0.000000000000000000e+00,0.000000000000000000e+00,1.000000000000000000e+00,-2.226556904354493605e-01,5.822421871314469727e-02,-2.996879652985143250e-01,-1.262228887936544530e-01,8.511241744711478541e-02
0.000000000000000000e+00,0.000000000000000000e+00,0.000000000000000000e+00,0.000000000000000000e+00,0.000000000000000000e+00,0.000000000000000000e+00,0.000000000000000000e+00,0.000000000000000000e+00,0.000000000000000000e+00,0.000000000000000000e+00,0.000000000000000000e+00,0.000000000000000000e+00,0.000000000000000000e+00,0.000000000000000000e+00,0.000000000000000000e+00,0.000000000000000000e+00,0.000000000000000000e+00,0.000000000000000000e+00,0.000000000000000000e+00,0.000000000000000000e+00,0.000000000000000000e+00,0.000000000000000000e+00,0.000000000000000000e+00,0.000000000000000000e+00,0.000000000000000000e+00,0.000000000000000000e+00,0.000000000000000000e+00,0.000000000000000000e+00,0.000000000000000000e+00,0.000000000000000000e+00,0.000000000000000000e+00,0.000000000000000000e+00,0.000000000000000000e+00,0.000000000000000000e+00,0.000000000000000000e+00,0.000000000000000000e+00,0.000000000000000000e+00,0.000000000000000000e+00,0.000000000000000000e+00,0.000000000000000000e+00,0.000000000000000000e+00,0.000000000000000000e+00,0.000000000000000000e+00,0.000000000000000000e+00,0.000000000000000000e+00,0.000000000000000000e+00,0.000000000000000000e+00,0.000000000000000000e+00,0.000000000000000000e+00,0.000000000000000000e+00,0.000000000000000000e+00,0.000000000000000000e+00,0.000000000000000000e+00,0.000000000000000000e+00,0.000000000000000000e+00,0.000000000000000000e+00,0.000000000000000000e+00,0.000000000000000000e+00,0.000000000000000000e+00,0.000000000000000000e+00,0.000000000000000000e+00,0.000000000000000000e+00,0.000000000000000000e+00,0.000000000000000000e+00,0.000000000000000000e+00,0.000000000000000000e+00,0.000000000000000000e+00,0.000000000000000000e+00,0.000000000000000000e+00,0.000000000000000000e+00,0.000000000000000000e+00,0.000000000000000000e+00,0.000000000000000000e+00,0.000000000000000000e+00,0.000000000000000000e+00,0.000000000000000000e+00,0.000000000000000000e+00,0.000000000000000000e+00,0.000000000000000000e+00,0.000000000000000000e+00,0.000000000000000000e+00,0.000000000000000000e+00,0.000000000000000000e+00,0.000000000000000000e+00,0.000000000000000000e+00,0.000000000000000000e+00,0.000000000000000000e+00,0.000000000000000000e+00,0.000000000000000000e+00,0.000000000000000000e+00,0.000000000000000000e+00,0.000000000000000000e+00,0.000000000000000000e+00,0.000000000000000000e+00,0.000000000000000000e+00,1.000000000000000000e+00,9.259630441764726827e-02,1.907495492198930109e-01,7.687625234642311844e-02,-9.685336261771171351e-02
0.000000000000000000e+00,0.000000000000000000e+00,0.000000000000000000e+00,0.000000000000000000e+00,0.000000000000000000e+00,0.000000000000000000e+00,0.000000000000000000e+00,0.000000000000000000e+00,0.000000000000000000e+00,0.000000000000000000e+00,0.000000000000000000e+00,0.000000000000000000e+00,0.000000000000000000e+00,0.000000000000000000e+00,0.000000000000000000e+00,0.000000000000000000e+00,0.000000000000000000e+00,0.000000000000000000e+00,0.000000000000000000e+00,0.000000000000000000e+00,0.000000000000000000e+00,0.000000000000000000e+00,0.000000000000000000e+00,0.000000000000000000e+00,0.000000000000000000e+00,0.000000000000000000e+00,0.000000000000000000e+00,0.000000000000000000e+00,0.000000000000000000e+00,0.000000000000000000e+00,0.000000000000000000e+00,0.000000000000000000e+00,0.000000000000000000e+00,0.000000000000000000e+00,0.000000000000000000e+00,0.000000000000000000e+00,0.000000000000000000e+00,0.000000000000000000e+00,0.000000000000000000e+00,0.000000000000000000e+00,0.000000000000000000e+00,0.000000000000000000e+00,0.000000000000000000e+00,0.000000000000000000e+00,0.000000000000000000e+00,0.000000000000000000e+00,0.000000000000000000e+00,0.000000000000000000e+00,0.000000000000000000e+00,0.000000000000000000e+00,0.000000000000000000e+00,0.000000000000000000e+00,0.000000000000000000e+00,0.000000000000000000e+00,0.000000000000000000e+00,0.000000000000000000e+00,0.000000000000000000e+00,0.000000000000000000e+00,0.000000000000000000e+00,0.000000000000000000e+00,0.000000000000000000e+00,0.000000000000000000e+00,0.000000000000000000e+00,0.000000000000000000e+00,0.000000000000000000e+00,0.000000000000000000e+00,0.000000000000000000e+00,0.000000000000000000e+00,0.000000000000000000e+00,0.000000000000000000e+00,0.000000000000000000e+00,0.000000000000000000e+00,0.000000000000000000e+00,0.000000000000000000e+00,0.000000000000000000e+00,0.000000000000000000e+00,0.000000000000000000e+00,0.000000000000000000e+00,0.000000000000000000e+00,0.000000000000000000e+00,0.000000000000000000e+00,0.000000000000000000e+00,0.000000000000000000e+00,0.000000000000000000e+00,0.000000000000000000e+00,0.000000000000000000e+00,0.000000000000000000e+00,0.000000000000000000e+00,0.000000000000000000e+00,0.000000000000000000e+00,0.000000000000000000e+00,0.000000000000000000e+00,0.000000000000000000e+00,0.000000000000000000e+00,0.000000000000000000e+00,0.000000000000000000e+00,1.000000000000000000e+00,4.670836353831941262e-02,5.710099724904314777e-02,-1.472215466077622381e-01
0.000000000000000000e+00,0.000000000000000000e+00,0.000000000000000000e+00,0.000000000000000000e+00,0.000000000000000000e+00,0.000000000000000000e+00,0.000000000000000000e+00,0.000000000000000000e+00,0.000000000000000000e+00,0.000000000000000000e+00,0.000000000000000000e+00,0.000000000000000000e+00,0.000000000000000000e+00,0.000000000000000000e+00,0.000000000000000000e+00,0.000000000000000000e+00,0.000000000000000000e+00,0.000000000000000000e+00,0.000000000000000000e+00,0.000000000000000000e+00,0.000000000000000000e+00,0.000000000000000000e+00,0.000000000000000000e+00,0.000000000000000000e+00,0.000000000000000000e+00,0.000000000000000000e+00,0.000000000000000000e+00,0.000000000000000000e+00,0.000000000000000000e+00,0.000000000000000000e+00,0.000000000000000000e+00,0.000000000000000000e+00,0.000000000000000000e+00,0.000000000000000000e+00,0.000000000000000000e+00,0.000000000000000000e+00,0.000000000000000000e+00,0.000000000000000000e+00,0.000000000000000000e+00,0.000000000000000000e+00,0.000000000000000000e+00,0.000000000000000000e+00,0.000000000000000000e+00,0.000000000000000000e+00,0.000000000000000000e+00,0.000000000000000000e+00,0.000000000000000000e+00,0.000000000000000000e+00,0.000000000000000000e+00,0.000000000000000000e+00,0.000000000000000000e+00,0.000000000000000000e+00,0.000000000000000000e+00,0.000000000000000000e+00,0.000000000000000000e+00,0.000000000000000000e+00,0.000000000000000000e+00,0.000000000000000000e+00,0.000000000000000000e+00,0.000000000000000000e+00,0.000000000000000000e+00,0.000000000000000000e+00,0.000000000000000000e+00,0.000000000000000000e+00,0.000000000000000000e+00,0.000000000000000000e+00,0.000000000000000000e+00,0.000000000000000000e+00,0.000000000000000000e+00,0.000000000000000000e+00,0.000000000000000000e+00,0.000000000000000000e+00,0.000000000000000000e+00,0.000000000000000000e+00,0.000000000000000000e+00,0.000000000000000000e+00,0.000000000000000000e+00,0.000000000000000000e+00,0.000000000000000000e+00,0.000000000000000000e+00,0.000000000000000000e+00,0.000000000000000000e+00,0.000000000000000000e+00,0.000000000000000000e+00,0.000000000000000000e+00,0.000000000000000000e+00,0.000000000000000000e+00,0.000000000000000000e+00,0.000000000000000000e+00,0.000000000000000000e+00,0.000000000000000000e+00,0.000000000000000000e+00,0.000000000000000000e+00,0.000000000000000000e+00,0.000000000000000000e+00,0.000000000000000000e+00,0.000000000000000000e+00,1.000000000000000000e+00,1.844155016780517908e-01,7.198534316758936624e-02
0.000000000000000000e+00,0.000000000000000000e+00,0.000000000000000000e+00,0.000000000000000000e+00,0.000000000000000000e+00,0.000000000000000000e+00,0.000000000000000000e+00,0.000000000000000000e+00,0.000000000000000000e+00,0.000000000000000000e+00,0.000000000000000000e+00,0.000000000000000000e+00,0.000000000000000000e+00,0.000000000000000000e+00,0.000000000000000000e+00,0.000000000000000000e+00,0.000000000000000000e+00,0.000000000000000000e+00,0.000000000000000000e+00,0.000000000000000000e+00,0.000000000000000000e+00,0.000000000000000000e+00,0.000000000000000000e+00,0.000000000000000000e+00,0.000000000000000000e+00,0.000000000000000000e+00,0.000000000000000000e+00,0.000000000000000000e+00,0.000000000000000000e+00,0.000000000000000000e+00,0.000000000000000000e+00,0.000000000000000000e+00,0.000000000000000000e+00,0.000000000000000000e+00,0.000000000000000000e+00,0.000000000000000000e+00,0.000000000000000000e+00,0.000000000000000000e+00,0.000000000000000000e+00,0.000000000000000000e+00,0.000000000000000000e+00,0.000000000000000000e+00,0.000000000000000000e+00,0.000000000000000000e+00,0.000000000000000000e+00,0.000000000000000000e+00,0.000000000000000000e+00,0.000000000000000000e+00,0.000000000000000000e+00,0.000000000000000000e+00,0.000000000000000000e+00,0.000000000000000000e+00,0.000000000000000000e+00,0.000000000000000000e+00,0.000000000000000000e+00,0.000000000000000000e+00,0.000000000000000000e+00,0.000000000000000000e+00,0.000000000000000000e+00,0.000000000000000000e+00,0.000000000000000000e+00,0.000000000000000000e+00,0.000000000000000000e+00,0.000000000000000000e+00,0.000000000000000000e+00,0.000000000000000000e+00,0.000000000000000000e+00,0.000000000000000000e+00,0.000000000000000000e+00,0.000000000000000000e+00,0.000000000000000000e+00,0.000000000000000000e+00,0.000000000000000000e+00,0.000000000000000000e+00,0.000000000000000000e+00,0.000000000000000000e+00,0.000000000000000000e+00,0.000000000000000000e+00,0.000000000000000000e+00,0.000000000000000000e+00,0.000000000000000000e+00,0.000000000000000000e+00,0.000000000000000000e+00,0.000000000000000000e+00,0.000000000000000000e+00,0.000000000000000000e+00,0.000000000000000000e+00,0.000000000000000000e+00,0.000000000000000000e+00,0.000000000000000000e+00,0.000000000000000000e+00,0.000000000000000000e+00,0.000000000000000000e+00,0.000000000000000000e+00,0.000000000000000000e+00,0.000000000000000000e+00,0.000000000000000000e+00,0.000000000000000000e+00,1.000000000000000000e+00,-1.227962023040992945e-01
0.000000000000000000e+00,0.000000000000000000e+00,0.000000000000000000e+00,0.000000000000000000e+00,0.000000000000000000e+00,0.000000000000000000e+00,0.000000000000000000e+00,0.000000000000000000e+00,0.000000000000000000e+00,0.000000000000000000e+00,0.000000000000000000e+00,0.000000000000000000e+00,0.000000000000000000e+00,0.000000000000000000e+00,0.000000000000000000e+00,0.000000000000000000e+00,0.000000000000000000e+00,0.000000000000000000e+00,0.000000000000000000e+00,0.000000000000000000e+00,0.000000000000000000e+00,0.000000000000000000e+00,0.000000000000000000e+00,0.000000000000000000e+00,0.000000000000000000e+00,0.000000000000000000e+00,0.000000000000000000e+00,0.000000000000000000e+00,0.000000000000000000e+00,0.000000000000000000e+00,0.000000000000000000e+00,0.000000000000000000e+00,0.000000000000000000e+00,0.000000000000000000e+00,0.000000000000000000e+00,0.000000000000000000e+00,0.000000000000000000e+00,0.000000000000000000e+00,0.000000000000000000e+00,0.000000000000000000e+00,0.000000000000000000e+00,0.000000000000000000e+00,0.000000000000000000e+00,0.000000000000000000e+00,0.000000000000000000e+00,0.000000000000000000e+00,0.000000000000000000e+00,0.000000000000000000e+00,0.000000000000000000e+00,0.000000000000000000e+00,0.000000000000000000e+00,0.000000000000000000e+00,0.000000000000000000e+00,0.000000000000000000e+00,0.000000000000000000e+00,0.000000000000000000e+00,0.000000000000000000e+00,0.000000000000000000e+00,0.000000000000000000e+00,0.000000000000000000e+00,0.000000000000000000e+00,0.000000000000000000e+00,0.000000000000000000e+00,0.000000000000000000e+00,0.000000000000000000e+00,0.000000000000000000e+00,0.000000000000000000e+00,0.000000000000000000e+00,0.000000000000000000e+00,0.000000000000000000e+00,0.000000000000000000e+00,0.000000000000000000e+00,0.000000000000000000e+00,0.000000000000000000e+00,0.000000000000000000e+00,0.000000000000000000e+00,0.000000000000000000e+00,0.000000000000000000e+00,0.000000000000000000e+00,0.000000000000000000e+00,0.000000000000000000e+00,0.000000000000000000e+00,0.000000000000000000e+00,0.000000000000000000e+00,0.000000000000000000e+00,0.000000000000000000e+00,0.000000000000000000e+00,0.000000000000000000e+00,0.000000000000000000e+00,0.000000000000000000e+00,0.000000000000000000e+00,0.000000000000000000e+00,0.000000000000000000e+00,0.000000000000000000e+00,0.000000000000000000e+00,0.000000000000000000e+00,0.000000000000000000e+00,0.000000000000000000e+00,0.000000000000000000e+00,1.000000000000000000e+00
