0.000000000000000000e+00,0.000000000000000000e+00,0.000000000000000000e+00,0.000000000000000000e+00,0.000000000000000000e+00,0.000000000000000000e+00,0.000000000000000000e+00,0.000000000000000000e+00,0.000000000000000000e+00,0.000000000000000000e+00,0.000000000000000000e+00,0.000000000000000000e+00,0.000000000000000000e+00,0.000000000000000000e+00,0.000000000000000000e+00,0.000000000000000000e+00,0.000000000000000000e+00,0.000000000000000000e+00,0.000000000000000000e+00,0.000000000000000000e+00,0.000000000000000000e+00,0.000000000000000000e+00,0.000000000000000000e+00,0.000000000000000000e+00,0.000000000000000000e+00,0.000000000000000000e+00,0.000000000000000000e+00,0.000000000000000000e+00,0.000000000000000000e+00,0.000000000000000000e+00,0.000000000000000000e+00,0.000000000000000000e+00,0.000000000000000000e+00,0.000000000000000000e+00,0.000000000000000000e+00,0.000000000000000000e+00,0.000000000000000000e+00,0.000000000000000000e+00,0.000000000000000000e+00,0.000000000000000000e+00,0.000000000000000000e+00,0.000000000000000000e+00,0.000000000000000000e+00,0.000000000000000000e+00,0.000000000000000000e+00,0.000000000000000000e+00,0.000000000000000000e+00,0.000000000000000000e+00,0.000000000000000000e+00,0.000000000000000000e+00,0.000000000000000000e+00,0.000000000000000000e+00,0.000000000000000000e+00,0.000000000000000000e+00,0.000000000000000000e+00,0.000000000000000000e+00,0.000000000000000000e+00,0.000000000000000000e+00,0.000000000000000000e+00,0.000000000000000000e+00,0.000000000000000000e+00,0.000000000000000000e+00,0.000000000000000000e+00,0.000000000000000000e+00,0.000000000000000000e+00,0.000000000000000000e+00,0.000000000000000000e+00,0.000000000000000000e+00,0.000000000000000000e+00,0.000000000000000000e+00,0.000000000000000000e+00,0.000000000000000000e+00,0.000000000000000000e+00,0.000000000000000000e+00,0.000000000000000000e+00,0.000000000000000000e+00,0.000000000000000000e+00,0.000000000000000000e+00,0.000000000000000000e+00,0.000000000000000000e+00,0.000000000000000000e+00,0.000000000000000000e+00,0.000000000000000000e+00,0.000000000000000000e+00,0.000000000000000000e+00,0.000000000000000000e+00,0.000000000000000000e+00,0.000000000000000000e+00,0.000000000000000000e+00,0.000000000000000000e+00,0.000000000000000000e+00,0.000000000000000000e+00,0.000000000000000000e+00,0.000000000000000000e+00,0.000000000000000000e+00,0.000000000000000000e+00,0.000000000000000000e+00,0.000000000000000000e+00,0.000000000000000000e+00,0.000000000000000000e+00
0.000000000000000000e+00,1.000000000000000000e+00,-6.614723158226885058e-01,-1.561112100938624736e-01,-2.928539397633139196e-01,4.231035114546373710e-01,-1.261327795454235956e-01,1.335382395014036438e-01,1.091175722550381810e-01,-1.772231528907279030e-01,-1.957033947945646946e-01,-3.106536059804284600e-01,5.089558276357251942e-02,5.739440387998520632e-02,3.386222618958860120e-01,-4.495213452180849001e-01,-5.914416179357908504e-02,-1.787804426972863792e-01,9.833819607751381753e-02,-6.643922444418211282e-02,1.330906732217792543e-01,-4.282181452380279252e-01,-9.413214811570012885e-02,8.384593607821701905e-03,-2.164256609128413500e-01,-3.687399243990721609e-01,2.680114497775490379e-01,-9.660094179588257779e-02,-1.528985967947960600e-01,1.299154671416687667e-01,-1.206592085847179446e-02,-7.714914234916236957e-01,4.019827673210160657e-01,-2.908692133637835187e-01,-1.457602087740728358e-01,-2.193515466226871047e-01,-3.661211429660464201e-01,-3.030238448009065499e-01,-1.641180844059586530e-01,-6.198004417286339107e-01,5.188654943629438243e-01,-2.333133834538622664e-01,1.428344091242676195e-01,-1.851615183661893260e-01,3.862112903179982792e-01,2.358662778358829037e-02,-1.270278400947170705e-01,1.878375378413938424e-01,-7.138463330480990937e-03,-1.403999971287063497e-01,1.102804837120585912e-01,9.424305468763116700e-02,2.441115940014350061e-01,4.244463308202298668e-01,3.237318134634049605e-01,6.407380647985320143e-01,-1.471367378575191842e-01,-2.386942763520958910e-01,-3.616216376880420635e-01,-6.773254183269246387e-02,-4.363508816358656617e-01,4.307831256522389740e-01,1.348835609424800866e-02,-9.281948274625813344e-02,2.186359986728175497e-01,-1.421036410546078765e-01,9.091472763339518426e-02,1.937967490210251165e-01,5.352334872046591446e-02,-5.089075698740917059e-02,2.606028944183312324e-01,4.555813865239353722e-01,2.052635524742210948e-01,2.560980651401840724e-01,9.590749562117896476e-02,8.075979934517022452e-01,1.229831485496818283e-01,-2.595046920929940937e-01,-9.564030893487113216e-02,-3.628810523269054844e-01,-3.330580377425084726e-01,1.855236323225669670e-01,5.189937925594205748e-01,-3.546658438496305688e-02,4.730845871437072692e-02,-2.010555914870693628e-01,2.677330041398954807e-01,-1.761699176150786639e-01,-1.653647944626982780e-01,-8.227763474681805411e-02,-4.939669950765694928e-01,3.717600869154252807e-02,-4.995396225754394209e-02,1.046650768435541390e-01,-1.073920391739039137e-01,4.205726800017255962e-01,2.915328740980784872e-01,1.153505534991047382e-01,-3.882956555187750958e-01,-3.201998370412313388e-01
0.000000000000000000e+00,0.000000000000000000e+00,1.000000000000000000e+00,5.610975857700251784e-02,-1.855907040433986063e-02,-2.464616645718079313e-01,4.061787540940392516e-02,-1.700312774160060436e-01,-1.886302341564362883e-01,7.020938158325686768e-03,4.992144956574693371e-01,1.218236678024438302e-01,3.132114101211144752e-01,-1.743116781928805354e-04,2.624375810131133191e-01,1.484363482136848711e-01,-5.556725385954807556e-02,1.421508105344210238e-01,-2.527745118736696855e-02,-1.915033978985763996e-01,1.167973226956921518e-01,7.180022756091863911e-02,7.353008772911972558e-03,-3.136883749570461288e-02,-2.726020616582780823e-04,8.943579574930700382e-02,-5.235853023121968264e-02,-1.046649100512895419e-02,4.898246987116624401e-02,2.116629581519416659e-01,-3.610317012455279695e-01,3.686568979545484792e-02,-1.894708389540495641e-01,1.672261957907700269e-01,1.334497650755732921e-02,5.440586739988983317e-02,-3.760171509589953498e-01,2.999292627977871994e-01,1.817721578509282065e-02,4.901272212698669084e-01,-2.217333538984881947e-01,3.014377801705276361e-01,7.439525245197272860e-03,1.311713584128057497e-01,-3.057349804288918560e-01,5.935423640242457749e-02,3.799814360536387086e-03,3.712216600556013379e-02,-5.376733870489539685e-02,-1.874470887363690053e-01,4.852468747090220996e-02,7.365491866704203250e-02,8.938781538159892848e-02,-3.067421649043830523e-01,-3.315430093923703025e-01,-2.859917076662058522e-01,4.309632883227997868e-01,5.143303438439054964e-02,2.950469603843322020e-01,1.612670029033111060e-02,4.570317106319068956e-01,-3.204739842630806579e-01,-6.420684516798383368e-02,-2.554505455735213773e-02,-6.367831887685651560e-02,5.910390337049317017e-02,1.439030903573400473e-02,-3.161357785013000909e-01,-1.877273529588087686e-01,9.894274408845939173e-02,6.282479743309760112e-02,-5.083975002601645032e-01,-2.585465702727848814e-02,-1.422243444684091751e-01,1.681324048199878407e-01,-5.163564867458952934e-01,8.347286553401783715e-02,-2.864867864666374025e-02,3.603029406532258783e-01,2.153033548250835039e-01,-1.977180546746193368e-02,4.854232320481862151e-01,2.635370260041720522e-02,-7.952042078533090586e-02,-9.328865807337957325e-03,2.092628442797248300e-01,1.781382655585684802e-02,3.112430293045652663e-01,9.118193589453377212e-02,2.436309554840425037e-02,1.819394546428282078e-01,-7.715070858118494579e-02,5.761352412962391506e-02,-1.630497031830767107e-01,1.095655015980977476e-01,1.902566693533390974e-01,-1.067483372176280393e-01,1.805986615411352830e-02,2.098405636129359320e-01,-2.243226105767116563e-01
0.000000000000000000e+00,0.000000000000000000e+00,0.000000000000000000e+00,1.000000000000000000e+00,1.000000000000000000e+00,-1.000000000000000000e+00,8.520723812407263731e-01,-6.084657672912666682e-01,-8.045069589730291515e-01,1.000000000000000000e+00,4.917811047685630710e-01,1.000000000000000000e+00,-8.357772938402763252e-01,-8.733581064082479584e-01,-1.723572670782567151e-01,1.000000000000000000e+00,7.583778531016166502e-01,1.000000000000000000e+00,-5.491274816461015895e-01,5.846075058035841154e-01,1.000000000000000000e+00,1.000000000000000000e+00,1.000000000000000000e+00,1.000000000000000000e+00,1.000000000000000000e+00,1.000000000000000000e+00,-1.000000000000000000e+00,6.110279187784012356e-01,1.000000000000000000e+00,-1.000000000000000000e+00,1.000000000000000000e+00,-1.687906704305731365e-01,-1.000000000000000000e+00,-2.688762444667818774e-01,1.000000000000000000e+00,1.000000000000000000e+00,1.000000000000000000e+00,1.000000000000000000e+00,1.000000000000000000e+00,-1.096834449273310225e-01,-1.000000000000000000e+00,-4.334946608088344755e-01,-9.478847048049622304e-01,1.000000000000000000e+00,7.678893148818995984e-01,-6.992157966787648782e-01,-3.426785664455956337e-01,-1.000000000000000000e+00,-8.182959576116085598e-01,-1.000000000000000000e+00,2.749636396097134353e-02,1.000000000000000000e+00,-6.219844263025000597e-01,-1.000000000000000000e+00,-1.000000000000000000e+00,-1.000000000000000000e+00,-1.000000000000000000e+00,1.000000000000000000e+00,6.457956453420654608e-01,1.000000000000000000e+00,1.000000000000000000e+00,-1.085721387471969279e-01,5.027164027067461127e-01,7.431783922529293651e-01,-1.000000000000000000e+00,1.000000000000000000e+00,-1.000000000000000000e+00,-5.562207947678264874e-01,7.722732635876260465e-01,4.398205069378205989e-01,-1.000000000000000000e+00,-1.000000000000000000e+00,-1.000000000000000000e+00,-9.929681809736259357e-01,-1.000000000000000000e+00,-1.000000000000000000e+00,-7.899133219289987684e-01,1.000000000000000000e+00,2.803996070895833359e-01,-2.664444889717074508e-03,-5.543711774486932697e-02,-9.710343998201697024e-01,-1.000000000000000000e+00,7.385112213404427806e-01,-7.383465805474250798e-01,-1.000000000000000000e+00,1.000000000000000000e+00,-4.368478306944726386e-01,8.641772636344661196e-01,-8.412235303813207776e-02,-5.021489082247114488e-02,3.506074075558551217e-01,-5.767666893919808357e-01,6.069693832976619241e-01,1.000000000000000000e+00,-1.000000000000000000e+00,-1.000000000000000000e+00,-9.596633458684838969e-01,1.000000000000000000e+00,1.000000000000000000e+00
0.000000000000000000e+00,0.000000000000000000e+00,0.000000000000000000e+00,0.000000000000000000e+00,1.000000000000000000e+00,-7.434542988494420301e-01,4.358912853851289460e-01,-3.112119378666395320e-01,-5.489452654497634088e-01,6.125683426976087365e-01,-2.640229933910730464e-01,6.160549992696841004e-01,-6.941604328149784120e-01,-4.848062482841166143e-01,-2.946572785485647161e-01,5.191188167948864729e-01,4.420069061862947901e-01,4.162880021106822870e-01,-6.121581823547804502e-02,4.146432119894566393e-01,2.952655924476380589e-01,1.000000000000000000e+00,5.895304807268885172e-01,5.510885622238426151e-01,7.392932849759146219e-01,4.115893234093398467e-01,-6.687968588473660603e-01,3.468092838730783556e-01,6.573792708472204760e-01,-6.690394683035105761e-01,8.709558307851966719e-01,3.345385219470469740e-01,-4.955126026389655713e-01,-2.173195350845157359e-01,9.266036342595864728e-01,5.299010732565736514e-01,1.000000000000000000e+00,5.842454690622570501e-01,5.906295011250565219e-01,-3.418720741107861283e-01,-2.935170296172050497e-01,-5.466867835839089862e-01,-5.362672427859307422e-01,9.376304743022217947e-01,4.106659410889174078e-01,-3.616146868754790966e-01,-2.016225419620039094e-01,-8.147545110557651293e-01,-4.612739365948461678e-01,-4.892125456806676875e-01,1.222763363167790190e-01,9.056851080030777768e-01,-5.124936066113713329e-01,-6.544255395371305628e-01,-3.178723702015683883e-01,-8.582849702545857218e-01,-9.863554708981520092e-01,7.870693540805761002e-01,-8.662688405135571257e-02,5.148464281465701120e-01,7.498160881111626264e-01,3.408230075475217613e-01,4.062151710942771277e-01,4.194870421152059881e-01,-6.244080773404728779e-01,6.062555263667723793e-01,-7.663878377896083949e-01,-1.024152237249062458e-01,6.292469250560447369e-01,2.058303892200233076e-01,-6.415825988143909475e-01,-9.789089114434229577e-01,-7.412313936878008880e-01,-6.017750700624284743e-01,-6.902518348168094064e-01,-4.323437239170866420e-01,-5.968285889996866045e-01,6.404611244900171307e-01,-3.532101004340557626e-01,-1.431895155563078781e-01,7.765430965106005778e-02,-1.000000000000000000e+00,-9.285512028798632578e-01,4.643294997585412642e-01,-4.573655324104982101e-01,-6.743156089341934001e-01,2.341878792390600095e-01,-4.706988721499662520e-01,3.738826205664506075e-01,-2.158129505497782541e-01,-1.775613171189643069e-01,3.364763853754221268e-01,-3.583309104504570075e-01,5.092503555783989277e-01,6.684668577396870592e-01,-1.000000000000000000e+00,-6.617483331187621332e-01,-4.903924435108313329e-01,5.296193618340021558e-01,7.748347478189108184e-01
0.000000000000000000e+00,0.000000000000000000e+00,0.000000000000000000e+00,0.000000000000000000e+00,0.000000000000000000e+00,1.000000000000000000e+00,-2.792590937076180335e-01,6.870497449128505352e-01,6.163915984897042621e-01,-4.068590570230071757e-01,1.483999587012639898e-01,-4.442380185166353024e-01,1.936091310027102108e-01,2.833866576832751449e-01,-2.315727531872737444e-01,-2.784229986383640609e-01,-2.210290385489768750e-01,-4.098825154381149916e-01,-3.008108763286791998e-01,4.127477707864772583e-02,-4.441992664505040045e-01,-5.505582363973431370e-01,-2.927705103359088401e-01,-3.220410152628788714e-01,-4.819629821020144922e-01,-2.103240338661640507e-01,2.087830418824694889e-01,-1.890064319133081261e-01,-4.811413825126623633e-01,1.938426029273263296e-01,-3.694834063326603996e-02,-9.441048817172443819e-01,-3.695469390251050756e-02,2.034798194976651375e-01,-2.448596660215248966e-01,-2.780685184283974154e-01,-9.934046735143975404e-01,-5.351680250736177147e-01,-3.202842614116995779e-01,-4.037093570737089743e-01,4.565986640896253501e-01,3.643418755579256318e-01,3.138588405381566027e-01,-6.981125236593808125e-01,1.320041836189904394e-01,-1.805497396297608692e-01,3.946050150025047776e-01,4.965998468455367076e-01,4.735231991377745753e-01,4.628352554919928363e-01,-3.935933196507573339e-01,-3.396535446764708532e-01,-1.141733610172062374e-01,3.765615001973636189e-01,3.197337899652432647e-01,8.757623606535518412e-01,1.198817754548689718e-01,-4.965504498795920152e-01,-2.308028746599396774e-01,-3.378766318462921303e-01,-9.994104379393007331e-01,1.993200300677350767e-01,-3.093958942671553025e-01,-1.971087622412594220e-01,5.012415212537714160e-01,-4.454680204041499558e-01,4.200656624814064766e-01,5.883683031047892698e-01,-3.398651020018095825e-01,-3.371241155305411130e-01,1.058588509550384277e-01,1.000000000000000000e+00,4.390050804123966088e-01,6.914651625472075791e-01,3.213725643093806594e-01,4.706920646191147251e-01,2.876319811032171381e-01,-2.300955257644735907e-01,2.417096574337813109e-01,1.448135907901701991e-01,2.539781895225641239e-01,2.260029060426146583e-02,6.547063551882645882e-01,-1.794779220371163775e-01,3.240362588366062502e-01,4.031653140436242122e-01,-1.990270058386114649e-01,2.465706025236883425e-01,-2.613352710962786318e-01,4.244554883696697867e-01,-1.425871738797324928e-01,-1.935275052464354439e-01,2.547644783481145536e-01,-2.710985432986350863e-01,-7.334886420866097989e-01,1.000000000000000000e+00,8.632856078939862288e-01,3.124690932379912689e-01,-4.735655536053356429e-01,-2.716399527939656888e-01
0.000000000000000000e+00,0.000000000000000000e+00,0.000000000000000000e+00,0.000000000000000000e+00,0.000000000000000000e+00,0.000000000000000000e+00,1.000000000000000000e+00,-1.000000000000000000e+00,-1.000000000000000000e+00,1.000000000000000000e+00,-3.178882333302352481e-01,1.000000000000000000e+00,-1.000000000000000000e+00,-1.000000000000000000e+00,4.732450512835156831e-01,8.479723648414182469e-01,9.136893866054778268e-01,1.000000000000000000e+00,1.428182604319099824e-01,5.148048564531696458e-01,1.000000000000000000e+00,1.000000000000000000e+00,1.000000000000000000e+00,1.000000000000000000e+00,1.000000000000000000e+00,6.778802465911180075e-01,-1.000000000000000000e+00,6.994274844643988409e-01,1.000000000000000000e+00,-1.000000000000000000e+00,1.000000000000000000e+00,6.441149820741711718e-01,-8.042156656875234511e-01,-8.229817039500415543e-01,1.000000000000000000e+00,1.000000000000000000e+00,1.000000000000000000e+00,1.000000000000000000e+00,1.000000000000000000e+00,-3.185633305602018073e-01,-5.971634787592943194e-01,-1.000000000000000000e+00,-1.000000000000000000e+00,1.000000000000000000e+00,8.430415433829644423e-01,-3.469214488973333399e-01,-7.967103392691752273e-01,-1.000000000000000000e+00,-1.000000000000000000e+00,-1.000000000000000000e+00,6.558272669529571219e-01,1.000000000000000000e+00,-5.863259754353545850e-01,-1.000000000000000000e+00,-8.517974765183907726e-01,-1.000000000000000000e+00,-1.000000000000000000e+00,1.000000000000000000e+00,8.185892562707183795e-02,1.000000000000000000e+00,1.000000000000000000e+00,7.859827742013736351e-01,9.252464379569439457e-01,8.256086538086151450e-01,-1.000000000000000000e+00,1.000000000000000000e+00,-1.000000000000000000e+00,-8.194946391072667202e-01,1.000000000000000000e+00,7.188577926848718214e-01,-9.738458611910685292e-01,-1.000000000000000000e+00,-1.000000000000000000e+00,-1.000000000000000000e+00,-1.000000000000000000e+00,-8.623928605253097235e-01,-1.000000000000000000e+00,1.000000000000000000e+00,-4.533594850435060386e-01,-5.559258178333024158e-01,-3.926974243112550389e-01,-1.000000000000000000e+00,-1.000000000000000000e+00,9.045877236918496989e-01,-1.000000000000000000e+00,-1.000000000000000000e+00,8.716601552955183241e-01,-9.147921616435665815e-01,8.729601062794724031e-01,-7.776815873189388828e-01,-5.570646877822904575e-01,7.491580030178066618e-01,-8.713002722828029345e-01,1.000000000000000000e+00,1.000000000000000000e+00,-1.000000000000000000e+00,-1.000000000000000000e+00,-1.000000000000000000e+00,1.000000000000000000e+00,1.000000000000000000e+00
0.000000000000000000e+00,0.000000000000000000e+00,0.000000000000000000e+00,0.000000000000000000e+00,0.000000000000000000e+00,0.000000000000000000e+00,0.000000000000000000e+00,1.000000000000000000e+00,6.936029611719052301e-01,-2.824767491868271918e-01,7.662302100107779568e-01,-1.991093345246273960e-01,4.000817390982732702e-01,2.203224809122841243e-01,-6.222312124001131428e-01,6.290005156797148778e-02,-1.732697230946632361e-01,-3.158349920153624701e-01,-6.564962590719314317e-01,1.604282626868134554e-01,-6.464462737724789854e-01,-3.666765857859813349e-01,-1.931798657164936206e-01,-3.200795496296248710e-01,-3.832792737635498659e-01,1.206169038277475625e-01,-3.815417601163255124e-01,-1.210579478081412891e-01,-4.320723540234329696e-01,1.346730453038381681e-01,-7.890114687687080353e-02,-1.000000000000000000e+00,-6.127456030992154412e-01,5.912884602457462169e-01,-1.035647753222859041e-02,-4.380180066011895440e-02,-5.203731356066423341e-01,-3.468493293544809286e-01,-1.753770200372525567e-01,-5.070303041581001313e-01,2.450491447906156806e-01,5.724814282149328637e-01,2.665892806484596589e-01,-5.510625728790088385e-01,1.044358593129729590e-01,-6.127334696708408579e-01,6.124730669920743775e-01,4.466498664680076947e-01,5.484369321836179978e-01,4.261680652323843188e-01,-5.937102077792770771e-01,-7.066782920259796763e-02,-3.568282883037339759e-01,1.578291278608554837e-01,1.280142272519859022e-02,4.677225898191388898e-01,1.001857178354591607e-02,-2.632233113795934831e-01,-9.542236502886203287e-02,-2.527379582948576231e-01,-7.461144516916381475e-01,-1.952520815660049869e-01,-3.732237152615169307e-01,-1.047364844146637525e-01,5.023760827594420109e-01,-3.558960206500234036e-01,2.837205403777737223e-01,6.466635688331459075e-01,-4.044879323747552768e-01,-3.996981717732618899e-01,-2.527423375561276275e-01,9.170386893793188721e-01,3.099956526433859660e-01,7.446230902487455117e-01,4.132320375854974248e-01,-6.859405749195558732e-02,2.387005641491292407e-01,-4.608002877107561512e-02,5.758628589706140666e-01,4.475022803843214936e-01,5.431996491108301850e-01,-5.304842085730085421e-02,4.705035044074507011e-01,-1.239663511870844753e-01,3.506279435185754023e-01,4.502434592436646010e-01,-3.187046791565979476e-01,5.048701414684468869e-01,-1.500905124950887015e-01,6.966831321330159144e-01,4.609705512900062752e-02,-2.631699089134244551e-01,3.166112641154932295e-01,-4.587024841070554415e-01,-7.867222504787501070e-01,8.856426253576080709e-01,1.000000000000000000e+00,2.469604389948432399e-01,-3.893540560052325961e-01,-7.504973248639630612e-02
0.000000000000000000e+00,0.000000000000000000e+00,0.000000000000000000e+00,0.000000000000000000e+00,0.000000000000000000e+00,0.000000000000000000e+00,0.000000000000000000e+00,0.000000000000000000e+00,1.000000000000000000e+00,-2.926110095947700440e-01,1.295736522482206776e-01,-2.415519148380807224e-01,1.175327354970527177e-01,3.340283992955146442e-01,-6.863851483532964481e-01,-1.560242689167521957e-01,-2.051479319626655640e-01,-2.915313674663302934e-01,-5.260350255039264455e-01,1.272971629487316403e-01,-1.480805096320297609e-01,-3.441663070724143569e-01,-2.310309584357738699e-01,-2.013891588454851111e-01,-4.981864712482349522e-01,1.572160008076640691e-01,3.856972892127944613e-02,-1.622785986653962620e-01,-4.014341066251272405e-01,5.316604770647418224e-03,-1.112463858189490090e-01,-6.165534248755171198e-01,-1.540499604607371564e-01,2.834670852102960659e-01,-2.005365148049936264e-01,-1.419720522928364648e-01,-2.368139870511287159e-01,-6.103659928893725439e-01,-1.663692889069238179e-01,9.144024561745579815e-02,-1.862118421809154656e-01,6.363359540449540219e-01,2.792707010584339344e-01,-7.257787405170268435e-01,1.115098824499216601e-01,-4.247570398040213108e-02,4.444431077136105079e-01,2.785464341734258942e-01,5.601010615197125064e-01,3.776785347461658060e-01,-6.714998465475030542e-01,-3.370853910701398504e-01,3.850232870832770785e-03,-1.275254123451979305e-01,2.179528152495404936e-01,9.840720822446618055e-01,-9.147784056258703722e-02,-2.698255798301730790e-01,3.349126330878767210e-01,-2.897003297973741454e-01,-9.539684966112900177e-01,-3.819415857594836150e-01,-4.330080586322990754e-01,-1.791139438395813466e-01,4.904765348139652481e-01,-3.799638408920558152e-01,5.100215781297555706e-01,5.662023131943293430e-01,-4.725891895023872635e-01,-3.860700761127480174e-01,-1.024586771054694367e-01,8.806455113166498094e-01,2.732272247186152692e-01,7.641078606088188563e-01,1.264227660425578381e-01,2.505205796819802710e-01,4.163065322952047009e-01,-7.396224791689620659e-02,3.105942089239882020e-01,2.973700316256867593e-01,2.929557393123576325e-01,-6.438410761456772602e-02,2.250067342471749054e-01,-2.025920571064768194e-01,4.285659562571811909e-01,4.646090897437958334e-01,4.558386202501205076e-01,1.981868802965610632e-01,-1.857015864285375129e-01,5.975520391690882782e-01,4.358929969204350940e-01,-3.568198199160182438e-01,3.042155749377596363e-01,-4.334167817089893959e-01,-1.000000000000000000e+00,9.090712240603767702e-01,7.144418555162806994e-01,1.877365652674037322e-01,-4.103506674981853841e-01,1.356968190832294752e-01
0.000000000000000000e+00,0.000000000000000000e+00,0.000000000000000000e+00,0.000000000000000000e+00,0.000000000000000000e+00,0.000000000000000000e+00,0.000000000000000000e+00,0.000000000000000000e+00,0.000000000000000000e+00,1.000000000000000000e+00,-5.556174260048878377e-01,1.000000000000000000e+00,-8.223437956578650843e-01,-6.894418983373920007e-01,-3.101745469152001333e-01,6.423261272807649913e-01,6.433481370499757324e-01,7.451217191829445641e-01,-2.797035902300343616e-02,4.689313957547051048e-01,8.646982076238263204e-01,1.000000000000000000e+00,8.638166574290189192e-01,8.874783713317373479e-01,1.000000000000000000e+00,6.440605794839717735e-01,-1.000000000000000000e+00,4.898679345661544615e-01,9.902549590627879317e-01,-9.562606621993250400e-01,7.057280676273313125e-01,6.859112587848161802e-01,-4.825300518216540935e-01,-4.238784760066038881e-01,1.000000000000000000e+00,8.087063225847542780e-01,1.000000000000000000e+00,8.364923198239705426e-01,8.992185456762509244e-01,-9.488062654967903409e-02,-7.536351837336771053e-01,-9.453049226767683555e-01,-7.735251227078792091e-01,1.000000000000000000e+00,5.206506439187499335e-01,-3.069938541834695278e-01,-5.434350140601384993e-01,-1.000000000000000000e+00,-8.050421068579125539e-01,-9.019544888192557730e-01,2.983737568464422951e-01,1.000000000000000000e+00,-1.886629149538338046e-01,-1.000000000000000000e+00,-6.263571596248062034e-01,-1.000000000000000000e+00,-1.000000000000000000e+00,1.000000000000000000e+00,2.524532323657462385e-01,8.455730695629185556e-01,1.000000000000000000e+00,-1.198695606305405642e-01,6.094369262723691172e-01,5.879075045572657032e-01,-8.844678301320768599e-01,9.753586658382029650e-01,-1.000000000000000000e+00,-4.924670193792989314e-01,9.756353656516156825e-01,4.254717409784428694e-01,-8.060544137636438400e-01,-1.000000000000000000e+00,-1.000000000000000000e+00,-1.000000000000000000e+00,-1.000000000000000000e+00,-6.233198945723404938e-01,-7.382161977671876096e-01,8.319796473184745134e-01,-4.956716279613464504e-01,-2.972184245269114955e-01,-2.701377014656965447e-01,-9.763354848971611544e-01,-1.000000000000000000e+00,6.010057903562728843e-01,-6.233823884443199237e-01,-1.000000000000000000e+00,8.835862425278528942e-01,-6.960839199947606026e-01,5.869947920808007424e-01,-4.231035540159328590e-01,-9.333959077513850899e-02,4.002067792334562113e-01,-5.762133331837240302e-01,6.922048372584724829e-01,1.000000000000000000e+00,-1.000000000000000000e+00,-1.000000000000000000e+00,-8.012128055324115872e-01,7.306530655494686277e-01,1.000000000000000000e+00
0.000000000000000000e+00,0.000000000000000000e+00,0.000000000000000000e+00,0.000000000000000000e+00,0.000000000000000000e+00,0.000000000000000000e+00,0.000000000000000000e+00,0.000000000000000000e+00,0.000000000000000000e+00,0.000000000000000000e+00,1.000000000000000000e+00,4.363757449627263252e-02,4.249803417247065562e-01,8.049193126694048975e-03,2.452203883231212078e-01,1.329309481546460947e-01,-7.148239259766149545e-02,4.320911917308521005e-02,-2.827875310286855348e-01,-1.157215623444513425e-01,-1.047851374416733927e-01,-8.474575837450674942e-02,1.134941216360701478e-02,-1.027688593830780317e-01,-1.271964210863221756e-01,9.818826933652669009e-02,-2.941877277994015549e-01,-3.396758803289121748e-02,-4.746245354131729127e-02,2.628903594411046152e-01,-2.262392494670909804e-01,-5.886747256312796495e-01,-5.349073646221713663e-01,3.301360402620019396e-01,1.246084039618585299e-01,8.058236809123922595e-02,9.213818241526300357e-02,2.446949104056642121e-01,-1.423581652749853106e-02,-3.828556065136518027e-02,1.134471843134806784e-01,4.387448614347665976e-01,9.277245648768533970e-02,8.054465706133849545e-03,-6.055411528800455634e-02,-3.076235299349738828e-01,2.050629328004143492e-01,7.100214572747910735e-02,1.044828527098411730e-01,-2.288411601611769208e-01,-7.950269795253800398e-02,2.242838540881540998e-01,-1.051295264193564394e-01,-2.353477240092612111e-01,-2.899980925537435916e-01,-7.192537742371152287e-02,2.081851007974672152e-01,7.702932975655798348e-03,8.910235136094009356e-02,-1.440689124444239841e-02,2.273183679192906370e-01,-1.585866393059534585e-01,-1.477729019070129213e-01,-3.138588493746457403e-02,1.065085836442365153e-01,-3.812810821893914542e-02,1.902648845378024367e-03,-5.629382945512057673e-02,-2.909829419879291224e-01,-3.055400740385680672e-02,-5.587023036775331380e-02,-2.375481876694169048e-01,4.895281066365049505e-02,1.820813756010611906e-01,3.552173764306563730e-01,-4.233322998459196906e-01,1.146308008133125472e-01,-6.068996321016004170e-02,6.587292813473666353e-01,2.546186667657218683e-01,1.507625234643168999e-01,4.762875961972941052e-01,2.850544633550042839e-01,-6.459014657674595761e-02,5.432922135759112037e-02,1.634325842842398180e-01,-2.051438265018017404e-01,5.170683815305170405e-01,4.966914056979648134e-02,2.420487584589491037e-01,-4.115968409537756369e-03,-9.251384828267823768e-02,1.215599264615757902e-01,-2.632073006220801425e-01,-6.061502795460094878e-02,6.327623672980007274e-01,3.621045213511235317e-01,9.160319650480885922e-02,1.605186313759621175e-02,-3.380682860362245745e-01
0.000000000000000000e+00,0.000000000000000000e+00,0.000000000000000000e+00,0.000000000000000000e+00,0.000000000000000000e+00,0.000000000000000000e+00,0.000000000000000000e+00,0.000000000000000000e+00,0.000000000000000000e+00,0.000000000000000000e+00,0.000000000000000000e+00,1.000000000000000000e+00,-1.776690395331726180e-01,-4.164341195161211928e-01,-4.566184121811365793e-01,7.220209235471133358e-01,3.903844035099081067e-01,6.165573104490409406e-01,-3.489937788822756182e-01,2.851219837122977996e-01,6.088024910663611955e-01,1.000000000000000000e+00,6.078828496495777278e-01,5.612118893461780500e-01,7.049041090816734467e-01,7.556650756360832055e-01,-1.000000000000000000e+00,3.353072499265549733e-01,6.496294422698348781e-01,-6.314106464752688996e-01,4.846778164120409821e-02,3.535524701963464467e-01,-7.990719014836104028e-01,9.283920940850495795e-02,8.330463248009686295e-01,7.274761469713874051e-01,1.000000000000000000e+00,7.766774137207729245e-01,6.968032119773164279e-01,3.975559763832041682e-01,-9.300963270855180376e-01,-2.014081697818228822e-01,-5.133371998924562973e-01,9.468839902211436677e-01,6.522813537274466111e-02,-3.753681310561489126e-01,-2.088726498212215565e-01,-9.035563229540191088e-01,-4.407761904452750512e-01,-5.976485672961665552e-01,-5.855766400943306776e-02,9.090580800370559045e-01,-1.044093043523680459e-01,-1.000000000000000000e+00,-8.656100448695133176e-01,-1.000000000000000000e+00,-6.953747141363639805e-01,1.000000000000000000e+00,6.726711339298099279e-01,5.973883854041477370e-01,1.000000000000000000e+00,-8.185443608084013167e-01,2.346913704190395356e-01,4.061053383588825727e-01,-5.217000387660812866e-01,7.000827110251790497e-01,-6.484557517247350189e-01,-4.836865631919471387e-01,4.575450101138767156e-01,2.706345694348596398e-01,-7.198202616860203129e-01,-1.000000000000000000e+00,-8.182226239683288993e-01,-6.807735566345319844e-01,-5.891333835795732332e-01,-1.000000000000000000e+00,-3.960287533722246511e-01,6.630410950745034837e-01,7.934548675917867111e-02,1.902710390639443805e-01,-6.412696375316341568e-02,-3.027237454402474937e-01,-1.000000000000000000e+00,3.229833657313186945e-01,-2.996792383540469173e-01,-6.169445690828395668e-01,7.659310965718318931e-01,-6.943888013678801985e-02,5.045977287101273134e-01,9.472098916725043075e-03,3.935282309841938164e-01,6.723828330180937896e-02,-2.603452530612072602e-01,1.516621285849461820e-01,5.180014323184670699e-01,-1.000000000000000000e+00,-5.176524661883391554e-01,-5.659510895220380977e-01,6.044493280473840491e-01,7.943912178033255556e-01
0.000000000000000000e+00,0.000000000000000000e+00,0.000000000000000000e+00,0.000000000000000000e+00,0.000000000000000000e+00,0.000000000000000000e+00,0.000000000000000000e+00,0.000000000000000000e+00,0.000000000000000000e+00,0.000000000000000000e+00,0.000000000000000000e+00,0.000000000000000000e+00,1.000000000000000000e+00,2.106577311678347886e-01,1.594299962757738665e-01,4.090820423299927622e-02,-2.687348757216157513e-01,-7.236714773747143781e-02,-2.456306893954552095e-01,-3.460143065959521147e-01,-3.307674974740325569e-01,-5.130317075158654649e-01,-2.877115473750699315e-01,-3.727146300436871562e-01,-3.513531315778330444e-01,-5.398418771252940299e-03,-2.024151612521772337e-01,-1.691534723565052967e-01,-3.496620692501886118e-01,6.007801101936158794e-01,-1.000000000000000000e+00,-5.648458980435631105e-01,-2.928514240689466530e-01,6.009810915325034530e-01,-3.815376013772429076e-01,-1.035479642503910475e-01,-1.000000000000000000e+00,4.809326212976358650e-02,-2.553406799139536498e-01,3.043437307418944693e-01,7.853187181440202461e-03,5.953751680199463880e-01,3.107062623457614303e-01,-3.039320955631605869e-01,-4.795244816278931843e-01,-2.064032193465465403e-01,2.522534773496366567e-01,5.764946244989537227e-01,2.341048236116415326e-01,7.672626205476548722e-02,-8.716481104745406328e-02,-1.126263985271309803e-01,2.607249171167339008e-01,2.104629272325512224e-01,-3.684985286850450126e-01,-1.676472280191981523e-01,8.717204584658417854e-01,-2.651590253790070406e-01,2.394425751392925406e-01,-2.073658855032108339e-01,2.121292913404650982e-01,-7.758732275903328368e-01,-2.972256980655255121e-01,-1.929239989904905639e-01,3.633707617789018185e-01,-2.390529966565098363e-01,2.983811255233065340e-01,-1.608681311829129601e-01,-4.973212899526123776e-01,-7.264042266644413215e-02,2.057168305066545133e-01,3.610423642667155708e-02,3.773824687120268528e-01,2.691408608694291771e-01,7.410978402368330054e-01,-4.986063998051438739e-01,3.670369249642821963e-01,-3.290886223476117700e-01,7.768819681546601519e-01,4.549142175996902515e-01,8.591299719768522025e-02,1.000000000000000000e+00,5.810059424403709594e-01,-2.915833348279142090e-01,2.711330510922100867e-01,5.065560806582871667e-01,-3.005088294201182508e-01,7.978947290329163611e-01,-7.688692353439240124e-02,3.276787394115548424e-01,1.854468609655820499e-01,-2.876758855174501028e-01,2.817064185770966622e-01,-5.714627643700876947e-01,-2.485649352593307382e-01,6.671161520087055541e-01,7.153887629885263832e-01,2.764724270981458454e-01,-1.599114891244487469e-01,-6.098154189132423131e-01
0.000000000000000000e+00,0.000000000000000000e+00,0.000000000000000000e+00,0.000000000000000000e+00,0.000000000000000000e+00,0.000000000000000000e+00,0.000000000000000000e+00,0.000000000000000000e+00,0.000000000000000000e+00,0.000000000000000000e+00,0.000000000000000000e+00,0.000000000000000000e+00,0.000000000000000000e+00,1.000000000000000000e+00,-8.072960150592147777e-01,-4.923727680308759846e-01,-7.867525031766809951e-01,-8.086343769135391213e-01,-1.880219478621379114e-01,-3.874276746970546359e-01,-7.987162262769088583e-01,-1.000000000000000000e+00,-1.000000000000000000e+00,-1.000000000000000000e+00,-1.000000000000000000e+00,-2.385491062595543332e-01,9.155588510867117558e-01,-5.546274168160516549e-01,-1.000000000000000000e+00,7.325355237678268239e-01,-1.000000000000000000e+00,3.920226952825444505e-02,6.825584630029331024e-01,7.242951251825076042e-01,-1.000000000000000000e+00,-7.964297731033789240e-01,-1.000000000000000000e+00,-1.000000000000000000e+00,-9.171695208977437286e-01,1.000000000000000000e+00,-3.074944666312108832e-01,1.000000000000000000e+00,8.626480514229487584e-01,-1.000000000000000000e+00,-1.000000000000000000e+00,6.372246857492319672e-01,6.993183934985403027e-01,1.000000000000000000e+00,1.000000000000000000e+00,1.000000000000000000e+00,-8.581003289017045121e-01,-1.000000000000000000e+00,4.806723138984049792e-01,9.055392652192530978e-01,5.278861578560791745e-01,1.000000000000000000e+00,1.000000000000000000e+00,-1.000000000000000000e+00,6.339787237133346354e-01,-1.000000000000000000e+00,-1.000000000000000000e+00,-1.000000000000000000e+00,-9.177281832489339042e-01,-6.830984523929560792e-01,1.000000000000000000e+00,-1.000000000000000000e+00,1.000000000000000000e+00,5.220812580788870561e-01,-1.000000000000000000e+00,-5.921185475009886900e-01,6.528660495651865681e-01,1.000000000000000000e+00,1.000000000000000000e+00,1.000000000000000000e+00,8.750099041083665430e-01,2.360730435790957538e-01,1.000000000000000000e+00,-7.181843794399375147e-01,2.965120079795837693e-01,7.269432339132178011e-01,3.938682413675874683e-01,1.000000000000000000e+00,1.000000000000000000e+00,-8.158175132008791408e-01,9.979571618809819356e-01,1.000000000000000000e+00,-2.633238944680599825e-01,6.262354814303995321e-01,-6.379720671789993469e-01,7.774088278333453061e-01,1.000000000000000000e+00,-8.115221182924121646e-01,8.003106700457881528e-01,-1.000000000000000000e+00,-1.000000000000000000e+00,1.000000000000000000e+00,1.000000000000000000e+00,7.856925785563629860e-01,-7.739791370880620969e-01,-5.275414812450599511e-01
0.000000000000000000e+00,0.000000000000000000e+00,0.000000000000000000e+00,0.000000000000000000e+00,0.000000000000000000e+00,0.000000000000000000e+00,0.000000000000000000e+00,0.000000000000000000e+00,0.000000000000000000e+00,0.000000000000000000e+00,0.000000000000000000e+00,0.000000000000000000e+00,0.000000000000000000e+00,0.000000000000000000e+00,1.000000000000000000e+00,-2.167130484291434900e-01,2.360150034443348605e-04,6.434673202947298332e-02,2.249962426026548556e-01,-2.415129557163998575e-01,2.113303066744338654e-01,-1.399274353416103400e-01,4.841046896826517454e-02,1.991492093247586651e-02,-4.893415156591988946e-02,-3.064085862653574410e-01,2.258560028011598053e-01,-3.081454471388305957e-02,8.133153251702497644e-02,2.706225524846394559e-01,-1.711748364522501509e-02,-2.822637590206754088e-01,4.296904948105555871e-02,-2.445962606040049669e-01,3.470890409746871935e-02,-8.315599295693350268e-02,2.592435799908813232e-01,2.751869893968665326e-01,-7.099418122264267161e-02,-1.839073831402607551e-01,5.406537343304057552e-01,-8.357890381556928872e-02,2.553178360332205438e-02,1.267720120967566755e-01,1.233573477130290863e-01,7.474764245784903949e-02,-2.109099429088061861e-01,-1.301568109110639859e-01,-2.025326443583995717e-01,-4.761123779943876588e-01,3.963221451183396304e-01,2.025797680460747763e-01,1.649039651495405601e-01,3.724238919673951431e-02,2.107703163594717034e-03,8.064941497446330432e-02,8.318264306435141364e-02,-7.465580226646580109e-02,-2.636477092934790822e-01,5.643710047772531463e-02,3.094809442243292574e-01,5.234070032252362559e-01,1.141244363667271999e-01,-3.808225267802688163e-02,-6.688083342934557363e-02,3.837422496935341543e-02,-1.080166709513711437e-01,-2.774924515707378192e-01,5.596871331069228246e-03,1.785969547935748747e-01,3.346403742500512757e-01,-3.719481065781248263e-01,4.646761075744072766e-02,-6.960537413667612638e-02,1.766896085153127072e-01,2.006921386469012747e-01,-4.062337520046064437e-03,-2.253402593663987041e-01,2.313290723542355265e-01,-2.837976632476674199e-01,-3.084558766945663666e-01,5.076594207633869926e-01,3.778588321326823429e-01,-6.923954292325899991e-03,-1.551915743870182496e-01,-2.387894741668157572e-01,-1.936502580393432149e-01,1.758486597040567756e-01,1.057530209348229132e-02,-2.753727805834997322e-01,-4.810922572484895299e-01,1.574360509883941939e-01,-9.487698149618921384e-02,1.435647925024498839e-01,4.210279674999397592e-01,5.575304630341076928e-01,-1.591734021803975219e-01,5.537892952334792784e-02,1.383411449579718261e-03,-5.854589017559389541e-01
0.000000000000000000e+00,0.000000000000000000e+00,0.000000000000000000e+00,0.000000000000000000e+00,0.000000000000000000e+00,0.000000000000000000e+00,0.000000000000000000e+00,0.000000000000000000e+00,0.000000000000000000e+00,0.000000000000000000e+00,0.000000000000000000e+00,0.000000000000000000e+00,0.000000000000000000e+00,0.000000000000000000e+00,0.000000000000000000e+00,1.000000000000000000e+00,2.054973522440770861e-01,3.800508567570461960e-01,-4.537531529184913870e-01,2.838353623549077498e-01,-3.028354463773285099e-01,8.995082867321917419e-01,3.309103654668272831e-01,1.278362696125288356e-01,5.511701371200714572e-01,8.166015030505427985e-01,-1.000000000000000000e+00,2.605134341138142240e-01,3.581955464029770719e-01,-3.612188880370859057e-01,7.631439104433310194e-02,6.011760664348488881e-01,-1.000000000000000000e+00,6.883286874354141993e-01,6.042007071463403323e-01,6.037610579181272863e-01,6.872679177196514555e-01,6.844116518948468730e-01,4.629854240219984374e-01,4.631138231608777356e-01,-8.956938322772901584e-01,2.844854912682180381e-01,-3.396533078740745504e-01,6.440155875814621567e-01,-4.347889244429451461e-01,-5.866747591748671109e-01,2.947857607268932756e-01,-3.058614581617012385e-01,-5.439154619711379646e-02,8.633807802118913244e-02,-3.056303460281759588e-01,3.661183103436925212e-01,-6.489574191418847615e-01,-7.478483034530463147e-01,-8.019527128264991589e-01,-1.000000000000000000e+00,-4.085128947418040918e-02,6.704984420347525065e-01,4.970608177314397302e-01,2.786308492632343370e-01,9.319945688719942778e-01,-8.831870924628091313e-01,2.168971947717361626e-02,3.033948023239434466e-01,-3.801050303877472891e-01,3.983826203167811220e-01,-4.211228974964204563e-01,-1.897273258181124134e-01,7.580810416719743761e-02,4.514347557121044241e-02,-8.188980363959141862e-01,-8.643213921391825760e-01,-5.254395241617995094e-01,-4.657741546952821610e-01,-1.606047542357010582e-01,-1.000000000000000000e+00,-3.532885797163904384e-01,6.403827840124205473e-01,2.874588312952766622e-01,7.066872160544436232e-01,6.518405665575027763e-01,-5.052240196705182207e-01,-9.201772527500631238e-01,2.042020729028828641e-01,-1.338879001169757665e-01,1.577669182600103526e-01,-3.366415770636233540e-01,2.848842987043970210e-01,3.809885628486330833e-01,3.251416916265801316e-01,6.914103651533095585e-01,-4.787644848083406207e-02,3.007441297273098432e-02,-1.832777158156252972e-01,2.163467995371445574e-01,-1.000000000000000000e+00,-1.402080342556814851e-01,-3.009423276798040003e-01,6.521418349741103793e-01,7.333481536214634389e-01
0.000000000000000000e+00,0.000000000000000000e+00,0.000000000000000000e+00,0.000000000000000000e+00,0.000000000000000000e+00,0.000000000000000000e+00,0.000000000000000000e+00,0.000000000000000000e+00,0.000000000000000000e+00,0.000000000000000000e+00,0.000000000000000000e+00,0.000000000000000000e+00,0.000000000000000000e+00,0.000000000000000000e+00,0.000000000000000000e+00,0.000000000000000000e+00,1.000000000000000000e+00,8.441321544312335723e-01,1.370493975637064599e-01,8.084874533462649282e-01,9.992293989301020973e-01,1.000000000000000000e+00,1.000000000000000000e+00,1.000000000000000000e+00,1.000000000000000000e+00,4.944704812567320418e-01,-1.000000000000000000e+00,6.918464475094450172e-01,1.000000000000000000e+00,-1.000000000000000000e+00,1.000000000000000000e+00,5.530009356884437732e-01,-5.671151805631228227e-01,-1.000000000000000000e+00,1.000000000000000000e+00,9.647160606335349886e-01,1.000000000000000000e+00,1.000000000000000000e+00,1.000000000000000000e+00,-1.000000000000000000e+00,-8.663476719146821770e-02,-1.000000000000000000e+00,-1.000000000000000000e+00,1.000000000000000000e+00,1.000000000000000000e+00,-5.663966620800272578e-01,-8.175748931905221228e-01,-1.000000000000000000e+00,-1.000000000000000000e+00,-1.000000000000000000e+00,6.123908372031248160e-01,1.000000000000000000e+00,-5.725527907018966856e-01,-1.000000000000000000e+00,-3.290333816867677119e-01,-1.000000000000000000e+00,-1.000000000000000000e+00,1.000000000000000000e+00,-4.993598538992077285e-01,1.000000000000000000e+00,1.000000000000000000e+00,1.000000000000000000e+00,1.000000000000000000e+00,8.527370924156685295e-01,-1.000000000000000000e+00,1.000000000000000000e+00,-1.000000000000000000e+00,-2.765262105147030525e-01,1.000000000000000000e+00,5.441781683807359604e-01,-1.000000000000000000e+00,-1.000000000000000000e+00,-1.000000000000000000e+00,-1.000000000000000000e+00,-1.000000000000000000e+00,2.071510680643113070e-02,-1.000000000000000000e+00,1.000000000000000000e+00,-1.000000000000000000e+00,-9.122505665354818660e-01,-3.990173281385315240e-01,-1.000000000000000000e+00,-1.000000000000000000e+00,1.000000000000000000e+00,-1.000000000000000000e+00,-1.000000000000000000e+00,8.542620012764758908e-01,-1.000000000000000000e+00,7.014478478328709521e-01,-8.066322263965977069e-01,-9.015544259443524222e-01,8.723738097710910244e-01,-9.502161390503798266e-01,1.000000000000000000e+00,1.000000000000000000e+00,-1.000000000000000000e+00,-1.000000000000000000e+00,-1.000000000000000000e+00,7.791864051803147895e-01,1.000000000000000000e+00
0.000000000000000000e+00,0.000000000000000000e+00,0.000000000000000000e+00,0.000000000000000000e+00,0.000000000000000000e+00,0.000000000000000000e+00,0.000000000000000000e+00,0.000000000000000000e+00,0.000000000000000000e+00,0.000000000000000000e+00,0.000000000000000000e+00,0.000000000000000000e+00,0.000000000000000000e+00,0.000000000000000000e+00,0.000000000000000000e+00,0.000000000000000000e+00,0.000000000000000000e+00,1.000000000000000000e+00,-3.142865744413868984e-02,6.190440493329303628e-02,1.000000000000000000e+00,1.000000000000000000e+00,9.047938609752333994e-01,9.106313085980243249e-01,9.723425133464139725e-01,7.002921732261558896e-01,-9.962546617087189027e-01,4.428721900468473582e-01,1.000000000000000000e+00,-4.927388424056285965e-01,1.592776099770888965e-01,4.864011631340239283e-01,-7.081111619972214610e-01,-3.107617939904468440e-01,1.000000000000000000e+00,8.536801679100757267e-01,1.000000000000000000e+00,1.000000000000000000e+00,9.182554059653955658e-01,5.251590102240644153e-01,-9.598437542011525325e-01,-4.114922728709835553e-01,-7.107091471979967157e-01,1.000000000000000000e+00,2.534831977552741700e-01,-1.285827625918838091e-01,-6.277211426948757778e-01,-1.000000000000000000e+00,-9.399304786851667703e-01,-1.000000000000000000e+00,4.915516342464128496e-01,1.000000000000000000e+00,9.276177811251483385e-02,-1.000000000000000000e+00,-1.000000000000000000e+00,-1.000000000000000000e+00,-7.746998089246401875e-01,1.000000000000000000e+00,7.090034832102865003e-01,8.984095481796824378e-01,1.000000000000000000e+00,-4.271234998956133788e-01,5.064035799184768427e-01,5.103764550659387611e-01,-9.676215185603365132e-01,1.000000000000000000e+00,-1.000000000000000000e+00,-1.000000000000000000e+00,5.839652742148990772e-01,6.142458935279120347e-01,-5.866169910964330603e-01,-1.000000000000000000e+00,-1.000000000000000000e+00,-1.000000000000000000e+00,-7.091361870649336430e-01,-1.000000000000000000e+00,-5.083839280279254247e-01,6.628703642410589403e-01,2.311498484434575951e-01,-1.350440094304863892e-01,-4.921051171871523855e-01,5.265598304462895674e-02,-1.000000000000000000e+00,4.663123022902976311e-01,-6.649724835524903899e-01,-1.000000000000000000e+00,1.000000000000000000e+00,-2.141055891638077024e-01,7.144698331152264936e-01,-4.598012686999904952e-01,4.076144173212105370e-02,3.033431215905785239e-01,-5.240087593747346784e-01,4.528048633696790115e-01,1.000000000000000000e+00,-1.000000000000000000e+00,-1.000000000000000000e+00,-7.555351501560816363e-01,9.788447054631138622e-01,5.426836099167351435e-01
0.000000000000000000e+00,0.000000000000000000e+00,0.000000000000000000e+00,0.000000000000000000e+00,0.000000000000000000e+00,0.000000000000000000e+00,0.000000000000000000e+00,0.000000000000000000e+00,0.000000000000000000e+00,0.000000000000000000e+00,0.000000000000000000e+00,0.000000000000000000e+00,0.000000000000000000e+00,0.000000000000000000e+00,0.000000000000000000e+00,0.000000000000000000e+00,0.000000000000000000e+00,0.000000000000000000e+00,1.000000000000000000e+00,-2.375968734787358150e-01,6.556001691575377710e-02,-1.579387404857958144e-01,-1.261334288523908720e-01,3.216953807391292539e-03,1.980503551890809566e-01,-5.126337834910218438e-01,8.478733144548211698e-01,5.233765163586303823e-03,1.288457714534066989e-01,7.037969550982400846e-02,1.320122554796069603e-01,1.000000000000000000e+00,1.000000000000000000e+00,-6.014281779855985555e-01,-4.896535377723428839e-01,-2.932276581466035648e-01,-1.712448170887234111e-01,3.813490281757998660e-04,-1.694627950374365533e-01,1.506605278625842426e-01,2.676592385947640373e-01,-7.580916441198226607e-01,-7.803569852037570143e-02,1.787981864233011420e-01,-2.743924536819523086e-01,7.184864115478567514e-01,-5.635338392158005805e-01,6.211412920444317476e-02,-3.994513961683405223e-01,1.458798632602481549e-01,7.268902277195297135e-01,-6.016838117898932747e-01,2.935707492637339433e-01,8.345112891693585722e-01,4.665096555109478071e-01,-3.000754372794177116e-01,3.504194937357067996e-01,-2.210305816041904237e-01,-4.476498710281616722e-01,-2.615837931978785141e-02,1.328298768039215538e-01,5.793515392357199145e-01,3.811959636835540177e-01,-3.792797531923495363e-02,-3.193517830420436465e-01,4.870540068775931070e-02,-5.471137517351871982e-02,-4.225404583578529771e-01,3.961891254893118441e-01,3.013873190432933558e-01,5.587939465172917508e-01,-1.712463327946020519e-02,8.286134847436670003e-02,-6.210323010705520730e-01,-1.585246580435358821e-01,5.179180079531100489e-01,-2.322670186587952879e-01,-2.188952427651242039e-01,-9.460763463874102275e-01,-5.782945177879835752e-01,-4.448122420279518319e-01,-4.653120868736618926e-02,-1.907527635667689153e-02,2.493044984645041012e-02,-2.661737810822678019e-01,-2.351459524533574819e-01,-4.839220883093072745e-01,-6.057250627692871703e-01,-1.068116442149191214e-01,-8.275898027635315568e-01,-2.140664318308612701e-01,3.236375546166779249e-01,-2.380658896349132636e-01,4.831235733858149639e-01,7.267061573434167032e-01,-5.518997251710763274e-01,-9.645103457368530142e-01,1.333809886462678906e-03,1.238531404487912685e-01,-1.643989852975260291e-01
0.000000000000000000e+00,0.000000000000000000e+00,0.000000000000000000e+00,0.000000000000000000e+00,0.000000000000000000e+00,0.000000000000000000e+00,0.000000000000000000e+00,0.000000000000000000e+00,0.000000000000000000e+00,0.000000000000000000e+00,0.000000000000000000e+00,0.000000000000000000e+00,0.000000000000000000e+00,0.000000000000000000e+00,0.000000000000000000e+00,0.000000000000000000e+00,0.000000000000000000e+00,0.000000000000000000e+00,0.000000000000000000e+00,1.000000000000000000e+00,-3.674521315063609961e-02,1.000000000000000000e+00,5.343319917723133861e-01,5.312940132789603087e-01,5.834172307771808841e-01,6.232844907834895753e-01,-8.419817612860536205e-01,3.363429791267313895e-01,3.780746987160852335e-01,-1.000000000000000000e+00,1.000000000000000000e+00,-9.652996316257174414e-02,-5.687002725797761782e-01,-1.538605678646271790e-01,1.000000000000000000e+00,5.251682348071620154e-01,1.000000000000000000e+00,-2.242671240618365758e-01,6.050130889586966543e-01,-8.988073584537382699e-01,-4.116228870876395551e-01,-5.718618211723280886e-01,-4.919621488782188190e-01,3.580597627338029110e-01,8.973542603117029559e-01,-6.426427846141106182e-01,2.155459292327397969e-01,-7.878613279185009421e-01,3.832590533204378869e-02,2.700694909075783134e-01,-6.421989741912020877e-01,6.070765982067886091e-01,-8.990232061645565542e-01,-6.154362042665265653e-01,1.514346607722687199e-01,2.684184873448651476e-02,-1.000000000000000000e+00,7.039521508893774593e-01,-1.442825638212386075e-01,3.627310111386505831e-01,-5.382752601020186489e-01,3.544895902804419130e-01,1.979984187448725619e-01,4.426357957579649116e-01,-2.773106627190440876e-01,3.589289552495483759e-01,-5.245576594582539443e-01,8.597550028219194118e-01,6.912337290236459930e-01,-2.547279327301227303e-01,-1.000000000000000000e+00,3.769556514411260273e-01,-6.938998536519266347e-01,2.260222675017478644e-02,-1.000000000000000000e+00,1.543547095804117530e-01,-5.671455567712255785e-01,9.071388415182267684e-01,-7.517669257199569577e-01,-4.517244793248446910e-02,5.378801591749823308e-01,-1.000000000000000000e+00,-1.000000000000000000e+00,5.298182615853387345e-01,-1.591361083807265042e-01,-6.103599245920902083e-01,5.727538182416697099e-01,-8.877293598904807403e-01,2.074758533952889006e-01,3.234942112354768917e-01,2.274201696132022166e-02,1.706371304035154968e-01,-2.331084511931071634e-01,4.693349926030734309e-01,-2.918243097059894930e-01,-1.000000000000000000e+00,-1.742699051031645213e-02,-5.010565141494951469e-01,1.067395467792630614e-01,1.000000000000000000e+00
0.000000000000000000e+00,0.000000000000000000e+00,0.000000000000000000e+00,0.000000000000000000e+00,0.000000000000000000e+00,0.000000000000000000e+00,0.000000000000000000e+00,0.000000000000000000e+00,0.000000000000000000e+00,0.000000000000000000e+00,0.000000000000000000e+00,0.000000000000000000e+00,0.000000000000000000e+00,0.000000000000000000e+00,0.000000000000000000e+00,0.000000000000000000e+00,0.000000000000000000e+00,0.000000000000000000e+00,0.000000000000000000e+00,0.000000000000000000e+00,1.000000000000000000e+00,3.931189911529270886e-01,3.035918652693381237e-01,4.378383169374313044e-01,1.611704744053223115e-01,1.020201434069519103e-01,1.284158635616187809e-02,8.590601869964113735e-02,3.544527344440233652e-01,-2.170928661268580195e-01,9.037432071139614442e-02,-1.984550553920013116e-01,1.813479671187877840e-01,-4.860428823804266996e-01,3.240169147472231614e-01,1.734531375545612930e-01,8.111228737274860379e-01,2.004009313449200969e-01,2.817691435404195421e-01,2.271550530975804949e-01,-3.804242791813793323e-01,-1.351007369462732532e-01,-1.886979138264927025e-01,4.107194379288816588e-01,3.402742549867998623e-01,3.068315112383788734e-01,-3.537794576176811479e-01,-5.229019709044628872e-01,-3.034109939061572225e-01,-6.962115492501725900e-01,9.536366059037332255e-02,4.894989240853969692e-01,3.079167849211439933e-01,-8.712875810719860059e-01,-1.540685783164759404e-01,2.444767002797061661e-01,-3.742231898913082055e-01,3.590289327741513770e-01,4.258662900048069133e-01,2.780158261587699631e-01,4.074688333229471437e-01,3.317794728898799256e-02,1.008782044336722639e-01,9.449781094679783611e-02,-2.274168981677292534e-01,3.048190765615842457e-01,-1.768395197373181515e-01,-3.074063602384052851e-01,1.361317790306393605e-01,1.901797593857743607e-01,-4.092371245977000083e-02,-8.059437107386572263e-01,-3.728769699124418469e-01,-2.417955561579045454e-01,-4.547251216814786057e-01,1.700245965026842832e-01,-1.560898481253757998e-04,1.274025293221076605e-01,-3.314514861186515504e-02,-2.903537629145975796e-01,-5.035293838620924500e-01,1.345828143307215286e-01,-3.374730335093842348e-01,1.025808483994012088e-01,-1.554937182397591877e-01,-4.071528664055337754e-01,1.000000000000000000e+00,-3.785140922375195838e-01,1.689923130884160851e-01,-1.890456638267182521e-01,-3.422092331759304246e-02,3.333430432228286916e-02,-2.133925761813777466e-01,2.335556647062012325e-01,1.933601453855598173e-01,-3.567771007875340517e-01,-5.666252278203824932e-01,-2.491405091040291009e-01,1.811015890178389598e-01,1.249555557843840675e-01
0.000000000000000000e+00,0.000000000000000000e+00,0.000000000000000000e+00,0.000000000000000000e+00,0.000000000000000000e+00,0.000000000000000000e+00,0.000000000000000000e+00,0.000000000000000000e+00,0.000000000000000000e+00,0.000000000000000000e+00,0.000000000000000000e+00,0.000000000000000000e+00,0.000000000000000000e+00,0.000000000000000000e+00,0.000000000000000000e+00,0.000000000000000000e+00,0.000000000000000000e+00,0.000000000000000000e+00,0.000000000000000000e+00,0.000000000000000000e+00,0.000000000000000000e+00,1.000000000000000000e+00,5.118591672824865935e-01,4.999788862289854530e-01,5.883706214566652992e-01,4.720646720988140865e-01,-5.868356016041589296e-01,2.812046325679986025e-01,5.644059878661910057e-01,-6.345858881205506119e-01,5.761963707421473568e-01,3.964266315709119581e-01,-4.102814590149122531e-01,-1.937798216741459245e-01,7.339325483045828769e-01,4.947486915025354759e-01,1.000000000000000000e+00,5.180956952897228796e-01,5.411603756603025062e-01,1.435341319133902060e-01,-5.924276497911705741e-01,-2.717941955800810550e-01,-4.613432098475114818e-01,7.401434374770567981e-01,2.198656552305401912e-01,-1.199628156330968531e-01,-1.837600014951986938e-01,-7.781076997612618174e-01,-3.486839541903782314e-01,-3.885109205107637464e-01,-4.690679603544491150e-02,5.884357082050778454e-01,-3.068351303803278918e-01,-9.201497211099322060e-01,-3.853424700721168050e-01,-5.942422999456895560e-01,-7.296311147589201740e-01,7.050780383850329125e-01,3.256219585135052275e-01,4.393613561179666727e-01,6.873049999691435152e-01,-3.787278013436445184e-02,2.456513626170838405e-01,3.311845625013446481e-01,-5.030585608361722860e-01,5.297451488883474502e-01,-5.145870745132179458e-01,-2.073926303276185656e-01,4.270172061863654611e-01,1.878952814075759425e-01,-5.525844923833901357e-01,-9.123827892992214528e-01,-6.791991304651958661e-01,-5.418008879588904758e-01,-7.003343065738609763e-01,-5.112295967845463807e-01,-4.104168605886022170e-01,5.819312571646572119e-01,-2.458543128621886453e-01,-2.772269456398953127e-02,-8.015541946211530294e-03,-7.485960845111658823e-01,-9.686520516653219781e-01,3.269194969226678071e-01,-3.141898683821330862e-01,-4.817582133258054289e-01,5.344819439896276725e-01,-3.910866689661534057e-01,3.516897694715621636e-01,-1.048088437690707364e-01,1.633997120504672440e-01,1.634854803255345879e-01,-2.618691794144779039e-01,3.424859190944515852e-01,4.113811194182213637e-01,-1.000000000000000000e+00,-6.683752910293362381e-01,-4.479340257756717070e-01,5.161021043607778580e-01,7.226506251116276980e-01
0.000000000000000000e+00,0.000000000000000000e+00,0.000000000000000000e+00,0.000000000000000000e+00,0.000000000000000000e+00,0.000000000000000000e+00,0.000000000000000000e+00,0.000000000000000000e+00,0.000000000000000000e+00,0.000000000000000000e+00,0.000000000000000000e+00,0.000000000000000000e+00,0.000000000000000000e+00,0.000000000000000000e+00,0.000000000000000000e+00,0.000000000000000000e+00,0.000000000000000000e+00,0.000000000000000000e+00,0.000000000000000000e+00,0.000000000000000000e+00,0.000000000000000000e+00,0.000000000000000000e+00,1.000000000000000000e+00,9.634184777380968567e-01,8.859798427196189374e-01,5.150735024118979766e-01,-9.666450273995857989e-01,4.540960463112125867e-01,1.000000000000000000e+00,-8.327444359007843966e-01,1.000000000000000000e+00,-4.747969779204531671e-01,-8.535934502502697807e-01,-5.652554218570212674e-01,1.000000000000000000e+00,8.021617156408553662e-01,1.000000000000000000e+00,9.460001244718863056e-01,9.027949291695542833e-01,-6.316254671368365381e-01,-2.288996920590955220e-01,-6.356988577812792141e-01,-7.187658805083589897e-01,1.000000000000000000e+00,1.000000000000000000e+00,-5.036159959675355902e-01,-4.120570244405258875e-01,-1.000000000000000000e+00,-7.253651480298960452e-01,-1.000000000000000000e+00,2.216849119393230760e-01,1.000000000000000000e+00,-4.324961301064045860e-01,-1.000000000000000000e+00,-5.703763357384390442e-01,-6.070743315280873187e-01,-1.000000000000000000e+00,1.000000000000000000e+00,6.093536269780058801e-02,8.547814603444917614e-01,1.000000000000000000e+00,6.291255725315144653e-01,5.127954384992950976e-01,5.639551759447248847e-01,-8.010438487307567357e-01,9.191795757740829353e-01,-1.000000000000000000e+00,-2.886913550023743058e-01,7.575560285157727503e-01,3.577283034914686688e-01,-8.106241812134741265e-01,-1.000000000000000000e+00,-1.000000000000000000e+00,-6.494210561083897382e-01,-9.638627357034424969e-01,-3.470142058671933372e-01,-6.585983049831586333e-01,7.737519283472330534e-01,3.088281260140973358e-02,-4.028133703405101240e-01,-2.634688657593459715e-01,-8.849183670885332198e-01,-1.000000000000000000e+00,6.373958757842879130e-01,-6.634019471808351165e-01,-1.000000000000000000e+00,9.916404426155116525e-01,-5.313085755790575293e-01,5.878733278527122907e-01,-2.643979403857917299e-01,-5.592990906696174713e-01,4.401847496897485223e-01,-5.648400721754327503e-01,7.255737875905599044e-01,9.493139166202734236e-01,-1.000000000000000000e+00,-8.733903503262749890e-01,-7.183771773673501837e-01,6.430929900508773889e-01,6.956543823691886397e-01
0.000000000000000000e+00,0.000000000000000000e+00,0.000000000000000000e+00,0.000000000000000000e+00,0.000000000000000000e+00,0.000000000000000000e+00,0.000000000000000000e+00,0.000000000000000000e+00,0.000000000000000000e+00,0.000000000000000000e+00,0.000000000000000000e+00,0.000000000000000000e+00,0.000000000000000000e+00,0.000000000000000000e+00,0.000000000000000000e+00,0.000000000000000000e+00,0.000000000000000000e+00,0.000000000000000000e+00,0.000000000000000000e+00,0.000000000000000000e+00,0.000000000000000000e+00,0.000000000000000000e+00,0.000000000000000000e+00,1.000000000000000000e+00,7.356674498447615118e-01,3.637171633088303047e-01,-4.861401019664463585e-01,3.706398252270303173e-01,9.140582295402015500e-01,-8.528301830016207230e-01,9.487266850525915007e-01,-9.823783219115649057e-02,-8.774459646891130671e-02,-8.372181974522749925e-01,1.000000000000000000e+00,5.605336049482276817e-01,1.000000000000000000e+00,5.230604075796002617e-01,7.834827845808434166e-01,-3.372882499314623361e-01,-4.701596096011201875e-01,-7.477254584671618742e-01,-6.300083490324278612e-01,1.000000000000000000e+00,9.671149851366070971e-01,1.315686474308701628e-02,-6.127528069306587000e-01,-1.000000000000000000e+00,-7.332087761975237816e-01,-1.000000000000000000e+00,2.192377181651424256e-01,1.000000000000000000e+00,-2.047192114317456305e-02,-1.000000000000000000e+00,-2.397849927955253702e-01,-1.815627222727195789e-01,-1.000000000000000000e+00,1.000000000000000000e+00,2.060790892670082142e-01,7.314440114082464417e-01,8.276037549665273829e-01,5.022151414991586904e-01,4.912860379288400692e-01,4.502818447492021314e-01,-7.135224438872597164e-01,8.095243537990219895e-01,-8.457133293162399923e-01,-2.516772215274177826e-01,7.774202868483367501e-01,3.346827924587015834e-01,-5.311319878813169915e-01,-1.000000000000000000e+00,-9.893620637589726208e-01,-6.360552687885661083e-01,-1.000000000000000000e+00,2.287783878671435789e-01,-4.836475342275651790e-01,6.338283657205214805e-01,-4.960523302352874420e-01,-6.233400329321909794e-01,-5.910005840416663325e-01,-9.049744713768602677e-01,-1.000000000000000000e+00,5.324578495284193469e-01,-5.503431579121657036e-01,-1.000000000000000000e+00,1.000000000000000000e+00,-9.365072867947030755e-01,4.390481054553327378e-01,-4.299793559431370205e-01,-3.316158628790435436e-01,3.668712371420418394e-01,-5.774945574351586508e-01,7.575072776591310619e-01,6.611222526875352168e-01,-1.000000000000000000e+00,-1.000000000000000000e+00,-6.858593517761438774e-01,4.542259406143626110e-01,8.361668999717611905e-01
0.000000000000000000e+00,0.000000000000000000e+00,0.000000000000000000e+00,0.000000000000000000e+00,0.000000000000000000e+00,0.000000000000000000e+00,0.000000000000000000e+00,0.000000000000000000e+00,0.000000000000000000e+00,0.000000000000000000e+00,0.000000000000000000e+00,0.000000000000000000e+00,0.000000000000000000e+00,0.000000000000000000e+00,0.000000000000000000e+00,0.000000000000000000e+00,0.000000000000000000e+00,0.000000000000000000e+00,0.000000000000000000e+00,0.000000000000000000e+00,0.000000000000000000e+00,0.000000000000000000e+00,0.000000000000000000e+00,0.000000000000000000e+00,1.000000000000000000e+00,3.507436344540757478e-01,-5.860624385401953518e-01,4.128852030642068405e-01,7.990421572330783651e-01,-7.199612467019077533e-01,7.487850764504717649e-01,1.000000000000000000e+00,-1.223133548979648405e-01,-3.881675244641997202e-01,7.851777225834002394e-01,5.620888320597491328e-01,1.000000000000000000e+00,6.991015980619169623e-01,6.374321765138852847e-01,-1.929830795816307454e-01,-4.684374442885593237e-01,-1.000000000000000000e+00,-6.596824670826174630e-01,1.000000000000000000e+00,2.255816859932353313e-01,-1.593117465111514308e-01,-4.771671437649923631e-01,-8.844277085597168631e-01,-7.148202312819702531e-01,-4.387380986599559440e-01,4.396810056737319727e-01,8.079198555447940633e-01,-3.460803660329437315e-01,-5.439063516943840604e-01,-3.580082445756929133e-01,-1.000000000000000000e+00,-7.737767849706977952e-01,8.883010765756796934e-01,-1.094996622212206644e-01,6.232862121962478019e-01,1.000000000000000000e+00,2.253930281810213598e-01,6.162002669971402558e-01,4.818845622325187983e-01,-8.370725388085015206e-01,7.684324057957221399e-01,-9.183526309904795903e-01,-4.204633332244459010e-01,8.941874101318131318e-01,3.886669560022337211e-01,-5.748529311475549797e-01,-1.000000000000000000e+00,-8.380088988707637965e-01,-1.000000000000000000e+00,-8.382584827058516819e-01,-4.802505005722454978e-01,-7.601852727440860935e-01,6.540016362625765689e-01,-7.260507031672306377e-01,-2.834674187542732815e-01,-1.115149198270288800e-01,-1.000000000000000000e+00,-1.000000000000000000e+00,5.212587668324594192e-01,-6.022952302809828629e-01,-8.543474262331681723e-01,8.626111132411529159e-02,-7.564152506929505693e-01,4.241850149292422101e-01,-5.446836959850697157e-01,-2.188015727090758533e-01,4.498613745885572390e-01,-5.032436523080977553e-01,7.098744106515157970e-01,1.000000000000000000e+00,-1.000000000000000000e+00,-1.000000000000000000e+00,-5.942993716750085698e-01,7.065848423523545252e-01,8.599061160817104144e-01
0.000000000000000000e+00,0.000000000000000000e+00,0.000000000000000000e+00,0.000000000000000000e+00,0.000000000000000000e+00,0.000000000000000000e+00,0.000000000000000000e+00,0.000000000000000000e+00,0.000000000000000000e+00,0.000000000000000000e+00,0.000000000000000000e+00,0.000000000000000000e+00,0.000000000000000000e+00,0.000000000000000000e+00,0.000000000000000000e+00,0.000000000000000000e+00,0.000000000000000000e+00,0.000000000000000000e+00,0.000000000000000000e+00,0.000000000000000000e+00,0.000000000000000000e+00,0.000000000000000000e+00,0.000000000000000000e+00,0.000000000000000000e+00,0.000000000000000000e+00,1.000000000000000000e+00,-1.000000000000000000e+00,2.088075016459244593e-01,3.242545026603598224e-01,-5.249370715118034658e-01,1.389033522877662803e-02,2.292545501984982748e-01,-9.506651892497054446e-01,5.440479672329622263e-01,6.019438274614885565e-01,6.137132636801848617e-01,1.000000000000000000e+00,3.186994665639712454e-01,5.405012232396189109e-01,6.751743100292643129e-01,-1.000000000000000000e+00,5.371542764064457520e-01,-2.752231885199694084e-01,4.105595210997556865e-01,-1.254851803684020328e-01,-3.703631239930578190e-01,3.072711085477119464e-01,-4.590050907955247061e-01,1.018816889226205197e-01,-9.036192921374265608e-02,-6.651291690686869096e-01,4.523269924009503118e-01,-3.651761332706330854e-01,-1.000000000000000000e+00,-7.127427193495284863e-01,-6.318866756522112382e-01,-4.078416830070120125e-01,7.352719064809087879e-01,1.000000000000000000e+00,2.769257438892819834e-01,5.546966648443286685e-01,-1.000000000000000000e+00,-1.775541716005170634e-01,2.478641706989597460e-01,-1.941955242291484862e-01,3.553807939796422843e-01,-1.917250960798378145e-01,-1.653463273372396056e-02,-1.107761552321293169e-01,-8.887641866622368603e-02,-9.117370516613688691e-01,-7.714829715519383457e-01,-5.822008067482415949e-01,-1.384970455532605615e-01,-3.957125475373674539e-01,-1.000000000000000000e+00,-6.617821299505538546e-02,6.649838063797541832e-01,3.583306226092387026e-01,6.757609209251935756e-01,4.683103359627552309e-01,-4.697085778741671436e-01,-1.000000000000000000e+00,1.395032326205961071e-01,6.018943857704563832e-02,1.299646997509782409e-01,7.989447248442492766e-01,7.659755080216727741e-02,3.501142623972861023e-01,5.545907102690161850e-01,1.000000000000000000e+00,-2.660797444622023389e-01,7.300683891142083215e-02,-3.186002908340592743e-01,-3.631111686496332203e-01,-9.880582987280757123e-01,-6.020285132995821520e-02,-3.591632642914671103e-01,4.555750737216735513e-01,9.916540117087818684e-01
0.000000000000000000e+00,0.000000000000000000e+00,0.000000000000000000e+00,0.000000000000000000e+00,0.000000000000000000e+00,0.000000000000000000e+00,0.000000000000000000e+00,0.000000000000000000e+00,0.000000000000000000e+00,0.000000000000000000e+00,0.000000000000000000e+00,0.000000000000000000e+00,0.000000000000000000e+00,0.000000000000000000e+00,0.000000000000000000e+00,0.000000000000000000e+00,0.000000000000000000e+00,0.000000000000000000e+00,0.000000000000000000e+00,0.000000000000000000e+00,0.000000000000000000e+00,0.000000000000000000e+00,0.000000000000000000e+00,0.000000000000000000e+00,0.000000000000000000e+00,0.000000000000000000e+00,1.000000000000000000e+00,-1.441118922410912218e-01,-1.848283131642567412e-01,2.563374930190773782e-01,4.586800110622119703e-02,4.777084702691517526e-01,8.588363456093142112e-01,-3.631423131443510255e-01,-5.157891935932815697e-01,-4.243484593558963236e-01,-6.373948646079797831e-01,-3.815444372164057407e-01,-3.221075498957142735e-01,1.853735233318813402e-01,2.446911255744780855e-01,-1.028084291903005459e-01,1.704049801318790192e-01,-3.418968674238745953e-01,-1.328500508195130936e-01,6.396787495515969812e-01,-1.424733383066262848e-01,3.347872109118689710e-01,4.581969001630797900e-02,2.441925041563419163e-01,2.292438526221344253e-01,-6.087567475076682832e-01,2.236330854033239668e-01,4.728511036868163764e-01,5.473064859745750965e-01,5.220665311709362655e-01,4.545266917282572150e-01,-4.823305171319625662e-01,-2.268612466143524742e-01,-2.646644272756746297e-01,-5.593943076217204879e-01,5.201419469911454652e-01,1.883551757934808413e-04,-2.027430125747874678e-01,5.795000332856337089e-02,-2.629380413167435870e-01,3.166425130547684264e-01,1.460387170512498188e-02,-1.203896428564327215e-01,-1.687754489083239480e-04,5.150732134506285087e-01,4.536628298744303511e-01,3.207529027963192947e-01,5.240678766460910021e-02,5.349317961285190298e-02,6.717818997504609868e-01,1.530329875284193730e-01,-3.296948801943958562e-01,-3.982909568856730087e-01,-2.792743558595360276e-01,-1.785775868613534989e-01,8.785369926719246991e-02,3.771576651639564348e-01,-1.469774751665033630e-01,4.410077534263442955e-02,2.674165190743549303e-01,-1.653064507051667520e-01,-3.066209337936646739e-01,-2.346575889786352287e-01,-3.044724893332467763e-01,-1.155211993750865640e-01,4.039216451679166625e-02,2.476227081574034622e-02,1.191845364857469919e-01,-4.320416999102991151e-02,5.996181342838015071e-01,-3.386948038418137741e-01,2.089620610360728992e-01,-1.316384284247103242e-01,-3.114398036968289984e-01
0.000000000000000000e+00,0.000000000000000000e+00,0.000000000000000000e+00,0.000000000000000000e+00,0.000000000000000000e+00,0.000000000000000000e+00,0.000000000000000000e+00,0.000000000000000000e+00,0.000000000000000000e+00,0.000000000000000000e+00,0.000000000000000000e+00,0.000000000000000000e+00,0.000000000000000000e+00,0.000000000000000000e+00,0.000000000000000000e+00,0.000000000000000000e+00,0.000000000000000000e+00,0.000000000000000000e+00,0.000000000000000000e+00,0.000000000000000000e+00,0.000000000000000000e+00,0.000000000000000000e+00,0.000000000000000000e+00,0.000000000000000000e+00,0.000000000000000000e+00,0.000000000000000000e+00,0.000000000000000000e+00,1.000000000000000000e+00,1.000000000000000000e+00,-1.000000000000000000e+00,1.000000000000000000e+00,1.000000000000000000e+00,-1.000000000000000000e+00,-8.085841200739106727e-01,1.000000000000000000e+00,1.000000000000000000e+00,1.000000000000000000e+00,1.000000000000000000e+00,1.000000000000000000e+00,-8.003030755478063307e-01,-1.000000000000000000e+00,-1.000000000000000000e+00,-1.000000000000000000e+00,1.000000000000000000e+00,1.000000000000000000e+00,-7.919407977146012412e-01,-8.309734097444457790e-01,-1.000000000000000000e+00,-1.000000000000000000e+00,-1.000000000000000000e+00,5.605869561076768370e-01,1.000000000000000000e+00,-1.000000000000000000e+00,-1.000000000000000000e+00,-9.071370382080032879e-01,-1.000000000000000000e+00,-1.000000000000000000e+00,1.000000000000000000e+00,-8.749980252853462037e-02,1.000000000000000000e+00,1.000000000000000000e+00,6.709591183119280045e-01,1.000000000000000000e+00,1.000000000000000000e+00,-1.000000000000000000e+00,1.000000000000000000e+00,-1.000000000000000000e+00,-5.790828459815070550e-01,1.000000000000000000e+00,7.150139222649676274e-01,-1.000000000000000000e+00,-1.000000000000000000e+00,-1.000000000000000000e+00,-1.000000000000000000e+00,-1.000000000000000000e+00,-1.000000000000000000e+00,-1.000000000000000000e+00,1.000000000000000000e+00,-1.000000000000000000e+00,-5.788430743743341322e-01,-6.642281211139773600e-02,-1.000000000000000000e+00,-1.000000000000000000e+00,1.000000000000000000e+00,-1.000000000000000000e+00,-1.000000000000000000e+00,8.648144176003926820e-01,-1.000000000000000000e+00,1.000000000000000000e+00,-8.252660581013229191e-01,-4.388751201245014166e-01,9.684005241309672218e-01,-1.000000000000000000e+00,1.000000000000000000e+00,1.000000000000000000e+00,-1.000000000000000000e+00,-1.000000000000000000e+00,-1.000000000000000000e+00,1.000000000000000000e+00,1.000000000000000000e+00
0.000000000000000000e+00,0.000000000000000000e+00,0.000000000000000000e+00,0.000000000000000000e+00,0.000000000000000000e+00,0.000000000000000000e+00,0.000000000000000000e+00,0.000000000000000000e+00,0.000000000000000000e+00,0.000000000000000000e+00,0.000000000000000000e+00,0.000000000000000000e+00,0.000000000000000000e+00,0.000000000000000000e+00,0.000000000000000000e+00,0.000000000000000000e+00,0.000000000000000000e+00,0.000000000000000000e+00,0.000000000000000000e+00,0.000000000000000000e+00,0.000000000000000000e+00,0.000000000000000000e+00,0.000000000000000000e+00,0.000000000000000000e+00,0.000000000000000000e+00,0.000000000000000000e+00,0.000000000000000000e+00,0.000000000000000000e+00,1.000000000000000000e+00,-6.714752655047869778e-01,9.288264659465346185e-01,5.602017049197408616e-01,-2.761944130291346111e-01,-6.401908006469489987e-01,1.000000000000000000e+00,6.101767689213611900e-01,1.000000000000000000e+00,8.826651363210047396e-01,7.582679609530132980e-01,-1.479213806404020837e-01,-4.114693522209414978e-01,-7.153498367476478492e-01,-6.748381996157897245e-01,1.000000000000000000e+00,5.765863025980456635e-01,-2.399778145372069918e-02,-5.929568885114292476e-01,-1.000000000000000000e+00,-8.137111423028996482e-01,-1.000000000000000000e+00,4.757352634592730833e-01,1.000000000000000000e+00,-2.317712631342166429e-01,-1.000000000000000000e+00,-3.947232497126913486e-01,-8.795360922364766632e-01,-1.000000000000000000e+00,1.000000000000000000e+00,9.446316672944340964e-02,7.350910865411958151e-01,1.000000000000000000e+00,5.198114248143099747e-01,5.801307393655352751e-01,4.762162013278484762e-01,-9.050281152509221938e-01,8.629801868260018605e-01,-9.709279611021258694e-01,-5.411932341147296377e-01,7.400798566216723051e-01,4.610086703508038397e-01,-5.012928445588632487e-01,-1.000000000000000000e+00,-9.971669532243224721e-01,-9.271564991736090944e-01,-8.954967554073860470e-01,-3.086946597416551641e-01,-6.393403214367240350e-01,6.298837243199826297e-01,-3.762889825160136148e-01,-4.757683523990265950e-01,-3.773048072712944512e-01,-7.506134985593242437e-01,-1.000000000000000000e+00,5.429594776936542688e-01,-6.823525433617286806e-01,-1.000000000000000000e+00,7.825239272327835227e-01,-7.051460499308336294e-01,5.046406471470136212e-01,-5.833771673608424413e-01,-2.838771323720656325e-01,4.709847748886235586e-01,-5.654089319605005715e-01,7.447692836728678767e-01,1.000000000000000000e+00,-1.000000000000000000e+00,-1.000000000000000000e+00,-6.546543677781225812e-01,7.357971587120867296e-01,6.567075019920158852e-01
0.000000000000000000e+00,0.000000000000000000e+00,0.000000000000000000e+00,0.000000000000000000e+00,0.000000000000000000e+00,0.000000000000000000e+00,0.000000000000000000e+00,0.000000000000000000e+00,0.000000000000000000e+00,0.000000000000000000e+00,0.000000000000000000e+00,0.000000000000000000e+00,0.000000000000000000e+00,0.000000000000000000e+00,0.000000000000000000e+00,0.000000000000000000e+00,0.000000000000000000e+00,0.000000000000000000e+00,0.000000000000000000e+00,0.000000000000000000e+00,0.000000000000000000e+00,0.000000000000000000e+00,0.000000000000000000e+00,0.000000000000000000e+00,0.000000000000000000e+00,0.000000000000000000e+00,0.000000000000000000e+00,0.000000000000000000e+00,0.000000000000000000e+00,1.000000000000000000e+00,-9.279314687463060540e-01,-6.078179669889255399e-01,5.624286597440187468e-02,4.167974992677165313e-01,-6.156103480617884927e-01,-3.919692888068267989e-01,-1.000000000000000000e+00,-2.358147356054219809e-02,-5.116616061110227376e-01,1.737785774835849395e-01,5.357655281619114751e-01,5.983107691201957623e-01,4.626657471751348671e-01,-4.608495210667930553e-01,-4.896433527219919424e-01,4.479300910406584096e-02,2.128979142384880840e-01,7.998189291650428245e-01,2.370069532276719571e-01,-9.259056748653533148e-03,2.234606614900286614e-01,-2.725555559198920563e-01,3.068219677255151767e-01,5.085125093178702871e-01,-6.163569189162017292e-02,8.666788195292220165e-02,1.000000000000000000e+00,-6.229508065617058721e-01,-1.443991459504842534e-01,-3.732703739925147812e-01,9.720357259142425616e-04,-9.797471428252263470e-02,-2.765827275922655981e-01,-3.381521586570950255e-01,3.881675620137403082e-01,-4.228645307297912992e-01,4.022879244008164545e-01,-1.962210991612501620e-01,-6.696408487121050523e-01,-3.858011009659072926e-02,6.136803857801663709e-01,1.159092405906696349e-01,6.383859307251831261e-01,3.825324995604177936e-01,1.000000000000000000e+00,-1.121429673378437908e-01,4.620893000753778512e-01,-6.483376711358171951e-01,8.573965186680062578e-01,2.608262266403293395e-01,1.924946161725875696e-02,1.000000000000000000e+00,1.000000000000000000e+00,-3.787973334160534278e-01,2.292231430448554430e-01,6.754326405577848469e-01,-7.844628718255678423e-01,8.533449237107051388e-01,-2.181467267037575652e-01,1.062641937354910082e-01,-2.215990935665206607e-01,-1.852306259442705050e-01,3.018714152721878596e-01,-4.981391771829037918e-01,-6.270829961434129518e-02,1.000000000000000000e+00,6.004583007023956975e-01,4.857172541091989704e-01,-2.293159645409551251e-01,-1.000000000000000000e+00
0.000000000000000000e+00,0.000000000000000000e+00,0.000000000000000000e+00,0.000000000000000000e+00,0.000000000000000000e+00,0.000000000000000000e+00,0.000000000000000000e+00,0.000000000000000000e+00,0.000000000000000000e+00,0.000000000000000000e+00,0.000000000000000000e+00,0.000000000000000000e+00,0.000000000000000000e+00,0.000000000000000000e+00,0.000000000000000000e+00,0.000000000000000000e+00,0.000000000000000000e+00,0.000000000000000000e+00,0.000000000000000000e+00,0.000000000000000000e+00,0.000000000000000000e+00,0.000000000000000000e+00,0.000000000000000000e+00,0.000000000000000000e+00,0.000000000000000000e+00,0.000000000000000000e+00,0.000000000000000000e+00,0.000000000000000000e+00,0.000000000000000000e+00,0.000000000000000000e+00,1.000000000000000000e+00,5.884819247993176156e-02,-7.734425783190632120e-02,-3.585372302441388048e-01,4.748273172736918735e-01,1.115793235543015016e-01,1.000000000000000000e+00,5.808357173786072442e-02,2.025142637858088068e-01,-5.909876713313851893e-01,2.509523531768582116e-01,-3.314117291236615137e-01,-2.273035499722517172e-01,2.722743627878755901e-01,5.084743926857123730e-01,-9.467878154815191627e-02,-6.126217271479510867e-02,-4.339227903346911663e-01,-1.306224039811378079e-01,-1.638084370542302881e-01,3.383963044378907742e-02,2.759619374170629302e-01,-4.604324386437361194e-01,-1.526651252276707005e-01,2.786496257205957061e-01,1.389353723960509712e-01,-7.929377182193111384e-01,1.971156565712003095e-01,-3.840560021677658087e-01,1.590413167867481825e-01,-2.349137603640348293e-01,8.739234867402304596e-01,2.117966910311820661e-01,1.702186641112735099e-01,-2.637024727024283588e-01,1.668190433548979168e-01,-3.113088962172479990e-01,2.624829455505904297e-01,3.146181903665692947e-01,3.762795140613315464e-03,-2.503087620616303299e-01,4.487977982204701885e-03,-2.897588267333891521e-01,-7.869366394302862444e-02,-4.500158076640506377e-01,3.464632144644406164e-01,-3.213899398250915640e-01,2.750792685522017722e-01,-3.807584302753622141e-01,-3.074069034559013813e-01,9.654923120634542610e-02,-9.591619590508151383e-01,-2.710429986021921089e-01,2.710238702314864412e-01,-2.418172677636958867e-01,-3.800182344056424188e-01,-1.734015089576729576e-02,-4.742884788060232060e-01,6.651139347437948213e-02,-1.562305001170178065e-01,-3.132538907148577079e-01,2.675091251770890799e-01,-1.938180970743296483e-01,4.182133357379332894e-01,1.845446835575366706e-01,-6.796430690842225619e-02,-3.623211641412324990e-01,-1.713980566199103661e-01,1.079651211304600428e-01,3.606720801574806456e-01
0.000000000000000000e+00,0.000000000000000000e+00,0.000000000000000000e+00,0.000000000000000000e+00,0.000000000000000000e+00,0.000000000000000000e+00,0.000000000000000000e+00,0.000000000000000000e+00,0.000000000000000000e+00,0.000000000000000000e+00,0.000000000000000000e+00,0.000000000000000000e+00,0.000000000000000000e+00,0.000000000000000000e+00,0.000000000000000000e+00,0.000000000000000000e+00,0.000000000000000000e+00,0.000000000000000000e+00,0.000000000000000000e+00,0.000000000000000000e+00,0.000000000000000000e+00,0.000000000000000000e+00,0.000000000000000000e+00,0.000000000000000000e+00,0.000000000000000000e+00,0.000000000000000000e+00,0.000000000000000000e+00,0.000000000000000000e+00,0.000000000000000000e+00,0.000000000000000000e+00,0.000000000000000000e+00,1.000000000000000000e+00,2.849020154701683016e-01,-6.124997952877367369e-02,-1.982402407341538886e-01,-2.039052713444819420e-02,9.813812702295743318e-02,-9.169802166733830853e-04,5.233356147528582004e-03,3.730493380926765967e-01,-2.596153215141110970e-01,-1.676643146276121654e-01,-7.338687392433262957e-02,5.085829590074256862e-02,-2.877545409041173397e-01,2.802519946132220330e-01,-1.302553468189998342e-01,-2.674969591406407485e-02,-8.077976807270741133e-02,2.532790322191866283e-01,1.169029927622529524e-01,-3.924404222890990890e-01,3.484218793836058037e-02,2.010614440931832447e-01,8.732787016155546533e-02,-3.154218252099187936e-01,1.252595022936032754e-01,1.651462521417636220e-02,7.614369792930972269e-02,-9.979064752521313655e-03,1.001788495954269026e-01,-1.616134894390326149e-01,9.768939150561849194e-02,1.749240650386607587e-02,-1.572319178826148967e-01,4.554031016835628776e-02,1.430756841986129645e-02,-1.642849797795020161e-01,1.247932471464487381e-01,8.079125429901809485e-02,4.853058945480524106e-02,-1.872495983038096473e-02,-4.284106529219205289e-02,-2.946536729556443746e-01,-1.428546117626820211e-01,-1.101825575174248811e-01,-1.081790148157411730e-01,5.636441746792634350e-02,-4.152325539182487035e-01,-3.002322994215834984e-02,5.488538181823380407e-03,-1.945411126896805232e-01,-3.162679428290331440e-01,7.460107132108439315e-03,-5.345525778647021442e-02,1.850735482327510451e-02,-1.758853901082182425e-01,-2.168591147643382511e-01,3.880211256691423489e-03,-2.144743281063712648e-01,3.085912700127674269e-01,5.160610597579401437e-02,-3.993031609683658084e-02,8.498069428036936213e-02,1.518546398624683047e-01,-5.044344190487191071e-01,-4.360765100028810015e-01,-5.767969081461318120e-02,1.484603514622373777e-01,2.324893436467183327e-01
0.000000000000000000e+00,0.000000000000000000e+00,0.000000000000000000e+00,0.000000000000000000e+00,0.000000000000000000e+00,0.000000000000000000e+00,0.000000000000000000e+00,0.000000000000000000e+00,0.000000000000000000e+00,0.000000000000000000e+00,0.000000000000000000e+00,0.000000000000000000e+00,0.000000000000000000e+00,0.000000000000000000e+00,0.000000000000000000e+00,0.000000000000000000e+00,0.000000000000000000e+00,0.000000000000000000e+00,0.000000000000000000e+00,0.000000000000000000e+00,0.000000000000000000e+00,0.000000000000000000e+00,0.000000000000000000e+00,0.000000000000000000e+00,0.000000000000000000e+00,0.000000000000000000e+00,0.000000000000000000e+00,0.000000000000000000e+00,0.000000000000000000e+00,0.000000000000000000e+00,0.000000000000000000e+00,0.000000000000000000e+00,1.000000000000000000e+00,-4.094991875011179672e-01,-5.004191683201022478e-01,-2.919009490770933524e-01,-6.445123798952661076e-01,-3.640114317207047701e-01,-1.820764497810049010e-01,2.002412466814497971e-01,-4.919310601025896762e-02,-4.078892417196117726e-01,5.254179183591671520e-02,-1.423397417201485438e-01,-1.294595454204288121e-01,6.139884245199408452e-01,-2.995450503928065999e-01,2.429458223072745726e-01,-1.006740008295199662e-01,2.728354738196543949e-01,2.433467233588814949e-01,-5.147506483777585240e-01,3.640219369186815657e-01,5.350995372593023713e-01,4.329349423228369687e-01,2.056115326499950158e-01,2.717753231342640019e-01,-2.709360822476332697e-01,-9.807694900960757523e-02,-1.249736628636161917e-01,-3.356513649614831785e-01,1.674084318199094701e-01,1.066279575878726488e-01,-1.068202349522740235e-01,-1.503125849551891630e-02,-9.980660780718186853e-02,1.939156557065373210e-01,-7.973385891377886281e-02,1.410966105178232954e-01,6.517760956072284062e-02,3.835832591011222314e-01,3.487458784532025957e-01,1.698081317342671481e-01,-1.786371015385320171e-01,-1.585836849915500391e-01,6.312843245906434309e-01,4.066305653284012223e-02,-1.978840572567514555e-01,-7.156003246052780042e-01,-3.419434973902239494e-01,-3.417030173195896303e-01,-3.853250466117857931e-02,2.903512965425075060e-02,-7.507410064049696574e-02,1.023984460788628266e-02,3.082329483300881925e-02,1.521854243265276241e-01,-5.386491114031326521e-01,-1.704007884138191431e-01,-3.821166881009436245e-01,5.761877561057419592e-04,4.909666120826287200e-02,-7.986606379909165498e-02,2.054819961239379711e-01,6.885921665868681429e-02,-3.311922604333880638e-01,-4.175088694750785923e-01,5.397011465496191762e-02,-1.022253019325366080e-01,1.654688935294663932e-02
0.000000000000000000e+00,0.000000000000000000e+00,0.000000000000000000e+00,0.000000000000000000e+00,0.000000000000000000e+00,0.000000000000000000e+00,0.000000000000000000e+00,0.000000000000000000e+00,0.000000000000000000e+00,0.000000000000000000e+00,0.000000000000000000e+00,0.000000000000000000e+00,0.000000000000000000e+00,0.000000000000000000e+00,0.000000000000000000e+00,0.000000000000000000e+00,0.000000000000000000e+00,0.000000000000000000e+00,0.000000000000000000e+00,0.000000000000000000e+00,0.000000000000000000e+00,0.000000000000000000e+00,0.000000000000000000e+00,0.000000000000000000e+00,0.000000000000000000e+00,0.000000000000000000e+00,0.000000000000000000e+00,0.000000000000000000e+00,0.000000000000000000e+00,0.000000000000000000e+00,0.000000000000000000e+00,0.000000000000000000e+00,0.000000000000000000e+00,1.000000000000000000e+00,-1.977563637552956499e-01,6.829561892979496562e-02,-9.344361673157376424e-01,1.517964198532616681e-02,-1.489834313424443224e-01,3.601307839268635402e-01,-3.103608026691708210e-01,8.345543278600368042e-01,2.439999511104409269e-01,-3.663884563934017291e-01,-6.012919713750689565e-01,-5.150647066327173063e-01,6.208907405031449667e-01,5.681438498624811206e-01,4.762280411970293836e-01,5.109441506165423030e-01,-4.813391556789190506e-01,-2.342960891144568181e-01,-2.529088534412269884e-01,5.743656456220384149e-02,-4.499971123510147497e-01,-4.480219069300446222e-01,7.156937285968976159e-01,-1.488380068419850599e-01,3.429988246106542849e-01,-2.425829843698210364e-01,1.231565410090728133e-02,-1.000000000000000000e+00,-4.009689472668624410e-01,-1.071724196496512266e-01,3.510321693741509375e-01,-2.572827003608303409e-01,2.839180587296743496e-01,1.481158499925643579e-01,-5.626437274489493046e-01,-2.541992026483447797e-01,-2.416909491641877072e-01,2.853186047201923814e-01,2.806991063486944382e-01,3.683325207672067392e-01,6.552595650355768075e-01,-9.893051005208617354e-01,2.551946152296181158e-01,-2.521687056581847081e-02,7.984670562338943567e-01,8.514346383990336609e-01,6.700520519466561797e-01,4.638650106128102135e-01,2.086469086420038865e-01,-2.253185565349651864e-01,3.456913008767730777e-01,7.707576368667260480e-01,-6.561854395558008868e-01,8.782283099140890670e-01,-2.587661376327091492e-02,6.645159522888014481e-01,5.743886570351950382e-01,-3.635611132806005896e-01,4.056030053683580827e-01,-7.184650949445019474e-01,-5.341382716642533168e-01,4.507282325422559688e-01,9.034707494751195167e-01,2.334919463967214392e-01,-3.261826616548166996e-02,-1.071366438534341881e-01
0.000000000000000000e+00,0.000000000000000000e+00,0.000000000000000000e+00,0.000000000000000000e+00,0.000000000000000000e+00,0.000000000000000000e+00,0.000000000000000000e+00,0.000000000000000000e+00,0.000000000000000000e+00,0.000000000000000000e+00,0.000000000000000000e+00,0.000000000000000000e+00,0.000000000000000000e+00,0.000000000000000000e+00,0.000000000000000000e+00,0.000000000000000000e+00,0.000000000000000000e+00,0.000000000000000000e+00,0.000000000000000000e+00,0.000000000000000000e+00,0.000000000000000000e+00,0.000000000000000000e+00,0.000000000000000000e+00,0.000000000000000000e+00,0.000000000000000000e+00,0.000000000000000000e+00,0.000000000000000000e+00,0.000000000000000000e+00,0.000000000000000000e+00,0.000000000000000000e+00,0.000000000000000000e+00,0.000000000000000000e+00,0.000000000000000000e+00,0.000000000000000000e+00,1.000000000000000000e+00,4.446198936137849000e-01,1.000000000000000000e+00,4.995469791494043243e-01,4.846552224181444601e-01,-5.458580966788518785e-01,3.364248565450695533e-02,-1.445432549633929031e-01,-3.479986291167783685e-01,6.800386335848288555e-01,6.718634426965887085e-01,-5.080446453224725101e-01,-3.518125321760118274e-02,-7.372203585269121451e-01,-2.803967977509351228e-01,-7.970227390179207561e-01,-2.629272447544821895e-02,1.000000000000000000e+00,-4.232224434571335570e-01,-8.831853685487000005e-01,-3.344402114754312372e-01,-1.995617468617071066e-01,-1.000000000000000000e+00,6.353434597557345853e-01,-7.054065038812737387e-02,4.274093852294956197e-01,5.098819660504423368e-01,4.878903008159423127e-01,1.995979316808527693e-01,3.043506212004624123e-01,-3.570483159250925076e-01,4.386870892664601618e-01,-6.106381740048555384e-01,5.531838049676200686e-02,3.077611303696285439e-01,9.160908231568816451e-02,-5.321118693898913010e-01,-8.826439874550837672e-01,-5.769010503199967221e-01,-1.304513428058189650e-01,-4.092274034186191844e-01,-2.297524250335111484e-01,-3.233600321345783124e-01,4.462138996568641436e-01,2.480723196172971989e-01,-1.059292876119378585e-01,3.588956375121783726e-02,-5.848922096034689933e-01,-4.034180537479732931e-01,3.550440319971617242e-01,-3.201915635920847825e-01,-5.800531278964656812e-01,4.944043284512618652e-01,-9.964811416978168468e-02,3.125693230151092572e-01,4.572599350404276536e-02,-4.058773943634103043e-01,2.146300879955252705e-01,-2.400719370103234773e-01,3.077089045895001762e-01,3.332641967109888914e-01,-2.594778101535100689e-01,-1.720206592557028680e-01,-3.399095915785180222e-01,2.887394069905575011e-01,3.401337336249480314e-01
0.000000000000000000e+00,0.000000000000000000e+00,0.000000000000000000e+00,0.000000000000000000e+00,0.000000000000000000e+00,0.000000000000000000e+00,0.000000000000000000e+00,0.000000000000000000e+00,0.000000000000000000e+00,0.000000000000000000e+00,0.000000000000000000e+00,0.000000000000000000e+00,0.000000000000000000e+00,0.000000000000000000e+00,0.000000000000000000e+00,0.000000000000000000e+00,0.000000000000000000e+00,0.000000000000000000e+00,0.000000000000000000e+00,0.000000000000000000e+00,0.000000000000000000e+00,0.000000000000000000e+00,0.000000000000000000e+00,0.000000000000000000e+00,0.000000000000000000e+00,0.000000000000000000e+00,0.000000000000000000e+00,0.000000000000000000e+00,0.000000000000000000e+00,0.000000000000000000e+00,0.000000000000000000e+00,0.000000000000000000e+00,0.000000000000000000e+00,0.000000000000000000e+00,0.000000000000000000e+00,1.000000000000000000e+00,1.000000000000000000e+00,9.973769577913339512e-01,9.342226840619969330e-01,-6.430293784430819726e-02,-9.260955725524708804e-01,-1.362627184970265359e-01,-6.532449843458791872e-01,1.000000000000000000e+00,4.387669949361787114e-01,-7.928387183697128693e-01,-4.611599269726739114e-02,-1.000000000000000000e+00,-4.418077151891499077e-01,-8.978281037533689668e-01,-1.956022113953422847e-01,1.000000000000000000e+00,-5.440329631401480404e-01,-1.000000000000000000e+00,-1.000000000000000000e+00,-1.000000000000000000e+00,-1.000000000000000000e+00,1.000000000000000000e+00,6.376645273219400112e-01,7.783138645040527104e-01,1.000000000000000000e+00,-5.598551507400464367e-01,2.524376604400513924e-01,5.582022609327910168e-01,-6.351953626198496572e-01,8.667241639666755093e-01,-9.390081242756493918e-01,-3.230231440047471869e-01,4.666167598091151558e-01,2.244420978949894507e-01,-1.000000000000000000e+00,-1.000000000000000000e+00,-1.000000000000000000e+00,-6.127970963114905967e-01,-7.266883846360256971e-01,-1.000000000000000000e+00,-5.449272452669046141e-01,9.167320827317976262e-01,3.979538137530665431e-01,2.773116730579347489e-01,1.771722503411203020e-01,-6.395247287598396779e-01,-1.000000000000000000e+00,5.068288789149408835e-01,-4.133479461768838070e-01,-7.881976085081813244e-01,7.560970627309029357e-01,-7.758398323403152552e-02,6.476539522442169572e-01,2.004563910585382691e-01,1.878669568692341585e-01,1.270306845472214674e-01,-3.159558793621293771e-01,2.150770001282318877e-01,5.991454672878159249e-01,-1.000000000000000000e+00,-4.251000233785313109e-01,-6.891333774411944058e-01,7.506065522212167496e-01,9.638372025410169019e-01
0.000000000000000000e+00,0.000000000000000000e+00,0.000000000000000000e+00,0.000000000000000000e+00,0.000000000000000000e+00,0.000000000000000000e+00,0.000000000000000000e+00,0.000000000000000000e+00,0.000000000000000000e+00,0.000000000000000000e+00,0.000000000000000000e+00,0.000000000000000000e+00,0.000000000000000000e+00,0.000000000000000000e+00,0.000000000000000000e+00,0.000000000000000000e+00,0.000000000000000000e+00,0.000000000000000000e+00,0.000000000000000000e+00,0.000000000000000000e+00,0.000000000000000000e+00,0.000000000000000000e+00,0.000000000000000000e+00,0.000000000000000000e+00,0.000000000000000000e+00,0.000000000000000000e+00,0.000000000000000000e+00,0.000000000000000000e+00,0.000000000000000000e+00,0.000000000000000000e+00,0.000000000000000000e+00,0.000000000000000000e+00,0.000000000000000000e+00,0.000000000000000000e+00,0.000000000000000000e+00,0.000000000000000000e+00,1.000000000000000000e+00,1.378798246495826219e-01,1.413348199928341486e-01,-1.530017729758929579e-01,-2.001018334782245082e-04,-9.312413078778243591e-02,-1.099194762565427197e-01,1.916469112926483809e-01,2.001606930908990389e-01,-6.352208451685475987e-02,-5.995241748689899425e-02,-3.136323876499175767e-01,-9.161692840289120676e-02,-2.265025763095115663e-01,4.728501808718224564e-02,1.882089300750832694e-01,-1.106601336996927837e-01,-2.680486479295962066e-01,-1.018050148700937359e-02,-3.699103527021541798e-02,-3.297448614143892454e-01,1.917661957617017576e-01,-1.415151115353307544e-02,1.316213215731994735e-01,1.562830431466427916e-01,1.644860435226697670e-01,8.460404038669616655e-02,8.753425591896889235e-02,-1.346244920199566042e-01,1.329153629003831383e-01,-1.722811774898623527e-01,-3.076361156380676143e-02,9.993670594843274968e-02,4.960270774047087494e-02,-1.419484536928181939e-01,-2.643803916463661752e-01,-1.876393856700658558e-01,-6.965103029115662925e-02,-1.643347706630166327e-01,-7.882838223842079939e-03,-1.139522362145324874e-01,1.194411477289091805e-01,9.465551033987263524e-03,-1.054407665305558961e-01,-6.613383528800640884e-03,-1.913444244162386398e-01,-1.971059263649904136e-01,1.114635565326490552e-01,-1.136067676001442234e-01,-2.457635249921099607e-01,6.094524281617876710e-02,-1.113595185366591106e-01,8.367872161657058383e-02,-6.004749341077815494e-02,-5.529678715068341022e-02,9.081895529697017744e-02,-9.096500792000315749e-02,1.270218136716176893e-01,1.588825761813763837e-01,-1.570658327707816770e-01,-2.046407488669141073e-01,-1.146226960491476682e-01,8.917809131316997706e-02,1.229201867528766506e-01
0.000000000000000000e+00,0.000000000000000000e+00,0.000000000000000000e+00,0.000000000000000000e+00,0.000000000000000000e+00,0.000000000000000000e+00,0.000000000000000000e+00,0.000000000000000000e+00,0.000000000000000000e+00,0.000000000000000000e+00,0.000000000000000000e+00,0.000000000000000000e+00,0.000000000000000000e+00,0.000000000000000000e+00,0.000000000000000000e+00,0.000000000000000000e+00,0.000000000000000000e+00,0.000000000000000000e+00,0.000000000000000000e+00,0.000000000000000000e+00,0.000000000000000000e+00,0.000000000000000000e+00,0.000000000000000000e+00,0.000000000000000000e+00,0.000000000000000000e+00,0.000000000000000000e+00,0.000000000000000000e+00,0.000000000000000000e+00,0.000000000000000000e+00,0.000000000000000000e+00,0.000000000000000000e+00,0.000000000000000000e+00,0.000000000000000000e+00,0.000000000000000000e+00,0.000000000000000000e+00,0.000000000000000000e+00,0.000000000000000000e+00,1.000000000000000000e+00,3.627216250197480840e-01,4.746844006961285778e-02,7.156256246474095202e-03,-4.131709121873856222e-02,-3.135229928113668074e-01,8.514171986302218054e-01,-2.054483987820178090e-02,-3.057721928734007943e-01,-2.124018893233484417e-01,-5.874964229539948457e-01,-4.624904870184636807e-01,-8.038110379140904760e-01,3.723426565253027398e-01,7.447428148743754361e-01,-1.985829787625509602e-01,-6.646018082197661103e-01,-6.513421709101185897e-01,-9.350534848821087097e-01,-1.222253798005481923e-01,5.473115421972055694e-01,5.866528929594645031e-02,4.088100011993334171e-01,1.000000000000000000e+00,1.092682926748122785e-01,2.545564937627555757e-01,2.371879997072438573e-01,-4.726891537703593049e-01,4.858406174711907832e-01,-5.805649606953927622e-01,-6.126365722972049177e-01,2.005615813397368663e-01,3.566508010495446634e-01,-1.916379422577744462e-01,-1.000000000000000000e+00,-4.752224682627336216e-01,-5.780291147711320576e-01,-4.862625924855523002e-02,-8.727268820585615261e-01,-3.370735692966400077e-01,2.433929687419344734e-01,4.413558167404426635e-01,5.310969550623335575e-03,-1.135847642667177360e-01,2.631944084331879208e-01,-3.070199251597730550e-01,2.126228247680115313e-01,-3.983121452794325945e-01,-4.231944755070374264e-01,-2.114923572712253119e-01,2.963348026785282974e-01,3.646262377380651287e-01,-2.302469288864558983e-01,-2.081230269494155904e-01,2.329657666301587771e-01,-2.085989200715900882e-01,1.858648866694957436e-01,8.710105516371541290e-01,-3.375919588380441594e-01,-4.956089998091852689e-01,-2.543753991479162369e-01,5.459461452035128115e-01,-1.767973890467358922e-01
0.000000000000000000e+00,0.000000000000000000e+00,0.000000000000000000e+00,0.000000000000000000e+00,0.000000000000000000e+00,0.000000000000000000e+00,0.000000000000000000e+00,0.000000000000000000e+00,0.000000000000000000e+00,0.000000000000000000e+00,0.000000000000000000e+00,0.000000000000000000e+00,0.000000000000000000e+00,0.000000000000000000e+00,0.000000000000000000e+00,0.000000000000000000e+00,0.000000000000000000e+00,0.000000000000000000e+00,0.000000000000000000e+00,0.000000000000000000e+00,0.000000000000000000e+00,0.000000000000000000e+00,0.000000000000000000e+00,0.000000000000000000e+00,0.000000000000000000e+00,0.000000000000000000e+00,0.000000000000000000e+00,0.000000000000000000e+00,0.000000000000000000e+00,0.000000000000000000e+00,0.000000000000000000e+00,0.000000000000000000e+00,0.000000000000000000e+00,0.000000000000000000e+00,0.000000000000000000e+00,0.000000000000000000e+00,0.000000000000000000e+00,0.000000000000000000e+00,1.000000000000000000e+00,-1.123884959891960356e-01,-9.248261954878994606e-01,-4.839364393701132694e-01,-7.565368580697713341e-01,1.000000000000000000e+00,7.388624902479641321e-01,-4.079313500359578737e-01,-3.405326256688218090e-01,-1.000000000000000000e+00,-6.474256673866890521e-01,-1.000000000000000000e+00,-3.757944935572108541e-02,1.000000000000000000e+00,-3.924384770173414139e-01,-1.000000000000000000e+00,-7.048748472678613153e-01,-8.814477317530315936e-01,-1.000000000000000000e+00,1.000000000000000000e+00,5.213037745196490436e-01,8.462501849404758802e-01,1.000000000000000000e+00,-7.542954819571001668e-02,4.235665401196780921e-01,5.884421475431398374e-01,-8.100103052526269609e-01,9.591803602323081268e-01,-1.000000000000000000e+00,-2.876936523645412525e-01,7.163752638934693939e-01,2.975199662068844231e-01,-1.000000000000000000e+00,-1.000000000000000000e+00,-1.000000000000000000e+00,-7.417012754766378890e-01,-1.000000000000000000e+00,-6.642209654143849118e-01,-6.127863295905137120e-01,9.494047763021704611e-01,-1.588837690251650170e-01,-1.434248360555206159e-01,-1.440056697198662250e-01,-1.000000000000000000e+00,-1.000000000000000000e+00,6.049389212101797808e-01,-5.460670745085516309e-01,-1.000000000000000000e+00,1.000000000000000000e+00,-6.318206679751223742e-01,6.242516232659596209e-01,-1.225543696642518721e-01,4.601833675364279397e-02,2.774240086383610304e-01,-4.973134421823088847e-01,5.512774450733598508e-01,6.705867647500592943e-01,-1.000000000000000000e+00,-9.277112835554474080e-01,-8.038985441808099708e-01,7.383648351778633323e-01,1.000000000000000000e+00
0.000000000000000000e+00,0.000000000000000000e+00,0.000000000000000000e+00,0.000000000000000000e+00,0.000000000000000000e+00,0.000000000000000000e+00,0.000000000000000000e+00,0.000000000000000000e+00,0.000000000000000000e+00,0.000000000000000000e+00,0.000000000000000000e+00,0.000000000000000000e+00,0.000000000000000000e+00,0.000000000000000000e+00,0.000000000000000000e+00,0.000000000000000000e+00,0.000000000000000000e+00,0.000000000000000000e+00,0.000000000000000000e+00,0.000000000000000000e+00,0.000000000000000000e+00,0.000000000000000000e+00,0.000000000000000000e+00,0.000000000000000000e+00,0.000000000000000000e+00,0.000000000000000000e+00,0.000000000000000000e+00,0.000000000000000000e+00,0.000000000000000000e+00,0.000000000000000000e+00,0.000000000000000000e+00,0.000000000000000000e+00,0.000000000000000000e+00,0.000000000000000000e+00,0.000000000000000000e+00,0.000000000000000000e+00,0.000000000000000000e+00,0.000000000000000000e+00,0.000000000000000000e+00,1.000000000000000000e+00,-6.755073072309794036e-01,3.429331397342017529e-01,3.565214791875296468e-02,-9.468756244679035761e-02,-5.399948860811696338e-01,4.058146241137905452e-01,-6.602523695430755415e-03,1.094106992810329609e-01,6.324318436853330894e-02,2.015505499134391532e-01,-1.193009660301947578e-01,-4.437637993595640595e-01,2.426738163001117554e-01,-2.525639798844057649e-01,-1.900790429748310528e-01,-1.565416264643515465e-01,5.299895420014473224e-01,-1.969749121566893857e-02,6.244694662887715353e-01,-8.493184221643251819e-02,1.918557429592875063e-01,-7.294148710170677008e-01,-1.460229273447834208e-01,-8.102285965137542845e-02,-1.268150329801154622e-02,-2.456645231645100680e-02,2.562908577062342208e-01,-2.970027341570642965e-01,-2.258482410238376870e-01,4.302390610929410220e-02,8.601397006529083733e-02,-2.057974529857904966e-01,1.918012203360872428e-02,-1.689027293313455080e-01,-2.735320482427248175e-03,-4.594599477778500973e-01,1.663721306951426171e-01,3.535982369714518454e-05,2.633855561731714146e-03,2.718620972550383486e-01,-1.324860417234109862e-02,3.416746202992852477e-01,-2.569856329735301648e-01,-1.649236351615988583e-01,1.280144079437467997e-01,3.796709386610056525e-01,2.525640488577750031e-01,9.249364062366838279e-02,2.516413197606877372e-02,3.758544382662476480e-02,6.794023026892095363e-01,-2.030001552283982047e-01,1.183807089343978242e-01,-2.347682531690434837e-01,-1.770646736842884095e-01,-1.403749139616179142e-01,-2.814987698621413958e-01,6.539526615949993633e-03,1.880252449910781720e-01,1.037422985402057796e-01
0.000000000000000000e+00,0.000000000000000000e+00,0.000000000000000000e+00,0.000000000000000000e+00,0.000000000000000000e+00,0.000000000000000000e+00,0.000000000000000000e+00,0.000000000000000000e+00,0.000000000000000000e+00,0.000000000000000000e+00,0.000000000000000000e+00,0.000000000000000000e+00,0.000000000000000000e+00,0.000000000000000000e+00,0.000000000000000000e+00,0.000000000000000000e+00,0.000000000000000000e+00,0.000000000000000000e+00,0.000000000000000000e+00,0.000000000000000000e+00,0.000000000000000000e+00,0.000000000000000000e+00,0.000000000000000000e+00,0.000000000000000000e+00,0.000000000000000000e+00,0.000000000000000000e+00,0.000000000000000000e+00,0.000000000000000000e+00,0.000000000000000000e+00,0.000000000000000000e+00,0.000000000000000000e+00,0.000000000000000000e+00,0.000000000000000000e+00,0.000000000000000000e+00,0.000000000000000000e+00,0.000000000000000000e+00,0.000000000000000000e+00,0.000000000000000000e+00,0.000000000000000000e+00,0.000000000000000000e+00,1.000000000000000000e+00,-2.067140702170811306e-01,1.028307707863234666e-01,-1.360651192181596969e-01,3.058442579102004233e-01,-2.269535111616713674e-01,-2.335887928236630301e-02,4.910163834835522961e-02,-2.760414499266025321e-02,-1.411573399093811187e-01,2.841195450105180043e-01,1.166428165875733891e-01,-6.597813755045867090e-02,5.780947843981114609e-01,2.603727682735491045e-01,2.978168681987171662e-01,-1.704574288676131977e-01,-2.443655008997941691e-01,-7.257835196350396201e-01,-5.871128656515283567e-02,-2.094138894795056494e-01,8.392001863838997044e-01,1.032725690069554725e-01,-4.903603646594946464e-02,1.037274194152475321e-01,-1.345896463297224788e-01,-7.994443034226533795e-02,1.490399279529859289e-01,9.121682376525618030e-02,6.105166884640396072e-03,2.828155054751993469e-01,3.346966526506303108e-01,2.167045475393991893e-01,2.163072554004824566e-01,2.773710706695639572e-01,4.881112390177306248e-01,-6.042378132926956580e-02,-2.484058206939792346e-01,1.122143112359484662e-01,-3.080588702284983715e-01,-7.350107935957159166e-02,1.074927978432155540e-01,6.148916029867330657e-01,2.226053572356741228e-02,-8.554724848731862230e-02,-2.476210770064622979e-01,-6.115383843786507123e-01,2.079573849838656507e-01,-1.119866227448381990e-01,-1.455054802987861551e-01,-7.240152092975741249e-01,2.032597084429684231e-01,-4.307018809967458339e-02,1.595718740437115091e-01,2.146320055505914481e-01,7.642104158065159414e-01,3.016261099307416260e-01,1.528321946804132858e-01,-2.623401859332804564e-01,-5.352437030417920294e-01
0.000000000000000000e+00,0.000000000000000000e+00,0.000000000000000000e+00,0.000000000000000000e+00,0.000000000000000000e+00,0.000000000000000000e+00,0.000000000000000000e+00,0.000000000000000000e+00,0.000000000000000000e+00,0.000000000000000000e+00,0.000000000000000000e+00,0.000000000000000000e+00,0.000000000000000000e+00,0.000000000000000000e+00,0.000000000000000000e+00,0.000000000000000000e+00,0.000000000000000000e+00,0.000000000000000000e+00,0.000000000000000000e+00,0.000000000000000000e+00,0.000000000000000000e+00,0.000000000000000000e+00,0.000000000000000000e+00,0.000000000000000000e+00,0.000000000000000000e+00,0.000000000000000000e+00,0.000000000000000000e+00,0.000000000000000000e+00,0.000000000000000000e+00,0.000000000000000000e+00,0.000000000000000000e+00,0.000000000000000000e+00,0.000000000000000000e+00,0.000000000000000000e+00,0.000000000000000000e+00,0.000000000000000000e+00,0.000000000000000000e+00,0.000000000000000000e+00,0.000000000000000000e+00,0.000000000000000000e+00,0.000000000000000000e+00,1.000000000000000000e+00,2.472487222981912813e-01,-3.944207662248264690e-01,-3.135807323908199606e-01,-6.599058039513280849e-02,4.382514817787600547e-01,3.284641489000544312e-01,4.214843499545305461e-01,9.523817285855015746e-02,-4.745414396108591504e-01,-2.276378927553259213e-01,-8.541616244030460214e-02,-3.869579870761810647e-01,-2.320429469312164372e-01,3.512191544463018622e-01,4.755470941021899822e-01,-2.068992023572306937e-01,5.259922073219540639e-01,-2.359089504792802605e-01,-2.558935209942894695e-01,-5.341006191256385538e-01,-4.406160721147661108e-01,-1.718597387066341797e-01,3.172196936167631653e-01,-2.593661832410606993e-01,4.068985037090647183e-01,1.032918731384227101e-01,-6.776319176683145429e-01,-2.045908318539770843e-01,-2.577212106143948397e-02,1.559631921804625343e-01,2.112565429108801407e-01,4.479003040754556686e-01,4.111805273385281123e-01,-4.812561128153838297e-01,3.872265331280537737e-01,-9.232673694241207152e-02,7.626556349629066700e-01,5.411172019004339973e-01,3.219128341578142427e-01,5.328761561237443933e-01,3.264599150633609725e-01,-2.476338650853090184e-01,3.115973475807424231e-01,6.720463061631590795e-01,6.890706617421570035e-02,6.252925051893478692e-01,-4.717440413417322426e-02,5.311141347988218575e-01,5.398507521972643053e-01,-3.499599732636923255e-01,3.397185098212850418e-01,-5.732570854396646931e-01,-6.799457571368208164e-01,1.000000000000000000e+00,5.121693289241331382e-01,2.186041262129058693e-01,-5.156508274615352605e-02,-2.555066085981708146e-01
0.000000000000000000e+00,0.000000000000000000e+00,0.000000000000000000e+00,0.000000000000000000e+00,0.000000000000000000e+00,0.000000000000000000e+00,0.000000000000000000e+00,0.000000000000000000e+00,0.000000000000000000e+00,0.000000000000000000e+00,0.000000000000000000e+00,0.000000000000000000e+00,0.000000000000000000e+00,0.000000000000000000e+00,0.000000000000000000e+00,0.000000000000000000e+00,0.000000000000000000e+00,0.000000000000000000e+00,0.000000000000000000e+00,0.000000000000000000e+00,0.000000000000000000e+00,0.000000000000000000e+00,0.000000000000000000e+00,0.000000000000000000e+00,0.000000000000000000e+00,0.000000000000000000e+00,0.000000000000000000e+00,0.000000000000000000e+00,0.000000000000000000e+00,0.000000000000000000e+00,0.000000000000000000e+00,0.000000000000000000e+00,0.000000000000000000e+00,0.000000000000000000e+00,0.000000000000000000e+00,0.000000000000000000e+00,0.000000000000000000e+00,0.000000000000000000e+00,0.000000000000000000e+00,0.000000000000000000e+00,0.000000000000000000e+00,0.000000000000000000e+00,1.000000000000000000e+00,-1.000000000000000000e+00,-6.728819908679339878e-01,1.584167533906099823e-01,7.014774018937141031e-01,1.000000000000000000e+00,1.000000000000000000e+00,9.271381079899886357e-01,-4.298269113861995505e-01,-1.000000000000000000e+00,5.137531613458286017e-01,1.000000000000000000e+00,4.554538581496302974e-01,1.000000000000000000e+00,1.000000000000000000e+00,-1.000000000000000000e+00,-2.763515804924032010e-02,-9.630526824802914110e-01,-1.000000000000000000e+00,-5.535288859478458834e-01,-8.254101675723983789e-01,-7.161658646589554866e-01,1.000000000000000000e+00,-1.000000000000000000e+00,1.000000000000000000e+00,4.791628773389772222e-01,-1.000000000000000000e+00,-5.233222723003329024e-01,8.952281407452179485e-01,1.000000000000000000e+00,1.000000000000000000e+00,1.000000000000000000e+00,1.000000000000000000e+00,4.620003664169100022e-01,1.000000000000000000e+00,-1.000000000000000000e+00,9.832925329856423424e-01,5.324223726239902810e-01,2.754555567429350371e-01,1.000000000000000000e+00,1.000000000000000000e+00,-7.930639051331905831e-01,8.659764348468695916e-01,1.000000000000000000e+00,-7.919821673039820764e-01,1.000000000000000000e+00,-6.540785614698199080e-01,6.954090811028830199e-01,2.578002336538430250e-01,-6.312911266824516865e-01,7.557345039837499723e-01,-1.000000000000000000e+00,-1.000000000000000000e+00,1.000000000000000000e+00,1.000000000000000000e+00,9.394767259548393312e-01,-9.760244941774049998e-01,-1.000000000000000000e+00
0.000000000000000000e+00,0.000000000000000000e+00,0.000000000000000000e+00,0.000000000000000000e+00,0.000000000000000000e+00,0.000000000000000000e+00,0.000000000000000000e+00,0.000000000000000000e+00,0.000000000000000000e+00,0.000000000000000000e+00,0.000000000000000000e+00,0.000000000000000000e+00,0.000000000000000000e+00,0.000000000000000000e+00,0.000000000000000000e+00,0.000000000000000000e+00,0.000000000000000000e+00,0.000000000000000000e+00,0.000000000000000000e+00,0.000000000000000000e+00,0.000000000000000000e+00,0.000000000000000000e+00,0.000000000000000000e+00,0.000000000000000000e+00,0.000000000000000000e+00,0.000000000000000000e+00,0.000000000000000000e+00,0.000000000000000000e+00,0.000000000000000000e+00,0.000000000000000000e+00,0.000000000000000000e+00,0.000000000000000000e+00,0.000000000000000000e+00,0.000000000000000000e+00,0.000000000000000000e+00,0.000000000000000000e+00,0.000000000000000000e+00,0.000000000000000000e+00,0.000000000000000000e+00,0.000000000000000000e+00,0.000000000000000000e+00,0.000000000000000000e+00,0.000000000000000000e+00,1.000000000000000000e+00,2.781504307414243704e-01,-1.487059232674428633e-01,-3.697166296744881508e-01,-6.536380317290352293e-01,-5.773060994861413109e-01,-7.742912539857381704e-01,3.876237697911508184e-01,9.347482797642273633e-01,-1.674042973363427111e-01,-6.327606650249527620e-01,-3.919047785694357300e-01,-8.616547669296137357e-01,-5.142727421212139882e-01,6.781728623819415214e-01,-2.124383713400271670e-02,4.931716438250336454e-01,1.000000000000000000e+00,2.655405144200789214e-01,4.017113143316028978e-01,3.217554453615677490e-01,-6.004272091696803981e-01,5.879775877448250032e-01,-7.049177076495120042e-01,-4.227430066662871133e-01,4.906401765900398337e-01,3.302968847708908640e-01,-3.368045742456388658e-01,-1.000000000000000000e+00,-6.256224544720830893e-01,-6.790665152435539920e-01,-4.487293220195763266e-01,-3.924610986724872963e-01,-4.438881542210397768e-01,3.847819842303242810e-01,-1.477132166867242691e-01,-2.343483120386974372e-01,-2.243587215785990685e-01,-3.325954163140246722e-01,-6.149148626769751491e-01,3.528854949093960247e-01,-4.661273141033328571e-01,-6.248886431638452921e-01,3.106418763143842243e-01,-3.650868466809462642e-01,3.472162128733347064e-01,-3.767276842803112813e-01,-2.997371316276673525e-01,3.115402796183308065e-01,-3.656430864273632619e-01,4.530975720169622134e-01,8.739874326617842470e-01,-1.000000000000000000e+00,-7.596835298909315748e-01,-4.026691209681074191e-01,5.232438099914252794e-01,3.173604043419980814e-01
0.000000000000000000e+00,0.000000000000000000e+00,0.000000000000000000e+00,0.000000000000000000e+00,0.000000000000000000e+00,0.000000000000000000e+00,0.000000000000000000e+00,0.000000000000000000e+00,0.000000000000000000e+00,0.000000000000000000e+00,0.000000000000000000e+00,0.000000000000000000e+00,0.000000000000000000e+00,0.000000000000000000e+00,0.000000000000000000e+00,0.000000000000000000e+00,0.000000000000000000e+00,0.000000000000000000e+00,0.000000000000000000e+00,0.000000000000000000e+00,0.000000000000000000e+00,0.000000000000000000e+00,0.000000000000000000e+00,0.000000000000000000e+00,0.000000000000000000e+00,0.000000000000000000e+00,0.000000000000000000e+00,0.000000000000000000e+00,0.000000000000000000e+00,0.000000000000000000e+00,0.000000000000000000e+00,0.000000000000000000e+00,0.000000000000000000e+00,0.000000000000000000e+00,0.000000000000000000e+00,0.000000000000000000e+00,0.000000000000000000e+00,0.000000000000000000e+00,0.000000000000000000e+00,0.000000000000000000e+00,0.000000000000000000e+00,0.000000000000000000e+00,0.000000000000000000e+00,0.000000000000000000e+00,1.000000000000000000e+00,-3.165075495868396316e-01,-1.307314336222156481e-01,-5.589662813218680970e-01,-1.853192150192996546e-01,-6.996368515801406618e-01,4.553249843756761173e-02,9.606021477800572583e-01,-1.379148105184670181e-01,-3.385835479274934001e-01,1.784921919495176812e-01,5.404693774869383516e-01,-1.000000000000000000e+00,2.958034117171466360e-01,-4.048856588998280270e-01,2.720367650107434199e-01,-1.578456500503906679e-01,8.951107496213145387e-01,1.877508761009321347e-01,1.651969050621749091e-01,-9.643224758347410108e-02,2.023489103004850742e-01,-3.928761411212681187e-01,3.254579417853400436e-01,3.276886740987824953e-01,-9.755600493369254861e-03,-2.117688242361848994e-01,-1.860415968398803632e-01,-2.887428123550476178e-01,2.125543898990959191e-01,-3.617020751357130082e-01,7.391015785916331682e-01,-1.595613983469404140e-01,1.507117208140883735e-01,-1.586771056328231330e-02,-4.784923675847662095e-01,-2.204192665536549300e-01,-5.436053415494003227e-01,8.000436913151439539e-03,2.771809182468118471e-01,-2.060656111716358818e-01,-7.160415715495144218e-01,6.524004828663645394e-01,-3.306778560130687605e-01,7.984346380496054607e-02,-5.540348125414858854e-02,-7.502449292755258847e-01,2.321546156766551294e-01,-2.505772842780022991e-01,3.983756128280303566e-01,1.095367232171891164e-01,1.312053816021642172e-01,5.844689609427788923e-02,-1.951290675597187607e-01,-1.586136110583619974e-01,1.333180606804482138e-01
0.000000000000000000e+00,0.000000000000000000e+00,0.000000000000000000e+00,0.000000000000000000e+00,0.000000000000000000e+00,0.000000000000000000e+00,0.000000000000000000e+00,0.000000000000000000e+00,0.000000000000000000e+00,0.000000000000000000e+00,0.000000000000000000e+00,0.000000000000000000e+00,0.000000000000000000e+00,0.000000000000000000e+00,0.000000000000000000e+00,0.000000000000000000e+00,0.000000000000000000e+00,0.000000000000000000e+00,0.000000000000000000e+00,0.000000000000000000e+00,0.000000000000000000e+00,0.000000000000000000e+00,0.000000000000000000e+00,0.000000000000000000e+00,0.000000000000000000e+00,0.000000000000000000e+00,0.000000000000000000e+00,0.000000000000000000e+00,0.000000000000000000e+00,0.000000000000000000e+00,0.000000000000000000e+00,0.000000000000000000e+00,0.000000000000000000e+00,0.000000000000000000e+00,0.000000000000000000e+00,0.000000000000000000e+00,0.000000000000000000e+00,0.000000000000000000e+00,0.000000000000000000e+00,0.000000000000000000e+00,0.000000000000000000e+00,0.000000000000000000e+00,0.000000000000000000e+00,0.000000000000000000e+00,0.000000000000000000e+00,1.000000000000000000e+00,-3.544266725380252891e-01,1.319254285925240411e-01,-9.095660687995349436e-02,2.121073244740818431e-01,1.873267966013829333e-01,-7.810897986178001462e-01,4.816255564782996879e-01,1.410879987947108449e-01,3.699448596146512336e-01,3.261533323397112771e-01,4.683993799117431300e-01,-2.618736481918084724e-01,3.440415771977437531e-01,-1.525537330915605616e-01,-2.353253355333514152e-01,-5.460385418410047126e-02,1.872107748041235142e-02,-1.577657674073583705e-01,-9.030322181986670527e-02,-8.652561442059723829e-02,3.512097567395897624e-01,-3.081730957649825853e-01,-4.786006297937075993e-02,1.267394942853032336e-01,4.776182685207217005e-01,8.554389473322986104e-02,1.115223030124121717e-01,-2.869867240255838392e-01,-2.514760820959747178e-01,4.392002116414657209e-01,1.486937049150828527e-01,-1.849654540879535347e-01,-6.726033546108585170e-01,-2.659351664524530201e-01,-4.088481490331718482e-01,1.399011000361447543e-01,-1.415947639196361574e-01,-1.592378493832589115e-01,3.516166734802669142e-02,2.062364778638233198e-01,4.376815034433532703e-01,-5.320681726660366762e-01,-1.304246413696283913e-01,-4.159236211519345972e-01,4.277877111723430437e-01,-3.857535289243552851e-02,-3.524545483925008160e-02,1.263671648853888774e-01,-2.872746132137493635e-02,-5.544381715722151299e-02,-8.110985779942724294e-01,3.572275025620490208e-02,7.212984439143760307e-02,2.716418698381258337e-02
0.000000000000000000e+00,0.000000000000000000e+00,0.000000000000000000e+00,0.000000000000000000e+00,0.000000000000000000e+00,0.000000000000000000e+00,0.000000000000000000e+00,0.000000000000000000e+00,0.000000000000000000e+00,0.000000000000000000e+00,0.000000000000000000e+00,0.000000000000000000e+00,0.000000000000000000e+00,0.000000000000000000e+00,0.000000000000000000e+00,0.000000000000000000e+00,0.000000000000000000e+00,0.000000000000000000e+00,0.000000000000000000e+00,0.000000000000000000e+00,0.000000000000000000e+00,0.000000000000000000e+00,0.000000000000000000e+00,0.000000000000000000e+00,0.000000000000000000e+00,0.000000000000000000e+00,0.000000000000000000e+00,0.000000000000000000e+00,0.000000000000000000e+00,0.000000000000000000e+00,0.000000000000000000e+00,0.000000000000000000e+00,0.000000000000000000e+00,0.000000000000000000e+00,0.000000000000000000e+00,0.000000000000000000e+00,0.000000000000000000e+00,0.000000000000000000e+00,0.000000000000000000e+00,0.000000000000000000e+00,0.000000000000000000e+00,0.000000000000000000e+00,0.000000000000000000e+00,0.000000000000000000e+00,0.000000000000000000e+00,0.000000000000000000e+00,1.000000000000000000e+00,6.849688527882373812e-01,8.540558079416189496e-01,7.472187461966506294e-01,-8.992783620256842303e-01,-3.397264565020737814e-01,-6.455995446862018428e-01,-1.649505192964444977e-01,-1.440813910023917566e-01,3.487872425082751415e-01,5.079398757991404612e-01,-3.804588266293317811e-01,2.056768513000395426e-01,-4.290344092915008845e-01,-8.685861086671929909e-01,-5.193781275520048535e-01,-6.236419070212535498e-01,-1.781807203328689415e-01,5.828017003362016002e-01,-5.133421041830932285e-01,4.902498936766611637e-01,7.330512626351486372e-01,-8.267648651997682174e-01,-5.459442820150529618e-01,-3.964618972672740993e-01,9.742451079623263288e-01,4.109969132807189673e-01,9.164723506345736626e-01,6.273019379857884825e-01,-6.507257188040331819e-01,3.779707708281345724e-01,-1.444695315451608754e-04,9.699005141792184093e-01,9.554657439936318220e-01,1.000000000000000000e+00,5.330149832157577393e-03,4.720996402089763788e-01,-2.440190210847600627e-01,5.104505546492614787e-01,1.000000000000000000e+00,-6.980217510475953402e-01,8.554334126619400624e-01,-1.542558319591993965e-01,1.000000000000000000e+00,4.665481451351428666e-01,-4.586546313371741568e-01,5.552406510938886486e-01,-7.980975599682739174e-01,-1.000000000000000000e+00,1.000000000000000000e+00,1.000000000000000000e+00,3.767912589764259024e-01,-2.336074554729248021e-01,-6.523531517661966539e-02
0.000000000000000000e+00,0.000000000000000000e+00,0.000000000000000000e+00,0.000000000000000000e+00,0.000000000000000000e+00,0.000000000000000000e+00,0.000000000000000000e+00,0.000000000000000000e+00,0.000000000000000000e+00,0.000000000000000000e+00,0.000000000000000000e+00,0.000000000000000000e+00,0.000000000000000000e+00,0.000000000000000000e+00,0.000000000000000000e+00,0.000000000000000000e+00,0.000000000000000000e+00,0.000000000000000000e+00,0.000000000000000000e+00,0.000000000000000000e+00,0.000000000000000000e+00,0.000000000000000000e+00,0.000000000000000000e+00,0.000000000000000000e+00,0.000000000000000000e+00,0.000000000000000000e+00,0.000000000000000000e+00,0.000000000000000000e+00,0.000000000000000000e+00,0.000000000000000000e+00,0.000000000000000000e+00,0.000000000000000000e+00,0.000000000000000000e+00,0.000000000000000000e+00,0.000000000000000000e+00,0.000000000000000000e+00,0.000000000000000000e+00,0.000000000000000000e+00,0.000000000000000000e+00,0.000000000000000000e+00,0.000000000000000000e+00,0.000000000000000000e+00,0.000000000000000000e+00,0.000000000000000000e+00,0.000000000000000000e+00,0.000000000000000000e+00,0.000000000000000000e+00,1.000000000000000000e+00,4.062737761474037312e-01,7.307274544690353091e-01,-1.749505434374508117e-01,-7.363409483505481967e-01,1.046804299129468346e-01,8.458405062690940168e-01,1.932703640484254304e-01,1.709007445447220941e-01,1.000000000000000000e+00,-6.455978013256032932e-01,-7.165538350225506004e-02,-4.651299012165477920e-01,-6.582406754009008099e-01,-3.558583466624674063e-01,-3.079898116250158746e-01,-2.902950125623210420e-01,4.414886368922078530e-01,-4.888077636629910572e-01,5.502766460735734055e-01,2.161461853745319794e-01,-4.674180485234546434e-01,-2.301864858875648234e-01,3.408440096456089030e-01,9.324124906014107372e-01,6.141290091728334177e-01,3.635692668691640206e-01,6.200717061674539954e-01,2.860183679379099675e-02,3.572217902172822313e-01,-3.883553652666732470e-01,1.037032453827599066e-01,3.494126275547839167e-01,2.427728429432820523e-01,4.772509684253757878e-01,6.775390827768685842e-01,-3.328938344729885923e-01,3.631771210709278663e-01,8.451312461836274492e-01,-5.768606526208592822e-01,3.273695170468888249e-01,-3.035087086135258572e-01,2.480381794531476558e-01,2.235870048249370690e-01,-2.681763073903332129e-01,3.343488321195256519e-01,-4.509542940931680621e-01,-5.227141376449164767e-01,7.605457540765084845e-01,6.449628465417324152e-01,4.166974922973814000e-01,-3.034197864870845085e-01,-4.009029251569858898e-01
0.000000000000000000e+00,0.000000000000000000e+00,0.000000000000000000e+00,0.000000000000000000e+00,0.000000000000000000e+00,0.000000000000000000e+00,0.000000000000000000e+00,0.000000000000000000e+00,0.000000000000000000e+00,0.000000000000000000e+00,0.000000000000000000e+00,0.000000000000000000e+00,0.000000000000000000e+00,0.000000000000000000e+00,0.000000000000000000e+00,0.000000000000000000e+00,0.000000000000000000e+00,0.000000000000000000e+00,0.000000000000000000e+00,0.000000000000000000e+00,0.000000000000000000e+00,0.000000000000000000e+00,0.000000000000000000e+00,0.000000000000000000e+00,0.000000000000000000e+00,0.000000000000000000e+00,0.000000000000000000e+00,0.000000000000000000e+00,0.000000000000000000e+00,0.000000000000000000e+00,0.000000000000000000e+00,0.000000000000000000e+00,0.000000000000000000e+00,0.000000000000000000e+00,0.000000000000000000e+00,0.000000000000000000e+00,0.000000000000000000e+00,0.000000000000000000e+00,0.000000000000000000e+00,0.000000000000000000e+00,0.000000000000000000e+00,0.000000000000000000e+00,0.000000000000000000e+00,0.000000000000000000e+00,0.000000000000000000e+00,0.000000000000000000e+00,0.000000000000000000e+00,0.000000000000000000e+00,1.000000000000000000e+00,1.000000000000000000e+00,-9.374065817582486471e-01,-1.000000000000000000e+00,-2.550874611132722958e-01,1.887084476306263581e-01,2.257231322139384988e-01,9.850698263458291803e-01,7.221636130082426108e-01,-7.258177849640871093e-01,3.307524097269473051e-01,-6.433471855602652667e-01,-1.000000000000000000e+00,-6.702269545341491552e-01,-7.335690802098916441e-01,-3.576282011985360554e-01,8.131939235497761542e-01,-7.596465088458767001e-01,9.022570018769269229e-01,7.668120623624202770e-01,-9.225747802971193678e-01,-6.041739391644678214e-01,-4.703989477615904552e-02,1.000000000000000000e+00,6.791495702333298912e-01,1.000000000000000000e+00,6.162535534786939273e-01,-1.157344423680259221e-01,5.988265348714395531e-01,-2.451653217662962680e-01,6.454258963643354496e-01,7.878701994388996876e-01,7.955143861911930792e-01,2.296291928743794120e-01,6.444917501625255785e-01,-4.294316525166481102e-01,7.040149789407760261e-01,1.000000000000000000e+00,-4.724712136522235539e-01,6.612361765125520652e-01,-3.568291416543969974e-01,9.599655794918592333e-01,7.129027185611915840e-01,-5.769530275441301370e-01,6.280319407513679231e-01,-8.557231134270488759e-01,-1.000000000000000000e+00,1.000000000000000000e+00,1.000000000000000000e+00,5.104157985861709212e-01,-5.126529368114211005e-01,-1.565810542495703339e-01
0.000000000000000000e+00,0.000000000000000000e+00,0.000000000000000000e+00,0.000000000000000000e+00,0.000000000000000000e+00,0.000000000000000000e+00,0.000000000000000000e+00,0.000000000000000000e+00,0.000000000000000000e+00,0.000000000000000000e+00,0.000000000000000000e+00,0.000000000000000000e+00,0.000000000000000000e+00,0.000000000000000000e+00,0.000000000000000000e+00,0.000000000000000000e+00,0.000000000000000000e+00,0.000000000000000000e+00,0.000000000000000000e+00,0.000000000000000000e+00,0.000000000000000000e+00,0.000000000000000000e+00,0.000000000000000000e+00,0.000000000000000000e+00,0.000000000000000000e+00,0.000000000000000000e+00,0.000000000000000000e+00,0.000000000000000000e+00,0.000000000000000000e+00,0.000000000000000000e+00,0.000000000000000000e+00,0.000000000000000000e+00,0.000000000000000000e+00,0.000000000000000000e+00,0.000000000000000000e+00,0.000000000000000000e+00,0.000000000000000000e+00,0.000000000000000000e+00,0.000000000000000000e+00,0.000000000000000000e+00,0.000000000000000000e+00,0.000000000000000000e+00,0.000000000000000000e+00,0.000000000000000000e+00,0.000000000000000000e+00,0.000000000000000000e+00,0.000000000000000000e+00,0.000000000000000000e+00,0.000000000000000000e+00,1.000000000000000000e+00,-2.647799651845436641e-01,-9.810485775612730608e-01,-1.100795031173509436e-01,5.763719953063450863e-01,2.511280602083222346e-01,2.366420825559692812e-02,5.230268364206972498e-01,-3.856484866511332155e-01,3.588475212620341297e-03,-3.157763237564873426e-01,-6.186726946896898838e-01,-3.753338255773330245e-01,-1.646676345337628189e-01,-1.276433233884941010e-01,2.381258625905846305e-01,-3.160883707423270406e-01,3.981011082427050596e-01,2.552767608661951626e-01,-1.234115678723253923e-01,-1.991649663273140913e-01,3.757958204347512654e-02,9.980598866388435964e-01,3.230548587577500297e-01,1.101479478653446115e-01,1.018559194471952006e-01,-4.926162694833630812e-02,6.969004808418723107e-02,-6.094659792705160034e-02,-3.528213542394360580e-01,2.755827285794673065e-01,3.584338924952216732e-01,-2.388851090410696876e-01,-9.769928036011323470e-04,-1.628399773363791159e-01,2.550699638695636540e-01,5.114239039267550746e-01,-6.184669634375292713e-01,-3.939440269155512070e-02,-2.009640088290337578e-01,1.728195594256918266e-01,4.454828845338685284e-01,-1.643468967093153765e-01,2.123734427258571200e-01,-2.055091018813476611e-01,-4.180304528875212755e-01,-1.914682555090035654e-01,2.501364753378404471e-01,1.900019825081484259e-01,-1.408021538385789972e-01,1.812577576109117017e-01
0.000000000000000000e+00,0.000000000000000000e+00,0.000000000000000000e+00,0.000000000000000000e+00,0.000000000000000000e+00,0.000000000000000000e+00,0.000000000000000000e+00,0.000000000000000000e+00,0.000000000000000000e+00,0.000000000000000000e+00,0.000000000000000000e+00,0.000000000000000000e+00,0.000000000000000000e+00,0.000000000000000000e+00,0.000000000000000000e+00,0.000000000000000000e+00,0.000000000000000000e+00,0.000000000000000000e+00,0.000000000000000000e+00,0.000000000000000000e+00,0.000000000000000000e+00,0.000000000000000000e+00,0.000000000000000000e+00,0.000000000000000000e+00,0.000000000000000000e+00,0.000000000000000000e+00,0.000000000000000000e+00,0.000000000000000000e+00,0.000000000000000000e+00,0.000000000000000000e+00,0.000000000000000000e+00,0.000000000000000000e+00,0.000000000000000000e+00,0.000000000000000000e+00,0.000000000000000000e+00,0.000000000000000000e+00,0.000000000000000000e+00,0.000000000000000000e+00,0.000000000000000000e+00,0.000000000000000000e+00,0.000000000000000000e+00,0.000000000000000000e+00,0.000000000000000000e+00,0.000000000000000000e+00,0.000000000000000000e+00,0.000000000000000000e+00,0.000000000000000000e+00,0.000000000000000000e+00,0.000000000000000000e+00,0.000000000000000000e+00,1.000000000000000000e+00,3.020716865300587806e-01,3.017129577041058885e-01,5.520565622125432892e-01,1.115746621649648107e-01,-6.467104217510318831e-01,6.864510018571204353e-02,6.358489929793358086e-02,-6.856362180171171605e-01,2.181788867939463972e-01,8.210760111363384350e-01,8.013323543709270913e-01,5.174402298418661061e-01,7.566336895770324478e-02,-4.251012006518020137e-01,2.596311587294870549e-01,-4.632454334289508591e-01,-5.974060368396580945e-01,5.003493716852296380e-01,4.356895272725843093e-01,4.827355043399799150e-01,-7.820911886725542272e-01,-7.309106879624151232e-02,-6.225004860511478277e-01,3.562226830962791219e-02,3.338186268746642371e-01,-3.274209621405821391e-01,-2.321633380183144579e-01,-3.752072181744628976e-01,-6.519892556877601164e-01,-5.507045793215119556e-01,3.514022564632721668e-01,1.504884227512686690e-01,1.508449376677717668e-01,-4.533135781554888943e-01,-6.542018635273429972e-01,-5.711421179138859161e-01,-2.141829462657523220e-01,5.830552757514104872e-02,-8.558752073317525966e-01,-8.169434023218353769e-01,4.674199872337222450e-01,-3.585270277248475690e-01,5.505033838781083766e-01,1.000000000000000000e+00,-5.193501224332882638e-01,-7.627459381895269619e-01,-8.552937498686910556e-02,1.752617966990193399e-01,-4.997993110614402101e-01
0.000000000000000000e+00,0.000000000000000000e+00,0.000000000000000000e+00,0.000000000000000000e+00,0.000000000000000000e+00,0.000000000000000000e+00,0.000000000000000000e+00,0.000000000000000000e+00,0.000000000000000000e+00,0.000000000000000000e+00,0.000000000000000000e+00,0.000000000000000000e+00,0.000000000000000000e+00,0.000000000000000000e+00,0.000000000000000000e+00,0.000000000000000000e+00,0.000000000000000000e+00,0.000000000000000000e+00,0.000000000000000000e+00,0.000000000000000000e+00,0.000000000000000000e+00,0.000000000000000000e+00,0.000000000000000000e+00,0.000000000000000000e+00,0.000000000000000000e+00,0.000000000000000000e+00,0.000000000000000000e+00,0.000000000000000000e+00,0.000000000000000000e+00,0.000000000000000000e+00,0.000000000000000000e+00,0.000000000000000000e+00,0.000000000000000000e+00,0.000000000000000000e+00,0.000000000000000000e+00,0.000000000000000000e+00,0.000000000000000000e+00,0.000000000000000000e+00,0.000000000000000000e+00,0.000000000000000000e+00,0.000000000000000000e+00,0.000000000000000000e+00,0.000000000000000000e+00,0.000000000000000000e+00,0.000000000000000000e+00,0.000000000000000000e+00,0.000000000000000000e+00,0.000000000000000000e+00,0.000000000000000000e+00,0.000000000000000000e+00,0.000000000000000000e+00,1.000000000000000000e+00,-6.459351068349447611e-02,-4.256276414850831968e-01,-2.548629141466365322e-01,-1.897448251270229813e-01,-5.565294722960117957e-01,3.772734357719685905e-01,-8.588608196676206230e-02,2.777722681283735784e-01,4.355303458628569935e-01,2.611313787606168724e-01,1.398638948020232420e-01,1.594225864751652177e-01,-1.789579329106791572e-01,2.739608935520093103e-01,-4.059215824799435324e-01,-2.599103756476293589e-02,1.701301389656973972e-01,8.409597572280856637e-02,-2.155080516903563614e-01,-7.053171833672777780e-01,-2.888526645897918077e-01,-3.309739028900172270e-02,-1.056852638686197748e-01,-8.231824888817570324e-03,-1.158601286518484569e-01,1.541685003327148695e-01,2.576619097410463577e-01,-1.125024932062039518e-01,-1.192256688381179014e-01,-7.887346319471114087e-02,-8.928109004491888157e-02,1.904927673302516389e-01,-1.929208366950867781e-01,-3.943613140116198346e-01,4.486293688533770641e-01,2.430233730110675089e-02,1.784445892173362191e-01,-1.355755045450699782e-02,-4.369471904257148376e-01,1.279635919760559737e-01,-1.644301023735926792e-01,1.585205507701940297e-01,2.797633281468306921e-01,-1.252373388655616260e-01,2.012788269159718202e-02,-1.826606285336455637e-01,1.027556350917318145e-01,4.634317907605838005e-02
0.000000000000000000e+00,0.000000000000000000e+00,0.000000000000000000e+00,0.000000000000000000e+00,0.000000000000000000e+00,0.000000000000000000e+00,0.000000000000000000e+00,0.000000000000000000e+00,0.000000000000000000e+00,0.000000000000000000e+00,0.000000000000000000e+00,0.000000000000000000e+00,0.000000000000000000e+00,0.000000000000000000e+00,0.000000000000000000e+00,0.000000000000000000e+00,0.000000000000000000e+00,0.000000000000000000e+00,0.000000000000000000e+00,0.000000000000000000e+00,0.000000000000000000e+00,0.000000000000000000e+00,0.000000000000000000e+00,0.000000000000000000e+00,0.000000000000000000e+00,0.000000000000000000e+00,0.000000000000000000e+00,0.000000000000000000e+00,0.000000000000000000e+00,0.000000000000000000e+00,0.000000000000000000e+00,0.000000000000000000e+00,0.000000000000000000e+00,0.000000000000000000e+00,0.000000000000000000e+00,0.000000000000000000e+00,0.000000000000000000e+00,0.000000000000000000e+00,0.000000000000000000e+00,0.000000000000000000e+00,0.000000000000000000e+00,0.000000000000000000e+00,0.000000000000000000e+00,0.000000000000000000e+00,0.000000000000000000e+00,0.000000000000000000e+00,0.000000000000000000e+00,0.000000000000000000e+00,0.000000000000000000e+00,0.000000000000000000e+00,0.000000000000000000e+00,0.000000000000000000e+00,1.000000000000000000e+00,2.732480170251663232e-01,8.551454176099790999e-03,2.898143319850754462e-01,3.956868900553447421e-01,-1.534598303300203637e-01,3.441770508692671982e-01,-4.890454790758352877e-02,2.465340529345248222e-01,-5.849939339375875846e-01,-1.624669145076250779e-02,-1.816635642416310203e-01,1.685446069173107964e-01,-6.266370575754491579e-02,2.793597192046234912e-01,-4.455330417492566197e-01,-1.965164030563503958e-02,1.644115500514278239e-01,5.811082290625382285e-01,-1.685061284135046800e-01,2.226427414460952214e-01,-5.876639754256132719e-02,1.349342878769959064e-01,4.062134578940899687e-01,3.374595330639264534e-01,-4.041990089675120412e-01,-9.622596077222292377e-02,-2.659421376706340712e-01,-7.252962007460447280e-01,1.000000000000000000e+00,2.063699953073609705e-01,-2.384810803022961168e-01,1.329096723236701805e-01,-1.152769774442011091e-01,7.830001354026544513e-01,2.725543010421792658e-02,-9.745195583694216124e-02,-2.719307114207270004e-01,9.420719976876765211e-02,-1.328595173739697544e-01,-2.623172362404592103e-02,-8.792860401199881215e-02,1.099935286275447767e-02,-1.717557499377879160e-01,-1.171845497365159722e-01,5.280149118214425702e-02,-2.436229728507960102e-01,-3.661724581231504128e-01
0.000000000000000000e+00,0.000000000000000000e+00,0.000000000000000000e+00,0.000000000000000000e+00,0.000000000000000000e+00,0.000000000000000000e+00,0.000000000000000000e+00,0.000000000000000000e+00,0.000000000000000000e+00,0.000000000000000000e+00,0.000000000000000000e+00,0.000000000000000000e+00,0.000000000000000000e+00,0.000000000000000000e+00,0.000000000000000000e+00,0.000000000000000000e+00,0.000000000000000000e+00,0.000000000000000000e+00,0.000000000000000000e+00,0.000000000000000000e+00,0.000000000000000000e+00,0.000000000000000000e+00,0.000000000000000000e+00,0.000000000000000000e+00,0.000000000000000000e+00,0.000000000000000000e+00,0.000000000000000000e+00,0.000000000000000000e+00,0.000000000000000000e+00,0.000000000000000000e+00,0.000000000000000000e+00,0.000000000000000000e+00,0.000000000000000000e+00,0.000000000000000000e+00,0.000000000000000000e+00,0.000000000000000000e+00,0.000000000000000000e+00,0.000000000000000000e+00,0.000000000000000000e+00,0.000000000000000000e+00,0.000000000000000000e+00,0.000000000000000000e+00,0.000000000000000000e+00,0.000000000000000000e+00,0.000000000000000000e+00,0.000000000000000000e+00,0.000000000000000000e+00,0.000000000000000000e+00,0.000000000000000000e+00,0.000000000000000000e+00,0.000000000000000000e+00,0.000000000000000000e+00,0.000000000000000000e+00,1.000000000000000000e+00,3.119550869723298203e-01,-3.455530837820026090e-03,1.571369046488165222e-01,-3.161163541570302660e-01,-4.392306303007053048e-01,-1.775256085001234718e-01,-3.278440176189409416e-01,1.723302051462180795e-01,5.675563218916764713e-02,-9.599131209098159256e-02,1.306652074966210275e-01,-1.951405841865297697e-01,1.321379314350186740e-01,1.070938763133005844e-01,9.053949359355462079e-02,-3.217478437342996545e-02,3.007790002315144928e-01,6.204205204845220090e-01,3.054427043598339497e-01,5.327600700221336860e-02,2.389774572470692859e-01,3.328246240429697522e-01,-5.653387812890641254e-03,-2.188667705906228722e-01,-3.418230508805095158e-01,-1.409173843519382907e-01,-2.077871780438653518e-02,-3.140118061696738072e-02,3.198892200398913976e-01,-7.587175992136639679e-02,4.961863993867447753e-02,5.517422482376295456e-02,-5.192283993125869079e-01,1.919547693299548594e-02,-1.787796238039991159e-01,-1.623345487784318142e-01,-1.235316371593222218e-01,7.146767630970438101e-02,3.526525455907745382e-02,1.948198973489723498e-02,3.944848217077273622e-03,1.749800880036157247e-01,1.775182890712304340e-01,1.579185318700233043e-01,-2.402782421451818140e-01,-1.644486822737815657e-01
0.000000000000000000e+00,0.000000000000000000e+00,0.000000000000000000e+00,0.000000000000000000e+00,0.000000000000000000e+00,0.000000000000000000e+00,0.000000000000000000e+00,0.000000000000000000e+00,0.000000000000000000e+00,0.000000000000000000e+00,0.000000000000000000e+00,0.000000000000000000e+00,0.000000000000000000e+00,0.000000000000000000e+00,0.000000000000000000e+00,0.000000000000000000e+00,0.000000000000000000e+00,0.000000000000000000e+00,0.000000000000000000e+00,0.000000000000000000e+00,0.000000000000000000e+00,0.000000000000000000e+00,0.000000000000000000e+00,0.000000000000000000e+00,0.000000000000000000e+00,0.000000000000000000e+00,0.000000000000000000e+00,0.000000000000000000e+00,0.000000000000000000e+00,0.000000000000000000e+00,0.000000000000000000e+00,0.000000000000000000e+00,0.000000000000000000e+00,0.000000000000000000e+00,0.000000000000000000e+00,0.000000000000000000e+00,0.000000000000000000e+00,0.000000000000000000e+00,0.000000000000000000e+00,0.000000000000000000e+00,0.000000000000000000e+00,0.000000000000000000e+00,0.000000000000000000e+00,0.000000000000000000e+00,0.000000000000000000e+00,0.000000000000000000e+00,0.000000000000000000e+00,0.000000000000000000e+00,0.000000000000000000e+00,0.000000000000000000e+00,0.000000000000000000e+00,0.000000000000000000e+00,0.000000000000000000e+00,0.000000000000000000e+00,1.000000000000000000e+00,9.282535994141186686e-01,-2.255069905077416170e-01,-5.457610854263010847e-01,-6.785871828747762624e-01,-3.035120374369247309e-01,-1.000000000000000000e+00,9.557866469141889088e-01,7.341023184566966564e-02,-1.605409400105417272e-01,1.561577954837025939e-01,-3.575283622746055490e-01,3.011030997681063970e-01,4.896832126509531036e-01,1.331489941936852550e-01,-1.548254670244045839e-01,4.012770027246213012e-01,1.000000000000000000e+00,3.567265059050742093e-01,2.802492823385327458e-01,-1.321251669710681587e-01,1.000000000000000000e+00,1.457699511925139753e-02,-2.570150116354014691e-01,-8.594416622694428520e-01,-5.371464983119857983e-01,-7.629928532443286393e-02,-6.718000005895365945e-01,3.705740030168038768e-01,-3.492119746209602221e-02,6.024685419582170159e-02,-5.872497558871871484e-03,-2.733686247705791605e-01,-6.226928436651538723e-01,-3.528797110486312505e-01,-2.952279884412608579e-01,-2.636232595320642247e-01,1.557340171777294169e-01,-2.508123246691487326e-02,3.024136998820576849e-01,-2.669353519880027781e-01,5.689315529482742440e-01,-1.353242015740683812e-01,1.933241761895850286e-01,-4.318776414104431027e-01,9.661924676748043575e-03
0.000000000000000000e+00,0.000000000000000000e+00,0.000000000000000000e+00,0.000000000000000000e+00,0.000000000000000000e+00,0.000000000000000000e+00,0.000000000000000000e+00,0.000000000000000000e+00,0.000000000000000000e+00,0.000000000000000000e+00,0.000000000000000000e+00,0.000000000000000000e+00,0.000000000000000000e+00,0.000000000000000000e+00,0.000000000000000000e+00,0.000000000000000000e+00,0.000000000000000000e+00,0.000000000000000000e+00,0.000000000000000000e+00,0.000000000000000000e+00,0.000000000000000000e+00,0.000000000000000000e+00,0.000000000000000000e+00,0.000000000000000000e+00,0.000000000000000000e+00,0.000000000000000000e+00,0.000000000000000000e+00,0.000000000000000000e+00,0.000000000000000000e+00,0.000000000000000000e+00,0.000000000000000000e+00,0.000000000000000000e+00,0.000000000000000000e+00,0.000000000000000000e+00,0.000000000000000000e+00,0.000000000000000000e+00,0.000000000000000000e+00,0.000000000000000000e+00,0.000000000000000000e+00,0.000000000000000000e+00,0.000000000000000000e+00,0.000000000000000000e+00,0.000000000000000000e+00,0.000000000000000000e+00,0.000000000000000000e+00,0.000000000000000000e+00,0.000000000000000000e+00,0.000000000000000000e+00,0.000000000000000000e+00,0.000000000000000000e+00,0.000000000000000000e+00,0.000000000000000000e+00,0.000000000000000000e+00,0.000000000000000000e+00,0.000000000000000000e+00,1.000000000000000000e+00,-1.684713949267133137e-01,-2.521841101534774698e-01,-1.334143419480849843e-02,-1.625130527931344659e-01,-6.778875204273815402e-01,2.635221839981926051e-01,-1.792881205445347736e-01,-1.349747221647758788e-01,2.673402715366884341e-01,-2.371597282700359521e-01,2.935144035153768316e-01,3.007233454335064837e-01,-1.887829151159002850e-01,-1.588776814174577834e-01,1.575657090453052023e-01,5.696541477294843059e-01,1.822475480904175993e-01,4.350439771356967023e-01,1.310437962883830194e-02,5.422787580179838640e-01,2.317414210422450160e-01,-1.551104332496740512e-01,7.360603322481119870e-02,-1.341325852219434622e-01,-9.036710966921816801e-02,3.557647751314999690e-02,3.775014958017026134e-01,-1.039584190764974297e-01,1.685681659199148030e-01,7.590389353535703654e-02,3.958106012468350365e-01,-3.657120492420428554e-02,-1.518056864809596840e-01,1.572722951296934291e-01,-4.457129940555763087e-02,-1.028200008950559685e-01,8.974184144028615751e-02,-6.082257719045330163e-02,-5.111823824888288570e-01,9.076321214171367835e-01,2.524476703159507784e-01,1.320171739985563086e-01,-3.185950499798716473e-01,-1.577179611321449237e-01
0.000000000000000000e+00,0.000000000000000000e+00,0.000000000000000000e+00,0.000000000000000000e+00,0.000000000000000000e+00,0.000000000000000000e+00,0.000000000000000000e+00,0.000000000000000000e+00,0.000000000000000000e+00,0.000000000000000000e+00,0.000000000000000000e+00,0.000000000000000000e+00,0.000000000000000000e+00,0.000000000000000000e+00,0.000000000000000000e+00,0.000000000000000000e+00,0.000000000000000000e+00,0.000000000000000000e+00,0.000000000000000000e+00,0.000000000000000000e+00,0.000000000000000000e+00,0.000000000000000000e+00,0.000000000000000000e+00,0.000000000000000000e+00,0.000000000000000000e+00,0.000000000000000000e+00,0.000000000000000000e+00,0.000000000000000000e+00,0.000000000000000000e+00,0.000000000000000000e+00,0.000000000000000000e+00,0.000000000000000000e+00,0.000000000000000000e+00,0.000000000000000000e+00,0.000000000000000000e+00,0.000000000000000000e+00,0.000000000000000000e+00,0.000000000000000000e+00,0.000000000000000000e+00,0.000000000000000000e+00,0.000000000000000000e+00,0.000000000000000000e+00,0.000000000000000000e+00,0.000000000000000000e+00,0.000000000000000000e+00,0.000000000000000000e+00,0.000000000000000000e+00,0.000000000000000000e+00,0.000000000000000000e+00,0.000000000000000000e+00,0.000000000000000000e+00,0.000000000000000000e+00,0.000000000000000000e+00,0.000000000000000000e+00,0.000000000000000000e+00,0.000000000000000000e+00,1.000000000000000000e+00,-3.333872544592876852e-01,1.683678709650596739e-01,-2.381071894354505336e-01,2.373430944119593600e-02,-4.221579254778369816e-01,-1.730877252039204062e-01,-1.760239947174059294e-01,1.589393386077968817e-01,-2.188071525201967238e-01,3.138774599355285688e-01,-1.921223086261421575e-01,-3.446093870695640105e-01,-1.605951876605927336e-02,2.460541580942270101e-01,1.509666532218682522e-01,3.090586885990381782e-01,-1.629083631222396971e-03,3.902043766038080230e-01,-3.398299901440651194e-01,2.104960502702698799e-01,-2.493256860557212518e-01,2.154837257024283526e-01,2.941616788793490755e-01,1.011639106956475770e-01,6.322113810768181796e-01,2.928284945662263383e-01,-2.356216603106514595e-01,1.690861560884886483e-01,5.659363095707491409e-01,-4.923753497004441093e-01,2.839467534888320821e-01,-1.081518904647786328e-01,6.777252046736773061e-02,2.512962536117311907e-01,-1.781072996799578645e-01,1.956214655337513986e-01,-2.976575342473238295e-01,-7.058618176436168290e-02,2.145045080954103012e-01,1.160057534206440505e-01,2.312906121750921418e-01,2.387206286914426642e-02,-3.807265534518007866e-01
0.000000000000000000e+00,0.000000000000000000e+00,0.000000000000000000e+00,0.000000000000000000e+00,0.000000000000000000e+00,0.000000000000000000e+00,0.000000000000000000e+00,0.000000000000000000e+00,0.000000000000000000e+00,0.000000000000000000e+00,0.000000000000000000e+00,0.000000000000000000e+00,0.000000000000000000e+00,0.000000000000000000e+00,0.000000000000000000e+00,0.000000000000000000e+00,0.000000000000000000e+00,0.000000000000000000e+00,0.000000000000000000e+00,0.000000000000000000e+00,0.000000000000000000e+00,0.000000000000000000e+00,0.000000000000000000e+00,0.000000000000000000e+00,0.000000000000000000e+00,0.000000000000000000e+00,0.000000000000000000e+00,0.000000000000000000e+00,0.000000000000000000e+00,0.000000000000000000e+00,0.000000000000000000e+00,0.000000000000000000e+00,0.000000000000000000e+00,0.000000000000000000e+00,0.000000000000000000e+00,0.000000000000000000e+00,0.000000000000000000e+00,0.000000000000000000e+00,0.000000000000000000e+00,0.000000000000000000e+00,0.000000000000000000e+00,0.000000000000000000e+00,0.000000000000000000e+00,0.000000000000000000e+00,0.000000000000000000e+00,0.000000000000000000e+00,0.000000000000000000e+00,0.000000000000000000e+00,0.000000000000000000e+00,0.000000000000000000e+00,0.000000000000000000e+00,0.000000000000000000e+00,0.000000000000000000e+00,0.000000000000000000e+00,0.000000000000000000e+00,0.000000000000000000e+00,0.000000000000000000e+00,1.000000000000000000e+00,3.449716913030629883e-01,6.255044464617087741e-01,1.000000000000000000e+00,-2.130936713651011283e-01,3.319121911859309049e-01,4.213181439165930020e-01,-5.843877429601068707e-01,7.063039296186002236e-01,-7.648790553489203115e-01,-3.083052075632167210e-01,5.396784086749797371e-01,2.543294248106403588e-01,-6.887049524954268476e-01,-1.000000000000000000e+00,-8.475498320192942359e-01,-5.654338682418128537e-01,-6.761516971401034803e-01,-6.053195072255392883e-01,-4.321958569580776066e-01,6.310977666592822999e-01,-2.329486576619471325e-02,-8.787241749007528024e-02,-1.324618126130168438e-01,-5.802557571168992512e-01,-1.000000000000000000e+00,4.187443490260910894e-01,-4.016313883232301429e-01,-7.956815986958595266e-01,8.890028423361563403e-01,-3.278879014602529285e-01,4.653944536950788691e-01,-1.183730120794902196e-01,1.250824668719281718e-02,2.057974479692007697e-01,-3.588160393302904927e-01,3.592987227911268455e-01,5.951796958004710314e-01,-1.000000000000000000e+00,-6.325712536267427133e-01,-5.761645001815639544e-01,5.223885654627985486e-01,7.683284381072092994e-01
0.000000000000000000e+00,0.000000000000000000e+00,0.000000000000000000e+00,0.000000000000000000e+00,0.000000000000000000e+00,0.000000000000000000e+00,0.000000000000000000e+00,0.000000000000000000e+00,0.000000000000000000e+00,0.000000000000000000e+00,0.000000000000000000e+00,0.000000000000000000e+00,0.000000000000000000e+00,0.000000000000000000e+00,0.000000000000000000e+00,0.000000000000000000e+00,0.000000000000000000e+00,0.000000000000000000e+00,0.000000000000000000e+00,0.000000000000000000e+00,0.000000000000000000e+00,0.000000000000000000e+00,0.000000000000000000e+00,0.000000000000000000e+00,0.000000000000000000e+00,0.000000000000000000e+00,0.000000000000000000e+00,0.000000000000000000e+00,0.000000000000000000e+00,0.000000000000000000e+00,0.000000000000000000e+00,0.000000000000000000e+00,0.000000000000000000e+00,0.000000000000000000e+00,0.000000000000000000e+00,0.000000000000000000e+00,0.000000000000000000e+00,0.000000000000000000e+00,0.000000000000000000e+00,0.000000000000000000e+00,0.000000000000000000e+00,0.000000000000000000e+00,0.000000000000000000e+00,0.000000000000000000e+00,0.000000000000000000e+00,0.000000000000000000e+00,0.000000000000000000e+00,0.000000000000000000e+00,0.000000000000000000e+00,0.000000000000000000e+00,0.000000000000000000e+00,0.000000000000000000e+00,0.000000000000000000e+00,0.000000000000000000e+00,0.000000000000000000e+00,0.000000000000000000e+00,0.000000000000000000e+00,0.000000000000000000e+00,1.000000000000000000e+00,1.850390012799612086e-02,2.370045940473196333e-01,-1.000000000000000000e+00,-2.620097915709493908e-01,-2.689546729624866725e-02,4.171556831574321084e-02,6.670462832271065179e-02,2.376469203527239726e-01,-2.295858303552641699e-01,-3.266400288944040775e-01,-2.290470592944117770e-02,-1.960958118924013560e-01,-3.912723269761026468e-01,-1.508249009730018020e-01,-5.159391232297157875e-02,-1.378334628789021910e-01,-5.713859090245180239e-01,2.467545892589372847e-01,1.527367755837432117e-01,2.617604791518609586e-01,4.105026153405279543e-01,-3.011908344715112564e-03,3.556533549027138807e-01,-4.504089325411659850e-01,-1.352969998478996960e-01,1.948376911200389860e-01,3.331519808025203422e-01,8.353025046841067169e-01,8.524981807157937241e-02,1.120875940274159294e-01,2.956694453591949268e-01,8.523467615270206021e-01,-3.360753204076552536e-01,1.352724732730575807e-01,-3.536594024239960166e-01,-4.201889161673994511e-01,-2.498442080786748565e-01,-1.218415649331668210e-01,-8.949854656039753220e-02,1.999005471694889069e-01,3.003100891352169510e-01
0.000000000000000000e+00,0.000000000000000000e+00,0.000000000000000000e+00,0.000000000000000000e+00,0.000000000000000000e+00,0.000000000000000000e+00,0.000000000000000000e+00,0.000000000000000000e+00,0.000000000000000000e+00,0.000000000000000000e+00,0.000000000000000000e+00,0.000000000000000000e+00,0.000000000000000000e+00,0.000000000000000000e+00,0.000000000000000000e+00,0.000000000000000000e+00,0.000000000000000000e+00,0.000000000000000000e+00,0.000000000000000000e+00,0.000000000000000000e+00,0.000000000000000000e+00,0.000000000000000000e+00,0.000000000000000000e+00,0.000000000000000000e+00,0.000000000000000000e+00,0.000000000000000000e+00,0.000000000000000000e+00,0.000000000000000000e+00,0.000000000000000000e+00,0.000000000000000000e+00,0.000000000000000000e+00,0.000000000000000000e+00,0.000000000000000000e+00,0.000000000000000000e+00,0.000000000000000000e+00,0.000000000000000000e+00,0.000000000000000000e+00,0.000000000000000000e+00,0.000000000000000000e+00,0.000000000000000000e+00,0.000000000000000000e+00,0.000000000000000000e+00,0.000000000000000000e+00,0.000000000000000000e+00,0.000000000000000000e+00,0.000000000000000000e+00,0.000000000000000000e+00,0.000000000000000000e+00,0.000000000000000000e+00,0.000000000000000000e+00,0.000000000000000000e+00,0.000000000000000000e+00,0.000000000000000000e+00,0.000000000000000000e+00,0.000000000000000000e+00,0.000000000000000000e+00,0.000000000000000000e+00,0.000000000000000000e+00,0.000000000000000000e+00,1.000000000000000000e+00,1.000000000000000000e+00,3.702229696439580664e-01,6.933581098040003665e-01,6.230382616994868394e-01,-9.248634553920921375e-01,1.000000000000000000e+00,-1.000000000000000000e+00,-5.912819564372400194e-01,1.000000000000000000e+00,5.305647811465196151e-01,-7.165793791020134140e-01,-1.000000000000000000e+00,-1.000000000000000000e+00,-9.609773614493164473e-01,-9.966270479406710292e-01,-3.469008012748520664e-01,-7.461630974186116427e-01,7.497878807703841630e-01,-1.776031753908106914e-01,-5.495527763698777601e-01,-5.563423445909138065e-01,-6.702029759942106368e-01,-1.000000000000000000e+00,6.756181936928270515e-01,-7.670615193372594121e-01,-1.000000000000000000e+00,1.000000000000000000e+00,-6.041469055873324168e-01,6.504944365490760161e-01,-5.268893481447745053e-01,-6.334797509149084904e-01,5.211112530846992996e-01,-6.987984437263864423e-01,8.315200817932426602e-01,1.000000000000000000e+00,-1.000000000000000000e+00,-1.000000000000000000e+00,-8.316981602602497858e-01,6.933313627191877160e-01,7.307852406910673171e-01
0.000000000000000000e+00,0.000000000000000000e+00,0.000000000000000000e+00,0.000000000000000000e+00,0.000000000000000000e+00,0.000000000000000000e+00,0.000000000000000000e+00,0.000000000000000000e+00,0.000000000000000000e+00,0.000000000000000000e+00,0.000000000000000000e+00,0.000000000000000000e+00,0.000000000000000000e+00,0.000000000000000000e+00,0.000000000000000000e+00,0.000000000000000000e+00,0.000000000000000000e+00,0.000000000000000000e+00,0.000000000000000000e+00,0.000000000000000000e+00,0.000000000000000000e+00,0.000000000000000000e+00,0.000000000000000000e+00,0.000000000000000000e+00,0.000000000000000000e+00,0.000000000000000000e+00,0.000000000000000000e+00,0.000000000000000000e+00,0.000000000000000000e+00,0.000000000000000000e+00,0.000000000000000000e+00,0.000000000000000000e+00,0.000000000000000000e+00,0.000000000000000000e+00,0.000000000000000000e+00,0.000000000000000000e+00,0.000000000000000000e+00,0.000000000000000000e+00,0.000000000000000000e+00,0.000000000000000000e+00,0.000000000000000000e+00,0.000000000000000000e+00,0.000000000000000000e+00,0.000000000000000000e+00,0.000000000000000000e+00,0.000000000000000000e+00,0.000000000000000000e+00,0.000000000000000000e+00,0.000000000000000000e+00,0.000000000000000000e+00,0.000000000000000000e+00,0.000000000000000000e+00,0.000000000000000000e+00,0.000000000000000000e+00,0.000000000000000000e+00,0.000000000000000000e+00,0.000000000000000000e+00,0.000000000000000000e+00,0.000000000000000000e+00,0.000000000000000000e+00,1.000000000000000000e+00,-2.539241304860352377e-01,1.933827981449932620e-01,1.493502882085238626e-01,-3.090824890055781649e-01,3.442181766169969404e-01,-3.733326965140523757e-01,-5.025044271823964070e-01,1.878770736270500286e-01,2.637845378719667067e-01,-9.887910578904346437e-02,-1.000000000000000000e+00,-3.023343533324254762e-01,-4.506260955873532814e-01,-4.168550996632289229e-02,-5.604148552070937761e-01,-1.765310671728533010e-01,1.219497827289622305e-01,2.099113300878147903e-01,5.602985184299781596e-03,-1.713559432879759037e-01,3.324479987538372927e-01,-3.158733132243146113e-01,1.141159869446784075e-01,-2.336160135643428337e-01,-3.182356059672724613e-01,2.605796991031479951e-02,1.297876108805859074e-01,2.393822158030234348e-01,-2.022404316954233838e-01,-7.341647379657179062e-02,1.135735433212512469e-01,-1.574079257993832859e-01,9.988654005727462537e-02,6.215964026946622090e-01,-7.223465380178494266e-01,-3.700444097770902996e-01,-1.998709817351517204e-01,3.417073708085607842e-01,-3.999785070191818476e-02
0.000000000000000000e+00,0.000000000000000000e+00,0.000000000000000000e+00,0.000000000000000000e+00,0.000000000000000000e+00,0.000000000000000000e+00,0.000000000000000000e+00,0.000000000000000000e+00,0.000000000000000000e+00,0.000000000000000000e+00,0.000000000000000000e+00,0.000000000000000000e+00,0.000000000000000000e+00,0.000000000000000000e+00,0.000000000000000000e+00,0.000000000000000000e+00,0.000000000000000000e+00,0.000000000000000000e+00,0.000000000000000000e+00,0.000000000000000000e+00,0.000000000000000000e+00,0.000000000000000000e+00,0.000000000000000000e+00,0.000000000000000000e+00,0.000000000000000000e+00,0.000000000000000000e+00,0.000000000000000000e+00,0.000000000000000000e+00,0.000000000000000000e+00,0.000000000000000000e+00,0.000000000000000000e+00,0.000000000000000000e+00,0.000000000000000000e+00,0.000000000000000000e+00,0.000000000000000000e+00,0.000000000000000000e+00,0.000000000000000000e+00,0.000000000000000000e+00,0.000000000000000000e+00,0.000000000000000000e+00,0.000000000000000000e+00,0.000000000000000000e+00,0.000000000000000000e+00,0.000000000000000000e+00,0.000000000000000000e+00,0.000000000000000000e+00,0.000000000000000000e+00,0.000000000000000000e+00,0.000000000000000000e+00,0.000000000000000000e+00,0.000000000000000000e+00,0.000000000000000000e+00,0.000000000000000000e+00,0.000000000000000000e+00,0.000000000000000000e+00,0.000000000000000000e+00,0.000000000000000000e+00,0.000000000000000000e+00,0.000000000000000000e+00,0.000000000000000000e+00,0.000000000000000000e+00,1.000000000000000000e+00,1.816520478280145012e-01,4.064936385208949704e-02,-1.214135651601228744e-01,2.539451698244523867e-02,-1.947231446467712068e-01,1.385804786478593842e-01,1.894006262193639600e-01,4.743547914839325169e-02,1.154592657704385655e-01,5.419516328568558389e-02,-2.700943632205454747e-02,1.856458024455835340e-02,-1.035221437142641587e-01,5.241361860763853464e-01,-1.718909023466628772e-01,-3.644762380081697367e-02,-1.791382195060664817e-01,-3.785352199262765893e-01,-8.972824122658581980e-02,-3.481693277200513248e-01,2.244189016271279924e-01,1.369482946820218816e-01,-1.948761235981870676e-01,-2.848667192562004957e-01,-2.352313497062211989e-01,-2.069454861560466319e-01,-3.149543212619614757e-02,-2.428686796925018376e-01,-6.124773683187118012e-01,2.563846630156387252e-01,-1.473116196171657122e-01,3.450278014725521869e-01,2.822961489389698153e-01,4.152251921917842759e-01,-1.542041169917954535e-01,1.055504818510830155e-03,-4.100355199409815021e-02,-1.722746881193948365e-01
0.000000000000000000e+00,0.000000000000000000e+00,0.000000000000000000e+00,0.000000000000000000e+00,0.000000000000000000e+00,0.000000000000000000e+00,0.000000000000000000e+00,0.000000000000000000e+00,0.000000000000000000e+00,0.000000000000000000e+00,0.000000000000000000e+00,0.000000000000000000e+00,0.000000000000000000e+00,0.000000000000000000e+00,0.000000000000000000e+00,0.000000000000000000e+00,0.000000000000000000e+00,0.000000000000000000e+00,0.000000000000000000e+00,0.000000000000000000e+00,0.000000000000000000e+00,0.000000000000000000e+00,0.000000000000000000e+00,0.000000000000000000e+00,0.000000000000000000e+00,0.000000000000000000e+00,0.000000000000000000e+00,0.000000000000000000e+00,0.000000000000000000e+00,0.000000000000000000e+00,0.000000000000000000e+00,0.000000000000000000e+00,0.000000000000000000e+00,0.000000000000000000e+00,0.000000000000000000e+00,0.000000000000000000e+00,0.000000000000000000e+00,0.000000000000000000e+00,0.000000000000000000e+00,0.000000000000000000e+00,0.000000000000000000e+00,0.000000000000000000e+00,0.000000000000000000e+00,0.000000000000000000e+00,0.000000000000000000e+00,0.000000000000000000e+00,0.000000000000000000e+00,0.000000000000000000e+00,0.000000000000000000e+00,0.000000000000000000e+00,0.000000000000000000e+00,0.000000000000000000e+00,0.000000000000000000e+00,0.000000000000000000e+00,0.000000000000000000e+00,0.000000000000000000e+00,0.000000000000000000e+00,0.000000000000000000e+00,0.000000000000000000e+00,0.000000000000000000e+00,0.000000000000000000e+00,0.000000000000000000e+00,1.000000000000000000e+00,4.588536269573187942e-01,-9.572508288852096259e-01,7.739914173495023864e-01,-1.000000000000000000e+00,-5.184596399353357254e-01,1.000000000000000000e+00,5.970480193481244591e-01,-9.934141199871845268e-03,-1.000000000000000000e+00,-6.945148775579119693e-01,-1.000000000000000000e+00,-8.117444379312663827e-01,5.058202172154160348e-01,-9.345312900925499822e-01,3.286779793383032278e-01,-1.000000000000000000e+00,-1.000000000000000000e+00,-6.396079136747585547e-01,-1.000000000000000000e+00,-7.800188095650689712e-01,6.133096978721211956e-01,-8.693852085543937180e-01,-1.000000000000000000e+00,-2.175977832535927192e-01,-1.000000000000000000e+00,2.972145331884958330e-01,-1.000000000000000000e+00,-1.000000000000000000e+00,8.553103168987530314e-01,-7.725811867730350002e-01,1.000000000000000000e+00,1.000000000000000000e+00,-1.000000000000000000e+00,-1.000000000000000000e+00,-5.615730858336448472e-01,4.598375113996566732e-01,4.115375002582330466e-01
0.000000000000000000e+00,0.000000000000000000e+00,0.000000000000000000e+00,0.000000000000000000e+00,0.000000000000000000e+00,0.000000000000000000e+00,0.000000000000000000e+00,0.000000000000000000e+00,0.000000000000000000e+00,0.000000000000000000e+00,0.000000000000000000e+00,0.000000000000000000e+00,0.000000000000000000e+00,0.000000000000000000e+00,0.000000000000000000e+00,0.000000000000000000e+00,0.000000000000000000e+00,0.000000000000000000e+00,0.000000000000000000e+00,0.000000000000000000e+00,0.000000000000000000e+00,0.000000000000000000e+00,0.000000000000000000e+00,0.000000000000000000e+00,0.000000000000000000e+00,0.000000000000000000e+00,0.000000000000000000e+00,0.000000000000000000e+00,0.000000000000000000e+00,0.000000000000000000e+00,0.000000000000000000e+00,0.000000000000000000e+00,0.000000000000000000e+00,0.000000000000000000e+00,0.000000000000000000e+00,0.000000000000000000e+00,0.000000000000000000e+00,0.000000000000000000e+00,0.000000000000000000e+00,0.000000000000000000e+00,0.000000000000000000e+00,0.000000000000000000e+00,0.000000000000000000e+00,0.000000000000000000e+00,0.000000000000000000e+00,0.000000000000000000e+00,0.000000000000000000e+00,0.000000000000000000e+00,0.000000000000000000e+00,0.000000000000000000e+00,0.000000000000000000e+00,0.000000000000000000e+00,0.000000000000000000e+00,0.000000000000000000e+00,0.000000000000000000e+00,0.000000000000000000e+00,0.000000000000000000e+00,0.000000000000000000e+00,0.000000000000000000e+00,0.000000000000000000e+00,0.000000000000000000e+00,0.000000000000000000e+00,0.000000000000000000e+00,1.000000000000000000e+00,-1.000000000000000000e+00,1.000000000000000000e+00,-1.000000000000000000e+00,-2.830452170268461520e-01,1.000000000000000000e+00,5.091910681572253683e-01,-1.000000000000000000e+00,-1.000000000000000000e+00,-1.000000000000000000e+00,-1.000000000000000000e+00,-1.000000000000000000e+00,-7.740497170936549987e-01,-1.000000000000000000e+00,1.000000000000000000e+00,-7.616880062107774796e-01,-4.789581173428119620e-01,-3.702022842152805776e-02,-1.000000000000000000e+00,-1.000000000000000000e+00,1.000000000000000000e+00,-1.000000000000000000e+00,-1.000000000000000000e+00,7.689159251131599815e-01,-1.000000000000000000e+00,8.790852438230708499e-01,-5.219115726768027708e-01,-6.208115917103314008e-01,7.884470958961485865e-01,-9.067164156481350989e-01,1.000000000000000000e+00,1.000000000000000000e+00,-1.000000000000000000e+00,-1.000000000000000000e+00,-1.000000000000000000e+00,1.000000000000000000e+00,1.000000000000000000e+00
0.000000000000000000e+00,0.000000000000000000e+00,0.000000000000000000e+00,0.000000000000000000e+00,0.000000000000000000e+00,0.000000000000000000e+00,0.000000000000000000e+00,0.000000000000000000e+00,0.000000000000000000e+00,0.000000000000000000e+00,0.000000000000000000e+00,0.000000000000000000e+00,0.000000000000000000e+00,0.000000000000000000e+00,0.000000000000000000e+00,0.000000000000000000e+00,0.000000000000000000e+00,0.000000000000000000e+00,0.000000000000000000e+00,0.000000000000000000e+00,0.000000000000000000e+00,0.000000000000000000e+00,0.000000000000000000e+00,0.000000000000000000e+00,0.000000000000000000e+00,0.000000000000000000e+00,0.000000000000000000e+00,0.000000000000000000e+00,0.000000000000000000e+00,0.000000000000000000e+00,0.000000000000000000e+00,0.000000000000000000e+00,0.000000000000000000e+00,0.000000000000000000e+00,0.000000000000000000e+00,0.000000000000000000e+00,0.000000000000000000e+00,0.000000000000000000e+00,0.000000000000000000e+00,0.000000000000000000e+00,0.000000000000000000e+00,0.000000000000000000e+00,0.000000000000000000e+00,0.000000000000000000e+00,0.000000000000000000e+00,0.000000000000000000e+00,0.000000000000000000e+00,0.000000000000000000e+00,0.000000000000000000e+00,0.000000000000000000e+00,0.000000000000000000e+00,0.000000000000000000e+00,0.000000000000000000e+00,0.000000000000000000e+00,0.000000000000000000e+00,0.000000000000000000e+00,0.000000000000000000e+00,0.000000000000000000e+00,0.000000000000000000e+00,0.000000000000000000e+00,0.000000000000000000e+00,0.000000000000000000e+00,0.000000000000000000e+00,0.000000000000000000e+00,1.000000000000000000e+00,-7.895451188585485003e-01,9.237222633362585089e-01,6.098953073465530617e-01,-8.044947861133653344e-01,-5.003408546047684036e-01,3.468890972762555536e-01,1.000000000000000000e+00,8.700426223052074581e-01,1.000000000000000000e+00,8.429934440627258052e-01,3.935833756216111090e-01,7.310701550399861803e-01,-5.693025027298576068e-01,7.130505235392164964e-01,4.549250102642664051e-01,2.553480861271649194e-01,8.900558412470910286e-01,1.000000000000000000e+00,-5.104874701773156609e-01,7.167783698306545714e-01,8.356894510535941567e-01,-1.812719285629012245e-01,8.025598025919552514e-01,-4.359357668070159009e-01,7.780324565014881122e-01,2.421372982500047677e-01,-5.414695326673312215e-01,5.514287314977721621e-01,-8.132640252251919222e-01,-1.000000000000000000e+00,1.000000000000000000e+00,1.000000000000000000e+00,5.827150492936946646e-01,-8.372093518821126512e-01,-6.574783454792666459e-01
0.000000000000000000e+00,0.000000000000000000e+00,0.000000000000000000e+00,0.000000000000000000e+00,0.000000000000000000e+00,0.000000000000000000e+00,0.000000000000000000e+00,0.000000000000000000e+00,0.000000000000000000e+00,0.000000000000000000e+00,0.000000000000000000e+00,0.000000000000000000e+00,0.000000000000000000e+00,0.000000000000000000e+00,0.000000000000000000e+00,0.000000000000000000e+00,0.000000000000000000e+00,0.000000000000000000e+00,0.000000000000000000e+00,0.000000000000000000e+00,0.000000000000000000e+00,0.000000000000000000e+00,0.000000000000000000e+00,0.000000000000000000e+00,0.000000000000000000e+00,0.000000000000000000e+00,0.000000000000000000e+00,0.000000000000000000e+00,0.000000000000000000e+00,0.000000000000000000e+00,0.000000000000000000e+00,0.000000000000000000e+00,0.000000000000000000e+00,0.000000000000000000e+00,0.000000000000000000e+00,0.000000000000000000e+00,0.000000000000000000e+00,0.000000000000000000e+00,0.000000000000000000e+00,0.000000000000000000e+00,0.000000000000000000e+00,0.000000000000000000e+00,0.000000000000000000e+00,0.000000000000000000e+00,0.000000000000000000e+00,0.000000000000000000e+00,0.000000000000000000e+00,0.000000000000000000e+00,0.000000000000000000e+00,0.000000000000000000e+00,0.000000000000000000e+00,0.000000000000000000e+00,0.000000000000000000e+00,0.000000000000000000e+00,0.000000000000000000e+00,0.000000000000000000e+00,0.000000000000000000e+00,0.000000000000000000e+00,0.000000000000000000e+00,0.000000000000000000e+00,0.000000000000000000e+00,0.000000000000000000e+00,0.000000000000000000e+00,0.000000000000000000e+00,0.000000000000000000e+00,1.000000000000000000e+00,-1.000000000000000000e+00,-6.519762319924025107e-01,8.791139005341767065e-01,5.141637787140634908e-01,-6.214279897653736118e-01,-1.000000000000000000e+00,-1.000000000000000000e+00,-1.000000000000000000e+00,-9.379008953416813066e-01,-5.248404591996858048e-01,-6.880345024947310817e-01,7.122354745224734884e-01,-3.452814393130290149e-01,-3.937008324135113368e-01,-4.473262393099967094e-01,-6.742858453612124991e-01,-1.000000000000000000e+00,5.763304237699771182e-01,-6.945551105722403973e-01,-1.000000000000000000e+00,9.299168871731283703e-01,-6.417249691866271366e-01,5.902420749572663272e-01,-5.495655852409355724e-01,-2.895661132455492059e-01,4.463993191482970024e-01,-6.073460569967253919e-01,7.238274835548677011e-01,1.000000000000000000e+00,-1.000000000000000000e+00,-1.000000000000000000e+00,-7.496880639915777245e-01,7.810651251596143485e-01,7.698625876270198676e-01
0.000000000000000000e+00,0.000000000000000000e+00,0.000000000000000000e+00,0.000000000000000000e+00,0.000000000000000000e+00,0.000000000000000000e+00,0.000000000000000000e+00,0.000000000000000000e+00,0.000000000000000000e+00,0.000000000000000000e+00,0.000000000000000000e+00,0.000000000000000000e+00,0.000000000000000000e+00,0.000000000000000000e+00,0.000000000000000000e+00,0.000000000000000000e+00,0.000000000000000000e+00,0.000000000000000000e+00,0.000000000000000000e+00,0.000000000000000000e+00,0.000000000000000000e+00,0.000000000000000000e+00,0.000000000000000000e+00,0.000000000000000000e+00,0.000000000000000000e+00,0.000000000000000000e+00,0.000000000000000000e+00,0.000000000000000000e+00,0.000000000000000000e+00,0.000000000000000000e+00,0.000000000000000000e+00,0.000000000000000000e+00,0.000000000000000000e+00,0.000000000000000000e+00,0.000000000000000000e+00,0.000000000000000000e+00,0.000000000000000000e+00,0.000000000000000000e+00,0.000000000000000000e+00,0.000000000000000000e+00,0.000000000000000000e+00,0.000000000000000000e+00,0.000000000000000000e+00,0.000000000000000000e+00,0.000000000000000000e+00,0.000000000000000000e+00,0.000000000000000000e+00,0.000000000000000000e+00,0.000000000000000000e+00,0.000000000000000000e+00,0.000000000000000000e+00,0.000000000000000000e+00,0.000000000000000000e+00,0.000000000000000000e+00,0.000000000000000000e+00,0.000000000000000000e+00,0.000000000000000000e+00,0.000000000000000000e+00,0.000000000000000000e+00,0.000000000000000000e+00,0.000000000000000000e+00,0.000000000000000000e+00,0.000000000000000000e+00,0.000000000000000000e+00,0.000000000000000000e+00,0.000000000000000000e+00,1.000000000000000000e+00,2.677092091878473523e-01,-7.554899661524343557e-01,-3.402397469653175577e-01,4.562628837199224074e-01,1.000000000000000000e+00,7.171869320879632470e-01,6.307671031095549719e-01,4.928758043141109879e-01,2.019672099292633138e-01,6.406122765899692206e-01,-4.559380987837216570e-01,1.573277283820579131e-01,4.051544414618123979e-01,1.681029306434728976e-01,6.533733474490995841e-01,6.170412504225682992e-01,-5.182513872925756937e-01,6.098698554386909887e-01,1.000000000000000000e+00,-6.186292589962148758e-02,3.478087784114953784e-01,-3.936722234883532900e-01,4.392133948937645971e-01,7.854703308700181630e-01,-5.030936232755010007e-01,4.850266957311522020e-01,-6.574298749000595521e-01,-1.000000000000000000e+00,1.000000000000000000e+00,6.206369951262876716e-01,4.813149941624538797e-01,-4.615249007136163484e-01,-3.575040670362794049e-01
0.000000000000000000e+00,0.000000000000000000e+00,0.000000000000000000e+00,0.000000000000000000e+00,0.000000000000000000e+00,0.000000000000000000e+00,0.000000000000000000e+00,0.000000000000000000e+00,0.000000000000000000e+00,0.000000000000000000e+00,0.000000000000000000e+00,0.000000000000000000e+00,0.000000000000000000e+00,0.000000000000000000e+00,0.000000000000000000e+00,0.000000000000000000e+00,0.000000000000000000e+00,0.000000000000000000e+00,0.000000000000000000e+00,0.000000000000000000e+00,0.000000000000000000e+00,0.000000000000000000e+00,0.000000000000000000e+00,0.000000000000000000e+00,0.000000000000000000e+00,0.000000000000000000e+00,0.000000000000000000e+00,0.000000000000000000e+00,0.000000000000000000e+00,0.000000000000000000e+00,0.000000000000000000e+00,0.000000000000000000e+00,0.000000000000000000e+00,0.000000000000000000e+00,0.000000000000000000e+00,0.000000000000000000e+00,0.000000000000000000e+00,0.000000000000000000e+00,0.000000000000000000e+00,0.000000000000000000e+00,0.000000000000000000e+00,0.000000000000000000e+00,0.000000000000000000e+00,0.000000000000000000e+00,0.000000000000000000e+00,0.000000000000000000e+00,0.000000000000000000e+00,0.000000000000000000e+00,0.000000000000000000e+00,0.000000000000000000e+00,0.000000000000000000e+00,0.000000000000000000e+00,0.000000000000000000e+00,0.000000000000000000e+00,0.000000000000000000e+00,0.000000000000000000e+00,0.000000000000000000e+00,0.000000000000000000e+00,0.000000000000000000e+00,0.000000000000000000e+00,0.000000000000000000e+00,0.000000000000000000e+00,0.000000000000000000e+00,0.000000000000000000e+00,0.000000000000000000e+00,0.000000000000000000e+00,0.000000000000000000e+00,1.000000000000000000e+00,-1.374666460798797674e-01,-4.715559159399332345e-01,-2.742799734326956673e-01,1.000000000000000000e+00,2.430532242015124578e-01,7.849556589175660237e-01,-6.059627469867458248e-04,6.421557790811089905e-01,1.069001736370504135e-01,6.293751465331705319e-02,-7.496393258357336720e-02,1.075246990074174430e-01,5.170440832175314805e-01,-9.105267819093503245e-01,3.166488921901433606e-01,1.287745897329802512e-02,2.708034289479095413e-01,2.610130173204023296e-01,-4.455989613319604609e-02,-1.018204925557092272e-01,-2.311932926544103262e-01,5.234003779276559243e-01,-1.444857745893372847e-01,-1.084877442155497834e-01,1.875508462439172686e-01,-1.139893459412010118e-01,-8.901314221203938670e-01,8.033317389817362653e-01,8.665728071727806237e-01,1.699603421153335348e-01,-4.795651895166977430e-01,3.195711641099086009e-01
0.000000000000000000e+00,0.000000000000000000e+00,0.000000000000000000e+00,0.000000000000000000e+00,0.000000000000000000e+00,0.000000000000000000e+00,0.000000000000000000e+00,0.000000000000000000e+00,0.000000000000000000e+00,0.000000000000000000e+00,0.000000000000000000e+00,0.000000000000000000e+00,0.000000000000000000e+00,0.000000000000000000e+00,0.000000000000000000e+00,0.000000000000000000e+00,0.000000000000000000e+00,0.000000000000000000e+00,0.000000000000000000e+00,0.000000000000000000e+00,0.000000000000000000e+00,0.000000000000000000e+00,0.000000000000000000e+00,0.000000000000000000e+00,0.000000000000000000e+00,0.000000000000000000e+00,0.000000000000000000e+00,0.000000000000000000e+00,0.000000000000000000e+00,0.000000000000000000e+00,0.000000000000000000e+00,0.000000000000000000e+00,0.000000000000000000e+00,0.000000000000000000e+00,0.000000000000000000e+00,0.000000000000000000e+00,0.000000000000000000e+00,0.000000000000000000e+00,0.000000000000000000e+00,0.000000000000000000e+00,0.000000000000000000e+00,0.000000000000000000e+00,0.000000000000000000e+00,0.000000000000000000e+00,0.000000000000000000e+00,0.000000000000000000e+00,0.000000000000000000e+00,0.000000000000000000e+00,0.000000000000000000e+00,0.000000000000000000e+00,0.000000000000000000e+00,0.000000000000000000e+00,0.000000000000000000e+00,0.000000000000000000e+00,0.000000000000000000e+00,0.000000000000000000e+00,0.000000000000000000e+00,0.000000000000000000e+00,0.000000000000000000e+00,0.000000000000000000e+00,0.000000000000000000e+00,0.000000000000000000e+00,0.000000000000000000e+00,0.000000000000000000e+00,0.000000000000000000e+00,0.000000000000000000e+00,0.000000000000000000e+00,0.000000000000000000e+00,1.000000000000000000e+00,2.908264946164706988e-01,-1.645017539455504441e-01,-3.967894013967357414e-01,-4.856321547635806257e-01,-6.767262718457963677e-01,-7.074445659584299717e-01,3.882890823887894527e-01,-6.209795931614416897e-01,3.361623276647464631e-01,-9.985977310310050203e-01,-6.643637796480775792e-01,-3.847001253314570324e-01,-9.581714803837120265e-01,-6.828384235933884217e-01,4.167484396892018328e-01,-4.709888176229006240e-01,-1.000000000000000000e+00,1.502780872282884761e-01,-7.871350592419795733e-01,1.802925246561543071e-01,-6.358045409425961969e-01,-5.539409505673668077e-01,4.834978659214993479e-01,-4.874886126856841639e-01,7.824979371037921183e-01,8.649061157325124150e-01,-1.000000000000000000e+00,-7.348519764206012939e-01,-4.244978648498091145e-01,1.757771187992469286e-01,5.877022255085555535e-01
0.000000000000000000e+00,0.000000000000000000e+00,0.000000000000000000e+00,0.000000000000000000e+00,0.000000000000000000e+00,0.000000000000000000e+00,0.000000000000000000e+00,0.000000000000000000e+00,0.000000000000000000e+00,0.000000000000000000e+00,0.000000000000000000e+00,0.000000000000000000e+00,0.000000000000000000e+00,0.000000000000000000e+00,0.000000000000000000e+00,0.000000000000000000e+00,0.000000000000000000e+00,0.000000000000000000e+00,0.000000000000000000e+00,0.000000000000000000e+00,0.000000000000000000e+00,0.000000000000000000e+00,0.000000000000000000e+00,0.000000000000000000e+00,0.000000000000000000e+00,0.000000000000000000e+00,0.000000000000000000e+00,0.000000000000000000e+00,0.000000000000000000e+00,0.000000000000000000e+00,0.000000000000000000e+00,0.000000000000000000e+00,0.000000000000000000e+00,0.000000000000000000e+00,0.000000000000000000e+00,0.000000000000000000e+00,0.000000000000000000e+00,0.000000000000000000e+00,0.000000000000000000e+00,0.000000000000000000e+00,0.000000000000000000e+00,0.000000000000000000e+00,0.000000000000000000e+00,0.000000000000000000e+00,0.000000000000000000e+00,0.000000000000000000e+00,0.000000000000000000e+00,0.000000000000000000e+00,0.000000000000000000e+00,0.000000000000000000e+00,0.000000000000000000e+00,0.000000000000000000e+00,0.000000000000000000e+00,0.000000000000000000e+00,0.000000000000000000e+00,0.000000000000000000e+00,0.000000000000000000e+00,0.000000000000000000e+00,0.000000000000000000e+00,0.000000000000000000e+00,0.000000000000000000e+00,0.000000000000000000e+00,0.000000000000000000e+00,0.000000000000000000e+00,0.000000000000000000e+00,0.000000000000000000e+00,0.000000000000000000e+00,0.000000000000000000e+00,0.000000000000000000e+00,1.000000000000000000e+00,4.050398234964761035e-01,-1.000000000000000000e+00,-7.854212838050245171e-01,-1.000000000000000000e+00,-5.532445835990897898e-01,-3.534661558340960186e-01,-7.016565529800053991e-01,1.121599525001912290e-01,-5.762082982455164482e-01,-9.227476269249519358e-01,-1.000000000000000000e+00,5.717414898829414893e-01,-7.655150126296329516e-01,3.832063256426483933e-01,-9.258127379269249779e-01,-1.000000000000000000e+00,1.471428785492801539e-01,-4.832144848498894918e-01,4.995986514662100197e-01,-1.000000000000000000e+00,-6.642737812151016108e-01,7.041534026570552829e-01,-7.558416191644798943e-01,9.726447415618972858e-01,1.000000000000000000e+00,-1.000000000000000000e+00,-1.000000000000000000e+00,-5.768757303197021846e-01,8.785549040517540709e-01,-2.840537736209504671e-01
0.000000000000000000e+00,0.000000000000000000e+00,0.000000000000000000e+00,0.000000000000000000e+00,0.000000000000000000e+00,0.000000000000000000e+00,0.000000000000000000e+00,0.000000000000000000e+00,0.000000000000000000e+00,0.000000000000000000e+00,0.000000000000000000e+00,0.000000000000000000e+00,0.000000000000000000e+00,0.000000000000000000e+00,0.000000000000000000e+00,0.000000000000000000e+00,0.000000000000000000e+00,0.000000000000000000e+00,0.000000000000000000e+00,0.000000000000000000e+00,0.000000000000000000e+00,0.000000000000000000e+00,0.000000000000000000e+00,0.000000000000000000e+00,0.000000000000000000e+00,0.000000000000000000e+00,0.000000000000000000e+00,0.000000000000000000e+00,0.000000000000000000e+00,0.000000000000000000e+00,0.000000000000000000e+00,0.000000000000000000e+00,0.000000000000000000e+00,0.000000000000000000e+00,0.000000000000000000e+00,0.000000000000000000e+00,0.000000000000000000e+00,0.000000000000000000e+00,0.000000000000000000e+00,0.000000000000000000e+00,0.000000000000000000e+00,0.000000000000000000e+00,0.000000000000000000e+00,0.000000000000000000e+00,0.000000000000000000e+00,0.000000000000000000e+00,0.000000000000000000e+00,0.000000000000000000e+00,0.000000000000000000e+00,0.000000000000000000e+00,0.000000000000000000e+00,0.000000000000000000e+00,0.000000000000000000e+00,0.000000000000000000e+00,0.000000000000000000e+00,0.000000000000000000e+00,0.000000000000000000e+00,0.000000000000000000e+00,0.000000000000000000e+00,0.000000000000000000e+00,0.000000000000000000e+00,0.000000000000000000e+00,0.000000000000000000e+00,0.000000000000000000e+00,0.000000000000000000e+00,0.000000000000000000e+00,0.000000000000000000e+00,0.000000000000000000e+00,0.000000000000000000e+00,0.000000000000000000e+00,1.000000000000000000e+00,4.647760658800589306e-01,6.026415560709058594e-01,8.000267901284763283e-02,5.135143911467067168e-01,7.328819481306390049e-01,2.946975539417782120e-01,-6.942257195116696700e-01,-1.524490348892868219e-01,-3.936147169835720327e-01,-5.281007529816845736e-01,9.762293462802792421e-01,8.946667542045154686e-01,-3.182352865150588905e-01,9.244332735291194147e-02,1.724572655332358428e-01,-4.029834975127201124e-01,2.111249565848429821e-01,-3.053987790885039910e-01,-4.502631241533849860e-01,-3.111469712991060677e-01,3.869795436160416990e-02,6.426665914695746384e-02,-1.218634654617693075e-02,1.231480090123874133e-01,1.000000000000000000e+00,-4.988426934181445366e-02,3.636043164132241046e-01,-3.461384943630327338e-01,-9.602100855265133239e-01
0.000000000000000000e+00,0.000000000000000000e+00,0.000000000000000000e+00,0.000000000000000000e+00,0.000000000000000000e+00,0.000000000000000000e+00,0.000000000000000000e+00,0.000000000000000000e+00,0.000000000000000000e+00,0.000000000000000000e+00,0.000000000000000000e+00,0.000000000000000000e+00,0.000000000000000000e+00,0.000000000000000000e+00,0.000000000000000000e+00,0.000000000000000000e+00,0.000000000000000000e+00,0.000000000000000000e+00,0.000000000000000000e+00,0.000000000000000000e+00,0.000000000000000000e+00,0.000000000000000000e+00,0.000000000000000000e+00,0.000000000000000000e+00,0.000000000000000000e+00,0.000000000000000000e+00,0.000000000000000000e+00,0.000000000000000000e+00,0.000000000000000000e+00,0.000000000000000000e+00,0.000000000000000000e+00,0.000000000000000000e+00,0.000000000000000000e+00,0.000000000000000000e+00,0.000000000000000000e+00,0.000000000000000000e+00,0.000000000000000000e+00,0.000000000000000000e+00,0.000000000000000000e+00,0.000000000000000000e+00,0.000000000000000000e+00,0.000000000000000000e+00,0.000000000000000000e+00,0.000000000000000000e+00,0.000000000000000000e+00,0.000000000000000000e+00,0.000000000000000000e+00,0.000000000000000000e+00,0.000000000000000000e+00,0.000000000000000000e+00,0.000000000000000000e+00,0.000000000000000000e+00,0.000000000000000000e+00,0.000000000000000000e+00,0.000000000000000000e+00,0.000000000000000000e+00,0.000000000000000000e+00,0.000000000000000000e+00,0.000000000000000000e+00,0.000000000000000000e+00,0.000000000000000000e+00,0.000000000000000000e+00,0.000000000000000000e+00,0.000000000000000000e+00,0.000000000000000000e+00,0.000000000000000000e+00,0.000000000000000000e+00,0.000000000000000000e+00,0.000000000000000000e+00,0.000000000000000000e+00,0.000000000000000000e+00,1.000000000000000000e+00,3.274119143203368942e-01,3.266897440806071362e-01,1.338527234859702986e-01,3.599089536532805722e-01,1.221865691831317685e-01,-1.440668725219336754e-01,-2.002448649371068590e-01,3.957526887301952151e-02,1.675207979338381725e-01,-1.773250611113968978e-01,2.891770851469424586e-01,-1.272285422623472273e-01,2.191816700968619025e-01,2.664358285345114763e-01,-3.011164656409641149e-01,-6.827036615161628970e-03,-2.202364566082369857e-01,1.604389592267255193e-01,9.191727344483439921e-02,-9.965227932500794750e-02,1.566778667623748567e-01,-1.244952250455426679e-01,-4.670625481512000188e-01,4.133651077542711549e-01,4.084905020187867830e-01,2.009204428608341864e-01,-3.208768426455446687e-01,-2.364405183139419234e-02
0.000000000000000000e+00,0.000000000000000000e+00,0.000000000000000000e+00,0.000000000000000000e+00,0.000000000000000000e+00,0.000000000000000000e+00,0.000000000000000000e+00,0.000000000000000000e+00,0.000000000000000000e+00,0.000000000000000000e+00,0.000000000000000000e+00,0.000000000000000000e+00,0.000000000000000000e+00,0.000000000000000000e+00,0.000000000000000000e+00,0.000000000000000000e+00,0.000000000000000000e+00,0.000000000000000000e+00,0.000000000000000000e+00,0.000000000000000000e+00,0.000000000000000000e+00,0.000000000000000000e+00,0.000000000000000000e+00,0.000000000000000000e+00,0.000000000000000000e+00,0.000000000000000000e+00,0.000000000000000000e+00,0.000000000000000000e+00,0.000000000000000000e+00,0.000000000000000000e+00,0.000000000000000000e+00,0.000000000000000000e+00,0.000000000000000000e+00,0.000000000000000000e+00,0.000000000000000000e+00,0.000000000000000000e+00,0.000000000000000000e+00,0.000000000000000000e+00,0.000000000000000000e+00,0.000000000000000000e+00,0.000000000000000000e+00,0.000000000000000000e+00,0.000000000000000000e+00,0.000000000000000000e+00,0.000000000000000000e+00,0.000000000000000000e+00,0.000000000000000000e+00,0.000000000000000000e+00,0.000000000000000000e+00,0.000000000000000000e+00,0.000000000000000000e+00,0.000000000000000000e+00,0.000000000000000000e+00,0.000000000000000000e+00,0.000000000000000000e+00,0.000000000000000000e+00,0.000000000000000000e+00,0.000000000000000000e+00,0.000000000000000000e+00,0.000000000000000000e+00,0.000000000000000000e+00,0.000000000000000000e+00,0.000000000000000000e+00,0.000000000000000000e+00,0.000000000000000000e+00,0.000000000000000000e+00,0.000000000000000000e+00,0.000000000000000000e+00,0.000000000000000000e+00,0.000000000000000000e+00,0.000000000000000000e+00,0.000000000000000000e+00,1.000000000000000000e+00,7.270556062493424010e-01,9.612804505508618647e-01,4.810710212658989571e-01,5.559226192100180652e-01,-7.519982302301938537e-01,2.710829465108736125e-01,2.258676372422361855e-01,1.729449113360487789e-01,9.104584448684690523e-01,1.000000000000000000e+00,-5.075100154589133883e-01,5.114541999144532891e-01,8.889117048799637377e-01,-9.869468233462044271e-01,6.484372602864989510e-01,-5.000051728922655370e-01,2.488410910266104503e-01,2.416744654195953669e-03,-2.954083642082352967e-01,4.513663228427469698e-01,-5.599487465710379919e-01,-6.972007634052697078e-01,1.000000000000000000e+00,1.000000000000000000e+00,6.586184759038523628e-01,-6.608492727593869853e-01,-9.177598066246041020e-01
0.000000000000000000e+00,0.000000000000000000e+00,0.000000000000000000e+00,0.000000000000000000e+00,0.000000000000000000e+00,0.000000000000000000e+00,0.000000000000000000e+00,0.000000000000000000e+00,0.000000000000000000e+00,0.000000000000000000e+00,0.000000000000000000e+00,0.000000000000000000e+00,0.000000000000000000e+00,0.000000000000000000e+00,0.000000000000000000e+00,0.000000000000000000e+00,0.000000000000000000e+00,0.000000000000000000e+00,0.000000000000000000e+00,0.000000000000000000e+00,0.000000000000000000e+00,0.000000000000000000e+00,0.000000000000000000e+00,0.000000000000000000e+00,0.000000000000000000e+00,0.000000000000000000e+00,0.000000000000000000e+00,0.000000000000000000e+00,0.000000000000000000e+00,0.000000000000000000e+00,0.000000000000000000e+00,0.000000000000000000e+00,0.000000000000000000e+00,0.000000000000000000e+00,0.000000000000000000e+00,0.000000000000000000e+00,0.000000000000000000e+00,0.000000000000000000e+00,0.000000000000000000e+00,0.000000000000000000e+00,0.000000000000000000e+00,0.000000000000000000e+00,0.000000000000000000e+00,0.000000000000000000e+00,0.000000000000000000e+00,0.000000000000000000e+00,0.000000000000000000e+00,0.000000000000000000e+00,0.000000000000000000e+00,0.000000000000000000e+00,0.000000000000000000e+00,0.000000000000000000e+00,0.000000000000000000e+00,0.000000000000000000e+00,0.000000000000000000e+00,0.000000000000000000e+00,0.000000000000000000e+00,0.000000000000000000e+00,0.000000000000000000e+00,0.000000000000000000e+00,0.000000000000000000e+00,0.000000000000000000e+00,0.000000000000000000e+00,0.000000000000000000e+00,0.000000000000000000e+00,0.000000000000000000e+00,0.000000000000000000e+00,0.000000000000000000e+00,0.000000000000000000e+00,0.000000000000000000e+00,0.000000000000000000e+00,0.000000000000000000e+00,0.000000000000000000e+00,1.000000000000000000e+00,4.920434115355319382e-01,4.104543587267627247e-01,4.680355782148392096e-01,-2.834615550514570370e-01,6.767457670537161407e-01,2.508830162366663674e-01,3.103025281507939548e-01,2.587429661396580816e-01,7.834123776891075419e-01,-2.330597563018312890e-01,4.197753127560565067e-01,4.631282662109778570e-01,4.212236319802171308e-02,5.416443095602342384e-01,-2.506344833980373998e-01,6.299084879368774814e-01,-7.156328326477041923e-02,-2.952091187269464401e-01,3.415505448865080451e-01,-4.730680145903328193e-01,-9.606034393789539827e-01,1.000000000000000000e+00,1.000000000000000000e+00,3.473155720331249086e-01,-5.742598915331328380e-01,-3.677605069554826800e-01
0.000000000000000000e+00,0.000000000000000000e+00,0.000000000000000000e+00,0.000000000000000000e+00,0.000000000000000000e+00,0.000000000000000000e+00,0.000000000000000000e+00,0.000000000000000000e+00,0.000000000000000000e+00,0.000000000000000000e+00,0.000000000000000000e+00,0.000000000000000000e+00,0.000000000000000000e+00,0.000000000000000000e+00,0.000000000000000000e+00,0.000000000000000000e+00,0.000000000000000000e+00,0.000000000000000000e+00,0.000000000000000000e+00,0.000000000000000000e+00,0.000000000000000000e+00,0.000000000000000000e+00,0.000000000000000000e+00,0.000000000000000000e+00,0.000000000000000000e+00,0.000000000000000000e+00,0.000000000000000000e+00,0.000000000000000000e+00,0.000000000000000000e+00,0.000000000000000000e+00,0.000000000000000000e+00,0.000000000000000000e+00,0.000000000000000000e+00,0.000000000000000000e+00,0.000000000000000000e+00,0.000000000000000000e+00,0.000000000000000000e+00,0.000000000000000000e+00,0.000000000000000000e+00,0.000000000000000000e+00,0.000000000000000000e+00,0.000000000000000000e+00,0.000000000000000000e+00,0.000000000000000000e+00,0.000000000000000000e+00,0.000000000000000000e+00,0.000000000000000000e+00,0.000000000000000000e+00,0.000000000000000000e+00,0.000000000000000000e+00,0.000000000000000000e+00,0.000000000000000000e+00,0.000000000000000000e+00,0.000000000000000000e+00,0.000000000000000000e+00,0.000000000000000000e+00,0.000000000000000000e+00,0.000000000000000000e+00,0.000000000000000000e+00,0.000000000000000000e+00,0.000000000000000000e+00,0.000000000000000000e+00,0.000000000000000000e+00,0.000000000000000000e+00,0.000000000000000000e+00,0.000000000000000000e+00,0.000000000000000000e+00,0.000000000000000000e+00,0.000000000000000000e+00,0.000000000000000000e+00,0.000000000000000000e+00,0.000000000000000000e+00,0.000000000000000000e+00,0.000000000000000000e+00,1.000000000000000000e+00,-2.724124376942064218e-01,3.781998098963836874e-01,-5.082197447332247320e-01,8.470492908904844187e-01,3.761797159513625699e-01,2.272926035562667368e-01,1.000000000000000000e+00,9.882214134355444823e-01,-3.274740422098874615e-01,2.730949106844702823e-01,5.931931215019116133e-01,-9.100536819327402771e-01,9.621707119301736721e-01,-1.964094845257053357e-01,2.867099222535464675e-01,-9.640654963900767427e-02,-2.011017405451414608e-01,3.393909859694274611e-01,-5.596756599658224696e-01,-2.368932312938563656e-01,1.000000000000000000e+00,8.807633372390958337e-01,4.437842880051062755e-01,-3.023752069839790724e-01,-9.168235947820437826e-01
0.000000000000000000e+00,0.000000000000000000e+00,0.000000000000000000e+00,0.000000000000000000e+00,0.000000000000000000e+00,0.000000000000000000e+00,0.000000000000000000e+00,0.000000000000000000e+00,0.000000000000000000e+00,0.000000000000000000e+00,0.000000000000000000e+00,0.000000000000000000e+00,0.000000000000000000e+00,0.000000000000000000e+00,0.000000000000000000e+00,0.000000000000000000e+00,0.000000000000000000e+00,0.000000000000000000e+00,0.000000000000000000e+00,0.000000000000000000e+00,0.000000000000000000e+00,0.000000000000000000e+00,0.000000000000000000e+00,0.000000000000000000e+00,0.000000000000000000e+00,0.000000000000000000e+00,0.000000000000000000e+00,0.000000000000000000e+00,0.000000000000000000e+00,0.000000000000000000e+00,0.000000000000000000e+00,0.000000000000000000e+00,0.000000000000000000e+00,0.000000000000000000e+00,0.000000000000000000e+00,0.000000000000000000e+00,0.000000000000000000e+00,0.000000000000000000e+00,0.000000000000000000e+00,0.000000000000000000e+00,0.000000000000000000e+00,0.000000000000000000e+00,0.000000000000000000e+00,0.000000000000000000e+00,0.000000000000000000e+00,0.000000000000000000e+00,0.000000000000000000e+00,0.000000000000000000e+00,0.000000000000000000e+00,0.000000000000000000e+00,0.000000000000000000e+00,0.000000000000000000e+00,0.000000000000000000e+00,0.000000000000000000e+00,0.000000000000000000e+00,0.000000000000000000e+00,0.000000000000000000e+00,0.000000000000000000e+00,0.000000000000000000e+00,0.000000000000000000e+00,0.000000000000000000e+00,0.000000000000000000e+00,0.000000000000000000e+00,0.000000000000000000e+00,0.000000000000000000e+00,0.000000000000000000e+00,0.000000000000000000e+00,0.000000000000000000e+00,0.000000000000000000e+00,0.000000000000000000e+00,0.000000000000000000e+00,0.000000000000000000e+00,0.000000000000000000e+00,0.000000000000000000e+00,0.000000000000000000e+00,1.000000000000000000e+00,3.445463244182819795e-02,-1.746585182537152281e-01,-4.023219514958915055e-01,-4.557016856518712467e-01,-2.888842744469321544e-01,-2.162861190487190832e-01,2.593391703275527149e-01,2.029774967074440828e-02,-9.893120708921027823e-03,-2.642575776376552832e-01,2.477033133576972967e-01,-3.740085541851093098e-01,-1.649496725238584760e-01,-2.081370688261786894e-01,-4.428797084438029774e-01,1.174305429605476681e-01,-1.017951738401114276e-01,2.498254335102357004e-01,-6.732450920702423569e-02,3.114785410435256807e-01,3.198429098250807692e-03,5.161901847271904015e-02,-3.141321614823106012e-01,-8.794478063098676301e-02
0.000000000000000000e+00,0.000000000000000000e+00,0.000000000000000000e+00,0.000000000000000000e+00,0.000000000000000000e+00,0.000000000000000000e+00,0.000000000000000000e+00,0.000000000000000000e+00,0.000000000000000000e+00,0.000000000000000000e+00,0.000000000000000000e+00,0.000000000000000000e+00,0.000000000000000000e+00,0.000000000000000000e+00,0.000000000000000000e+00,0.000000000000000000e+00,0.000000000000000000e+00,0.000000000000000000e+00,0.000000000000000000e+00,0.000000000000000000e+00,0.000000000000000000e+00,0.000000000000000000e+00,0.000000000000000000e+00,0.000000000000000000e+00,0.000000000000000000e+00,0.000000000000000000e+00,0.000000000000000000e+00,0.000000000000000000e+00,0.000000000000000000e+00,0.000000000000000000e+00,0.000000000000000000e+00,0.000000000000000000e+00,0.000000000000000000e+00,0.000000000000000000e+00,0.000000000000000000e+00,0.000000000000000000e+00,0.000000000000000000e+00,0.000000000000000000e+00,0.000000000000000000e+00,0.000000000000000000e+00,0.000000000000000000e+00,0.000000000000000000e+00,0.000000000000000000e+00,0.000000000000000000e+00,0.000000000000000000e+00,0.000000000000000000e+00,0.000000000000000000e+00,0.000000000000000000e+00,0.000000000000000000e+00,0.000000000000000000e+00,0.000000000000000000e+00,0.000000000000000000e+00,0.000000000000000000e+00,0.000000000000000000e+00,0.000000000000000000e+00,0.000000000000000000e+00,0.000000000000000000e+00,0.000000000000000000e+00,0.000000000000000000e+00,0.000000000000000000e+00,0.000000000000000000e+00,0.000000000000000000e+00,0.000000000000000000e+00,0.000000000000000000e+00,0.000000000000000000e+00,0.000000000000000000e+00,0.000000000000000000e+00,0.000000000000000000e+00,0.000000000000000000e+00,0.000000000000000000e+00,0.000000000000000000e+00,0.000000000000000000e+00,0.000000000000000000e+00,0.000000000000000000e+00,0.000000000000000000e+00,0.000000000000000000e+00,1.000000000000000000e+00,-6.363672469516404862e-01,9.964506039032735574e-01,5.462326584182879419e-01,9.279440143161025480e-04,1.000000000000000000e+00,9.942168201195938915e-01,-6.260436607492474437e-01,7.222938168936245962e-01,1.000000000000000000e+00,6.354809269678927119e-01,8.054706910916784590e-01,-3.456904340991336366e-01,7.011476866914974071e-01,6.213368235687007912e-01,-6.859694039919170816e-01,5.689378466976678927e-01,-9.601503697255929781e-01,-1.000000000000000000e+00,1.000000000000000000e+00,1.000000000000000000e+00,5.422481227345843369e-01,-5.815043485436384163e-01,-7.665664711919613072e-01
0.000000000000000000e+00,0.000000000000000000e+00,0.000000000000000000e+00,0.000000000000000000e+00,0.000000000000000000e+00,0.000000000000000000e+00,0.000000000000000000e+00,0.000000000000000000e+00,0.000000000000000000e+00,0.000000000000000000e+00,0.000000000000000000e+00,0.000000000000000000e+00,0.000000000000000000e+00,0.000000000000000000e+00,0.000000000000000000e+00,0.000000000000000000e+00,0.000000000000000000e+00,0.000000000000000000e+00,0.000000000000000000e+00,0.000000000000000000e+00,0.000000000000000000e+00,0.000000000000000000e+00,0.000000000000000000e+00,0.000000000000000000e+00,0.000000000000000000e+00,0.000000000000000000e+00,0.000000000000000000e+00,0.000000000000000000e+00,0.000000000000000000e+00,0.000000000000000000e+00,0.000000000000000000e+00,0.000000000000000000e+00,0.000000000000000000e+00,0.000000000000000000e+00,0.000000000000000000e+00,0.000000000000000000e+00,0.000000000000000000e+00,0.000000000000000000e+00,0.000000000000000000e+00,0.000000000000000000e+00,0.000000000000000000e+00,0.000000000000000000e+00,0.000000000000000000e+00,0.000000000000000000e+00,0.000000000000000000e+00,0.000000000000000000e+00,0.000000000000000000e+00,0.000000000000000000e+00,0.000000000000000000e+00,0.000000000000000000e+00,0.000000000000000000e+00,0.000000000000000000e+00,0.000000000000000000e+00,0.000000000000000000e+00,0.000000000000000000e+00,0.000000000000000000e+00,0.000000000000000000e+00,0.000000000000000000e+00,0.000000000000000000e+00,0.000000000000000000e+00,0.000000000000000000e+00,0.000000000000000000e+00,0.000000000000000000e+00,0.000000000000000000e+00,0.000000000000000000e+00,0.000000000000000000e+00,0.000000000000000000e+00,0.000000000000000000e+00,0.000000000000000000e+00,0.000000000000000000e+00,0.000000000000000000e+00,0.000000000000000000e+00,0.000000000000000000e+00,0.000000000000000000e+00,0.000000000000000000e+00,0.000000000000000000e+00,0.000000000000000000e+00,1.000000000000000000e+00,-4.391366669211273499e-01,1.642188536389994069e-01,3.564778330956589469e-01,-1.000000000000000000e+00,-1.000000000000000000e+00,5.093105846516005064e-01,-3.374358294973605621e-01,-5.088976760340693239e-01,7.588745372585365967e-01,-6.728883047643007265e-01,4.595767511657479765e-01,1.249367341498480583e-01,4.497850399909392172e-01,1.521591538993234405e-01,-2.849236586862425313e-01,3.785796695581377103e-01,1.962512781452081523e-01,-1.000000000000000000e+00,-6.819601869539131389e-01,-6.374965902821220221e-01,6.565661652946336302e-01,1.000000000000000000e+00
0.000000000000000000e+00,0.000000000000000000e+00,0.000000000000000000e+00,0.000000000000000000e+00,0.000000000000000000e+00,0.000000000000000000e+00,0.000000000000000000e+00,0.000000000000000000e+00,0.000000000000000000e+00,0.000000000000000000e+00,0.000000000000000000e+00,0.000000000000000000e+00,0.000000000000000000e+00,0.000000000000000000e+00,0.000000000000000000e+00,0.000000000000000000e+00,0.000000000000000000e+00,0.000000000000000000e+00,0.000000000000000000e+00,0.000000000000000000e+00,0.000000000000000000e+00,0.000000000000000000e+00,0.000000000000000000e+00,0.000000000000000000e+00,0.000000000000000000e+00,0.000000000000000000e+00,0.000000000000000000e+00,0.000000000000000000e+00,0.000000000000000000e+00,0.000000000000000000e+00,0.000000000000000000e+00,0.000000000000000000e+00,0.000000000000000000e+00,0.000000000000000000e+00,0.000000000000000000e+00,0.000000000000000000e+00,0.000000000000000000e+00,0.000000000000000000e+00,0.000000000000000000e+00,0.000000000000000000e+00,0.000000000000000000e+00,0.000000000000000000e+00,0.000000000000000000e+00,0.000000000000000000e+00,0.000000000000000000e+00,0.000000000000000000e+00,0.000000000000000000e+00,0.000000000000000000e+00,0.000000000000000000e+00,0.000000000000000000e+00,0.000000000000000000e+00,0.000000000000000000e+00,0.000000000000000000e+00,0.000000000000000000e+00,0.000000000000000000e+00,0.000000000000000000e+00,0.000000000000000000e+00,0.000000000000000000e+00,0.000000000000000000e+00,0.000000000000000000e+00,0.000000000000000000e+00,0.000000000000000000e+00,0.000000000000000000e+00,0.000000000000000000e+00,0.000000000000000000e+00,0.000000000000000000e+00,0.000000000000000000e+00,0.000000000000000000e+00,0.000000000000000000e+00,0.000000000000000000e+00,0.000000000000000000e+00,0.000000000000000000e+00,0.000000000000000000e+00,0.000000000000000000e+00,0.000000000000000000e+00,0.000000000000000000e+00,0.000000000000000000e+00,0.000000000000000000e+00,1.000000000000000000e+00,3.591785766980171712e-01,1.771508112744574204e-01,7.275557011294396803e-01,4.049990084006221402e-01,-1.170674830314169385e-01,1.242702867298980246e-01,2.372844895679256383e-01,-8.950119902512036762e-02,7.110168867999800968e-01,5.411018186801409835e-02,3.941310668856934929e-01,-5.613452269886049645e-02,-1.789819768814668588e-01,1.848564312287716283e-01,-3.871912871445281068e-01,-1.773042893369871364e-01,8.752188811069328001e-01,5.526759661042541794e-01,1.350462718052185540e-01,-3.227817324634105894e-02,-4.835610443321886054e-01
0.000000000000000000e+00,0.000000000000000000e+00,0.000000000000000000e+00,0.000000000000000000e+00,0.000000000000000000e+00,0.000000000000000000e+00,0.000000000000000000e+00,0.000000000000000000e+00,0.000000000000000000e+00,0.000000000000000000e+00,0.000000000000000000e+00,0.000000000000000000e+00,0.000000000000000000e+00,0.000000000000000000e+00,0.000000000000000000e+00,0.000000000000000000e+00,0.000000000000000000e+00,0.000000000000000000e+00,0.000000000000000000e+00,0.000000000000000000e+00,0.000000000000000000e+00,0.000000000000000000e+00,0.000000000000000000e+00,0.000000000000000000e+00,0.000000000000000000e+00,0.000000000000000000e+00,0.000000000000000000e+00,0.000000000000000000e+00,0.000000000000000000e+00,0.000000000000000000e+00,0.000000000000000000e+00,0.000000000000000000e+00,0.000000000000000000e+00,0.000000000000000000e+00,0.000000000000000000e+00,0.000000000000000000e+00,0.000000000000000000e+00,0.000000000000000000e+00,0.000000000000000000e+00,0.000000000000000000e+00,0.000000000000000000e+00,0.000000000000000000e+00,0.000000000000000000e+00,0.000000000000000000e+00,0.000000000000000000e+00,0.000000000000000000e+00,0.000000000000000000e+00,0.000000000000000000e+00,0.000000000000000000e+00,0.000000000000000000e+00,0.000000000000000000e+00,0.000000000000000000e+00,0.000000000000000000e+00,0.000000000000000000e+00,0.000000000000000000e+00,0.000000000000000000e+00,0.000000000000000000e+00,0.000000000000000000e+00,0.000000000000000000e+00,0.000000000000000000e+00,0.000000000000000000e+00,0.000000000000000000e+00,0.000000000000000000e+00,0.000000000000000000e+00,0.000000000000000000e+00,0.000000000000000000e+00,0.000000000000000000e+00,0.000000000000000000e+00,0.000000000000000000e+00,0.000000000000000000e+00,0.000000000000000000e+00,0.000000000000000000e+00,0.000000000000000000e+00,0.000000000000000000e+00,0.000000000000000000e+00,0.000000000000000000e+00,0.000000000000000000e+00,0.000000000000000000e+00,0.000000000000000000e+00,1.000000000000000000e+00,7.246520582522683052e-01,3.916121797722134645e-01,-3.860878629660588479e-02,-2.392754706345139315e-01,3.798139467242376277e-01,9.539122848348516870e-01,-3.507295505719441042e-01,7.353141140069333614e-01,2.471977647249047963e-02,7.560690087371261248e-01,8.458029202440655592e-01,-4.642961708948640243e-01,4.320289094941223706e-01,-7.557069533773115300e-01,-6.644161904734571245e-01,2.671693689450614917e-01,6.973392534535044485e-01,1.826106230265100994e-01,1.347837435373148152e-01,7.647305986836608338e-02
0.000000000000000000e+00,0.000000000000000000e+00,0.000000000000000000e+00,0.000000000000000000e+00,0.000000000000000000e+00,0.000000000000000000e+00,0.000000000000000000e+00,0.000000000000000000e+00,0.000000000000000000e+00,0.000000000000000000e+00,0.000000000000000000e+00,0.000000000000000000e+00,0.000000000000000000e+00,0.000000000000000000e+00,0.000000000000000000e+00,0.000000000000000000e+00,0.000000000000000000e+00,0.000000000000000000e+00,0.000000000000000000e+00,0.000000000000000000e+00,0.000000000000000000e+00,0.000000000000000000e+00,0.000000000000000000e+00,0.000000000000000000e+00,0.000000000000000000e+00,0.000000000000000000e+00,0.000000000000000000e+00,0.000000000000000000e+00,0.000000000000000000e+00,0.000000000000000000e+00,0.000000000000000000e+00,0.000000000000000000e+00,0.000000000000000000e+00,0.000000000000000000e+00,0.000000000000000000e+00,0.000000000000000000e+00,0.000000000000000000e+00,0.000000000000000000e+00,0.000000000000000000e+00,0.000000000000000000e+00,0.000000000000000000e+00,0.000000000000000000e+00,0.000000000000000000e+00,0.000000000000000000e+00,0.000000000000000000e+00,0.000000000000000000e+00,0.000000000000000000e+00,0.000000000000000000e+00,0.000000000000000000e+00,0.000000000000000000e+00,0.000000000000000000e+00,0.000000000000000000e+00,0.000000000000000000e+00,0.000000000000000000e+00,0.000000000000000000e+00,0.000000000000000000e+00,0.000000000000000000e+00,0.000000000000000000e+00,0.000000000000000000e+00,0.000000000000000000e+00,0.000000000000000000e+00,0.000000000000000000e+00,0.000000000000000000e+00,0.000000000000000000e+00,0.000000000000000000e+00,0.000000000000000000e+00,0.000000000000000000e+00,0.000000000000000000e+00,0.000000000000000000e+00,0.000000000000000000e+00,0.000000000000000000e+00,0.000000000000000000e+00,0.000000000000000000e+00,0.000000000000000000e+00,0.000000000000000000e+00,0.000000000000000000e+00,0.000000000000000000e+00,0.000000000000000000e+00,0.000000000000000000e+00,0.000000000000000000e+00,1.000000000000000000e+00,-5.246218745408187667e-01,-3.590656305916993529e-02,-3.571665537580060584e-02,2.142476078681463669e-01,7.136026989107652208e-01,-9.962308966650694764e-01,4.029197400451767774e-01,-3.778874341277516785e-02,6.144714552154519893e-01,4.264154796123259539e-01,-1.869037639693150732e-01,3.252811351380424099e-01,-4.098895628747977748e-01,-5.120464378556875973e-01,3.357560757443963095e-01,5.925639811462635187e-01,1.637951840047015273e-01,7.511877859879244335e-02,2.843978267882840139e-01
0.000000000000000000e+00,0.000000000000000000e+00,0.000000000000000000e+00,0.000000000000000000e+00,0.000000000000000000e+00,0.000000000000000000e+00,0.000000000000000000e+00,0.000000000000000000e+00,0.000000000000000000e+00,0.000000000000000000e+00,0.000000000000000000e+00,0.000000000000000000e+00,0.000000000000000000e+00,0.000000000000000000e+00,0.000000000000000000e+00,0.000000000000000000e+00,0.000000000000000000e+00,0.000000000000000000e+00,0.000000000000000000e+00,0.000000000000000000e+00,0.000000000000000000e+00,0.000000000000000000e+00,0.000000000000000000e+00,0.000000000000000000e+00,0.000000000000000000e+00,0.000000000000000000e+00,0.000000000000000000e+00,0.000000000000000000e+00,0.000000000000000000e+00,0.000000000000000000e+00,0.000000000000000000e+00,0.000000000000000000e+00,0.000000000000000000e+00,0.000000000000000000e+00,0.000000000000000000e+00,0.000000000000000000e+00,0.000000000000000000e+00,0.000000000000000000e+00,0.000000000000000000e+00,0.000000000000000000e+00,0.000000000000000000e+00,0.000000000000000000e+00,0.000000000000000000e+00,0.000000000000000000e+00,0.000000000000000000e+00,0.000000000000000000e+00,0.000000000000000000e+00,0.000000000000000000e+00,0.000000000000000000e+00,0.000000000000000000e+00,0.000000000000000000e+00,0.000000000000000000e+00,0.000000000000000000e+00,0.000000000000000000e+00,0.000000000000000000e+00,0.000000000000000000e+00,0.000000000000000000e+00,0.000000000000000000e+00,0.000000000000000000e+00,0.000000000000000000e+00,0.000000000000000000e+00,0.000000000000000000e+00,0.000000000000000000e+00,0.000000000000000000e+00,0.000000000000000000e+00,0.000000000000000000e+00,0.000000000000000000e+00,0.000000000000000000e+00,0.000000000000000000e+00,0.000000000000000000e+00,0.000000000000000000e+00,0.000000000000000000e+00,0.000000000000000000e+00,0.000000000000000000e+00,0.000000000000000000e+00,0.000000000000000000e+00,0.000000000000000000e+00,0.000000000000000000e+00,0.000000000000000000e+00,0.000000000000000000e+00,0.000000000000000000e+00,1.000000000000000000e+00,4.275358153115858539e-01,-2.036546145216719672e-01,1.196064466402329968e-01,1.835136064332630601e-01,-6.646347475643582525e-02,4.766158518357615503e-01,-3.833866344530274112e-02,5.469603126172040142e-02,4.512013001507731921e-03,-1.457027632562653274e-01,1.191758811362827186e-01,-2.800585042462989671e-01,1.221084258751484967e-03,4.952493293895440241e-01,2.408892040370704535e-01,1.648199424413821501e-01,-8.110573057182565715e-02,-5.786613795130872706e-01
0.000000000000000000e+00,0.000000000000000000e+00,0.000000000000000000e+00,0.000000000000000000e+00,0.000000000000000000e+00,0.000000000000000000e+00,0.000000000000000000e+00,0.000000000000000000e+00,0.000000000000000000e+00,0.000000000000000000e+00,0.000000000000000000e+00,0.000000000000000000e+00,0.000000000000000000e+00,0.000000000000000000e+00,0.000000000000000000e+00,0.000000000000000000e+00,0.000000000000000000e+00,0.000000000000000000e+00,0.000000000000000000e+00,0.000000000000000000e+00,0.000000000000000000e+00,0.000000000000000000e+00,0.000000000000000000e+00,0.000000000000000000e+00,0.000000000000000000e+00,0.000000000000000000e+00,0.000000000000000000e+00,0.000000000000000000e+00,0.000000000000000000e+00,0.000000000000000000e+00,0.000000000000000000e+00,0.000000000000000000e+00,0.000000000000000000e+00,0.000000000000000000e+00,0.000000000000000000e+00,0.000000000000000000e+00,0.000000000000000000e+00,0.000000000000000000e+00,0.000000000000000000e+00,0.000000000000000000e+00,0.000000000000000000e+00,0.000000000000000000e+00,0.000000000000000000e+00,0.000000000000000000e+00,0.000000000000000000e+00,0.000000000000000000e+00,0.000000000000000000e+00,0.000000000000000000e+00,0.000000000000000000e+00,0.000000000000000000e+00,0.000000000000000000e+00,0.000000000000000000e+00,0.000000000000000000e+00,0.000000000000000000e+00,0.000000000000000000e+00,0.000000000000000000e+00,0.000000000000000000e+00,0.000000000000000000e+00,0.000000000000000000e+00,0.000000000000000000e+00,0.000000000000000000e+00,0.000000000000000000e+00,0.000000000000000000e+00,0.000000000000000000e+00,0.000000000000000000e+00,0.000000000000000000e+00,0.000000000000000000e+00,0.000000000000000000e+00,0.000000000000000000e+00,0.000000000000000000e+00,0.000000000000000000e+00,0.000000000000000000e+00,0.000000000000000000e+00,0.000000000000000000e+00,0.000000000000000000e+00,0.000000000000000000e+00,0.000000000000000000e+00,0.000000000000000000e+00,0.000000000000000000e+00,0.000000000000000000e+00,0.000000000000000000e+00,0.000000000000000000e+00,1.000000000000000000e+00,-2.148633789845847408e-01,1.693140150763093321e-01,2.897636130060193826e-01,-4.710012331930093499e-01,4.952348003627822237e-01,-2.260105101224890167e-01,1.155609531158820480e-01,-4.255855391342978078e-01,-6.536765435298455551e-02,1.825913728572933492e-01,-2.257809387760677522e-01,-2.285920771266098939e-01,1.000000000000000000e+00,6.394085793788485406e-01,3.648314867400795913e-01,-3.852792226567391953e-01,-8.188226310920702078e-01
0.000000000000000000e+00,0.000000000000000000e+00,0.000000000000000000e+00,0.000000000000000000e+00,0.000000000000000000e+00,0.000000000000000000e+00,0.000000000000000000e+00,0.000000000000000000e+00,0.000000000000000000e+00,0.000000000000000000e+00,0.000000000000000000e+00,0.000000000000000000e+00,0.000000000000000000e+00,0.000000000000000000e+00,0.000000000000000000e+00,0.000000000000000000e+00,0.000000000000000000e+00,0.000000000000000000e+00,0.000000000000000000e+00,0.000000000000000000e+00,0.000000000000000000e+00,0.000000000000000000e+00,0.000000000000000000e+00,0.000000000000000000e+00,0.000000000000000000e+00,0.000000000000000000e+00,0.000000000000000000e+00,0.000000000000000000e+00,0.000000000000000000e+00,0.000000000000000000e+00,0.000000000000000000e+00,0.000000000000000000e+00,0.000000000000000000e+00,0.000000000000000000e+00,0.000000000000000000e+00,0.000000000000000000e+00,0.000000000000000000e+00,0.000000000000000000e+00,0.000000000000000000e+00,0.000000000000000000e+00,0.000000000000000000e+00,0.000000000000000000e+00,0.000000000000000000e+00,0.000000000000000000e+00,0.000000000000000000e+00,0.000000000000000000e+00,0.000000000000000000e+00,0.000000000000000000e+00,0.000000000000000000e+00,0.000000000000000000e+00,0.000000000000000000e+00,0.000000000000000000e+00,0.000000000000000000e+00,0.000000000000000000e+00,0.000000000000000000e+00,0.000000000000000000e+00,0.000000000000000000e+00,0.000000000000000000e+00,0.000000000000000000e+00,0.000000000000000000e+00,0.000000000000000000e+00,0.000000000000000000e+00,0.000000000000000000e+00,0.000000000000000000e+00,0.000000000000000000e+00,0.000000000000000000e+00,0.000000000000000000e+00,0.000000000000000000e+00,0.000000000000000000e+00,0.000000000000000000e+00,0.000000000000000000e+00,0.000000000000000000e+00,0.000000000000000000e+00,0.000000000000000000e+00,0.000000000000000000e+00,0.000000000000000000e+00,0.000000000000000000e+00,0.000000000000000000e+00,0.000000000000000000e+00,0.000000000000000000e+00,0.000000000000000000e+00,0.000000000000000000e+00,0.000000000000000000e+00,1.000000000000000000e+00,-9.955232577691716100e-01,-1.000000000000000000e+00,4.665379809085726248e-01,-1.000000000000000000e+00,5.900357487844954951e-01,-6.715691885798013017e-01,-1.000000000000000000e+00,8.746071046977069718e-01,-8.616833399766548052e-01,1.000000000000000000e+00,1.000000000000000000e+00,-1.000000000000000000e+00,-1.000000000000000000e+00,-9.131351998454241281e-01,6.902982768586801710e-01,1.000000000000000000e+00
0.000000000000000000e+00,0.000000000000000000e+00,0.000000000000000000e+00,0.000000000000000000e+00,0.000000000000000000e+00,0.000000000000000000e+00,0.000000000000000000e+00,0.000000000000000000e+00,0.000000000000000000e+00,0.000000000000000000e+00,0.000000000000000000e+00,0.000000000000000000e+00,0.000000000000000000e+00,0.000000000000000000e+00,0.000000000000000000e+00,0.000000000000000000e+00,0.000000000000000000e+00,0.000000000000000000e+00,0.000000000000000000e+00,0.000000000000000000e+00,0.000000000000000000e+00,0.000000000000000000e+00,0.000000000000000000e+00,0.000000000000000000e+00,0.000000000000000000e+00,0.000000000000000000e+00,0.000000000000000000e+00,0.000000000000000000e+00,0.000000000000000000e+00,0.000000000000000000e+00,0.000000000000000000e+00,0.000000000000000000e+00,0.000000000000000000e+00,0.000000000000000000e+00,0.000000000000000000e+00,0.000000000000000000e+00,0.000000000000000000e+00,0.000000000000000000e+00,0.000000000000000000e+00,0.000000000000000000e+00,0.000000000000000000e+00,0.000000000000000000e+00,0.000000000000000000e+00,0.000000000000000000e+00,0.000000000000000000e+00,0.000000000000000000e+00,0.000000000000000000e+00,0.000000000000000000e+00,0.000000000000000000e+00,0.000000000000000000e+00,0.000000000000000000e+00,0.000000000000000000e+00,0.000000000000000000e+00,0.000000000000000000e+00,0.000000000000000000e+00,0.000000000000000000e+00,0.000000000000000000e+00,0.000000000000000000e+00,0.000000000000000000e+00,0.000000000000000000e+00,0.000000000000000000e+00,0.000000000000000000e+00,0.000000000000000000e+00,0.000000000000000000e+00,0.000000000000000000e+00,0.000000000000000000e+00,0.000000000000000000e+00,0.000000000000000000e+00,0.000000000000000000e+00,0.000000000000000000e+00,0.000000000000000000e+00,0.000000000000000000e+00,0.000000000000000000e+00,0.000000000000000000e+00,0.000000000000000000e+00,0.000000000000000000e+00,0.000000000000000000e+00,0.000000000000000000e+00,0.000000000000000000e+00,0.000000000000000000e+00,0.000000000000000000e+00,0.000000000000000000e+00,0.000000000000000000e+00,0.000000000000000000e+00,1.000000000000000000e+00,1.000000000000000000e+00,1.263378502112129098e-01,8.084375986552326809e-01,-4.729681291135590659e-01,1.000000000000000000e+00,1.000000000000000000e+00,-8.729491495964996073e-01,7.767159035060821060e-01,-1.000000000000000000e+00,-1.000000000000000000e+00,1.000000000000000000e+00,1.000000000000000000e+00,6.233414283119864674e-01,-7.510365770808106189e-01,-2.576146022437471594e-01
0.000000000000000000e+00,0.000000000000000000e+00,0.000000000000000000e+00,0.000000000000000000e+00,0.000000000000000000e+00,0.000000000000000000e+00,0.000000000000000000e+00,0.000000000000000000e+00,0.000000000000000000e+00,0.000000000000000000e+00,0.000000000000000000e+00,0.000000000000000000e+00,0.000000000000000000e+00,0.000000000000000000e+00,0.000000000000000000e+00,0.000000000000000000e+00,0.000000000000000000e+00,0.000000000000000000e+00,0.000000000000000000e+00,0.000000000000000000e+00,0.000000000000000000e+00,0.000000000000000000e+00,0.000000000000000000e+00,0.000000000000000000e+00,0.000000000000000000e+00,0.000000000000000000e+00,0.000000000000000000e+00,0.000000000000000000e+00,0.000000000000000000e+00,0.000000000000000000e+00,0.000000000000000000e+00,0.000000000000000000e+00,0.000000000000000000e+00,0.000000000000000000e+00,0.000000000000000000e+00,0.000000000000000000e+00,0.000000000000000000e+00,0.000000000000000000e+00,0.000000000000000000e+00,0.000000000000000000e+00,0.000000000000000000e+00,0.000000000000000000e+00,0.000000000000000000e+00,0.000000000000000000e+00,0.000000000000000000e+00,0.000000000000000000e+00,0.000000000000000000e+00,0.000000000000000000e+00,0.000000000000000000e+00,0.000000000000000000e+00,0.000000000000000000e+00,0.000000000000000000e+00,0.000000000000000000e+00,0.000000000000000000e+00,0.000000000000000000e+00,0.000000000000000000e+00,0.000000000000000000e+00,0.000000000000000000e+00,0.000000000000000000e+00,0.000000000000000000e+00,0.000000000000000000e+00,0.000000000000000000e+00,0.000000000000000000e+00,0.000000000000000000e+00,0.000000000000000000e+00,0.000000000000000000e+00,0.000000000000000000e+00,0.000000000000000000e+00,0.000000000000000000e+00,0.000000000000000000e+00,0.000000000000000000e+00,0.000000000000000000e+00,0.000000000000000000e+00,0.000000000000000000e+00,0.000000000000000000e+00,0.000000000000000000e+00,0.000000000000000000e+00,0.000000000000000000e+00,0.000000000000000000e+00,0.000000000000000000e+00,0.000000000000000000e+00,0.000000000000000000e+00,0.000000000000000000e+00,0.000000000000000000e+00,0.000000000000000000e+00,1.000000000000000000e+00,-3.731105312861326406e-01,3.728024281876406998e-01,-1.780697783524000655e-01,4.151304574255097468e-01,5.869959548039381803e-01,-3.544644896641856446e-01,3.797240934802252332e-01,-5.353873610730717214e-01,-6.360870784268107814e-01,7.853933546803638643e-01,4.209837783335700356e-01,3.239127426755283867e-01,-5.035249181577085981e-02,-1.814199897623954283e-01
0.000000000000000000e+00,0.000000000000000000e+00,0.000000000000000000e+00,0.000000000000000000e+00,0.000000000000000000e+00,0.000000000000000000e+00,0.000000000000000000e+00,0.000000000000000000e+00,0.000000000000000000e+00,0.000000000000000000e+00,0.000000000000000000e+00,0.000000000000000000e+00,0.000000000000000000e+00,0.000000000000000000e+00,0.000000000000000000e+00,0.000000000000000000e+00,0.000000000000000000e+00,0.000000000000000000e+00,0.000000000000000000e+00,0.000000000000000000e+00,0.000000000000000000e+00,0.000000000000000000e+00,0.000000000000000000e+00,0.000000000000000000e+00,0.000000000000000000e+00,0.000000000000000000e+00,0.000000000000000000e+00,0.000000000000000000e+00,0.000000000000000000e+00,0.000000000000000000e+00,0.000000000000000000e+00,0.000000000000000000e+00,0.000000000000000000e+00,0.000000000000000000e+00,0.000000000000000000e+00,0.000000000000000000e+00,0.000000000000000000e+00,0.000000000000000000e+00,0.000000000000000000e+00,0.000000000000000000e+00,0.000000000000000000e+00,0.000000000000000000e+00,0.000000000000000000e+00,0.000000000000000000e+00,0.000000000000000000e+00,0.000000000000000000e+00,0.000000000000000000e+00,0.000000000000000000e+00,0.000000000000000000e+00,0.000000000000000000e+00,0.000000000000000000e+00,0.000000000000000000e+00,0.000000000000000000e+00,0.000000000000000000e+00,0.000000000000000000e+00,0.000000000000000000e+00,0.000000000000000000e+00,0.000000000000000000e+00,0.000000000000000000e+00,0.000000000000000000e+00,0.000000000000000000e+00,0.000000000000000000e+00,0.000000000000000000e+00,0.000000000000000000e+00,0.000000000000000000e+00,0.000000000000000000e+00,0.000000000000000000e+00,0.000000000000000000e+00,0.000000000000000000e+00,0.000000000000000000e+00,0.000000000000000000e+00,0.000000000000000000e+00,0.000000000000000000e+00,0.000000000000000000e+00,0.000000000000000000e+00,0.000000000000000000e+00,0.000000000000000000e+00,0.000000000000000000e+00,0.000000000000000000e+00,0.000000000000000000e+00,0.000000000000000000e+00,0.000000000000000000e+00,0.000000000000000000e+00,0.000000000000000000e+00,0.000000000000000000e+00,0.000000000000000000e+00,1.000000000000000000e+00,-2.248699830907838204e-01,7.076209173929499940e-02,3.887961544835447786e-02,1.473855153019301145e-01,-7.307404765696270954e-02,-7.079420078137972638e-02,3.190224032875205867e-02,-1.956405067894798344e-01,-1.414380156664069577e-01,-1.321444026829533547e-01,-1.465425050655908834e-01,-1.934814580243734549e-03,2.554156234111834567e-01
0.000000000000000000e+00,0.000000000000000000e+00,0.000000000000000000e+00,0.000000000000000000e+00,0.000000000000000000e+00,0.000000000000000000e+00,0.000000000000000000e+00,0.000000000000000000e+00,0.000000000000000000e+00,0.000000000000000000e+00,0.000000000000000000e+00,0.000000000000000000e+00,0.000000000000000000e+00,0.000000000000000000e+00,0.000000000000000000e+00,0.000000000000000000e+00,0.000000000000000000e+00,0.000000000000000000e+00,0.000000000000000000e+00,0.000000000000000000e+00,0.000000000000000000e+00,0.000000000000000000e+00,0.000000000000000000e+00,0.000000000000000000e+00,0.000000000000000000e+00,0.000000000000000000e+00,0.000000000000000000e+00,0.000000000000000000e+00,0.000000000000000000e+00,0.000000000000000000e+00,0.000000000000000000e+00,0.000000000000000000e+00,0.000000000000000000e+00,0.000000000000000000e+00,0.000000000000000000e+00,0.000000000000000000e+00,0.000000000000000000e+00,0.000000000000000000e+00,0.000000000000000000e+00,0.000000000000000000e+00,0.000000000000000000e+00,0.000000000000000000e+00,0.000000000000000000e+00,0.000000000000000000e+00,0.000000000000000000e+00,0.000000000000000000e+00,0.000000000000000000e+00,0.000000000000000000e+00,0.000000000000000000e+00,0.000000000000000000e+00,0.000000000000000000e+00,0.000000000000000000e+00,0.000000000000000000e+00,0.000000000000000000e+00,0.000000000000000000e+00,0.000000000000000000e+00,0.000000000000000000e+00,0.000000000000000000e+00,0.000000000000000000e+00,0.000000000000000000e+00,0.000000000000000000e+00,0.000000000000000000e+00,0.000000000000000000e+00,0.000000000000000000e+00,0.000000000000000000e+00,0.000000000000000000e+00,0.000000000000000000e+00,0.000000000000000000e+00,0.000000000000000000e+00,0.000000000000000000e+00,0.000000000000000000e+00,0.000000000000000000e+00,0.000000000000000000e+00,0.000000000000000000e+00,0.000000000000000000e+00,0.000000000000000000e+00,0.000000000000000000e+00,0.000000000000000000e+00,0.000000000000000000e+00,0.000000000000000000e+00,0.000000000000000000e+00,0.000000000000000000e+00,0.000000000000000000e+00,0.000000000000000000e+00,0.000000000000000000e+00,0.000000000000000000e+00,0.000000000000000000e+00,1.000000000000000000e+00,-1.670123574669667155e-02,3.837937354629437081e-01,4.088648179112150394e-02,-1.960812700190836255e-01,2.727574081911314785e-01,-5.043065288363489662e-01,-2.146594308208265578e-01,1.000000000000000000e+00,7.561191052586804240e-01,2.432068089900696894e-01,-1.232373235212405743e-01,-6.218510130934248314e-01
0.000000000000000000e+00,0.000000000000000000e+00,0.000000000000000000e+00,0.000000000000000000e+00,0.000000000000000000e+00,0.000000000000000000e+00,0.000000000000000000e+00,0.000000000000000000e+00,0.000000000000000000e+00,0.000000000000000000e+00,0.000000000000000000e+00,0.000000000000000000e+00,0.000000000000000000e+00,0.000000000000000000e+00,0.000000000000000000e+00,0.000000000000000000e+00,0.000000000000000000e+00,0.000000000000000000e+00,0.000000000000000000e+00,0.000000000000000000e+00,0.000000000000000000e+00,0.000000000000000000e+00,0.000000000000000000e+00,0.000000000000000000e+00,0.000000000000000000e+00,0.000000000000000000e+00,0.000000000000000000e+00,0.000000000000000000e+00,0.000000000000000000e+00,0.000000000000000000e+00,0.000000000000000000e+00,0.000000000000000000e+00,0.000000000000000000e+00,0.000000000000000000e+00,0.000000000000000000e+00,0.000000000000000000e+00,0.000000000000000000e+00,0.000000000000000000e+00,0.000000000000000000e+00,0.000000000000000000e+00,0.000000000000000000e+00,0.000000000000000000e+00,0.000000000000000000e+00,0.000000000000000000e+00,0.000000000000000000e+00,0.000000000000000000e+00,0.000000000000000000e+00,0.000000000000000000e+00,0.000000000000000000e+00,0.000000000000000000e+00,0.000000000000000000e+00,0.000000000000000000e+00,0.000000000000000000e+00,0.000000000000000000e+00,0.000000000000000000e+00,0.000000000000000000e+00,0.000000000000000000e+00,0.000000000000000000e+00,0.000000000000000000e+00,0.000000000000000000e+00,0.000000000000000000e+00,0.000000000000000000e+00,0.000000000000000000e+00,0.000000000000000000e+00,0.000000000000000000e+00,0.000000000000000000e+00,0.000000000000000000e+00,0.000000000000000000e+00,0.000000000000000000e+00,0.000000000000000000e+00,0.000000000000000000e+00,0.000000000000000000e+00,0.000000000000000000e+00,0.000000000000000000e+00,0.000000000000000000e+00,0.000000000000000000e+00,0.000000000000000000e+00,0.000000000000000000e+00,0.000000000000000000e+00,0.000000000000000000e+00,0.000000000000000000e+00,0.000000000000000000e+00,0.000000000000000000e+00,0.000000000000000000e+00,0.000000000000000000e+00,0.000000000000000000e+00,0.000000000000000000e+00,0.000000000000000000e+00,1.000000000000000000e+00,-2.036230544124096875e-01,1.906821030066622666e-02,3.709698707197278122e-01,-6.073184555478384761e-01,5.404847296793009459e-01,1.000000000000000000e+00,-1.000000000000000000e+00,-1.000000000000000000e+00,-1.000000000000000000e+00,1.000000000000000000e+00,9.757544907406542345e-01
0.000000000000000000e+00,0.000000000000000000e+00,0.000000000000000000e+00,0.000000000000000000e+00,0.000000000000000000e+00,0.000000000000000000e+00,0.000000000000000000e+00,0.000000000000000000e+00,0.000000000000000000e+00,0.000000000000000000e+00,0.000000000000000000e+00,0.000000000000000000e+00,0.000000000000000000e+00,0.000000000000000000e+00,0.000000000000000000e+00,0.000000000000000000e+00,0.000000000000000000e+00,0.000000000000000000e+00,0.000000000000000000e+00,0.000000000000000000e+00,0.000000000000000000e+00,0.000000000000000000e+00,0.000000000000000000e+00,0.000000000000000000e+00,0.000000000000000000e+00,0.000000000000000000e+00,0.000000000000000000e+00,0.000000000000000000e+00,0.000000000000000000e+00,0.000000000000000000e+00,0.000000000000000000e+00,0.000000000000000000e+00,0.000000000000000000e+00,0.000000000000000000e+00,0.000000000000000000e+00,0.000000000000000000e+00,0.000000000000000000e+00,0.000000000000000000e+00,0.000000000000000000e+00,0.000000000000000000e+00,0.000000000000000000e+00,0.000000000000000000e+00,0.000000000000000000e+00,0.000000000000000000e+00,0.000000000000000000e+00,0.000000000000000000e+00,0.000000000000000000e+00,0.000000000000000000e+00,0.000000000000000000e+00,0.000000000000000000e+00,0.000000000000000000e+00,0.000000000000000000e+00,0.000000000000000000e+00,0.000000000000000000e+00,0.000000000000000000e+00,0.000000000000000000e+00,0.000000000000000000e+00,0.000000000000000000e+00,0.000000000000000000e+00,0.000000000000000000e+00,0.000000000000000000e+00,0.000000000000000000e+00,0.000000000000000000e+00,0.000000000000000000e+00,0.000000000000000000e+00,0.000000000000000000e+00,0.000000000000000000e+00,0.000000000000000000e+00,0.000000000000000000e+00,0.000000000000000000e+00,0.000000000000000000e+00,0.000000000000000000e+00,0.000000000000000000e+00,0.000000000000000000e+00,0.000000000000000000e+00,0.000000000000000000e+00,0.000000000000000000e+00,0.000000000000000000e+00,0.000000000000000000e+00,0.000000000000000000e+00,0.000000000000000000e+00,0.000000000000000000e+00,0.000000000000000000e+00,0.000000000000000000e+00,0.000000000000000000e+00,0.000000000000000000e+00,0.000000000000000000e+00,0.000000000000000000e+00,0.000000000000000000e+00,1.000000000000000000e+00,5.393636616924477600e-01,-5.004230862847310890e-01,4.396659459157315486e-01,-7.306780488337721868e-01,-1.000000000000000000e+00,8.902062513840758307e-01,1.000000000000000000e+00,2.043167949883080703e-01,-2.306713240398052533e-01,7.258237107337452143e-02
0.000000000000000000e+00,0.000000000000000000e+00,0.000000000000000000e+00,0.000000000000000000e+00,0.000000000000000000e+00,0.000000000000000000e+00,0.000000000000000000e+00,0.000000000000000000e+00,0.000000000000000000e+00,0.000000000000000000e+00,0.000000000000000000e+00,0.000000000000000000e+00,0.000000000000000000e+00,0.000000000000000000e+00,0.000000000000000000e+00,0.000000000000000000e+00,0.000000000000000000e+00,0.000000000000000000e+00,0.000000000000000000e+00,0.000000000000000000e+00,0.000000000000000000e+00,0.000000000000000000e+00,0.000000000000000000e+00,0.000000000000000000e+00,0.000000000000000000e+00,0.000000000000000000e+00,0.000000000000000000e+00,0.000000000000000000e+00,0.000000000000000000e+00,0.000000000000000000e+00,0.000000000000000000e+00,0.000000000000000000e+00,0.000000000000000000e+00,0.000000000000000000e+00,0.000000000000000000e+00,0.000000000000000000e+00,0.000000000000000000e+00,0.000000000000000000e+00,0.000000000000000000e+00,0.000000000000000000e+00,0.000000000000000000e+00,0.000000000000000000e+00,0.000000000000000000e+00,0.000000000000000000e+00,0.000000000000000000e+00,0.000000000000000000e+00,0.000000000000000000e+00,0.000000000000000000e+00,0.000000000000000000e+00,0.000000000000000000e+00,0.000000000000000000e+00,0.000000000000000000e+00,0.000000000000000000e+00,0.000000000000000000e+00,0.000000000000000000e+00,0.000000000000000000e+00,0.000000000000000000e+00,0.000000000000000000e+00,0.000000000000000000e+00,0.000000000000000000e+00,0.000000000000000000e+00,0.000000000000000000e+00,0.000000000000000000e+00,0.000000000000000000e+00,0.000000000000000000e+00,0.000000000000000000e+00,0.000000000000000000e+00,0.000000000000000000e+00,0.000000000000000000e+00,0.000000000000000000e+00,0.000000000000000000e+00,0.000000000000000000e+00,0.000000000000000000e+00,0.000000000000000000e+00,0.000000000000000000e+00,0.000000000000000000e+00,0.000000000000000000e+00,0.000000000000000000e+00,0.000000000000000000e+00,0.000000000000000000e+00,0.000000000000000000e+00,0.000000000000000000e+00,0.000000000000000000e+00,0.000000000000000000e+00,0.000000000000000000e+00,0.000000000000000000e+00,0.000000000000000000e+00,0.000000000000000000e+00,0.000000000000000000e+00,0.000000000000000000e+00,1.000000000000000000e+00,-2.829257632985587856e-01,1.921453899354572947e-01,-3.479150020554445666e-01,-4.991189740656238327e-01,-1.778870713400789172e-01,-1.076381541724016899e-01,-1.300319788753107617e-03,1.172169678745955262e-01,3.963570676480009936e-01
0.000000000000000000e+00,0.000000000000000000e+00,0.000000000000000000e+00,0.000000000000000000e+00,0.000000000000000000e+00,0.000000000000000000e+00,0.000000000000000000e+00,0.000000000000000000e+00,0.000000000000000000e+00,0.000000000000000000e+00,0.000000000000000000e+00,0.000000000000000000e+00,0.000000000000000000e+00,0.000000000000000000e+00,0.000000000000000000e+00,0.000000000000000000e+00,0.000000000000000000e+00,0.000000000000000000e+00,0.000000000000000000e+00,0.000000000000000000e+00,0.000000000000000000e+00,0.000000000000000000e+00,0.000000000000000000e+00,0.000000000000000000e+00,0.000000000000000000e+00,0.000000000000000000e+00,0.000000000000000000e+00,0.000000000000000000e+00,0.000000000000000000e+00,0.000000000000000000e+00,0.000000000000000000e+00,0.000000000000000000e+00,0.000000000000000000e+00,0.000000000000000000e+00,0.000000000000000000e+00,0.000000000000000000e+00,0.000000000000000000e+00,0.000000000000000000e+00,0.000000000000000000e+00,0.000000000000000000e+00,0.000000000000000000e+00,0.000000000000000000e+00,0.000000000000000000e+00,0.000000000000000000e+00,0.000000000000000000e+00,0.000000000000000000e+00,0.000000000000000000e+00,0.000000000000000000e+00,0.000000000000000000e+00,0.000000000000000000e+00,0.000000000000000000e+00,0.000000000000000000e+00,0.000000000000000000e+00,0.000000000000000000e+00,0.000000000000000000e+00,0.000000000000000000e+00,0.000000000000000000e+00,0.000000000000000000e+00,0.000000000000000000e+00,0.000000000000000000e+00,0.000000000000000000e+00,0.000000000000000000e+00,0.000000000000000000e+00,0.000000000000000000e+00,0.000000000000000000e+00,0.000000000000000000e+00,0.000000000000000000e+00,0.000000000000000000e+00,0.000000000000000000e+00,0.000000000000000000e+00,0.000000000000000000e+00,0.000000000000000000e+00,0.000000000000000000e+00,0.000000000000000000e+00,0.000000000000000000e+00,0.000000000000000000e+00,0.000000000000000000e+00,0.000000000000000000e+00,0.000000000000000000e+00,0.000000000000000000e+00,0.000000000000000000e+00,0.000000000000000000e+00,0.000000000000000000e+00,0.000000000000000000e+00,0.000000000000000000e+00,0.000000000000000000e+00,0.000000000000000000e+00,0.000000000000000000e+00,0.000000000000000000e+00,0.000000000000000000e+00,0.000000000000000000e+00,1.000000000000000000e+00,-7.505189502423093018e-01,1.000000000000000000e+00,1.000000000000000000e+00,-1.000000000000000000e+00,-1.000000000000000000e+00,-4.283922797387282322e-01,3.454933389646884234e-01,6.462891475692927878e-02
0.000000000000000000e+00,0.000000000000000000e+00,0.000000000000000000e+00,0.000000000000000000e+00,0.000000000000000000e+00,0.000000000000000000e+00,0.000000000000000000e+00,0.000000000000000000e+00,0.000000000000000000e+00,0.000000000000000000e+00,0.000000000000000000e+00,0.000000000000000000e+00,0.000000000000000000e+00,0.000000000000000000e+00,0.000000000000000000e+00,0.000000000000000000e+00,0.000000000000000000e+00,0.000000000000000000e+00,0.000000000000000000e+00,0.000000000000000000e+00,0.000000000000000000e+00,0.000000000000000000e+00,0.000000000000000000e+00,0.000000000000000000e+00,0.000000000000000000e+00,0.000000000000000000e+00,0.000000000000000000e+00,0.000000000000000000e+00,0.000000000000000000e+00,0.000000000000000000e+00,0.000000000000000000e+00,0.000000000000000000e+00,0.000000000000000000e+00,0.000000000000000000e+00,0.000000000000000000e+00,0.000000000000000000e+00,0.000000000000000000e+00,0.000000000000000000e+00,0.000000000000000000e+00,0.000000000000000000e+00,0.000000000000000000e+00,0.000000000000000000e+00,0.000000000000000000e+00,0.000000000000000000e+00,0.000000000000000000e+00,0.000000000000000000e+00,0.000000000000000000e+00,0.000000000000000000e+00,0.000000000000000000e+00,0.000000000000000000e+00,0.000000000000000000e+00,0.000000000000000000e+00,0.000000000000000000e+00,0.000000000000000000e+00,0.000000000000000000e+00,0.000000000000000000e+00,0.000000000000000000e+00,0.000000000000000000e+00,0.000000000000000000e+00,0.000000000000000000e+00,0.000000000000000000e+00,0.000000000000000000e+00,0.000000000000000000e+00,0.000000000000000000e+00,0.000000000000000000e+00,0.000000000000000000e+00,0.000000000000000000e+00,0.000000000000000000e+00,0.000000000000000000e+00,0.000000000000000000e+00,0.000000000000000000e+00,0.000000000000000000e+00,0.000000000000000000e+00,0.000000000000000000e+00,0.000000000000000000e+00,0.000000000000000000e+00,0.000000000000000000e+00,0.000000000000000000e+00,0.000000000000000000e+00,0.000000000000000000e+00,0.000000000000000000e+00,0.000000000000000000e+00,0.000000000000000000e+00,0.000000000000000000e+00,0.000000000000000000e+00,0.000000000000000000e+00,0.000000000000000000e+00,0.000000000000000000e+00,0.000000000000000000e+00,0.000000000000000000e+00,0.000000000000000000e+00,0.000000000000000000e+00,1.000000000000000000e+00,-1.000000000000000000e+00,-1.000000000000000000e+00,1.000000000000000000e+00,1.000000000000000000e+00,8.282424310993444783e-01,-5.466156000377115909e-01,-6.637034473937407641e-01
0.000000000000000000e+00,0.000000000000000000e+00,0.000000000000000000e+00,0.000000000000000000e+00,0.000000000000000000e+00,0.000000000000000000e+00,0.000000000000000000e+00,0.000000000000000000e+00,0.000000000000000000e+00,0.000000000000000000e+00,0.000000000000000000e+00,0.000000000000000000e+00,0.000000000000000000e+00,0.000000000000000000e+00,0.000000000000000000e+00,0.000000000000000000e+00,0.000000000000000000e+00,0.000000000000000000e+00,0.000000000000000000e+00,0.000000000000000000e+00,0.000000000000000000e+00,0.000000000000000000e+00,0.000000000000000000e+00,0.000000000000000000e+00,0.000000000000000000e+00,0.000000000000000000e+00,0.000000000000000000e+00,0.000000000000000000e+00,0.000000000000000000e+00,0.000000000000000000e+00,0.000000000000000000e+00,0.000000000000000000e+00,0.000000000000000000e+00,0.000000000000000000e+00,0.000000000000000000e+00,0.000000000000000000e+00,0.000000000000000000e+00,0.000000000000000000e+00,0.000000000000000000e+00,0.000000000000000000e+00,0.000000000000000000e+00,0.000000000000000000e+00,0.000000000000000000e+00,0.000000000000000000e+00,0.000000000000000000e+00,0.000000000000000000e+00,0.000000000000000000e+00,0.000000000000000000e+00,0.000000000000000000e+00,0.000000000000000000e+00,0.000000000000000000e+00,0.000000000000000000e+00,0.000000000000000000e+00,0.000000000000000000e+00,0.000000000000000000e+00,0.000000000000000000e+00,0.000000000000000000e+00,0.000000000000000000e+00,0.000000000000000000e+00,0.000000000000000000e+00,0.000000000000000000e+00,0.000000000000000000e+00,0.000000000000000000e+00,0.000000000000000000e+00,0.000000000000000000e+00,0.000000000000000000e+00,0.000000000000000000e+00,0.000000000000000000e+00,0.000000000000000000e+00,0.000000000000000000e+00,0.000000000000000000e+00,0.000000000000000000e+00,0.000000000000000000e+00,0.000000000000000000e+00,0.000000000000000000e+00,0.000000000000000000e+00,0.000000000000000000e+00,0.000000000000000000e+00,0.000000000000000000e+00,0.000000000000000000e+00,0.000000000000000000e+00,0.000000000000000000e+00,0.000000000000000000e+00,0.000000000000000000e+00,0.000000000000000000e+00,0.000000000000000000e+00,0.000000000000000000e+00,0.000000000000000000e+00,0.000000000000000000e+00,0.000000000000000000e+00,0.000000000000000000e+00,0.000000000000000000e+00,0.000000000000000000e+00,1.000000000000000000e+00,1.000000000000000000e+00,-1.000000000000000000e+00,-1.000000000000000000e+00,-3.955857095009318591e-01,2.446715339917441834e-01,3.773872451710070242e-01
0.000000000000000000e+00,0.000000000000000000e+00,0.000000000000000000e+00,0.000000000000000000e+00,0.000000000000000000e+00,0.000000000000000000e+00,0.000000000000000000e+00,0.000000000000000000e+00,0.000000000000000000e+00,0.000000000000000000e+00,0.000000000000000000e+00,0.000000000000000000e+00,0.000000000000000000e+00,0.000000000000000000e+00,0.000000000000000000e+00,0.000000000000000000e+00,0.000000000000000000e+00,0.000000000000000000e+00,0.000000000000000000e+00,0.000000000000000000e+00,0.000000000000000000e+00,0.000000000000000000e+00,0.000000000000000000e+00,0.000000000000000000e+00,0.000000000000000000e+00,0.000000000000000000e+00,0.000000000000000000e+00,0.000000000000000000e+00,0.000000000000000000e+00,0.000000000000000000e+00,0.000000000000000000e+00,0.000000000000000000e+00,0.000000000000000000e+00,0.000000000000000000e+00,0.000000000000000000e+00,0.000000000000000000e+00,0.000000000000000000e+00,0.000000000000000000e+00,0.000000000000000000e+00,0.000000000000000000e+00,0.000000000000000000e+00,0.000000000000000000e+00,0.000000000000000000e+00,0.000000000000000000e+00,0.000000000000000000e+00,0.000000000000000000e+00,0.000000000000000000e+00,0.000000000000000000e+00,0.000000000000000000e+00,0.000000000000000000e+00,0.000000000000000000e+00,0.000000000000000000e+00,0.000000000000000000e+00,0.000000000000000000e+00,0.000000000000000000e+00,0.000000000000000000e+00,0.000000000000000000e+00,0.000000000000000000e+00,0.000000000000000000e+00,0.000000000000000000e+00,0.000000000000000000e+00,0.000000000000000000e+00,0.000000000000000000e+00,0.000000000000000000e+00,0.000000000000000000e+00,0.000000000000000000e+00,0.000000000000000000e+00,0.000000000000000000e+00,0.000000000000000000e+00,0.000000000000000000e+00,0.000000000000000000e+00,0.000000000000000000e+00,0.000000000000000000e+00,0.000000000000000000e+00,0.000000000000000000e+00,0.000000000000000000e+00,0.000000000000000000e+00,0.000000000000000000e+00,0.000000000000000000e+00,0.000000000000000000e+00,0.000000000000000000e+00,0.000000000000000000e+00,0.000000000000000000e+00,0.000000000000000000e+00,0.000000000000000000e+00,0.000000000000000000e+00,0.000000000000000000e+00,0.000000000000000000e+00,0.000000000000000000e+00,0.000000000000000000e+00,0.000000000000000000e+00,0.000000000000000000e+00,0.000000000000000000e+00,0.000000000000000000e+00,1.000000000000000000e+00,-8.539521006503391076e-01,-6.288093217885243336e-01,-1.961829337816680674e-01,3.218972350086646839e-01,-1.207368711055005900e-01
0.000000000000000000e+00,0.000000000000000000e+00,0.000000000000000000e+00,0.000000000000000000e+00,0.000000000000000000e+00,0.000000000000000000e+00,0.000000000000000000e+00,0.000000000000000000e+00,0.000000000000000000e+00,0.000000000000000000e+00,0.000000000000000000e+00,0.000000000000000000e+00,0.000000000000000000e+00,0.000000000000000000e+00,0.000000000000000000e+00,0.000000000000000000e+00,0.000000000000000000e+00,0.000000000000000000e+00,0.000000000000000000e+00,0.000000000000000000e+00,0.000000000000000000e+00,0.000000000000000000e+00,0.000000000000000000e+00,0.000000000000000000e+00,0.000000000000000000e+00,0.000000000000000000e+00,0.000000000000000000e+00,0.000000000000000000e+00,0.000000000000000000e+00,0.000000000000000000e+00,0.000000000000000000e+00,0.000000000000000000e+00,0.000000000000000000e+00,0.000000000000000000e+00,0.000000000000000000e+00,0.000000000000000000e+00,0.000000000000000000e+00,0.000000000000000000e+00,0.000000000000000000e+00,0.000000000000000000e+00,0.000000000000000000e+00,0.000000000000000000e+00,0.000000000000000000e+00,0.000000000000000000e+00,0.000000000000000000e+00,0.000000000000000000e+00,0.000000000000000000e+00,0.000000000000000000e+00,0.000000000000000000e+00,0.000000000000000000e+00,0.000000000000000000e+00,0.000000000000000000e+00,0.000000000000000000e+00,0.000000000000000000e+00,0.000000000000000000e+00,0.000000000000000000e+00,0.000000000000000000e+00,0.000000000000000000e+00,0.000000000000000000e+00,0.000000000000000000e+00,0.000000000000000000e+00,0.000000000000000000e+00,0.000000000000000000e+00,0.000000000000000000e+00,0.000000000000000000e+00,0.000000000000000000e+00,0.000000000000000000e+00,0.000000000000000000e+00,0.000000000000000000e+00,0.000000000000000000e+00,0.000000000000000000e+00,0.000000000000000000e+00,0.000000000000000000e+00,0.000000000000000000e+00,0.000000000000000000e+00,0.000000000000000000e+00,0.000000000000000000e+00,0.000000000000000000e+00,0.000000000000000000e+00,0.000000000000000000e+00,0.000000000000000000e+00,0.000000000000000000e+00,0.000000000000000000e+00,0.000000000000000000e+00,0.000000000000000000e+00,0.000000000000000000e+00,0.000000000000000000e+00,0.000000000000000000e+00,0.000000000000000000e+00,0.000000000000000000e+00,0.000000000000000000e+00,0.000000000000000000e+00,0.000000000000000000e+00,0.000000000000000000e+00,0.000000000000000000e+00,1.000000000000000000e+00,2.553326602444376259e-01,1.579449883792446163e-01,-1.405348336181546365e-01,-3.203301171648299528e-01
0.000000000000000000e+00,0.000000000000000000e+00,0.000000000000000000e+00,0.000000000000000000e+00,0.000000000000000000e+00,0.000000000000000000e+00,0.000000000000000000e+00,0.000000000000000000e+00,0.000000000000000000e+00,0.000000000000000000e+00,0.000000000000000000e+00,0.000000000000000000e+00,0.000000000000000000e+00,0.000000000000000000e+00,0.000000000000000000e+00,0.000000000000000000e+00,0.000000000000000000e+00,0.000000000000000000e+00,0.000000000000000000e+00,0.000000000000000000e+00,0.000000000000000000e+00,0.000000000000000000e+00,0.000000000000000000e+00,0.000000000000000000e+00,0.000000000000000000e+00,0.000000000000000000e+00,0.000000000000000000e+00,0.000000000000000000e+00,0.000000000000000000e+00,0.000000000000000000e+00,0.000000000000000000e+00,0.000000000000000000e+00,0.000000000000000000e+00,0.000000000000000000e+00,0.000000000000000000e+00,0.000000000000000000e+00,0.000000000000000000e+00,0.000000000000000000e+00,0.000000000000000000e+00,0.000000000000000000e+00,0.000000000000000000e+00,0.000000000000000000e+00,0.000000000000000000e+00,0.000000000000000000e+00,0.000000000000000000e+00,0.000000000000000000e+00,0.000000000000000000e+00,0.000000000000000000e+00,0.000000000000000000e+00,0.000000000000000000e+00,0.000000000000000000e+00,0.000000000000000000e+00,0.000000000000000000e+00,0.000000000000000000e+00,0.000000000000000000e+00,0.000000000000000000e+00,0.000000000000000000e+00,0.000000000000000000e+00,0.000000000000000000e+00,0.000000000000000000e+00,0.000000000000000000e+00,0.000000000000000000e+00,0.000000000000000000e+00,0.000000000000000000e+00,0.000000000000000000e+00,0.000000000000000000e+00,0.000000000000000000e+00,0.000000000000000000e+00,0.000000000000000000e+00,0.000000000000000000e+00,0.000000000000000000e+00,0.000000000000000000e+00,0.000000000000000000e+00,0.000000000000000000e+00,0.000000000000000000e+00,0.000000000000000000e+00,0.000000000000000000e+00,0.000000000000000000e+00,0.000000000000000000e+00,0.000000000000000000e+00,0.000000000000000000e+00,0.000000000000000000e+00,0.000000000000000000e+00,0.000000000000000000e+00,0.000000000000000000e+00,0.000000000000000000e+00,0.000000000000000000e+00,0.000000000000000000e+00,0.000000000000000000e+00,0.000000000000000000e+00,0.000000000000000000e+00,0.000000000000000000e+00,0.000000000000000000e+00,0.000000000000000000e+00,0.000000000000000000e+00,0.000000000000000000e+00,1.000000000000000000e+00,2.353010345567866646e-01,-3.676465837112173896e-01,-2.910191974998229680e-01
0.000000000000000000e+00,0.000000000000000000e+00,0.000000000000000000e+00,0.000000000000000000e+00,0.000000000000000000e+00,0.000000000000000000e+00,0.000000000000000000e+00,0.000000000000000000e+00,0.000000000000000000e+00,0.000000000000000000e+00,0.000000000000000000e+00,0.000000000000000000e+00,0.000000000000000000e+00,0.000000000000000000e+00,0.000000000000000000e+00,0.000000000000000000e+00,0.000000000000000000e+00,0.000000000000000000e+00,0.000000000000000000e+00,0.000000000000000000e+00,0.000000000000000000e+00,0.000000000000000000e+00,0.000000000000000000e+00,0.000000000000000000e+00,0.000000000000000000e+00,0.000000000000000000e+00,0.000000000000000000e+00,0.000000000000000000e+00,0.000000000000000000e+00,0.000000000000000000e+00,0.000000000000000000e+00,0.000000000000000000e+00,0.000000000000000000e+00,0.000000000000000000e+00,0.000000000000000000e+00,0.000000000000000000e+00,0.000000000000000000e+00,0.000000000000000000e+00,0.000000000000000000e+00,0.000000000000000000e+00,0.000000000000000000e+00,0.000000000000000000e+00,0.000000000000000000e+00,0.000000000000000000e+00,0.000000000000000000e+00,0.000000000000000000e+00,0.000000000000000000e+00,0.000000000000000000e+00,0.000000000000000000e+00,0.000000000000000000e+00,0.000000000000000000e+00,0.000000000000000000e+00,0.000000000000000000e+00,0.000000000000000000e+00,0.000000000000000000e+00,0.000000000000000000e+00,0.000000000000000000e+00,0.000000000000000000e+00,0.000000000000000000e+00,0.000000000000000000e+00,0.000000000000000000e+00,0.000000000000000000e+00,0.000000000000000000e+00,0.000000000000000000e+00,0.000000000000000000e+00,0.000000000000000000e+00,0.000000000000000000e+00,0.000000000000000000e+00,0.000000000000000000e+00,0.000000000000000000e+00,0.000000000000000000e+00,0.000000000000000000e+00,0.000000000000000000e+00,0.000000000000000000e+00,0.000000000000000000e+00,0.000000000000000000e+00,0.000000000000000000e+00,0.000000000000000000e+00,0.000000000000000000e+00,0.000000000000000000e+00,0.000000000000000000e+00,0.000000000000000000e+00,0.000000000000000000e+00,0.000000000000000000e+00,0.000000000000000000e+00,0.000000000000000000e+00,0.000000000000000000e+00,0.000000000000000000e+00,0.000000000000000000e+00,0.000000000000000000e+00,0.000000000000000000e+00,0.000000000000000000e+00,0.000000000000000000e+00,0.000000000000000000e+00,0.000000000000000000e+00,0.000000000000000000e+00,0.000000000000000000e+00,1.000000000000000000e+00,-8.031685843583852291e-01,-1.000000000000000000e+00
0.000000000000000000e+00,0.000000000000000000e+00,0.000000000000000000e+00,0.000000000000000000e+00,0.000000000000000000e+00,0.000000000000000000e+00,0.000000000000000000e+00,0.000000000000000000e+00,0.000000000000000000e+00,0.000000000000000000e+00,0.000000000000000000e+00,0.000000000000000000e+00,0.000000000000000000e+00,0.000000000000000000e+00,0.000000000000000000e+00,0.000000000000000000e+00,0.000000000000000000e+00,0.000000000000000000e+00,0.000000000000000000e+00,0.000000000000000000e+00,0.000000000000000000e+00,0.000000000000000000e+00,0.000000000000000000e+00,0.000000000000000000e+00,0.000000000000000000e+00,0.000000000000000000e+00,0.000000000000000000e+00,0.000000000000000000e+00,0.000000000000000000e+00,0.000000000000000000e+00,0.000000000000000000e+00,0.000000000000000000e+00,0.000000000000000000e+00,0.000000000000000000e+00,0.000000000000000000e+00,0.000000000000000000e+00,0.000000000000000000e+00,0.000000000000000000e+00,0.000000000000000000e+00,0.000000000000000000e+00,0.000000000000000000e+00,0.000000000000000000e+00,0.000000000000000000e+00,0.000000000000000000e+00,0.000000000000000000e+00,0.000000000000000000e+00,0.000000000000000000e+00,0.000000000000000000e+00,0.000000000000000000e+00,0.000000000000000000e+00,0.000000000000000000e+00,0.000000000000000000e+00,0.000000000000000000e+00,0.000000000000000000e+00,0.000000000000000000e+00,0.000000000000000000e+00,0.000000000000000000e+00,0.000000000000000000e+00,0.000000000000000000e+00,0.000000000000000000e+00,0.000000000000000000e+00,0.000000000000000000e+00,0.000000000000000000e+00,0.000000000000000000e+00,0.000000000000000000e+00,0.000000000000000000e+00,0.000000000000000000e+00,0.000000000000000000e+00,0.000000000000000000e+00,0.000000000000000000e+00,0.000000000000000000e+00,0.000000000000000000e+00,0.000000000000000000e+00,0.000000000000000000e+00,0.000000000000000000e+00,0.000000000000000000e+00,0.000000000000000000e+00,0.000000000000000000e+00,0.000000000000000000e+00,0.000000000000000000e+00,0.000000000000000000e+00,0.000000000000000000e+00,0.000000000000000000e+00,0.000000000000000000e+00,0.000000000000000000e+00,0.000000000000000000e+00,0.000000000000000000e+00,0.000000000000000000e+00,0.000000000000000000e+00,0.000000000000000000e+00,0.000000000000000000e+00,0.000000000000000000e+00,0.000000000000000000e+00,0.000000000000000000e+00,0.000000000000000000e+00,0.000000000000000000e+00,0.000000000000000000e+00,0.000000000000000000e+00,1.000000000000000000e+00,5.310545099737050689e-01
0.000000000000000000e+00,0.000000000000000000e+00,0.000000000000000000e+00,0.000000000000000000e+00,0.000000000000000000e+00,0.000000000000000000e+00,0.000000000000000000e+00,0.000000000000000000e+00,0.000000000000000000e+00,0.000000000000000000e+00,0.000000000000000000e+00,0.000000000000000000e+00,0.000000000000000000e+00,0.000000000000000000e+00,0.000000000000000000e+00,0.000000000000000000e+00,0.000000000000000000e+00,0.000000000000000000e+00,0.000000000000000000e+00,0.000000000000000000e+00,0.000000000000000000e+00,0.000000000000000000e+00,0.000000000000000000e+00,0.000000000000000000e+00,0.000000000000000000e+00,0.000000000000000000e+00,0.000000000000000000e+00,0.000000000000000000e+00,0.000000000000000000e+00,0.000000000000000000e+00,0.000000000000000000e+00,0.000000000000000000e+00,0.000000000000000000e+00,0.000000000000000000e+00,0.000000000000000000e+00,0.000000000000000000e+00,0.000000000000000000e+00,0.000000000000000000e+00,0.000000000000000000e+00,0.000000000000000000e+00,0.000000000000000000e+00,0.000000000000000000e+00,0.000000000000000000e+00,0.000000000000000000e+00,0.000000000000000000e+00,0.000000000000000000e+00,0.000000000000000000e+00,0.000000000000000000e+00,0.000000000000000000e+00,0.000000000000000000e+00,0.000000000000000000e+00,0.000000000000000000e+00,0.000000000000000000e+00,0.000000000000000000e+00,0.000000000000000000e+00,0.000000000000000000e+00,0.000000000000000000e+00,0.000000000000000000e+00,0.000000000000000000e+00,0.000000000000000000e+00,0.000000000000000000e+00,0.000000000000000000e+00,0.000000000000000000e+00,0.000000000000000000e+00,0.000000000000000000e+00,0.000000000000000000e+00,0.000000000000000000e+00,0.000000000000000000e+00,0.000000000000000000e+00,0.000000000000000000e+00,0.000000000000000000e+00,0.000000000000000000e+00,0.000000000000000000e+00,0.000000000000000000e+00,0.000000000000000000e+00,0.000000000000000000e+00,0.000000000000000000e+00,0.000000000000000000e+00,0.000000000000000000e+00,0.000000000000000000e+00,0.000000000000000000e+00,0.000000000000000000e+00,0.000000000000000000e+00,0.000000000000000000e+00,0.000000000000000000e+00,0.000000000000000000e+00,0.000000000000000000e+00,0.000000000000000000e+00,0.000000000000000000e+00,0.000000000000000000e+00,0.000000000000000000e+00,0.000000000000000000e+00,0.000000000000000000e+00,0.000000000000000000e+00,0.000000000000000000e+00,0.000000000000000000e+00,0.000000000000000000e+00,0.000000000000000000e+00,0.000000000000000000e+00,1.000000000000000000e+00
