1.000000000000000000e+00,-1.000000000000000000e+00,1.000000000000000000e+00,-1.000000000000000000e+00,1.000000000000000000e+00,1.000000000000000000e+00,-1.000000000000000000e+00,1.000000000000000000e+00,1.000000000000000000e+00,-1.000000000000000000e+00,-1.000000000000000000e+00,1.000000000000000000e+00,-1.000000000000000000e+00,1.000000000000000000e+00,1.000000000000000000e+00,-1.000000000000000000e+00,-1.000000000000000000e+00,1.000000000000000000e+00,1.000000000000000000e+00,1.000000000000000000e+00,-1.000000000000000000e+00,1.000000000000000000e+00,-1.000000000000000000e+00,-1.000000000000000000e+00,-1.000000000000000000e+00,1.000000000000000000e+00,1.000000000000000000e+00,1.000000000000000000e+00,1.000000000000000000e+00,-1.000000000000000000e+00,1.000000000000000000e+00,-1.000000000000000000e+00,1.000000000000000000e+00,1.000000000000000000e+00,-1.000000000000000000e+00,-1.000000000000000000e+00,-1.000000000000000000e+00,1.000000000000000000e+00,1.000000000000000000e+00,-1.000000000000000000e+00,-1.000000000000000000e+00,-1.000000000000000000e+00,-1.000000000000000000e+00,-1.000000000000000000e+00,1.000000000000000000e+00,-1.000000000000000000e+00,1.000000000000000000e+00,1.000000000000000000e+00,-1.000000000000000000e+00,1.000000000000000000e+00,1.000000000000000000e+00,1.000000000000000000e+00,-1.000000000000000000e+00,1.000000000000000000e+00,1.000000000000000000e+00,-1.000000000000000000e+00,1.000000000000000000e+00,-1.000000000000000000e+00,-1.000000000000000000e+00,-1.000000000000000000e+00,1.000000000000000000e+00,1.000000000000000000e+00,1.000000000000000000e+00,-1.000000000000000000e+00,-1.000000000000000000e+00,-1.000000000000000000e+00,-1.000000000000000000e+00,-1.000000000000000000e+00,1.000000000000000000e+00,-1.000000000000000000e+00,-1.000000000000000000e+00,1.000000000000000000e+00,-1.000000000000000000e+00,1.000000000000000000e+00,1.000000000000000000e+00,-1.000000000000000000e+00,-1.000000000000000000e+00,1.000000000000000000e+00,-1.000000000000000000e+00,1.000000000000000000e+00,-1.000000000000000000e+00,-1.000000000000000000e+00,1.000000000000000000e+00,-1.000000000000000000e+00,1.000000000000000000e+00,-1.000000000000000000e+00,1.000000000000000000e+00,1.000000000000000000e+00,-1.000000000000000000e+00,-1.000000000000000000e+00,-1.000000000000000000e+00,1.000000000000000000e+00,-1.000000000000000000e+00,1.000000000000000000e+00,-1.000000000000000000e+00,1.000000000000000000e+00,1.000000000000000000e+00,1.000000000000000000e+00,-1.000000000000000000e+00,-1.000000000000000000e+00
0.000000000000000000e+00,1.000000000000000000e+00,-2.243383815624861721e-01,1.837801906188407941e-01,-6.159677734117129794e-02,-9.493659231624222983e-01,4.902538820167424705e-01,6.752355044419774410e-01,1.349704198700767133e-02,1.058445019797667475e-01,2.173931563855543980e-01,3.051922410634176630e-02,2.884396679216608694e-01,-4.182654593064875082e-01,-7.747164685597915379e-02,6.925011707514338033e-01,-3.430038543639773452e-01,4.967821275407482418e-01,-1.000000000000000000e+00,-1.112632007449238652e-01,7.873890650835933813e-02,-2.285351780336314365e-01,9.076621839884928267e-02,-4.738402083107608187e-02,2.802824502046220578e-01,3.400651438304670010e-02,1.834269388700308923e-01,2.555703691376123299e-01,8.855866376841097232e-01,5.941382320072522427e-01,-3.046555927547318632e-01,-3.763953091381684879e-01,-5.266698453613689601e-01,-7.133768700684122166e-01,1.382434980984575124e-01,-7.820545983576832061e-02,7.321639615805510815e-01,6.416736206056363745e-01,1.570078050357381627e-01,8.269238503828661713e-02,-2.450443458063815416e-01,4.448839231627338409e-01,-6.756522072155433101e-01,-7.505741420510031459e-02,4.947995575935640877e-01,4.565577793242097532e-02,4.416062625164359767e-01,4.563972403460520022e-01,1.122213449248198325e-01,-1.000000000000000000e+00,-1.353782152932161420e-01,-1.433533855830622650e-01,-1.000000000000000000e+00,5.645705461747405063e-03,-6.098986536886765730e-01,-3.492147397492327277e-01,-4.380764179387327539e-01,7.206826303917834853e-02,5.988566943913197216e-01,6.478269169284931461e-01,5.754235782052103954e-01,-9.625681555413086177e-02,5.043685732953576834e-02,-2.264916268446215061e-02,1.000000000000000000e+00,7.018839669412599291e-02,1.561417906043535142e-01,7.823748485300789923e-01,-3.797746988567644588e-01,7.163087822191430698e-01,-5.387725141780603799e-01,2.494410791566499253e-01,-2.596162422423876903e-02,1.214927253179906991e-01,-1.571350549176712963e-01,2.477766112382107921e-01,-1.208258772409207538e-01,4.903423265297000011e-01,-2.230723177692336273e-02,6.717856259130920993e-01,3.422673120632699351e-01,-5.239995918955769882e-03,-2.030759571214278136e-01,5.387324034476341783e-01,-5.909301596642472232e-01,4.824348375247069498e-01,4.004336673422467796e-01,-1.890322739713286293e-01,-1.954851786992840568e-01,1.688970513311197352e-01,-5.232271102181914602e-01,3.944071498982957835e-01,7.503281051032363591e-02,-4.356317582158663465e-02,5.137446955010215310e-01,-3.458721690468069543e-01,-5.975775905731599558e-01,-2.615098314304249438e-01,1.000000000000000000e+00,2.897576133833721507e-02
0.000000000000000000e+00,0.000000000000000000e+00,1.000000000000000000e+00,-7.725098198047763987e-01,4.292249365991736565e-01,1.000000000000000000e+00,-9.864090787564365748e-01,3.530895522870219350e-01,1.000000000000000000e+00,-3.745840286860309121e-01,-5.911429920400413929e-01,3.276345177139475262e-01,-1.000000000000000000e+00,8.941991217782480073e-01,6.341849465194637769e-01,-8.498312405106317469e-01,-1.000000000000000000e+00,5.212769267361679892e-01,4.070272902489870392e-01,6.094828879224236662e-01,-2.749252530910259451e-01,3.657237038144813268e-01,-5.491442805965578433e-01,-5.166116982519629586e-01,-1.000000000000000000e+00,6.135622878247641854e-01,1.000000000000000000e+00,1.000000000000000000e+00,-6.275768103423908784e-01,-6.096148962462861753e-01,1.000000000000000000e+00,-4.617408765659173353e-01,1.000000000000000000e+00,3.854751857263973291e-01,-6.402152827767200183e-01,-3.161166869105151433e-01,-1.000000000000000000e+00,3.495927498058050698e-01,4.174906523525301338e-01,-1.000000000000000000e+00,2.064659235451224862e-03,-6.851819757387345167e-01,2.543556441851187455e-01,-5.417426282719937092e-01,1.829524447705770662e-01,-3.321785238338508806e-01,6.525095636982816139e-01,-4.189491460425500691e-01,-8.826142829026745185e-01,1.000000000000000000e+00,4.958461233037863014e-01,4.861075865575664179e-01,2.028313498512182289e-01,6.270686171793564689e-01,9.753076328453590405e-01,-1.000000000000000000e+00,8.367836470628304824e-01,7.974391786045779140e-01,-8.504273856050883484e-01,-1.000000000000000000e+00,2.895588215290674852e-02,8.154532326897998007e-02,1.000000000000000000e+00,-5.101738851750524661e-01,-9.775064448407948525e-01,-5.683738295280582609e-01,-5.414233661615204252e-01,-1.000000000000000000e+00,1.000000000000000000e+00,-5.304497608437466205e-01,-9.453304501499236734e-01,7.206786586882206747e-01,-3.427810175255464886e-02,1.000000000000000000e+00,7.925547066364856397e-01,-8.837076919704220934e-01,-7.667725741056016231e-01,-2.280544879846327644e-01,-6.135455570680357074e-01,1.392072307824780419e-01,-3.105658092957718774e-01,-6.562601573628894513e-01,-4.714380280720431582e-01,-5.946210943781850000e-01,8.423407116116881088e-01,-6.578147213807877813e-01,1.000000000000000000e+00,5.390051137679838789e-01,-4.562745871749079307e-01,-5.076896886453087232e-01,-8.198185590429218905e-01,9.056892529065709851e-01,-8.210230238902511690e-01,5.187538712022758958e-01,-1.000000000000000000e+00,9.411671348666975634e-01,4.428252617636843080e-01,8.762636703864372656e-01,-9.381557124368953282e-01,-5.366682666327334816e-01
0.000000000000000000e+00,0.000000000000000000e+00,0.000000000000000000e+00,1.000000000000000000e+00,-6.676117562413654838e-01,-1.000000000000000000e+00,1.000000000000000000e+00,-7.179226497811606045e-01,-1.000000000000000000e+00,7.116246933767798044e-01,1.000000000000000000e+00,-4.873255178079907712e-01,1.000000000000000000e+00,-1.000000000000000000e+00,-1.000000000000000000e+00,1.000000000000000000e+00,1.000000000000000000e+00,-1.000000000000000000e+00,-6.119442681207813983e-01,-7.735686404372938973e-01,6.447312454108978796e-01,-7.816198930133864131e-01,7.107777585742380833e-01,8.248124671743619629e-01,1.000000000000000000e+00,-9.517782096659843649e-01,-1.000000000000000000e+00,-1.000000000000000000e+00,3.232932819568766214e-01,7.494695188147588727e-01,-1.000000000000000000e+00,9.238034905907988037e-01,-1.000000000000000000e+00,-8.106233176284076691e-01,8.725439393497413931e-01,5.257854165163710070e-01,1.000000000000000000e+00,-9.108055476987807486e-01,-7.798806343585479306e-01,1.000000000000000000e+00,3.837325004775841708e-01,1.000000000000000000e+00,2.632917600373417821e-01,9.614750188065867009e-01,-6.592060930928422824e-01,4.983256906681816090e-01,-9.836665525138101884e-01,8.590244398128636660e-02,1.000000000000000000e+00,-1.000000000000000000e+00,-7.580371292397819483e-01,-7.041250743129330303e-01,-6.584492365313091011e-02,-9.101129292380402136e-01,-1.000000000000000000e+00,1.000000000000000000e+00,-9.656972904022138593e-01,-5.042566943469962704e-01,1.000000000000000000e+00,1.000000000000000000e+00,-4.473279720778023938e-01,-8.186152530031074459e-01,-1.000000000000000000e+00,7.166693144972465790e-01,1.000000000000000000e+00,7.964450186849534319e-01,9.776834859194393212e-01,1.000000000000000000e+00,-1.000000000000000000e+00,5.312645346312671046e-01,1.000000000000000000e+00,-1.000000000000000000e+00,5.644484355670891240e-01,-1.000000000000000000e+00,-1.000000000000000000e+00,9.976941043344347282e-01,7.284101399720342984e-01,-2.073794861885314977e-01,1.000000000000000000e+00,-1.725926506588782994e-01,6.575993248620281006e-01,8.411643286087931992e-01,5.518060032597004588e-02,1.000000000000000000e+00,-1.000000000000000000e+00,5.924071803201517161e-01,-1.000000000000000000e+00,-8.103215195196765697e-01,8.018643163846023159e-01,8.225455600404286693e-01,1.000000000000000000e+00,-1.000000000000000000e+00,1.000000000000000000e+00,-7.493718072714415923e-01,1.000000000000000000e+00,-1.000000000000000000e+00,-1.000000000000000000e+00,-1.000000000000000000e+00,1.000000000000000000e+00,8.518841679289071989e-01
0.000000000000000000e+00,0.000000000000000000e+00,0.000000000000000000e+00,0.000000000000000000e+00,1.000000000000000000e+00,1.000000000000000000e+00,-1.000000000000000000e+00,1.000000000000000000e+00,1.000000000000000000e+00,-1.000000000000000000e+00,-1.000000000000000000e+00,7.215565250354589732e-01,-1.000000000000000000e+00,1.000000000000000000e+00,1.000000000000000000e+00,-1.000000000000000000e+00,-7.623367208253557514e-01,1.000000000000000000e+00,6.791594619566037050e-01,8.707346733102026004e-01,-1.000000000000000000e+00,1.000000000000000000e+00,-8.599665518554973076e-01,-1.000000000000000000e+00,-1.000000000000000000e+00,1.000000000000000000e+00,1.000000000000000000e+00,1.000000000000000000e+00,9.005276912967591363e-01,-5.509979990847110320e-01,1.000000000000000000e+00,-1.000000000000000000e+00,1.000000000000000000e+00,1.000000000000000000e+00,-1.000000000000000000e+00,-1.000000000000000000e+00,-1.000000000000000000e+00,1.000000000000000000e+00,1.000000000000000000e+00,-1.000000000000000000e+00,-1.000000000000000000e+00,-1.000000000000000000e+00,-1.000000000000000000e+00,-1.000000000000000000e+00,1.000000000000000000e+00,-7.078030435551749822e-01,1.000000000000000000e+00,9.096451238849516674e-01,-1.000000000000000000e+00,1.000000000000000000e+00,1.000000000000000000e+00,9.811164137418012521e-01,-3.644855388610743208e-01,1.000000000000000000e+00,1.000000000000000000e+00,-1.000000000000000000e+00,8.709593241034198075e-01,-3.796585354558395520e-01,-1.000000000000000000e+00,-1.000000000000000000e+00,1.000000000000000000e+00,1.000000000000000000e+00,1.000000000000000000e+00,-9.755669880502033653e-01,-1.000000000000000000e+00,-1.000000000000000000e+00,-1.000000000000000000e+00,-1.000000000000000000e+00,1.000000000000000000e+00,-2.849867978219661757e-01,-1.000000000000000000e+00,1.000000000000000000e+00,-1.000000000000000000e+00,1.000000000000000000e+00,1.000000000000000000e+00,-8.634878164278960710e-01,-1.413791192491402338e-01,1.000000000000000000e+00,-1.000000000000000000e+00,6.515022635957209429e-01,-1.000000000000000000e+00,-9.571004011446759829e-01,8.029249659546724427e-01,-1.000000000000000000e+00,1.000000000000000000e+00,-1.669690038315723157e-01,1.000000000000000000e+00,1.000000000000000000e+00,-1.000000000000000000e+00,-1.000000000000000000e+00,-1.000000000000000000e+00,1.000000000000000000e+00,-1.000000000000000000e+00,9.910106116838741652e-01,-1.000000000000000000e+00,1.000000000000000000e+00,1.000000000000000000e+00,1.000000000000000000e+00,-9.318063051248063333e-01,-1.000000000000000000e+00
0.000000000000000000e+00,0.000000000000000000e+00,0.000000000000000000e+00,0.000000000000000000e+00,0.000000000000000000e+00,1.000000000000000000e+00,-3.865465580914341226e-01,-1.750447620668579563e-01,4.777971539649183974e-01,-5.012888806876260317e-02,-9.643271694765645496e-02,5.892222130787961448e-02,-3.330131342660473948e-01,3.582911753429620094e-01,2.164614701046157774e-01,-4.591752993974880792e-01,-1.171605730973234727e-01,-2.085393223325720385e-02,3.691477974948116358e-01,1.974571131824681691e-01,-1.471978692535832745e-01,1.592486583496491304e-01,-1.628172017804728200e-01,-5.557302689798440665e-02,-3.131796096051902567e-01,9.742452730179623765e-02,4.629793225099171350e-01,1.963044224804678939e-01,-5.523673029469888807e-01,-2.903793937125764280e-01,2.965353811172853349e-01,1.954511338264179176e-03,5.129201924668568280e-01,3.777174172799577789e-01,-1.790818850888059866e-01,-1.365394938585757223e-01,-8.552609594236593171e-01,-2.557079104715271889e-01,-1.808731098447395602e-02,-3.167629149922626675e-01,1.379482466782069872e-01,-3.229372280510254822e-01,4.702316107449394655e-01,8.753922485276387569e-03,-1.959843345008928650e-01,-8.959356390856794417e-02,-8.751122461745125536e-02,-3.299669016792732834e-01,-2.564587953065238235e-01,1.000000000000000000e+00,1.331244730701545420e-01,1.840105374694937235e-01,6.220308698149082938e-01,1.002477051268896718e-01,6.033280817828096110e-01,-7.868724910240705583e-02,3.766847876677640872e-01,3.522557688800433736e-03,-3.369428082449091866e-01,-4.690018098284079451e-01,-2.921631653192050537e-01,-4.065489552366440690e-02,3.473167829009467522e-01,-8.546384741340307123e-02,-1.000000000000000000e+00,-1.941187472654257451e-01,-1.742503385393548709e-01,-5.297139951121002666e-01,6.503583634470572195e-01,-4.858785217467895268e-01,-2.518691822697438978e-02,2.063296565605175423e-02,3.590853139146572837e-02,2.882954765676902786e-01,2.204139639097733860e-01,-2.920092817369713267e-01,-1.069237366462529870e-01,-2.855447011009402680e-01,-1.710874944185504509e-01,-4.347434528269208259e-02,-1.023540728956041090e-01,-1.484325250819874542e-01,-1.292002139567926533e-01,-3.697629988027358316e-01,4.229233831092886753e-01,-2.947983620718662712e-01,1.446593185847598933e-05,1.920027234625488466e-01,-1.585256306944392984e-02,-1.807822743194554826e-01,1.231576583172304951e-01,-1.225570825381021717e-01,-1.632970094274141248e-01,1.153260743099477764e-01,-4.785776103297297301e-01,4.375070395774505183e-01,7.888092109002695085e-02,2.324574613774251508e-01,-4.746984170982186946e-01,-1.344629044948694174e-01
0.000000000000000000e+00,0.000000000000000000e+00,0.000000000000000000e+00,0.000000000000000000e+00,0.000000000000000000e+00,0.000000000000000000e+00,1.000000000000000000e+00,-3.779166232517045670e-02,-1.000000000000000000e+00,3.950272419145148817e-01,6.017663211423140979e-01,-2.687860410585108384e-01,1.000000000000000000e+00,-8.716860126688628085e-01,-6.402158801403531330e-01,1.000000000000000000e+00,5.837534085845001997e-01,-5.857324786959428042e-01,-9.788072372280935962e-01,-5.100392254941107373e-01,3.857499493494927489e-01,-5.056216377169924225e-01,4.749579770662929468e-01,4.106053409479358818e-01,1.000000000000000000e+00,-5.217381190204070096e-01,-8.691447797309972412e-01,-7.868253699799476752e-01,6.328490291389904376e-01,7.116424835594351572e-01,-9.956892942732866736e-01,1.878674605252504681e-01,-1.000000000000000000e+00,-7.907961181115190641e-01,5.816000448608941165e-01,3.077939634252155332e-01,1.000000000000000000e+00,-1.807224513929425735e-01,-3.398105352456795014e-01,1.000000000000000000e+00,5.282321239033954674e-02,8.910296362976392048e-01,-2.728094391401750252e-01,5.041125169900639857e-01,-8.597750683938892857e-02,3.069134604485524997e-01,-3.755710016641554128e-01,3.029498166813598403e-01,7.514138118520802267e-01,-1.000000000000000000e+00,-4.725336730623619363e-01,-4.839949880343439870e-01,-7.281168457424309626e-01,-5.142916553123607626e-01,-1.000000000000000000e+00,7.742090728057946514e-01,-8.200637762627055460e-01,-4.338365135066737377e-01,1.000000000000000000e+00,1.000000000000000000e+00,8.066359346341492320e-02,-3.600286082430767531e-01,-8.379546688665416854e-01,4.146740769739833410e-01,1.000000000000000000e+00,5.282670536655751370e-01,5.836097453730209050e-01,1.000000000000000000e+00,-1.000000000000000000e+00,7.010910245077897063e-01,3.417218691179641499e-01,-4.478202898460053594e-01,2.530275022685401498e-01,-7.976830335695367369e-01,-7.416589329581364520e-01,7.389401881185152510e-01,3.042643804412194508e-01,2.047120936626972143e-01,7.109038004506533781e-01,2.389496857749188186e-01,5.067024928106360626e-01,4.878401650364052045e-01,6.476841850854923865e-02,8.753123794993918905e-01,-9.847475503498973604e-01,7.169840372155878994e-01,-6.695925188982223553e-01,-5.490133403468669959e-01,3.484583393310830002e-01,5.607801575568509556e-01,3.712212130543898203e-01,-4.780033338084089811e-01,6.892260531660451273e-01,-4.394904624040317231e-01,1.000000000000000000e+00,-8.758103120112433748e-01,-8.669900923384444846e-01,-8.489821624854670956e-01,1.000000000000000000e+00,4.948438326861954728e-01
0.000000000000000000e+00,0.000000000000000000e+00,0.000000000000000000e+00,0.000000000000000000e+00,0.000000000000000000e+00,0.000000000000000000e+00,0.000000000000000000e+00,1.000000000000000000e+00,7.907142275931252628e-01,-2.495548777677875918e-01,-2.566715165624992578e-01,2.344063022701513566e-01,-3.708310614229996527e-01,1.101771386700387267e-01,5.103361811891035105e-01,-1.894320579334651464e-02,-3.714163056161006726e-01,1.000000000000000000e+00,-6.346288161997004629e-01,1.688144126015632962e-01,-3.820987118042653563e-01,2.970408687304241235e-01,-1.904387453468894820e-01,-3.853188937578612139e-01,-4.087729261609470144e-01,3.737112652205879515e-01,7.423606243109813763e-01,6.885360161112721311e-01,9.440203798422857062e-01,2.423206550580830343e-01,3.429462725854472982e-01,-8.046205992105770477e-01,1.853181768115032546e-01,-7.006519640965423734e-02,-2.236034101187645562e-01,-4.000356702068608716e-01,-3.023581422967548393e-01,1.000000000000000000e+00,4.819836225621555448e-01,-7.184331512632624595e-01,-5.466210494943931630e-01,-3.788655655064901984e-01,-8.229964044141864221e-01,-4.785685342823763344e-01,8.241015780336828911e-01,-1.755905068097172173e-01,7.152708372462903696e-01,6.003120767181980844e-01,-3.573486578975434980e-01,-5.347385923707361766e-01,2.192509351011503738e-01,1.951461705218037468e-01,-9.443396386218465555e-01,3.458263072096964263e-01,4.345652069023628328e-01,-6.809537656434314634e-01,-4.696164985696957284e-02,-1.012729673200216812e-01,-3.934148308762644430e-02,-3.174076339171528205e-01,7.439302535836852526e-01,5.084034644250999824e-01,5.165880849505217753e-01,-3.082194826857681536e-01,1.746736288300195505e-01,-3.166994121976633991e-01,-3.599746120419148321e-01,-2.587009763445470290e-01,3.527519805711096246e-01,3.542365050113541747e-01,-9.413255386986276729e-01,4.466791179698648140e-01,-5.498462430451912519e-01,4.248003732039687397e-01,3.538909997098826921e-01,-6.216337611532050944e-02,-2.207248027556485068e-02,7.008277743120644443e-01,-5.546455396295199014e-01,8.144888603398144911e-01,-6.352035092240611303e-02,-2.567182495394105812e-01,1.851386816432243898e-01,-1.377566334861060338e-01,2.699876544144746982e-01,3.308288193175381586e-01,6.689371342100400852e-01,2.051113513849725234e-01,-5.580339298936713988e-01,-2.640319676227068646e-01,-8.683376865732493899e-01,5.624080804998443650e-01,-3.689616163758754341e-01,2.449312976323389512e-01,-2.625663009063821107e-01,2.539675303547225815e-01,1.364726483518027556e-01,2.514465880889127924e-01,4.491550542896719511e-01,-3.683207334349937190e-01
0.000000000000000000e+00,0.000000000000000000e+00,0.000000000000000000e+00,0.000000000000000000e+00,0.000000000000000000e+00,0.000000000000000000e+00,0.000000000000000000e+00,0.000000000000000000e+00,1.000000000000000000e+00,-2.165131892863706997e-01,-3.215344384901463459e-01,1.739006588175951440e-01,-5.231219489071687878e-01,4.073534222078076805e-01,4.391956239880985269e-01,-2.624659865091208966e-01,-3.156844154650369494e-01,8.470325908529673375e-01,-2.475658893332986499e-01,2.630418680218097882e-01,-2.548485446608814153e-01,2.519515761372694285e-01,-2.220093488108968449e-01,-3.311972541671826531e-01,-6.796284295131962416e-01,3.015360239581065249e-01,6.997717809765542363e-01,6.588070288040475120e-01,1.786093584271651949e-02,-1.009291602868832849e-01,4.314561129641231729e-01,-5.784566539933155838e-01,5.169875559916307095e-01,1.716502502426169030e-01,-2.790354902960839323e-01,-2.033636408293268694e-01,-7.255783850623402920e-01,3.680168560937211453e-01,2.931216014401517023e-01,-6.581125043688852427e-01,-1.790738165525095626e-01,-3.636100151959254512e-01,-1.657820530762108002e-01,-2.943622260243662359e-01,3.292831110566082908e-01,-1.657472304362099524e-01,3.746206090362049212e-01,1.925389089081779720e-02,-3.821133596120591114e-01,5.106188386986435512e-01,2.671390240748305889e-01,2.315895636884257036e-01,-2.950066629159019405e-01,2.946420413999671917e-01,6.066898994604007500e-01,-3.946172095974455063e-01,2.654106464549281785e-01,-1.477781844414126702e-02,-2.461797677931654715e-01,-5.395685600360503598e-01,2.478907746807743895e-01,2.402670080254910578e-01,6.121636384642126227e-01,-2.387794356095033210e-01,-4.063590882618982048e-01,-2.713260742341357390e-01,-3.255061981789135195e-01,-6.366435084116813803e-01,8.608085015576917298e-01,-1.277132441436237553e-01,-5.288894720415590056e-01,2.717664103459946356e-01,-1.801512870514949960e-01,6.356822972762260493e-01,3.645692956842608856e-01,-2.896114473343423534e-01,-2.507417184149766665e-01,1.018331425693478620e-01,-2.552807409821920559e-01,3.839038406339843057e-01,-8.789310992599386196e-02,-2.922828399780361130e-01,3.039123730896373457e-02,-3.157960099272745236e-01,5.046204689454599768e-01,4.172255190214273213e-02,6.660522224457432472e-01,2.403097119311254914e-01,-3.316714039484640608e-01,-2.556700720579195285e-01,-4.531461197534234486e-01,3.633561238165645135e-01,-3.956371252843920994e-01,2.546904729718474369e-01,-4.559353855013603685e-01,4.465371743003495042e-01,1.609260817175549030e-01,3.282006862979997552e-01,-3.039936750344718330e-01,-3.077023268330713601e-01
0.000000000000000000e+00,0.000000000000000000e+00,0.000000000000000000e+00,0.000000000000000000e+00,0.000000000000000000e+00,0.000000000000000000e+00,0.000000000000000000e+00,0.000000000000000000e+00,0.000000000000000000e+00,1.000000000000000000e+00,1.000000000000000000e+00,-3.629239571606012738e-01,1.000000000000000000e+00,-7.317014367768372995e-01,-1.000000000000000000e+00,8.684027588280350818e-01,-2.051782715612486263e-01,-1.000000000000000000e+00,-8.227072568093992677e-01,-3.572889827799057283e-01,8.675314759150680732e-01,-1.000000000000000000e+00,3.862302424381735544e-01,7.866726475614376213e-01,1.000000000000000000e+00,-7.916787567468185349e-01,-3.648748659343104550e-01,-6.912319634282333425e-01,-7.657848018244707289e-01,5.289744848551768408e-01,-9.821083981688085718e-01,1.000000000000000000e+00,-1.000000000000000000e+00,-1.000000000000000000e+00,5.582375630501769104e-01,2.481210516533080279e-01,5.049293293658621007e-01,-1.000000000000000000e+00,-9.040555558901830491e-01,1.000000000000000000e+00,9.714037758746667528e-01,1.000000000000000000e+00,1.000000000000000000e+00,1.000000000000000000e+00,-1.000000000000000000e+00,3.940793340590210692e-01,-7.480814193707340243e-01,-7.440880225234819401e-01,6.455131443915832490e-01,-5.764672463332473074e-01,-7.798583469970387094e-01,-5.105632097231768141e-01,4.130512318591411103e-01,-7.948702380713174032e-01,-1.000000000000000000e+00,7.325503836561585436e-01,-2.774435920638771980e-01,6.492383085766949558e-01,1.000000000000000000e+00,1.000000000000000000e+00,-1.000000000000000000e+00,-1.000000000000000000e+00,-7.384554111631953521e-01,5.431636870548050000e-01,-7.005514855652554551e-02,4.429651702236498401e-01,1.000000000000000000e+00,1.000000000000000000e+00,-5.078110022545789803e-01,-2.362189132068704955e-01,1.000000000000000000e+00,-8.395010491108858552e-01,1.000000000000000000e+00,-3.671436255846246555e-01,-9.040558000779149728e-01,3.318999456881519539e-01,-1.616215295069261260e-01,-1.000000000000000000e+00,1.000000000000000000e+00,3.422343631809884323e-01,1.000000000000000000e+00,4.151017039379809592e-01,-1.000000000000000000e+00,1.000000000000000000e+00,-1.000000000000000000e+00,-6.575533533698212085e-02,-1.000000000000000000e+00,-7.358630841718748483e-01,7.528743626202973882e-01,6.919125523506924891e-01,1.000000000000000000e+00,-7.672860789572969464e-01,8.478010464157010873e-01,-6.106373724840149508e-01,8.478568574719501649e-01,-4.378785212200153043e-01,-1.000000000000000000e+00,-9.174767324375681099e-01,1.000000000000000000e+00,7.552716586894298034e-01
0.000000000000000000e+00,0.000000000000000000e+00,0.000000000000000000e+00,0.000000000000000000e+00,0.000000000000000000e+00,0.000000000000000000e+00,0.000000000000000000e+00,0.000000000000000000e+00,0.000000000000000000e+00,0.000000000000000000e+00,1.000000000000000000e+00,-1.869060812190465881e-01,7.131162412989234811e-01,-5.497404518742351476e-01,-6.438836897622309818e-01,5.464917093954696492e-01,-2.758472082404778702e-01,-7.405174035240462693e-01,-5.549912696195127282e-01,-2.187783458109228696e-01,4.916232731807427814e-01,-6.488265000525315074e-01,2.148060230211859267e-01,5.038594403158833668e-01,1.000000000000000000e+00,-4.232738688596467957e-01,-2.509224855028623774e-02,-4.237751862549598569e-01,-2.429474765468063457e-01,4.319952078368490267e-01,-5.385565931600219125e-01,7.251654753125006403e-01,-6.799806250932113327e-01,-7.791050058639508169e-01,3.451639419132410125e-01,-3.139084142206410161e-02,2.467665596220543212e-01,-5.911427537769803342e-01,-5.105974083692700338e-01,7.430646863624073006e-01,5.240469169357461210e-01,9.075190425576697972e-01,7.336975604454794020e-01,7.123446823717116683e-01,-6.404940808879425740e-01,2.263977947617111519e-01,-3.385686857528795168e-01,-2.744376059490451492e-01,3.451307971850227641e-01,-6.388229128820153147e-01,-5.491581393049139725e-01,-3.060982805371049165e-01,2.634848925071551773e-01,-4.747693361313809479e-01,-8.777322498546312746e-01,2.679038256056978651e-01,-2.232592430346199697e-01,4.795238850413701681e-01,6.266549448151891299e-01,1.000000000000000000e+00,-6.665367462870521731e-01,-1.000000000000000000e+00,-4.142762798480900677e-01,3.027386566323194694e-01,-2.218133807305130711e-01,1.922298445322178084e-01,6.753958835732579713e-01,9.054535515581695337e-01,-5.210134064757688810e-01,-8.613950873013044574e-02,5.903039209603657689e-01,-3.641904823245011857e-01,7.041689420977913505e-01,-2.941934328377991958e-01,-5.642009669141411221e-01,2.331024067858876447e-01,-8.589204904114131067e-02,-4.687327088874292946e-01,3.620198297256884690e-01,3.896189864319159479e-01,6.324792431610871679e-01,2.336505141116073936e-01,-9.427555444545562269e-01,9.373143743248011361e-01,-8.946682453891318110e-01,-7.153684108086051652e-02,-1.000000000000000000e+00,-4.604181643536280344e-01,3.743423926513480549e-01,3.756495765032724643e-01,5.976477461207125863e-01,-3.320930551425789190e-01,5.242721941975937439e-01,-3.847661463459988163e-01,4.861865794024337051e-01,-2.546110793297868269e-01,-1.000000000000000000e+00,-5.730295579970291486e-01,1.000000000000000000e+00,4.410861267746267744e-01
0.000000000000000000e+00,0.000000000000000000e+00,0.000000000000000000e+00,0.000000000000000000e+00,0.000000000000000000e+00,0.000000000000000000e+00,0.000000000000000000e+00,0.000000000000000000e+00,0.000000000000000000e+00,0.000000000000000000e+00,0.000000000000000000e+00,1.000000000000000000e+00,-1.000000000000000000e+00,1.000000000000000000e+00,1.000000000000000000e+00,-1.000000000000000000e+00,-1.000000000000000000e+00,1.000000000000000000e+00,4.033017003220317753e-01,1.000000000000000000e+00,-1.000000000000000000e+00,1.000000000000000000e+00,-1.000000000000000000e+00,-1.000000000000000000e+00,-1.000000000000000000e+00,1.000000000000000000e+00,1.000000000000000000e+00,1.000000000000000000e+00,1.000000000000000000e+00,-3.490049290740933619e-01,1.000000000000000000e+00,-1.000000000000000000e+00,1.000000000000000000e+00,8.623770665269283597e-01,-1.000000000000000000e+00,-1.000000000000000000e+00,-1.000000000000000000e+00,1.000000000000000000e+00,1.000000000000000000e+00,-1.000000000000000000e+00,-1.000000000000000000e+00,-1.000000000000000000e+00,-1.000000000000000000e+00,-1.000000000000000000e+00,1.000000000000000000e+00,-8.762222970157452773e-01,1.000000000000000000e+00,1.000000000000000000e+00,-1.000000000000000000e+00,1.000000000000000000e+00,1.000000000000000000e+00,1.000000000000000000e+00,-8.856075643766132544e-01,1.000000000000000000e+00,1.000000000000000000e+00,-1.000000000000000000e+00,9.190690581993080643e-01,7.090716962514160837e-01,-1.000000000000000000e+00,-1.000000000000000000e+00,1.000000000000000000e+00,1.000000000000000000e+00,1.000000000000000000e+00,-1.000000000000000000e+00,-1.000000000000000000e+00,-1.000000000000000000e+00,-1.000000000000000000e+00,-1.000000000000000000e+00,1.000000000000000000e+00,1.018389823728859528e-01,-1.000000000000000000e+00,1.000000000000000000e+00,-1.000000000000000000e+00,1.000000000000000000e+00,1.000000000000000000e+00,-1.000000000000000000e+00,-4.085199284600876113e-01,1.000000000000000000e+00,-1.000000000000000000e+00,1.000000000000000000e+00,-1.000000000000000000e+00,-1.000000000000000000e+00,-1.716385436833233955e-02,-1.000000000000000000e+00,1.000000000000000000e+00,-5.438335384087599200e-01,1.000000000000000000e+00,1.000000000000000000e+00,-1.000000000000000000e+00,-1.000000000000000000e+00,-1.000000000000000000e+00,1.000000000000000000e+00,-1.000000000000000000e+00,1.000000000000000000e+00,-1.000000000000000000e+00,1.000000000000000000e+00,1.000000000000000000e+00,1.000000000000000000e+00,3.730304745387982290e-01,-1.000000000000000000e+00
0.000000000000000000e+00,0.000000000000000000e+00,0.000000000000000000e+00,0.000000000000000000e+00,0.000000000000000000e+00,0.000000000000000000e+00,0.000000000000000000e+00,0.000000000000000000e+00,0.000000000000000000e+00,0.000000000000000000e+00,0.000000000000000000e+00,0.000000000000000000e+00,1.000000000000000000e+00,-7.692970641248310093e-01,-8.251867828410683892e-01,7.850658250782397429e-01,4.374540400403715279e-01,-1.000000000000000000e+00,-3.582620982435529844e-01,-4.644747547804413124e-01,5.548287812264706131e-01,-6.263428778420824239e-01,4.375162023685933987e-01,5.722846781422901152e-01,1.000000000000000000e+00,-6.031023207625472171e-01,-9.636260808142541601e-01,-9.249919512712592162e-01,-4.742739648857710599e-02,4.254006781458821163e-01,-9.410819404490595730e-01,7.307422297517508492e-01,-1.000000000000000000e+00,-6.658928245813278135e-01,5.559253674004588364e-01,3.925320358636677498e-01,1.000000000000000000e+00,-7.035177593361343629e-01,-5.567146150102939561e-01,1.000000000000000000e+00,4.075333052122243060e-01,9.558101103290939093e-01,3.456097433655406781e-01,6.770473465269586377e-01,-5.754787383054017491e-01,3.332666884491680692e-01,-6.189285413257464841e-01,-1.472764767026192301e-01,7.288634381548982910e-01,-1.000000000000000000e+00,-5.333457943860840933e-01,-4.754920776111868364e-01,3.451418093767852358e-02,-5.882795024324729560e-01,-1.000000000000000000e+00,7.991332295133064534e-01,-5.599584451777502858e-01,-2.440826017603351869e-02,8.120047123690311563e-01,1.000000000000000000e+00,-4.174061569898198099e-01,-7.767146492032355187e-01,-9.126949082323191353e-01,4.679928088073181391e-01,9.090352056682471371e-01,5.352173918779812301e-01,7.112183101387082873e-01,1.000000000000000000e+00,-1.000000000000000000e+00,3.112550987445600326e-01,7.551934197553130668e-01,-5.502868562632992067e-01,5.696019468321135149e-01,-8.078001106249292906e-01,-7.579796851139760649e-01,5.515238017757798650e-01,2.014938883171573381e-01,-2.861577501379243271e-01,7.620944599770226313e-01,-2.010224914055359913e-01,4.804813414132748095e-01,4.911615465914887513e-01,-2.754077393347548752e-01,8.554100734859433341e-01,-1.000000000000000000e+00,2.328649347868070874e-01,-9.491211758400546206e-01,-5.467124139676269312e-01,5.787639769196986084e-01,5.771694568041930706e-01,7.293898641439440222e-01,-6.189664107742971488e-01,7.386977846385370805e-01,-4.836359189564281014e-01,1.000000000000000000e+00,-7.792013207129915298e-01,-8.621857616748327402e-01,-7.751175003469750191e-01,8.090220796228035915e-01,5.967094049049320725e-01
0.000000000000000000e+00,0.000000000000000000e+00,0.000000000000000000e+00,0.000000000000000000e+00,0.000000000000000000e+00,0.000000000000000000e+00,0.000000000000000000e+00,0.000000000000000000e+00,0.000000000000000000e+00,0.000000000000000000e+00,0.000000000000000000e+00,0.000000000000000000e+00,0.000000000000000000e+00,1.000000000000000000e+00,8.152199104612383174e-01,-8.009851960643201707e-01,-8.219573488169201747e-02,1.000000000000000000e+00,3.025797281896844826e-01,4.807956552719545584e-01,-4.810963151558791395e-01,6.165826232280244845e-01,-3.687032341968952687e-01,-5.487035405187331571e-01,-1.000000000000000000e+00,4.890516157670532493e-01,8.558095076690890313e-01,6.825930527675038162e-01,-6.488206514067482722e-01,-5.588263236087749330e-01,9.534336883487525283e-01,-7.532065070570888032e-01,1.000000000000000000e+00,8.731978078835673784e-01,-5.320819169490925704e-01,-1.852908788785837813e-01,-1.000000000000000000e+00,1.619970549453458863e-01,4.042820872597107096e-01,-1.000000000000000000e+00,-1.817087912308100461e-01,-8.268595666768662200e-01,2.723836504038519568e-02,-4.439239644442495303e-01,2.502817876451911006e-01,-2.976623798818429645e-01,2.627290016308799769e-01,-2.268402048197243337e-01,-5.924156017973062349e-01,1.000000000000000000e+00,5.421638673871000957e-01,4.585984132845118966e-01,2.501426047034587818e-01,4.477206325196216308e-01,1.000000000000000000e+00,-2.390322110167951430e-01,6.894238815207081039e-01,-3.375631578668240040e-01,-7.828011535635305274e-01,-1.000000000000000000e+00,9.946406373641235310e-02,6.887109831809681282e-01,9.866661450785617626e-01,-3.234509922676763738e-01,-1.000000000000000000e+00,-4.131377735392405826e-01,-6.798106636073539821e-01,-1.000000000000000000e+00,1.000000000000000000e+00,-6.747412541084512050e-01,-2.865121330079376666e-02,2.560085894884460700e-01,-2.964773162453302469e-01,9.198574882250214468e-01,6.272860967610973670e-01,-5.553240369221936756e-01,-3.481512022401459516e-01,-9.438019968587063602e-02,-2.723191722281812499e-01,-4.420104592591509937e-03,-4.366509825251382870e-01,-4.550943797076374420e-01,3.963929141323166427e-01,-1.000000000000000000e+00,1.000000000000000000e+00,-1.138499590370959935e-01,8.060512919568781909e-01,4.995804270084778231e-01,-3.997934705314287740e-01,-5.278712479299427773e-01,-2.196458180078854350e-01,3.470612701438299252e-01,-6.924591984462078464e-01,4.472647519528474280e-01,-1.000000000000000000e+00,9.333073715662959513e-01,9.105428964117797674e-01,6.960398028219313415e-01,-1.000000000000000000e+00,-5.237800195069461928e-01
0.000000000000000000e+00,0.000000000000000000e+00,0.000000000000000000e+00,0.000000000000000000e+00,0.000000000000000000e+00,0.000000000000000000e+00,0.000000000000000000e+00,0.000000000000000000e+00,0.000000000000000000e+00,0.000000000000000000e+00,0.000000000000000000e+00,0.000000000000000000e+00,0.000000000000000000e+00,0.000000000000000000e+00,1.000000000000000000e+00,-6.202047408023934061e-01,-8.092588321858715239e-02,1.000000000000000000e+00,9.402203854823551823e-03,3.731691904112120484e-01,-7.646378456686091507e-01,7.781407138715333849e-01,-3.536685658910621033e-01,-6.057378462019881171e-01,-1.000000000000000000e+00,5.941784178981981412e-01,1.000000000000000000e+00,6.471091725119616500e-01,5.622891036796211495e-01,-1.555886634763515297e-01,8.440103510552161570e-01,-1.000000000000000000e+00,8.415862731333685343e-01,7.505363463590624118e-01,-4.681947505275894095e-01,-5.339120609263953154e-01,-1.000000000000000000e+00,9.672626627381850639e-01,6.424405836025790517e-01,-1.000000000000000000e+00,-6.802201719331832930e-01,-1.000000000000000000e+00,-7.460990762348681526e-01,-6.989465854835079650e-01,8.714862603598018120e-01,-3.281435949023357446e-01,6.306645231141047026e-01,5.504810087643520200e-01,-5.963986573695059246e-01,4.374418058052551017e-01,5.193060118105042866e-01,4.582307246494863318e-01,-3.180662469700712980e-01,5.313682633536972455e-01,1.000000000000000000e+00,-6.335930825925829568e-01,3.282154785148883591e-01,-6.336772925513253218e-01,-6.017457763645112090e-01,-9.657611810319536305e-01,7.113040730577648851e-01,1.000000000000000000e+00,8.482596406267953748e-01,-4.191843750718074468e-01,-1.000000000000000000e+00,-5.223831520147729224e-01,-8.122358888186161918e-01,-1.000000000000000000e+00,7.052292104919776206e-01,-1.366052098722289609e-01,-5.991367210768614449e-01,4.636211007932685702e-01,-8.700412496670217877e-01,5.905828864088954466e-01,6.780123801416391149e-01,-2.802680718712967090e-01,8.102699277868571914e-02,6.778011800444111445e-01,-8.473945599464624001e-01,5.170870749070707317e-01,-4.872968684500612047e-01,-3.966631220382035861e-01,6.710818025365197226e-01,-9.886178037152060227e-01,1.000000000000000000e+00,2.016350337143248683e-01,6.803244287975348525e-01,5.191063647824533112e-01,-6.933429221121233388e-01,-5.961520137161403499e-01,-6.510700283832383528e-01,4.219828669022669398e-01,-6.310117899179776835e-01,4.456460056405653347e-01,-8.784400589188712249e-01,7.420428352112287129e-01,8.957094941024115187e-01,6.347967533291490883e-01,-5.338987111435822275e-01,-6.425656198904654559e-01
0.000000000000000000e+00,0.000000000000000000e+00,0.000000000000000000e+00,0.000000000000000000e+00,0.000000000000000000e+00,0.000000000000000000e+00,0.000000000000000000e+00,0.000000000000000000e+00,0.000000000000000000e+00,0.000000000000000000e+00,0.000000000000000000e+00,0.000000000000000000e+00,0.000000000000000000e+00,0.000000000000000000e+00,0.000000000000000000e+00,1.000000000000000000e+00,1.908161415450487230e-01,-7.374853011853531592e-01,-1.000000000000000000e+00,-3.131749778112148941e-01,4.578632932962724000e-01,-5.380934589056431960e-01,3.568949801596240645e-01,2.409974599318859267e-01,7.115785849466522706e-01,-3.642161565903950238e-01,-5.202289632772273409e-01,-4.013047240070978794e-01,1.295917136649915591e-01,5.821909134271111563e-01,-6.998337066138526907e-01,3.399572908710549873e-02,-8.751695156163276090e-01,-8.129434597929897643e-01,4.059535876806245613e-01,3.607366792995334026e-01,1.000000000000000000e+00,-2.566335541712403412e-01,-2.592458333798451364e-01,8.014744837811843547e-01,1.928808693422381926e-01,9.991824033802888527e-01,-1.114676140617017613e-01,4.429292066625001856e-01,-1.510832954819718854e-01,2.373764841244675461e-01,-2.108819152903745331e-01,-2.730474427496802918e-04,5.739223760417836440e-01,-1.000000000000000000e+00,-3.612132749960051403e-01,-3.892203396286544881e-01,-8.489615221383273180e-01,-3.935676745112537955e-01,-1.000000000000000000e+00,5.675519324341445904e-01,-5.395779927376828100e-01,-1.595491939028222395e-01,9.127059798781584909e-01,1.000000000000000000e+00,1.955509367085903408e-02,-5.642309376335324922e-01,-3.880353565964181350e-01,3.300289772957877288e-01,1.000000000000000000e+00,4.513607144624013356e-01,5.340425043514116510e-01,1.000000000000000000e+00,-7.562016992955717942e-01,4.790706141623863323e-01,5.334287989767514393e-01,-3.156718575774340452e-01,5.409272420003370385e-01,-1.703656008611836581e-01,-6.189559600226484104e-01,4.622831805278820316e-01,-1.604386151754990664e-01,-8.668873515550057363e-02,8.297103817951962945e-01,2.319210797323485729e-01,5.580312460702370192e-01,2.625653102152812890e-01,-2.036508729098667203e-01,7.872598544531618225e-01,-7.945269518702959832e-01,6.073452049708966127e-01,-1.857824215907669385e-01,-4.903722504373261293e-01,2.741363673141113400e-01,4.846794026834963520e-01,3.239380336123818260e-01,-1.172106475816015458e-01,4.412847791246075069e-01,-3.033752340789159785e-01,9.602715212098197339e-01,-5.980873431107609495e-01,-8.649545954005198878e-01,-6.544976830297423165e-01,7.224086015407047423e-01,3.926444312574329798e-01
0.000000000000000000e+00,0.000000000000000000e+00,0.000000000000000000e+00,0.000000000000000000e+00,0.000000000000000000e+00,0.000000000000000000e+00,0.000000000000000000e+00,0.000000000000000000e+00,0.000000000000000000e+00,0.000000000000000000e+00,0.000000000000000000e+00,0.000000000000000000e+00,0.000000000000000000e+00,0.000000000000000000e+00,0.000000000000000000e+00,0.000000000000000000e+00,1.000000000000000000e+00,-1.680431755633132740e-01,3.647230547471302237e-02,-1.990482034321644222e-01,-5.136101538345638068e-02,1.036469783402765438e-01,2.299267204307873791e-01,8.176179567424142480e-02,3.483718247783387789e-01,-2.408924937531679578e-01,-6.487677563377645118e-01,-6.955702095671879581e-01,-1.301980341921718520e-01,5.971298236016529121e-03,-2.805274875633933518e-01,-9.212001356589963330e-02,-2.294441826893655612e-01,3.565202916002233602e-01,1.879922408279902091e-01,3.039175836432246869e-01,4.223049121404180983e-01,-3.794123881051411629e-01,-1.356021216866825085e-01,3.771414107336906185e-01,-4.193931487727548674e-02,-3.913918027525330190e-02,-8.470591195743525093e-02,1.809467792319498225e-01,-9.142867181238582830e-02,9.606821257342634812e-02,-5.106697910734960821e-01,1.849470477450947115e-02,3.791588399660487663e-01,-6.562926724243896004e-01,-3.490904635233868514e-03,-1.080572492255124500e-01,1.084087508896669355e-01,-2.298957532796380709e-01,1.095901154924767973e-01,8.750352083266673686e-01,-2.020464155448103982e-01,-9.201860199204279223e-01,1.474558400419618553e-01,3.656147967352682548e-01,-3.075244124568956780e-02,4.368312035531011772e-01,-3.965721366619001653e-01,2.384994942926725592e-01,4.659288738684465997e-02,2.705478177883002822e-01,-1.896932987593451725e-03,4.299803292111839537e-01,-6.018986641004010485e-01,-3.641467880800668133e-02,6.683085749256366670e-01,-4.964071553305878237e-01,-1.166844850347354551e-01,-4.818175770163936056e-01,-2.313380421968972145e-01,3.338240059711840013e-01,3.962272138064541482e-01,-1.022678736026681745e-02,5.080613866617265106e-01,-3.474711446243215485e-01,-6.903249568602197461e-02,2.756687345550064561e-01,7.603826789749715820e-01,-2.536009941052415062e-01,2.218345847271643578e-01,4.395657605768811260e-01,-3.897326371510264620e-01,-9.105549418246808302e-02,2.161778131305223671e-01,1.159675747966468079e-01,5.674567494237406917e-01,-6.523925251477089571e-01,2.355480641890599913e-01,-1.306728094349430824e-01,3.330890595415721411e-01,-2.128517514500748720e-01,3.110506354466675005e-01,-2.643321592280633570e-01,-4.756312573079719552e-01,1.353373779397651633e-01
0.000000000000000000e+00,0.000000000000000000e+00,0.000000000000000000e+00,0.000000000000000000e+00,0.000000000000000000e+00,0.000000000000000000e+00,0.000000000000000000e+00,0.000000000000000000e+00,0.000000000000000000e+00,0.000000000000000000e+00,0.000000000000000000e+00,0.000000000000000000e+00,0.000000000000000000e+00,0.000000000000000000e+00,0.000000000000000000e+00,0.000000000000000000e+00,0.000000000000000000e+00,1.000000000000000000e+00,-1.223903860084805950e-01,6.932697187304429076e-02,-1.790878325101326884e-01,1.643411490829556065e-01,-6.978184913111368237e-02,-1.223209112815055594e-01,-1.349112543206273385e-01,1.461904246831992882e-01,3.230730092759990790e-01,9.196226524549182268e-02,2.579792581074861757e-01,5.067519823321348788e-02,1.848821218943657307e-01,-2.533621565689906929e-01,1.061222481095981801e-01,9.810606445201658365e-02,-8.411576459122778460e-02,-1.890743098903765740e-01,-2.646297369091117901e-01,3.077931720135577143e-01,1.609916990823545835e-01,-2.284171175304803569e-01,-1.766734217191048006e-01,-1.708147298874974351e-01,-2.539827325557645343e-01,-1.442424057094995604e-01,2.442012522246925499e-01,-6.899882558071776528e-02,1.939716457972143482e-01,2.097965964716782816e-01,-1.096112305749816218e-01,-1.122259714186691765e-01,7.226856932350218810e-02,8.949828527010775248e-02,-1.359283489360972874e-01,9.797741143381369366e-02,2.683610155207353798e-01,-1.534316612019290260e-01,2.159016932182908355e-02,-1.667213605933019760e-01,-7.144422203488717815e-02,-1.348407727790281452e-01,2.023685916046642497e-01,2.309518172559055782e-01,1.927441366765051400e-01,-7.964677514647869327e-02,-2.594464275439429812e-01,-1.298551325029213555e-01,-1.683800158247257539e-01,-2.080163277832662028e-01,3.176218786166540992e-02,3.474910587233565919e-03,-4.905516274716538450e-02,1.339436643919404424e-01,-2.445686937999064503e-01,1.118162363893542011e-01,1.138719940165384276e-01,-6.802106193719494910e-03,5.472202722544718297e-03,2.361380245715265780e-01,-2.436076656641351923e-01,2.515966970831697846e-01,-7.751920422327693294e-02,-7.954326577999082382e-02,1.099937744300409637e-01,-1.399739691568838984e-01,2.119345986976949314e-01,1.168989869766144246e-01,7.827484136632134604e-02,9.203220768931637263e-02,-1.938312470994367764e-01,-1.385888288038551741e-01,-1.390126115179912691e-01,1.482117379174414107e-01,-1.107581440779701470e-01,8.075915574784571505e-02,-1.682303436147961073e-01,1.800587668695590449e-01,1.828708226986981156e-01,1.027168350056807816e-01,1.407096233076379210e-01,-1.398022149342777465e-01
0.000000000000000000e+00,0.000000000000000000e+00,0.000000000000000000e+00,0.000000000000000000e+00,0.000000000000000000e+00,0.000000000000000000e+00,0.000000000000000000e+00,0.000000000000000000e+00,0.000000000000000000e+00,0.000000000000000000e+00,0.000000000000000000e+00,0.000000000000000000e+00,0.000000000000000000e+00,0.000000000000000000e+00,0.000000000000000000e+00,0.000000000000000000e+00,0.000000000000000000e+00,0.000000000000000000e+00,1.000000000000000000e+00,3.490206718637858807e-02,-7.427851359125758890e-02,1.186679474222564618e-01,-8.076981112213617309e-02,4.468674827319979448e-02,-1.097940280957072634e-01,8.737348872471482897e-02,-1.357399537535166623e-01,-1.504945602343302213e-01,-1.511064026302669228e-01,-3.097419799734558721e-01,1.514073854602159264e-01,3.580656642371053966e-01,2.426011149837594139e-01,3.798175763358333512e-01,-8.365109855283484053e-02,-6.614900360168413269e-03,-7.584974016639872696e-02,-3.469888255954967776e-02,1.396791400613585712e-02,-5.342003244600984635e-02,1.015849134744821296e-02,-3.123813999341186753e-01,5.861085096112111925e-02,-1.477414736224211267e-01,-7.013174194789568994e-02,-4.131997116185335411e-02,-3.981395982318328142e-02,-5.826104878513362062e-02,-1.088007723830850815e-01,7.477675397431021720e-01,6.970526820540740021e-02,8.936719085441061083e-02,6.548588358663888220e-01,9.383668482020635082e-02,2.438568455344062857e-01,-2.172752923635277722e-01,1.637979510532181771e-01,2.035161018595763038e-01,-4.318503919872154206e-01,-4.808440794803823248e-01,-7.005100827215443582e-02,2.193250155228158027e-01,-9.980723964228538359e-02,-6.015312207686949325e-02,-2.810574428002504677e-01,-7.183276114394521183e-02,-1.197006734491351670e-01,-4.313415934643505811e-01,-1.797352220209471885e-01,-1.223263529136023875e-01,4.170396134592285753e-02,1.409679813576813767e-01,-2.122454397676682980e-01,-2.224016202794387997e-01,1.618329888505311842e-01,-1.365089180325553542e-01,1.754925704907888129e-01,-1.655210719695188529e-02,-3.710050615351659364e-01,-5.765699920331739392e-01,-2.890902114240435083e-01,-2.168742587230468224e-03,4.676133162397970444e-02,-2.861770685349154797e-01,7.412879380158803044e-02,-4.404041139129182825e-01,-2.904945469251105430e-02,1.590822717524346674e-01,5.368957738272692182e-02,-1.315548803659602750e-01,4.133825730165238688e-02,-3.657053446895600773e-02,-6.101912406220373619e-02,5.446566436468969902e-02,-2.778087527220390318e-01,-1.993547158933773461e-02,5.355009241306936119e-01,2.064299246593291892e-01,-2.890688168855325979e-01,-4.124600333741950536e-02
0.000000000000000000e+00,0.000000000000000000e+00,0.000000000000000000e+00,0.000000000000000000e+00,0.000000000000000000e+00,0.000000000000000000e+00,0.000000000000000000e+00,0.000000000000000000e+00,0.000000000000000000e+00,0.000000000000000000e+00,0.000000000000000000e+00,0.000000000000000000e+00,0.000000000000000000e+00,0.000000000000000000e+00,0.000000000000000000e+00,0.000000000000000000e+00,0.000000000000000000e+00,0.000000000000000000e+00,0.000000000000000000e+00,1.000000000000000000e+00,-8.145680173400632329e-01,8.571907780244248931e-01,-9.212216207825203451e-01,-9.401560493403359198e-01,-1.000000000000000000e+00,1.000000000000000000e+00,1.000000000000000000e+00,1.000000000000000000e+00,-3.029284687925949959e-01,-6.974830979785864304e-01,1.000000000000000000e+00,-1.000000000000000000e+00,1.000000000000000000e+00,7.999105585827539500e-01,-1.000000000000000000e+00,-9.565693500367329349e-01,-1.000000000000000000e+00,1.000000000000000000e+00,9.197617700911849825e-01,-1.000000000000000000e+00,-4.029762374572395389e-01,-1.000000000000000000e+00,-1.585261301971281622e-01,-1.000000000000000000e+00,7.852173620841338408e-01,-6.180619214521748672e-01,1.000000000000000000e+00,-6.948214918664583073e-02,-1.000000000000000000e+00,1.000000000000000000e+00,7.942492142291360802e-01,8.880465997534777722e-01,1.656052750703346232e-01,1.000000000000000000e+00,1.000000000000000000e+00,-1.000000000000000000e+00,1.000000000000000000e+00,7.463027454233308600e-01,-1.000000000000000000e+00,-1.000000000000000000e+00,4.402940183315839362e-01,5.795311235102938996e-01,1.000000000000000000e+00,-8.878714485043646132e-01,-1.000000000000000000e+00,-1.000000000000000000e+00,-1.000000000000000000e+00,-1.000000000000000000e+00,1.000000000000000000e+00,-7.883865245148926615e-01,-1.000000000000000000e+00,1.000000000000000000e+00,-6.245496947735849069e-01,1.000000000000000000e+00,1.000000000000000000e+00,-1.000000000000000000e+00,-9.489804268806991683e-01,2.367787833776645867e-01,-1.000000000000000000e+00,7.405919643615707093e-01,-5.845632880075055660e-01,-1.000000000000000000e+00,-5.139023123784325353e-01,-1.000000000000000000e+00,1.000000000000000000e+00,-7.438795014920903670e-01,1.000000000000000000e+00,9.431333944136693903e-01,-1.000000000000000000e+00,-1.000000000000000000e+00,-1.000000000000000000e+00,1.000000000000000000e+00,-1.000000000000000000e+00,8.795936171318492480e-01,-1.000000000000000000e+00,1.000000000000000000e+00,9.813578034565734187e-01,1.000000000000000000e+00,-7.466452144637170107e-01,-1.000000000000000000e+00
0.000000000000000000e+00,0.000000000000000000e+00,0.000000000000000000e+00,0.000000000000000000e+00,0.000000000000000000e+00,0.000000000000000000e+00,0.000000000000000000e+00,0.000000000000000000e+00,0.000000000000000000e+00,0.000000000000000000e+00,0.000000000000000000e+00,0.000000000000000000e+00,0.000000000000000000e+00,0.000000000000000000e+00,0.000000000000000000e+00,0.000000000000000000e+00,0.000000000000000000e+00,0.000000000000000000e+00,0.000000000000000000e+00,0.000000000000000000e+00,1.000000000000000000e+00,-9.775373274837031445e-01,3.639777604088640928e-01,5.963024025568905984e-01,7.732744564512862295e-01,-6.372277904221279599e-01,-1.000000000000000000e+00,-4.458028244900339998e-01,-9.754597424932769378e-01,1.551008785102104826e-01,-8.551659153947229752e-01,1.000000000000000000e+00,-8.291450134788480586e-01,-1.000000000000000000e+00,4.662718798001440068e-01,6.890196810931691340e-01,1.000000000000000000e+00,-1.000000000000000000e+00,-7.282325769540692884e-01,1.000000000000000000e+00,9.125997192862083107e-01,1.000000000000000000e+00,1.000000000000000000e+00,8.400017280346202542e-01,-1.000000000000000000e+00,3.584701673461569982e-01,-6.454080559785475568e-01,-8.583493689811314553e-01,6.279838838985415395e-01,-2.873257005431248401e-01,-5.598941196659519282e-01,-5.163014635479628023e-01,1.242963597974154066e-01,-5.750480341012940144e-01,-1.000000000000000000e+00,7.264182341162319645e-01,-2.515552939279180888e-01,9.141609457534997096e-01,7.572224780997819371e-01,1.000000000000000000e+00,-8.958910384089494583e-01,-1.000000000000000000e+00,-6.849448184322192157e-01,4.579379024307301815e-01,1.000000000000000000e+00,6.031972491903591083e-01,9.654540830316715727e-01,9.460150753717097016e-01,-3.162935456584995420e-01,6.108028275383023398e-02,7.589907233650950991e-01,-4.840853093235023552e-01,1.000000000000000000e+00,-2.325656687167108883e-01,-7.733862905618014150e-01,1.819809133137805512e-01,-4.986898243395188612e-01,-1.000000000000000000e+00,1.000000000000000000e+00,-4.674392662831157730e-01,6.746738695010635611e-01,3.246191274928849069e-01,-9.960363942612939780e-01,1.000000000000000000e+00,-1.000000000000000000e+00,-1.994966964438167900e-01,-4.483300196024976314e-01,-6.213251790400231567e-01,7.717577616356725567e-01,7.115282401241856958e-01,6.871727581922383310e-01,-2.229170263830410892e-01,6.072809397708599510e-01,-4.558956879973737886e-01,9.742544163858116724e-01,-6.918957402370311538e-01,-1.000000000000000000e+00,-6.720217676323839706e-01,3.983500317504169996e-01,7.166163176452177153e-01
0.000000000000000000e+00,0.000000000000000000e+00,0.000000000000000000e+00,0.000000000000000000e+00,0.000000000000000000e+00,0.000000000000000000e+00,0.000000000000000000e+00,0.000000000000000000e+00,0.000000000000000000e+00,0.000000000000000000e+00,0.000000000000000000e+00,0.000000000000000000e+00,0.000000000000000000e+00,0.000000000000000000e+00,0.000000000000000000e+00,0.000000000000000000e+00,0.000000000000000000e+00,0.000000000000000000e+00,0.000000000000000000e+00,0.000000000000000000e+00,0.000000000000000000e+00,1.000000000000000000e+00,-3.353366864971955019e-01,-6.022311133585875886e-01,-1.000000000000000000e+00,5.928495882179305454e-01,6.279824403149546486e-01,3.654851533980464362e-01,6.684388084178947143e-01,-3.616564613971832154e-01,8.646027650794303465e-01,-9.286271172429253484e-01,8.776205630163959048e-01,1.000000000000000000e+00,-4.610416434127473373e-01,-4.762465729763579181e-01,-1.000000000000000000e+00,9.638386766705512310e-01,6.722465436001024974e-01,-1.000000000000000000e+00,-8.084755641283317695e-01,-1.000000000000000000e+00,-8.726307988819880235e-01,-8.349638698690379224e-01,8.982220569885288608e-01,-3.395937149860299709e-01,4.839640068887877122e-01,6.836387359792960305e-01,-5.490205078409399198e-01,5.121126525307424515e-01,6.114051862308665930e-01,4.822532658515048531e-01,-2.381031677862999272e-03,5.616613871834562621e-01,1.000000000000000000e+00,-4.665966327042664896e-01,3.059755130519340449e-01,-8.997623115967678942e-01,-8.359339703872059602e-01,-1.000000000000000000e+00,7.648694643160229845e-01,1.000000000000000000e+00,5.970218769488385702e-01,-4.102757751557911114e-01,-1.000000000000000000e+00,-4.905385124876168179e-01,-9.650166520450126351e-01,-1.000000000000000000e+00,4.512696899293890396e-01,-1.359188594801284400e-01,-5.372704817308315839e-01,4.220355071216808640e-01,-1.000000000000000000e+00,2.198325559744926105e-01,7.436240899261052917e-01,-2.174602781130586804e-01,3.742547582569670794e-01,8.189772682521622160e-01,-9.700869531796959544e-01,9.273762392233295127e-02,-8.042899134748802137e-01,-3.013915431497853903e-01,1.000000000000000000e+00,-1.000000000000000000e+00,1.000000000000000000e+00,1.299810760652829744e-01,5.653596248971679561e-01,6.205043174367513847e-01,-6.558560785772209467e-01,-6.586123270370041194e-01,-5.594127694617504476e-01,2.477890859735061846e-01,-6.045010212312403874e-01,4.556575721200955553e-01,-9.169040592699531089e-01,6.589382671517944878e-01,1.000000000000000000e+00,7.315486665354186124e-01,-9.576244353366386575e-01,-6.685651134619565727e-01
0.000000000000000000e+00,0.000000000000000000e+00,0.000000000000000000e+00,0.000000000000000000e+00,0.000000000000000000e+00,0.000000000000000000e+00,0.000000000000000000e+00,0.000000000000000000e+00,0.000000000000000000e+00,0.000000000000000000e+00,0.000000000000000000e+00,0.000000000000000000e+00,0.000000000000000000e+00,0.000000000000000000e+00,0.000000000000000000e+00,0.000000000000000000e+00,0.000000000000000000e+00,0.000000000000000000e+00,0.000000000000000000e+00,0.000000000000000000e+00,0.000000000000000000e+00,0.000000000000000000e+00,1.000000000000000000e+00,8.601098587829910658e-01,1.000000000000000000e+00,-1.000000000000000000e+00,-1.000000000000000000e+00,-1.000000000000000000e+00,-4.641989031160623225e-01,7.105930203199606332e-01,-1.000000000000000000e+00,7.305236692020127265e-01,-1.000000000000000000e+00,-7.709301204789160700e-01,1.000000000000000000e+00,1.000000000000000000e+00,1.000000000000000000e+00,-1.000000000000000000e+00,-1.000000000000000000e+00,1.000000000000000000e+00,6.257439631890224785e-01,1.000000000000000000e+00,4.272113598412847213e-01,1.000000000000000000e+00,-1.000000000000000000e+00,6.433726569351490010e-01,-1.000000000000000000e+00,-3.417467325392782862e-01,1.000000000000000000e+00,-1.000000000000000000e+00,-7.739837969313108079e-01,-9.104584255236726209e-01,-3.311657078276745714e-01,-1.000000000000000000e+00,-1.000000000000000000e+00,1.000000000000000000e+00,-1.000000000000000000e+00,-1.000000000000000000e+00,1.000000000000000000e+00,1.000000000000000000e+00,-6.493876696523318559e-01,-7.446144598916368817e-01,-1.000000000000000000e+00,1.000000000000000000e+00,1.000000000000000000e+00,1.000000000000000000e+00,1.000000000000000000e+00,1.000000000000000000e+00,-1.000000000000000000e+00,4.690201374277096491e-01,1.000000000000000000e+00,-1.000000000000000000e+00,1.000000000000000000e+00,-1.000000000000000000e+00,-1.000000000000000000e+00,1.000000000000000000e+00,5.282267123650673524e-01,-6.246169914100635490e-01,1.000000000000000000e+00,-6.766533008840930341e-01,7.933579688534527774e-01,1.000000000000000000e+00,5.554358434479974571e-01,1.000000000000000000e+00,-1.000000000000000000e+00,1.000000000000000000e+00,-1.000000000000000000e+00,-1.000000000000000000e+00,1.000000000000000000e+00,1.000000000000000000e+00,1.000000000000000000e+00,-1.000000000000000000e+00,1.000000000000000000e+00,-8.787498691479987967e-01,1.000000000000000000e+00,-1.000000000000000000e+00,-1.000000000000000000e+00,-1.000000000000000000e+00,3.140685971694893164e-01,1.000000000000000000e+00
0.000000000000000000e+00,0.000000000000000000e+00,0.000000000000000000e+00,0.000000000000000000e+00,0.000000000000000000e+00,0.000000000000000000e+00,0.000000000000000000e+00,0.000000000000000000e+00,0.000000000000000000e+00,0.000000000000000000e+00,0.000000000000000000e+00,0.000000000000000000e+00,0.000000000000000000e+00,0.000000000000000000e+00,0.000000000000000000e+00,0.000000000000000000e+00,0.000000000000000000e+00,0.000000000000000000e+00,0.000000000000000000e+00,0.000000000000000000e+00,0.000000000000000000e+00,0.000000000000000000e+00,0.000000000000000000e+00,1.000000000000000000e+00,1.000000000000000000e+00,-9.196977939468297114e-01,-1.000000000000000000e+00,-1.000000000000000000e+00,-7.992883161952737403e-01,2.185744382778077310e-01,-1.000000000000000000e+00,1.000000000000000000e+00,-1.000000000000000000e+00,-6.915754939429256121e-01,6.929975763254333510e-01,5.035797807668319637e-01,1.000000000000000000e+00,-1.000000000000000000e+00,-1.000000000000000000e+00,1.000000000000000000e+00,9.737508927851687979e-01,1.000000000000000000e+00,1.000000000000000000e+00,1.000000000000000000e+00,-1.000000000000000000e+00,4.640466056233217285e-01,-1.000000000000000000e+00,-7.401176840768836085e-01,8.568241078477912831e-01,-2.892252145707572275e-01,-7.849900064776126341e-01,-5.802629527807054988e-01,1.000000000000000000e+00,-8.614768848020432079e-01,-1.000000000000000000e+00,1.000000000000000000e+00,-3.917631712700402891e-01,4.975158087960259712e-01,7.496022842323843971e-01,1.000000000000000000e+00,-1.000000000000000000e+00,-1.000000000000000000e+00,-1.000000000000000000e+00,6.559362645688758819e-01,2.156863645459128620e-01,6.308283688778617559e-01,1.000000000000000000e+00,1.000000000000000000e+00,-1.000000000000000000e+00,-1.311777466079918075e-01,1.000000000000000000e+00,-8.958894302414619482e-01,1.000000000000000000e+00,-1.000000000000000000e+00,-9.535126462427837568e-01,4.744989976889681382e-01,2.905863059639587909e-01,-9.777436963412998727e-01,9.129511681391853095e-01,-6.383153642096000002e-01,6.345953471229042187e-01,6.668571707451632635e-01,-8.282178439531914238e-01,1.000000000000000000e+00,-1.000000000000000000e+00,-3.503593460694109929e-01,-1.000000000000000000e+00,-6.780677937071178940e-01,1.000000000000000000e+00,7.439425309002338782e-01,1.000000000000000000e+00,-1.000000000000000000e+00,1.000000000000000000e+00,-7.006168002964714425e-01,1.000000000000000000e+00,-8.497652015412138216e-01,-1.000000000000000000e+00,-9.391962969327951605e-01,8.509211452582825519e-01,8.974905771203260940e-01
0.000000000000000000e+00,0.000000000000000000e+00,0.000000000000000000e+00,0.000000000000000000e+00,0.000000000000000000e+00,0.000000000000000000e+00,0.000000000000000000e+00,0.000000000000000000e+00,0.000000000000000000e+00,0.000000000000000000e+00,0.000000000000000000e+00,0.000000000000000000e+00,0.000000000000000000e+00,0.000000000000000000e+00,0.000000000000000000e+00,0.000000000000000000e+00,0.000000000000000000e+00,0.000000000000000000e+00,0.000000000000000000e+00,0.000000000000000000e+00,0.000000000000000000e+00,0.000000000000000000e+00,0.000000000000000000e+00,0.000000000000000000e+00,1.000000000000000000e+00,-3.533286221905785340e-01,-3.570765024128995657e-01,-5.350103092005262795e-01,9.135763257338619381e-02,2.753483146816136373e-01,-5.020533478620394785e-01,4.150065943448124073e-01,-5.546594681496208601e-01,-2.665678601770963829e-01,2.919795037738998622e-01,7.203482935411346932e-02,5.040531007015315312e-01,-3.643940620954207454e-01,-3.175999376606851721e-01,5.482881941188876285e-01,1.798640070710044447e-01,3.708604743763503353e-01,2.444326232629886464e-01,4.013262018777491447e-01,-2.894735816246963300e-01,1.706361752721985148e-01,-3.563565282614929441e-01,-5.323472207026900063e-03,3.379228759385939362e-01,-7.256943124878374451e-01,-3.057389248582933483e-01,-2.183357840447108511e-01,1.863025635798437052e-01,-3.409921930834295400e-01,-4.281900754403112908e-01,3.830013973115370396e-01,-2.800669195172306170e-01,-9.187540113248339468e-02,3.831765731990307566e-01,6.430865629058261090e-01,-2.702479221098745277e-01,-4.709048472216992853e-01,-5.566824309461377851e-01,2.390068825276788766e-01,6.510497489515804093e-02,2.022175876937557515e-01,3.724162272939113838e-01,8.401388782378949038e-01,-6.718591652280500037e-01,6.333269963139089020e-02,3.294530106484741538e-01,-4.182031185360962078e-01,1.846982819282193267e-01,-5.383969040463854050e-01,-3.667788275197699788e-01,3.119573806264547278e-01,3.459962679510433237e-01,-1.343792357282279082e-01,2.523059148111368444e-01,6.569314438652851251e-02,2.893525406602969752e-01,2.954106360890341176e-01,-1.211907199510826177e-01,4.220999353377136165e-01,-4.921794214607655427e-01,1.077951710082793169e-01,-8.184290608964959191e-01,-2.755495429962607767e-01,2.835429749992163240e-01,2.507184433826664671e-01,4.463055122350126913e-01,-5.503832042376718414e-01,4.170994214152694002e-01,-2.806500359587654758e-01,4.243597038434174795e-01,-3.536968112901144878e-01,-5.328360690364241092e-01,-4.412550554693863702e-01,6.231327417834705562e-01,2.996439896389065938e-01
0.000000000000000000e+00,0.000000000000000000e+00,0.000000000000000000e+00,0.000000000000000000e+00,0.000000000000000000e+00,0.000000000000000000e+00,0.000000000000000000e+00,0.000000000000000000e+00,0.000000000000000000e+00,0.000000000000000000e+00,0.000000000000000000e+00,0.000000000000000000e+00,0.000000000000000000e+00,0.000000000000000000e+00,0.000000000000000000e+00,0.000000000000000000e+00,0.000000000000000000e+00,0.000000000000000000e+00,0.000000000000000000e+00,0.000000000000000000e+00,0.000000000000000000e+00,0.000000000000000000e+00,0.000000000000000000e+00,0.000000000000000000e+00,0.000000000000000000e+00,1.000000000000000000e+00,1.000000000000000000e+00,1.000000000000000000e+00,7.333972403747825997e-01,-2.680824493413916931e-01,1.000000000000000000e+00,-9.225987008520243338e-01,1.000000000000000000e+00,5.665022929058541878e-01,-6.634062186454011689e-01,-7.201504704303416382e-01,-1.000000000000000000e+00,1.000000000000000000e+00,9.236074138040367698e-01,-1.000000000000000000e+00,-7.546856295631664269e-01,-9.894092518285226845e-01,-1.000000000000000000e+00,-1.000000000000000000e+00,1.000000000000000000e+00,-4.419528447937842164e-01,1.000000000000000000e+00,6.609886526091958148e-01,-9.303406631196455834e-01,9.267630084591976791e-01,5.537252925800897341e-01,5.681995591182775751e-01,-3.581342187802099009e-01,8.395760594607302174e-01,1.000000000000000000e+00,-1.000000000000000000e+00,4.497841254398243782e-01,2.397717246682140591e-01,-9.273373549497454515e-01,-1.000000000000000000e+00,9.947888438780834175e-01,1.000000000000000000e+00,1.000000000000000000e+00,-6.576502394012972985e-01,-6.746710254799718198e-01,-7.286384838574866407e-01,-9.336013338786863791e-01,-1.000000000000000000e+00,7.092618420963324732e-01,9.947611342166466641e-02,-9.713408434603525432e-01,1.000000000000000000e+00,-1.000000000000000000e+00,8.978924742457738972e-01,9.096719159858173143e-01,-5.705731903750876910e-01,-3.690438857981627740e-01,9.622346161031923861e-01,-1.000000000000000000e+00,3.317598720088731912e-01,-6.389193660493196480e-01,-6.692820539336449270e-01,5.164084170111003791e-02,-8.372416660833388313e-01,8.356928775956773414e-01,-2.668693463468945759e-01,1.000000000000000000e+00,6.772372057622955133e-01,-9.321076017627440979e-01,-7.871152338365158263e-01,-1.000000000000000000e+00,1.000000000000000000e+00,-9.433643514421915510e-01,6.317194143832887132e-01,-1.000000000000000000e+00,7.382374071167018270e-01,1.000000000000000000e+00,9.486572576298808457e-01,6.160077755686031720e-02,-7.902309328987869863e-01
0.000000000000000000e+00,0.000000000000000000e+00,0.000000000000000000e+00,0.000000000000000000e+00,0.000000000000000000e+00,0.000000000000000000e+00,0.000000000000000000e+00,0.000000000000000000e+00,0.000000000000000000e+00,0.000000000000000000e+00,0.000000000000000000e+00,0.000000000000000000e+00,0.000000000000000000e+00,0.000000000000000000e+00,0.000000000000000000e+00,0.000000000000000000e+00,0.000000000000000000e+00,0.000000000000000000e+00,0.000000000000000000e+00,0.000000000000000000e+00,0.000000000000000000e+00,0.000000000000000000e+00,0.000000000000000000e+00,0.000000000000000000e+00,0.000000000000000000e+00,0.000000000000000000e+00,1.000000000000000000e+00,5.044391444652757128e-01,1.404776225793113731e-01,3.476524710697553866e-02,4.313089315363831111e-01,-3.517918709396295474e-01,4.073200431401455823e-01,6.341873779516779552e-02,-2.365569895867235539e-01,-4.259244370898621623e-01,-8.780034360254628245e-01,4.361084013025994244e-01,2.481524110050539189e-01,-5.552517942284722618e-01,-1.333358369484156924e-01,-2.186405184727314432e-01,-1.123518617443054618e-01,-2.008134622843494310e-01,2.916922578035204827e-01,-1.518568206078836080e-01,4.425729524692712524e-01,1.079835287445843339e-01,-3.845226069123634516e-01,4.202217323652390202e-01,1.145457271275433647e-01,2.186144450283625806e-01,-4.955838953055529544e-02,2.297448417124808018e-01,5.416091007312076044e-01,-5.830226441865811182e-01,2.346401294025619588e-01,1.240206725290680101e-01,-1.955771008802839606e-01,-3.956011518690296658e-01,1.729314217117836339e-01,-1.100611964022079080e-04,6.108328287933288969e-01,-2.156289646770053470e-01,-9.325777493474134427e-01,-3.455345032575758424e-01,-2.445650582834712761e-01,-5.850163156369788675e-01,5.278368228080868585e-01,-1.670717728087607046e-01,-2.931121786602482460e-01,3.754863266479819273e-01,-2.107352283159719675e-01,5.223480263615718489e-01,2.840561294022231342e-01,-2.433112273113502977e-01,-2.352942380070903172e-01,1.791945563939163211e-01,-5.410813073473862422e-01,5.573727374370160970e-01,-6.495601038404801193e-03,-2.785224075496895435e-01,-3.100038562767270522e-01,-1.528354129600846267e-01,2.923257073135903661e-01,-6.309489129153851572e-02,2.868107233287576774e-01,1.947689561134283986e-01,-3.424653116174448120e-01,-2.807769760376976897e-01,-3.369450874558000408e-01,4.047342609992234941e-01,-2.967671013425535187e-01,1.916619335971384008e-01,-5.125017536361293757e-01,4.761130958442054695e-01,6.660174329876871087e-03,2.548433651407518985e-01,3.594076430142941203e-01,-2.707393399157884128e-01
0.000000000000000000e+00,0.000000000000000000e+00,0.000000000000000000e+00,0.000000000000000000e+00,0.000000000000000000e+00,0.000000000000000000e+00,0.000000000000000000e+00,0.000000000000000000e+00,0.000000000000000000e+00,0.000000000000000000e+00,0.000000000000000000e+00,0.000000000000000000e+00,0.000000000000000000e+00,0.000000000000000000e+00,0.000000000000000000e+00,0.000000000000000000e+00,0.000000000000000000e+00,0.000000000000000000e+00,0.000000000000000000e+00,0.000000000000000000e+00,0.000000000000000000e+00,0.000000000000000000e+00,0.000000000000000000e+00,0.000000000000000000e+00,0.000000000000000000e+00,0.000000000000000000e+00,0.000000000000000000e+00,1.000000000000000000e+00,2.445504296454378002e-01,-7.959716550060395857e-02,4.443440165077608972e-01,-4.289472077503907466e-01,4.698041068659001285e-01,-1.352874283210432349e-01,-3.089022850585239621e-01,-2.847820900971289593e-01,-5.801370904729395983e-01,5.849216065722078195e-01,3.211952821144301584e-01,-7.309678882307804049e-01,-1.888608247084940794e-01,-2.951025042590694203e-01,-1.621204581685865009e-01,-3.775002367893048327e-01,3.701672101909310730e-01,-1.776198036562670335e-01,6.037598523454112964e-01,8.463164022288525989e-02,-5.094229168653854334e-01,4.665019982405766985e-01,2.255916410609838940e-01,2.158445641361313450e-01,-4.582396262976363710e-01,3.806897755294015862e-01,2.956250046524043218e-01,-7.993856767710134648e-01,2.499613932292241714e-01,5.665200312258754645e-01,-2.495273919422004993e-01,-6.143326771576003154e-01,2.779168105191471838e-01,2.053106165661590377e-02,6.173878921950616272e-01,-3.474409724461841042e-01,5.939514056468210568e-02,-3.384850272137852056e-01,-2.472176119890923673e-01,-6.430471759458772363e-01,1.000000000000000000e+00,5.794326026867284429e-02,-1.000000000000000000e+00,4.967701094114786997e-01,-1.017550309146567772e-01,6.793828484112767185e-01,4.239577118878046780e-01,-3.895123723155097806e-01,-3.609072198554902910e-01,1.695738734609296972e-01,-4.422144671284892747e-01,4.955343187510835024e-01,-5.189518118229181215e-02,-3.637876576369295512e-01,-3.190711525622599298e-01,-5.115502295360599416e-02,2.080396298080888495e-01,-1.970789797638713980e-01,8.110182808397280452e-01,2.293325370746835123e-01,-3.912394970627557367e-01,-2.293886479785647858e-01,-8.505879414391240845e-01,6.811147599948551568e-01,-4.514252118326481655e-01,2.706366967890910247e-01,-4.507444703527155316e-01,3.622768212944406097e-01,-7.294595465815463531e-02,4.045707451312670067e-01,8.781255658761803751e-03,-3.102183075355259279e-01
0.000000000000000000e+00,0.000000000000000000e+00,0.000000000000000000e+00,0.000000000000000000e+00,0.000000000000000000e+00,0.000000000000000000e+00,0.000000000000000000e+00,0.000000000000000000e+00,0.000000000000000000e+00,0.000000000000000000e+00,0.000000000000000000e+00,0.000000000000000000e+00,0.000000000000000000e+00,0.000000000000000000e+00,0.000000000000000000e+00,0.000000000000000000e+00,0.000000000000000000e+00,0.000000000000000000e+00,0.000000000000000000e+00,0.000000000000000000e+00,0.000000000000000000e+00,0.000000000000000000e+00,0.000000000000000000e+00,0.000000000000000000e+00,0.000000000000000000e+00,0.000000000000000000e+00,0.000000000000000000e+00,0.000000000000000000e+00,1.000000000000000000e+00,2.357057818094967783e-01,3.780974614172646908e-02,-2.972222725280259104e-01,-1.503948591931340839e-01,-7.828253984286440148e-02,-2.916998124199068204e-02,-2.728389638489113200e-01,2.600085323298966244e-01,7.604861561231601730e-01,2.772656286121784608e-01,-2.488699167517999800e-01,-4.510857112476620023e-01,-2.621142749954070705e-01,-6.950332275864760101e-01,-3.306344317028288571e-01,5.748236446710123237e-01,-6.483549832172294525e-02,4.134942433242407289e-01,6.405027101786094912e-01,-1.070633808494835248e-01,-6.582146862708775359e-01,6.215818955869123474e-02,4.444431030041063463e-02,-5.550080737329919911e-01,1.639201428274974504e-01,7.484660586920889591e-02,-4.496491413527025083e-01,-2.231836293452369724e-01,-9.205684075524307730e-02,1.743369738964817978e-02,-5.506406206341046133e-02,5.613572133364127525e-01,4.678284345971648328e-01,-4.062812123661276031e-02,-1.547064443549635016e-01,4.358969628282104436e-01,-1.380486611175862910e-01,-1.743717817305504292e-01,2.001886443245096403e-01,-2.766323159492222183e-01,4.403627242835258526e-01,-6.485019179474502682e-01,2.482368196802718641e-01,-5.028935564765451005e-01,-1.444189448474988147e-01,1.509049221895171211e-01,1.264173314450472707e-01,2.875638077266052250e-01,6.384962578780231102e-01,-5.104673275390853027e-01,3.911415742478456248e-01,-1.160381976728932785e-01,-2.300620021142246036e-02,2.524054070046786169e-01,-1.468121438525587727e-02,-5.059254329057100846e-02,1.875596290592416726e-01,1.272160973731033817e-01,7.581336921595971390e-02,-3.099846856980377208e-01,-1.120813286824028920e-01,-5.323006957047665688e-01,2.346419858054117069e-01,-7.872761017338954226e-02,6.810187645536566747e-02,8.841355590258235045e-03,-1.075633093063785850e-01,1.310075495036906179e-01,7.481956196947019133e-02,4.917690521995425890e-01,-1.620841222378069935e-01
0.000000000000000000e+00,0.000000000000000000e+00,0.000000000000000000e+00,0.000000000000000000e+00,0.000000000000000000e+00,0.000000000000000000e+00,0.000000000000000000e+00,0.000000000000000000e+00,0.000000000000000000e+00,0.000000000000000000e+00,0.000000000000000000e+00,0.000000000000000000e+00,0.000000000000000000e+00,0.000000000000000000e+00,0.000000000000000000e+00,0.000000000000000000e+00,0.000000000000000000e+00,0.000000000000000000e+00,0.000000000000000000e+00,0.000000000000000000e+00,0.000000000000000000e+00,0.000000000000000000e+00,0.000000000000000000e+00,0.000000000000000000e+00,0.000000000000000000e+00,0.000000000000000000e+00,0.000000000000000000e+00,0.000000000000000000e+00,0.000000000000000000e+00,1.000000000000000000e+00,-6.368392052992214447e-01,-3.368083095899327417e-01,-1.000000000000000000e+00,-9.493323920531331339e-01,3.827272846220544644e-01,-1.311433582351737293e-01,7.968233648225595545e-01,3.802916659424699364e-01,-6.931637622112943320e-02,4.881860091308323768e-01,-1.592462091991727335e-01,8.285743230754039068e-01,-5.332391082060035092e-01,3.481219887323177553e-01,3.315528013376434768e-01,1.742799099513304140e-01,1.469004956607741219e-01,5.656977511912840706e-01,4.281633569806785888e-01,-1.000000000000000000e+00,-4.025446032964265508e-01,-3.148625990311528233e-01,-1.000000000000000000e+00,-3.343874295606331093e-01,-7.752454781265408768e-01,1.822855608613996314e-01,-6.967878149709236801e-01,-4.045658220705911634e-01,1.000000000000000000e+00,1.000000000000000000e+00,3.751675789298763997e-01,-4.636646520917268588e-01,-2.430882189010442895e-01,2.159322490948005491e-01,7.522384376278273832e-01,2.096499472029016709e-01,4.248092328435569831e-01,1.000000000000000000e+00,-9.308357192690421833e-01,6.549022548993247428e-01,7.854357717718303544e-02,-2.156162704088542825e-01,1.359128655215555703e-01,-1.759813372099428841e-01,-5.365083112593316272e-01,5.988748209138845535e-01,1.127707161507664757e-01,4.373853682299013168e-01,3.162894151659194630e-01,1.000000000000000000e+00,6.861361840846912363e-01,2.172573215908193967e-01,-2.096168833615502936e-01,8.579192135322465385e-01,-7.917170205501193880e-01,9.062382624818168253e-01,-4.901215364161585764e-01,-4.680739760919530590e-01,-6.043111039215212643e-02,3.437786683630899565e-01,1.610459233926706674e-02,-8.732180229454707121e-02,4.164417722394641030e-01,-2.828446030912068476e-01,8.516469037038909562e-01,-4.446363889593214491e-01,-1.000000000000000000e+00,-7.052659218361010396e-01,1.000000000000000000e+00,2.313305448688038890e-01
0.000000000000000000e+00,0.000000000000000000e+00,0.000000000000000000e+00,0.000000000000000000e+00,0.000000000000000000e+00,0.000000000000000000e+00,0.000000000000000000e+00,0.000000000000000000e+00,0.000000000000000000e+00,0.000000000000000000e+00,0.000000000000000000e+00,0.000000000000000000e+00,0.000000000000000000e+00,0.000000000000000000e+00,0.000000000000000000e+00,0.000000000000000000e+00,0.000000000000000000e+00,0.000000000000000000e+00,0.000000000000000000e+00,0.000000000000000000e+00,0.000000000000000000e+00,0.000000000000000000e+00,0.000000000000000000e+00,0.000000000000000000e+00,0.000000000000000000e+00,0.000000000000000000e+00,0.000000000000000000e+00,0.000000000000000000e+00,0.000000000000000000e+00,0.000000000000000000e+00,1.000000000000000000e+00,-5.396092182603039467e-01,9.679976862325266884e-01,5.767462139963849266e-01,-5.166535369341344053e-01,-4.998282208464941423e-01,-1.000000000000000000e+00,7.826186726797496052e-01,5.398613330487799233e-01,-1.000000000000000000e+00,-3.871332081202110142e-01,-7.781701529948951146e-01,-3.795536170350097827e-01,-6.184084923006978318e-01,5.438778126379769651e-01,-3.189597873540091499e-01,6.585818607865505658e-01,2.429340825390463032e-01,-6.955202778774224326e-01,8.063700087533955951e-01,4.028987630111117713e-01,4.408126269091313665e-01,1.348827624453516338e-01,5.339086416104121824e-01,1.000000000000000000e+00,-8.692202149521426335e-01,5.072879514325274730e-01,1.448572441057025817e-01,-8.013040510264270999e-01,-1.000000000000000000e+00,3.613791848741709223e-01,6.567357233384157889e-01,9.019200279608523552e-01,-4.349301631177538430e-01,-1.000000000000000000e+00,-5.483028480620186773e-01,-6.528297454865029659e-01,-1.000000000000000000e+00,7.809978244618938081e-01,-3.062611361311060043e-01,-3.895106473968679150e-01,6.860420108678825235e-01,-5.956010997991405542e-01,6.683607416230910037e-01,6.510309730848302667e-01,-4.958339098160164382e-01,-2.500364620468092380e-01,3.814967937989299229e-01,-9.307030022876615627e-01,1.801905708543999896e-01,-4.664153049615420432e-01,-4.771529567785647297e-01,4.148918451989197509e-02,-7.116974224974939034e-01,8.332483266300612090e-01,-3.120883365333396164e-01,6.729613310244872970e-01,4.889430562421581139e-01,-5.795971942231429308e-01,-5.930949469583481903e-01,-6.186426703107629210e-01,7.753917051998582277e-01,-6.859190887097827982e-01,4.328090671324515415e-01,-1.000000000000000000e+00,7.383882110264716747e-01,9.113543406148896242e-01,7.207308419033408020e-01,-2.775597444968626593e-01,-5.498399998300691482e-01
0.000000000000000000e+00,0.000000000000000000e+00,0.000000000000000000e+00,0.000000000000000000e+00,0.000000000000000000e+00,0.000000000000000000e+00,0.000000000000000000e+00,0.000000000000000000e+00,0.000000000000000000e+00,0.000000000000000000e+00,0.000000000000000000e+00,0.000000000000000000e+00,0.000000000000000000e+00,0.000000000000000000e+00,0.000000000000000000e+00,0.000000000000000000e+00,0.000000000000000000e+00,0.000000000000000000e+00,0.000000000000000000e+00,0.000000000000000000e+00,0.000000000000000000e+00,0.000000000000000000e+00,0.000000000000000000e+00,0.000000000000000000e+00,0.000000000000000000e+00,0.000000000000000000e+00,0.000000000000000000e+00,0.000000000000000000e+00,0.000000000000000000e+00,0.000000000000000000e+00,0.000000000000000000e+00,1.000000000000000000e+00,-3.002360330385961951e-01,-2.002415775355056715e-01,1.961331606906749903e-01,1.700827621218900798e-01,3.887515811505235508e-01,-6.476957065046095030e-01,-4.220497007242848819e-01,5.922105304007848625e-01,4.650182112633703957e-01,3.631705740793531589e-01,6.898441902655103597e-01,3.643141509051123772e-01,-6.660863810771420201e-01,1.562020454651709134e-01,-3.965510442325070883e-01,-3.853353443389688215e-01,2.162331768801873666e-01,4.910274671127574653e-01,-2.953188895051397922e-01,-1.838085717449760292e-01,8.293990621123509266e-01,-2.653370399090185794e-01,-6.272897023591479382e-01,1.078296098833023270e-01,4.664377920279328695e-04,6.568865000189542114e-01,1.820622942978560727e-02,1.987969435458698808e-01,-6.170386630135169526e-01,-7.335830770936907497e-01,-5.758358850489642133e-01,1.878334027990623545e-01,7.322622159803296449e-02,1.765264960675268502e-01,4.272596588917146332e-01,3.266028860254085453e-01,-4.207119626088250408e-01,-1.448458204596058951e-01,4.032443971298266261e-01,-2.266128158292391170e-01,4.432199429252916545e-01,-4.837404822023473328e-01,-2.631951548326214030e-01,1.977825767187889328e-02,1.005892074077701787e-01,-5.044023340840793068e-01,1.192804405400043066e-01,-5.557357839356388274e-01,1.135427578512006458e-01,2.147730117292381558e-01,-5.262937914962536601e-01,4.016413063686503637e-01,-6.001646152772608378e-01,-5.607378574408281580e-01,-7.037757960519812617e-01,-1.964112105414498044e-01,4.385067513209758294e-01,2.344516385917072288e-01,4.757561971132955314e-01,-3.302979204930455159e-01,3.558527162353348205e-01,-2.440135544286168578e-01,1.929862042443468984e-01,-3.213373653907580230e-01,-3.324334277025772222e-01,-1.913862330146700319e-01,1.877753350198360094e-01,3.409560028270283705e-01
0.000000000000000000e+00,0.000000000000000000e+00,0.000000000000000000e+00,0.000000000000000000e+00,0.000000000000000000e+00,0.000000000000000000e+00,0.000000000000000000e+00,0.000000000000000000e+00,0.000000000000000000e+00,0.000000000000000000e+00,0.000000000000000000e+00,0.000000000000000000e+00,0.000000000000000000e+00,0.000000000000000000e+00,0.000000000000000000e+00,0.000000000000000000e+00,0.000000000000000000e+00,0.000000000000000000e+00,0.000000000000000000e+00,0.000000000000000000e+00,0.000000000000000000e+00,0.000000000000000000e+00,0.000000000000000000e+00,0.000000000000000000e+00,0.000000000000000000e+00,0.000000000000000000e+00,0.000000000000000000e+00,0.000000000000000000e+00,0.000000000000000000e+00,0.000000000000000000e+00,0.000000000000000000e+00,0.000000000000000000e+00,1.000000000000000000e+00,6.622782596928932231e-01,-4.723485079067987202e-01,-3.108285555609411888e-01,-1.000000000000000000e+00,3.674427065508965584e-01,3.754141139637619529e-01,-9.220855735797733876e-01,-1.934799483743373516e-01,-7.736550815714978713e-01,-3.411119077309237441e-02,-4.727271957946694303e-01,2.827437460207651854e-01,-2.712423848762288703e-01,3.929529146546334450e-01,-7.504932496786378970e-02,-6.216865222554197601e-01,1.000000000000000000e+00,4.110171481261747362e-01,4.113863435049920358e-01,3.875747271316841713e-01,4.572282722846608416e-01,1.000000000000000000e+00,-6.295260108258838860e-01,5.758561048542324423e-01,1.174980255733717449e-01,-7.844728259188404884e-01,-1.000000000000000000e+00,1.330607056084740503e-01,5.174299120344059144e-01,7.946301325099867086e-01,-3.610256141987133738e-01,-1.000000000000000000e+00,-4.501617695452472812e-01,-5.681191637409329642e-01,-1.000000000000000000e+00,9.860118776614136271e-01,-4.385070604470899802e-01,-4.082371782301091323e-01,4.726332774843169382e-01,-3.879762283012815338e-01,6.459952958684439528e-01,6.148201642806745415e-01,-5.356920250580576859e-01,-2.240581585630004591e-01,6.539508981389281772e-02,-6.566086063891701796e-01,-4.619395438056447117e-02,-4.160945737306870895e-01,-4.116132988999129383e-01,6.170678549347421993e-02,-7.598309324229677308e-01,8.433647513432915854e-01,-3.903095393091848830e-01,6.743834736027145560e-01,4.716696755019579301e-01,-3.833390280150236751e-01,-4.955767752000827531e-01,-4.278707579610272482e-01,4.489610404005099364e-01,-5.985124750639000402e-01,3.898418235775015228e-01,-9.528714342730179032e-01,6.939181341982435525e-01,7.627480657142929887e-01,6.596005966730262848e-01,-7.212961463936766737e-01,-4.582932765668406572e-01
0.000000000000000000e+00,0.000000000000000000e+00,0.000000000000000000e+00,0.000000000000000000e+00,0.000000000000000000e+00,0.000000000000000000e+00,0.000000000000000000e+00,0.000000000000000000e+00,0.000000000000000000e+00,0.000000000000000000e+00,0.000000000000000000e+00,0.000000000000000000e+00,0.000000000000000000e+00,0.000000000000000000e+00,0.000000000000000000e+00,0.000000000000000000e+00,0.000000000000000000e+00,0.000000000000000000e+00,0.000000000000000000e+00,0.000000000000000000e+00,0.000000000000000000e+00,0.000000000000000000e+00,0.000000000000000000e+00,0.000000000000000000e+00,0.000000000000000000e+00,0.000000000000000000e+00,0.000000000000000000e+00,0.000000000000000000e+00,0.000000000000000000e+00,0.000000000000000000e+00,0.000000000000000000e+00,0.000000000000000000e+00,0.000000000000000000e+00,1.000000000000000000e+00,-2.354995603776889046e-01,-1.064964260141300911e-01,-7.008125142625262205e-01,8.924204368629692907e-02,2.249840766124590608e-01,-4.543498517269941583e-01,-2.796471695018284964e-01,-8.434578669621646263e-01,-1.912144533541740854e-01,-3.320076584504910722e-01,2.213441534216465667e-01,-1.578813104961225844e-01,-7.492227712181163957e-02,1.032954262468531725e-01,-2.161150688364391337e-01,7.374537481089248336e-01,3.421143122858706920e-01,2.799541388131601138e-01,6.397986888617371859e-01,2.121985551115311008e-01,1.000000000000000000e+00,4.877145411663316027e-02,2.987483732063971331e-01,-6.913616054411346745e-01,-6.541809460982374036e-01,-7.807470402238727569e-01,1.511636047076824751e-01,9.640428162305828552e-01,1.882220438040767552e-01,-1.237394358153958568e-01,-1.000000000000000000e+00,-1.973279686161650004e-01,-5.291148089666423138e-01,-7.631628651757852433e-01,4.589833678356926294e-02,-3.706453547236518986e-01,2.318485276840084874e-01,1.594812860594536919e-02,-6.168390022326004640e-01,-7.513106560025423208e-02,3.735419333948648557e-01,-1.361099581651734058e-01,3.673733844287399020e-01,1.837155658002044001e-01,-4.117883291503811605e-01,-4.498568075853348613e-01,-5.376128653266538659e-01,-7.255503960731056468e-02,7.767160242763498923e-01,-9.653524574699100524e-01,8.769975979428419333e-01,-8.278732791921869505e-02,4.895045894716349572e-02,3.720170386135254748e-01,-1.537525340646469507e-01,-3.753236435145138050e-01,1.399906805143518729e-01,-2.510195375144994023e-01,-2.616972734240320952e-01,2.114730097386004481e-01,-6.061603229079003397e-01,3.645561937423162924e-01,1.000000000000000000e+00,3.834038779144919307e-01,-9.548280060308581563e-01,-2.955019672330291280e-01
0.000000000000000000e+00,0.000000000000000000e+00,0.000000000000000000e+00,0.000000000000000000e+00,0.000000000000000000e+00,0.000000000000000000e+00,0.000000000000000000e+00,0.000000000000000000e+00,0.000000000000000000e+00,0.000000000000000000e+00,0.000000000000000000e+00,0.000000000000000000e+00,0.000000000000000000e+00,0.000000000000000000e+00,0.000000000000000000e+00,0.000000000000000000e+00,0.000000000000000000e+00,0.000000000000000000e+00,0.000000000000000000e+00,0.000000000000000000e+00,0.000000000000000000e+00,0.000000000000000000e+00,0.000000000000000000e+00,0.000000000000000000e+00,0.000000000000000000e+00,0.000000000000000000e+00,0.000000000000000000e+00,0.000000000000000000e+00,0.000000000000000000e+00,0.000000000000000000e+00,0.000000000000000000e+00,0.000000000000000000e+00,0.000000000000000000e+00,0.000000000000000000e+00,1.000000000000000000e+00,8.476534034891309854e-01,1.000000000000000000e+00,-1.000000000000000000e+00,-9.833963387626024621e-01,1.000000000000000000e+00,6.814338331730721565e-01,1.000000000000000000e+00,6.085503356379307061e-01,1.000000000000000000e+00,-1.000000000000000000e+00,5.949822492647784955e-01,-1.000000000000000000e+00,-3.068424983657087601e-01,1.000000000000000000e+00,-1.000000000000000000e+00,-8.297663669202416381e-01,-8.404838769391795861e-01,-5.251696463277682331e-02,-1.000000000000000000e+00,-1.000000000000000000e+00,1.000000000000000000e+00,-9.974433889041181001e-01,-5.620958435108955875e-01,1.000000000000000000e+00,1.000000000000000000e+00,-7.163511484542752772e-01,-1.000000000000000000e+00,-1.000000000000000000e+00,8.870881431681824081e-01,1.000000000000000000e+00,1.000000000000000000e+00,1.000000000000000000e+00,1.000000000000000000e+00,-1.000000000000000000e+00,4.647887376638164536e-01,1.000000000000000000e+00,-1.000000000000000000e+00,1.000000000000000000e+00,-1.000000000000000000e+00,-1.000000000000000000e+00,1.000000000000000000e+00,4.268956886982073762e-01,-5.812253906226643174e-01,1.000000000000000000e+00,-4.091111057887713565e-01,7.995558257575153815e-01,9.130790185695133454e-01,-5.341012365985153137e-02,1.000000000000000000e+00,-1.000000000000000000e+00,6.857941926092021578e-01,-1.000000000000000000e+00,-9.564949033826036784e-01,1.000000000000000000e+00,1.000000000000000000e+00,1.000000000000000000e+00,-1.000000000000000000e+00,1.000000000000000000e+00,-8.418195268937775921e-01,1.000000000000000000e+00,-1.000000000000000000e+00,-1.000000000000000000e+00,-1.000000000000000000e+00,8.363534074874336977e-01,1.000000000000000000e+00
0.000000000000000000e+00,0.000000000000000000e+00,0.000000000000000000e+00,0.000000000000000000e+00,0.000000000000000000e+00,0.000000000000000000e+00,0.000000000000000000e+00,0.000000000000000000e+00,0.000000000000000000e+00,0.000000000000000000e+00,0.000000000000000000e+00,0.000000000000000000e+00,0.000000000000000000e+00,0.000000000000000000e+00,0.000000000000000000e+00,0.000000000000000000e+00,0.000000000000000000e+00,0.000000000000000000e+00,0.000000000000000000e+00,0.000000000000000000e+00,0.000000000000000000e+00,0.000000000000000000e+00,0.000000000000000000e+00,0.000000000000000000e+00,0.000000000000000000e+00,0.000000000000000000e+00,0.000000000000000000e+00,0.000000000000000000e+00,0.000000000000000000e+00,0.000000000000000000e+00,0.000000000000000000e+00,0.000000000000000000e+00,0.000000000000000000e+00,0.000000000000000000e+00,0.000000000000000000e+00,1.000000000000000000e+00,1.000000000000000000e+00,-1.000000000000000000e+00,-4.899923042150509112e-01,9.948277483374231567e-01,5.084929361060874786e-01,7.185904971536353214e-01,4.280041266819300527e-01,5.055949458602408964e-01,-6.948308444914357285e-01,2.825790154167460710e-01,-8.503636431773007320e-01,-6.868748624962809357e-01,7.100102050302548040e-01,-3.182034986181190295e-01,-1.724895445075677325e-01,-3.898116862776842551e-01,-6.566188967370287233e-02,-4.378464000042092130e-01,-1.000000000000000000e+00,1.000000000000000000e+00,-2.687825129557928072e-01,-2.324723204281936295e-01,4.887456835864056881e-01,7.742885668508722175e-01,-4.336888890956818732e-01,-3.141839349205535759e-01,-6.905111337292423324e-01,4.472585818891567921e-01,1.000000000000000000e+00,7.075090409642823541e-01,5.028713759461346244e-01,7.944060465040764241e-01,-4.765024765568573462e-01,1.159497271765663612e-01,8.546210960283909808e-01,-6.755984301747440801e-01,7.519228261788009071e-01,-3.917925315122201546e-01,-5.750475314510506974e-01,2.998551606828967486e-01,-9.708212042627653582e-02,-6.982748626158457039e-01,1.000000000000000000e+00,-1.000000000000000000e+00,2.272885552396289588e-01,3.852967171519405820e-01,3.205686600502175576e-01,3.291350387749913398e-01,-4.304769607886108074e-01,2.543859983903788424e-01,4.515488299543307660e-02,-3.825087131009489161e-01,6.989634785019949170e-01,5.680799855023660472e-01,7.398753345663877656e-01,-6.002116649821994665e-01,4.374399993686823862e-01,-2.924540529843757675e-01,9.487700508210338279e-01,-7.029781952450262494e-01,-1.700322061595135048e-01,-5.143608324867060544e-01,-9.315695725833866847e-01,5.187357261345937331e-01
0.000000000000000000e+00,0.000000000000000000e+00,0.000000000000000000e+00,0.000000000000000000e+00,0.000000000000000000e+00,0.000000000000000000e+00,0.000000000000000000e+00,0.000000000000000000e+00,0.000000000000000000e+00,0.000000000000000000e+00,0.000000000000000000e+00,0.000000000000000000e+00,0.000000000000000000e+00,0.000000000000000000e+00,0.000000000000000000e+00,0.000000000000000000e+00,0.000000000000000000e+00,0.000000000000000000e+00,0.000000000000000000e+00,0.000000000000000000e+00,0.000000000000000000e+00,0.000000000000000000e+00,0.000000000000000000e+00,0.000000000000000000e+00,0.000000000000000000e+00,0.000000000000000000e+00,0.000000000000000000e+00,0.000000000000000000e+00,0.000000000000000000e+00,0.000000000000000000e+00,0.000000000000000000e+00,0.000000000000000000e+00,0.000000000000000000e+00,0.000000000000000000e+00,0.000000000000000000e+00,0.000000000000000000e+00,1.000000000000000000e+00,-9.826877347941423424e-02,-1.303643495223346382e-01,4.820179421362514871e-01,3.501718098112639732e-02,3.161336808977083246e-01,-1.623180548156660519e-01,1.075788568528414368e-01,-5.874288474809820360e-02,1.308591942002988451e-01,-1.717967193947401439e-01,5.925210472282255170e-02,3.202184088409242846e-01,-5.638783810631717852e-01,-1.411643442891625522e-01,-2.124960545246688814e-01,-2.634176811424496778e-01,-1.576485677833751042e-01,-6.518977090552928733e-01,2.815113800806781086e-01,-3.282046656270971030e-01,-7.681097251570306698e-03,3.156744731175002983e-01,4.643138101999819689e-01,6.943328202497317525e-02,-2.720018625551720581e-02,-4.469476008950647450e-01,1.531863174667485727e-01,1.000000000000000000e+00,2.825486300737118928e-01,2.306328827641262180e-01,6.135241461829858967e-01,-5.704287494877126052e-01,3.918492651784528102e-01,1.310998508420754133e-02,-1.083852491044962341e-01,1.020149356873407409e-01,-3.881173251764468146e-01,-2.587606680724967578e-01,2.552113223432898037e-01,1.098648700947506829e-01,5.652277585059071324e-02,3.203510975192767063e-01,-2.754774800400232038e-01,8.841636451348251768e-02,2.103780094252279964e-01,1.041974875531923306e-01,3.165098103666582063e-01,-4.627590029076848466e-01,1.488998278059738556e-01,-1.608270271039447322e-02,-1.909277723379766978e-01,2.041752178927145611e-01,2.578809782606464318e-01,5.165571961568458936e-02,-1.189889145517315783e-01,2.535221475032352068e-01,-1.563686954564226517e-01,5.603095864324070252e-01,-5.076141146474335564e-01,-1.294892412404314574e-01,-2.745562103583390479e-01,1.506518575309858665e-01,2.239280870948631152e-01
0.000000000000000000e+00,0.000000000000000000e+00,0.000000000000000000e+00,0.000000000000000000e+00,0.000000000000000000e+00,0.000000000000000000e+00,0.000000000000000000e+00,0.000000000000000000e+00,0.000000000000000000e+00,0.000000000000000000e+00,0.000000000000000000e+00,0.000000000000000000e+00,0.000000000000000000e+00,0.000000000000000000e+00,0.000000000000000000e+00,0.000000000000000000e+00,0.000000000000000000e+00,0.000000000000000000e+00,0.000000000000000000e+00,0.000000000000000000e+00,0.000000000000000000e+00,0.000000000000000000e+00,0.000000000000000000e+00,0.000000000000000000e+00,0.000000000000000000e+00,0.000000000000000000e+00,0.000000000000000000e+00,0.000000000000000000e+00,0.000000000000000000e+00,0.000000000000000000e+00,0.000000000000000000e+00,0.000000000000000000e+00,0.000000000000000000e+00,0.000000000000000000e+00,0.000000000000000000e+00,0.000000000000000000e+00,0.000000000000000000e+00,1.000000000000000000e+00,4.591097288440714186e-01,-5.832542578348461904e-01,-5.219596211133564756e-01,-4.206243465400570924e-01,-8.153098996324337211e-01,-5.255362651478854286e-01,7.395458228378293253e-01,-1.694254928619001732e-01,6.537228013349538625e-01,6.146018244173535594e-01,-3.411904331744645691e-01,-2.929501797332074720e-01,1.913170574665624402e-01,1.856682528270487964e-01,-5.668054504386575987e-01,3.548033174432855263e-01,3.883814437292747446e-01,-7.592130969080244096e-01,-3.351142206280099262e-02,5.241961532325643131e-02,-2.292245641461172212e-01,-4.154545846430152123e-01,6.778434597653256732e-01,6.141212816435219768e-01,3.665160123178434759e-01,-2.977179724804028260e-01,2.215721170212198443e-01,-2.938938763674647237e-01,-3.676734318505883725e-01,-4.260938847428059617e-01,3.309789754762537564e-04,3.615017082032027096e-01,-7.544319592130697139e-01,5.630433631102453873e-01,-6.246207754515812338e-01,1.882683512990255270e-01,3.513883928908073662e-01,-8.055138884571838576e-02,4.777476935996765456e-02,7.164567148167932942e-01,-7.455565274214982496e-01,3.767036831366091798e-01,-2.265881350916841008e-01,-2.200433553061196534e-01,1.538795334572188589e-01,-2.005154990880926580e-01,1.590690903507623044e-01,6.627217522569807395e-02,5.500889757419391568e-01,2.308390938353688804e-01,-4.833640406393893141e-01,-2.878791374775550582e-01,-7.707365267072128212e-01,6.040374372862692409e-01,-3.409005541816612084e-01,2.298614478860284138e-01,-2.963500206470427445e-01,1.207816299693409146e-01,4.303002173765609895e-01,3.104224449316828061e-01,4.146019285966158763e-01,-3.313354342229445360e-01
0.000000000000000000e+00,0.000000000000000000e+00,0.000000000000000000e+00,0.000000000000000000e+00,0.000000000000000000e+00,0.000000000000000000e+00,0.000000000000000000e+00,0.000000000000000000e+00,0.000000000000000000e+00,0.000000000000000000e+00,0.000000000000000000e+00,0.000000000000000000e+00,0.000000000000000000e+00,0.000000000000000000e+00,0.000000000000000000e+00,0.000000000000000000e+00,0.000000000000000000e+00,0.000000000000000000e+00,0.000000000000000000e+00,0.000000000000000000e+00,0.000000000000000000e+00,0.000000000000000000e+00,0.000000000000000000e+00,0.000000000000000000e+00,0.000000000000000000e+00,0.000000000000000000e+00,0.000000000000000000e+00,0.000000000000000000e+00,0.000000000000000000e+00,0.000000000000000000e+00,0.000000000000000000e+00,0.000000000000000000e+00,0.000000000000000000e+00,0.000000000000000000e+00,0.000000000000000000e+00,0.000000000000000000e+00,0.000000000000000000e+00,0.000000000000000000e+00,1.000000000000000000e+00,-1.000000000000000000e+00,-1.000000000000000000e+00,-1.000000000000000000e+00,-1.000000000000000000e+00,-1.000000000000000000e+00,1.000000000000000000e+00,-4.111490158178756071e-01,1.000000000000000000e+00,9.926687338242066172e-01,-7.740728348353890231e-01,2.562478548197527281e-02,5.962188839023767617e-01,4.981382081691563823e-01,-9.333179365484638446e-01,8.056427535465697787e-01,1.000000000000000000e+00,-1.000000000000000000e+00,1.838019525260602416e-01,-2.381075374773071462e-01,-7.102351097259607116e-01,-1.000000000000000000e+00,1.000000000000000000e+00,1.000000000000000000e+00,1.000000000000000000e+00,-6.229635565201967484e-01,-7.196663970204320374e-03,-6.172331786192193359e-01,-9.616968644147423362e-01,-1.000000000000000000e+00,4.601827450627555827e-01,4.039243297667661770e-01,-1.000000000000000000e+00,1.000000000000000000e+00,-1.000000000000000000e+00,6.924037112658554260e-01,8.493848807082030605e-01,-3.239844757127445796e-01,-6.542554610180308095e-02,1.000000000000000000e+00,-1.000000000000000000e+00,5.016583244398015173e-01,-6.378269776502167865e-01,-5.482398761379956298e-01,5.936837105902331713e-01,-8.558654102519053231e-01,8.716235010382133996e-01,1.681493032648678776e-01,1.000000000000000000e+00,6.166502576993492246e-01,-9.877190587384585552e-01,-7.100610858562830252e-01,-1.000000000000000000e+00,1.000000000000000000e+00,-8.763114743493416459e-01,5.962671114811427531e-01,-8.774462026436470330e-01,5.292807726191224305e-01,1.000000000000000000e+00,8.118150591039258179e-01,-1.081925041146549089e-02,-7.907544262485247666e-01
0.000000000000000000e+00,0.000000000000000000e+00,0.000000000000000000e+00,0.000000000000000000e+00,0.000000000000000000e+00,0.000000000000000000e+00,0.000000000000000000e+00,0.000000000000000000e+00,0.000000000000000000e+00,0.000000000000000000e+00,0.000000000000000000e+00,0.000000000000000000e+00,0.000000000000000000e+00,0.000000000000000000e+00,0.000000000000000000e+00,0.000000000000000000e+00,0.000000000000000000e+00,0.000000000000000000e+00,0.000000000000000000e+00,0.000000000000000000e+00,0.000000000000000000e+00,0.000000000000000000e+00,0.000000000000000000e+00,0.000000000000000000e+00,0.000000000000000000e+00,0.000000000000000000e+00,0.000000000000000000e+00,0.000000000000000000e+00,0.000000000000000000e+00,0.000000000000000000e+00,0.000000000000000000e+00,0.000000000000000000e+00,0.000000000000000000e+00,0.000000000000000000e+00,0.000000000000000000e+00,0.000000000000000000e+00,0.000000000000000000e+00,0.000000000000000000e+00,0.000000000000000000e+00,1.000000000000000000e+00,4.171385180950604177e-01,7.561706433331005783e-01,4.096277957713867490e-01,5.550095849410784377e-01,-6.023572459410260205e-01,2.622691267410905969e-01,-6.214472891161952894e-01,-2.955674172893024698e-01,6.030156149789894782e-01,-5.689155118422979385e-01,-3.679174753875807391e-01,-3.650423041163677329e-01,2.235597498945234574e-01,-4.706416748427941776e-01,-9.496457987250011001e-01,8.200758986776142123e-01,-3.454125163509427221e-01,-1.036871103836730368e-01,5.472051502277620605e-01,9.465910698117689925e-01,-4.455236207993936159e-01,-5.480318361378039294e-01,-6.820889449360182377e-01,4.064737314696327264e-01,6.598044178769142398e-01,4.745628666741530943e-01,5.248772973769656458e-01,9.493609611085999100e-01,-8.251366258008894228e-01,9.625946238896766760e-02,8.912124546791332369e-01,-4.734046729314860258e-01,5.476379510584143961e-01,-5.668086805585508259e-01,-5.999110436626287068e-01,3.771487278934515519e-01,4.925816132763789074e-02,-4.003231564580022606e-01,7.531051845118175159e-01,-4.305059903750046990e-01,2.986317012591601650e-01,3.786638992585746322e-01,-1.449727283997427896e-01,5.277655782635134463e-01,-6.464518529800379332e-01,1.411355642435710989e-01,-6.638235902519210585e-01,-4.067842413953953740e-01,5.317541550116186011e-01,4.487802294105109890e-01,7.580196161960731649e-01,-5.056951163644812786e-01,5.559180789679570855e-01,-3.620062880455889864e-01,7.662489605230640155e-01,-5.670536435791707630e-01,-4.974686088469242318e-01,-5.639226482948452857e-01,2.152136537291716445e-01,4.816079802442613245e-01
0.000000000000000000e+00,0.000000000000000000e+00,0.000000000000000000e+00,0.000000000000000000e+00,0.000000000000000000e+00,0.000000000000000000e+00,0.000000000000000000e+00,0.000000000000000000e+00,0.000000000000000000e+00,0.000000000000000000e+00,0.000000000000000000e+00,0.000000000000000000e+00,0.000000000000000000e+00,0.000000000000000000e+00,0.000000000000000000e+00,0.000000000000000000e+00,0.000000000000000000e+00,0.000000000000000000e+00,0.000000000000000000e+00,0.000000000000000000e+00,0.000000000000000000e+00,0.000000000000000000e+00,0.000000000000000000e+00,0.000000000000000000e+00,0.000000000000000000e+00,0.000000000000000000e+00,0.000000000000000000e+00,0.000000000000000000e+00,0.000000000000000000e+00,0.000000000000000000e+00,0.000000000000000000e+00,0.000000000000000000e+00,0.000000000000000000e+00,0.000000000000000000e+00,0.000000000000000000e+00,0.000000000000000000e+00,0.000000000000000000e+00,0.000000000000000000e+00,0.000000000000000000e+00,0.000000000000000000e+00,1.000000000000000000e+00,9.326555172051803622e-01,1.000000000000000000e+00,8.412794838352518623e-01,-1.000000000000000000e+00,2.567102079137903448e-01,-7.609740672577920417e-01,-1.000000000000000000e+00,3.928005029456446695e-01,8.367145986072431763e-01,-4.096733157365154421e-01,-2.941157386197442158e-01,8.687363705757707999e-01,-4.986605734777324606e-01,-9.434730665521838811e-01,7.163169891543563761e-01,1.394868571177180494e-01,6.628313293003733619e-01,3.759776312436164947e-01,5.888880737314310387e-01,-1.000000000000000000e+00,-1.000000000000000000e+00,-3.704822145957974988e-01,3.951199628229893346e-01,-1.575248296783940960e-01,3.689812322334347083e-01,7.216300325095542645e-01,4.109710076158202829e-01,2.032168793534733231e-01,-5.300852584441798632e-01,9.710497277901630753e-01,-5.612320972786830620e-01,1.000000000000000000e+00,-1.315527413196145544e-02,-5.339305393681453848e-01,-5.059901518687300731e-02,-4.600176909687155313e-01,-1.000000000000000000e+00,9.730882610122640886e-01,-4.364629830464473725e-01,5.189769212288272149e-01,2.102896376211819685e-01,-9.470723670712027920e-01,7.028606450384183857e-01,-6.033132534529555002e-01,-4.057840374888487256e-01,-6.382046746359590905e-01,-3.923167234940889703e-01,7.227518884299795054e-01,4.645022331130609916e-01,9.657494723616311116e-01,-5.006645108249564435e-01,4.766581204164567764e-01,-3.437793277387504731e-01,3.960971024798435325e-01,-1.457907907166275663e-01,-9.815807284162758606e-01,-4.356121489530289659e-01,-8.563716960234309117e-02,5.449708863945686987e-01
0.000000000000000000e+00,0.000000000000000000e+00,0.000000000000000000e+00,0.000000000000000000e+00,0.000000000000000000e+00,0.000000000000000000e+00,0.000000000000000000e+00,0.000000000000000000e+00,0.000000000000000000e+00,0.000000000000000000e+00,0.000000000000000000e+00,0.000000000000000000e+00,0.000000000000000000e+00,0.000000000000000000e+00,0.000000000000000000e+00,0.000000000000000000e+00,0.000000000000000000e+00,0.000000000000000000e+00,0.000000000000000000e+00,0.000000000000000000e+00,0.000000000000000000e+00,0.000000000000000000e+00,0.000000000000000000e+00,0.000000000000000000e+00,0.000000000000000000e+00,0.000000000000000000e+00,0.000000000000000000e+00,0.000000000000000000e+00,0.000000000000000000e+00,0.000000000000000000e+00,0.000000000000000000e+00,0.000000000000000000e+00,0.000000000000000000e+00,0.000000000000000000e+00,0.000000000000000000e+00,0.000000000000000000e+00,0.000000000000000000e+00,0.000000000000000000e+00,0.000000000000000000e+00,0.000000000000000000e+00,0.000000000000000000e+00,1.000000000000000000e+00,3.964696692231357567e-01,5.365297977680680841e-01,-5.022723578496022245e-01,2.185277426382833676e-01,-3.019156054658828081e-01,-3.620158772656537627e-01,4.412112312776619860e-01,-6.390310473948552783e-01,-3.819358907516876012e-01,-3.296171776231011652e-01,-1.990000928088351551e-01,-3.879986249513538987e-01,-1.000000000000000000e+00,4.933701414015459474e-01,-2.679725689075664330e-01,2.530991482671462456e-01,6.599160742062173401e-01,9.655016004545559083e-01,-3.797533911657108296e-01,-9.071695683130415189e-01,-2.745371987892621934e-01,3.124187189741665649e-01,7.531309382582652701e-01,3.672812074422111550e-01,5.654471732188321997e-01,7.343569286546491881e-01,-3.962128949142855738e-01,1.099580451713355472e-01,7.232340896678515207e-01,-2.537620968063813987e-01,7.375607147875443692e-01,-6.836942211891940124e-02,-5.613385314737985299e-01,2.324876925344987744e-01,-3.636624640515035978e-01,-4.325769427770278508e-01,7.504684091250904965e-01,1.080328837896280675e-02,5.089894772823209124e-01,1.888899391115020088e-01,-5.906416439071550117e-01,7.752614686452266035e-01,-7.332291241965342987e-01,1.771952661460896028e-01,-2.950604526219823831e-01,-4.290939495199722620e-01,3.764933079715632736e-01,4.229954530963673798e-01,4.762260748604994487e-01,-6.099028068363034072e-02,3.903063123611406060e-01,-2.867200014466340652e-01,6.682373071449588808e-01,-3.895921869065783749e-01,-8.313039483755408909e-01,-5.205353511756757312e-01,5.976041077360958464e-01,4.127361149148187636e-01
0.000000000000000000e+00,0.000000000000000000e+00,0.000000000000000000e+00,0.000000000000000000e+00,0.000000000000000000e+00,0.000000000000000000e+00,0.000000000000000000e+00,0.000000000000000000e+00,0.000000000000000000e+00,0.000000000000000000e+00,0.000000000000000000e+00,0.000000000000000000e+00,0.000000000000000000e+00,0.000000000000000000e+00,0.000000000000000000e+00,0.000000000000000000e+00,0.000000000000000000e+00,0.000000000000000000e+00,0.000000000000000000e+00,0.000000000000000000e+00,0.000000000000000000e+00,0.000000000000000000e+00,0.000000000000000000e+00,0.000000000000000000e+00,0.000000000000000000e+00,0.000000000000000000e+00,0.000000000000000000e+00,0.000000000000000000e+00,0.000000000000000000e+00,0.000000000000000000e+00,0.000000000000000000e+00,0.000000000000000000e+00,0.000000000000000000e+00,0.000000000000000000e+00,0.000000000000000000e+00,0.000000000000000000e+00,0.000000000000000000e+00,0.000000000000000000e+00,0.000000000000000000e+00,0.000000000000000000e+00,0.000000000000000000e+00,0.000000000000000000e+00,1.000000000000000000e+00,4.702784113705780200e-01,-7.526128095930921802e-01,1.084805786596462068e-01,-4.733168932051181055e-01,-6.438389394382741937e-01,1.078385951925011355e-01,6.801548269320095708e-01,-1.764517583180703064e-01,-9.633978685702662692e-02,6.941173791642915036e-01,-2.490954568753891429e-01,-2.624986869421710445e-01,3.737044416557894211e-01,1.942631447567733094e-01,3.511561581952065692e-01,8.089685812309874158e-02,1.643383142317647871e-01,-7.734534114547959582e-01,-8.319249893663488438e-01,-1.804471042023901572e-01,1.703027084239667754e-01,-6.376745718503452620e-01,1.064359935858662093e-01,3.341796482164763327e-01,1.794788400426811925e-01,4.062595427752572208e-01,-4.767638804992928026e-01,3.833401079163813452e-01,-4.034317164317933746e-01,6.549662481651246093e-01,-1.296698424766295696e-03,-1.973844317112701252e-01,-1.115497155247451161e-01,-1.487201143342959386e-01,-7.625903062854491044e-01,4.463998096534167459e-01,-1.498393838180482052e-01,2.352196443744695442e-01,8.934641792745590116e-02,-4.877473217917924764e-01,2.447319739852783504e-01,-1.531668071896287453e-01,-3.350251601119917377e-01,-5.542616359663654624e-01,-1.542298333093103935e-01,3.754495023674315757e-01,1.899565627981640858e-01,5.495741218726460930e-01,-4.233721084526522738e-01,2.233557211340430892e-01,-1.671124157744855732e-01,2.775505235713878957e-02,8.440705396998958443e-02,-6.085891086959366314e-01,-1.492849648336534440e-01,-2.424586868205818313e-01,2.425694061427844661e-01
0.000000000000000000e+00,0.000000000000000000e+00,0.000000000000000000e+00,0.000000000000000000e+00,0.000000000000000000e+00,0.000000000000000000e+00,0.000000000000000000e+00,0.000000000000000000e+00,0.000000000000000000e+00,0.000000000000000000e+00,0.000000000000000000e+00,0.000000000000000000e+00,0.000000000000000000e+00,0.000000000000000000e+00,0.000000000000000000e+00,0.000000000000000000e+00,0.000000000000000000e+00,0.000000000000000000e+00,0.000000000000000000e+00,0.000000000000000000e+00,0.000000000000000000e+00,0.000000000000000000e+00,0.000000000000000000e+00,0.000000000000000000e+00,0.000000000000000000e+00,0.000000000000000000e+00,0.000000000000000000e+00,0.000000000000000000e+00,0.000000000000000000e+00,0.000000000000000000e+00,0.000000000000000000e+00,0.000000000000000000e+00,0.000000000000000000e+00,0.000000000000000000e+00,0.000000000000000000e+00,0.000000000000000000e+00,0.000000000000000000e+00,0.000000000000000000e+00,0.000000000000000000e+00,0.000000000000000000e+00,0.000000000000000000e+00,0.000000000000000000e+00,0.000000000000000000e+00,1.000000000000000000e+00,-1.000000000000000000e+00,3.251910552035989221e-01,-9.218541795973441699e-01,-7.380446821732185025e-01,6.442923160462766807e-01,-5.395706911995782340e-01,-5.140856610242846569e-01,-4.026064257449180617e-01,4.879038630905051521e-01,-6.884508748127879940e-01,-9.109657612591613995e-01,1.000000000000000000e+00,-1.964106293467921260e-01,-6.523383268930177392e-02,7.494536617765139574e-01,1.000000000000000000e+00,-9.968719779240836631e-01,-1.000000000000000000e+00,-6.128941798624433224e-01,5.297559205216232359e-01,-1.928949184196331323e-01,4.822355901391054966e-01,7.674618736087341908e-01,1.000000000000000000e+00,-3.896070049548691072e-01,-3.496525302541186875e-01,1.000000000000000000e+00,-8.872487038278181748e-01,1.000000000000000000e+00,-3.818895988086408733e-01,-7.628271508540753754e-01,3.292956994832268447e-01,-7.316734672515239069e-02,-9.368177473458991766e-01,1.000000000000000000e+00,-4.722217353576039361e-02,6.635597814541790429e-01,4.040827204271137951e-01,-5.170090096571403615e-01,7.561674867242565989e-01,-6.338963696503298051e-01,1.580761975322539925e-01,-1.000000000000000000e+00,-5.495342148742436983e-01,7.088581593202804010e-01,5.579540397896449733e-01,1.000000000000000000e+00,-8.993827981511129943e-01,6.835844149345908782e-01,-4.789470000213235101e-01,7.390051041302945212e-01,-3.143229072679021852e-01,-1.000000000000000000e+00,-7.584327704945451609e-01,3.329996692828479654e-01,6.121878153513088394e-01
0.000000000000000000e+00,0.000000000000000000e+00,0.000000000000000000e+00,0.000000000000000000e+00,0.000000000000000000e+00,0.000000000000000000e+00,0.000000000000000000e+00,0.000000000000000000e+00,0.000000000000000000e+00,0.000000000000000000e+00,0.000000000000000000e+00,0.000000000000000000e+00,0.000000000000000000e+00,0.000000000000000000e+00,0.000000000000000000e+00,0.000000000000000000e+00,0.000000000000000000e+00,0.000000000000000000e+00,0.000000000000000000e+00,0.000000000000000000e+00,0.000000000000000000e+00,0.000000000000000000e+00,0.000000000000000000e+00,0.000000000000000000e+00,0.000000000000000000e+00,0.000000000000000000e+00,0.000000000000000000e+00,0.000000000000000000e+00,0.000000000000000000e+00,0.000000000000000000e+00,0.000000000000000000e+00,0.000000000000000000e+00,0.000000000000000000e+00,0.000000000000000000e+00,0.000000000000000000e+00,0.000000000000000000e+00,0.000000000000000000e+00,0.000000000000000000e+00,0.000000000000000000e+00,0.000000000000000000e+00,0.000000000000000000e+00,0.000000000000000000e+00,0.000000000000000000e+00,0.000000000000000000e+00,1.000000000000000000e+00,-2.063670517436696494e-01,7.236037639767516350e-01,7.829449448396204048e-01,-3.498739700116524354e-01,-5.417647465994652745e-01,2.977027165327172376e-01,2.335077470737680627e-01,-8.200611366518166800e-01,4.188512763185856524e-01,6.283955036157606866e-01,-7.144316089976210371e-01,-8.218751364826420991e-02,-3.217668208351642245e-01,-2.343130534215512595e-01,-4.607750175150689409e-01,9.401442467733557296e-01,9.913109280966218018e-01,4.541426096853425354e-01,-3.315475661963353526e-01,2.523115691341683009e-01,-3.062141282879945470e-01,-5.182808758559874773e-01,-4.310196062971178854e-01,-6.099446843523832068e-02,4.522357850446561689e-01,-8.242526746415194117e-01,5.725721027314321088e-01,-8.544157551697584285e-01,2.212085301354792810e-01,4.186948314793745851e-01,-2.027641696819212913e-02,1.513445651364766775e-01,9.360622474287935146e-01,-7.532215672280311303e-01,4.461741603968459313e-01,-2.986444234702066436e-01,-2.344397382318456069e-01,4.964987755844103012e-01,-4.056739543023402117e-01,3.655784920195256360e-01,3.082178371595730715e-01,7.485467748399118326e-01,2.959155539938775337e-01,-5.917466387435558195e-01,-3.521563501487306458e-01,-8.685779664257650134e-01,5.835947726841210770e-01,-4.181409434779511658e-01,2.949216433325937969e-01,-3.074239169011693806e-01,1.439819192968201378e-01,6.574193350357878662e-01,3.346271687475712020e-01,2.754422631899337004e-01,-4.276898613206227551e-01
0.000000000000000000e+00,0.000000000000000000e+00,0.000000000000000000e+00,0.000000000000000000e+00,0.000000000000000000e+00,0.000000000000000000e+00,0.000000000000000000e+00,0.000000000000000000e+00,0.000000000000000000e+00,0.000000000000000000e+00,0.000000000000000000e+00,0.000000000000000000e+00,0.000000000000000000e+00,0.000000000000000000e+00,0.000000000000000000e+00,0.000000000000000000e+00,0.000000000000000000e+00,0.000000000000000000e+00,0.000000000000000000e+00,0.000000000000000000e+00,0.000000000000000000e+00,0.000000000000000000e+00,0.000000000000000000e+00,0.000000000000000000e+00,0.000000000000000000e+00,0.000000000000000000e+00,0.000000000000000000e+00,0.000000000000000000e+00,0.000000000000000000e+00,0.000000000000000000e+00,0.000000000000000000e+00,0.000000000000000000e+00,0.000000000000000000e+00,0.000000000000000000e+00,0.000000000000000000e+00,0.000000000000000000e+00,0.000000000000000000e+00,0.000000000000000000e+00,0.000000000000000000e+00,0.000000000000000000e+00,0.000000000000000000e+00,0.000000000000000000e+00,0.000000000000000000e+00,0.000000000000000000e+00,0.000000000000000000e+00,1.000000000000000000e+00,-1.000000000000000000e+00,-1.000000000000000000e+00,1.000000000000000000e+00,-1.000000000000000000e+00,-1.000000000000000000e+00,-1.000000000000000000e+00,3.580553275959162951e-01,-1.000000000000000000e+00,-1.000000000000000000e+00,1.000000000000000000e+00,-1.000000000000000000e+00,-1.472526739141541696e-01,1.000000000000000000e+00,1.000000000000000000e+00,-1.000000000000000000e+00,-1.000000000000000000e+00,-1.000000000000000000e+00,1.000000000000000000e+00,1.000000000000000000e+00,1.000000000000000000e+00,1.000000000000000000e+00,1.000000000000000000e+00,-1.000000000000000000e+00,3.383631738570887504e-01,1.000000000000000000e+00,-1.000000000000000000e+00,1.000000000000000000e+00,-1.000000000000000000e+00,-1.000000000000000000e+00,1.000000000000000000e+00,3.329172222692462491e-01,-1.000000000000000000e+00,1.000000000000000000e+00,-9.673108661715025258e-01,1.000000000000000000e+00,1.000000000000000000e+00,-6.165876366660991703e-01,1.000000000000000000e+00,-1.000000000000000000e+00,6.325289597067867975e-01,-1.000000000000000000e+00,-1.000000000000000000e+00,1.000000000000000000e+00,1.000000000000000000e+00,1.000000000000000000e+00,-1.000000000000000000e+00,1.000000000000000000e+00,-1.000000000000000000e+00,1.000000000000000000e+00,-1.000000000000000000e+00,-1.000000000000000000e+00,-1.000000000000000000e+00,8.819327290513460094e-01,1.000000000000000000e+00
0.000000000000000000e+00,0.000000000000000000e+00,0.000000000000000000e+00,0.000000000000000000e+00,0.000000000000000000e+00,0.000000000000000000e+00,0.000000000000000000e+00,0.000000000000000000e+00,0.000000000000000000e+00,0.000000000000000000e+00,0.000000000000000000e+00,0.000000000000000000e+00,0.000000000000000000e+00,0.000000000000000000e+00,0.000000000000000000e+00,0.000000000000000000e+00,0.000000000000000000e+00,0.000000000000000000e+00,0.000000000000000000e+00,0.000000000000000000e+00,0.000000000000000000e+00,0.000000000000000000e+00,0.000000000000000000e+00,0.000000000000000000e+00,0.000000000000000000e+00,0.000000000000000000e+00,0.000000000000000000e+00,0.000000000000000000e+00,0.000000000000000000e+00,0.000000000000000000e+00,0.000000000000000000e+00,0.000000000000000000e+00,0.000000000000000000e+00,0.000000000000000000e+00,0.000000000000000000e+00,0.000000000000000000e+00,0.000000000000000000e+00,0.000000000000000000e+00,0.000000000000000000e+00,0.000000000000000000e+00,0.000000000000000000e+00,0.000000000000000000e+00,0.000000000000000000e+00,0.000000000000000000e+00,0.000000000000000000e+00,0.000000000000000000e+00,1.000000000000000000e+00,5.749347568208369452e-01,-5.827970767394837770e-01,1.160669949034846826e-01,2.476535925701024710e-01,2.796112076657776835e-01,-6.988501595994681681e-01,5.188445834100826604e-01,4.075115611637518676e-01,-1.000000000000000000e+00,1.253101695619024125e-01,5.028836280296388184e-01,-3.398718560303338188e-01,-7.120965692819862802e-01,7.627059709147112621e-01,4.316809610794413166e-01,7.091463053003200789e-01,-4.509233284700147060e-01,2.040352307668280574e-01,-4.626913579840728485e-01,-4.231873554744109422e-01,-8.120632889663010889e-01,4.667372415977455447e-01,3.438954155862519180e-01,-1.000000000000000000e+00,8.662856635118557636e-01,-5.794706405550605899e-01,5.928048302593666996e-01,5.202841824637978174e-01,-3.003982221448808221e-01,-2.499212746898654414e-01,7.210718592251093018e-01,-9.919348920691168914e-01,5.992812946396337548e-01,-2.038641046492666586e-01,-4.174517861358376103e-01,-2.225171803888742472e-01,-1.317674651433305422e-01,1.647606364158387127e-01,-1.128689114566583385e-01,9.514298300107186801e-01,3.179903935939746851e-01,-6.465286479784309037e-01,-3.919705468334020448e-01,-1.000000000000000000e+00,1.000000000000000000e+00,-5.415172755689650064e-01,3.491023962189566121e-01,-5.545314823499396528e-01,3.160496397763027376e-01,3.597583880290393665e-01,4.995852025516763772e-01,5.685978921764194283e-01,-4.517939474478085971e-01
0.000000000000000000e+00,0.000000000000000000e+00,0.000000000000000000e+00,0.000000000000000000e+00,0.000000000000000000e+00,0.000000000000000000e+00,0.000000000000000000e+00,0.000000000000000000e+00,0.000000000000000000e+00,0.000000000000000000e+00,0.000000000000000000e+00,0.000000000000000000e+00,0.000000000000000000e+00,0.000000000000000000e+00,0.000000000000000000e+00,0.000000000000000000e+00,0.000000000000000000e+00,0.000000000000000000e+00,0.000000000000000000e+00,0.000000000000000000e+00,0.000000000000000000e+00,0.000000000000000000e+00,0.000000000000000000e+00,0.000000000000000000e+00,0.000000000000000000e+00,0.000000000000000000e+00,0.000000000000000000e+00,0.000000000000000000e+00,0.000000000000000000e+00,0.000000000000000000e+00,0.000000000000000000e+00,0.000000000000000000e+00,0.000000000000000000e+00,0.000000000000000000e+00,0.000000000000000000e+00,0.000000000000000000e+00,0.000000000000000000e+00,0.000000000000000000e+00,0.000000000000000000e+00,0.000000000000000000e+00,0.000000000000000000e+00,0.000000000000000000e+00,0.000000000000000000e+00,0.000000000000000000e+00,0.000000000000000000e+00,0.000000000000000000e+00,0.000000000000000000e+00,1.000000000000000000e+00,-1.689165026348159460e-01,-1.000000000000000000e+00,1.443475853121738983e-01,1.124833903628196380e-01,-6.823454891578689674e-01,2.611289786963003068e-01,3.914600962055478361e-01,-5.457468052649740997e-01,-2.806010627423232151e-01,-4.137353115146565341e-01,-1.002704416348727673e-01,-1.281512715231651889e-01,8.455946997284666811e-01,9.456937661055438982e-01,3.091689799117261148e-02,-2.231243482037410519e-01,3.456788487086477346e-01,-2.207758801385435177e-01,-3.794052707170035288e-01,3.961736106803333962e-02,-5.519231377198897670e-01,5.349024579021407488e-01,-6.181068665862300415e-01,3.823900791892808626e-01,-8.618785021469034247e-01,-2.201695471188114261e-01,2.398842422870295366e-01,1.905417946104282223e-01,4.451383942618182266e-01,1.000000000000000000e+00,-7.828371993736195078e-01,4.448910021932912517e-01,-2.868960296931055143e-01,-5.525163898113849559e-02,5.533290885568470374e-01,-2.456970632807626842e-01,1.414997822603112632e-01,3.315926800544380382e-01,1.158184826025226849e-01,1.596783459715775677e-01,-4.942174301746582454e-01,-2.556248157051566050e-01,-6.327108472851156185e-01,3.512511086145532202e-01,-1.823618621596984346e-01,1.396191768987863346e-01,-1.017734679571880574e-01,-7.361568477323732207e-02,5.001169571439405548e-01,1.612883094315358257e-01,5.736252852081703546e-01,-2.969341318418519116e-01
0.000000000000000000e+00,0.000000000000000000e+00,0.000000000000000000e+00,0.000000000000000000e+00,0.000000000000000000e+00,0.000000000000000000e+00,0.000000000000000000e+00,0.000000000000000000e+00,0.000000000000000000e+00,0.000000000000000000e+00,0.000000000000000000e+00,0.000000000000000000e+00,0.000000000000000000e+00,0.000000000000000000e+00,0.000000000000000000e+00,0.000000000000000000e+00,0.000000000000000000e+00,0.000000000000000000e+00,0.000000000000000000e+00,0.000000000000000000e+00,0.000000000000000000e+00,0.000000000000000000e+00,0.000000000000000000e+00,0.000000000000000000e+00,0.000000000000000000e+00,0.000000000000000000e+00,0.000000000000000000e+00,0.000000000000000000e+00,0.000000000000000000e+00,0.000000000000000000e+00,0.000000000000000000e+00,0.000000000000000000e+00,0.000000000000000000e+00,0.000000000000000000e+00,0.000000000000000000e+00,0.000000000000000000e+00,0.000000000000000000e+00,0.000000000000000000e+00,0.000000000000000000e+00,0.000000000000000000e+00,0.000000000000000000e+00,0.000000000000000000e+00,0.000000000000000000e+00,0.000000000000000000e+00,0.000000000000000000e+00,0.000000000000000000e+00,0.000000000000000000e+00,0.000000000000000000e+00,1.000000000000000000e+00,-1.000000000000000000e+00,-4.556193536060462734e-01,-5.366945763703102612e-01,-6.912704671332280115e-02,-7.154477618722508980e-01,-1.000000000000000000e+00,1.000000000000000000e+00,-6.150155753765168543e-01,-7.072818039596400208e-01,9.289567098142397228e-01,1.000000000000000000e+00,-4.294154561277565008e-01,-4.536044650626542829e-01,-1.000000000000000000e+00,6.376108906893889205e-01,1.000000000000000000e+00,7.639469007639320131e-01,6.779463540627587159e-01,1.000000000000000000e+00,-1.000000000000000000e+00,2.194552969672167175e-01,1.000000000000000000e+00,-9.062013644934775458e-01,6.541647529966917451e-01,-8.514679954356008107e-01,-9.018971478811798059e-01,7.137256852767205340e-01,2.338515608174116522e-01,-4.393433702019305942e-01,1.000000000000000000e+00,-4.938516415612169697e-01,4.308211878218528579e-01,6.123398994227495784e-01,3.010641530439191471e-01,5.990173469683487406e-01,-7.063047231883683441e-01,6.216664673890140991e-01,-9.131242997129871419e-01,-6.001305957285835158e-01,7.234674867734192105e-01,6.697459810710100214e-01,1.000000000000000000e+00,-9.465290680285556313e-01,8.249625475531505714e-01,-5.206976956610255280e-01,1.000000000000000000e+00,-8.237431260397745092e-01,-5.966472779069943444e-01,-8.938705476826758201e-01,5.296875628429558586e-02,6.607053985785963368e-01
0.000000000000000000e+00,0.000000000000000000e+00,0.000000000000000000e+00,0.000000000000000000e+00,0.000000000000000000e+00,0.000000000000000000e+00,0.000000000000000000e+00,0.000000000000000000e+00,0.000000000000000000e+00,0.000000000000000000e+00,0.000000000000000000e+00,0.000000000000000000e+00,0.000000000000000000e+00,0.000000000000000000e+00,0.000000000000000000e+00,0.000000000000000000e+00,0.000000000000000000e+00,0.000000000000000000e+00,0.000000000000000000e+00,0.000000000000000000e+00,0.000000000000000000e+00,0.000000000000000000e+00,0.000000000000000000e+00,0.000000000000000000e+00,0.000000000000000000e+00,0.000000000000000000e+00,0.000000000000000000e+00,0.000000000000000000e+00,0.000000000000000000e+00,0.000000000000000000e+00,0.000000000000000000e+00,0.000000000000000000e+00,0.000000000000000000e+00,0.000000000000000000e+00,0.000000000000000000e+00,0.000000000000000000e+00,0.000000000000000000e+00,0.000000000000000000e+00,0.000000000000000000e+00,0.000000000000000000e+00,0.000000000000000000e+00,0.000000000000000000e+00,0.000000000000000000e+00,0.000000000000000000e+00,0.000000000000000000e+00,0.000000000000000000e+00,0.000000000000000000e+00,0.000000000000000000e+00,0.000000000000000000e+00,1.000000000000000000e+00,8.214651459105651310e-02,9.124442264761044308e-02,3.245992423353261658e-01,9.444804335543430240e-02,1.687422521172206036e-01,-2.080530789719899354e-01,2.129434958545400047e-01,2.181563013457541444e-01,-2.229824562551425970e-01,-3.475579879335233824e-01,-1.123795194611374171e-01,-3.853079196820177049e-02,1.320102946720890791e-01,-6.555520202993797563e-02,-4.230226858942324752e-01,-9.103497590800509187e-02,-7.451556108396026334e-02,-2.821125354999646784e-01,3.336073595214879006e-01,-1.763936750669521658e-01,-7.930905170190297171e-02,9.905665116278904170e-02,5.052902217112768823e-02,1.785577386620107732e-01,1.552880599202301204e-01,-1.982342477690370586e-01,-1.074944409305711585e-01,-1.788389344894190380e-01,-1.702076116401147199e-01,-1.720461011758831760e-01,-9.942855257813040804e-02,-9.108527947598460406e-02,-1.363512930030778003e-01,-1.727732120726502563e-01,1.265529538699540490e-01,-2.848603818878348570e-01,1.583286065177250956e-01,1.172701949045793640e-01,4.751034372109551839e-03,-7.991500749145161175e-02,-8.171067089964815719e-03,4.157912768172528084e-02,-8.535186308125686239e-02,7.394905536970092230e-02,-2.413190661356769684e-01,1.654130985376847107e-01,9.277671175883876742e-02,1.852420318037381886e-01,-3.568036051473122416e-01,-6.430236283375689865e-02
0.000000000000000000e+00,0.000000000000000000e+00,0.000000000000000000e+00,0.000000000000000000e+00,0.000000000000000000e+00,0.000000000000000000e+00,0.000000000000000000e+00,0.000000000000000000e+00,0.000000000000000000e+00,0.000000000000000000e+00,0.000000000000000000e+00,0.000000000000000000e+00,0.000000000000000000e+00,0.000000000000000000e+00,0.000000000000000000e+00,0.000000000000000000e+00,0.000000000000000000e+00,0.000000000000000000e+00,0.000000000000000000e+00,0.000000000000000000e+00,0.000000000000000000e+00,0.000000000000000000e+00,0.000000000000000000e+00,0.000000000000000000e+00,0.000000000000000000e+00,0.000000000000000000e+00,0.000000000000000000e+00,0.000000000000000000e+00,0.000000000000000000e+00,0.000000000000000000e+00,0.000000000000000000e+00,0.000000000000000000e+00,0.000000000000000000e+00,0.000000000000000000e+00,0.000000000000000000e+00,0.000000000000000000e+00,0.000000000000000000e+00,0.000000000000000000e+00,0.000000000000000000e+00,0.000000000000000000e+00,0.000000000000000000e+00,0.000000000000000000e+00,0.000000000000000000e+00,0.000000000000000000e+00,0.000000000000000000e+00,0.000000000000000000e+00,0.000000000000000000e+00,0.000000000000000000e+00,0.000000000000000000e+00,0.000000000000000000e+00,1.000000000000000000e+00,6.989589928340075309e-01,-3.978825124439807626e-01,9.461926584017599229e-01,1.000000000000000000e+00,-8.848193145050816666e-01,6.330626536617732780e-01,-6.500316132451278150e-01,-1.000000000000000000e+00,-1.000000000000000000e+00,1.000000000000000000e+00,1.000000000000000000e+00,1.000000000000000000e+00,-6.857022497343868705e-01,-7.533173760304184841e-01,-6.464287294900571412e-01,-1.000000000000000000e+00,-1.000000000000000000e+00,1.000000000000000000e+00,-1.380108095573755189e-01,-1.000000000000000000e+00,7.348098172728031452e-01,-1.000000000000000000e+00,9.297418345679178131e-01,1.000000000000000000e+00,-6.275738001424877588e-01,2.429969267893415663e-02,7.685383828172697163e-01,-9.998759035860942390e-01,-3.402068805784463218e-02,-1.000000000000000000e+00,-6.145232544908896255e-01,1.000000000000000000e+00,-1.000000000000000000e+00,1.000000000000000000e+00,2.555325548768457977e-03,1.000000000000000000e+00,9.055094544674927581e-01,-8.859716835681199498e-01,-8.416939103059583038e-01,-1.000000000000000000e+00,7.093640046307176927e-01,-1.000000000000000000e+00,7.701663318196771968e-01,-1.000000000000000000e+00,9.245586055819164928e-01,1.000000000000000000e+00,1.000000000000000000e+00,-1.000000000000000000e+00,-9.559812908288323197e-01
0.000000000000000000e+00,0.000000000000000000e+00,0.000000000000000000e+00,0.000000000000000000e+00,0.000000000000000000e+00,0.000000000000000000e+00,0.000000000000000000e+00,0.000000000000000000e+00,0.000000000000000000e+00,0.000000000000000000e+00,0.000000000000000000e+00,0.000000000000000000e+00,0.000000000000000000e+00,0.000000000000000000e+00,0.000000000000000000e+00,0.000000000000000000e+00,0.000000000000000000e+00,0.000000000000000000e+00,0.000000000000000000e+00,0.000000000000000000e+00,0.000000000000000000e+00,0.000000000000000000e+00,0.000000000000000000e+00,0.000000000000000000e+00,0.000000000000000000e+00,0.000000000000000000e+00,0.000000000000000000e+00,0.000000000000000000e+00,0.000000000000000000e+00,0.000000000000000000e+00,0.000000000000000000e+00,0.000000000000000000e+00,0.000000000000000000e+00,0.000000000000000000e+00,0.000000000000000000e+00,0.000000000000000000e+00,0.000000000000000000e+00,0.000000000000000000e+00,0.000000000000000000e+00,0.000000000000000000e+00,0.000000000000000000e+00,0.000000000000000000e+00,0.000000000000000000e+00,0.000000000000000000e+00,0.000000000000000000e+00,0.000000000000000000e+00,0.000000000000000000e+00,0.000000000000000000e+00,0.000000000000000000e+00,0.000000000000000000e+00,0.000000000000000000e+00,1.000000000000000000e+00,3.878028082387797171e-01,1.000000000000000000e+00,1.000000000000000000e+00,-1.000000000000000000e+00,1.000000000000000000e+00,-1.733154597105929229e-02,-1.000000000000000000e+00,-1.000000000000000000e+00,8.686784048154168048e-01,1.000000000000000000e+00,1.000000000000000000e+00,-9.433748687414664769e-01,-1.000000000000000000e+00,-1.000000000000000000e+00,-1.000000000000000000e+00,-1.000000000000000000e+00,1.000000000000000000e+00,-6.259192555926322843e-01,-1.000000000000000000e+00,1.000000000000000000e+00,-1.000000000000000000e+00,1.000000000000000000e+00,1.000000000000000000e+00,-1.000000000000000000e+00,-6.638614191993337521e-02,8.480483193031141953e-01,-1.000000000000000000e+00,5.043282189955773376e-01,-1.000000000000000000e+00,-9.154293162801293571e-01,4.486055596080659735e-01,-1.000000000000000000e+00,1.000000000000000000e+00,-6.044637818935666429e-01,1.000000000000000000e+00,1.000000000000000000e+00,-1.000000000000000000e+00,-1.000000000000000000e+00,-1.000000000000000000e+00,1.000000000000000000e+00,-1.000000000000000000e+00,9.178674050141095719e-01,-1.000000000000000000e+00,1.000000000000000000e+00,1.000000000000000000e+00,1.000000000000000000e+00,-9.152954174047808200e-01,-1.000000000000000000e+00
0.000000000000000000e+00,0.000000000000000000e+00,0.000000000000000000e+00,0.000000000000000000e+00,0.000000000000000000e+00,0.000000000000000000e+00,0.000000000000000000e+00,0.000000000000000000e+00,0.000000000000000000e+00,0.000000000000000000e+00,0.000000000000000000e+00,0.000000000000000000e+00,0.000000000000000000e+00,0.000000000000000000e+00,0.000000000000000000e+00,0.000000000000000000e+00,0.000000000000000000e+00,0.000000000000000000e+00,0.000000000000000000e+00,0.000000000000000000e+00,0.000000000000000000e+00,0.000000000000000000e+00,0.000000000000000000e+00,0.000000000000000000e+00,0.000000000000000000e+00,0.000000000000000000e+00,0.000000000000000000e+00,0.000000000000000000e+00,0.000000000000000000e+00,0.000000000000000000e+00,0.000000000000000000e+00,0.000000000000000000e+00,0.000000000000000000e+00,0.000000000000000000e+00,0.000000000000000000e+00,0.000000000000000000e+00,0.000000000000000000e+00,0.000000000000000000e+00,0.000000000000000000e+00,0.000000000000000000e+00,0.000000000000000000e+00,0.000000000000000000e+00,0.000000000000000000e+00,0.000000000000000000e+00,0.000000000000000000e+00,0.000000000000000000e+00,0.000000000000000000e+00,0.000000000000000000e+00,0.000000000000000000e+00,0.000000000000000000e+00,0.000000000000000000e+00,0.000000000000000000e+00,1.000000000000000000e+00,-8.248957138667495359e-02,2.039788799319111057e-01,9.976958402630889400e-02,2.220079372676385943e-01,1.341256817616621744e-01,-3.008260089182381858e-01,-2.530484858939486825e-01,-4.627018696007475507e-01,-1.923560067243701432e-01,-1.501614071510607440e-01,6.416471896966127741e-02,-8.846171894797509871e-01,-3.069339126317768146e-02,3.511147066841177611e-02,-2.897453868459993753e-01,-4.681907377380389174e-02,-4.195370144280549662e-01,4.272569704392097378e-01,-1.164273336288293853e-01,7.326863166621516710e-02,-2.232361950801274031e-01,5.744697184672303489e-03,-1.163548961798173409e-01,1.177019077227312999e-01,-3.408396321718568101e-01,-1.345793935552062059e-01,-4.483219111881479035e-01,-1.240971945435289797e-01,6.101005639280774467e-02,-1.674886821562347194e-01,-1.644739921815987493e-01,7.621973575501055087e-02,-4.458386755382163225e-01,-4.914896590489954420e-01,5.408979481043067056e-02,2.109210487218209640e-01,-5.305524771545153118e-02,4.400086155272171506e-01,-3.132171138371776520e-01,9.041465119699923503e-02,-5.424441957863430919e-02,-2.554388403290532294e-01,1.026269932047628036e-01,1.761728560376830399e-01,5.621216458936856286e-02,-2.234049364381509306e-01,7.612739451273238533e-02
0.000000000000000000e+00,0.000000000000000000e+00,0.000000000000000000e+00,0.000000000000000000e+00,0.000000000000000000e+00,0.000000000000000000e+00,0.000000000000000000e+00,0.000000000000000000e+00,0.000000000000000000e+00,0.000000000000000000e+00,0.000000000000000000e+00,0.000000000000000000e+00,0.000000000000000000e+00,0.000000000000000000e+00,0.000000000000000000e+00,0.000000000000000000e+00,0.000000000000000000e+00,0.000000000000000000e+00,0.000000000000000000e+00,0.000000000000000000e+00,0.000000000000000000e+00,0.000000000000000000e+00,0.000000000000000000e+00,0.000000000000000000e+00,0.000000000000000000e+00,0.000000000000000000e+00,0.000000000000000000e+00,0.000000000000000000e+00,0.000000000000000000e+00,0.000000000000000000e+00,0.000000000000000000e+00,0.000000000000000000e+00,0.000000000000000000e+00,0.000000000000000000e+00,0.000000000000000000e+00,0.000000000000000000e+00,0.000000000000000000e+00,0.000000000000000000e+00,0.000000000000000000e+00,0.000000000000000000e+00,0.000000000000000000e+00,0.000000000000000000e+00,0.000000000000000000e+00,0.000000000000000000e+00,0.000000000000000000e+00,0.000000000000000000e+00,0.000000000000000000e+00,0.000000000000000000e+00,0.000000000000000000e+00,0.000000000000000000e+00,0.000000000000000000e+00,0.000000000000000000e+00,0.000000000000000000e+00,1.000000000000000000e+00,1.000000000000000000e+00,-1.000000000000000000e+00,5.264363207275043477e-01,4.732334918795113587e-01,-1.000000000000000000e+00,-1.000000000000000000e+00,1.000000000000000000e+00,1.000000000000000000e+00,1.000000000000000000e+00,-7.998431104846710493e-01,-3.093740051065614893e-01,-7.942213048075186244e-01,-1.000000000000000000e+00,-1.000000000000000000e+00,1.000000000000000000e+00,2.006372251559445374e-01,-1.000000000000000000e+00,1.000000000000000000e+00,-1.000000000000000000e+00,9.363821531887160932e-01,1.000000000000000000e+00,-7.137144374665729263e-01,-2.422140480649041805e-01,9.800901117788286543e-01,-1.000000000000000000e+00,2.768161360190709019e-01,-7.749677979486480073e-01,-7.189207189830336686e-01,2.179067727215943939e-01,-9.571268002948272180e-01,9.275918849227553498e-01,-4.515865773142031525e-01,1.000000000000000000e+00,7.973014104097535526e-01,-9.830554804025235516e-01,-8.075129789310512285e-01,-1.000000000000000000e+00,1.000000000000000000e+00,-1.000000000000000000e+00,7.170705078584544978e-01,-1.000000000000000000e+00,7.315492258630942324e-01,1.000000000000000000e+00,1.000000000000000000e+00,-4.463516623395626381e-01,-8.799447525750330179e-01
0.000000000000000000e+00,0.000000000000000000e+00,0.000000000000000000e+00,0.000000000000000000e+00,0.000000000000000000e+00,0.000000000000000000e+00,0.000000000000000000e+00,0.000000000000000000e+00,0.000000000000000000e+00,0.000000000000000000e+00,0.000000000000000000e+00,0.000000000000000000e+00,0.000000000000000000e+00,0.000000000000000000e+00,0.000000000000000000e+00,0.000000000000000000e+00,0.000000000000000000e+00,0.000000000000000000e+00,0.000000000000000000e+00,0.000000000000000000e+00,0.000000000000000000e+00,0.000000000000000000e+00,0.000000000000000000e+00,0.000000000000000000e+00,0.000000000000000000e+00,0.000000000000000000e+00,0.000000000000000000e+00,0.000000000000000000e+00,0.000000000000000000e+00,0.000000000000000000e+00,0.000000000000000000e+00,0.000000000000000000e+00,0.000000000000000000e+00,0.000000000000000000e+00,0.000000000000000000e+00,0.000000000000000000e+00,0.000000000000000000e+00,0.000000000000000000e+00,0.000000000000000000e+00,0.000000000000000000e+00,0.000000000000000000e+00,0.000000000000000000e+00,0.000000000000000000e+00,0.000000000000000000e+00,0.000000000000000000e+00,0.000000000000000000e+00,0.000000000000000000e+00,0.000000000000000000e+00,0.000000000000000000e+00,0.000000000000000000e+00,0.000000000000000000e+00,0.000000000000000000e+00,0.000000000000000000e+00,0.000000000000000000e+00,1.000000000000000000e+00,-2.550204645316896390e-01,2.643014160525667400e-01,-3.790857822383408848e-01,-4.567396703871084429e-01,-6.182910430521014744e-01,2.036379005001047182e-01,5.711205556485376977e-01,3.890332976119306729e-01,-1.943138733634579840e-01,-1.000000000000000000e+00,-2.973004639016225692e-01,-4.289092132291057458e-01,-6.642302372326319704e-01,3.103595246723703793e-01,-2.671528201831563365e-01,-1.476491827720742278e-01,1.314758261748077695e-01,-4.842449687118777768e-01,2.106437152063896368e-01,3.720789979322014496e-01,-1.834754021855036499e-01,1.772882800379220747e-01,2.249342275703044569e-01,-4.855438046594938717e-01,1.146088626277386724e-01,-2.797807190465642080e-01,-1.771008085011421818e-01,3.690763326057407423e-01,-6.247286911342018190e-01,6.615369229298447840e-01,-1.901045517159700646e-02,1.210609155363014805e-01,2.987160535334147937e-01,-2.933451444234535521e-01,-3.570849777103158873e-01,-1.386315018230675211e-01,9.323585407908152253e-03,-3.194474833082430187e-01,2.171671824532245554e-01,-5.910356687401988607e-01,4.334768519460200364e-01,5.651044407289846916e-01,3.341207029036674103e-01,-3.512353245373893151e-01,-3.201028930406714101e-01
0.000000000000000000e+00,0.000000000000000000e+00,0.000000000000000000e+00,0.000000000000000000e+00,0.000000000000000000e+00,0.000000000000000000e+00,0.000000000000000000e+00,0.000000000000000000e+00,0.000000000000000000e+00,0.000000000000000000e+00,0.000000000000000000e+00,0.000000000000000000e+00,0.000000000000000000e+00,0.000000000000000000e+00,0.000000000000000000e+00,0.000000000000000000e+00,0.000000000000000000e+00,0.000000000000000000e+00,0.000000000000000000e+00,0.000000000000000000e+00,0.000000000000000000e+00,0.000000000000000000e+00,0.000000000000000000e+00,0.000000000000000000e+00,0.000000000000000000e+00,0.000000000000000000e+00,0.000000000000000000e+00,0.000000000000000000e+00,0.000000000000000000e+00,0.000000000000000000e+00,0.000000000000000000e+00,0.000000000000000000e+00,0.000000000000000000e+00,0.000000000000000000e+00,0.000000000000000000e+00,0.000000000000000000e+00,0.000000000000000000e+00,0.000000000000000000e+00,0.000000000000000000e+00,0.000000000000000000e+00,0.000000000000000000e+00,0.000000000000000000e+00,0.000000000000000000e+00,0.000000000000000000e+00,0.000000000000000000e+00,0.000000000000000000e+00,0.000000000000000000e+00,0.000000000000000000e+00,0.000000000000000000e+00,0.000000000000000000e+00,0.000000000000000000e+00,0.000000000000000000e+00,0.000000000000000000e+00,0.000000000000000000e+00,0.000000000000000000e+00,1.000000000000000000e+00,-1.708126076143601790e-01,-6.159742125610240260e-01,3.545920619710912769e-01,6.113024297954313679e-01,-3.362949547501098424e-01,-1.119797384801171219e-01,-3.724873914356602311e-01,3.157039943341118371e-01,1.076376287667026171e-01,3.467884570263765065e-01,2.246907564452121919e-01,5.611517809722367245e-01,-3.176887656623055833e-01,-1.416825704066242420e-01,7.977970270246477202e-01,-5.801226708815783173e-01,3.291667849826234726e-01,-3.088953228770793813e-01,-3.872469510157297568e-01,2.886445152532758907e-01,9.362473211690668096e-02,-3.439549026431723555e-01,8.199447350470085993e-01,-2.331728282000084251e-01,1.554464886967555359e-01,2.698909065693628762e-01,3.385111411527654823e-01,7.347512282529118643e-02,1.029296484219987401e-02,3.767779013728559945e-01,-4.671679838423810627e-01,-2.311059516766399147e-01,3.531839679228304663e-01,2.649343160692296251e-01,6.996619209769093795e-01,-6.040078498873844293e-01,3.281537108331901154e-01,-2.115754641112805312e-01,4.685800656468312453e-01,-1.931324805393247468e-01,-1.781980104981581992e-01,-3.790936252374689230e-01,-3.688088341735041853e-01,2.681478454415103796e-01
0.000000000000000000e+00,0.000000000000000000e+00,0.000000000000000000e+00,0.000000000000000000e+00,0.000000000000000000e+00,0.000000000000000000e+00,0.000000000000000000e+00,0.000000000000000000e+00,0.000000000000000000e+00,0.000000000000000000e+00,0.000000000000000000e+00,0.000000000000000000e+00,0.000000000000000000e+00,0.000000000000000000e+00,0.000000000000000000e+00,0.000000000000000000e+00,0.000000000000000000e+00,0.000000000000000000e+00,0.000000000000000000e+00,0.000000000000000000e+00,0.000000000000000000e+00,0.000000000000000000e+00,0.000000000000000000e+00,0.000000000000000000e+00,0.000000000000000000e+00,0.000000000000000000e+00,0.000000000000000000e+00,0.000000000000000000e+00,0.000000000000000000e+00,0.000000000000000000e+00,0.000000000000000000e+00,0.000000000000000000e+00,0.000000000000000000e+00,0.000000000000000000e+00,0.000000000000000000e+00,0.000000000000000000e+00,0.000000000000000000e+00,0.000000000000000000e+00,0.000000000000000000e+00,0.000000000000000000e+00,0.000000000000000000e+00,0.000000000000000000e+00,0.000000000000000000e+00,0.000000000000000000e+00,0.000000000000000000e+00,0.000000000000000000e+00,0.000000000000000000e+00,0.000000000000000000e+00,0.000000000000000000e+00,0.000000000000000000e+00,0.000000000000000000e+00,0.000000000000000000e+00,0.000000000000000000e+00,0.000000000000000000e+00,0.000000000000000000e+00,0.000000000000000000e+00,1.000000000000000000e+00,6.619312608477605497e-01,-1.000000000000000000e+00,-1.000000000000000000e+00,-4.251704774210570137e-01,-9.518820781280111498e-02,9.523136686026417719e-01,-3.877850715789986635e-01,-1.000000000000000000e+00,-5.818984960686947039e-01,-4.823078699226719390e-01,-1.000000000000000000e+00,1.000000000000000000e+00,-1.000000000000000000e+00,-2.234219352882690079e-01,3.679528328655623515e-01,3.119841985679026181e-03,9.638317383931368498e-01,7.260375269806230714e-01,-8.689645098480728302e-01,-4.667680918278819258e-01,-5.416082075892316716e-01,-6.463657890354573832e-01,-1.378850418307364933e-01,-3.739401844442071243e-01,-5.259364108805341109e-01,-4.319142307060108710e-01,-7.861790397185852708e-01,9.942420153439920361e-01,-9.046218339138913933e-01,4.955122308689626220e-01,5.358029786432918495e-01,-2.555525248617541711e-01,-5.509395566337597083e-01,-1.919289221922292621e-01,3.778804278557346130e-01,-6.586550917346282175e-01,4.122121590541271696e-01,-1.000000000000000000e+00,1.000000000000000000e+00,5.837886137446239854e-01,8.439144573711889752e-01,-1.000000000000000000e+00,-4.490366732581180242e-01
0.000000000000000000e+00,0.000000000000000000e+00,0.000000000000000000e+00,0.000000000000000000e+00,0.000000000000000000e+00,0.000000000000000000e+00,0.000000000000000000e+00,0.000000000000000000e+00,0.000000000000000000e+00,0.000000000000000000e+00,0.000000000000000000e+00,0.000000000000000000e+00,0.000000000000000000e+00,0.000000000000000000e+00,0.000000000000000000e+00,0.000000000000000000e+00,0.000000000000000000e+00,0.000000000000000000e+00,0.000000000000000000e+00,0.000000000000000000e+00,0.000000000000000000e+00,0.000000000000000000e+00,0.000000000000000000e+00,0.000000000000000000e+00,0.000000000000000000e+00,0.000000000000000000e+00,0.000000000000000000e+00,0.000000000000000000e+00,0.000000000000000000e+00,0.000000000000000000e+00,0.000000000000000000e+00,0.000000000000000000e+00,0.000000000000000000e+00,0.000000000000000000e+00,0.000000000000000000e+00,0.000000000000000000e+00,0.000000000000000000e+00,0.000000000000000000e+00,0.000000000000000000e+00,0.000000000000000000e+00,0.000000000000000000e+00,0.000000000000000000e+00,0.000000000000000000e+00,0.000000000000000000e+00,0.000000000000000000e+00,0.000000000000000000e+00,0.000000000000000000e+00,0.000000000000000000e+00,0.000000000000000000e+00,0.000000000000000000e+00,0.000000000000000000e+00,0.000000000000000000e+00,0.000000000000000000e+00,0.000000000000000000e+00,0.000000000000000000e+00,0.000000000000000000e+00,0.000000000000000000e+00,1.000000000000000000e+00,-1.218488887163524798e-01,-2.455477257276112713e-01,-1.868510926884180690e-01,-5.803245289693317321e-01,4.005381172149396346e-02,-1.125456873776194966e-01,3.956038050612344370e-01,-9.822959030919421741e-02,1.704954466088544340e-01,-2.638355332100915662e-01,3.267788802929895153e-01,2.900149144605881218e-02,-4.623107199716987026e-01,2.732261242572585624e-01,2.506448102807509737e-01,1.572450380711882811e-01,8.309073736312359848e-02,-2.474944943821272836e-01,-2.621027082667377051e-01,-1.955320045840291121e-01,-2.333112790242796164e-01,-3.694428630874494607e-02,8.477321572945541173e-02,-1.148306942261549668e-01,-6.946519786207522307e-01,3.736331342216027140e-01,-4.016221582139285484e-01,-5.309572509722597644e-01,1.669145480882489319e-01,-6.702893707341793343e-03,1.963674798458805298e-02,2.405671700865170612e-02,-3.327718756181461401e-01,3.883231695736955036e-01,-7.046199270701285211e-02,1.345115414868684918e-02,-1.221542728398694322e-01,-3.103945437431201299e-02,-2.840314016973725098e-01,1.294833720395855425e-01,3.418290856315240878e-01,4.216382524761144723e-02
0.000000000000000000e+00,0.000000000000000000e+00,0.000000000000000000e+00,0.000000000000000000e+00,0.000000000000000000e+00,0.000000000000000000e+00,0.000000000000000000e+00,0.000000000000000000e+00,0.000000000000000000e+00,0.000000000000000000e+00,0.000000000000000000e+00,0.000000000000000000e+00,0.000000000000000000e+00,0.000000000000000000e+00,0.000000000000000000e+00,0.000000000000000000e+00,0.000000000000000000e+00,0.000000000000000000e+00,0.000000000000000000e+00,0.000000000000000000e+00,0.000000000000000000e+00,0.000000000000000000e+00,0.000000000000000000e+00,0.000000000000000000e+00,0.000000000000000000e+00,0.000000000000000000e+00,0.000000000000000000e+00,0.000000000000000000e+00,0.000000000000000000e+00,0.000000000000000000e+00,0.000000000000000000e+00,0.000000000000000000e+00,0.000000000000000000e+00,0.000000000000000000e+00,0.000000000000000000e+00,0.000000000000000000e+00,0.000000000000000000e+00,0.000000000000000000e+00,0.000000000000000000e+00,0.000000000000000000e+00,0.000000000000000000e+00,0.000000000000000000e+00,0.000000000000000000e+00,0.000000000000000000e+00,0.000000000000000000e+00,0.000000000000000000e+00,0.000000000000000000e+00,0.000000000000000000e+00,0.000000000000000000e+00,0.000000000000000000e+00,0.000000000000000000e+00,0.000000000000000000e+00,0.000000000000000000e+00,0.000000000000000000e+00,0.000000000000000000e+00,0.000000000000000000e+00,0.000000000000000000e+00,0.000000000000000000e+00,1.000000000000000000e+00,1.000000000000000000e+00,-1.527805132726438864e-01,-6.814501987654120185e-01,-4.041874956838424349e-01,3.664711712732716120e-01,8.568873069674355358e-01,4.433083389016945763e-01,5.625249313225945125e-01,1.000000000000000000e+00,-5.048472257826900345e-01,3.408973957780356834e-01,4.416882763511529308e-01,-4.826630767924383059e-01,6.257003652897893398e-01,-1.928207454292318046e-01,-6.465179128580337276e-01,4.782127780506905679e-01,-1.240538186389644887e-01,-1.979898284186171198e-01,9.494631714254024857e-01,4.256815725185141841e-01,6.182224531432278791e-01,2.990187723572131917e-01,-1.997095367260102727e-01,7.877357979612391592e-01,-7.010916973667037366e-01,6.517458051663658214e-01,-3.941959290802776184e-01,-5.002108383639548572e-01,3.280164784644533649e-01,5.214504163603876918e-01,4.194397122587691373e-01,-3.590975739805370437e-01,5.222536221994474870e-01,-3.441237294293866822e-01,9.739941396421539777e-01,-4.737108740691201580e-01,-1.000000000000000000e+00,-7.074317691620134463e-01,6.590014319227046613e-01,4.170292379961619833e-01
0.000000000000000000e+00,0.000000000000000000e+00,0.000000000000000000e+00,0.000000000000000000e+00,0.000000000000000000e+00,0.000000000000000000e+00,0.000000000000000000e+00,0.000000000000000000e+00,0.000000000000000000e+00,0.000000000000000000e+00,0.000000000000000000e+00,0.000000000000000000e+00,0.000000000000000000e+00,0.000000000000000000e+00,0.000000000000000000e+00,0.000000000000000000e+00,0.000000000000000000e+00,0.000000000000000000e+00,0.000000000000000000e+00,0.000000000000000000e+00,0.000000000000000000e+00,0.000000000000000000e+00,0.000000000000000000e+00,0.000000000000000000e+00,0.000000000000000000e+00,0.000000000000000000e+00,0.000000000000000000e+00,0.000000000000000000e+00,0.000000000000000000e+00,0.000000000000000000e+00,0.000000000000000000e+00,0.000000000000000000e+00,0.000000000000000000e+00,0.000000000000000000e+00,0.000000000000000000e+00,0.000000000000000000e+00,0.000000000000000000e+00,0.000000000000000000e+00,0.000000000000000000e+00,0.000000000000000000e+00,0.000000000000000000e+00,0.000000000000000000e+00,0.000000000000000000e+00,0.000000000000000000e+00,0.000000000000000000e+00,0.000000000000000000e+00,0.000000000000000000e+00,0.000000000000000000e+00,0.000000000000000000e+00,0.000000000000000000e+00,0.000000000000000000e+00,0.000000000000000000e+00,0.000000000000000000e+00,0.000000000000000000e+00,0.000000000000000000e+00,0.000000000000000000e+00,0.000000000000000000e+00,0.000000000000000000e+00,0.000000000000000000e+00,1.000000000000000000e+00,-1.890141284302173652e-01,-4.228716595154656810e-01,-3.741404815428778230e-01,3.003074158701152241e-01,4.611064618032043594e-01,3.412341031342887576e-01,3.980745931138909843e-01,9.704013228301943128e-01,-6.088210261650627286e-01,1.836020098640719356e-01,5.749933644428161239e-01,-3.789111714114409279e-01,4.163805714728043839e-01,-2.949426575989597676e-01,-5.036380681655466818e-01,3.718317206161281252e-01,-2.760173557524901126e-03,-1.588587082626812530e-01,6.452125124017864533e-01,1.156175696841486716e-01,3.844957258565845359e-01,2.572592278250228071e-01,-9.247370126728561568e-02,4.959324534541263430e-01,-5.026946371418294923e-01,4.081779207836687684e-01,-4.915825189632493375e-01,-3.680068498540655098e-01,2.859318530853327545e-01,3.592751207981349504e-01,4.722753036932626491e-01,-3.383754526288552111e-01,4.097510603166476528e-01,-2.743173970612444168e-01,6.822243002377207377e-01,-3.866066889181144495e-01,-6.612788217221114984e-01,-5.221658308677401550e-01,4.578075500231085226e-01,3.269859196840699256e-01
0.000000000000000000e+00,0.000000000000000000e+00,0.000000000000000000e+00,0.000000000000000000e+00,0.000000000000000000e+00,0.000000000000000000e+00,0.000000000000000000e+00,0.000000000000000000e+00,0.000000000000000000e+00,0.000000000000000000e+00,0.000000000000000000e+00,0.000000000000000000e+00,0.000000000000000000e+00,0.000000000000000000e+00,0.000000000000000000e+00,0.000000000000000000e+00,0.000000000000000000e+00,0.000000000000000000e+00,0.000000000000000000e+00,0.000000000000000000e+00,0.000000000000000000e+00,0.000000000000000000e+00,0.000000000000000000e+00,0.000000000000000000e+00,0.000000000000000000e+00,0.000000000000000000e+00,0.000000000000000000e+00,0.000000000000000000e+00,0.000000000000000000e+00,0.000000000000000000e+00,0.000000000000000000e+00,0.000000000000000000e+00,0.000000000000000000e+00,0.000000000000000000e+00,0.000000000000000000e+00,0.000000000000000000e+00,0.000000000000000000e+00,0.000000000000000000e+00,0.000000000000000000e+00,0.000000000000000000e+00,0.000000000000000000e+00,0.000000000000000000e+00,0.000000000000000000e+00,0.000000000000000000e+00,0.000000000000000000e+00,0.000000000000000000e+00,0.000000000000000000e+00,0.000000000000000000e+00,0.000000000000000000e+00,0.000000000000000000e+00,0.000000000000000000e+00,0.000000000000000000e+00,0.000000000000000000e+00,0.000000000000000000e+00,0.000000000000000000e+00,0.000000000000000000e+00,0.000000000000000000e+00,0.000000000000000000e+00,0.000000000000000000e+00,0.000000000000000000e+00,1.000000000000000000e+00,1.000000000000000000e+00,3.487079969791181400e-01,-2.752108888997120140e-01,6.278347978274276819e-01,-1.969657192524318923e-01,-4.638867331061860000e-01,-2.388338843209321105e-01,-2.043258903191232378e-01,5.755437881941258826e-01,-7.216992319175375981e-01,5.502877492253243075e-01,-7.942283587443444981e-01,1.623704569460878433e-01,3.377066256125726973e-01,5.269069186878033717e-02,1.295621584727851550e-01,9.320961782400752904e-01,-6.151789928098341242e-01,2.995012540483117380e-01,-2.927391789627244445e-01,-1.790069745209657281e-01,5.608986229182744143e-01,-3.592984728031197728e-01,2.597535228172763166e-01,3.807164099359192644e-01,8.550990056557441488e-01,2.452633372858539773e-01,-5.233916031074288266e-01,-2.682685274917046558e-01,-8.204376879925090460e-01,5.747329565663025219e-01,-3.470518147390534991e-01,2.604254667333709694e-01,-1.288891454975300555e-01,-9.073048816851550166e-03,6.671073400246374518e-01,2.649045894760095887e-01,1.752995059842384074e-01,-3.646088676153936281e-01
0.000000000000000000e+00,0.000000000000000000e+00,0.000000000000000000e+00,0.000000000000000000e+00,0.000000000000000000e+00,0.000000000000000000e+00,0.000000000000000000e+00,0.000000000000000000e+00,0.000000000000000000e+00,0.000000000000000000e+00,0.000000000000000000e+00,0.000000000000000000e+00,0.000000000000000000e+00,0.000000000000000000e+00,0.000000000000000000e+00,0.000000000000000000e+00,0.000000000000000000e+00,0.000000000000000000e+00,0.000000000000000000e+00,0.000000000000000000e+00,0.000000000000000000e+00,0.000000000000000000e+00,0.000000000000000000e+00,0.000000000000000000e+00,0.000000000000000000e+00,0.000000000000000000e+00,0.000000000000000000e+00,0.000000000000000000e+00,0.000000000000000000e+00,0.000000000000000000e+00,0.000000000000000000e+00,0.000000000000000000e+00,0.000000000000000000e+00,0.000000000000000000e+00,0.000000000000000000e+00,0.000000000000000000e+00,0.000000000000000000e+00,0.000000000000000000e+00,0.000000000000000000e+00,0.000000000000000000e+00,0.000000000000000000e+00,0.000000000000000000e+00,0.000000000000000000e+00,0.000000000000000000e+00,0.000000000000000000e+00,0.000000000000000000e+00,0.000000000000000000e+00,0.000000000000000000e+00,0.000000000000000000e+00,0.000000000000000000e+00,0.000000000000000000e+00,0.000000000000000000e+00,0.000000000000000000e+00,0.000000000000000000e+00,0.000000000000000000e+00,0.000000000000000000e+00,0.000000000000000000e+00,0.000000000000000000e+00,0.000000000000000000e+00,0.000000000000000000e+00,0.000000000000000000e+00,1.000000000000000000e+00,1.466315678465147099e-01,-1.432666864530812989e-01,-5.320634190666223562e-02,-1.069424497712191946e-01,-4.346845921007769231e-01,-3.084188026578146835e-01,-1.495481242532631649e-01,1.626267766539462312e-01,-2.029462079906783623e-01,2.141152579359343056e-01,-6.121891718977052754e-01,-6.158104171871448679e-02,2.619433110647312879e-01,2.802180562125534957e-02,2.430806494556760899e-01,5.293758741485558028e-01,-3.531847750008562103e-01,-1.376664926422983548e-01,-4.021831513570626737e-01,-6.669331588806293176e-02,7.146467657881711011e-01,-5.885986322151164352e-01,4.885965075796518398e-01,2.016739310257045781e-01,3.713049634786555475e-01,2.424388530074628456e-01,-2.677011809679779586e-01,-2.361185431466676088e-01,-2.726410239194751450e-01,1.121949641634656242e-01,-2.228771869528209104e-01,1.835476672428695000e-01,-1.964474200203193133e-01,7.266588041201577086e-02,7.859060548794303269e-01,2.508869584537634645e-01,-4.529725172963882107e-01,-2.623987680869307448e-01
0.000000000000000000e+00,0.000000000000000000e+00,0.000000000000000000e+00,0.000000000000000000e+00,0.000000000000000000e+00,0.000000000000000000e+00,0.000000000000000000e+00,0.000000000000000000e+00,0.000000000000000000e+00,0.000000000000000000e+00,0.000000000000000000e+00,0.000000000000000000e+00,0.000000000000000000e+00,0.000000000000000000e+00,0.000000000000000000e+00,0.000000000000000000e+00,0.000000000000000000e+00,0.000000000000000000e+00,0.000000000000000000e+00,0.000000000000000000e+00,0.000000000000000000e+00,0.000000000000000000e+00,0.000000000000000000e+00,0.000000000000000000e+00,0.000000000000000000e+00,0.000000000000000000e+00,0.000000000000000000e+00,0.000000000000000000e+00,0.000000000000000000e+00,0.000000000000000000e+00,0.000000000000000000e+00,0.000000000000000000e+00,0.000000000000000000e+00,0.000000000000000000e+00,0.000000000000000000e+00,0.000000000000000000e+00,0.000000000000000000e+00,0.000000000000000000e+00,0.000000000000000000e+00,0.000000000000000000e+00,0.000000000000000000e+00,0.000000000000000000e+00,0.000000000000000000e+00,0.000000000000000000e+00,0.000000000000000000e+00,0.000000000000000000e+00,0.000000000000000000e+00,0.000000000000000000e+00,0.000000000000000000e+00,0.000000000000000000e+00,0.000000000000000000e+00,0.000000000000000000e+00,0.000000000000000000e+00,0.000000000000000000e+00,0.000000000000000000e+00,0.000000000000000000e+00,0.000000000000000000e+00,0.000000000000000000e+00,0.000000000000000000e+00,0.000000000000000000e+00,0.000000000000000000e+00,0.000000000000000000e+00,1.000000000000000000e+00,-3.092757994037284019e-01,-8.349465483519628028e-01,-3.825093425197783614e-01,-4.292101830133604468e-01,-1.000000000000000000e+00,8.633952005290839171e-01,-1.709605578037640405e-01,-3.655463936584998352e-01,6.004094618984745502e-01,-2.302264267742577530e-01,8.659611502848597597e-01,4.136828560329284254e-01,-3.867159170716974459e-01,-5.365972641089939987e-01,2.273217199585720605e-01,-4.654709733530965621e-01,4.667420805231264347e-01,-1.105844474308573938e-01,-4.399137049006857092e-01,-2.180301946965894633e-01,-3.688887862723612132e-01,5.469699297632905077e-01,-5.430064348605501308e-03,8.657675174712312627e-01,3.100018830629229782e-01,-4.594890618474607447e-01,-3.678358380868733679e-01,-5.521362680052461780e-01,7.245021331740094661e-01,-5.300392248604203216e-01,3.419523097705604031e-01,-6.298775117971531223e-01,6.320901489205151824e-01,2.941649374665642469e-01,4.354712153568301436e-01,-2.308604867591438833e-02,-4.049051444016700807e-01
0.000000000000000000e+00,0.000000000000000000e+00,0.000000000000000000e+00,0.000000000000000000e+00,0.000000000000000000e+00,0.000000000000000000e+00,0.000000000000000000e+00,0.000000000000000000e+00,0.000000000000000000e+00,0.000000000000000000e+00,0.000000000000000000e+00,0.000000000000000000e+00,0.000000000000000000e+00,0.000000000000000000e+00,0.000000000000000000e+00,0.000000000000000000e+00,0.000000000000000000e+00,0.000000000000000000e+00,0.000000000000000000e+00,0.000000000000000000e+00,0.000000000000000000e+00,0.000000000000000000e+00,0.000000000000000000e+00,0.000000000000000000e+00,0.000000000000000000e+00,0.000000000000000000e+00,0.000000000000000000e+00,0.000000000000000000e+00,0.000000000000000000e+00,0.000000000000000000e+00,0.000000000000000000e+00,0.000000000000000000e+00,0.000000000000000000e+00,0.000000000000000000e+00,0.000000000000000000e+00,0.000000000000000000e+00,0.000000000000000000e+00,0.000000000000000000e+00,0.000000000000000000e+00,0.000000000000000000e+00,0.000000000000000000e+00,0.000000000000000000e+00,0.000000000000000000e+00,0.000000000000000000e+00,0.000000000000000000e+00,0.000000000000000000e+00,0.000000000000000000e+00,0.000000000000000000e+00,0.000000000000000000e+00,0.000000000000000000e+00,0.000000000000000000e+00,0.000000000000000000e+00,0.000000000000000000e+00,0.000000000000000000e+00,0.000000000000000000e+00,0.000000000000000000e+00,0.000000000000000000e+00,0.000000000000000000e+00,0.000000000000000000e+00,0.000000000000000000e+00,0.000000000000000000e+00,0.000000000000000000e+00,0.000000000000000000e+00,1.000000000000000000e+00,6.079451632761003754e-01,1.000000000000000000e+00,1.000000000000000000e+00,1.000000000000000000e+00,-1.000000000000000000e+00,-1.777733233090295351e-01,1.000000000000000000e+00,-1.000000000000000000e+00,1.000000000000000000e+00,-1.000000000000000000e+00,-1.000000000000000000e+00,8.898821272075272404e-01,1.914897022710369823e-01,-1.000000000000000000e+00,1.000000000000000000e+00,-7.136543209629558904e-01,7.537577425043763268e-01,8.649198051966916490e-01,6.343811170675933697e-02,8.971193778739046110e-01,-9.232715339859368653e-01,6.805355532309668165e-01,-1.000000000000000000e+00,-8.931280148063787117e-01,1.000000000000000000e+00,9.519247405833332065e-01,1.000000000000000000e+00,-1.000000000000000000e+00,1.000000000000000000e+00,-8.024761520974916795e-01,1.000000000000000000e+00,-9.301309264914661146e-01,-1.000000000000000000e+00,-1.000000000000000000e+00,6.237995623301178377e-02,1.000000000000000000e+00
0.000000000000000000e+00,0.000000000000000000e+00,0.000000000000000000e+00,0.000000000000000000e+00,0.000000000000000000e+00,0.000000000000000000e+00,0.000000000000000000e+00,0.000000000000000000e+00,0.000000000000000000e+00,0.000000000000000000e+00,0.000000000000000000e+00,0.000000000000000000e+00,0.000000000000000000e+00,0.000000000000000000e+00,0.000000000000000000e+00,0.000000000000000000e+00,0.000000000000000000e+00,0.000000000000000000e+00,0.000000000000000000e+00,0.000000000000000000e+00,0.000000000000000000e+00,0.000000000000000000e+00,0.000000000000000000e+00,0.000000000000000000e+00,0.000000000000000000e+00,0.000000000000000000e+00,0.000000000000000000e+00,0.000000000000000000e+00,0.000000000000000000e+00,0.000000000000000000e+00,0.000000000000000000e+00,0.000000000000000000e+00,0.000000000000000000e+00,0.000000000000000000e+00,0.000000000000000000e+00,0.000000000000000000e+00,0.000000000000000000e+00,0.000000000000000000e+00,0.000000000000000000e+00,0.000000000000000000e+00,0.000000000000000000e+00,0.000000000000000000e+00,0.000000000000000000e+00,0.000000000000000000e+00,0.000000000000000000e+00,0.000000000000000000e+00,0.000000000000000000e+00,0.000000000000000000e+00,0.000000000000000000e+00,0.000000000000000000e+00,0.000000000000000000e+00,0.000000000000000000e+00,0.000000000000000000e+00,0.000000000000000000e+00,0.000000000000000000e+00,0.000000000000000000e+00,0.000000000000000000e+00,0.000000000000000000e+00,0.000000000000000000e+00,0.000000000000000000e+00,0.000000000000000000e+00,0.000000000000000000e+00,0.000000000000000000e+00,0.000000000000000000e+00,1.000000000000000000e+00,1.262031318821817127e-01,1.022971686301874100e-01,1.650752115471870729e-01,-1.517217826522604118e-01,2.629709044854421363e-01,-1.318849644413672140e-01,1.900252949408240757e-02,5.865210230146199882e-02,-7.448720441168905915e-02,-8.168485421955246073e-02,7.997165723464121079e-02,-3.369935193478308666e-02,5.590872345099472812e-02,1.727790500219127390e-01,-1.038681624132880843e-01,4.060266319418339570e-02,5.393488988451294874e-02,2.824304674168844759e-02,2.085856129361280398e-01,-2.302346383280825526e-01,7.326839224707586140e-02,1.981440737132882934e-01,-8.632377491608811404e-02,4.219093766533545814e-02,1.162109823168203659e-01,-1.486990150117981635e-01,1.231432928699834478e-01,4.069218250268262504e-02,-3.802634575102172010e-02,2.628971174461411375e-01,-2.576544275819636631e-01,-2.083975870467049199e-02,-8.131755568237596099e-02,5.633708156000629547e-02,8.095847067734215918e-02
0.000000000000000000e+00,0.000000000000000000e+00,0.000000000000000000e+00,0.000000000000000000e+00,0.000000000000000000e+00,0.000000000000000000e+00,0.000000000000000000e+00,0.000000000000000000e+00,0.000000000000000000e+00,0.000000000000000000e+00,0.000000000000000000e+00,0.000000000000000000e+00,0.000000000000000000e+00,0.000000000000000000e+00,0.000000000000000000e+00,0.000000000000000000e+00,0.000000000000000000e+00,0.000000000000000000e+00,0.000000000000000000e+00,0.000000000000000000e+00,0.000000000000000000e+00,0.000000000000000000e+00,0.000000000000000000e+00,0.000000000000000000e+00,0.000000000000000000e+00,0.000000000000000000e+00,0.000000000000000000e+00,0.000000000000000000e+00,0.000000000000000000e+00,0.000000000000000000e+00,0.000000000000000000e+00,0.000000000000000000e+00,0.000000000000000000e+00,0.000000000000000000e+00,0.000000000000000000e+00,0.000000000000000000e+00,0.000000000000000000e+00,0.000000000000000000e+00,0.000000000000000000e+00,0.000000000000000000e+00,0.000000000000000000e+00,0.000000000000000000e+00,0.000000000000000000e+00,0.000000000000000000e+00,0.000000000000000000e+00,0.000000000000000000e+00,0.000000000000000000e+00,0.000000000000000000e+00,0.000000000000000000e+00,0.000000000000000000e+00,0.000000000000000000e+00,0.000000000000000000e+00,0.000000000000000000e+00,0.000000000000000000e+00,0.000000000000000000e+00,0.000000000000000000e+00,0.000000000000000000e+00,0.000000000000000000e+00,0.000000000000000000e+00,0.000000000000000000e+00,0.000000000000000000e+00,0.000000000000000000e+00,0.000000000000000000e+00,0.000000000000000000e+00,0.000000000000000000e+00,1.000000000000000000e+00,8.542783244800599141e-01,1.000000000000000000e+00,-1.000000000000000000e+00,3.287729317742741353e-01,1.000000000000000000e+00,-9.994537083873947791e-01,9.825885234880694652e-01,-8.660473462004205647e-01,-1.000000000000000000e+00,7.229598765073320665e-01,5.881066436607050585e-02,-6.992561779941290911e-01,1.000000000000000000e+00,-9.003489715429580098e-01,5.027284845034202254e-01,6.813743315724666294e-01,2.734156243083523674e-01,7.766620645305486459e-01,-9.290070645632552138e-01,6.040392579176758758e-01,-6.382343278781272833e-01,-7.153580659543494757e-01,9.496014993197025023e-01,8.742600614888310639e-01,1.000000000000000000e+00,-9.598061766895058522e-01,8.980278074237758590e-01,-5.806165722617857572e-01,1.000000000000000000e+00,-1.000000000000000000e+00,-6.970054061227660691e-01,-1.000000000000000000e+00,-3.198072645664565283e-01,8.260387069536678784e-01
0.000000000000000000e+00,0.000000000000000000e+00,0.000000000000000000e+00,0.000000000000000000e+00,0.000000000000000000e+00,0.000000000000000000e+00,0.000000000000000000e+00,0.000000000000000000e+00,0.000000000000000000e+00,0.000000000000000000e+00,0.000000000000000000e+00,0.000000000000000000e+00,0.000000000000000000e+00,0.000000000000000000e+00,0.000000000000000000e+00,0.000000000000000000e+00,0.000000000000000000e+00,0.000000000000000000e+00,0.000000000000000000e+00,0.000000000000000000e+00,0.000000000000000000e+00,0.000000000000000000e+00,0.000000000000000000e+00,0.000000000000000000e+00,0.000000000000000000e+00,0.000000000000000000e+00,0.000000000000000000e+00,0.000000000000000000e+00,0.000000000000000000e+00,0.000000000000000000e+00,0.000000000000000000e+00,0.000000000000000000e+00,0.000000000000000000e+00,0.000000000000000000e+00,0.000000000000000000e+00,0.000000000000000000e+00,0.000000000000000000e+00,0.000000000000000000e+00,0.000000000000000000e+00,0.000000000000000000e+00,0.000000000000000000e+00,0.000000000000000000e+00,0.000000000000000000e+00,0.000000000000000000e+00,0.000000000000000000e+00,0.000000000000000000e+00,0.000000000000000000e+00,0.000000000000000000e+00,0.000000000000000000e+00,0.000000000000000000e+00,0.000000000000000000e+00,0.000000000000000000e+00,0.000000000000000000e+00,0.000000000000000000e+00,0.000000000000000000e+00,0.000000000000000000e+00,0.000000000000000000e+00,0.000000000000000000e+00,0.000000000000000000e+00,0.000000000000000000e+00,0.000000000000000000e+00,0.000000000000000000e+00,0.000000000000000000e+00,0.000000000000000000e+00,0.000000000000000000e+00,0.000000000000000000e+00,1.000000000000000000e+00,1.000000000000000000e+00,-5.893559130942797042e-01,6.424659080054856419e-02,7.058941847281866577e-01,-7.068367322798617680e-01,1.000000000000000000e+00,-4.763705586483793497e-01,-8.196724363591126883e-01,3.445352582534275676e-01,-1.237107753326196352e-01,-8.622649505973268846e-01,1.000000000000000000e+00,-1.266545026938801499e-01,7.677613635848592466e-01,4.301676008599379930e-01,-8.616914885079631770e-01,1.000000000000000000e+00,-1.000000000000000000e+00,-4.637562794533917065e-02,-9.547873641989357285e-01,-6.642718220362444637e-01,7.475367639931294050e-01,7.114407186655044013e-01,8.009838683927601455e-01,-5.891196050312903498e-01,7.464335001784208057e-01,-5.364537469708361428e-01,9.990958210469227385e-01,-6.935473484241826414e-01,-1.000000000000000000e+00,-8.116418519726548153e-01,7.611651499491949302e-01,7.267633044106379669e-01
0.000000000000000000e+00,0.000000000000000000e+00,0.000000000000000000e+00,0.000000000000000000e+00,0.000000000000000000e+00,0.000000000000000000e+00,0.000000000000000000e+00,0.000000000000000000e+00,0.000000000000000000e+00,0.000000000000000000e+00,0.000000000000000000e+00,0.000000000000000000e+00,0.000000000000000000e+00,0.000000000000000000e+00,0.000000000000000000e+00,0.000000000000000000e+00,0.000000000000000000e+00,0.000000000000000000e+00,0.000000000000000000e+00,0.000000000000000000e+00,0.000000000000000000e+00,0.000000000000000000e+00,0.000000000000000000e+00,0.000000000000000000e+00,0.000000000000000000e+00,0.000000000000000000e+00,0.000000000000000000e+00,0.000000000000000000e+00,0.000000000000000000e+00,0.000000000000000000e+00,0.000000000000000000e+00,0.000000000000000000e+00,0.000000000000000000e+00,0.000000000000000000e+00,0.000000000000000000e+00,0.000000000000000000e+00,0.000000000000000000e+00,0.000000000000000000e+00,0.000000000000000000e+00,0.000000000000000000e+00,0.000000000000000000e+00,0.000000000000000000e+00,0.000000000000000000e+00,0.000000000000000000e+00,0.000000000000000000e+00,0.000000000000000000e+00,0.000000000000000000e+00,0.000000000000000000e+00,0.000000000000000000e+00,0.000000000000000000e+00,0.000000000000000000e+00,0.000000000000000000e+00,0.000000000000000000e+00,0.000000000000000000e+00,0.000000000000000000e+00,0.000000000000000000e+00,0.000000000000000000e+00,0.000000000000000000e+00,0.000000000000000000e+00,0.000000000000000000e+00,0.000000000000000000e+00,0.000000000000000000e+00,0.000000000000000000e+00,0.000000000000000000e+00,0.000000000000000000e+00,0.000000000000000000e+00,0.000000000000000000e+00,1.000000000000000000e+00,-4.039668135329743670e-01,2.028447479492089811e-01,1.291209628308544188e-01,-3.851324291921194853e-01,2.587984313761846344e-01,-3.376909068153718940e-01,-3.203953120881926631e-01,2.968545995651510339e-01,2.065717641885946587e-01,-9.595793780422232078e-02,4.192534681784784167e-01,9.611230091670984466e-02,2.503697982976547665e-01,2.396998723177616308e-01,6.683051555359062479e-02,3.205873067545046418e-01,-3.901435033793771434e-01,2.642519867749731355e-01,-4.263851672152010885e-01,-2.533428978711919632e-01,2.253931236037224339e-01,2.895123609188499092e-01,2.786552172366347779e-01,-4.323770024954144420e-01,3.529645183247815399e-01,-2.171698445059013494e-01,5.259497666420417383e-01,-3.483701235759633641e-01,-5.693335848533809251e-01,-3.718983391784138615e-01,1.721373847422832393e-01,2.382559752571579148e-01
0.000000000000000000e+00,0.000000000000000000e+00,0.000000000000000000e+00,0.000000000000000000e+00,0.000000000000000000e+00,0.000000000000000000e+00,0.000000000000000000e+00,0.000000000000000000e+00,0.000000000000000000e+00,0.000000000000000000e+00,0.000000000000000000e+00,0.000000000000000000e+00,0.000000000000000000e+00,0.000000000000000000e+00,0.000000000000000000e+00,0.000000000000000000e+00,0.000000000000000000e+00,0.000000000000000000e+00,0.000000000000000000e+00,0.000000000000000000e+00,0.000000000000000000e+00,0.000000000000000000e+00,0.000000000000000000e+00,0.000000000000000000e+00,0.000000000000000000e+00,0.000000000000000000e+00,0.000000000000000000e+00,0.000000000000000000e+00,0.000000000000000000e+00,0.000000000000000000e+00,0.000000000000000000e+00,0.000000000000000000e+00,0.000000000000000000e+00,0.000000000000000000e+00,0.000000000000000000e+00,0.000000000000000000e+00,0.000000000000000000e+00,0.000000000000000000e+00,0.000000000000000000e+00,0.000000000000000000e+00,0.000000000000000000e+00,0.000000000000000000e+00,0.000000000000000000e+00,0.000000000000000000e+00,0.000000000000000000e+00,0.000000000000000000e+00,0.000000000000000000e+00,0.000000000000000000e+00,0.000000000000000000e+00,0.000000000000000000e+00,0.000000000000000000e+00,0.000000000000000000e+00,0.000000000000000000e+00,0.000000000000000000e+00,0.000000000000000000e+00,0.000000000000000000e+00,0.000000000000000000e+00,0.000000000000000000e+00,0.000000000000000000e+00,0.000000000000000000e+00,0.000000000000000000e+00,0.000000000000000000e+00,0.000000000000000000e+00,0.000000000000000000e+00,0.000000000000000000e+00,0.000000000000000000e+00,0.000000000000000000e+00,0.000000000000000000e+00,1.000000000000000000e+00,-2.247829286330763898e-01,-4.874302622398521412e-01,9.313475397219718455e-02,1.349227096114881397e-01,5.018281197679120842e-01,2.447460306519927409e-01,-2.968842057701109316e-01,-2.779469123278962006e-01,-1.918577125234589564e-01,-3.762305618112771893e-02,2.680697779372782641e-01,-1.878367085794185529e-02,-2.082091119530323775e-01,-1.737735809061556058e-01,-1.159828059881439499e-01,3.213171180812318672e-01,-1.489880805820104903e-01,3.851590673902603457e-01,1.400634429347478449e-01,-1.344342544938251782e-01,-1.130589864260646005e-01,-2.880146520594870085e-01,2.056452170749539510e-01,-2.410617907920395153e-01,1.468025851851554875e-01,-3.363380548216221011e-01,3.706976781015102751e-01,-1.435408847569768775e-01,2.527974570035793622e-01,-4.142425576798303144e-01,-1.583692721752490151e-01
0.000000000000000000e+00,0.000000000000000000e+00,0.000000000000000000e+00,0.000000000000000000e+00,0.000000000000000000e+00,0.000000000000000000e+00,0.000000000000000000e+00,0.000000000000000000e+00,0.000000000000000000e+00,0.000000000000000000e+00,0.000000000000000000e+00,0.000000000000000000e+00,0.000000000000000000e+00,0.000000000000000000e+00,0.000000000000000000e+00,0.000000000000000000e+00,0.000000000000000000e+00,0.000000000000000000e+00,0.000000000000000000e+00,0.000000000000000000e+00,0.000000000000000000e+00,0.000000000000000000e+00,0.000000000000000000e+00,0.000000000000000000e+00,0.000000000000000000e+00,0.000000000000000000e+00,0.000000000000000000e+00,0.000000000000000000e+00,0.000000000000000000e+00,0.000000000000000000e+00,0.000000000000000000e+00,0.000000000000000000e+00,0.000000000000000000e+00,0.000000000000000000e+00,0.000000000000000000e+00,0.000000000000000000e+00,0.000000000000000000e+00,0.000000000000000000e+00,0.000000000000000000e+00,0.000000000000000000e+00,0.000000000000000000e+00,0.000000000000000000e+00,0.000000000000000000e+00,0.000000000000000000e+00,0.000000000000000000e+00,0.000000000000000000e+00,0.000000000000000000e+00,0.000000000000000000e+00,0.000000000000000000e+00,0.000000000000000000e+00,0.000000000000000000e+00,0.000000000000000000e+00,0.000000000000000000e+00,0.000000000000000000e+00,0.000000000000000000e+00,0.000000000000000000e+00,0.000000000000000000e+00,0.000000000000000000e+00,0.000000000000000000e+00,0.000000000000000000e+00,0.000000000000000000e+00,0.000000000000000000e+00,0.000000000000000000e+00,0.000000000000000000e+00,0.000000000000000000e+00,0.000000000000000000e+00,0.000000000000000000e+00,0.000000000000000000e+00,0.000000000000000000e+00,1.000000000000000000e+00,-8.221793723882091509e-01,3.801988480790291502e-01,-3.303833383177501859e-01,-2.881344007882667424e-01,-8.478285791514844627e-02,3.080968559842742205e-01,1.272839821131402094e-01,7.570666740544600426e-01,-1.501340832744788023e-01,1.026827649883391980e-01,2.402282831558201145e-02,8.183653245501906759e-02,1.977368948173343632e-01,3.769204064394179321e-01,-6.348170957291414673e-01,3.529849668887435898e-01,5.841208760763250130e-01,-1.081708151248852168e-01,-1.647236882267880120e-01,1.641180281620887027e-01,-7.317643829182025605e-01,4.347625686448616245e-01,6.227603381358484680e-02,-2.011333691187470671e-02,6.349260224576017686e-01,-6.576133959922676464e-01,-2.419796777549299699e-02,-1.602414654359846091e-01,6.926249300709451662e-01,2.864662747868708392e-02
0.000000000000000000e+00,0.000000000000000000e+00,0.000000000000000000e+00,0.000000000000000000e+00,0.000000000000000000e+00,0.000000000000000000e+00,0.000000000000000000e+00,0.000000000000000000e+00,0.000000000000000000e+00,0.000000000000000000e+00,0.000000000000000000e+00,0.000000000000000000e+00,0.000000000000000000e+00,0.000000000000000000e+00,0.000000000000000000e+00,0.000000000000000000e+00,0.000000000000000000e+00,0.000000000000000000e+00,0.000000000000000000e+00,0.000000000000000000e+00,0.000000000000000000e+00,0.000000000000000000e+00,0.000000000000000000e+00,0.000000000000000000e+00,0.000000000000000000e+00,0.000000000000000000e+00,0.000000000000000000e+00,0.000000000000000000e+00,0.000000000000000000e+00,0.000000000000000000e+00,0.000000000000000000e+00,0.000000000000000000e+00,0.000000000000000000e+00,0.000000000000000000e+00,0.000000000000000000e+00,0.000000000000000000e+00,0.000000000000000000e+00,0.000000000000000000e+00,0.000000000000000000e+00,0.000000000000000000e+00,0.000000000000000000e+00,0.000000000000000000e+00,0.000000000000000000e+00,0.000000000000000000e+00,0.000000000000000000e+00,0.000000000000000000e+00,0.000000000000000000e+00,0.000000000000000000e+00,0.000000000000000000e+00,0.000000000000000000e+00,0.000000000000000000e+00,0.000000000000000000e+00,0.000000000000000000e+00,0.000000000000000000e+00,0.000000000000000000e+00,0.000000000000000000e+00,0.000000000000000000e+00,0.000000000000000000e+00,0.000000000000000000e+00,0.000000000000000000e+00,0.000000000000000000e+00,0.000000000000000000e+00,0.000000000000000000e+00,0.000000000000000000e+00,0.000000000000000000e+00,0.000000000000000000e+00,0.000000000000000000e+00,0.000000000000000000e+00,0.000000000000000000e+00,0.000000000000000000e+00,1.000000000000000000e+00,-2.609814604110714531e-01,2.062140278848082209e-01,-1.400016750907462360e-01,-2.606037231806451193e-01,1.459999784310418158e-01,-3.471553978798434803e-02,-2.463524399829195299e-01,3.522059133315412205e-01,-2.505886042731351182e-01,7.280161373304497308e-02,1.302102179431697537e-01,4.371249723246069946e-02,5.981693908793775209e-03,3.308994249375505920e-04,1.315234125424006029e-01,-3.962692849163782505e-01,-1.371939372981150762e-01,2.097944195017099889e-01,9.512283017309253186e-02,6.210416682991529713e-01,-2.497484751188079888e-01,1.867758054041016580e-01,-1.243126093419162914e-01,1.413162852977419282e-01,-4.491470268983391995e-02,5.096492062168593573e-02,-2.019120407732428735e-01,-7.087228419221694442e-02,1.579347189792167372e-01
0.000000000000000000e+00,0.000000000000000000e+00,0.000000000000000000e+00,0.000000000000000000e+00,0.000000000000000000e+00,0.000000000000000000e+00,0.000000000000000000e+00,0.000000000000000000e+00,0.000000000000000000e+00,0.000000000000000000e+00,0.000000000000000000e+00,0.000000000000000000e+00,0.000000000000000000e+00,0.000000000000000000e+00,0.000000000000000000e+00,0.000000000000000000e+00,0.000000000000000000e+00,0.000000000000000000e+00,0.000000000000000000e+00,0.000000000000000000e+00,0.000000000000000000e+00,0.000000000000000000e+00,0.000000000000000000e+00,0.000000000000000000e+00,0.000000000000000000e+00,0.000000000000000000e+00,0.000000000000000000e+00,0.000000000000000000e+00,0.000000000000000000e+00,0.000000000000000000e+00,0.000000000000000000e+00,0.000000000000000000e+00,0.000000000000000000e+00,0.000000000000000000e+00,0.000000000000000000e+00,0.000000000000000000e+00,0.000000000000000000e+00,0.000000000000000000e+00,0.000000000000000000e+00,0.000000000000000000e+00,0.000000000000000000e+00,0.000000000000000000e+00,0.000000000000000000e+00,0.000000000000000000e+00,0.000000000000000000e+00,0.000000000000000000e+00,0.000000000000000000e+00,0.000000000000000000e+00,0.000000000000000000e+00,0.000000000000000000e+00,0.000000000000000000e+00,0.000000000000000000e+00,0.000000000000000000e+00,0.000000000000000000e+00,0.000000000000000000e+00,0.000000000000000000e+00,0.000000000000000000e+00,0.000000000000000000e+00,0.000000000000000000e+00,0.000000000000000000e+00,0.000000000000000000e+00,0.000000000000000000e+00,0.000000000000000000e+00,0.000000000000000000e+00,0.000000000000000000e+00,0.000000000000000000e+00,0.000000000000000000e+00,0.000000000000000000e+00,0.000000000000000000e+00,0.000000000000000000e+00,0.000000000000000000e+00,1.000000000000000000e+00,-5.048785044684065415e-01,4.514072986173951474e-01,4.385834645674839827e-01,-3.290069524232856479e-01,-3.868919338048589784e-01,6.063128201850651600e-01,-9.582211385863020903e-01,9.212979500665488541e-02,-2.984885400531537836e-01,-3.817029902361060434e-01,-3.535563840270050662e-01,-1.646697116053091048e-01,5.241518642478485562e-02,-3.212436938319074842e-01,9.733805107348757479e-01,3.210507874700246900e-01,-4.749993809551892876e-01,-3.510306584596640800e-01,-9.123008889602884919e-01,1.000000000000000000e+00,-4.760794849629615966e-01,3.197031326293332532e-01,-4.745500228194581283e-01,2.072821773703876769e-01,5.659971023499728027e-01,4.831655398874715734e-01,4.636385834562957164e-01,-3.581315632879696342e-01
0.000000000000000000e+00,0.000000000000000000e+00,0.000000000000000000e+00,0.000000000000000000e+00,0.000000000000000000e+00,0.000000000000000000e+00,0.000000000000000000e+00,0.000000000000000000e+00,0.000000000000000000e+00,0.000000000000000000e+00,0.000000000000000000e+00,0.000000000000000000e+00,0.000000000000000000e+00,0.000000000000000000e+00,0.000000000000000000e+00,0.000000000000000000e+00,0.000000000000000000e+00,0.000000000000000000e+00,0.000000000000000000e+00,0.000000000000000000e+00,0.000000000000000000e+00,0.000000000000000000e+00,0.000000000000000000e+00,0.000000000000000000e+00,0.000000000000000000e+00,0.000000000000000000e+00,0.000000000000000000e+00,0.000000000000000000e+00,0.000000000000000000e+00,0.000000000000000000e+00,0.000000000000000000e+00,0.000000000000000000e+00,0.000000000000000000e+00,0.000000000000000000e+00,0.000000000000000000e+00,0.000000000000000000e+00,0.000000000000000000e+00,0.000000000000000000e+00,0.000000000000000000e+00,0.000000000000000000e+00,0.000000000000000000e+00,0.000000000000000000e+00,0.000000000000000000e+00,0.000000000000000000e+00,0.000000000000000000e+00,0.000000000000000000e+00,0.000000000000000000e+00,0.000000000000000000e+00,0.000000000000000000e+00,0.000000000000000000e+00,0.000000000000000000e+00,0.000000000000000000e+00,0.000000000000000000e+00,0.000000000000000000e+00,0.000000000000000000e+00,0.000000000000000000e+00,0.000000000000000000e+00,0.000000000000000000e+00,0.000000000000000000e+00,0.000000000000000000e+00,0.000000000000000000e+00,0.000000000000000000e+00,0.000000000000000000e+00,0.000000000000000000e+00,0.000000000000000000e+00,0.000000000000000000e+00,0.000000000000000000e+00,0.000000000000000000e+00,0.000000000000000000e+00,0.000000000000000000e+00,0.000000000000000000e+00,0.000000000000000000e+00,1.000000000000000000e+00,1.240700380124421937e-01,-4.304858623877872437e-01,1.000104158645289364e-02,-4.224492366839296409e-01,-8.437493594281012532e-01,8.887012567854666312e-01,-7.484110588920171725e-02,4.751600224448376819e-01,1.292894652897793872e-01,-6.484454869745512884e-01,6.141600201056636177e-01,-4.962368801996682732e-01,-9.043991681604683641e-02,-3.286400074216560552e-01,-3.576501774104604015e-01,4.626548529266827359e-01,4.117121423646006861e-01,5.458794636251882437e-01,-2.523517928247552833e-01,3.291588087105810079e-01,-2.492097784969273810e-01,4.465457022176186896e-01,-1.583476407828904031e-01,-9.820223489281011409e-01,-3.601843584740048732e-01,-9.450973391061959217e-02,3.875903147897808987e-01
0.000000000000000000e+00,0.000000000000000000e+00,0.000000000000000000e+00,0.000000000000000000e+00,0.000000000000000000e+00,0.000000000000000000e+00,0.000000000000000000e+00,0.000000000000000000e+00,0.000000000000000000e+00,0.000000000000000000e+00,0.000000000000000000e+00,0.000000000000000000e+00,0.000000000000000000e+00,0.000000000000000000e+00,0.000000000000000000e+00,0.000000000000000000e+00,0.000000000000000000e+00,0.000000000000000000e+00,0.000000000000000000e+00,0.000000000000000000e+00,0.000000000000000000e+00,0.000000000000000000e+00,0.000000000000000000e+00,0.000000000000000000e+00,0.000000000000000000e+00,0.000000000000000000e+00,0.000000000000000000e+00,0.000000000000000000e+00,0.000000000000000000e+00,0.000000000000000000e+00,0.000000000000000000e+00,0.000000000000000000e+00,0.000000000000000000e+00,0.000000000000000000e+00,0.000000000000000000e+00,0.000000000000000000e+00,0.000000000000000000e+00,0.000000000000000000e+00,0.000000000000000000e+00,0.000000000000000000e+00,0.000000000000000000e+00,0.000000000000000000e+00,0.000000000000000000e+00,0.000000000000000000e+00,0.000000000000000000e+00,0.000000000000000000e+00,0.000000000000000000e+00,0.000000000000000000e+00,0.000000000000000000e+00,0.000000000000000000e+00,0.000000000000000000e+00,0.000000000000000000e+00,0.000000000000000000e+00,0.000000000000000000e+00,0.000000000000000000e+00,0.000000000000000000e+00,0.000000000000000000e+00,0.000000000000000000e+00,0.000000000000000000e+00,0.000000000000000000e+00,0.000000000000000000e+00,0.000000000000000000e+00,0.000000000000000000e+00,0.000000000000000000e+00,0.000000000000000000e+00,0.000000000000000000e+00,0.000000000000000000e+00,0.000000000000000000e+00,0.000000000000000000e+00,0.000000000000000000e+00,0.000000000000000000e+00,0.000000000000000000e+00,0.000000000000000000e+00,1.000000000000000000e+00,3.222855678608387286e-01,-4.026612507882783021e-01,-6.573323794273745468e-01,-8.290961337756837246e-02,-1.339091496212388432e-01,5.035809595676062900e-01,5.309094575321097326e-02,-4.044931312808597856e-01,-3.710897553720786113e-01,-1.389975296630022172e-01,4.070007281274060085e-01,-1.382083741065719303e-02,8.733090320485062952e-01,1.908136469165256921e-01,-3.322020886381809590e-01,-2.158297051924540355e-01,-4.650666124344416952e-01,6.538806106302385013e-01,-4.421446176133010386e-01,2.735752469833571121e-01,-4.714468053841109341e-01,5.673960235446631195e-01,-7.837301076701155833e-02,3.467436612414657171e-01,-2.272136207840352862e-01,-2.916914049585958013e-01
0.000000000000000000e+00,0.000000000000000000e+00,0.000000000000000000e+00,0.000000000000000000e+00,0.000000000000000000e+00,0.000000000000000000e+00,0.000000000000000000e+00,0.000000000000000000e+00,0.000000000000000000e+00,0.000000000000000000e+00,0.000000000000000000e+00,0.000000000000000000e+00,0.000000000000000000e+00,0.000000000000000000e+00,0.000000000000000000e+00,0.000000000000000000e+00,0.000000000000000000e+00,0.000000000000000000e+00,0.000000000000000000e+00,0.000000000000000000e+00,0.000000000000000000e+00,0.000000000000000000e+00,0.000000000000000000e+00,0.000000000000000000e+00,0.000000000000000000e+00,0.000000000000000000e+00,0.000000000000000000e+00,0.000000000000000000e+00,0.000000000000000000e+00,0.000000000000000000e+00,0.000000000000000000e+00,0.000000000000000000e+00,0.000000000000000000e+00,0.000000000000000000e+00,0.000000000000000000e+00,0.000000000000000000e+00,0.000000000000000000e+00,0.000000000000000000e+00,0.000000000000000000e+00,0.000000000000000000e+00,0.000000000000000000e+00,0.000000000000000000e+00,0.000000000000000000e+00,0.000000000000000000e+00,0.000000000000000000e+00,0.000000000000000000e+00,0.000000000000000000e+00,0.000000000000000000e+00,0.000000000000000000e+00,0.000000000000000000e+00,0.000000000000000000e+00,0.000000000000000000e+00,0.000000000000000000e+00,0.000000000000000000e+00,0.000000000000000000e+00,0.000000000000000000e+00,0.000000000000000000e+00,0.000000000000000000e+00,0.000000000000000000e+00,0.000000000000000000e+00,0.000000000000000000e+00,0.000000000000000000e+00,0.000000000000000000e+00,0.000000000000000000e+00,0.000000000000000000e+00,0.000000000000000000e+00,0.000000000000000000e+00,0.000000000000000000e+00,0.000000000000000000e+00,0.000000000000000000e+00,0.000000000000000000e+00,0.000000000000000000e+00,0.000000000000000000e+00,0.000000000000000000e+00,1.000000000000000000e+00,-6.355044929742099669e-01,2.653995356674353559e-02,5.894362928535120671e-01,-1.000000000000000000e+00,2.172469984274915944e-01,-6.610381550478396928e-01,-5.433771191255243327e-01,2.765105322796111431e-01,-9.491250407786309129e-01,9.618034968970877729e-01,-4.952174127096738987e-01,1.000000000000000000e+00,6.995182499945655774e-01,-7.387798060780741416e-01,-7.090826911590787374e-01,-1.000000000000000000e+00,7.524263185410731136e-01,-8.333941720176927248e-01,5.650447459716243515e-01,-1.000000000000000000e+00,7.501155973657671616e-01,1.000000000000000000e+00,9.743154842485508560e-01,-6.350686550466745350e-01,-7.240396506965312007e-01
0.000000000000000000e+00,0.000000000000000000e+00,0.000000000000000000e+00,0.000000000000000000e+00,0.000000000000000000e+00,0.000000000000000000e+00,0.000000000000000000e+00,0.000000000000000000e+00,0.000000000000000000e+00,0.000000000000000000e+00,0.000000000000000000e+00,0.000000000000000000e+00,0.000000000000000000e+00,0.000000000000000000e+00,0.000000000000000000e+00,0.000000000000000000e+00,0.000000000000000000e+00,0.000000000000000000e+00,0.000000000000000000e+00,0.000000000000000000e+00,0.000000000000000000e+00,0.000000000000000000e+00,0.000000000000000000e+00,0.000000000000000000e+00,0.000000000000000000e+00,0.000000000000000000e+00,0.000000000000000000e+00,0.000000000000000000e+00,0.000000000000000000e+00,0.000000000000000000e+00,0.000000000000000000e+00,0.000000000000000000e+00,0.000000000000000000e+00,0.000000000000000000e+00,0.000000000000000000e+00,0.000000000000000000e+00,0.000000000000000000e+00,0.000000000000000000e+00,0.000000000000000000e+00,0.000000000000000000e+00,0.000000000000000000e+00,0.000000000000000000e+00,0.000000000000000000e+00,0.000000000000000000e+00,0.000000000000000000e+00,0.000000000000000000e+00,0.000000000000000000e+00,0.000000000000000000e+00,0.000000000000000000e+00,0.000000000000000000e+00,0.000000000000000000e+00,0.000000000000000000e+00,0.000000000000000000e+00,0.000000000000000000e+00,0.000000000000000000e+00,0.000000000000000000e+00,0.000000000000000000e+00,0.000000000000000000e+00,0.000000000000000000e+00,0.000000000000000000e+00,0.000000000000000000e+00,0.000000000000000000e+00,0.000000000000000000e+00,0.000000000000000000e+00,0.000000000000000000e+00,0.000000000000000000e+00,0.000000000000000000e+00,0.000000000000000000e+00,0.000000000000000000e+00,0.000000000000000000e+00,0.000000000000000000e+00,0.000000000000000000e+00,0.000000000000000000e+00,0.000000000000000000e+00,0.000000000000000000e+00,1.000000000000000000e+00,6.869572928890006480e-01,3.019322311449463836e-01,9.423276523129697768e-01,1.493039578082063987e-02,3.576741821803968158e-01,6.677306457970093589e-01,7.818242741220343683e-01,5.067803338883059006e-01,-6.425914607415565971e-01,1.000000000000000000e+00,-1.000000000000000000e+00,-5.663371679201361086e-01,4.214490631925295050e-01,5.499701003225205831e-01,8.705953839894835511e-01,-9.524899456017176247e-01,8.193551010995658856e-01,-5.020160348894923130e-01,1.000000000000000000e+00,-9.064952506405212773e-01,-4.175513266815762958e-01,-9.627405951921834681e-01,7.165068077467642293e-01,5.143702783689461100e-01
0.000000000000000000e+00,0.000000000000000000e+00,0.000000000000000000e+00,0.000000000000000000e+00,0.000000000000000000e+00,0.000000000000000000e+00,0.000000000000000000e+00,0.000000000000000000e+00,0.000000000000000000e+00,0.000000000000000000e+00,0.000000000000000000e+00,0.000000000000000000e+00,0.000000000000000000e+00,0.000000000000000000e+00,0.000000000000000000e+00,0.000000000000000000e+00,0.000000000000000000e+00,0.000000000000000000e+00,0.000000000000000000e+00,0.000000000000000000e+00,0.000000000000000000e+00,0.000000000000000000e+00,0.000000000000000000e+00,0.000000000000000000e+00,0.000000000000000000e+00,0.000000000000000000e+00,0.000000000000000000e+00,0.000000000000000000e+00,0.000000000000000000e+00,0.000000000000000000e+00,0.000000000000000000e+00,0.000000000000000000e+00,0.000000000000000000e+00,0.000000000000000000e+00,0.000000000000000000e+00,0.000000000000000000e+00,0.000000000000000000e+00,0.000000000000000000e+00,0.000000000000000000e+00,0.000000000000000000e+00,0.000000000000000000e+00,0.000000000000000000e+00,0.000000000000000000e+00,0.000000000000000000e+00,0.000000000000000000e+00,0.000000000000000000e+00,0.000000000000000000e+00,0.000000000000000000e+00,0.000000000000000000e+00,0.000000000000000000e+00,0.000000000000000000e+00,0.000000000000000000e+00,0.000000000000000000e+00,0.000000000000000000e+00,0.000000000000000000e+00,0.000000000000000000e+00,0.000000000000000000e+00,0.000000000000000000e+00,0.000000000000000000e+00,0.000000000000000000e+00,0.000000000000000000e+00,0.000000000000000000e+00,0.000000000000000000e+00,0.000000000000000000e+00,0.000000000000000000e+00,0.000000000000000000e+00,0.000000000000000000e+00,0.000000000000000000e+00,0.000000000000000000e+00,0.000000000000000000e+00,0.000000000000000000e+00,0.000000000000000000e+00,0.000000000000000000e+00,0.000000000000000000e+00,0.000000000000000000e+00,0.000000000000000000e+00,1.000000000000000000e+00,3.305296004098506324e-01,-2.568133760578675817e-01,-1.651140387187640113e-01,-2.064835372528447954e-01,2.938321420252569260e-01,7.892253719486932440e-01,-3.132661958692179449e-01,8.251157651349452782e-02,1.027830523167109766e-01,-8.059938108528399425e-01,2.470755769631538187e-02,4.670867633362573573e-02,-3.541244713909062064e-02,1.996171204290469736e-01,-7.794355061036838395e-01,2.103675089904256668e-01,-1.126505992373870585e-01,5.203327537128140529e-02,-2.782632817729022157e-01,3.170845053083437559e-01,-1.103225101593609120e-01,-6.280605862753556312e-02,1.762332590162466253e-02
0.000000000000000000e+00,0.000000000000000000e+00,0.000000000000000000e+00,0.000000000000000000e+00,0.000000000000000000e+00,0.000000000000000000e+00,0.000000000000000000e+00,0.000000000000000000e+00,0.000000000000000000e+00,0.000000000000000000e+00,0.000000000000000000e+00,0.000000000000000000e+00,0.000000000000000000e+00,0.000000000000000000e+00,0.000000000000000000e+00,0.000000000000000000e+00,0.000000000000000000e+00,0.000000000000000000e+00,0.000000000000000000e+00,0.000000000000000000e+00,0.000000000000000000e+00,0.000000000000000000e+00,0.000000000000000000e+00,0.000000000000000000e+00,0.000000000000000000e+00,0.000000000000000000e+00,0.000000000000000000e+00,0.000000000000000000e+00,0.000000000000000000e+00,0.000000000000000000e+00,0.000000000000000000e+00,0.000000000000000000e+00,0.000000000000000000e+00,0.000000000000000000e+00,0.000000000000000000e+00,0.000000000000000000e+00,0.000000000000000000e+00,0.000000000000000000e+00,0.000000000000000000e+00,0.000000000000000000e+00,0.000000000000000000e+00,0.000000000000000000e+00,0.000000000000000000e+00,0.000000000000000000e+00,0.000000000000000000e+00,0.000000000000000000e+00,0.000000000000000000e+00,0.000000000000000000e+00,0.000000000000000000e+00,0.000000000000000000e+00,0.000000000000000000e+00,0.000000000000000000e+00,0.000000000000000000e+00,0.000000000000000000e+00,0.000000000000000000e+00,0.000000000000000000e+00,0.000000000000000000e+00,0.000000000000000000e+00,0.000000000000000000e+00,0.000000000000000000e+00,0.000000000000000000e+00,0.000000000000000000e+00,0.000000000000000000e+00,0.000000000000000000e+00,0.000000000000000000e+00,0.000000000000000000e+00,0.000000000000000000e+00,0.000000000000000000e+00,0.000000000000000000e+00,0.000000000000000000e+00,0.000000000000000000e+00,0.000000000000000000e+00,0.000000000000000000e+00,0.000000000000000000e+00,0.000000000000000000e+00,0.000000000000000000e+00,0.000000000000000000e+00,1.000000000000000000e+00,-7.637226446111669009e-01,3.182231654684247180e-01,-3.141270565865966757e-01,-1.225686920656178236e-01,4.804039297644308038e-01,-3.032405534010710890e-01,1.787893130254979979e-01,2.808793367946424424e-01,4.407371856139979394e-01,2.243733497292568213e-01,-4.920274310537099960e-01,-2.808559785277976451e-01,-7.203331754268658127e-01,4.795953501544246711e-01,-2.618224013024993413e-01,1.995814866737633808e-01,-1.445512058722477344e-01,-1.415511626542632212e-02,6.485751414971486772e-01,2.192077322160364272e-01,5.052641305588513321e-01,-3.260041297059096954e-01
0.000000000000000000e+00,0.000000000000000000e+00,0.000000000000000000e+00,0.000000000000000000e+00,0.000000000000000000e+00,0.000000000000000000e+00,0.000000000000000000e+00,0.000000000000000000e+00,0.000000000000000000e+00,0.000000000000000000e+00,0.000000000000000000e+00,0.000000000000000000e+00,0.000000000000000000e+00,0.000000000000000000e+00,0.000000000000000000e+00,0.000000000000000000e+00,0.000000000000000000e+00,0.000000000000000000e+00,0.000000000000000000e+00,0.000000000000000000e+00,0.000000000000000000e+00,0.000000000000000000e+00,0.000000000000000000e+00,0.000000000000000000e+00,0.000000000000000000e+00,0.000000000000000000e+00,0.000000000000000000e+00,0.000000000000000000e+00,0.000000000000000000e+00,0.000000000000000000e+00,0.000000000000000000e+00,0.000000000000000000e+00,0.000000000000000000e+00,0.000000000000000000e+00,0.000000000000000000e+00,0.000000000000000000e+00,0.000000000000000000e+00,0.000000000000000000e+00,0.000000000000000000e+00,0.000000000000000000e+00,0.000000000000000000e+00,0.000000000000000000e+00,0.000000000000000000e+00,0.000000000000000000e+00,0.000000000000000000e+00,0.000000000000000000e+00,0.000000000000000000e+00,0.000000000000000000e+00,0.000000000000000000e+00,0.000000000000000000e+00,0.000000000000000000e+00,0.000000000000000000e+00,0.000000000000000000e+00,0.000000000000000000e+00,0.000000000000000000e+00,0.000000000000000000e+00,0.000000000000000000e+00,0.000000000000000000e+00,0.000000000000000000e+00,0.000000000000000000e+00,0.000000000000000000e+00,0.000000000000000000e+00,0.000000000000000000e+00,0.000000000000000000e+00,0.000000000000000000e+00,0.000000000000000000e+00,0.000000000000000000e+00,0.000000000000000000e+00,0.000000000000000000e+00,0.000000000000000000e+00,0.000000000000000000e+00,0.000000000000000000e+00,0.000000000000000000e+00,0.000000000000000000e+00,0.000000000000000000e+00,0.000000000000000000e+00,0.000000000000000000e+00,0.000000000000000000e+00,1.000000000000000000e+00,-1.459169527608495387e-01,3.051592039443258852e-01,2.136266356348414941e-01,8.270825156271618961e-02,3.019792607912837878e-01,-1.768579760917361465e-01,3.351810551945075267e-01,-2.071915617997791559e-01,-2.933464173808377762e-01,3.775569805796987755e-01,3.562121608268216111e-01,5.359309359760039415e-01,-4.324840106447060406e-01,2.986411429838612408e-01,-2.090338582246211718e-01,5.563251208750689125e-01,-2.323699496437869605e-01,-4.665597930744970756e-01,-3.945091941831913585e-01,-3.470318257553693386e-01,3.083401477957827264e-01
0.000000000000000000e+00,0.000000000000000000e+00,0.000000000000000000e+00,0.000000000000000000e+00,0.000000000000000000e+00,0.000000000000000000e+00,0.000000000000000000e+00,0.000000000000000000e+00,0.000000000000000000e+00,0.000000000000000000e+00,0.000000000000000000e+00,0.000000000000000000e+00,0.000000000000000000e+00,0.000000000000000000e+00,0.000000000000000000e+00,0.000000000000000000e+00,0.000000000000000000e+00,0.000000000000000000e+00,0.000000000000000000e+00,0.000000000000000000e+00,0.000000000000000000e+00,0.000000000000000000e+00,0.000000000000000000e+00,0.000000000000000000e+00,0.000000000000000000e+00,0.000000000000000000e+00,0.000000000000000000e+00,0.000000000000000000e+00,0.000000000000000000e+00,0.000000000000000000e+00,0.000000000000000000e+00,0.000000000000000000e+00,0.000000000000000000e+00,0.000000000000000000e+00,0.000000000000000000e+00,0.000000000000000000e+00,0.000000000000000000e+00,0.000000000000000000e+00,0.000000000000000000e+00,0.000000000000000000e+00,0.000000000000000000e+00,0.000000000000000000e+00,0.000000000000000000e+00,0.000000000000000000e+00,0.000000000000000000e+00,0.000000000000000000e+00,0.000000000000000000e+00,0.000000000000000000e+00,0.000000000000000000e+00,0.000000000000000000e+00,0.000000000000000000e+00,0.000000000000000000e+00,0.000000000000000000e+00,0.000000000000000000e+00,0.000000000000000000e+00,0.000000000000000000e+00,0.000000000000000000e+00,0.000000000000000000e+00,0.000000000000000000e+00,0.000000000000000000e+00,0.000000000000000000e+00,0.000000000000000000e+00,0.000000000000000000e+00,0.000000000000000000e+00,0.000000000000000000e+00,0.000000000000000000e+00,0.000000000000000000e+00,0.000000000000000000e+00,0.000000000000000000e+00,0.000000000000000000e+00,0.000000000000000000e+00,0.000000000000000000e+00,0.000000000000000000e+00,0.000000000000000000e+00,0.000000000000000000e+00,0.000000000000000000e+00,0.000000000000000000e+00,0.000000000000000000e+00,0.000000000000000000e+00,1.000000000000000000e+00,2.357325650789594829e-01,-1.350649479711857059e-01,-1.889251402238374955e-01,1.825425710360226994e-01,8.306890217311382885e-02,3.101158819835981295e-01,-2.244447995270653327e-03,-9.160524694115884312e-03,-2.993676913645519910e-01,-7.537955564368627182e-02,-3.459786563770570478e-01,1.847319346917547511e-01,-9.658862642280727218e-02,5.049751019198052415e-02,-1.039977462696620170e-01,2.970036261311173043e-01,-5.369840881700229662e-01,-1.470582713776843672e-02,6.312284240170117355e-01,-1.468387562582608441e-01
0.000000000000000000e+00,0.000000000000000000e+00,0.000000000000000000e+00,0.000000000000000000e+00,0.000000000000000000e+00,0.000000000000000000e+00,0.000000000000000000e+00,0.000000000000000000e+00,0.000000000000000000e+00,0.000000000000000000e+00,0.000000000000000000e+00,0.000000000000000000e+00,0.000000000000000000e+00,0.000000000000000000e+00,0.000000000000000000e+00,0.000000000000000000e+00,0.000000000000000000e+00,0.000000000000000000e+00,0.000000000000000000e+00,0.000000000000000000e+00,0.000000000000000000e+00,0.000000000000000000e+00,0.000000000000000000e+00,0.000000000000000000e+00,0.000000000000000000e+00,0.000000000000000000e+00,0.000000000000000000e+00,0.000000000000000000e+00,0.000000000000000000e+00,0.000000000000000000e+00,0.000000000000000000e+00,0.000000000000000000e+00,0.000000000000000000e+00,0.000000000000000000e+00,0.000000000000000000e+00,0.000000000000000000e+00,0.000000000000000000e+00,0.000000000000000000e+00,0.000000000000000000e+00,0.000000000000000000e+00,0.000000000000000000e+00,0.000000000000000000e+00,0.000000000000000000e+00,0.000000000000000000e+00,0.000000000000000000e+00,0.000000000000000000e+00,0.000000000000000000e+00,0.000000000000000000e+00,0.000000000000000000e+00,0.000000000000000000e+00,0.000000000000000000e+00,0.000000000000000000e+00,0.000000000000000000e+00,0.000000000000000000e+00,0.000000000000000000e+00,0.000000000000000000e+00,0.000000000000000000e+00,0.000000000000000000e+00,0.000000000000000000e+00,0.000000000000000000e+00,0.000000000000000000e+00,0.000000000000000000e+00,0.000000000000000000e+00,0.000000000000000000e+00,0.000000000000000000e+00,0.000000000000000000e+00,0.000000000000000000e+00,0.000000000000000000e+00,0.000000000000000000e+00,0.000000000000000000e+00,0.000000000000000000e+00,0.000000000000000000e+00,0.000000000000000000e+00,0.000000000000000000e+00,0.000000000000000000e+00,0.000000000000000000e+00,0.000000000000000000e+00,0.000000000000000000e+00,0.000000000000000000e+00,0.000000000000000000e+00,1.000000000000000000e+00,2.182074739740783587e-01,-9.419190844131730689e-01,1.000000000000000000e+00,-9.590676815211492956e-01,3.756283548767712643e-01,-5.984089488060426731e-01,-6.038486464729238001e-01,4.254224513458574886e-01,5.723273598376322768e-01,5.102640867067186337e-01,-3.770080307207738790e-01,5.190457429133966682e-01,-3.990829129710397050e-01,8.186575148400170310e-01,-3.135788241968866519e-01,-1.000000000000000000e+00,-7.900524572100655618e-01,1.000000000000000000e+00,5.148881206343216554e-01
0.000000000000000000e+00,0.000000000000000000e+00,0.000000000000000000e+00,0.000000000000000000e+00,0.000000000000000000e+00,0.000000000000000000e+00,0.000000000000000000e+00,0.000000000000000000e+00,0.000000000000000000e+00,0.000000000000000000e+00,0.000000000000000000e+00,0.000000000000000000e+00,0.000000000000000000e+00,0.000000000000000000e+00,0.000000000000000000e+00,0.000000000000000000e+00,0.000000000000000000e+00,0.000000000000000000e+00,0.000000000000000000e+00,0.000000000000000000e+00,0.000000000000000000e+00,0.000000000000000000e+00,0.000000000000000000e+00,0.000000000000000000e+00,0.000000000000000000e+00,0.000000000000000000e+00,0.000000000000000000e+00,0.000000000000000000e+00,0.000000000000000000e+00,0.000000000000000000e+00,0.000000000000000000e+00,0.000000000000000000e+00,0.000000000000000000e+00,0.000000000000000000e+00,0.000000000000000000e+00,0.000000000000000000e+00,0.000000000000000000e+00,0.000000000000000000e+00,0.000000000000000000e+00,0.000000000000000000e+00,0.000000000000000000e+00,0.000000000000000000e+00,0.000000000000000000e+00,0.000000000000000000e+00,0.000000000000000000e+00,0.000000000000000000e+00,0.000000000000000000e+00,0.000000000000000000e+00,0.000000000000000000e+00,0.000000000000000000e+00,0.000000000000000000e+00,0.000000000000000000e+00,0.000000000000000000e+00,0.000000000000000000e+00,0.000000000000000000e+00,0.000000000000000000e+00,0.000000000000000000e+00,0.000000000000000000e+00,0.000000000000000000e+00,0.000000000000000000e+00,0.000000000000000000e+00,0.000000000000000000e+00,0.000000000000000000e+00,0.000000000000000000e+00,0.000000000000000000e+00,0.000000000000000000e+00,0.000000000000000000e+00,0.000000000000000000e+00,0.000000000000000000e+00,0.000000000000000000e+00,0.000000000000000000e+00,0.000000000000000000e+00,0.000000000000000000e+00,0.000000000000000000e+00,0.000000000000000000e+00,0.000000000000000000e+00,0.000000000000000000e+00,0.000000000000000000e+00,0.000000000000000000e+00,0.000000000000000000e+00,0.000000000000000000e+00,1.000000000000000000e+00,6.239874610758945339e-01,7.092411815288407473e-01,-9.895765576969065558e-01,5.382954587050892137e-01,-1.000000000000000000e+00,-7.515921437342611977e-01,1.000000000000000000e+00,8.488898590963142032e-01,1.000000000000000000e+00,-1.000000000000000000e+00,1.000000000000000000e+00,-7.848658045048989562e-01,1.000000000000000000e+00,-1.000000000000000000e+00,-7.118356065024034063e-01,-1.000000000000000000e+00,1.531131299212540875e-01,9.226999008072470643e-01
0.000000000000000000e+00,0.000000000000000000e+00,0.000000000000000000e+00,0.000000000000000000e+00,0.000000000000000000e+00,0.000000000000000000e+00,0.000000000000000000e+00,0.000000000000000000e+00,0.000000000000000000e+00,0.000000000000000000e+00,0.000000000000000000e+00,0.000000000000000000e+00,0.000000000000000000e+00,0.000000000000000000e+00,0.000000000000000000e+00,0.000000000000000000e+00,0.000000000000000000e+00,0.000000000000000000e+00,0.000000000000000000e+00,0.000000000000000000e+00,0.000000000000000000e+00,0.000000000000000000e+00,0.000000000000000000e+00,0.000000000000000000e+00,0.000000000000000000e+00,0.000000000000000000e+00,0.000000000000000000e+00,0.000000000000000000e+00,0.000000000000000000e+00,0.000000000000000000e+00,0.000000000000000000e+00,0.000000000000000000e+00,0.000000000000000000e+00,0.000000000000000000e+00,0.000000000000000000e+00,0.000000000000000000e+00,0.000000000000000000e+00,0.000000000000000000e+00,0.000000000000000000e+00,0.000000000000000000e+00,0.000000000000000000e+00,0.000000000000000000e+00,0.000000000000000000e+00,0.000000000000000000e+00,0.000000000000000000e+00,0.000000000000000000e+00,0.000000000000000000e+00,0.000000000000000000e+00,0.000000000000000000e+00,0.000000000000000000e+00,0.000000000000000000e+00,0.000000000000000000e+00,0.000000000000000000e+00,0.000000000000000000e+00,0.000000000000000000e+00,0.000000000000000000e+00,0.000000000000000000e+00,0.000000000000000000e+00,0.000000000000000000e+00,0.000000000000000000e+00,0.000000000000000000e+00,0.000000000000000000e+00,0.000000000000000000e+00,0.000000000000000000e+00,0.000000000000000000e+00,0.000000000000000000e+00,0.000000000000000000e+00,0.000000000000000000e+00,0.000000000000000000e+00,0.000000000000000000e+00,0.000000000000000000e+00,0.000000000000000000e+00,0.000000000000000000e+00,0.000000000000000000e+00,0.000000000000000000e+00,0.000000000000000000e+00,0.000000000000000000e+00,0.000000000000000000e+00,0.000000000000000000e+00,0.000000000000000000e+00,0.000000000000000000e+00,0.000000000000000000e+00,1.000000000000000000e+00,-5.499073540493266687e-01,5.128544135890938938e-01,4.149994413041595553e-01,4.891204087989464711e-02,1.186653656269072848e-01,-9.168059458524786820e-02,-9.146239871802530619e-02,5.929542362646780806e-02,-3.302050728456664697e-01,-4.239899430838362654e-02,6.291769685347099739e-02,3.515845028050561955e-02,-3.575653075481964593e-02,6.441263061283623026e-01,5.291176607663600900e-02,-7.090153459955531590e-01,-1.280280158593798401e-01
0.000000000000000000e+00,0.000000000000000000e+00,0.000000000000000000e+00,0.000000000000000000e+00,0.000000000000000000e+00,0.000000000000000000e+00,0.000000000000000000e+00,0.000000000000000000e+00,0.000000000000000000e+00,0.000000000000000000e+00,0.000000000000000000e+00,0.000000000000000000e+00,0.000000000000000000e+00,0.000000000000000000e+00,0.000000000000000000e+00,0.000000000000000000e+00,0.000000000000000000e+00,0.000000000000000000e+00,0.000000000000000000e+00,0.000000000000000000e+00,0.000000000000000000e+00,0.000000000000000000e+00,0.000000000000000000e+00,0.000000000000000000e+00,0.000000000000000000e+00,0.000000000000000000e+00,0.000000000000000000e+00,0.000000000000000000e+00,0.000000000000000000e+00,0.000000000000000000e+00,0.000000000000000000e+00,0.000000000000000000e+00,0.000000000000000000e+00,0.000000000000000000e+00,0.000000000000000000e+00,0.000000000000000000e+00,0.000000000000000000e+00,0.000000000000000000e+00,0.000000000000000000e+00,0.000000000000000000e+00,0.000000000000000000e+00,0.000000000000000000e+00,0.000000000000000000e+00,0.000000000000000000e+00,0.000000000000000000e+00,0.000000000000000000e+00,0.000000000000000000e+00,0.000000000000000000e+00,0.000000000000000000e+00,0.000000000000000000e+00,0.000000000000000000e+00,0.000000000000000000e+00,0.000000000000000000e+00,0.000000000000000000e+00,0.000000000000000000e+00,0.000000000000000000e+00,0.000000000000000000e+00,0.000000000000000000e+00,0.000000000000000000e+00,0.000000000000000000e+00,0.000000000000000000e+00,0.000000000000000000e+00,0.000000000000000000e+00,0.000000000000000000e+00,0.000000000000000000e+00,0.000000000000000000e+00,0.000000000000000000e+00,0.000000000000000000e+00,0.000000000000000000e+00,0.000000000000000000e+00,0.000000000000000000e+00,0.000000000000000000e+00,0.000000000000000000e+00,0.000000000000000000e+00,0.000000000000000000e+00,0.000000000000000000e+00,0.000000000000000000e+00,0.000000000000000000e+00,0.000000000000000000e+00,0.000000000000000000e+00,0.000000000000000000e+00,0.000000000000000000e+00,0.000000000000000000e+00,1.000000000000000000e+00,-9.239183065576918041e-01,-5.550497713372159678e-03,-3.177270299355109406e-01,-4.057462199335170605e-01,2.855616881682028763e-01,4.038418245394175821e-01,9.145144682103156786e-02,4.854552684046513356e-02,3.596454687006968576e-01,-2.804407460071641212e-01,6.213854480003921932e-01,-4.284042313769263477e-01,-1.000000000000000000e+00,-4.619263158162617011e-01,1.000000000000000000e+00,3.853689836274760139e-01
0.000000000000000000e+00,0.000000000000000000e+00,0.000000000000000000e+00,0.000000000000000000e+00,0.000000000000000000e+00,0.000000000000000000e+00,0.000000000000000000e+00,0.000000000000000000e+00,0.000000000000000000e+00,0.000000000000000000e+00,0.000000000000000000e+00,0.000000000000000000e+00,0.000000000000000000e+00,0.000000000000000000e+00,0.000000000000000000e+00,0.000000000000000000e+00,0.000000000000000000e+00,0.000000000000000000e+00,0.000000000000000000e+00,0.000000000000000000e+00,0.000000000000000000e+00,0.000000000000000000e+00,0.000000000000000000e+00,0.000000000000000000e+00,0.000000000000000000e+00,0.000000000000000000e+00,0.000000000000000000e+00,0.000000000000000000e+00,0.000000000000000000e+00,0.000000000000000000e+00,0.000000000000000000e+00,0.000000000000000000e+00,0.000000000000000000e+00,0.000000000000000000e+00,0.000000000000000000e+00,0.000000000000000000e+00,0.000000000000000000e+00,0.000000000000000000e+00,0.000000000000000000e+00,0.000000000000000000e+00,0.000000000000000000e+00,0.000000000000000000e+00,0.000000000000000000e+00,0.000000000000000000e+00,0.000000000000000000e+00,0.000000000000000000e+00,0.000000000000000000e+00,0.000000000000000000e+00,0.000000000000000000e+00,0.000000000000000000e+00,0.000000000000000000e+00,0.000000000000000000e+00,0.000000000000000000e+00,0.000000000000000000e+00,0.000000000000000000e+00,0.000000000000000000e+00,0.000000000000000000e+00,0.000000000000000000e+00,0.000000000000000000e+00,0.000000000000000000e+00,0.000000000000000000e+00,0.000000000000000000e+00,0.000000000000000000e+00,0.000000000000000000e+00,0.000000000000000000e+00,0.000000000000000000e+00,0.000000000000000000e+00,0.000000000000000000e+00,0.000000000000000000e+00,0.000000000000000000e+00,0.000000000000000000e+00,0.000000000000000000e+00,0.000000000000000000e+00,0.000000000000000000e+00,0.000000000000000000e+00,0.000000000000000000e+00,0.000000000000000000e+00,0.000000000000000000e+00,0.000000000000000000e+00,0.000000000000000000e+00,0.000000000000000000e+00,0.000000000000000000e+00,0.000000000000000000e+00,0.000000000000000000e+00,1.000000000000000000e+00,1.407544813960396046e-01,3.057995413351746739e-01,3.434149334826052669e-01,-3.068202951140709400e-01,-3.706974762856283800e-01,-7.934415917013543096e-02,9.296086189746208608e-03,-3.718168872073655540e-01,2.652785503948822399e-01,-6.159486571745826922e-01,5.848864227251934222e-01,7.344797802414876342e-01,4.081059354589993138e-01,-8.935474204892824845e-01,-3.695475422994164982e-01
0.000000000000000000e+00,0.000000000000000000e+00,0.000000000000000000e+00,0.000000000000000000e+00,0.000000000000000000e+00,0.000000000000000000e+00,0.000000000000000000e+00,0.000000000000000000e+00,0.000000000000000000e+00,0.000000000000000000e+00,0.000000000000000000e+00,0.000000000000000000e+00,0.000000000000000000e+00,0.000000000000000000e+00,0.000000000000000000e+00,0.000000000000000000e+00,0.000000000000000000e+00,0.000000000000000000e+00,0.000000000000000000e+00,0.000000000000000000e+00,0.000000000000000000e+00,0.000000000000000000e+00,0.000000000000000000e+00,0.000000000000000000e+00,0.000000000000000000e+00,0.000000000000000000e+00,0.000000000000000000e+00,0.000000000000000000e+00,0.000000000000000000e+00,0.000000000000000000e+00,0.000000000000000000e+00,0.000000000000000000e+00,0.000000000000000000e+00,0.000000000000000000e+00,0.000000000000000000e+00,0.000000000000000000e+00,0.000000000000000000e+00,0.000000000000000000e+00,0.000000000000000000e+00,0.000000000000000000e+00,0.000000000000000000e+00,0.000000000000000000e+00,0.000000000000000000e+00,0.000000000000000000e+00,0.000000000000000000e+00,0.000000000000000000e+00,0.000000000000000000e+00,0.000000000000000000e+00,0.000000000000000000e+00,0.000000000000000000e+00,0.000000000000000000e+00,0.000000000000000000e+00,0.000000000000000000e+00,0.000000000000000000e+00,0.000000000000000000e+00,0.000000000000000000e+00,0.000000000000000000e+00,0.000000000000000000e+00,0.000000000000000000e+00,0.000000000000000000e+00,0.000000000000000000e+00,0.000000000000000000e+00,0.000000000000000000e+00,0.000000000000000000e+00,0.000000000000000000e+00,0.000000000000000000e+00,0.000000000000000000e+00,0.000000000000000000e+00,0.000000000000000000e+00,0.000000000000000000e+00,0.000000000000000000e+00,0.000000000000000000e+00,0.000000000000000000e+00,0.000000000000000000e+00,0.000000000000000000e+00,0.000000000000000000e+00,0.000000000000000000e+00,0.000000000000000000e+00,0.000000000000000000e+00,0.000000000000000000e+00,0.000000000000000000e+00,0.000000000000000000e+00,0.000000000000000000e+00,0.000000000000000000e+00,0.000000000000000000e+00,1.000000000000000000e+00,3.666269903929815499e-02,-1.710809275890581294e-01,-7.254750314883121054e-02,1.367155230793418164e-01,1.831002584437524117e-01,-2.384351866523675700e-01,1.374865933826582010e-01,-7.193324045844712300e-02,5.109556681685473167e-01,-1.162649878121592012e-01,-1.236674710879774458e-01,-3.639739795227678321e-01,7.838719760412059256e-02,2.708397833395256513e-02
0.000000000000000000e+00,0.000000000000000000e+00,0.000000000000000000e+00,0.000000000000000000e+00,0.000000000000000000e+00,0.000000000000000000e+00,0.000000000000000000e+00,0.000000000000000000e+00,0.000000000000000000e+00,0.000000000000000000e+00,0.000000000000000000e+00,0.000000000000000000e+00,0.000000000000000000e+00,0.000000000000000000e+00,0.000000000000000000e+00,0.000000000000000000e+00,0.000000000000000000e+00,0.000000000000000000e+00,0.000000000000000000e+00,0.000000000000000000e+00,0.000000000000000000e+00,0.000000000000000000e+00,0.000000000000000000e+00,0.000000000000000000e+00,0.000000000000000000e+00,0.000000000000000000e+00,0.000000000000000000e+00,0.000000000000000000e+00,0.000000000000000000e+00,0.000000000000000000e+00,0.000000000000000000e+00,0.000000000000000000e+00,0.000000000000000000e+00,0.000000000000000000e+00,0.000000000000000000e+00,0.000000000000000000e+00,0.000000000000000000e+00,0.000000000000000000e+00,0.000000000000000000e+00,0.000000000000000000e+00,0.000000000000000000e+00,0.000000000000000000e+00,0.000000000000000000e+00,0.000000000000000000e+00,0.000000000000000000e+00,0.000000000000000000e+00,0.000000000000000000e+00,0.000000000000000000e+00,0.000000000000000000e+00,0.000000000000000000e+00,0.000000000000000000e+00,0.000000000000000000e+00,0.000000000000000000e+00,0.000000000000000000e+00,0.000000000000000000e+00,0.000000000000000000e+00,0.000000000000000000e+00,0.000000000000000000e+00,0.000000000000000000e+00,0.000000000000000000e+00,0.000000000000000000e+00,0.000000000000000000e+00,0.000000000000000000e+00,0.000000000000000000e+00,0.000000000000000000e+00,0.000000000000000000e+00,0.000000000000000000e+00,0.000000000000000000e+00,0.000000000000000000e+00,0.000000000000000000e+00,0.000000000000000000e+00,0.000000000000000000e+00,0.000000000000000000e+00,0.000000000000000000e+00,0.000000000000000000e+00,0.000000000000000000e+00,0.000000000000000000e+00,0.000000000000000000e+00,0.000000000000000000e+00,0.000000000000000000e+00,0.000000000000000000e+00,0.000000000000000000e+00,0.000000000000000000e+00,0.000000000000000000e+00,0.000000000000000000e+00,0.000000000000000000e+00,1.000000000000000000e+00,1.888922886077754049e-01,-2.443451893064793323e-01,-1.358038871904366229e-01,-5.875934029002546355e-01,5.675929499235918829e-01,-3.314764924796070322e-01,2.273142849534461052e-01,-1.564572668829354862e-01,1.056082473824495049e-01,3.397930748603746887e-01,2.749160867293321542e-01,-2.662221930624628086e-01,-2.129579278036526357e-01
0.000000000000000000e+00,0.000000000000000000e+00,0.000000000000000000e+00,0.000000000000000000e+00,0.000000000000000000e+00,0.000000000000000000e+00,0.000000000000000000e+00,0.000000000000000000e+00,0.000000000000000000e+00,0.000000000000000000e+00,0.000000000000000000e+00,0.000000000000000000e+00,0.000000000000000000e+00,0.000000000000000000e+00,0.000000000000000000e+00,0.000000000000000000e+00,0.000000000000000000e+00,0.000000000000000000e+00,0.000000000000000000e+00,0.000000000000000000e+00,0.000000000000000000e+00,0.000000000000000000e+00,0.000000000000000000e+00,0.000000000000000000e+00,0.000000000000000000e+00,0.000000000000000000e+00,0.000000000000000000e+00,0.000000000000000000e+00,0.000000000000000000e+00,0.000000000000000000e+00,0.000000000000000000e+00,0.000000000000000000e+00,0.000000000000000000e+00,0.000000000000000000e+00,0.000000000000000000e+00,0.000000000000000000e+00,0.000000000000000000e+00,0.000000000000000000e+00,0.000000000000000000e+00,0.000000000000000000e+00,0.000000000000000000e+00,0.000000000000000000e+00,0.000000000000000000e+00,0.000000000000000000e+00,0.000000000000000000e+00,0.000000000000000000e+00,0.000000000000000000e+00,0.000000000000000000e+00,0.000000000000000000e+00,0.000000000000000000e+00,0.000000000000000000e+00,0.000000000000000000e+00,0.000000000000000000e+00,0.000000000000000000e+00,0.000000000000000000e+00,0.000000000000000000e+00,0.000000000000000000e+00,0.000000000000000000e+00,0.000000000000000000e+00,0.000000000000000000e+00,0.000000000000000000e+00,0.000000000000000000e+00,0.000000000000000000e+00,0.000000000000000000e+00,0.000000000000000000e+00,0.000000000000000000e+00,0.000000000000000000e+00,0.000000000000000000e+00,0.000000000000000000e+00,0.000000000000000000e+00,0.000000000000000000e+00,0.000000000000000000e+00,0.000000000000000000e+00,0.000000000000000000e+00,0.000000000000000000e+00,0.000000000000000000e+00,0.000000000000000000e+00,0.000000000000000000e+00,0.000000000000000000e+00,0.000000000000000000e+00,0.000000000000000000e+00,0.000000000000000000e+00,0.000000000000000000e+00,0.000000000000000000e+00,0.000000000000000000e+00,0.000000000000000000e+00,0.000000000000000000e+00,1.000000000000000000e+00,-9.164281026978062794e-01,-9.987544393737551873e-01,-1.000000000000000000e+00,8.543420624856034040e-01,-1.000000000000000000e+00,7.608344069677054344e-01,-1.000000000000000000e+00,1.000000000000000000e+00,1.000000000000000000e+00,1.000000000000000000e+00,-1.000000000000000000e+00,-9.696961634456596757e-01
0.000000000000000000e+00,0.000000000000000000e+00,0.000000000000000000e+00,0.000000000000000000e+00,0.000000000000000000e+00,0.000000000000000000e+00,0.000000000000000000e+00,0.000000000000000000e+00,0.000000000000000000e+00,0.000000000000000000e+00,0.000000000000000000e+00,0.000000000000000000e+00,0.000000000000000000e+00,0.000000000000000000e+00,0.000000000000000000e+00,0.000000000000000000e+00,0.000000000000000000e+00,0.000000000000000000e+00,0.000000000000000000e+00,0.000000000000000000e+00,0.000000000000000000e+00,0.000000000000000000e+00,0.000000000000000000e+00,0.000000000000000000e+00,0.000000000000000000e+00,0.000000000000000000e+00,0.000000000000000000e+00,0.000000000000000000e+00,0.000000000000000000e+00,0.000000000000000000e+00,0.000000000000000000e+00,0.000000000000000000e+00,0.000000000000000000e+00,0.000000000000000000e+00,0.000000000000000000e+00,0.000000000000000000e+00,0.000000000000000000e+00,0.000000000000000000e+00,0.000000000000000000e+00,0.000000000000000000e+00,0.000000000000000000e+00,0.000000000000000000e+00,0.000000000000000000e+00,0.000000000000000000e+00,0.000000000000000000e+00,0.000000000000000000e+00,0.000000000000000000e+00,0.000000000000000000e+00,0.000000000000000000e+00,0.000000000000000000e+00,0.000000000000000000e+00,0.000000000000000000e+00,0.000000000000000000e+00,0.000000000000000000e+00,0.000000000000000000e+00,0.000000000000000000e+00,0.000000000000000000e+00,0.000000000000000000e+00,0.000000000000000000e+00,0.000000000000000000e+00,0.000000000000000000e+00,0.000000000000000000e+00,0.000000000000000000e+00,0.000000000000000000e+00,0.000000000000000000e+00,0.000000000000000000e+00,0.000000000000000000e+00,0.000000000000000000e+00,0.000000000000000000e+00,0.000000000000000000e+00,0.000000000000000000e+00,0.000000000000000000e+00,0.000000000000000000e+00,0.000000000000000000e+00,0.000000000000000000e+00,0.000000000000000000e+00,0.000000000000000000e+00,0.000000000000000000e+00,0.000000000000000000e+00,0.000000000000000000e+00,0.000000000000000000e+00,0.000000000000000000e+00,0.000000000000000000e+00,0.000000000000000000e+00,0.000000000000000000e+00,0.000000000000000000e+00,0.000000000000000000e+00,0.000000000000000000e+00,1.000000000000000000e+00,6.853490381978805113e-01,1.000000000000000000e+00,-1.000000000000000000e+00,8.080292886417850262e-01,-5.345191825487830561e-01,9.279315833819128390e-01,-6.885393492103639712e-01,-7.988106070526248548e-01,-7.450244097722603653e-01,-3.387871402986383229e-01,7.628279807724461792e-01
0.000000000000000000e+00,0.000000000000000000e+00,0.000000000000000000e+00,0.000000000000000000e+00,0.000000000000000000e+00,0.000000000000000000e+00,0.000000000000000000e+00,0.000000000000000000e+00,0.000000000000000000e+00,0.000000000000000000e+00,0.000000000000000000e+00,0.000000000000000000e+00,0.000000000000000000e+00,0.000000000000000000e+00,0.000000000000000000e+00,0.000000000000000000e+00,0.000000000000000000e+00,0.000000000000000000e+00,0.000000000000000000e+00,0.000000000000000000e+00,0.000000000000000000e+00,0.000000000000000000e+00,0.000000000000000000e+00,0.000000000000000000e+00,0.000000000000000000e+00,0.000000000000000000e+00,0.000000000000000000e+00,0.000000000000000000e+00,0.000000000000000000e+00,0.000000000000000000e+00,0.000000000000000000e+00,0.000000000000000000e+00,0.000000000000000000e+00,0.000000000000000000e+00,0.000000000000000000e+00,0.000000000000000000e+00,0.000000000000000000e+00,0.000000000000000000e+00,0.000000000000000000e+00,0.000000000000000000e+00,0.000000000000000000e+00,0.000000000000000000e+00,0.000000000000000000e+00,0.000000000000000000e+00,0.000000000000000000e+00,0.000000000000000000e+00,0.000000000000000000e+00,0.000000000000000000e+00,0.000000000000000000e+00,0.000000000000000000e+00,0.000000000000000000e+00,0.000000000000000000e+00,0.000000000000000000e+00,0.000000000000000000e+00,0.000000000000000000e+00,0.000000000000000000e+00,0.000000000000000000e+00,0.000000000000000000e+00,0.000000000000000000e+00,0.000000000000000000e+00,0.000000000000000000e+00,0.000000000000000000e+00,0.000000000000000000e+00,0.000000000000000000e+00,0.000000000000000000e+00,0.000000000000000000e+00,0.000000000000000000e+00,0.000000000000000000e+00,0.000000000000000000e+00,0.000000000000000000e+00,0.000000000000000000e+00,0.000000000000000000e+00,0.000000000000000000e+00,0.000000000000000000e+00,0.000000000000000000e+00,0.000000000000000000e+00,0.000000000000000000e+00,0.000000000000000000e+00,0.000000000000000000e+00,0.000000000000000000e+00,0.000000000000000000e+00,0.000000000000000000e+00,0.000000000000000000e+00,0.000000000000000000e+00,0.000000000000000000e+00,0.000000000000000000e+00,0.000000000000000000e+00,0.000000000000000000e+00,0.000000000000000000e+00,1.000000000000000000e+00,9.730338906903109875e-01,-8.884218164778954208e-01,9.848391046275317695e-01,-6.584003656261432358e-01,1.000000000000000000e+00,-1.000000000000000000e+00,-1.000000000000000000e+00,-1.000000000000000000e+00,2.852998131743986754e-01,9.052902196308562077e-01
0.000000000000000000e+00,0.000000000000000000e+00,0.000000000000000000e+00,0.000000000000000000e+00,0.000000000000000000e+00,0.000000000000000000e+00,0.000000000000000000e+00,0.000000000000000000e+00,0.000000000000000000e+00,0.000000000000000000e+00,0.000000000000000000e+00,0.000000000000000000e+00,0.000000000000000000e+00,0.000000000000000000e+00,0.000000000000000000e+00,0.000000000000000000e+00,0.000000000000000000e+00,0.000000000000000000e+00,0.000000000000000000e+00,0.000000000000000000e+00,0.000000000000000000e+00,0.000000000000000000e+00,0.000000000000000000e+00,0.000000000000000000e+00,0.000000000000000000e+00,0.000000000000000000e+00,0.000000000000000000e+00,0.000000000000000000e+00,0.000000000000000000e+00,0.000000000000000000e+00,0.000000000000000000e+00,0.000000000000000000e+00,0.000000000000000000e+00,0.000000000000000000e+00,0.000000000000000000e+00,0.000000000000000000e+00,0.000000000000000000e+00,0.000000000000000000e+00,0.000000000000000000e+00,0.000000000000000000e+00,0.000000000000000000e+00,0.000000000000000000e+00,0.000000000000000000e+00,0.000000000000000000e+00,0.000000000000000000e+00,0.000000000000000000e+00,0.000000000000000000e+00,0.000000000000000000e+00,0.000000000000000000e+00,0.000000000000000000e+00,0.000000000000000000e+00,0.000000000000000000e+00,0.000000000000000000e+00,0.000000000000000000e+00,0.000000000000000000e+00,0.000000000000000000e+00,0.000000000000000000e+00,0.000000000000000000e+00,0.000000000000000000e+00,0.000000000000000000e+00,0.000000000000000000e+00,0.000000000000000000e+00,0.000000000000000000e+00,0.000000000000000000e+00,0.000000000000000000e+00,0.000000000000000000e+00,0.000000000000000000e+00,0.000000000000000000e+00,0.000000000000000000e+00,0.000000000000000000e+00,0.000000000000000000e+00,0.000000000000000000e+00,0.000000000000000000e+00,0.000000000000000000e+00,0.000000000000000000e+00,0.000000000000000000e+00,0.000000000000000000e+00,0.000000000000000000e+00,0.000000000000000000e+00,0.000000000000000000e+00,0.000000000000000000e+00,0.000000000000000000e+00,0.000000000000000000e+00,0.000000000000000000e+00,0.000000000000000000e+00,0.000000000000000000e+00,0.000000000000000000e+00,0.000000000000000000e+00,0.000000000000000000e+00,0.000000000000000000e+00,1.000000000000000000e+00,-6.899309483017950217e-01,3.928349713950697875e-01,-2.530504110993309630e-01,2.871948968651443779e-01,-1.191325378687131398e-01,-2.138732567470912893e-01,-3.707206517570725279e-01,-2.261210377158980045e-01,3.072923937428770347e-01
0.000000000000000000e+00,0.000000000000000000e+00,0.000000000000000000e+00,0.000000000000000000e+00,0.000000000000000000e+00,0.000000000000000000e+00,0.000000000000000000e+00,0.000000000000000000e+00,0.000000000000000000e+00,0.000000000000000000e+00,0.000000000000000000e+00,0.000000000000000000e+00,0.000000000000000000e+00,0.000000000000000000e+00,0.000000000000000000e+00,0.000000000000000000e+00,0.000000000000000000e+00,0.000000000000000000e+00,0.000000000000000000e+00,0.000000000000000000e+00,0.000000000000000000e+00,0.000000000000000000e+00,0.000000000000000000e+00,0.000000000000000000e+00,0.000000000000000000e+00,0.000000000000000000e+00,0.000000000000000000e+00,0.000000000000000000e+00,0.000000000000000000e+00,0.000000000000000000e+00,0.000000000000000000e+00,0.000000000000000000e+00,0.000000000000000000e+00,0.000000000000000000e+00,0.000000000000000000e+00,0.000000000000000000e+00,0.000000000000000000e+00,0.000000000000000000e+00,0.000000000000000000e+00,0.000000000000000000e+00,0.000000000000000000e+00,0.000000000000000000e+00,0.000000000000000000e+00,0.000000000000000000e+00,0.000000000000000000e+00,0.000000000000000000e+00,0.000000000000000000e+00,0.000000000000000000e+00,0.000000000000000000e+00,0.000000000000000000e+00,0.000000000000000000e+00,0.000000000000000000e+00,0.000000000000000000e+00,0.000000000000000000e+00,0.000000000000000000e+00,0.000000000000000000e+00,0.000000000000000000e+00,0.000000000000000000e+00,0.000000000000000000e+00,0.000000000000000000e+00,0.000000000000000000e+00,0.000000000000000000e+00,0.000000000000000000e+00,0.000000000000000000e+00,0.000000000000000000e+00,0.000000000000000000e+00,0.000000000000000000e+00,0.000000000000000000e+00,0.000000000000000000e+00,0.000000000000000000e+00,0.000000000000000000e+00,0.000000000000000000e+00,0.000000000000000000e+00,0.000000000000000000e+00,0.000000000000000000e+00,0.000000000000000000e+00,0.000000000000000000e+00,0.000000000000000000e+00,0.000000000000000000e+00,0.000000000000000000e+00,0.000000000000000000e+00,0.000000000000000000e+00,0.000000000000000000e+00,0.000000000000000000e+00,0.000000000000000000e+00,0.000000000000000000e+00,0.000000000000000000e+00,0.000000000000000000e+00,0.000000000000000000e+00,0.000000000000000000e+00,0.000000000000000000e+00,1.000000000000000000e+00,-4.024883379216381840e-01,2.444592881728555045e-01,-3.090062068800302209e-01,1.783713616647289169e-01,2.887847456960803694e-01,3.551041284736947135e-01,3.716395077314333939e-01,-2.565228587717120479e-01
0.000000000000000000e+00,0.000000000000000000e+00,0.000000000000000000e+00,0.000000000000000000e+00,0.000000000000000000e+00,0.000000000000000000e+00,0.000000000000000000e+00,0.000000000000000000e+00,0.000000000000000000e+00,0.000000000000000000e+00,0.000000000000000000e+00,0.000000000000000000e+00,0.000000000000000000e+00,0.000000000000000000e+00,0.000000000000000000e+00,0.000000000000000000e+00,0.000000000000000000e+00,0.000000000000000000e+00,0.000000000000000000e+00,0.000000000000000000e+00,0.000000000000000000e+00,0.000000000000000000e+00,0.000000000000000000e+00,0.000000000000000000e+00,0.000000000000000000e+00,0.000000000000000000e+00,0.000000000000000000e+00,0.000000000000000000e+00,0.000000000000000000e+00,0.000000000000000000e+00,0.000000000000000000e+00,0.000000000000000000e+00,0.000000000000000000e+00,0.000000000000000000e+00,0.000000000000000000e+00,0.000000000000000000e+00,0.000000000000000000e+00,0.000000000000000000e+00,0.000000000000000000e+00,0.000000000000000000e+00,0.000000000000000000e+00,0.000000000000000000e+00,0.000000000000000000e+00,0.000000000000000000e+00,0.000000000000000000e+00,0.000000000000000000e+00,0.000000000000000000e+00,0.000000000000000000e+00,0.000000000000000000e+00,0.000000000000000000e+00,0.000000000000000000e+00,0.000000000000000000e+00,0.000000000000000000e+00,0.000000000000000000e+00,0.000000000000000000e+00,0.000000000000000000e+00,0.000000000000000000e+00,0.000000000000000000e+00,0.000000000000000000e+00,0.000000000000000000e+00,0.000000000000000000e+00,0.000000000000000000e+00,0.000000000000000000e+00,0.000000000000000000e+00,0.000000000000000000e+00,0.000000000000000000e+00,0.000000000000000000e+00,0.000000000000000000e+00,0.000000000000000000e+00,0.000000000000000000e+00,0.000000000000000000e+00,0.000000000000000000e+00,0.000000000000000000e+00,0.000000000000000000e+00,0.000000000000000000e+00,0.000000000000000000e+00,0.000000000000000000e+00,0.000000000000000000e+00,0.000000000000000000e+00,0.000000000000000000e+00,0.000000000000000000e+00,0.000000000000000000e+00,0.000000000000000000e+00,0.000000000000000000e+00,0.000000000000000000e+00,0.000000000000000000e+00,0.000000000000000000e+00,0.000000000000000000e+00,0.000000000000000000e+00,0.000000000000000000e+00,0.000000000000000000e+00,0.000000000000000000e+00,1.000000000000000000e+00,-6.297249860591281889e-01,1.000000000000000000e+00,-8.080771788898546415e-01,-1.000000000000000000e+00,-9.511605732454671003e-01,4.877928017989740517e-01,7.529702367945352304e-01
0.000000000000000000e+00,0.000000000000000000e+00,0.000000000000000000e+00,0.000000000000000000e+00,0.000000000000000000e+00,0.000000000000000000e+00,0.000000000000000000e+00,0.000000000000000000e+00,0.000000000000000000e+00,0.000000000000000000e+00,0.000000000000000000e+00,0.000000000000000000e+00,0.000000000000000000e+00,0.000000000000000000e+00,0.000000000000000000e+00,0.000000000000000000e+00,0.000000000000000000e+00,0.000000000000000000e+00,0.000000000000000000e+00,0.000000000000000000e+00,0.000000000000000000e+00,0.000000000000000000e+00,0.000000000000000000e+00,0.000000000000000000e+00,0.000000000000000000e+00,0.000000000000000000e+00,0.000000000000000000e+00,0.000000000000000000e+00,0.000000000000000000e+00,0.000000000000000000e+00,0.000000000000000000e+00,0.000000000000000000e+00,0.000000000000000000e+00,0.000000000000000000e+00,0.000000000000000000e+00,0.000000000000000000e+00,0.000000000000000000e+00,0.000000000000000000e+00,0.000000000000000000e+00,0.000000000000000000e+00,0.000000000000000000e+00,0.000000000000000000e+00,0.000000000000000000e+00,0.000000000000000000e+00,0.000000000000000000e+00,0.000000000000000000e+00,0.000000000000000000e+00,0.000000000000000000e+00,0.000000000000000000e+00,0.000000000000000000e+00,0.000000000000000000e+00,0.000000000000000000e+00,0.000000000000000000e+00,0.000000000000000000e+00,0.000000000000000000e+00,0.000000000000000000e+00,0.000000000000000000e+00,0.000000000000000000e+00,0.000000000000000000e+00,0.000000000000000000e+00,0.000000000000000000e+00,0.000000000000000000e+00,0.000000000000000000e+00,0.000000000000000000e+00,0.000000000000000000e+00,0.000000000000000000e+00,0.000000000000000000e+00,0.000000000000000000e+00,0.000000000000000000e+00,0.000000000000000000e+00,0.000000000000000000e+00,0.000000000000000000e+00,0.000000000000000000e+00,0.000000000000000000e+00,0.000000000000000000e+00,0.000000000000000000e+00,0.000000000000000000e+00,0.000000000000000000e+00,0.000000000000000000e+00,0.000000000000000000e+00,0.000000000000000000e+00,0.000000000000000000e+00,0.000000000000000000e+00,0.000000000000000000e+00,0.000000000000000000e+00,0.000000000000000000e+00,0.000000000000000000e+00,0.000000000000000000e+00,0.000000000000000000e+00,0.000000000000000000e+00,0.000000000000000000e+00,0.000000000000000000e+00,0.000000000000000000e+00,1.000000000000000000e+00,-1.000000000000000000e+00,1.000000000000000000e+00,1.000000000000000000e+00,1.000000000000000000e+00,-1.000000000000000000e+00,-1.000000000000000000e+00
0.000000000000000000e+00,0.000000000000000000e+00,0.000000000000000000e+00,0.000000000000000000e+00,0.000000000000000000e+00,0.000000000000000000e+00,0.000000000000000000e+00,0.000000000000000000e+00,0.000000000000000000e+00,0.000000000000000000e+00,0.000000000000000000e+00,0.000000000000000000e+00,0.000000000000000000e+00,0.000000000000000000e+00,0.000000000000000000e+00,0.000000000000000000e+00,0.000000000000000000e+00,0.000000000000000000e+00,0.000000000000000000e+00,0.000000000000000000e+00,0.000000000000000000e+00,0.000000000000000000e+00,0.000000000000000000e+00,0.000000000000000000e+00,0.000000000000000000e+00,0.000000000000000000e+00,0.000000000000000000e+00,0.000000000000000000e+00,0.000000000000000000e+00,0.000000000000000000e+00,0.000000000000000000e+00,0.000000000000000000e+00,0.000000000000000000e+00,0.000000000000000000e+00,0.000000000000000000e+00,0.000000000000000000e+00,0.000000000000000000e+00,0.000000000000000000e+00,0.000000000000000000e+00,0.000000000000000000e+00,0.000000000000000000e+00,0.000000000000000000e+00,0.000000000000000000e+00,0.000000000000000000e+00,0.000000000000000000e+00,0.000000000000000000e+00,0.000000000000000000e+00,0.000000000000000000e+00,0.000000000000000000e+00,0.000000000000000000e+00,0.000000000000000000e+00,0.000000000000000000e+00,0.000000000000000000e+00,0.000000000000000000e+00,0.000000000000000000e+00,0.000000000000000000e+00,0.000000000000000000e+00,0.000000000000000000e+00,0.000000000000000000e+00,0.000000000000000000e+00,0.000000000000000000e+00,0.000000000000000000e+00,0.000000000000000000e+00,0.000000000000000000e+00,0.000000000000000000e+00,0.000000000000000000e+00,0.000000000000000000e+00,0.000000000000000000e+00,0.000000000000000000e+00,0.000000000000000000e+00,0.000000000000000000e+00,0.000000000000000000e+00,0.000000000000000000e+00,0.000000000000000000e+00,0.000000000000000000e+00,0.000000000000000000e+00,0.000000000000000000e+00,0.000000000000000000e+00,0.000000000000000000e+00,0.000000000000000000e+00,0.000000000000000000e+00,0.000000000000000000e+00,0.000000000000000000e+00,0.000000000000000000e+00,0.000000000000000000e+00,0.000000000000000000e+00,0.000000000000000000e+00,0.000000000000000000e+00,0.000000000000000000e+00,0.000000000000000000e+00,0.000000000000000000e+00,0.000000000000000000e+00,0.000000000000000000e+00,0.000000000000000000e+00,1.000000000000000000e+00,-6.782902771646069917e-01,-6.353548676582897459e-01,-6.113673348862830315e-01,2.973506316567177121e-01,4.351794135347217818e-01
0.000000000000000000e+00,0.000000000000000000e+00,0.000000000000000000e+00,0.000000000000000000e+00,0.000000000000000000e+00,0.000000000000000000e+00,0.000000000000000000e+00,0.000000000000000000e+00,0.000000000000000000e+00,0.000000000000000000e+00,0.000000000000000000e+00,0.000000000000000000e+00,0.000000000000000000e+00,0.000000000000000000e+00,0.000000000000000000e+00,0.000000000000000000e+00,0.000000000000000000e+00,0.000000000000000000e+00,0.000000000000000000e+00,0.000000000000000000e+00,0.000000000000000000e+00,0.000000000000000000e+00,0.000000000000000000e+00,0.000000000000000000e+00,0.000000000000000000e+00,0.000000000000000000e+00,0.000000000000000000e+00,0.000000000000000000e+00,0.000000000000000000e+00,0.000000000000000000e+00,0.000000000000000000e+00,0.000000000000000000e+00,0.000000000000000000e+00,0.000000000000000000e+00,0.000000000000000000e+00,0.000000000000000000e+00,0.000000000000000000e+00,0.000000000000000000e+00,0.000000000000000000e+00,0.000000000000000000e+00,0.000000000000000000e+00,0.000000000000000000e+00,0.000000000000000000e+00,0.000000000000000000e+00,0.000000000000000000e+00,0.000000000000000000e+00,0.000000000000000000e+00,0.000000000000000000e+00,0.000000000000000000e+00,0.000000000000000000e+00,0.000000000000000000e+00,0.000000000000000000e+00,0.000000000000000000e+00,0.000000000000000000e+00,0.000000000000000000e+00,0.000000000000000000e+00,0.000000000000000000e+00,0.000000000000000000e+00,0.000000000000000000e+00,0.000000000000000000e+00,0.000000000000000000e+00,0.000000000000000000e+00,0.000000000000000000e+00,0.000000000000000000e+00,0.000000000000000000e+00,0.000000000000000000e+00,0.000000000000000000e+00,0.000000000000000000e+00,0.000000000000000000e+00,0.000000000000000000e+00,0.000000000000000000e+00,0.000000000000000000e+00,0.000000000000000000e+00,0.000000000000000000e+00,0.000000000000000000e+00,0.000000000000000000e+00,0.000000000000000000e+00,0.000000000000000000e+00,0.000000000000000000e+00,0.000000000000000000e+00,0.000000000000000000e+00,0.000000000000000000e+00,0.000000000000000000e+00,0.000000000000000000e+00,0.000000000000000000e+00,0.000000000000000000e+00,0.000000000000000000e+00,0.000000000000000000e+00,0.000000000000000000e+00,0.000000000000000000e+00,0.000000000000000000e+00,0.000000000000000000e+00,0.000000000000000000e+00,0.000000000000000000e+00,0.000000000000000000e+00,1.000000000000000000e+00,3.116969796541494420e-01,5.485348472346374127e-01,-4.171034929062906738e-01,-4.567852810980500555e-01
0.000000000000000000e+00,0.000000000000000000e+00,0.000000000000000000e+00,0.000000000000000000e+00,0.000000000000000000e+00,0.000000000000000000e+00,0.000000000000000000e+00,0.000000000000000000e+00,0.000000000000000000e+00,0.000000000000000000e+00,0.000000000000000000e+00,0.000000000000000000e+00,0.000000000000000000e+00,0.000000000000000000e+00,0.000000000000000000e+00,0.000000000000000000e+00,0.000000000000000000e+00,0.000000000000000000e+00,0.000000000000000000e+00,0.000000000000000000e+00,0.000000000000000000e+00,0.000000000000000000e+00,0.000000000000000000e+00,0.000000000000000000e+00,0.000000000000000000e+00,0.000000000000000000e+00,0.000000000000000000e+00,0.000000000000000000e+00,0.000000000000000000e+00,0.000000000000000000e+00,0.000000000000000000e+00,0.000000000000000000e+00,0.000000000000000000e+00,0.000000000000000000e+00,0.000000000000000000e+00,0.000000000000000000e+00,0.000000000000000000e+00,0.000000000000000000e+00,0.000000000000000000e+00,0.000000000000000000e+00,0.000000000000000000e+00,0.000000000000000000e+00,0.000000000000000000e+00,0.000000000000000000e+00,0.000000000000000000e+00,0.000000000000000000e+00,0.000000000000000000e+00,0.000000000000000000e+00,0.000000000000000000e+00,0.000000000000000000e+00,0.000000000000000000e+00,0.000000000000000000e+00,0.000000000000000000e+00,0.000000000000000000e+00,0.000000000000000000e+00,0.000000000000000000e+00,0.000000000000000000e+00,0.000000000000000000e+00,0.000000000000000000e+00,0.000000000000000000e+00,0.000000000000000000e+00,0.000000000000000000e+00,0.000000000000000000e+00,0.000000000000000000e+00,0.000000000000000000e+00,0.000000000000000000e+00,0.000000000000000000e+00,0.000000000000000000e+00,0.000000000000000000e+00,0.000000000000000000e+00,0.000000000000000000e+00,0.000000000000000000e+00,0.000000000000000000e+00,0.000000000000000000e+00,0.000000000000000000e+00,0.000000000000000000e+00,0.000000000000000000e+00,0.000000000000000000e+00,0.000000000000000000e+00,0.000000000000000000e+00,0.000000000000000000e+00,0.000000000000000000e+00,0.000000000000000000e+00,0.000000000000000000e+00,0.000000000000000000e+00,0.000000000000000000e+00,0.000000000000000000e+00,0.000000000000000000e+00,0.000000000000000000e+00,0.000000000000000000e+00,0.000000000000000000e+00,0.000000000000000000e+00,0.000000000000000000e+00,0.000000000000000000e+00,0.000000000000000000e+00,0.000000000000000000e+00,1.000000000000000000e+00,3.150796213117891265e-01,-4.321153273390032079e-01,-2.271102011399060983e-01
0.000000000000000000e+00,0.000000000000000000e+00,0.000000000000000000e+00,0.000000000000000000e+00,0.000000000000000000e+00,0.000000000000000000e+00,0.000000000000000000e+00,0.000000000000000000e+00,0.000000000000000000e+00,0.000000000000000000e+00,0.000000000000000000e+00,0.000000000000000000e+00,0.000000000000000000e+00,0.000000000000000000e+00,0.000000000000000000e+00,0.000000000000000000e+00,0.000000000000000000e+00,0.000000000000000000e+00,0.000000000000000000e+00,0.000000000000000000e+00,0.000000000000000000e+00,0.000000000000000000e+00,0.000000000000000000e+00,0.000000000000000000e+00,0.000000000000000000e+00,0.000000000000000000e+00,0.000000000000000000e+00,0.000000000000000000e+00,0.000000000000000000e+00,0.000000000000000000e+00,0.000000000000000000e+00,0.000000000000000000e+00,0.000000000000000000e+00,0.000000000000000000e+00,0.000000000000000000e+00,0.000000000000000000e+00,0.000000000000000000e+00,0.000000000000000000e+00,0.000000000000000000e+00,0.000000000000000000e+00,0.000000000000000000e+00,0.000000000000000000e+00,0.000000000000000000e+00,0.000000000000000000e+00,0.000000000000000000e+00,0.000000000000000000e+00,0.000000000000000000e+00,0.000000000000000000e+00,0.000000000000000000e+00,0.000000000000000000e+00,0.000000000000000000e+00,0.000000000000000000e+00,0.000000000000000000e+00,0.000000000000000000e+00,0.000000000000000000e+00,0.000000000000000000e+00,0.000000000000000000e+00,0.000000000000000000e+00,0.000000000000000000e+00,0.000000000000000000e+00,0.000000000000000000e+00,0.000000000000000000e+00,0.000000000000000000e+00,0.000000000000000000e+00,0.000000000000000000e+00,0.000000000000000000e+00,0.000000000000000000e+00,0.000000000000000000e+00,0.000000000000000000e+00,0.000000000000000000e+00,0.000000000000000000e+00,0.000000000000000000e+00,0.000000000000000000e+00,0.000000000000000000e+00,0.000000000000000000e+00,0.000000000000000000e+00,0.000000000000000000e+00,0.000000000000000000e+00,0.000000000000000000e+00,0.000000000000000000e+00,0.000000000000000000e+00,0.000000000000000000e+00,0.000000000000000000e+00,0.000000000000000000e+00,0.000000000000000000e+00,0.000000000000000000e+00,0.000000000000000000e+00,0.000000000000000000e+00,0.000000000000000000e+00,0.000000000000000000e+00,0.000000000000000000e+00,0.000000000000000000e+00,0.000000000000000000e+00,0.000000000000000000e+00,0.000000000000000000e+00,0.000000000000000000e+00,0.000000000000000000e+00,1.000000000000000000e+00,-8.008735876167737411e-01,-6.619321576654383366e-01
0.000000000000000000e+00,0.000000000000000000e+00,0.000000000000000000e+00,0.000000000000000000e+00,0.000000000000000000e+00,0.000000000000000000e+00,0.000000000000000000e+00,0.000000000000000000e+00,0.000000000000000000e+00,0.000000000000000000e+00,0.000000000000000000e+00,0.000000000000000000e+00,0.000000000000000000e+00,0.000000000000000000e+00,0.000000000000000000e+00,0.000000000000000000e+00,0.000000000000000000e+00,0.000000000000000000e+00,0.000000000000000000e+00,0.000000000000000000e+00,0.000000000000000000e+00,0.000000000000000000e+00,0.000000000000000000e+00,0.000000000000000000e+00,0.000000000000000000e+00,0.000000000000000000e+00,0.000000000000000000e+00,0.000000000000000000e+00,0.000000000000000000e+00,0.000000000000000000e+00,0.000000000000000000e+00,0.000000000000000000e+00,0.000000000000000000e+00,0.000000000000000000e+00,0.000000000000000000e+00,0.000000000000000000e+00,0.000000000000000000e+00,0.000000000000000000e+00,0.000000000000000000e+00,0.000000000000000000e+00,0.000000000000000000e+00,0.000000000000000000e+00,0.000000000000000000e+00,0.000000000000000000e+00,0.000000000000000000e+00,0.000000000000000000e+00,0.000000000000000000e+00,0.000000000000000000e+00,0.000000000000000000e+00,0.000000000000000000e+00,0.000000000000000000e+00,0.000000000000000000e+00,0.000000000000000000e+00,0.000000000000000000e+00,0.000000000000000000e+00,0.000000000000000000e+00,0.000000000000000000e+00,0.000000000000000000e+00,0.000000000000000000e+00,0.000000000000000000e+00,0.000000000000000000e+00,0.000000000000000000e+00,0.000000000000000000e+00,0.000000000000000000e+00,0.000000000000000000e+00,0.000000000000000000e+00,0.000000000000000000e+00,0.000000000000000000e+00,0.000000000000000000e+00,0.000000000000000000e+00,0.000000000000000000e+00,0.000000000000000000e+00,0.000000000000000000e+00,0.000000000000000000e+00,0.000000000000000000e+00,0.000000000000000000e+00,0.000000000000000000e+00,0.000000000000000000e+00,0.000000000000000000e+00,0.000000000000000000e+00,0.000000000000000000e+00,0.000000000000000000e+00,0.000000000000000000e+00,0.000000000000000000e+00,0.000000000000000000e+00,0.000000000000000000e+00,0.000000000000000000e+00,0.000000000000000000e+00,0.000000000000000000e+00,0.000000000000000000e+00,0.000000000000000000e+00,0.000000000000000000e+00,0.000000000000000000e+00,0.000000000000000000e+00,0.000000000000000000e+00,0.000000000000000000e+00,0.000000000000000000e+00,0.000000000000000000e+00,1.000000000000000000e+00,6.180125906780299661e-02
0.000000000000000000e+00,0.000000000000000000e+00,0.000000000000000000e+00,0.000000000000000000e+00,0.000000000000000000e+00,0.000000000000000000e+00,0.000000000000000000e+00,0.000000000000000000e+00,0.000000000000000000e+00,0.000000000000000000e+00,0.000000000000000000e+00,0.000000000000000000e+00,0.000000000000000000e+00,0.000000000000000000e+00,0.000000000000000000e+00,0.000000000000000000e+00,0.000000000000000000e+00,0.000000000000000000e+00,0.000000000000000000e+00,0.000000000000000000e+00,0.000000000000000000e+00,0.000000000000000000e+00,0.000000000000000000e+00,0.000000000000000000e+00,0.000000000000000000e+00,0.000000000000000000e+00,0.000000000000000000e+00,0.000000000000000000e+00,0.000000000000000000e+00,0.000000000000000000e+00,0.000000000000000000e+00,0.000000000000000000e+00,0.000000000000000000e+00,0.000000000000000000e+00,0.000000000000000000e+00,0.000000000000000000e+00,0.000000000000000000e+00,0.000000000000000000e+00,0.000000000000000000e+00,0.000000000000000000e+00,0.000000000000000000e+00,0.000000000000000000e+00,0.000000000000000000e+00,0.000000000000000000e+00,0.000000000000000000e+00,0.000000000000000000e+00,0.000000000000000000e+00,0.000000000000000000e+00,0.000000000000000000e+00,0.000000000000000000e+00,0.000000000000000000e+00,0.000000000000000000e+00,0.000000000000000000e+00,0.000000000000000000e+00,0.000000000000000000e+00,0.000000000000000000e+00,0.000000000000000000e+00,0.000000000000000000e+00,0.000000000000000000e+00,0.000000000000000000e+00,0.000000000000000000e+00,0.000000000000000000e+00,0.000000000000000000e+00,0.000000000000000000e+00,0.000000000000000000e+00,0.000000000000000000e+00,0.000000000000000000e+00,0.000000000000000000e+00,0.000000000000000000e+00,0.000000000000000000e+00,0.000000000000000000e+00,0.000000000000000000e+00,0.000000000000000000e+00,0.000000000000000000e+00,0.000000000000000000e+00,0.000000000000000000e+00,0.000000000000000000e+00,0.000000000000000000e+00,0.000000000000000000e+00,0.000000000000000000e+00,0.000000000000000000e+00,0.000000000000000000e+00,0.000000000000000000e+00,0.000000000000000000e+00,0.000000000000000000e+00,0.000000000000000000e+00,0.000000000000000000e+00,0.000000000000000000e+00,0.000000000000000000e+00,0.000000000000000000e+00,0.000000000000000000e+00,0.000000000000000000e+00,0.000000000000000000e+00,0.000000000000000000e+00,0.000000000000000000e+00,0.000000000000000000e+00,0.000000000000000000e+00,0.000000000000000000e+00,0.000000000000000000e+00,1.000000000000000000e+00
