1.000000000000000000e+00,-1.000000000000000000e+00,-8.355255743436542648e-01,-1.000000000000000000e+00,-9.256926414296469396e-02,-7.735388238117051063e-02,-1.507685717250526469e-01,-1.000000000000000000e+00,-1.000000000000000000e+00,9.214218580505807443e-01,1.000000000000000000e+00,1.000000000000000000e+00,1.000000000000000000e+00,-1.000000000000000000e+00,1.000000000000000000e+00,-1.000000000000000000e+00,-1.000000000000000000e+00,7.949021960171994694e-01,1.000000000000000000e+00,-1.000000000000000000e+00,1.000000000000000000e+00,1.000000000000000000e+00,-1.000000000000000000e+00,-1.000000000000000000e+00,-1.000000000000000000e+00,1.000000000000000000e+00,1.000000000000000000e+00,1.000000000000000000e+00,-1.000000000000000000e+00,-1.000000000000000000e+00,-1.000000000000000000e+00,-1.000000000000000000e+00,1.000000000000000000e+00,1.000000000000000000e+00,1.000000000000000000e+00,-1.000000000000000000e+00,1.000000000000000000e+00,1.000000000000000000e+00,1.000000000000000000e+00,-1.000000000000000000e+00,-1.000000000000000000e+00,-1.000000000000000000e+00,1.000000000000000000e+00,1.000000000000000000e+00,1.000000000000000000e+00,-1.000000000000000000e+00,1.000000000000000000e+00,1.000000000000000000e+00,-1.480052309156510704e-01,1.300071493653972843e-01,1.000000000000000000e+00,1.000000000000000000e+00,1.000000000000000000e+00,1.000000000000000000e+00,-1.000000000000000000e+00,1.000000000000000000e+00,1.000000000000000000e+00,1.000000000000000000e+00,-1.000000000000000000e+00,1.000000000000000000e+00,1.000000000000000000e+00,-1.000000000000000000e+00,1.000000000000000000e+00,1.000000000000000000e+00,1.000000000000000000e+00,-1.000000000000000000e+00,1.000000000000000000e+00,1.000000000000000000e+00,-1.000000000000000000e+00,-1.000000000000000000e+00,2.571601088909776858e-02,1.000000000000000000e+00,-1.000000000000000000e+00,-1.000000000000000000e+00,-1.000000000000000000e+00,1.000000000000000000e+00,1.000000000000000000e+00,2.046004198034864774e-01,1.000000000000000000e+00,1.000000000000000000e+00,1.000000000000000000e+00,6.663616730089240159e-01,1.000000000000000000e+00,1.000000000000000000e+00,1.000000000000000000e+00,1.000000000000000000e+00,1.000000000000000000e+00,1.000000000000000000e+00,1.000000000000000000e+00,1.000000000000000000e+00,3.654743087371640775e-01,-1.000000000000000000e+00,-6.801187696846764386e-01,1.000000000000000000e+00,-1.000000000000000000e+00,1.000000000000000000e+00,1.000000000000000000e+00,1.000000000000000000e+00,1.000000000000000000e+00,5.200541395836412173e-01
0.000000000000000000e+00,1.000000000000000000e+00,2.843980109180598848e-01,4.087477191989497549e-01,4.578243658930426091e-02,-1.181228150218836676e-01,-1.810444919859448276e-01,-5.136738685929870263e-01,-1.000000000000000000e+00,-1.000000000000000000e+00,-1.000000000000000000e+00,-3.705688461500544206e-01,-1.000000000000000000e+00,-1.000000000000000000e+00,-1.000000000000000000e+00,-8.717495895486639945e-01,-1.000000000000000000e+00,4.683874459858334838e-01,-1.000000000000000000e+00,1.000000000000000000e+00,-1.000000000000000000e+00,-1.000000000000000000e+00,1.000000000000000000e+00,-1.000000000000000000e+00,8.056012400098665482e-01,-1.000000000000000000e+00,-1.000000000000000000e+00,-1.000000000000000000e+00,2.320292265374909180e-01,1.000000000000000000e+00,1.000000000000000000e+00,-1.000000000000000000e+00,-7.435464530361005631e-01,6.852128496779530398e-01,-1.000000000000000000e+00,8.946956770140176429e-01,-1.000000000000000000e+00,-1.000000000000000000e+00,1.000000000000000000e+00,1.000000000000000000e+00,1.000000000000000000e+00,-1.000000000000000000e+00,-1.000000000000000000e+00,-1.000000000000000000e+00,-1.000000000000000000e+00,1.000000000000000000e+00,-1.000000000000000000e+00,6.120791738110985536e-01,-1.000000000000000000e+00,-1.000000000000000000e+00,-1.000000000000000000e+00,-1.000000000000000000e+00,-1.000000000000000000e+00,-1.000000000000000000e+00,1.000000000000000000e+00,-2.659729925630304193e-01,-1.000000000000000000e+00,1.000000000000000000e+00,-9.319990396358229789e-01,-1.000000000000000000e+00,8.914264532870475044e-01,1.000000000000000000e+00,1.000000000000000000e+00,-1.000000000000000000e+00,-1.000000000000000000e+00,5.117083952772687183e-02,-1.000000000000000000e+00,-6.878757947163115505e-01,-2.259887370498214754e-02,2.654283949437029055e-01,-1.000000000000000000e+00,-1.000000000000000000e+00,-3.792099335611771038e-01,1.000000000000000000e+00,1.996381858535253156e-02,-1.000000000000000000e+00,-1.000000000000000000e+00,-1.000000000000000000e+00,-1.000000000000000000e+00,-1.000000000000000000e+00,-1.000000000000000000e+00,-1.000000000000000000e+00,4.222711197236175273e-01,-1.000000000000000000e+00,-1.000000000000000000e+00,-1.000000000000000000e+00,-1.000000000000000000e+00,-1.000000000000000000e+00,-1.000000000000000000e+00,-1.000000000000000000e+00,-1.000000000000000000e+00,-1.000000000000000000e+00,2.217861279865619428e-01,-1.000000000000000000e+00,1.000000000000000000e+00,-1.000000000000000000e+00,-1.000000000000000000e+00,-1.000000000000000000e+00,-1.000000000000000000e+00,-1.000000000000000000e+00
0.000000000000000000e+00,0.000000000000000000e+00,1.000000000000000000e+00,6.338856502113698888e-02,8.335641948764929698e-02,-4.895484032797275398e-01,-2.634935901204977782e-01,-2.197971311991562537e-01,-1.000000000000000000e+00,-1.000000000000000000e+00,-1.000000000000000000e+00,1.000000000000000000e+00,-1.000000000000000000e+00,-3.142489712000595681e-01,-1.000000000000000000e+00,-1.000000000000000000e+00,-1.000000000000000000e+00,1.000000000000000000e+00,9.307628630107913636e-01,1.000000000000000000e+00,-1.000000000000000000e+00,1.000000000000000000e+00,-9.621559202934378829e-01,-1.000000000000000000e+00,-1.000000000000000000e+00,-1.701719883085014706e-01,-8.620493371677984129e-01,1.000000000000000000e+00,1.000000000000000000e+00,1.000000000000000000e+00,-1.000000000000000000e+00,1.000000000000000000e+00,6.125411668607088078e-01,-2.854777818514957488e-01,-1.000000000000000000e+00,-1.000000000000000000e+00,2.128625853073873031e-01,1.000000000000000000e+00,-1.000000000000000000e+00,1.000000000000000000e+00,1.000000000000000000e+00,1.000000000000000000e+00,-1.000000000000000000e+00,-1.000000000000000000e+00,1.000000000000000000e+00,1.000000000000000000e+00,1.000000000000000000e+00,1.000000000000000000e+00,-6.130647962184019306e-01,9.125966219514013433e-01,1.000000000000000000e+00,6.426339840249671864e-01,-9.107923157578039497e-01,1.000000000000000000e+00,1.000000000000000000e+00,1.000000000000000000e+00,1.000000000000000000e+00,1.000000000000000000e+00,1.000000000000000000e+00,-3.380105260152736490e-01,1.000000000000000000e+00,1.000000000000000000e+00,9.723019362204318172e-01,-1.000000000000000000e+00,1.000000000000000000e+00,1.426107880390636573e-01,1.000000000000000000e+00,1.000000000000000000e+00,-4.677332258776025764e-01,-6.725876064196507631e-01,-1.000000000000000000e+00,-1.000000000000000000e+00,1.000000000000000000e+00,1.000000000000000000e+00,1.000000000000000000e+00,1.000000000000000000e+00,-1.000000000000000000e+00,7.699809102489902912e-01,-1.000000000000000000e+00,1.000000000000000000e+00,1.000000000000000000e+00,1.000000000000000000e+00,6.717491121522068953e-01,1.000000000000000000e+00,1.000000000000000000e+00,-1.000000000000000000e+00,-1.000000000000000000e+00,9.162544584075529297e-01,-1.000000000000000000e+00,-1.000000000000000000e+00,-1.000000000000000000e+00,4.067425290999793219e-02,1.000000000000000000e+00,1.000000000000000000e+00,8.066287138900758436e-01,1.000000000000000000e+00,1.000000000000000000e+00,1.000000000000000000e+00,-2.838686110993287048e-01,1.000000000000000000e+00
0.000000000000000000e+00,0.000000000000000000e+00,0.000000000000000000e+00,1.000000000000000000e+00,1.331667624170934094e-01,-3.075889801896997677e-01,-2.561001226697766087e-01,-1.000000000000000000e+00,-1.000000000000000000e+00,-1.000000000000000000e+00,-1.000000000000000000e+00,-6.777753763985759905e-01,-1.000000000000000000e+00,4.250026856879305370e-01,-1.000000000000000000e+00,1.000000000000000000e+00,-9.262297407408847105e-01,4.512708168690640620e-01,-1.000000000000000000e+00,1.000000000000000000e+00,-2.133112752930863276e-01,-1.000000000000000000e+00,1.000000000000000000e+00,-1.000000000000000000e+00,1.000000000000000000e+00,-1.000000000000000000e+00,-1.000000000000000000e+00,-1.000000000000000000e+00,5.663288703933067048e-01,1.000000000000000000e+00,1.000000000000000000e+00,-1.000000000000000000e+00,1.000000000000000000e+00,-9.098524844378899079e-01,-1.000000000000000000e+00,4.793304738896115593e-04,-1.000000000000000000e+00,-2.829030926978438054e-01,1.000000000000000000e+00,1.000000000000000000e+00,-9.682757575817837470e-01,6.480769092071644866e-02,-1.000000000000000000e+00,-1.000000000000000000e+00,-2.343755462754670282e-01,-3.785239490280398189e-01,4.671265889336048693e-01,1.000000000000000000e+00,7.602251974933447176e-01,-4.428205537056812413e-01,-1.000000000000000000e+00,-1.391341484298459948e-02,-4.143808414705142940e-01,1.000000000000000000e+00,-1.000000000000000000e+00,9.623158773550548328e-02,1.000000000000000000e+00,1.000000000000000000e+00,-1.351747854514969982e-01,-1.000000000000000000e+00,2.946370112398415397e-01,4.952518042031558432e-01,1.000000000000000000e+00,-1.000000000000000000e+00,1.000000000000000000e+00,-1.000000000000000000e+00,-1.000000000000000000e+00,1.000000000000000000e+00,1.000000000000000000e+00,1.000000000000000000e+00,-2.922560973932897821e-01,-1.000000000000000000e+00,1.000000000000000000e+00,1.000000000000000000e+00,1.000000000000000000e+00,-1.000000000000000000e+00,1.000000000000000000e+00,-1.060165213163271336e-01,1.000000000000000000e+00,-1.000000000000000000e+00,1.000000000000000000e+00,5.685367825783569362e-01,1.000000000000000000e+00,-1.000000000000000000e+00,-4.035396513022092013e-01,6.652083130492304486e-01,1.000000000000000000e+00,-3.131489468178351165e-01,-7.149592187717984659e-01,8.059553386946721742e-01,-1.000000000000000000e+00,-1.000000000000000000e+00,1.000000000000000000e+00,-7.942894201400875209e-01,1.000000000000000000e+00,-1.000000000000000000e+00,-1.000000000000000000e+00,-1.000000000000000000e+00,-1.000000000000000000e+00,-1.000000000000000000e+00
0.000000000000000000e+00,0.000000000000000000e+00,0.000000000000000000e+00,0.000000000000000000e+00,1.000000000000000000e+00,-6.444554055660676184e-01,-1.000000000000000000e+00,-1.000000000000000000e+00,-1.000000000000000000e+00,-1.000000000000000000e+00,-1.000000000000000000e+00,-1.000000000000000000e+00,-1.000000000000000000e+00,-1.000000000000000000e+00,-1.000000000000000000e+00,-1.000000000000000000e+00,-1.000000000000000000e+00,-1.000000000000000000e+00,-1.000000000000000000e+00,6.966599560060213747e-01,-1.000000000000000000e+00,1.000000000000000000e+00,-1.000000000000000000e+00,-1.000000000000000000e+00,-6.554689214167628286e-01,-1.000000000000000000e+00,-1.000000000000000000e+00,-1.000000000000000000e+00,1.000000000000000000e+00,1.000000000000000000e+00,-2.098674856943238409e-01,-1.000000000000000000e+00,-1.000000000000000000e+00,-1.000000000000000000e+00,-1.000000000000000000e+00,-1.000000000000000000e+00,-1.000000000000000000e+00,7.841735785336867437e-01,1.000000000000000000e+00,1.000000000000000000e+00,-1.000000000000000000e+00,-1.000000000000000000e+00,-1.000000000000000000e+00,7.705949643209956956e-02,-1.000000000000000000e+00,8.515238466602430556e-01,-1.000000000000000000e+00,-1.000000000000000000e+00,1.000000000000000000e+00,1.000000000000000000e+00,-1.000000000000000000e+00,1.000000000000000000e+00,1.000000000000000000e+00,1.000000000000000000e+00,-1.000000000000000000e+00,-1.000000000000000000e+00,1.000000000000000000e+00,1.000000000000000000e+00,1.000000000000000000e+00,-1.000000000000000000e+00,-1.000000000000000000e+00,1.000000000000000000e+00,1.000000000000000000e+00,-1.157968757524562575e-01,1.000000000000000000e+00,-1.000000000000000000e+00,-1.000000000000000000e+00,-1.000000000000000000e+00,1.000000000000000000e+00,-1.000000000000000000e+00,-1.000000000000000000e+00,-1.000000000000000000e+00,-1.000000000000000000e+00,-1.000000000000000000e+00,4.406276446002145297e-01,-1.000000000000000000e+00,-9.033722174058257670e-02,-1.000000000000000000e+00,7.450447779493070133e-01,1.000000000000000000e+00,1.000000000000000000e+00,-1.000000000000000000e+00,-1.000000000000000000e+00,-1.000000000000000000e+00,-1.000000000000000000e+00,-1.000000000000000000e+00,-1.000000000000000000e+00,-1.000000000000000000e+00,-1.000000000000000000e+00,1.000000000000000000e+00,1.356616068014213639e-01,-7.214691208466339489e-01,-7.472682118888398506e-01,1.000000000000000000e+00,-1.000000000000000000e+00,-3.380020661922895631e-01,-1.000000000000000000e+00,1.000000000000000000e+00,-1.000000000000000000e+00,-1.000000000000000000e+00
0.000000000000000000e+00,0.000000000000000000e+00,0.000000000000000000e+00,0.000000000000000000e+00,0.000000000000000000e+00,1.000000000000000000e+00,2.516774252682949520e-01,3.090417950182849927e-01,1.000000000000000000e+00,1.000000000000000000e+00,1.000000000000000000e+00,-1.000000000000000000e+00,1.000000000000000000e+00,-1.000000000000000000e+00,1.000000000000000000e+00,-1.000000000000000000e+00,1.000000000000000000e+00,1.000000000000000000e+00,6.861357860901452776e-02,-1.000000000000000000e+00,1.000000000000000000e+00,-1.000000000000000000e+00,1.000000000000000000e+00,1.000000000000000000e+00,-8.979803320633301666e-01,1.000000000000000000e+00,1.000000000000000000e+00,-1.000000000000000000e+00,-1.000000000000000000e+00,1.000000000000000000e+00,-2.286796498571444514e-01,-6.107099291389097573e-01,-1.000000000000000000e+00,-1.000000000000000000e+00,1.000000000000000000e+00,1.000000000000000000e+00,-5.501056012764856673e-01,-1.000000000000000000e+00,-1.000000000000000000e+00,-1.000000000000000000e+00,-4.251112146248880452e-01,1.000000000000000000e+00,1.000000000000000000e+00,1.000000000000000000e+00,-1.000000000000000000e+00,-1.000000000000000000e+00,-1.000000000000000000e+00,-1.000000000000000000e+00,-6.836390207178230094e-01,1.000000000000000000e+00,1.000000000000000000e+00,-1.000000000000000000e+00,-1.000000000000000000e+00,-1.000000000000000000e+00,1.000000000000000000e+00,-1.000000000000000000e+00,-1.000000000000000000e+00,-1.000000000000000000e+00,-8.854275425138131705e-01,1.000000000000000000e+00,-1.000000000000000000e+00,-1.000000000000000000e+00,-1.000000000000000000e+00,-1.000000000000000000e+00,-1.000000000000000000e+00,1.000000000000000000e+00,-1.000000000000000000e+00,-1.000000000000000000e+00,-1.000000000000000000e+00,-1.000000000000000000e+00,1.000000000000000000e+00,1.000000000000000000e+00,-1.000000000000000000e+00,6.719627899504697632e-01,1.000000000000000000e+00,1.000000000000000000e+00,1.000000000000000000e+00,-3.005038440574811509e-01,1.000000000000000000e+00,-1.000000000000000000e+00,-1.000000000000000000e+00,-1.000000000000000000e+00,-7.061963670628926826e-01,-1.000000000000000000e+00,1.000000000000000000e+00,9.433190141556855313e-01,-1.000000000000000000e+00,-9.325268075327226569e-01,1.000000000000000000e+00,-1.000000000000000000e+00,-7.288271261633432196e-01,1.000000000000000000e+00,-1.000000000000000000e+00,-1.000000000000000000e+00,-6.638766955667223524e-01,-1.000000000000000000e+00,-1.000000000000000000e+00,-1.000000000000000000e+00,1.000000000000000000e+00,-1.000000000000000000e+00
0.000000000000000000e+00,0.000000000000000000e+00,0.000000000000000000e+00,0.000000000000000000e+00,0.000000000000000000e+00,0.000000000000000000e+00,1.000000000000000000e+00,-1.000000000000000000e+00,8.477489902539694366e-01,1.000000000000000000e+00,1.000000000000000000e+00,1.000000000000000000e+00,1.000000000000000000e+00,1.000000000000000000e+00,1.000000000000000000e+00,-1.912496108281277751e-01,1.000000000000000000e+00,-8.189118463204768661e-01,3.502499771378982385e-01,-1.000000000000000000e+00,-1.000000000000000000e+00,-1.000000000000000000e+00,1.000000000000000000e+00,1.000000000000000000e+00,7.044242939603418963e-01,6.291675787157180455e-01,1.000000000000000000e+00,1.000000000000000000e+00,7.535864734058981274e-01,-5.832399663322451744e-01,1.000000000000000000e+00,1.000000000000000000e+00,1.285326737784770468e-01,1.000000000000000000e+00,1.000000000000000000e+00,1.000000000000000000e+00,1.000000000000000000e+00,-5.144633883995066714e-01,-1.000000000000000000e+00,-1.000000000000000000e+00,2.030861138943806377e-01,1.000000000000000000e+00,1.000000000000000000e+00,-1.000000000000000000e+00,1.000000000000000000e+00,1.000000000000000000e+00,-6.885221503811058685e-01,1.000000000000000000e+00,-1.433336973453123442e-01,4.884127674435436162e-01,5.645808204251649975e-01,-1.000000000000000000e+00,-1.000000000000000000e+00,-1.122059186967791916e-01,1.443308400504865197e-01,1.000000000000000000e+00,-1.000000000000000000e+00,-1.000000000000000000e+00,-1.000000000000000000e+00,1.000000000000000000e+00,1.000000000000000000e+00,-1.000000000000000000e+00,-1.000000000000000000e+00,1.000000000000000000e+00,-1.000000000000000000e+00,1.000000000000000000e+00,4.312131552690737779e-01,1.000000000000000000e+00,6.273880801590668854e-01,1.000000000000000000e+00,-1.635419559706264014e-01,1.000000000000000000e+00,-9.697746932945892073e-01,1.000000000000000000e+00,1.000000000000000000e+00,-4.377205935180698559e-01,-1.000000000000000000e+00,6.972956763989278661e-01,1.000000000000000000e+00,-4.010178550242305406e-01,-1.000000000000000000e+00,4.949721068790696732e-01,1.000000000000000000e+00,1.000000000000000000e+00,1.000000000000000000e+00,2.454370121783689962e-01,1.000000000000000000e+00,8.158718737807273413e-01,1.000000000000000000e+00,3.749242653722481000e-01,1.000000000000000000e+00,-8.659914906906283072e-01,-1.000000000000000000e+00,-1.000000000000000000e+00,8.651833403321823601e-01,1.000000000000000000e+00,-3.439563635762389326e-01,-6.527921273865607832e-01,-8.711733152090538335e-01,1.000000000000000000e+00
0.000000000000000000e+00,0.000000000000000000e+00,0.000000000000000000e+00,0.000000000000000000e+00,0.000000000000000000e+00,0.000000000000000000e+00,0.000000000000000000e+00,1.000000000000000000e+00,1.000000000000000000e+00,1.000000000000000000e+00,7.905204015546336560e-01,3.485094670752255652e-01,3.773620960685118986e-01,1.000000000000000000e+00,2.457589302453439938e-03,1.000000000000000000e+00,-2.929425665031339387e-01,2.118660697759635891e-01,7.226133898490196827e-01,-3.448359444185032929e-01,1.000000000000000000e+00,6.364465100233213102e-01,2.685684779751354445e-01,9.510360981706301731e-01,2.494578620923110779e-01,7.977987748300013893e-01,7.435214389493981224e-02,3.546503657332115700e-01,-3.766663994664945503e-01,-1.690223054959531512e-01,4.697894112008699219e-02,1.375280807398635008e-01,-3.854318290406210101e-01,5.180494224119583935e-01,8.427676230439448135e-01,-7.387336192063874707e-01,-1.069891598078926281e-01,5.634239962341993646e-01,2.805595649121600532e-01,-2.794843046746776638e-01,3.510534168796037857e-01,-2.301851824187881312e-01,1.707710381071836370e-01,1.000000000000000000e+00,4.621408377073024654e-02,-1.000000000000000000e+00,-4.929137274611982145e-01,-5.845220383963698474e-01,1.098299907608598670e-02,-1.000000000000000000e+00,2.767986880392666049e-01,1.062118959002749247e-01,5.592360240420563011e-01,-2.928188577698023209e-01,-2.418742703299519847e-01,-7.175486845362205601e-02,2.541352302980688371e-01,-1.459264949263932298e-01,8.967947003558263130e-02,-4.863739547214820380e-01,-1.000000000000000000e+00,-5.207814453604163729e-01,5.824936381789168616e-01,4.706430822791741325e-02,5.335482329168366178e-01,-1.899846245779664988e-01,9.706374482665106607e-01,-4.128374745972031024e-01,-7.909624872877780710e-01,-4.979716501858462152e-01,1.000000000000000000e+00,-3.272059677402024969e-01,1.000000000000000000e+00,-7.102797971988122905e-01,-1.000000000000000000e+00,5.925800103551477349e-01,3.579485273814360102e-01,6.304442615920892168e-01,-4.528584787847675930e-01,4.993255150921044883e-01,7.400729582543373875e-01,4.989207709734948537e-01,-3.839576627327099811e-01,-7.725166618184400313e-01,-7.568983977837410171e-01,5.363086144192259486e-01,-6.298924948150326220e-01,8.427744484462795782e-01,-2.306618825995736533e-01,1.095762448923156274e-01,9.192804405871701778e-01,3.635205100306684867e-01,6.240548050339567165e-01,7.039614580669577570e-01,6.494816002019121459e-01,2.652743703720429336e-01,6.705494333909431948e-01,4.009551390431477236e-01,1.000000000000000000e+00,-5.442816562541864522e-01
0.000000000000000000e+00,0.000000000000000000e+00,0.000000000000000000e+00,0.000000000000000000e+00,0.000000000000000000e+00,0.000000000000000000e+00,0.000000000000000000e+00,0.000000000000000000e+00,1.000000000000000000e+00,5.812568533452580066e-01,6.103871733539097955e-01,3.173242521908867797e-01,6.144382937074173157e-01,4.630635860439906160e-01,4.139045244485589636e-01,4.267815815019885828e-01,6.485472389912455560e-01,-8.523174550101453306e-02,5.630334659536087027e-01,-1.246997162801485315e-01,3.260768971544045769e-01,1.652694671342622712e-01,5.292312582526454978e-01,9.766552111756766630e-01,4.401859619814965652e-01,4.166541247293925054e-01,7.104464797377330054e-01,3.038399738141271400e-01,1.987526344148060620e-01,-2.223056478238877309e-01,3.065057876237706029e-03,2.707837014171587606e-02,-1.215621582244397342e-01,3.840430831371055564e-01,8.617465289398839046e-01,5.333464892075222563e-01,7.826460119494703382e-02,-2.001995367222564604e-01,-6.033647012164180534e-01,-5.425850078789643538e-01,4.425393817670627006e-01,1.031572022983857778e-01,2.615315779718299649e-01,5.454322647882186015e-01,3.827928166654839259e-01,-1.198644187651298765e-01,-9.433219054161187667e-02,-2.745204257735774922e-01,2.474604921029383009e-01,-3.180818860727910313e-01,5.673785569668283735e-01,-2.768338146775115027e-01,2.535858352859226422e-02,-5.859447701419908672e-01,2.446736327715368919e-01,2.629534638668777902e-01,-2.850009687326054419e-01,-3.085672930624251964e-01,1.465478500626005709e-01,-7.710107585852543632e-02,-2.845740061077015048e-02,-9.284167577522324521e-03,-4.326791295178271102e-01,2.512720183495872894e-01,-2.154578698563874295e-01,4.342366969406949995e-01,1.031500132476740467e-01,-1.352556182636524273e-01,-1.594555267343258920e-01,-1.420310516537875711e-01,6.774138419673316758e-01,6.799235177981250988e-01,4.700109989649473574e-01,-2.798036958697161514e-01,-6.363462859534291249e-01,4.389868746960288171e-01,1.445734982625480336e-01,5.064294196966633299e-01,-2.145927941786183457e-01,-2.404015641961493033e-01,-2.220767980809806863e-01,5.151528315384623635e-01,5.557934717568254607e-02,5.963187879662144170e-02,-3.790010507787970606e-02,2.911470422514650380e-01,1.258605855008555208e-01,4.430943883092232638e-01,2.841346912350348197e-01,-7.429455314925195730e-02,3.851647003236899902e-01,5.172778305604464055e-01,-1.341978405398152607e-01,7.851553717795527187e-02,2.169684002527757505e-01,1.595494968038445871e-01,2.521114373421870503e-01,2.192493402928379631e-01,5.942467910010929000e-01,1.274242612049968082e-01
0.000000000000000000e+00,0.000000000000000000e+00,0.000000000000000000e+00,0.000000000000000000e+00,0.000000000000000000e+00,0.000000000000000000e+00,0.000000000000000000e+00,0.000000000000000000e+00,0.000000000000000000e+00,1.000000000000000000e+00,7.622360076178561483e-01,3.813952082861248871e-01,3.767570448649600334e-01,1.918623693019733956e-01,5.364466499466912230e-01,3.126648830503259147e-02,3.923122155508890208e-01,3.464240279774407072e-01,5.017580547942044333e-01,-2.977640143565150055e-01,1.295662234755158015e-01,-2.452482032582926075e-01,3.475912968014541748e-01,9.705370706442804085e-01,-3.337490908831993730e-01,4.491742658820019884e-01,5.440045888193218993e-01,1.602679568385846909e-01,-2.290653396082360793e-01,-2.770233084442562110e-01,-2.471221643377915222e-01,5.375928189439682647e-01,-2.190892932104473445e-01,-3.725134028760164195e-01,7.314239672841754691e-01,1.867473434615812000e-01,6.400918021122078416e-01,-5.861728164886350484e-02,-1.325652050853237118e-01,-5.493099968078669626e-01,-3.535892992299536908e-01,2.559423421250281439e-02,4.950192732257918116e-01,2.235486899141190531e-01,-1.442291760038480197e-01,-1.282018067498404967e-01,-3.603461403336441493e-01,-2.528353856956419010e-01,3.220565497805090160e-01,3.241814808466293441e-01,5.458063338142609133e-01,3.008431653300007447e-02,3.690317932370541509e-01,1.808295940785949463e-01,-7.504278591020568934e-02,-3.366675442397029649e-01,-2.792713286487557567e-01,-4.542905675345522143e-01,-1.574888927550303630e-01,2.011324947664842322e-01,7.005737610637143009e-02,-1.833331887339783861e-01,-3.938085172279759405e-01,1.182684915662268223e-02,1.971295667408765398e-02,1.890830560878993816e-01,2.867243687098152694e-01,-2.981571339206768867e-01,9.886426196754646845e-02,1.790850554181374343e-01,3.970747028216551899e-01,1.409354282948165338e-01,-1.167287275065970742e-01,-5.173576675723489116e-01,2.240697577512859584e-01,6.735850809289030405e-02,-1.494937573990075957e-02,-3.210762380286449891e-01,1.824194472452451976e-01,7.441182471440659259e-03,-2.987512027759802735e-01,-2.678140338678281496e-01,-1.257823947328972625e-01,1.946838546645007773e-01,1.850606075354152003e-01,2.531484816052557152e-01,-1.661856798879496611e-01,-8.207944085573554149e-02,1.186723571434381286e-01,-5.231931601070449050e-02,4.172063417186205325e-01,1.465800777768448970e-01,-1.129574972185236059e-01,-1.740558961451506292e-01,-3.500284816443729463e-01,6.927096200994434239e-02,2.485125796249723629e-01,3.523992783235199155e-01,1.535439660878681334e-01,5.496979253651173014e-01
0.000000000000000000e+00,0.000000000000000000e+00,0.000000000000000000e+00,0.000000000000000000e+00,0.000000000000000000e+00,0.000000000000000000e+00,0.000000000000000000e+00,0.000000000000000000e+00,0.000000000000000000e+00,0.000000000000000000e+00,1.000000000000000000e+00,9.675185212904544030e-03,4.609336805601256248e-01,1.871527428784620639e-01,6.248645616017164395e-01,7.208492589392048733e-02,5.571298541612890176e-01,2.158903846324526088e-01,3.492340494698491504e-01,-1.981418449396282477e-01,3.520343983428519952e-01,-3.037258337899493288e-01,1.453246259711219179e-01,5.988167321293321743e-01,-2.296650393715599647e-01,3.973380203828381085e-01,4.929445461577140475e-01,2.242077506668050113e-01,-1.112724695232930466e-01,-2.486420347179446599e-01,-2.570095815313893084e-01,7.700395590588063333e-02,-8.837296386598952891e-02,-2.071423433286301019e-01,5.517956930483817191e-01,3.399252343146974553e-01,5.351437275792568782e-01,-1.426500212209138030e-01,-1.942487886643826933e-01,-4.190537684752061454e-01,-4.017175565341283838e-01,4.256143665128442333e-02,3.437837875159331924e-01,1.151863875804476495e-01,-2.072446515748992135e-01,-7.013048424914768153e-02,-2.503747632200983286e-01,-1.824891408100591528e-01,2.579181358730198714e-01,1.791424760296828345e-01,2.446859058367149009e-01,6.327568083111580199e-02,9.339733991900367460e-02,1.454766403476479182e-02,-3.188010792044588815e-01,-6.650848777661473588e-02,-2.385201958010742251e-01,-2.659005758505666450e-01,-1.800493326046307963e-01,9.625284709126692706e-02,-4.747661600650675967e-02,-2.172307966076256480e-01,-2.105253947397988934e-01,-1.035900270589968503e-01,1.334567759941666411e-02,1.766618115315667648e-01,1.104516050139778549e-01,-2.606299926531791544e-01,1.557072923748534787e-01,1.462680179362923771e-01,2.174185219883595921e-01,2.225615291780310978e-01,-2.154092879289706830e-01,-3.953799374714673798e-01,5.757010122832878496e-02,-1.033700815547641677e-01,1.106145039635814398e-01,-1.343231133761316198e-01,3.148189406663312040e-01,-2.618365746719021336e-01,-2.427857437945350194e-01,-2.193409258672894546e-02,-4.538598975388078577e-02,2.875153982444395573e-01,1.798095551520148272e-01,4.835545513904611625e-01,8.202000491612676525e-02,3.889718166273491411e-03,2.583493965104506906e-01,-1.807514892833897158e-01,2.503081039884878511e-01,7.729186829200658526e-02,-2.582224749205389025e-01,-3.227037221700181369e-01,-1.206073952958934964e-01,9.598994285224142498e-02,6.530391819348538296e-02,8.326468050041399560e-02,4.580424954622649980e-02,1.461671843912542568e-01
0.000000000000000000e+00,0.000000000000000000e+00,0.000000000000000000e+00,0.000000000000000000e+00,0.000000000000000000e+00,0.000000000000000000e+00,0.000000000000000000e+00,0.000000000000000000e+00,0.000000000000000000e+00,0.000000000000000000e+00,0.000000000000000000e+00,1.000000000000000000e+00,1.133699839832616810e-02,2.957081596016578051e-01,1.657176657932189490e-01,7.554614126231462556e-02,8.652902853794371130e-02,2.933200052940810321e-01,4.815361715193713366e-01,-6.786576367742409854e-02,-2.116207440968800868e-01,2.409224089635594312e-01,1.446977427517532055e-01,1.140484597455605487e-01,-1.131817778106446355e-02,1.005530705692302407e-01,2.687721745931763162e-01,4.202053634686821193e-02,3.050056657792239445e-01,-3.156199599227376695e-01,-2.035416371397729407e-01,4.010509377285693122e-01,4.373657098499330598e-01,5.905252633115380678e-02,5.824089512492765935e-02,2.516909555623405570e-01,1.214008909512315493e-01,2.524492405369149206e-01,1.489589382169805021e-02,-1.359787616481040740e-01,3.209984576459255778e-02,6.720795289718466126e-02,2.439597963214612808e-01,2.489777372439491709e-02,2.571169984691224486e-01,1.507579464862514596e-01,9.305170225409922780e-02,3.113043880254004470e-01,1.710928018950904905e-01,1.699037419584649086e-02,3.749428998713700278e-01,3.897087387943688492e-03,7.162353698422022075e-02,-5.820328305973518357e-02,2.563419104993173159e-01,3.043215641583533332e-02,2.068815212721903940e-01,1.586801044376867920e-01,-9.326995202512526964e-03,2.753684624742582243e-01,4.570663548568795753e-01,4.318573481968903532e-02,-5.036146532316172764e-02,1.232142642560052487e-01,-4.678352321736624353e-02,2.840874880647583506e-02,3.487045553484152682e-01,3.440331502961080368e-01,-2.692895588816760499e-01,4.390682361088477093e-01,1.218590521993782733e-01,1.095630452054838777e-01,2.949035442419669084e-01,1.460799042720615226e-01,-2.238257414832855730e-01,1.038278417742309091e-02,-6.895932155025488730e-02,3.745268171041876704e-02,1.778488595565184613e-02,2.310353853536514790e-01,-8.624507494583992517e-02,1.866538998485270107e-01,2.539097960815347998e-01,3.248117145826039942e-01,1.388928009111493889e-01,2.886102812088782096e-02,2.055582744275589457e-01,4.111252681734344772e-01,1.116637428037891289e-01,3.435030621360784520e-01,7.360767656702472961e-02,-2.109908486773905134e-01,3.312247151192790895e-01,1.607194860058762109e-01,1.704758561409852324e-01,4.559093381649366727e-01,5.283068021016451565e-01,3.810922712189137029e-01,-1.039677867258877036e-01,4.110939722169914545e-01
0.000000000000000000e+00,0.000000000000000000e+00,0.000000000000000000e+00,0.000000000000000000e+00,0.000000000000000000e+00,0.000000000000000000e+00,0.000000000000000000e+00,0.000000000000000000e+00,0.000000000000000000e+00,0.000000000000000000e+00,0.000000000000000000e+00,0.000000000000000000e+00,1.000000000000000000e+00,1.672086001889194762e-01,5.364323814419637015e-01,5.917496102312942430e-01,3.819009994551437193e-01,-2.767105073907476509e-01,3.135469910367169044e-01,1.634409803587270615e-01,5.589600891316703901e-01,-1.121130279479092412e-01,-1.214729482111851361e-01,4.015393241088073828e-01,3.394594972086983908e-01,4.484294535858803221e-01,3.606239902364803962e-01,-6.859178287677356045e-02,6.339033788589445995e-02,-6.057535919055918872e-02,3.012807570482227068e-02,-8.818502244107505328e-02,6.024999274934332572e-02,-1.179044520531017173e-02,3.666730599441098692e-01,4.550087570535606973e-01,3.326471500539232018e-01,-7.477756188865677944e-02,-1.036833816693346899e-01,-9.838613048560007623e-02,-3.071324779108128289e-01,1.875283428989749368e-01,3.034216468251800247e-01,3.941598285566270676e-01,1.369712616824189377e-01,-1.570599248993697072e-01,2.348178986863783471e-02,5.400934037397597115e-02,5.994473239525617281e-01,6.047857021337270378e-02,1.933266199480951630e-01,6.715425083677629622e-03,1.634029302348899426e-01,-1.518396569184310430e-01,-6.568953500716337435e-02,1.720997748395137750e-01,-1.871323251185745551e-01,2.833605344897148492e-02,1.149576757169901986e-01,2.304577752350841779e-01,2.148222391794112618e-01,-3.298146172222251454e-02,-3.387156246453591479e-01,-3.040664392833475338e-02,1.180040500198057674e-01,1.463919166838712621e-02,-8.421754996578935393e-02,1.714946222350293703e-01,-2.051221831408924640e-02,3.652027359985773325e-01,4.699852537307293021e-01,1.110438573563656550e-01,1.111143873018285017e-01,-9.380708543642771180e-02,1.046912068544738651e-02,2.276020184692245651e-01,3.892015733227130458e-01,1.403523572362418981e-01,1.745751762913673455e-01,-2.396707744439584287e-01,-1.311652965737663268e-01,3.106043330700203886e-01,1.009867690944672575e-01,4.045299842385577382e-01,2.902872929573405147e-01,4.875344122004470204e-01,2.510530203832344043e-01,8.871495576564099317e-02,4.283872831669374714e-01,-2.475728517271986451e-01,3.700150600781019761e-01,1.511451885552364816e-01,-1.438235897105815675e-01,-2.131806506694359504e-01,-2.216268935857084732e-01,1.239021099054090080e-01,-2.640813184414544240e-02,1.175089964990880670e-01,1.497546997029983729e-01,2.308463466741368098e-01
0.000000000000000000e+00,0.000000000000000000e+00,0.000000000000000000e+00,0.000000000000000000e+00,0.000000000000000000e+00,0.000000000000000000e+00,0.000000000000000000e+00,0.000000000000000000e+00,0.000000000000000000e+00,0.000000000000000000e+00,0.000000000000000000e+00,0.000000000000000000e+00,0.000000000000000000e+00,1.000000000000000000e+00,9.313325410396935955e-02,4.807460555412295111e-01,1.179239584700348953e-01,4.048253349306499445e-03,1.006383824577796737e-01,-1.592121596137322653e-02,2.239484614927012562e-01,1.068647106356766796e-02,-8.844906480176856212e-02,2.869191271175972405e-02,1.156955282599572699e-01,2.920710494032030535e-01,8.893102144125819564e-02,1.979571106220140708e-01,1.360166274712256707e-01,-2.885169550738965125e-02,1.221969927738574269e-01,1.522201858566399335e-01,1.320191586728443611e-01,2.965165122167791600e-01,7.403421152855735321e-02,-1.922498826496757407e-01,1.299428108349703903e-01,2.813911860547279598e-01,4.754001979528665184e-02,5.825327979529618810e-02,3.690236833264198824e-02,1.268737123454724558e-01,1.430162944213296816e-01,-1.648701977194886453e-02,8.086201258675812520e-02,-6.015130130029771281e-03,1.192147243439182352e-01,3.819626102374690940e-02,-3.314604676278579132e-02,-3.058964099430360739e-01,1.359356018714293762e-02,-1.498951754530394864e-01,3.061172361114917334e-02,5.600130230297121689e-03,3.349629899018979201e-02,2.195737961396392324e-01,2.455965521510327099e-01,-5.297932822734402469e-02,-1.488001169165945881e-01,-5.088735001900499683e-02,1.699136099548610446e-01,-9.913226599370147940e-02,9.390204217611233806e-03,2.346558354000512769e-01,1.769652158267598918e-01,-1.248097730018161433e-01,3.433454963749227318e-01,2.277746607663483080e-01,2.226551695844768489e-02,5.622282064144538960e-02,1.305246014266126797e-01,-3.020725943504963887e-02,3.557900270363391626e-01,6.887435042452991207e-02,-9.321031344483084180e-02,-7.481159057065366047e-02,-9.779782058410582679e-02,1.403458655253072285e-01,1.749346791343437402e-01,2.367419645994388033e-01,1.980435913010977593e-03,1.935744534836467690e-01,1.023934581754295525e-01,6.473605317030911577e-02,4.672826237303514402e-02,1.384876306607968344e-01,2.533693311168142091e-03,1.398895733564756438e-01,1.260534433263830190e-01,1.086614023925622230e-01,2.467435347895616249e-01,3.541809763894953472e-02,2.133977942472984890e-01,2.121242589903504783e-01,2.005324912913510615e-01,2.134451108214014889e-02,2.989467653346304377e-01,3.112778397469999001e-02,4.045624644039921836e-02,1.610790304163357833e-01
0.000000000000000000e+00,0.000000000000000000e+00,0.000000000000000000e+00,0.000000000000000000e+00,0.000000000000000000e+00,0.000000000000000000e+00,0.000000000000000000e+00,0.000000000000000000e+00,0.000000000000000000e+00,0.000000000000000000e+00,0.000000000000000000e+00,0.000000000000000000e+00,0.000000000000000000e+00,0.000000000000000000e+00,1.000000000000000000e+00,2.158988564041965097e-01,1.194038335023010766e-01,6.270600078684024012e-03,2.350010433160814316e-01,-3.064034959862855026e-02,2.541055296467186198e-01,-8.163842079007548047e-02,-4.003017777957022794e-02,2.760867481838272797e-01,1.898810368124445244e-02,2.602452812270296678e-01,2.590509634775191583e-01,-4.627316544321053576e-02,1.746471368171019778e-01,-1.771603583700059534e-02,-5.188437645344375071e-02,1.036641576184274202e-02,1.717283459914277777e-01,3.387210136364918189e-02,1.584163179277823241e-01,2.310609394586917720e-01,1.151011462643542482e-01,-1.075200418888099668e-01,-2.341886981706533533e-01,-1.043501361934038446e-01,-2.060660310592798139e-01,-4.086656322589140439e-02,1.867938914454453092e-01,1.029495762709694145e-01,-8.069141977823400536e-02,-8.675266024226008232e-02,5.792989532296059091e-02,-3.845296611407864745e-02,2.068679007921292168e-01,1.199010194247573519e-01,4.906900183051469272e-02,1.396598474900537235e-01,-5.366053983062313293e-02,-1.663098995429126981e-01,1.692031655335562990e-01,-5.598634247489023968e-02,-6.178163209842747056e-02,-3.408059303164758663e-02,-8.953749063946248032e-02,5.276470464864288501e-02,1.612135483937958136e-01,-1.066821145399408227e-01,-2.639532754230999867e-01,-1.022140067483462145e-01,-4.691440526019681478e-02,1.835666861349615278e-02,-9.172974163347420717e-02,1.558379059341029847e-02,-7.810896120610659465e-02,1.684923113602050659e-01,4.850747610181216363e-02,1.464614978007038326e-01,8.510386389220442327e-02,-4.658451123017011376e-04,-4.771705912760580010e-02,4.523063181791724813e-02,1.701505237314259456e-01,-2.402356226044980933e-02,3.051558798104352932e-01,-1.265156038852137121e-01,-3.727078793333001017e-02,4.508720168833576375e-02,1.378906933395032952e-01,2.972254922616598960e-01,2.691614880587643865e-01,1.589458634455450381e-01,8.053353718546074624e-02,4.328600765169052234e-02,2.814842895212329998e-01,1.060652819155122606e-01,-5.792592299936557415e-02,2.557411853254663511e-02,-2.711940981752634650e-01,-2.627704326363416443e-01,-1.360107523307406419e-01,1.049448567836732960e-01,1.055091759835103254e-01,1.687402343066336519e-01,-4.903656797171793841e-02,7.457031367148681715e-04
0.000000000000000000e+00,0.000000000000000000e+00,0.000000000000000000e+00,0.000000000000000000e+00,0.000000000000000000e+00,0.000000000000000000e+00,0.000000000000000000e+00,0.000000000000000000e+00,0.000000000000000000e+00,0.000000000000000000e+00,0.000000000000000000e+00,0.000000000000000000e+00,0.000000000000000000e+00,0.000000000000000000e+00,0.000000000000000000e+00,1.000000000000000000e+00,1.151236552088529680e-01,-1.511366537220392714e-01,1.206970649634637044e-01,1.446232373338302291e-01,3.695652465797855113e-01,5.534060665647049654e-02,-4.988990401757267129e-02,7.638842424091522865e-02,2.667208169938582452e-01,1.164645765874302158e-01,2.784929749149803613e-03,-1.374295251521648886e-01,1.126655912436791557e-01,1.066474355923999057e-01,2.264324688969940325e-01,-3.659593586480396760e-02,1.544185262907902256e-01,2.643212623482823487e-01,-3.910066659795034816e-02,1.432725964394932494e-01,-4.311255222436071594e-02,4.520177142248435476e-02,4.958417660466006571e-02,1.513308673550134154e-01,-1.114600097991977484e-01,2.925216336317634346e-03,7.318305679750858328e-02,1.543667277605109134e-01,1.428875474482682872e-01,-6.358420033539684268e-02,9.828441664423273605e-02,1.491125291343163226e-02,2.666182759372751621e-01,-1.907966098457650472e-01,-9.617915390093130512e-02,1.085700397565912342e-02,8.911912259218145171e-02,-1.052123344147157941e-01,4.875556716282051367e-02,1.127655931884347096e-01,5.893159188843525437e-02,2.125973007452571784e-01,2.075540091812167268e-02,2.890486361544293906e-03,1.063411859212578525e-01,7.467826102299526814e-03,-3.953635853109963016e-02,3.308078833034507754e-02,1.395409111960971837e-01,-1.469082778310383253e-01,-5.283052168700365370e-02,1.624125226468041139e-01,-3.233576124282115574e-03,2.865687532643095281e-01,2.778394978489245881e-01,-4.156548902691487024e-02,3.435753024998571825e-01,1.598932561094257299e-02,-8.271145987366960994e-02,-2.764603810563086295e-02,2.948319927796635986e-01,7.873015440479776139e-02,1.204454327114043294e-01,-3.125010236375506956e-02,1.013958830599709510e-01,1.608133159669616064e-01,1.264330866806114562e-01,1.053434511883183933e-01,9.669584451811923109e-02,1.961043770985444190e-01,1.833278573490448593e-01,7.890806424349600112e-02,2.437593519653324936e-01,6.919328408326483326e-02,3.357809327987948955e-01,-1.932230017937151823e-02,7.069735547921814078e-02,-1.849598559478752083e-02,5.123519300092311407e-02,2.607874200084141919e-02,8.457132302804230839e-02,7.886648159312036055e-02,-2.718874873452720164e-02,9.489751822632513933e-02
0.000000000000000000e+00,0.000000000000000000e+00,0.000000000000000000e+00,0.000000000000000000e+00,0.000000000000000000e+00,0.000000000000000000e+00,0.000000000000000000e+00,0.000000000000000000e+00,0.000000000000000000e+00,0.000000000000000000e+00,0.000000000000000000e+00,0.000000000000000000e+00,0.000000000000000000e+00,0.000000000000000000e+00,0.000000000000000000e+00,0.000000000000000000e+00,1.000000000000000000e+00,-5.399688987579587263e-02,1.142146121356518891e-02,9.692800133529355655e-03,3.009048367993357592e-02,-8.267161355485258545e-02,1.692321302111238213e-01,2.085957571322580861e-01,1.553808254561782620e-01,1.045204109028461531e-02,2.005516194080111669e-01,-1.194592592682317336e-02,8.337669472550582328e-02,2.451925530859178776e-02,2.008307492177821008e-01,-6.406148371259855201e-02,-7.945884066264607970e-02,1.264096445831662530e-01,2.701553100034033081e-02,3.315177066292854802e-01,1.062209468386009215e-01,-1.418897632882359650e-01,-1.658300907630374244e-01,-3.981423848630535889e-02,3.222477069625074436e-02,-9.279256633609813537e-03,2.683728493064524347e-03,-2.886134638591997259e-02,1.282580730986384310e-01,1.661113921106527058e-01,-1.157516809877175423e-01,5.229228628473175933e-02,1.684627931587299177e-01,1.567510010974815238e-02,-6.704945479232710115e-02,2.212455477453538835e-03,-1.034812566056652477e-01,-4.190543490242239905e-02,-1.168132132380199015e-02,2.255235918471006629e-01,-9.035597550981064319e-02,5.235907323118364765e-02,4.151964608714606847e-02,4.735161610264147780e-02,1.999318408318778162e-01,3.968344206217833126e-02,-2.008003166913307491e-01,3.923411761810720322e-02,-1.849853780616261822e-02,1.072395193180779860e-01,6.680538050876280373e-03,2.891772813519545918e-02,2.162468515841469707e-01,4.460270989441459527e-02,-1.747936305038571420e-02,2.482473157467811054e-01,6.162908243617562683e-03,-1.951774690315871141e-01,1.520892170504231922e-01,-7.860564276021197658e-03,3.282738686340213458e-02,4.159166121715455328e-02,5.045649856468384375e-02,-1.527190422444189288e-01,-1.772639771230360983e-01,-6.310732760735152276e-03,-3.569663109175823246e-02,5.200683366049122652e-03,1.160331092639350636e-01,1.628835084524652421e-01,1.828239475909037015e-01,1.149199440559436625e-01,1.592441379753054831e-01,-2.057097920591925352e-02,1.108059576849105554e-01,2.889207071142029307e-02,-1.076516779592046752e-01,7.628314428707755335e-02,1.662298614188203183e-01,1.290377666082685726e-01,-1.525247316678191578e-01,-1.043474179188629419e-01,8.747033896472940565e-03,1.871322414077408736e-01
0.000000000000000000e+00,0.000000000000000000e+00,0.000000000000000000e+00,0.000000000000000000e+00,0.000000000000000000e+00,0.000000000000000000e+00,0.000000000000000000e+00,0.000000000000000000e+00,0.000000000000000000e+00,0.000000000000000000e+00,0.000000000000000000e+00,0.000000000000000000e+00,0.000000000000000000e+00,0.000000000000000000e+00,0.000000000000000000e+00,0.000000000000000000e+00,0.000000000000000000e+00,1.000000000000000000e+00,9.588602155959666251e-02,1.088967958893320154e-01,-1.404539232896746814e-01,-1.700217064286278501e-01,3.413312548889683995e-02,1.304236972393270355e-01,-1.979277769702489087e-01,-7.639525131147087422e-02,-6.061741835070970363e-02,1.577722356030141493e-01,-7.707513223158642124e-02,-1.203246232619126083e-01,-2.374276143212687984e-01,2.064711911595942528e-01,5.432697827660586815e-02,-1.879071831714611285e-01,1.795905157612954772e-01,4.120014883359168073e-02,1.817185615239910179e-01,6.978061943245647200e-03,1.032872691952898964e-01,5.394959643109990821e-02,-7.401111548273540432e-03,1.449599225342710906e-01,-4.768688836560334293e-02,-5.233612629081940693e-02,-1.453960485550591653e-01,5.140293523640458717e-02,-5.784873919512850682e-03,2.091109748781118938e-01,-9.553338657619202257e-02,1.774000241467302286e-01,1.569375828616680624e-01,4.924787699573771049e-02,5.815249645598039724e-02,6.455024133906828165e-02,1.527010438571690942e-01,-8.272748458314101161e-02,-1.604706466489818628e-01,1.154665915511414107e-02,1.186319348263310813e-02,1.185940919232017637e-01,1.765435825010004955e-01,9.519299556966373532e-02,4.301628153027263479e-02,-9.420841704055532562e-02,-1.101617869424142693e-01,6.578408541281223487e-02,1.166791810217354813e-01,-1.160556569847914256e-02,1.040290670249356814e-01,-1.884112065633432786e-03,-1.315427622905221416e-01,-5.199333589676827933e-02,-1.235055918019001622e-02,2.393731096974725248e-01,1.763033173838600975e-01,7.345078125144868797e-02,-1.496928311556409638e-02,-6.525342563242463034e-02,6.747919114829097065e-02,8.094582335763457481e-02,-1.118425704320025332e-01,-2.431021331738284497e-01,4.888961990699643156e-02,-1.449644374458384198e-02,1.580835600155389431e-01,1.169800418158100930e-01,-1.588134576189522140e-01,-1.165983939438212588e-02,-5.195577595722054853e-02,-5.908146282865627680e-02,-1.350306673635778276e-01,6.644220450871056449e-02,1.707996830756119966e-01,-1.600905587537750641e-01,1.158847035202212883e-01,-8.785654887388937018e-02,1.076936725125267752e-01,1.088352298239222832e-01,-1.979728823333626320e-01,1.324141068468140392e-01
0.000000000000000000e+00,0.000000000000000000e+00,0.000000000000000000e+00,0.000000000000000000e+00,0.000000000000000000e+00,0.000000000000000000e+00,0.000000000000000000e+00,0.000000000000000000e+00,0.000000000000000000e+00,0.000000000000000000e+00,0.000000000000000000e+00,0.000000000000000000e+00,0.000000000000000000e+00,0.000000000000000000e+00,0.000000000000000000e+00,0.000000000000000000e+00,0.000000000000000000e+00,0.000000000000000000e+00,1.000000000000000000e+00,3.347672762313492201e-01,3.256685809606501003e-01,3.848115012057518047e-02,3.432584258894488816e-02,1.437470303879637423e-01,-1.486719239026905448e-01,3.709312819547789242e-01,3.852060666560570557e-01,2.087241400345386799e-01,7.298871239792067978e-02,-2.508839312542519573e-01,-5.800615029108413534e-02,1.177052739876631726e-01,1.439265937654785332e-01,1.267558234395816386e-01,2.671905140181122240e-01,1.880218729943158584e-01,8.908729434210163611e-02,1.147946306966727593e-02,-3.707209062241992870e-01,-1.152277732862629633e-01,-7.529720685653541745e-02,8.741503065250966209e-02,2.096100441928892000e-01,3.340102487593951675e-01,1.572958538417991436e-01,-2.293160233048123844e-02,2.009340125601485616e-01,2.269332397715924654e-01,2.897391332725372526e-01,-1.038017237583961222e-01,2.943294916239011516e-01,3.407205342660209885e-02,1.663203775101874393e-01,-1.064743286481428658e-01,9.360245432502878327e-02,2.451896457136791274e-01,-3.673912181839399799e-02,-9.357228553837616813e-02,5.642563081913881673e-02,1.674915505138423744e-01,2.448184703383652350e-01,-6.905081327469198005e-02,-2.720631950842766766e-01,-2.047640265435591578e-01,4.506437790602552812e-02,-3.877741414881624715e-02,1.748170102275177773e-01,7.894261146700332077e-02,-2.095868911877829532e-01,3.422680119287772049e-01,2.336231746795679742e-01,3.241956767411548201e-02,2.874260259615802338e-01,-2.096402250434224734e-01,-1.015219299082035509e-01,3.030765696571697809e-01,3.000216181118013914e-01,1.251819945109638732e-01,-1.881646524098358197e-01,5.895151231786437129e-02,-6.263151498212431167e-02,1.249257559986012844e-01,1.490872058586507343e-01,3.229250146736262761e-01,1.281719677883809694e-01,2.732477442823728064e-01,1.489474694725807236e-01,1.405775279722366600e-01,2.234748351485422169e-01,-1.984466508206226554e-01,8.166633650808018119e-02,-8.507873792651099443e-02,1.386472932267535652e-01,-1.208539899933317729e-01,-4.813381439290569802e-02,1.618752140673511697e-01,3.219374864087701793e-01,2.196544350577824267e-01,2.042145284805221145e-02,2.941780797096029687e-01
0.000000000000000000e+00,0.000000000000000000e+00,0.000000000000000000e+00,0.000000000000000000e+00,0.000000000000000000e+00,0.000000000000000000e+00,0.000000000000000000e+00,0.000000000000000000e+00,0.000000000000000000e+00,0.000000000000000000e+00,0.000000000000000000e+00,0.000000000000000000e+00,0.000000000000000000e+00,0.000000000000000000e+00,0.000000000000000000e+00,0.000000000000000000e+00,0.000000000000000000e+00,0.000000000000000000e+00,0.000000000000000000e+00,1.000000000000000000e+00,1.112684609575652628e-01,-1.000857518435912530e-01,-4.752126835888306061e-02,2.052723716529466363e-02,4.907354049695005632e-02,-7.004836302584886709e-02,-4.293722105129580552e-02,-1.125531922183946876e-01,-2.870279597346972467e-02,1.077967601127084035e-01,2.009154251109082356e-01,6.647451235991683194e-03,6.626255664081305563e-02,-6.494613877370224164e-02,-8.556361922048962010e-02,-5.487794898214299472e-02,-9.431262397464282299e-02,-1.746991348564549962e-01,-9.439757287806589681e-02,1.552914129388720255e-01,4.359387988299794070e-02,1.600511792964379176e-01,-6.086168432756126206e-02,1.043658165059379583e-01,7.444815687906308765e-02,4.298762400193239380e-02,3.027427823356654280e-01,5.884833936065486659e-02,1.895881292838025867e-01,-2.735627637332679885e-02,4.297614704989737716e-02,-1.103978593309586781e-01,2.298591263087455261e-01,1.050908773231005039e-01,3.342713073577637251e-01,1.693366136208547534e-01,-2.431982910107965620e-02,-6.606008396811262340e-02,2.597400159551905285e-01,-9.438259169608755050e-02,1.037892606840591231e-01,1.579294682552091766e-01,-1.900670931210104164e-01,-1.860697747560773607e-01,1.067632877185379359e-01,-1.141418346120988692e-01,9.902472324672112816e-03,6.399668858630504220e-02,1.597317837126329687e-01,2.454480921703699747e-01,-1.620859870459044338e-01,-1.686881307493183213e-01,2.677440350368786581e-01,-5.748590071308685295e-02,4.750542320961623904e-02,3.036390763273271176e-01,7.650858560917095375e-02,9.224371247223593639e-02,-6.962366187634341785e-02,1.144877362171997995e-02,-2.604654437281808503e-03,-5.909678581872278291e-02,6.089587725707510529e-02,6.029826577754211769e-02,-8.478068822742557131e-02,8.904545232828270374e-02,1.504949665607877018e-01,-4.763777353303018380e-02,1.330911035821942534e-02,-1.233904599012198289e-01,-2.321604196166868542e-02,-8.794125649148393231e-02,3.279463557099124987e-02,-2.035825197519837426e-01,3.993248911368949688e-02,-4.392592899027746717e-02,6.184039753383734767e-02,3.250459203089802601e-02,-1.785444869951459401e-01,2.162533012852635439e-01
0.000000000000000000e+00,0.000000000000000000e+00,0.000000000000000000e+00,0.000000000000000000e+00,0.000000000000000000e+00,0.000000000000000000e+00,0.000000000000000000e+00,0.000000000000000000e+00,0.000000000000000000e+00,0.000000000000000000e+00,0.000000000000000000e+00,0.000000000000000000e+00,0.000000000000000000e+00,0.000000000000000000e+00,0.000000000000000000e+00,0.000000000000000000e+00,0.000000000000000000e+00,0.000000000000000000e+00,0.000000000000000000e+00,0.000000000000000000e+00,1.000000000000000000e+00,4.464436978615958507e-02,-1.424508266242420496e-01,-1.984833174899726729e-02,4.177819507146316585e-02,5.488645444568648335e-01,1.123891405460738929e-01,-1.038798639881555325e-01,4.801292147166681679e-02,1.959451829926883021e-02,-9.294819180241188639e-02,-8.256992042553731870e-02,1.287437646148817671e-01,2.811150140683314064e-02,1.277627990233791977e-01,1.002313248791514427e-01,3.457029382879812235e-02,-8.382498757991234395e-02,-1.480962852741453117e-01,3.843536049243376565e-03,-1.544932296790476056e-01,-3.982947858167870669e-02,1.449065983790320811e-01,3.035178042570424450e-01,5.386204601983293067e-02,-2.020101568199761666e-01,2.775690435967855252e-01,7.880237557690798755e-02,1.889679493448616632e-01,-6.774802142671712546e-02,-7.241776192364407505e-02,1.179356081923357315e-02,-5.096541262117251780e-02,-1.015585008468991995e-01,-8.850006287795902926e-02,3.694283174881209109e-02,6.024992928187095781e-02,-1.866177813773078203e-02,-6.310106085897976280e-02,-7.479426079889113510e-02,7.549406991098701891e-02,-8.613870236255539992e-02,-1.876436403582784369e-03,-1.559941453529237743e-01,2.549761419141470531e-02,-4.679660580391110242e-02,3.269062444113891852e-02,-9.083636887208974831e-02,-2.612079601362576886e-01,1.081046236455954074e-01,3.302889682595459009e-01,-1.601119002520892953e-01,1.747647169821496815e-01,-2.236935138981714088e-01,5.773065519021117198e-02,3.406415169625758022e-02,4.984116300884650075e-01,2.250057983471983880e-01,2.528754480425744050e-02,-1.164694319846140830e-01,1.433864430760903863e-01,1.993326405606071772e-01,-4.539337551595551412e-02,2.794184260959954869e-01,6.878525531572776686e-02,3.664286639951568336e-01,1.282374755947662537e-01,1.467195564150053366e-01,4.892144080801141826e-01,-2.166661921880833341e-01,5.169225118362026639e-02,7.429346791304078379e-02,-1.595568434997242380e-01,-1.002263796529937190e-01,1.388378136725911156e-02,-7.754263420340722253e-03,1.075651255320433097e-01,-9.241751431698315422e-03,2.355135924237790890e-01,-7.998056285262801490e-02
0.000000000000000000e+00,0.000000000000000000e+00,0.000000000000000000e+00,0.000000000000000000e+00,0.000000000000000000e+00,0.000000000000000000e+00,0.000000000000000000e+00,0.000000000000000000e+00,0.000000000000000000e+00,0.000000000000000000e+00,0.000000000000000000e+00,0.000000000000000000e+00,0.000000000000000000e+00,0.000000000000000000e+00,0.000000000000000000e+00,0.000000000000000000e+00,0.000000000000000000e+00,0.000000000000000000e+00,0.000000000000000000e+00,0.000000000000000000e+00,0.000000000000000000e+00,1.000000000000000000e+00,-2.740730153617368936e-01,-1.600609041925102338e-01,-7.206639740738131350e-02,5.264705165259091907e-02,1.836564830244222235e-01,1.756834629102058953e-01,3.073682791934663761e-01,-1.467914083384567470e-01,-7.393803880818126950e-02,4.744461201430129685e-03,2.397348659735535625e-01,2.043795016243645513e-01,-1.118929523023942801e-01,1.561532682907237554e-02,7.236628383507386075e-02,2.798986313699347583e-01,-1.005810698873904202e-01,-1.340131616416527782e-01,7.050092575677181783e-02,-1.505800413700661144e-01,-1.893554960409757626e-01,2.750007637496143520e-01,3.345882157608355834e-01,1.436538809059157429e-01,3.831517109842708657e-01,1.256074632952858816e-01,7.839594643088317050e-02,-6.032555386383064294e-02,2.077933704108833879e-01,1.835187635555192709e-01,6.539581874774058612e-02,-1.868678756223198234e-01,1.158073197514378344e-01,1.147594644810360082e-01,3.525084205084320077e-01,3.565132572717619741e-01,2.739361399423896337e-01,-7.027845593237372346e-02,9.520745840654212810e-02,1.108857929208996868e-01,1.088868667121480061e-01,6.516278297112076956e-02,2.177620713493999827e-01,-2.076628572402821893e-01,1.649467696636148506e-01,4.470121545310713762e-03,-1.905523962664019411e-01,-7.741280138988765325e-02,5.188792301588893152e-02,2.421961052047310117e-02,3.624497728227875637e-01,-3.780436790813411496e-02,-4.068410432453473113e-01,2.459028862472392996e-01,3.181103980221274691e-02,1.400911893096228877e-01,-3.250932639576515487e-02,3.303972549765412103e-01,4.121258866361590667e-01,2.993704050466232114e-01,3.657427968253375988e-02,1.454134478118262741e-01,1.087711935287595348e-02,1.084277202017069619e-01,1.390717207445245907e-01,3.824850274062708833e-01,1.931342326706413093e-02,3.036601637735193426e-01,1.545895996116155302e-01,-1.376465771189815945e-01,-3.113565338730685944e-02,4.788313010520655055e-01,-2.666901856955159258e-02,6.062545017102487499e-01,2.114804089781308905e-01,2.282455597004612036e-01,3.320161846195159860e-01,9.570835966325204336e-02
0.000000000000000000e+00,0.000000000000000000e+00,0.000000000000000000e+00,0.000000000000000000e+00,0.000000000000000000e+00,0.000000000000000000e+00,0.000000000000000000e+00,0.000000000000000000e+00,0.000000000000000000e+00,0.000000000000000000e+00,0.000000000000000000e+00,0.000000000000000000e+00,0.000000000000000000e+00,0.000000000000000000e+00,0.000000000000000000e+00,0.000000000000000000e+00,0.000000000000000000e+00,0.000000000000000000e+00,0.000000000000000000e+00,0.000000000000000000e+00,0.000000000000000000e+00,0.000000000000000000e+00,1.000000000000000000e+00,2.571575022204090066e-01,3.966520636761698693e-02,-2.100193541485146920e-01,-6.554769618471156800e-02,-3.449614662166283763e-02,-3.351563404428082454e-02,1.154938232203400195e-01,6.086504398598257398e-02,3.042770044428461107e-02,-2.161601502808110919e-01,-3.091651714300771431e-02,1.159256698001284308e-01,2.041952290005319970e-01,-2.677629756107052228e-01,-2.766934849278709918e-01,-8.693063958951409431e-02,-6.359873440274912970e-02,2.823472936417753543e-01,-4.401332855474437977e-02,-8.590326488912028435e-02,-9.288709517128214410e-02,6.464669953913701472e-02,7.010013804000631010e-02,-2.623205017054939248e-01,-1.668039073416905382e-01,-1.408303458568136435e-01,1.829570986204727412e-02,-8.821864637806276985e-03,-1.245896722865198480e-01,-1.297540575337231827e-01,-1.380524434927593302e-01,-3.650563282618134869e-02,1.726107469531985156e-02,-2.018408702036980917e-01,-2.008970782487305429e-01,-6.095030810057845000e-02,-1.182083969359042641e-01,-2.663005223016169307e-02,2.741289817417127267e-02,-1.471934814617568421e-01,-1.224055448786867326e-02,-1.665177978125893798e-01,3.188070200155266876e-01,-8.770313259065892764e-02,-1.559281967195109142e-01,1.422161270934990118e-01,-9.523879685864679312e-02,6.390091855174200031e-02,1.631611177254681244e-01,-3.498939485933096061e-02,-2.209705706268302317e-01,7.449280775642480590e-02,-1.673094171485563497e-01,-2.293993790885308914e-01,-1.201282397872931451e-01,-1.046293235927340942e-01,-2.902815516106690419e-01,-2.818484371098944341e-01,-1.827326925626012177e-01,1.619278855519522275e-02,-2.310847619788127805e-01,-2.534852441970398829e-01,-1.780573355847422656e-01,-1.242133063309757259e-03,1.480391144029295780e-02,-1.666037783546434406e-02,-1.429708978271675979e-01,-1.553327520199774270e-01,1.882975877934348063e-01,-8.952631512261623181e-02,-8.406704252765563601e-02,3.005877831739703354e-01,-2.588626434570866497e-01,-7.941548987814955884e-02,-4.272434897837509848e-02,2.573386912904951015e-02,-1.711146311791131303e-01
0.000000000000000000e+00,0.000000000000000000e+00,0.000000000000000000e+00,0.000000000000000000e+00,0.000000000000000000e+00,0.000000000000000000e+00,0.000000000000000000e+00,0.000000000000000000e+00,0.000000000000000000e+00,0.000000000000000000e+00,0.000000000000000000e+00,0.000000000000000000e+00,0.000000000000000000e+00,0.000000000000000000e+00,0.000000000000000000e+00,0.000000000000000000e+00,0.000000000000000000e+00,0.000000000000000000e+00,0.000000000000000000e+00,0.000000000000000000e+00,0.000000000000000000e+00,0.000000000000000000e+00,0.000000000000000000e+00,1.000000000000000000e+00,-2.672945974079370471e-03,1.536396099293959594e-01,3.656448536767429869e-01,2.182273429158922418e-01,4.061583083491666912e-02,1.560959650410980171e-01,-2.899999818460303330e-02,2.166699290969924252e-01,-1.228010376493305494e-01,-1.456151151468684235e-01,3.662634683550376469e-01,1.610026300293816992e-01,3.189844389240651390e-01,-1.657358942498051713e-01,-2.226652120371184485e-01,-2.516575672548153619e-01,6.581158402487459307e-04,2.153015529094529645e-01,1.661683696835235813e-01,1.640005411485323528e-01,-2.423022719469783166e-03,9.978448439837461770e-02,-1.522981754703012745e-02,-1.402477772959221380e-01,1.829221468397610184e-01,2.368904026714310218e-01,3.190186214812348320e-01,8.098749837644815541e-02,1.729242083165146437e-01,2.111414091385299327e-02,1.619534007835350398e-01,-3.125376834706282414e-02,-2.146808233970484980e-01,-1.914874682264068317e-01,2.098200511720318961e-01,9.753582109538465762e-04,7.316132322249506437e-02,1.326122734666854153e-01,-2.756120817446784943e-01,3.635401076124185338e-02,4.104895940579901537e-02,2.681266141610432752e-01,2.604698626792128699e-02,-9.576966429635498657e-02,1.690159599106518806e-01,-4.018757662529841290e-02,5.169574159735255969e-02,2.812695701503958312e-01,5.092742975985825073e-03,-1.113554166256941202e-01,1.623822786724507528e-01,3.359801586632505943e-01,-6.320012519737214229e-02,-1.270267843288645088e-02,1.771370718846645431e-01,-1.084019096255567638e-01,-6.430357519694995805e-02,-5.379229817901098887e-02,2.898478724679185922e-03,5.514575788869911788e-02,1.913406073905328242e-01,1.124520114830858813e-01,2.447051363393846352e-02,1.562831050049619253e-02,1.275680682734030291e-01,-9.136659986446764303e-02,2.057989345738908404e-01,2.084456197909308195e-01,-1.002072172621866347e-01,-1.043571220287708712e-01,-1.738274116724875806e-01,1.158843986389082419e-02,1.146998743986377689e-01,2.348186833508037197e-01,1.622994851552914397e-01,1.991627334306928787e-01
0.000000000000000000e+00,0.000000000000000000e+00,0.000000000000000000e+00,0.000000000000000000e+00,0.000000000000000000e+00,0.000000000000000000e+00,0.000000000000000000e+00,0.000000000000000000e+00,0.000000000000000000e+00,0.000000000000000000e+00,0.000000000000000000e+00,0.000000000000000000e+00,0.000000000000000000e+00,0.000000000000000000e+00,0.000000000000000000e+00,0.000000000000000000e+00,0.000000000000000000e+00,0.000000000000000000e+00,0.000000000000000000e+00,0.000000000000000000e+00,0.000000000000000000e+00,0.000000000000000000e+00,0.000000000000000000e+00,0.000000000000000000e+00,1.000000000000000000e+00,-7.614056295406303188e-02,-1.213541245888134605e-02,-1.875791325509142682e-01,9.553814616393875581e-02,5.432765460479108133e-02,9.975455194020221850e-02,-3.234327622722262818e-01,8.187539548420608160e-02,1.481105634782960423e-01,-4.251151237336877470e-02,1.608573928935036479e-01,-2.013624617269236527e-01,2.926079232213867412e-02,4.188802579033709672e-02,1.030624793492168345e-01,5.133030453409744703e-02,1.853479399236013713e-03,2.637979025955173099e-02,-8.381683071637380245e-02,1.182667455064603801e-01,-9.936909466262473789e-02,-5.203395710461104773e-02,-1.284594722638299213e-02,9.468912172693104423e-02,-1.396736048281110587e-01,-1.727433386083350175e-01,-3.938384475124046685e-02,-1.211889192751734456e-01,-1.222653590723453976e-01,-8.726704951929649401e-02,4.422666024868456697e-03,2.299689076527058895e-02,1.134738064115519696e-01,-6.800278860624055233e-02,-2.882761735436285139e-02,-9.377016782673586182e-02,-3.019525593615897743e-02,1.208996286766052253e-01,1.719737195560689658e-01,-1.676756966629356083e-01,1.346464240921903532e-01,-2.746465807096709622e-01,1.942446271190429452e-01,-4.560279530795534331e-02,6.602029319578042732e-02,5.640555807875354682e-02,9.782615316109756487e-02,-1.132764106892635569e-01,1.541776638532312838e-01,-1.487704529027016609e-01,-8.565567164640291997e-02,1.692804065681892955e-01,2.428447396395360391e-01,-1.366106282017395257e-01,-1.309987474795525075e-01,-1.027928329402386237e-01,2.327398800376258292e-01,-1.229243443871025493e-01,-1.727469926581560455e-01,8.038922498039287323e-02,-4.627054968731508441e-03,6.642855480118267653e-02,1.122202310116869189e-01,5.417605287921883200e-02,-1.861117138841036217e-02,9.871284076371569793e-02,2.391465902044976888e-01,8.542037809628781619e-02,2.346730889928103775e-02,8.272707174897322990e-02,-9.608838015466263094e-02,-5.472805576607941980e-02,-1.601879030606849774e-01,5.226174388062688851e-03,-1.652337389030032189e-01
0.000000000000000000e+00,0.000000000000000000e+00,0.000000000000000000e+00,0.000000000000000000e+00,0.000000000000000000e+00,0.000000000000000000e+00,0.000000000000000000e+00,0.000000000000000000e+00,0.000000000000000000e+00,0.000000000000000000e+00,0.000000000000000000e+00,0.000000000000000000e+00,0.000000000000000000e+00,0.000000000000000000e+00,0.000000000000000000e+00,0.000000000000000000e+00,0.000000000000000000e+00,0.000000000000000000e+00,0.000000000000000000e+00,0.000000000000000000e+00,0.000000000000000000e+00,0.000000000000000000e+00,0.000000000000000000e+00,0.000000000000000000e+00,0.000000000000000000e+00,1.000000000000000000e+00,3.473573912841141920e-01,3.027210042349443575e-01,9.238011079613736576e-02,-1.212555974014512955e-01,-2.788450974973232244e-01,1.047653085099586878e-01,9.109311515719115127e-02,-8.281742009172166075e-02,2.581551918288356728e-01,-6.322756634787858598e-02,2.957414602489463196e-01,1.361510103225228863e-01,-3.403753580174059268e-01,-1.897024116248180181e-01,-1.241070199508475802e-01,7.950558716854422281e-02,2.395833661863628061e-01,2.023398245668228401e-01,1.365106701408951850e-01,-7.425530368355916233e-02,3.153682892928624804e-01,6.220106626793072552e-02,1.651449921424896217e-01,6.916917259117513761e-02,2.480507198301097893e-01,4.894131700083605846e-02,3.597328835435092270e-02,-3.743476341803399915e-02,4.748099234005162886e-03,1.040242250267500307e-01,1.364278632040913652e-01,-1.404630901444035296e-01,-7.169177767032385018e-02,-2.000071506041335365e-02,1.879559478505928305e-01,-1.504211642660972792e-02,-1.489658180297145362e-01,1.310505250518087528e-01,-4.047363095750195969e-03,3.836032449766789421e-02,1.205976109078698288e-01,-3.060659534234946508e-02,-7.180061078179375555e-02,4.767067323489091596e-02,2.123840681137386388e-01,3.946837027758472866e-02,4.567671769453538616e-02,-1.942547501454113257e-01,1.471759476736382022e-01,1.593804630419767832e-01,3.109577223105868815e-01,1.363031048211650331e-01,2.935275172979735780e-02,4.968863960336427493e-02,5.879210268533080486e-02,2.385402209908315807e-01,-2.405111795964154017e-02,4.193739880752846982e-01,1.714250999692277788e-01,2.582807268437304904e-01,-3.202396992302307399e-02,3.401177044065501615e-02,3.860355688905834914e-01,-1.817020260934845144e-01,1.091182776994138875e-01,1.893505053931701931e-01,-1.149614162582125731e-01,2.360362015702101648e-02,-3.416070073665179452e-01,-2.978962563474122152e-02,2.551853170509241764e-01,1.001417279073049948e-01,2.742545125915098470e-01,1.790679310892173970e-01
0.000000000000000000e+00,0.000000000000000000e+00,0.000000000000000000e+00,0.000000000000000000e+00,0.000000000000000000e+00,0.000000000000000000e+00,0.000000000000000000e+00,0.000000000000000000e+00,0.000000000000000000e+00,0.000000000000000000e+00,0.000000000000000000e+00,0.000000000000000000e+00,0.000000000000000000e+00,0.000000000000000000e+00,0.000000000000000000e+00,0.000000000000000000e+00,0.000000000000000000e+00,0.000000000000000000e+00,0.000000000000000000e+00,0.000000000000000000e+00,0.000000000000000000e+00,0.000000000000000000e+00,0.000000000000000000e+00,0.000000000000000000e+00,0.000000000000000000e+00,0.000000000000000000e+00,1.000000000000000000e+00,3.786293379371333256e-01,2.639130635415578574e-01,-2.100259737243701796e-01,-1.138823256396416655e-01,1.493869220705360545e-01,1.342102310556404499e-01,2.029310370282450329e-02,4.140288225496986940e-01,3.057439324881242038e-01,5.079849056859923051e-01,9.084233497527507972e-02,-4.640949246240361759e-01,-4.722623815344875742e-01,-6.940722615033163845e-02,1.764934012854446621e-01,2.934823664281948630e-01,2.297816653757068228e-01,1.905714436152924907e-01,1.820047530878781128e-01,3.410443284504967032e-01,6.308939669529034511e-02,2.428813156497335035e-01,2.150869966408043010e-01,4.775543567875881190e-01,9.644450103711525724e-02,3.197164689554492234e-02,-8.742002577453736323e-02,3.034209162160999076e-02,1.906817664833767578e-01,5.924610960809716803e-03,-2.102516703991246794e-01,1.624794829525999240e-01,8.998033446796771528e-02,1.978185056435146916e-01,4.741144987727602400e-02,-3.685903088519794646e-01,1.238969661344286738e-01,5.354853476897750153e-02,2.064890334881502310e-01,1.188640715358193767e-01,3.791108399183454325e-02,-1.068424716948775804e-01,-1.327793569158774003e-03,9.965617277220516906e-03,5.027662133410814027e-01,1.010949130953148895e-01,-1.797916614702460836e-01,-2.920651808841164682e-02,3.726031503655273802e-01,7.363287522856368228e-02,2.096099078499938650e-01,5.658916137839929000e-02,1.453565689003304129e-01,8.384179827970164936e-03,3.519208990670842363e-01,-3.149825355102132268e-02,4.065700296856579188e-01,4.278922959210704757e-01,2.059819665080122597e-01,3.505724884615631365e-01,2.284582093514282708e-01,3.554217488723202534e-01,-1.107051650004889365e-01,3.151886783921359347e-01,1.182952275688364946e-01,-1.443719203207736168e-01,5.682807444667324626e-02,-2.996991072182447202e-01,4.404496008771667248e-01,2.443375877518293715e-01,2.913389154471429654e-01,2.898335714817092401e-01,3.237529462625876597e-01
0.000000000000000000e+00,0.000000000000000000e+00,0.000000000000000000e+00,0.000000000000000000e+00,0.000000000000000000e+00,0.000000000000000000e+00,0.000000000000000000e+00,0.000000000000000000e+00,0.000000000000000000e+00,0.000000000000000000e+00,0.000000000000000000e+00,0.000000000000000000e+00,0.000000000000000000e+00,0.000000000000000000e+00,0.000000000000000000e+00,0.000000000000000000e+00,0.000000000000000000e+00,0.000000000000000000e+00,0.000000000000000000e+00,0.000000000000000000e+00,0.000000000000000000e+00,0.000000000000000000e+00,0.000000000000000000e+00,0.000000000000000000e+00,0.000000000000000000e+00,0.000000000000000000e+00,0.000000000000000000e+00,1.000000000000000000e+00,9.306398404286443660e-02,-2.748179988066261001e-02,-1.483082220381539418e-01,1.756620877826287896e-01,-7.842785504903199145e-02,3.436592122934230276e-02,1.440411069680318235e-01,-1.259026499629224971e-01,3.024391290302457236e-01,2.103233967386744507e-01,-1.492880587912089607e-01,-1.532323027561969253e-01,4.726490119771599441e-02,2.066490583122004565e-01,7.632663196183377130e-02,2.114243342069864126e-02,1.932877624638905667e-01,2.267031842308988576e-01,1.494200982347041184e-01,7.488119398755080369e-02,-2.809230030594496441e-02,7.315834099869251983e-02,3.347469460557626064e-01,1.718854162184281220e-01,4.493094536875612971e-02,5.268965950757853456e-02,-4.411687313286327683e-02,1.851108877530948660e-01,1.523320785946864764e-01,-5.765910762761645991e-02,7.397369080625694482e-02,3.369203319196797941e-02,9.148376192855418865e-02,9.869415601403121185e-02,-3.702665677465890454e-02,1.571893405840574243e-01,9.620377371001979927e-02,1.278388629694782730e-01,1.779147314193008367e-01,2.236232306605648638e-04,1.853997912058469311e-01,-1.839491529931137903e-01,-6.818783913447563905e-02,1.212229125560835702e-01,-5.055234033703307622e-02,-5.177230856424624994e-02,9.329293127293192267e-02,2.151165193498370265e-01,-7.687149546191822391e-02,4.711799393130726432e-02,4.953820417942014082e-02,1.189448558672420997e-01,7.094260978102165903e-03,8.865777254494922044e-02,3.351494442800379003e-02,1.295694904640975198e-01,1.293461462109101456e-01,1.389089041645689415e-01,-3.464407899679999153e-02,1.471568427621977419e-02,-2.669313855110479194e-02,-9.619350923638636530e-02,1.243946878144781831e-01,1.665107313267344957e-01,1.342118800823361990e-01,1.946097252818897172e-01,-8.925388887379215319e-02,-2.199329254875889358e-02,2.701394526013358721e-01,1.717749417719253713e-01,1.410254503584615904e-01,1.849007197753195220e-01
0.000000000000000000e+00,0.000000000000000000e+00,0.000000000000000000e+00,0.000000000000000000e+00,0.000000000000000000e+00,0.000000000000000000e+00,0.000000000000000000e+00,0.000000000000000000e+00,0.000000000000000000e+00,0.000000000000000000e+00,0.000000000000000000e+00,0.000000000000000000e+00,0.000000000000000000e+00,0.000000000000000000e+00,0.000000000000000000e+00,0.000000000000000000e+00,0.000000000000000000e+00,0.000000000000000000e+00,0.000000000000000000e+00,0.000000000000000000e+00,0.000000000000000000e+00,0.000000000000000000e+00,0.000000000000000000e+00,0.000000000000000000e+00,0.000000000000000000e+00,0.000000000000000000e+00,0.000000000000000000e+00,0.000000000000000000e+00,1.000000000000000000e+00,1.532338672100840883e-02,-1.077887488804826210e-01,1.432552325734858245e-01,3.188458483613120231e-01,1.675135916672879088e-01,-9.780926232132719500e-02,8.802442185753336923e-02,1.506625495243342494e-01,1.579572117146323951e-01,-1.458349756969368194e-01,1.391140401287142558e-01,8.898392428834760171e-02,1.232853842678540840e-01,-1.440440045512426381e-01,1.162918197681725996e-01,9.834658764181176960e-02,2.948837034723930661e-01,3.499041831700844818e-01,2.056252866187477657e-01,1.469280737690051575e-01,1.343791248441633113e-01,1.467932282843727176e-01,1.506890870303524144e-01,-1.716976730470722023e-01,-2.606336245150535635e-01,2.194426805166257988e-01,1.371348734341389097e-01,2.396931076500622426e-01,3.414114695353644979e-01,2.325170070661498889e-01,-3.884763230525030420e-02,5.217490389841615839e-01,3.162023853994918032e-01,-6.525762574128178561e-02,6.719791001634753402e-02,1.396268340644395978e-01,9.123579332763397109e-02,1.059262820689604034e-01,1.411490731912390939e-01,-1.451204677169510848e-01,8.044686863293001866e-02,-1.895390647220394909e-01,1.286105622864353037e-01,3.521002869900175525e-01,1.291633108971216026e-01,-2.653498633185072744e-03,6.410637674698199673e-02,9.824872202936932308e-02,2.833296757166396396e-01,1.660958286095189085e-01,8.212984838937829879e-02,2.507904115875180251e-01,3.972715646771470266e-01,3.393546537102262728e-01,2.756113973819316887e-01,2.644615472316813043e-01,8.878422093715077068e-02,3.134957295012869571e-01,2.918390301457324254e-01,3.194466548848040599e-01,2.787956990807406998e-01,-4.553597888952307798e-02,3.010347902965373676e-02,3.701952896128803822e-02,2.698349641650933939e-01,1.613978626796757632e-01,4.109891116611339434e-01,3.210835576944891523e-01,3.110062868606257580e-01,1.792917193192573588e-01,2.805858909684742428e-02
0.000000000000000000e+00,0.000000000000000000e+00,0.000000000000000000e+00,0.000000000000000000e+00,0.000000000000000000e+00,0.000000000000000000e+00,0.000000000000000000e+00,0.000000000000000000e+00,0.000000000000000000e+00,0.000000000000000000e+00,0.000000000000000000e+00,0.000000000000000000e+00,0.000000000000000000e+00,0.000000000000000000e+00,0.000000000000000000e+00,0.000000000000000000e+00,0.000000000000000000e+00,0.000000000000000000e+00,0.000000000000000000e+00,0.000000000000000000e+00,0.000000000000000000e+00,0.000000000000000000e+00,0.000000000000000000e+00,0.000000000000000000e+00,0.000000000000000000e+00,0.000000000000000000e+00,0.000000000000000000e+00,0.000000000000000000e+00,0.000000000000000000e+00,1.000000000000000000e+00,3.224328166000794971e-01,1.281474832342540671e-01,-2.051971815146035050e-01,-9.949138665622218880e-02,-1.864687827748257309e-01,-1.037187233093285615e-01,-1.569072864125275468e-01,-2.242367390249717929e-01,-4.832171267913082380e-02,2.053572031940358034e-01,1.444296763158538222e-01,1.333926354482648791e-01,-1.541322460466469299e-02,-1.503220005891391098e-01,-1.967283977240395169e-03,1.373290750880303834e-01,4.722098833947737523e-02,-5.753068871517215410e-02,-6.454072246239590804e-02,1.198137836110225139e-02,3.668373298092553626e-03,-8.505702554455752545e-03,-1.149045233276550365e-01,1.565169725428397773e-01,2.336236757823603183e-01,6.363948173016117926e-02,-5.259155463870503894e-02,1.052417488048185967e-01,2.411362143518199774e-01,-8.554176745223919520e-02,1.822812324384691027e-02,1.898418133043519862e-01,-1.074817292607398861e-01,-1.573525790701604532e-01,9.145725016906224025e-02,1.345855514237037920e-01,1.535518954050605830e-02,-3.161276801936929726e-02,7.399114657370799153e-02,-3.411781152378263321e-02,-1.158414976382729500e-02,8.195515062312803967e-02,-2.600429496636537732e-02,1.151596228386918101e-02,1.749867111253800567e-01,2.536280430780064044e-01,-7.961193776415409484e-02,8.495021108270865706e-02,6.988065746478237805e-02,-2.998441906563802384e-01,2.039103010397547155e-01,-4.087488564149692472e-03,1.301065629975207971e-01,-1.062953979500892432e-01,4.247296672880251228e-02,-1.361237859751559531e-01,1.043330582712301002e-01,9.471846412055106093e-03,-5.440138228874182719e-02,-1.023139246653465978e-01,4.110810118124120366e-02,4.000192384878388518e-02,-3.405382876895173688e-02,4.836432362441785149e-02,1.677306964932541167e-01,-1.250099133809628726e-01,1.271940646818658649e-01,9.860327890869999279e-02,1.244936986255093803e-01,-1.624263138425033684e-02
0.000000000000000000e+00,0.000000000000000000e+00,0.000000000000000000e+00,0.000000000000000000e+00,0.000000000000000000e+00,0.000000000000000000e+00,0.000000000000000000e+00,0.000000000000000000e+00,0.000000000000000000e+00,0.000000000000000000e+00,0.000000000000000000e+00,0.000000000000000000e+00,0.000000000000000000e+00,0.000000000000000000e+00,0.000000000000000000e+00,0.000000000000000000e+00,0.000000000000000000e+00,0.000000000000000000e+00,0.000000000000000000e+00,0.000000000000000000e+00,0.000000000000000000e+00,0.000000000000000000e+00,0.000000000000000000e+00,0.000000000000000000e+00,0.000000000000000000e+00,0.000000000000000000e+00,0.000000000000000000e+00,0.000000000000000000e+00,0.000000000000000000e+00,0.000000000000000000e+00,1.000000000000000000e+00,9.639941828223362250e-03,-2.000848727467007815e-01,2.727895076231466875e-01,-2.273215031987295132e-01,7.342615456801871755e-03,-3.322108120006313503e-01,-2.196587239169053851e-01,7.849413461373941359e-02,1.869825113098984304e-01,1.339132750637581637e-01,-5.420317749761154741e-02,-1.071670022270467849e-02,-3.322397469180705942e-02,-2.577942822423925917e-02,9.050348666181544377e-02,-3.565598496541581841e-02,-5.041475184098941770e-02,4.417001998860846379e-02,-2.204894129240402567e-01,-1.819662929138174401e-01,-2.384795954957609834e-02,9.568452917627399273e-03,5.285451607406188579e-02,2.065621295291256432e-01,2.453184996141147822e-01,3.127990821696754326e-02,-6.232726938515264353e-02,1.864778866828246673e-01,-5.086448752355121616e-02,-6.955204713296153640e-02,-8.548810708875159703e-02,-1.163066804213469946e-01,-6.177606289453588945e-02,1.711580063014450925e-01,-7.317963638698311846e-02,-6.022884165611246121e-02,1.403893883041772705e-01,1.380566876128768161e-01,-1.666530479827868852e-02,-2.581312386764529274e-02,2.137001804256063175e-01,2.678901058019085291e-01,-4.702945888935208688e-04,1.356170490105709434e-02,1.758235917072155929e-01,-2.446448405059675757e-01,-5.883276242082970120e-02,-3.439134973252374466e-02,4.668173626455631581e-03,3.043537795305530785e-02,7.854747372609004880e-03,1.766680871895800475e-01,-1.931314303872794236e-01,-1.392146356759158682e-02,-1.186328435580231155e-01,1.761823453696619857e-01,-1.984305292257906514e-02,-1.223934032930584226e-01,6.614918557418543454e-02,1.618766177414306673e-01,-1.956470491272354895e-01,-3.981179056242725722e-02,9.534232984133519939e-02,1.831716079784880824e-01,-5.027775847788599345e-02,-6.752678668186108679e-02,-3.828901494861082500e-02,-9.456281589918590080e-03,5.191645407300495701e-02
0.000000000000000000e+00,0.000000000000000000e+00,0.000000000000000000e+00,0.000000000000000000e+00,0.000000000000000000e+00,0.000000000000000000e+00,0.000000000000000000e+00,0.000000000000000000e+00,0.000000000000000000e+00,0.000000000000000000e+00,0.000000000000000000e+00,0.000000000000000000e+00,0.000000000000000000e+00,0.000000000000000000e+00,0.000000000000000000e+00,0.000000000000000000e+00,0.000000000000000000e+00,0.000000000000000000e+00,0.000000000000000000e+00,0.000000000000000000e+00,0.000000000000000000e+00,0.000000000000000000e+00,0.000000000000000000e+00,0.000000000000000000e+00,0.000000000000000000e+00,0.000000000000000000e+00,0.000000000000000000e+00,0.000000000000000000e+00,0.000000000000000000e+00,0.000000000000000000e+00,0.000000000000000000e+00,1.000000000000000000e+00,-3.600346614934438801e-03,-1.524215018607328886e-01,1.981385208758161542e-01,-3.143131229058193088e-01,3.602422164955042527e-01,8.843626497487967753e-03,6.513987067232714090e-02,-7.573040032744392247e-02,3.487007231240381745e-03,3.121979893589461041e-01,2.814588740166468206e-01,9.096275662920021154e-02,-1.236172305129348836e-01,2.644339474375942967e-01,1.939698349051464932e-01,5.734896675887744127e-02,-2.676209908690537626e-02,2.867921958830138007e-01,3.926877844511581506e-01,8.617544994658563051e-02,1.360146769322858884e-01,2.330042984289079355e-01,2.919139200104999277e-01,-1.783904775721604774e-01,2.559445000181987881e-02,-2.678203831278728186e-01,1.570418455222589160e-01,7.282618788282270439e-02,3.263506783554634971e-01,1.246840316100751717e-01,3.720879516215355731e-02,-2.509962636921731632e-02,2.271879641493915747e-01,1.040395335424731810e-01,4.345596115887122024e-01,-1.113620374338064739e-01,-7.946497906503206810e-02,-8.979186767028948281e-04,1.845345235398172801e-02,8.055736094907127443e-02,2.540383647843935111e-01,2.006201111546507265e-01,3.777387582610838290e-01,2.027647221430008972e-01,-2.976193943290241228e-01,-5.106121518064483944e-02,1.888683891807057535e-01,8.176917201074333785e-02,1.737949073893693963e-01,-2.153724456375020746e-01,2.038155040618937486e-01,1.413192421074462579e-01,4.603812270864444250e-02,-2.561382082764986079e-02,5.004771624102694744e-02,3.269622516706609163e-03,1.478902942371859430e-01,1.233445527740318071e-01,1.542826741994345330e-01,-4.444037263636536894e-02,-2.070322853729407095e-02,2.926004302549653838e-02,3.867634387864673368e-02,3.180798901036355208e-02,5.985239759710148100e-01,4.710026174539481136e-01,8.462091573932348232e-02,2.931285365665755038e-01
0.000000000000000000e+00,0.000000000000000000e+00,0.000000000000000000e+00,0.000000000000000000e+00,0.000000000000000000e+00,0.000000000000000000e+00,0.000000000000000000e+00,0.000000000000000000e+00,0.000000000000000000e+00,0.000000000000000000e+00,0.000000000000000000e+00,0.000000000000000000e+00,0.000000000000000000e+00,0.000000000000000000e+00,0.000000000000000000e+00,0.000000000000000000e+00,0.000000000000000000e+00,0.000000000000000000e+00,0.000000000000000000e+00,0.000000000000000000e+00,0.000000000000000000e+00,0.000000000000000000e+00,0.000000000000000000e+00,0.000000000000000000e+00,0.000000000000000000e+00,0.000000000000000000e+00,0.000000000000000000e+00,0.000000000000000000e+00,0.000000000000000000e+00,0.000000000000000000e+00,0.000000000000000000e+00,0.000000000000000000e+00,1.000000000000000000e+00,8.866325672130586852e-03,3.359603040716042238e-02,2.566687483918330681e-01,1.622171355904151180e-01,2.911077793050270701e-01,1.128637524798561387e-01,-2.642580264932776341e-02,-1.982674619814214223e-01,1.352356336213194343e-01,8.948279544346751657e-03,1.394287524389485611e-01,1.503234088757314513e-01,1.052726022379376486e-01,4.588761197011870241e-01,3.645122262238972288e-01,1.921654471706271960e-01,9.927662360836869704e-02,1.707206746652186469e-01,9.923792157607493059e-02,3.512267290883751281e-02,-2.913226637337559266e-01,1.977573115785370150e-01,-9.064035671011397288e-02,2.205195633353961293e-01,2.093501692723968577e-01,2.642249135387561131e-03,9.602086669734148650e-02,2.743895652652296180e-01,4.231664220669779236e-02,3.752321671398595737e-01,8.966255976415778151e-02,-2.590403136054238165e-02,-2.519339463943514046e-01,7.742497107925398747e-02,3.368198449220291546e-01,-2.241428534150267382e-01,1.588561133377960621e-01,-1.375378471457608942e-01,2.368186174312594469e-02,3.400063447071953182e-01,3.195260675084884427e-01,-1.945590255535262492e-01,-1.406909171397777436e-01,2.309352419275642609e-01,2.002971012516467364e-01,3.194943533498769139e-01,2.841652600444380394e-01,1.791418594528355057e-01,2.113887715338572670e-01,1.629123166771695719e-01,2.771116532444357627e-01,3.755327074370150009e-01,3.571597273477633006e-01,2.645245628511638247e-01,3.186119120855683828e-01,3.719406794210078360e-01,2.981621275635473745e-01,-8.343394522714336903e-02,-1.987977707776088232e-02,1.770928359933202911e-01,9.993145629436782362e-02,7.907497032399933568e-02,3.747836446777614294e-01,3.983146771976435740e-01,1.462695776649720614e-01,-1.852703221149470947e-01,4.191954465379903183e-02
0.000000000000000000e+00,0.000000000000000000e+00,0.000000000000000000e+00,0.000000000000000000e+00,0.000000000000000000e+00,0.000000000000000000e+00,0.000000000000000000e+00,0.000000000000000000e+00,0.000000000000000000e+00,0.000000000000000000e+00,0.000000000000000000e+00,0.000000000000000000e+00,0.000000000000000000e+00,0.000000000000000000e+00,0.000000000000000000e+00,0.000000000000000000e+00,0.000000000000000000e+00,0.000000000000000000e+00,0.000000000000000000e+00,0.000000000000000000e+00,0.000000000000000000e+00,0.000000000000000000e+00,0.000000000000000000e+00,0.000000000000000000e+00,0.000000000000000000e+00,0.000000000000000000e+00,0.000000000000000000e+00,0.000000000000000000e+00,0.000000000000000000e+00,0.000000000000000000e+00,0.000000000000000000e+00,0.000000000000000000e+00,0.000000000000000000e+00,1.000000000000000000e+00,-1.259128416723905297e-01,8.266971954716823001e-02,-3.426851381861493184e-01,7.513701175928709508e-02,-1.637670815266262236e-01,1.136072652199670574e-01,2.040428234984213163e-01,-1.684407589910890124e-01,4.068497265621554698e-02,-3.118836675235600250e-02,2.746683834620553682e-02,2.927366732384525938e-02,-3.327255422292010184e-02,3.609533636791929789e-02,-2.751206647888142232e-02,-4.588261159702412550e-01,-3.294455092866439005e-01,-2.463820788810136553e-02,-1.668623067674889493e-01,-2.030479163694876854e-01,-3.923852947254628104e-02,2.508250730125357597e-01,1.063769030590148296e-01,3.745721848263747211e-02,-3.108021882408222233e-02,5.614031234351671978e-02,8.894520286860657654e-02,-1.708082296355915852e-01,-7.142328182189831842e-02,9.082268148273615893e-02,4.915640796926817879e-02,-5.840794503304670010e-02,-6.093691014836832842e-02,1.974250014369765549e-01,-2.635982869499949310e-01,6.847341594814793098e-02,1.170829848829788022e-01,1.309362843904106344e-01,3.549801297643773723e-01,1.172448316120162370e-01,-2.184007069023658210e-01,2.469583754801881262e-02,-4.970237590920254661e-02,5.975525148528781916e-02,-8.501272222722330851e-02,6.928513360411653332e-02,-5.123315082194259545e-02,-2.524843979862374105e-02,9.391803836563124286e-02,3.061442237666094773e-02,-1.593825400708167028e-01,-8.661049346066740373e-02,6.851085160234207661e-02,1.641186211402217987e-01,-1.011077648130024598e-01,2.555538564323009409e-01,1.071004398744988539e-01,-1.192786142596321403e-01,9.802427698925589988e-03,6.292599426799752593e-02,2.253264328743959377e-01,-1.802694476881369634e-02,1.501448917934759299e-02,-8.402776569173978083e-02,-1.231599189591055521e-01,-5.136217408367415443e-02
0.000000000000000000e+00,0.000000000000000000e+00,0.000000000000000000e+00,0.000000000000000000e+00,0.000000000000000000e+00,0.000000000000000000e+00,0.000000000000000000e+00,0.000000000000000000e+00,0.000000000000000000e+00,0.000000000000000000e+00,0.000000000000000000e+00,0.000000000000000000e+00,0.000000000000000000e+00,0.000000000000000000e+00,0.000000000000000000e+00,0.000000000000000000e+00,0.000000000000000000e+00,0.000000000000000000e+00,0.000000000000000000e+00,0.000000000000000000e+00,0.000000000000000000e+00,0.000000000000000000e+00,0.000000000000000000e+00,0.000000000000000000e+00,0.000000000000000000e+00,0.000000000000000000e+00,0.000000000000000000e+00,0.000000000000000000e+00,0.000000000000000000e+00,0.000000000000000000e+00,0.000000000000000000e+00,0.000000000000000000e+00,0.000000000000000000e+00,0.000000000000000000e+00,1.000000000000000000e+00,2.141614304509045774e-01,3.120947872314210336e-01,-8.059676374545397814e-02,-1.014940055985568967e-01,-3.229410371091659959e-01,-9.908264211605656568e-02,3.774855646903185757e-01,1.815757521887733927e-01,3.652833034461782646e-01,-1.983083491067504922e-01,-1.058946811801075444e-01,-4.625683279646262101e-03,7.030628080807360680e-02,1.071205034974791331e-01,1.430350238700703047e-01,3.254478645230101108e-01,-6.299805944013757431e-02,9.051136669511181121e-02,-2.659478539545836462e-01,1.227907142321387340e-01,-1.324506524565755849e-01,-2.704726536102348144e-01,-3.726218872398943671e-01,5.021496331295276921e-02,1.867484268108517420e-01,4.105113591152419195e-02,-9.156344346070122153e-02,-4.304425635063440642e-02,3.944774052281066479e-02,-5.237114030865815811e-02,1.425328308472448846e-01,7.868760583777209550e-02,9.734365365627797861e-02,-1.608036645028219358e-01,-1.069818674473805575e-01,2.495730941122691893e-01,3.324762358855779532e-01,-4.816238088214930269e-02,2.517277235108151268e-01,1.655523237510287682e-01,2.035245717801797971e-01,1.236150457921640806e-02,1.363729291807432575e-01,1.164353208475851498e-01,-7.281028623208732342e-02,-1.251454019336102341e-01,-1.827580164406080940e-02,6.041567981474598586e-02,-3.353383773027038967e-02,2.284751383051090989e-01,2.223335763717045055e-01,-1.211010099199385515e-01,1.673909583241834156e-02,2.040293799283569298e-01,-1.331130815322849048e-01,1.767191662914799066e-01,3.433813169810174259e-01,3.359240025092977144e-02,-2.109182282349892912e-01,-7.268547442769217326e-02,-5.216510884094348321e-02,1.465118360194812563e-01,1.328500353672680823e-01,8.311202477300046187e-02,-2.803811951486165268e-03
0.000000000000000000e+00,0.000000000000000000e+00,0.000000000000000000e+00,0.000000000000000000e+00,0.000000000000000000e+00,0.000000000000000000e+00,0.000000000000000000e+00,0.000000000000000000e+00,0.000000000000000000e+00,0.000000000000000000e+00,0.000000000000000000e+00,0.000000000000000000e+00,0.000000000000000000e+00,0.000000000000000000e+00,0.000000000000000000e+00,0.000000000000000000e+00,0.000000000000000000e+00,0.000000000000000000e+00,0.000000000000000000e+00,0.000000000000000000e+00,0.000000000000000000e+00,0.000000000000000000e+00,0.000000000000000000e+00,0.000000000000000000e+00,0.000000000000000000e+00,0.000000000000000000e+00,0.000000000000000000e+00,0.000000000000000000e+00,0.000000000000000000e+00,0.000000000000000000e+00,0.000000000000000000e+00,0.000000000000000000e+00,0.000000000000000000e+00,0.000000000000000000e+00,0.000000000000000000e+00,1.000000000000000000e+00,-3.236611996615414155e-02,-1.287616864301624475e-01,-1.031865749636804303e-01,-4.805709965365086156e-02,-4.554126659334823551e-02,-9.616286461003846486e-02,-3.205029678699328893e-02,1.850467617407836399e-02,1.005678507781818526e-01,1.197369058969686845e-01,-4.787455378472322415e-02,1.804581534307942992e-01,1.621268871834483649e-01,1.142642823786103740e-01,1.878178634001358496e-02,-9.817543028598765820e-02,-1.891623500957479720e-01,-2.723584980215918994e-01,1.123322868295612009e-01,1.524706025072994353e-01,-2.525630485780357426e-01,1.331407930846676968e-01,8.399038758226727575e-02,1.188561672360688853e-01,1.529436245002669947e-01,5.636064507600428708e-02,-1.291480403296878243e-01,-1.170480207665885314e-01,-2.037995572751928886e-01,1.458607652893214590e-01,-1.995962900778469051e-01,8.605735227301075652e-02,3.667375439280672750e-02,6.966254165900379047e-02,-2.025002985030865173e-03,2.042040266603787901e-01,-6.955754052062228417e-03,2.413659564846113575e-02,-8.190462926167384194e-02,-2.618593970208964866e-02,9.802676765709855689e-02,-1.123403320097164995e-02,6.843740673265953645e-02,-1.722594398636997926e-01,-3.132366651407469949e-01,1.241853692593564429e-01,-6.201881720317849872e-02,1.469908489644489169e-01,2.548215665869575930e-01,2.154193901351927898e-01,1.808305817234484303e-01,2.536217192756232697e-01,1.714442319177811591e-01,-2.321909493702291882e-01,-9.312524968563129502e-02,5.746526703409354786e-02,-9.596835629028389880e-02,-2.266464952540712119e-01,7.044129951766166242e-02,8.008317537284763421e-02,-2.144805054481547513e-01,-7.083753348849704257e-02,-7.431883556573196103e-02,1.409719145593306133e-01
0.000000000000000000e+00,0.000000000000000000e+00,0.000000000000000000e+00,0.000000000000000000e+00,0.000000000000000000e+00,0.000000000000000000e+00,0.000000000000000000e+00,0.000000000000000000e+00,0.000000000000000000e+00,0.000000000000000000e+00,0.000000000000000000e+00,0.000000000000000000e+00,0.000000000000000000e+00,0.000000000000000000e+00,0.000000000000000000e+00,0.000000000000000000e+00,0.000000000000000000e+00,0.000000000000000000e+00,0.000000000000000000e+00,0.000000000000000000e+00,0.000000000000000000e+00,0.000000000000000000e+00,0.000000000000000000e+00,0.000000000000000000e+00,0.000000000000000000e+00,0.000000000000000000e+00,0.000000000000000000e+00,0.000000000000000000e+00,0.000000000000000000e+00,0.000000000000000000e+00,0.000000000000000000e+00,0.000000000000000000e+00,0.000000000000000000e+00,0.000000000000000000e+00,0.000000000000000000e+00,0.000000000000000000e+00,1.000000000000000000e+00,2.308308365407180374e-01,-6.875864723989209490e-03,-2.416027883639988161e-01,-2.640112990783207159e-01,2.731435216285114098e-01,1.952694261372790174e-01,2.363766968317227712e-01,5.735758384351322819e-02,1.373567448621849096e-01,1.870105849025137656e-01,1.640950810376975710e-01,1.900190185648241714e-01,3.908433207326553749e-01,3.826266864623728003e-01,1.789520202357030576e-01,1.690287615071950356e-01,1.428950180464646780e-01,-1.033939054868147078e-01,-4.256653531759144182e-02,4.833335718947277121e-02,-2.450848666387497529e-02,1.014337428998701301e-01,1.409686882080933290e-01,2.399640474044226757e-01,1.252070817365937283e-01,-6.118981261438177083e-02,7.770020091483341440e-02,2.566284479924159090e-01,1.347083167814181782e-02,2.873350077639568734e-01,2.514958422499605217e-02,1.605413006773001028e-01,-4.593311546511678889e-03,-4.923818362090283049e-04,-1.150370708028084464e-02,3.284256458993162903e-02,4.090826506358611822e-03,2.810615205658512084e-01,1.121125113483517066e-01,1.286966119430632272e-01,6.935455660682109114e-02,3.452388776110634772e-01,2.155079400069254414e-01,7.522806453944766436e-02,2.620588055527290142e-02,4.523307376364287674e-02,2.592424197165302813e-01,4.032204712850295247e-01,3.437659821882665390e-01,7.927792657666553333e-02,-2.332265823230755819e-02,2.799009187085225725e-01,1.474218489676690572e-02,1.382400045939354838e-01,5.817441078138097660e-02,9.417803806229234354e-02,1.397131028737790270e-01,-2.271988474610429354e-01,3.051809064859122289e-01,2.033208258207779562e-01,2.784936588284155357e-01,1.356317081393993984e-01,3.280718714903430588e-01
0.000000000000000000e+00,0.000000000000000000e+00,0.000000000000000000e+00,0.000000000000000000e+00,0.000000000000000000e+00,0.000000000000000000e+00,0.000000000000000000e+00,0.000000000000000000e+00,0.000000000000000000e+00,0.000000000000000000e+00,0.000000000000000000e+00,0.000000000000000000e+00,0.000000000000000000e+00,0.000000000000000000e+00,0.000000000000000000e+00,0.000000000000000000e+00,0.000000000000000000e+00,0.000000000000000000e+00,0.000000000000000000e+00,0.000000000000000000e+00,0.000000000000000000e+00,0.000000000000000000e+00,0.000000000000000000e+00,0.000000000000000000e+00,0.000000000000000000e+00,0.000000000000000000e+00,0.000000000000000000e+00,0.000000000000000000e+00,0.000000000000000000e+00,0.000000000000000000e+00,0.000000000000000000e+00,0.000000000000000000e+00,0.000000000000000000e+00,0.000000000000000000e+00,0.000000000000000000e+00,0.000000000000000000e+00,0.000000000000000000e+00,1.000000000000000000e+00,3.019969447671643215e-01,1.778407125489425006e-02,-1.423373103142036022e-01,1.995892392939841234e-02,-1.726932272996343012e-02,3.807743998327049045e-02,2.155394480933607859e-01,-5.219723927505699745e-02,1.822367190772196388e-01,2.731462548981670180e-01,5.928359792715381937e-02,-1.027377135968827182e-01,8.879599201892651728e-02,2.279054172928469124e-01,6.742579053664402022e-02,9.931477687955039824e-02,-4.615806785605440776e-01,1.054716085716648176e-02,4.326371307046212866e-01,3.210748909242991944e-01,-1.557812910186962552e-01,7.801205469717971408e-02,1.099892611655355901e-01,3.201915864418161239e-03,4.889413859713170885e-01,3.574089931958736588e-01,2.283369386876130946e-01,-3.044228678573379643e-01,3.025655750788912579e-01,3.742378428695140036e-01,-1.172117704662883758e-01,1.521041266842834173e-02,-3.444503186186856358e-02,-2.426327328046464782e-01,9.837356722098070105e-02,2.488850173123249299e-01,-8.009389027996582922e-02,-1.475849994294358425e-01,7.899333682162927583e-02,1.514325119439212941e-01,4.479761831690475676e-02,5.925460354269167507e-01,2.403172604935127910e-01,3.218399585974326960e-01,-8.672030499019424410e-02,4.920330376937124411e-02,2.801318840875312022e-01,1.917896854873079038e-01,-7.978749857617212227e-02,1.641999182577488781e-01,-3.373548445146152229e-03,1.878813331826683086e-01,2.821054285416772500e-01,2.321863157988780443e-02,5.743857707163864124e-01,4.594208948391974578e-01,-1.281649030998584238e-01,3.613766860362477296e-01,2.456618268302734331e-01,8.590993944316900610e-02,-1.262555096465784940e-02,1.354782809890397455e-01
0.000000000000000000e+00,0.000000000000000000e+00,0.000000000000000000e+00,0.000000000000000000e+00,0.000000000000000000e+00,0.000000000000000000e+00,0.000000000000000000e+00,0.000000000000000000e+00,0.000000000000000000e+00,0.000000000000000000e+00,0.000000000000000000e+00,0.000000000000000000e+00,0.000000000000000000e+00,0.000000000000000000e+00,0.000000000000000000e+00,0.000000000000000000e+00,0.000000000000000000e+00,0.000000000000000000e+00,0.000000000000000000e+00,0.000000000000000000e+00,0.000000000000000000e+00,0.000000000000000000e+00,0.000000000000000000e+00,0.000000000000000000e+00,0.000000000000000000e+00,0.000000000000000000e+00,0.000000000000000000e+00,0.000000000000000000e+00,0.000000000000000000e+00,0.000000000000000000e+00,0.000000000000000000e+00,0.000000000000000000e+00,0.000000000000000000e+00,0.000000000000000000e+00,0.000000000000000000e+00,0.000000000000000000e+00,0.000000000000000000e+00,0.000000000000000000e+00,1.000000000000000000e+00,9.304102821751818186e-02,-7.273554717236099809e-02,3.601267151301689590e-02,7.891219777118682610e-02,-4.984435838200278017e-03,-5.572754384459707722e-02,-1.163374847122388284e-01,-1.481968624591943895e-01,1.830092884561955804e-02,-4.048543312881503625e-02,-3.257956986385445656e-05,-4.005876711800457346e-02,8.492652375032329337e-02,2.197919079875362142e-02,1.163508704304604263e-01,-8.154859566314864860e-02,-9.924177160036946888e-02,1.053119522029955513e-01,2.844580724670845578e-02,-4.463150398520424750e-02,7.859555225095497810e-02,-4.833336883465982892e-02,-1.003807689576887291e-01,2.253289217212386675e-01,3.203906804491073873e-02,7.834398364436694073e-02,-6.580954296892087274e-02,3.084630964645385109e-02,1.103378818921476739e-01,-9.089322550639210296e-02,-3.312344911235722000e-02,8.616747175075667453e-02,-3.610220645485485297e-02,-3.446657933470173574e-02,1.771864703824916343e-01,5.180928343153341081e-02,-1.228905979635446510e-01,-6.086605014911068701e-02,-5.050409355224806662e-02,1.476222730007383521e-01,9.037587961632859157e-02,6.305705806670974800e-02,-1.469458270463428751e-01,6.950342662300484919e-02,-1.475581532968294751e-01,4.347061072432922141e-02,-4.771433810079347276e-02,-4.457290200710323919e-02,-5.089588423939265562e-03,-5.269824879187730987e-02,1.447393324713143747e-01,3.177386495180850676e-03,-5.671656415055714023e-02,1.528387452436111016e-01,6.933821537445805649e-02,7.328574724115707872e-02,2.927334125646669991e-02,2.083308619922714586e-02,6.933764039152003934e-03,-2.915193376686249505e-02,-4.753442113120259771e-02
0.000000000000000000e+00,0.000000000000000000e+00,0.000000000000000000e+00,0.000000000000000000e+00,0.000000000000000000e+00,0.000000000000000000e+00,0.000000000000000000e+00,0.000000000000000000e+00,0.000000000000000000e+00,0.000000000000000000e+00,0.000000000000000000e+00,0.000000000000000000e+00,0.000000000000000000e+00,0.000000000000000000e+00,0.000000000000000000e+00,0.000000000000000000e+00,0.000000000000000000e+00,0.000000000000000000e+00,0.000000000000000000e+00,0.000000000000000000e+00,0.000000000000000000e+00,0.000000000000000000e+00,0.000000000000000000e+00,0.000000000000000000e+00,0.000000000000000000e+00,0.000000000000000000e+00,0.000000000000000000e+00,0.000000000000000000e+00,0.000000000000000000e+00,0.000000000000000000e+00,0.000000000000000000e+00,0.000000000000000000e+00,0.000000000000000000e+00,0.000000000000000000e+00,0.000000000000000000e+00,0.000000000000000000e+00,0.000000000000000000e+00,0.000000000000000000e+00,0.000000000000000000e+00,1.000000000000000000e+00,-1.836366492627454494e-02,-1.328802457155831181e-02,-3.361560845639816608e-01,-9.805684460171608385e-02,-1.906592935038306791e-01,1.215444537306711176e-01,-1.295913720203707153e-01,3.303922766398946775e-01,2.028839057719581881e-02,-2.296000421645587597e-01,-3.897256090275839635e-01,7.657816311201567916e-02,-9.094083826570645290e-02,2.068955919893564893e-03,1.256500742331653209e-01,2.368255013849458746e-01,-3.914612344345015649e-02,5.581961436039714064e-01,1.148343709013840142e-01,1.288275470632889996e-01,3.894744858474652460e-01,2.099477759369325347e-01,3.701378451343748099e-01,-2.435619461235729311e-01,1.006879296399502410e-01,-1.401798250445353278e-01,-4.291142292857128004e-02,1.716580097347000233e-01,1.871703168156789096e-02,1.339319596248653155e-01,-1.141852517148314455e-01,-4.159970904671025371e-01,1.631433965140222375e-01,2.542290564554071097e-01,2.785085079248340589e-01,-6.258601438982722143e-02,9.872639239634938002e-02,3.742762145678264069e-02,-1.600882992269068994e-01,-1.780040399279974039e-01,1.749607314156925719e-01,-1.615310189857780548e-02,2.704474353401440934e-01,-1.255592027289709200e-01,3.409058997221104271e-03,-3.646531461595568097e-02,7.473216134011752276e-02,-4.482165444218601941e-02,-1.630237942847742039e-01,-1.436875571178570787e-01,-1.301722449717387098e-01,-8.878494306911706435e-02,3.728833417905762504e-01,1.688373835971425027e-02,4.100488030133640494e-01,-2.373811660623312558e-01,-1.105958864716245771e-01,-1.136873651298814653e-01,-3.061093584863633921e-01,-1.996949399045001294e-01
0.000000000000000000e+00,0.000000000000000000e+00,0.000000000000000000e+00,0.000000000000000000e+00,0.000000000000000000e+00,0.000000000000000000e+00,0.000000000000000000e+00,0.000000000000000000e+00,0.000000000000000000e+00,0.000000000000000000e+00,0.000000000000000000e+00,0.000000000000000000e+00,0.000000000000000000e+00,0.000000000000000000e+00,0.000000000000000000e+00,0.000000000000000000e+00,0.000000000000000000e+00,0.000000000000000000e+00,0.000000000000000000e+00,0.000000000000000000e+00,0.000000000000000000e+00,0.000000000000000000e+00,0.000000000000000000e+00,0.000000000000000000e+00,0.000000000000000000e+00,0.000000000000000000e+00,0.000000000000000000e+00,0.000000000000000000e+00,0.000000000000000000e+00,0.000000000000000000e+00,0.000000000000000000e+00,0.000000000000000000e+00,0.000000000000000000e+00,0.000000000000000000e+00,0.000000000000000000e+00,0.000000000000000000e+00,0.000000000000000000e+00,0.000000000000000000e+00,0.000000000000000000e+00,0.000000000000000000e+00,1.000000000000000000e+00,-6.258775190510776354e-02,-1.387680726514000096e-01,-8.321325305477053624e-02,2.316882253373615808e-01,3.907661662083558585e-02,1.445973870079867163e-01,-1.098628483885956686e-01,-3.459178088254717398e-01,-2.673739432267309146e-01,-9.082763081798629623e-02,-2.272769950711409359e-01,-2.635146672423423486e-01,-9.929206645329285985e-02,1.507731631437650155e-01,2.440749028354644856e-01,-6.422191751073293153e-02,-1.655627931907000527e-01,1.105886380507450223e-01,-2.876868301798529703e-01,-4.405971715082705742e-02,1.693849300974035188e-01,-1.741762479394619034e-01,1.463705490704682310e-01,-1.399663506181923756e-01,2.213515299520118773e-01,8.675932482622319974e-02,-5.611872085939555166e-02,-7.629148192616193314e-02,-2.972806141784314904e-01,-6.579804072447933971e-02,2.170321241361194142e-01,2.794223668873332400e-01,3.697812778945124695e-02,-1.300852145302891782e-01,2.926061191460358479e-01,-1.938239896867434142e-01,3.345339830695585048e-01,-3.224709139840212235e-01,-1.847906760939956386e-02,4.170822573050679549e-02,1.298732006071931788e-01,-1.093238357982314647e-02,-2.049375467580202281e-01,-3.479025224108482361e-01,-2.976416151431070523e-01,1.134553610082611880e-01,2.441970797605970689e-01,-1.267464101404638110e-01,-2.639448016372824071e-02,-1.961715633652411916e-01,8.427950646515243449e-02,2.114973653197679479e-02,2.337468390277991637e-01,3.718760844006350208e-01,-1.358010220775527077e-01,-4.170524031947426408e-02,-1.378993141312868376e-01,2.187019135050898844e-01,-1.020310800790632660e-01
0.000000000000000000e+00,0.000000000000000000e+00,0.000000000000000000e+00,0.000000000000000000e+00,0.000000000000000000e+00,0.000000000000000000e+00,0.000000000000000000e+00,0.000000000000000000e+00,0.000000000000000000e+00,0.000000000000000000e+00,0.000000000000000000e+00,0.000000000000000000e+00,0.000000000000000000e+00,0.000000000000000000e+00,0.000000000000000000e+00,0.000000000000000000e+00,0.000000000000000000e+00,0.000000000000000000e+00,0.000000000000000000e+00,0.000000000000000000e+00,0.000000000000000000e+00,0.000000000000000000e+00,0.000000000000000000e+00,0.000000000000000000e+00,0.000000000000000000e+00,0.000000000000000000e+00,0.000000000000000000e+00,0.000000000000000000e+00,0.000000000000000000e+00,0.000000000000000000e+00,0.000000000000000000e+00,0.000000000000000000e+00,0.000000000000000000e+00,0.000000000000000000e+00,0.000000000000000000e+00,0.000000000000000000e+00,0.000000000000000000e+00,0.000000000000000000e+00,0.000000000000000000e+00,0.000000000000000000e+00,0.000000000000000000e+00,1.000000000000000000e+00,1.868179136591018030e-01,1.776598584100157474e-01,6.551069709427688979e-03,9.411366745870397565e-02,1.255871479730539253e-01,2.743894014559730699e-01,1.157933981546324653e-01,1.280370148470879876e-01,2.766932504212563648e-01,1.277363894269320232e-01,1.204406121451015027e-01,-4.227908395446523804e-02,1.928581297674778205e-01,8.285953937996509699e-02,7.406079716481205402e-03,-1.689680010308218516e-01,2.731475137273475795e-01,1.945998026070238918e-01,1.688095099358914719e-01,1.555255095592079639e-01,1.841709664811131894e-02,2.048632675694645605e-02,2.253276190041462734e-01,1.280946879476676237e-01,3.000804196057496043e-01,2.664085534823082968e-01,-5.790720361529660271e-02,-6.665951593383882649e-03,2.097637943673448524e-01,2.987177618757886344e-01,1.042478189986931758e-01,4.175204718057281550e-01,2.942133358077569372e-01,2.962462268481579897e-01,1.138234096901678122e-01,3.095717456520039601e-01,1.478162160032982786e-01,-7.720540489395871786e-02,1.625662229211542742e-01,-1.990550520897233638e-02,3.175859436842226047e-01,-1.856613739456395851e-01,3.237338006363055243e-01,1.356765547615902678e-01,3.011891794726614946e-02,-5.281516018589752989e-03,2.132496915606280907e-01,-1.597890544301313904e-03,2.144791036444702315e-01,1.881945689150095746e-01,3.512959819230900838e-01,5.764152013671374614e-02,1.248919773442990905e-01,-2.390904961774946089e-02,1.848079742374692247e-01,2.502788474180069889e-01,5.804056945173392129e-02,-7.233399427116761178e-04
0.000000000000000000e+00,0.000000000000000000e+00,0.000000000000000000e+00,0.000000000000000000e+00,0.000000000000000000e+00,0.000000000000000000e+00,0.000000000000000000e+00,0.000000000000000000e+00,0.000000000000000000e+00,0.000000000000000000e+00,0.000000000000000000e+00,0.000000000000000000e+00,0.000000000000000000e+00,0.000000000000000000e+00,0.000000000000000000e+00,0.000000000000000000e+00,0.000000000000000000e+00,0.000000000000000000e+00,0.000000000000000000e+00,0.000000000000000000e+00,0.000000000000000000e+00,0.000000000000000000e+00,0.000000000000000000e+00,0.000000000000000000e+00,0.000000000000000000e+00,0.000000000000000000e+00,0.000000000000000000e+00,0.000000000000000000e+00,0.000000000000000000e+00,0.000000000000000000e+00,0.000000000000000000e+00,0.000000000000000000e+00,0.000000000000000000e+00,0.000000000000000000e+00,0.000000000000000000e+00,0.000000000000000000e+00,0.000000000000000000e+00,0.000000000000000000e+00,0.000000000000000000e+00,0.000000000000000000e+00,0.000000000000000000e+00,0.000000000000000000e+00,1.000000000000000000e+00,1.002424072427215290e-01,-6.561360148483977306e-02,-1.719522132231618428e-01,3.275824785098194192e-02,-4.617175435342377177e-02,7.593026596742882828e-02,1.670275586016265260e-02,1.235776323120030690e-01,1.971062194428487013e-01,3.341458485117111687e-02,2.584698100650479891e-01,-7.930785683397732766e-02,-1.346218562710764510e-01,1.410068869624825916e-01,-3.779516346314911179e-01,-1.777821585963633710e-01,2.055310200957856381e-01,-1.563200686529168659e-01,-3.481995432317808725e-01,-9.282494253853532107e-02,4.092843279925353905e-02,1.433387073855137139e-01,1.433976563571129348e-01,1.417451745529801632e-01,1.958614528283338097e-01,-3.601317033060398298e-01,1.287515526187358317e-01,2.536178681924874390e-01,1.660625550756271440e-01,-6.491189552243480099e-02,1.859734127673170201e-01,1.420410309537974980e-01,1.721882785844988661e-01,9.695053564448913308e-02,-1.209884390906054014e-02,2.218417386028862237e-01,5.411709176078360883e-02,5.502823205966267395e-02,-1.260602001560363894e-01,7.690080987578459815e-02,2.024395627214876647e-01,1.724137251623963085e-01,-2.210610624923931011e-02,1.626054127545435157e-01,6.236827657784418250e-02,2.774049096794183322e-01,1.673901442369137849e-01,1.168519807918450421e-01,-5.927392835057753578e-02,6.569856661548796606e-02,-1.614259815801520892e-01,-1.677085899987033057e-01,-3.882179378092860678e-02,2.997256043979152351e-01,2.958993785073343319e-01,6.551609307280531480e-02,5.905782067697481347e-02
0.000000000000000000e+00,0.000000000000000000e+00,0.000000000000000000e+00,0.000000000000000000e+00,0.000000000000000000e+00,0.000000000000000000e+00,0.000000000000000000e+00,0.000000000000000000e+00,0.000000000000000000e+00,0.000000000000000000e+00,0.000000000000000000e+00,0.000000000000000000e+00,0.000000000000000000e+00,0.000000000000000000e+00,0.000000000000000000e+00,0.000000000000000000e+00,0.000000000000000000e+00,0.000000000000000000e+00,0.000000000000000000e+00,0.000000000000000000e+00,0.000000000000000000e+00,0.000000000000000000e+00,0.000000000000000000e+00,0.000000000000000000e+00,0.000000000000000000e+00,0.000000000000000000e+00,0.000000000000000000e+00,0.000000000000000000e+00,0.000000000000000000e+00,0.000000000000000000e+00,0.000000000000000000e+00,0.000000000000000000e+00,0.000000000000000000e+00,0.000000000000000000e+00,0.000000000000000000e+00,0.000000000000000000e+00,0.000000000000000000e+00,0.000000000000000000e+00,0.000000000000000000e+00,0.000000000000000000e+00,0.000000000000000000e+00,0.000000000000000000e+00,0.000000000000000000e+00,1.000000000000000000e+00,1.497963717463354771e-01,-1.215665413119873944e-01,3.228182302283293115e-02,2.868279894739677802e-02,2.714433671414818172e-01,-2.761501047376173357e-02,1.551481001439859453e-01,2.982667755344114990e-01,3.363090000622452891e-01,-1.957799302049086365e-01,7.811047292086535643e-02,1.552537951170367136e-01,8.523347385279037014e-02,-1.506600577590070864e-02,1.922775989439025057e-01,2.136756205813991061e-01,8.405215025395347539e-02,-2.798038396131609807e-03,1.109179886059020737e-01,-1.255016079871167263e-02,2.749048622879660120e-01,-1.169806430524470420e-01,2.089655297837831049e-01,1.474529384665620169e-01,-1.388132283876327699e-01,-8.629993852570087831e-02,2.277065199400200579e-01,-3.048120307454359537e-02,2.651859793414391708e-01,-1.673598154970850141e-02,-3.797303911158801670e-02,2.839284211489988552e-01,1.132559211183937625e-01,8.673830840084216509e-02,1.129597376517579160e-02,1.282859747142538753e-01,2.612707056979284292e-01,3.310652557557664660e-02,1.454566148187408092e-01,-2.180836728045373082e-04,1.137820243148604943e-01,2.283923275985599022e-01,1.056773804556421781e-01,1.062347743038092179e-01,2.954812694312785037e-01,1.115225023573382934e-01,6.005749013206791720e-02,-3.890704240149570059e-02,1.792963469656047304e-01,8.559740429535823980e-02,-2.232609750987668215e-02,2.084909562460007248e-01,-1.134421869818510731e-01,1.995174556161630475e-01,3.189972274962499244e-01,-1.172454315078245816e-02
0.000000000000000000e+00,0.000000000000000000e+00,0.000000000000000000e+00,0.000000000000000000e+00,0.000000000000000000e+00,0.000000000000000000e+00,0.000000000000000000e+00,0.000000000000000000e+00,0.000000000000000000e+00,0.000000000000000000e+00,0.000000000000000000e+00,0.000000000000000000e+00,0.000000000000000000e+00,0.000000000000000000e+00,0.000000000000000000e+00,0.000000000000000000e+00,0.000000000000000000e+00,0.000000000000000000e+00,0.000000000000000000e+00,0.000000000000000000e+00,0.000000000000000000e+00,0.000000000000000000e+00,0.000000000000000000e+00,0.000000000000000000e+00,0.000000000000000000e+00,0.000000000000000000e+00,0.000000000000000000e+00,0.000000000000000000e+00,0.000000000000000000e+00,0.000000000000000000e+00,0.000000000000000000e+00,0.000000000000000000e+00,0.000000000000000000e+00,0.000000000000000000e+00,0.000000000000000000e+00,0.000000000000000000e+00,0.000000000000000000e+00,0.000000000000000000e+00,0.000000000000000000e+00,0.000000000000000000e+00,0.000000000000000000e+00,0.000000000000000000e+00,0.000000000000000000e+00,0.000000000000000000e+00,1.000000000000000000e+00,1.289051005371758540e-01,2.182229089937254840e-01,1.991723326797316396e-02,1.382615096399773258e-01,-9.867587790416705584e-02,1.975003524424182866e-01,-2.703439328487847182e-02,5.767587300054169419e-02,-3.794425442509440083e-02,-5.711643567700061541e-02,4.329776088281809265e-01,2.581843212115931818e-01,1.897465074831700405e-01,1.373971735294461927e-01,-8.446268573088586140e-02,7.830024404855255582e-02,1.760858591265748174e-01,-1.453868235260057373e-01,2.037894529066866245e-01,5.217015366974874641e-02,-3.651330963103037452e-02,1.217232611149260124e-01,9.593635115613853570e-02,2.150764056406940239e-01,-5.250852884054814373e-02,6.155659845757804893e-02,6.441172196497033098e-02,2.273677595703754439e-01,-2.859133992710783945e-01,-2.579209656420551888e-01,1.054734032212173989e-01,1.473240862056921785e-01,1.896212552699709786e-01,-1.380963779077286346e-01,8.863367064698651765e-02,1.075570500556720897e-02,3.334989765017094543e-01,-4.667696872372684158e-02,8.304541650521210516e-02,4.069919724014994106e-02,8.736619933881073496e-02,1.926243237913922157e-01,2.364415352255217206e-01,1.854324973857453540e-01,-3.990824799258163580e-02,-1.749506791596028144e-05,4.504886762098450625e-02,8.178249800348609544e-02,4.340200785539340411e-01,5.253812591733048737e-02,2.959232440485903282e-01,-2.324448257619114375e-02,-1.384738344577107066e-02,2.962637475764750006e-01,3.138271462199172523e-01
0.000000000000000000e+00,0.000000000000000000e+00,0.000000000000000000e+00,0.000000000000000000e+00,0.000000000000000000e+00,0.000000000000000000e+00,0.000000000000000000e+00,0.000000000000000000e+00,0.000000000000000000e+00,0.000000000000000000e+00,0.000000000000000000e+00,0.000000000000000000e+00,0.000000000000000000e+00,0.000000000000000000e+00,0.000000000000000000e+00,0.000000000000000000e+00,0.000000000000000000e+00,0.000000000000000000e+00,0.000000000000000000e+00,0.000000000000000000e+00,0.000000000000000000e+00,0.000000000000000000e+00,0.000000000000000000e+00,0.000000000000000000e+00,0.000000000000000000e+00,0.000000000000000000e+00,0.000000000000000000e+00,0.000000000000000000e+00,0.000000000000000000e+00,0.000000000000000000e+00,0.000000000000000000e+00,0.000000000000000000e+00,0.000000000000000000e+00,0.000000000000000000e+00,0.000000000000000000e+00,0.000000000000000000e+00,0.000000000000000000e+00,0.000000000000000000e+00,0.000000000000000000e+00,0.000000000000000000e+00,0.000000000000000000e+00,0.000000000000000000e+00,0.000000000000000000e+00,0.000000000000000000e+00,0.000000000000000000e+00,1.000000000000000000e+00,2.318937196162247638e-01,2.276013179600522296e-01,1.044867867474828793e-02,1.619377816214960519e-01,2.022701016621991088e-01,-9.678036021236053818e-03,-7.594114600166482210e-02,5.188549945279319342e-02,2.240805073846843243e-01,2.163894070881475784e-01,-9.354078307293718642e-02,1.732584242013898157e-01,3.344508806112811428e-01,7.790760968282971037e-03,4.209255176999549541e-01,3.884627533945343436e-01,1.122696436820356802e-01,-3.240449586419759387e-02,1.463813034323795115e-01,8.408774117997372399e-02,1.818085403207435613e-01,-2.688388788946126096e-01,2.468770061435850427e-01,-9.620128187240431505e-02,-3.866844315713872104e-01,1.013273224748072604e-01,7.596976305721905853e-02,-2.145950253885097747e-01,2.173420781087712916e-01,2.936749478229943450e-02,-3.984104870370557272e-01,-2.331011133104115771e-02,-1.070578322480035365e-02,-7.402651364618358099e-02,-1.301664868764557670e-01,-5.741229525809667805e-02,6.902825709376068930e-02,2.169685611695987559e-01,1.047292280089451161e-01,1.426580103222490070e-01,3.545780985064794222e-01,1.966129016371899463e-01,2.001782426031132114e-02,-1.700886657360337617e-01,1.522827723117593235e-01,-1.522622324045160846e-01,-2.146522476591167239e-02,3.806876522788427142e-02,1.492745890555901289e-01,1.125054052459614484e-01,1.686678663343687545e-01,9.125448636472402453e-02,-6.760356990949765998e-02,3.493306106030772407e-01
0.000000000000000000e+00,0.000000000000000000e+00,0.000000000000000000e+00,0.000000000000000000e+00,0.000000000000000000e+00,0.000000000000000000e+00,0.000000000000000000e+00,0.000000000000000000e+00,0.000000000000000000e+00,0.000000000000000000e+00,0.000000000000000000e+00,0.000000000000000000e+00,0.000000000000000000e+00,0.000000000000000000e+00,0.000000000000000000e+00,0.000000000000000000e+00,0.000000000000000000e+00,0.000000000000000000e+00,0.000000000000000000e+00,0.000000000000000000e+00,0.000000000000000000e+00,0.000000000000000000e+00,0.000000000000000000e+00,0.000000000000000000e+00,0.000000000000000000e+00,0.000000000000000000e+00,0.000000000000000000e+00,0.000000000000000000e+00,0.000000000000000000e+00,0.000000000000000000e+00,0.000000000000000000e+00,0.000000000000000000e+00,0.000000000000000000e+00,0.000000000000000000e+00,0.000000000000000000e+00,0.000000000000000000e+00,0.000000000000000000e+00,0.000000000000000000e+00,0.000000000000000000e+00,0.000000000000000000e+00,0.000000000000000000e+00,0.000000000000000000e+00,0.000000000000000000e+00,0.000000000000000000e+00,0.000000000000000000e+00,0.000000000000000000e+00,1.000000000000000000e+00,3.098079842856132915e-01,6.231156812210734974e-02,1.983188743809466414e-01,2.839957500576218985e-01,-9.572141976076919967e-02,1.718352460265311354e-02,-1.634453885628700184e-02,3.490210134180816159e-01,1.147145304322055304e-01,2.005679368937764995e-01,2.471577526508583408e-02,2.822577015532417577e-01,-1.632277986466550701e-01,2.454467417490853454e-01,2.254601189354933921e-01,-1.164875948743243073e-01,-3.154545551951407761e-02,9.716371910111838706e-02,-5.866152044389805198e-02,1.391057620593405542e-01,5.830198629082723044e-02,-2.863408270688562463e-02,3.630610630488002172e-02,-1.711527368906543833e-01,1.181874485953138959e-02,4.182281148268340298e-01,8.069546443437433658e-02,5.516146487361216905e-02,3.527397964460878277e-01,1.467017784337411312e-01,2.679814068943998095e-01,5.792411726158812335e-02,2.762249157890038775e-01,2.488457685835990252e-01,3.877030837206357772e-01,7.740347089968682703e-02,3.878517204226755166e-01,1.827911264999955154e-01,1.715824584183107959e-01,2.434034103901536461e-01,2.240064592310515301e-01,2.927966715728128611e-01,-9.879432866388723408e-03,-5.839314913152238856e-02,7.443505564769878347e-02,-5.767297443520284089e-02,1.615768938601774285e-01,-8.175766122955595294e-02,2.461537896616896315e-01,5.197417208983973191e-01,2.157593060515075323e-01,1.202916371058164735e-01,1.823059253563146798e-01
0.000000000000000000e+00,0.000000000000000000e+00,0.000000000000000000e+00,0.000000000000000000e+00,0.000000000000000000e+00,0.000000000000000000e+00,0.000000000000000000e+00,0.000000000000000000e+00,0.000000000000000000e+00,0.000000000000000000e+00,0.000000000000000000e+00,0.000000000000000000e+00,0.000000000000000000e+00,0.000000000000000000e+00,0.000000000000000000e+00,0.000000000000000000e+00,0.000000000000000000e+00,0.000000000000000000e+00,0.000000000000000000e+00,0.000000000000000000e+00,0.000000000000000000e+00,0.000000000000000000e+00,0.000000000000000000e+00,0.000000000000000000e+00,0.000000000000000000e+00,0.000000000000000000e+00,0.000000000000000000e+00,0.000000000000000000e+00,0.000000000000000000e+00,0.000000000000000000e+00,0.000000000000000000e+00,0.000000000000000000e+00,0.000000000000000000e+00,0.000000000000000000e+00,0.000000000000000000e+00,0.000000000000000000e+00,0.000000000000000000e+00,0.000000000000000000e+00,0.000000000000000000e+00,0.000000000000000000e+00,0.000000000000000000e+00,0.000000000000000000e+00,0.000000000000000000e+00,0.000000000000000000e+00,0.000000000000000000e+00,0.000000000000000000e+00,0.000000000000000000e+00,1.000000000000000000e+00,1.428141965963830584e-01,1.145935081685683365e-01,1.288772209969593352e-01,1.292045721220920762e-01,-1.446736166686095892e-01,-1.390278268110912985e-01,1.725197576139324007e-01,2.346855816877455037e-01,1.063546747228019326e-02,3.263815518987564501e-01,2.608992700192108716e-01,3.196448143784947349e-01,5.466494893605757799e-01,1.740082826595335530e-01,1.750246748347337455e-01,-2.239093917087697228e-01,7.220987279613172438e-02,-5.001303010944021382e-02,2.631690235051536431e-01,3.914202921801482882e-01,-1.966173782534041126e-01,8.074331751121560652e-02,2.933106115852334231e-02,-4.360662481877771585e-02,2.783640271812276024e-01,4.067907649334631670e-01,3.073036689223512807e-01,1.746399877099612530e-01,2.509292818665798674e-01,2.834526482004506853e-01,-1.229222126091163636e-03,1.178751703977655024e-01,4.117738808773752784e-02,1.674014231731243973e-01,1.396958648498742572e-01,2.278032083415651721e-01,4.181435015224386764e-01,3.554356443863220250e-01,1.939264387451207494e-01,2.621667955063103905e-01,2.249976382471191305e-01,-1.579235085244146131e-01,-1.479271965813052647e-01,1.683712889577184540e-02,4.192715569941106724e-01,1.480318970046571314e-01,2.669905547043990302e-01,2.469700153802923959e-01,2.258377703910917356e-01,1.089317484217457860e-01,-1.593640540765129676e-01,1.249393922797847889e-01
0.000000000000000000e+00,0.000000000000000000e+00,0.000000000000000000e+00,0.000000000000000000e+00,0.000000000000000000e+00,0.000000000000000000e+00,0.000000000000000000e+00,0.000000000000000000e+00,0.000000000000000000e+00,0.000000000000000000e+00,0.000000000000000000e+00,0.000000000000000000e+00,0.000000000000000000e+00,0.000000000000000000e+00,0.000000000000000000e+00,0.000000000000000000e+00,0.000000000000000000e+00,0.000000000000000000e+00,0.000000000000000000e+00,0.000000000000000000e+00,0.000000000000000000e+00,0.000000000000000000e+00,0.000000000000000000e+00,0.000000000000000000e+00,0.000000000000000000e+00,0.000000000000000000e+00,0.000000000000000000e+00,0.000000000000000000e+00,0.000000000000000000e+00,0.000000000000000000e+00,0.000000000000000000e+00,0.000000000000000000e+00,0.000000000000000000e+00,0.000000000000000000e+00,0.000000000000000000e+00,0.000000000000000000e+00,0.000000000000000000e+00,0.000000000000000000e+00,0.000000000000000000e+00,0.000000000000000000e+00,0.000000000000000000e+00,0.000000000000000000e+00,0.000000000000000000e+00,0.000000000000000000e+00,0.000000000000000000e+00,0.000000000000000000e+00,0.000000000000000000e+00,0.000000000000000000e+00,1.000000000000000000e+00,1.530910652967951979e-01,1.687322587826739773e-01,3.181511548769282438e-01,4.249830303356715300e-01,-8.142244479896750681e-03,-1.051442058281634728e-02,4.208794713722198433e-02,3.365919682276974356e-02,3.203144062041633489e-01,2.677755032137023039e-01,2.446062326339374093e-01,2.519113916092308725e-01,1.293092980323700125e-01,-9.618733436990561936e-02,-5.528730955001696923e-02,2.614415231643082982e-01,-2.049433530986829732e-01,2.358089406603959548e-03,2.130579022961270608e-01,9.119689995483860889e-02,4.318224399723062934e-01,2.649388988615559715e-01,-9.207464933027302567e-02,2.085975786938134013e-01,-1.850948199813358674e-01,2.136954926922345066e-01,2.160658401396028383e-01,3.586143615528609718e-01,-4.235437568440213185e-02,1.774989826949454619e-01,-1.402331860848198830e-01,9.634858741332276433e-02,8.089198589834172004e-02,9.220048595024565863e-02,3.197675096726074195e-01,3.211470877861959394e-01,4.585033756981464759e-01,1.948524922726501130e-01,4.734187807649864466e-02,2.883085480979949433e-01,9.183030606637244964e-02,4.521921520605259315e-01,6.042032302696416501e-02,2.417224294192131528e-01,-1.254714774008869327e-01,-3.316873976214358977e-01,2.724143563304183280e-01,6.748169003072884697e-02,2.824135224679749090e-01,-8.936833361367087225e-02,3.636096279784036822e-01
0.000000000000000000e+00,0.000000000000000000e+00,0.000000000000000000e+00,0.000000000000000000e+00,0.000000000000000000e+00,0.000000000000000000e+00,0.000000000000000000e+00,0.000000000000000000e+00,0.000000000000000000e+00,0.000000000000000000e+00,0.000000000000000000e+00,0.000000000000000000e+00,0.000000000000000000e+00,0.000000000000000000e+00,0.000000000000000000e+00,0.000000000000000000e+00,0.000000000000000000e+00,0.000000000000000000e+00,0.000000000000000000e+00,0.000000000000000000e+00,0.000000000000000000e+00,0.000000000000000000e+00,0.000000000000000000e+00,0.000000000000000000e+00,0.000000000000000000e+00,0.000000000000000000e+00,0.000000000000000000e+00,0.000000000000000000e+00,0.000000000000000000e+00,0.000000000000000000e+00,0.000000000000000000e+00,0.000000000000000000e+00,0.000000000000000000e+00,0.000000000000000000e+00,0.000000000000000000e+00,0.000000000000000000e+00,0.000000000000000000e+00,0.000000000000000000e+00,0.000000000000000000e+00,0.000000000000000000e+00,0.000000000000000000e+00,0.000000000000000000e+00,0.000000000000000000e+00,0.000000000000000000e+00,0.000000000000000000e+00,0.000000000000000000e+00,0.000000000000000000e+00,0.000000000000000000e+00,0.000000000000000000e+00,1.000000000000000000e+00,3.633210161437396279e-01,8.088321528770130164e-02,9.954154797624306661e-02,1.224322780018596429e-01,2.371206682614712957e-01,-2.572863359033831787e-01,-7.064627552543507882e-02,-4.764694919109636884e-02,1.197808702934980846e-01,1.320760819273894202e-02,2.506492439043081499e-01,2.912038258688892101e-01,-1.451243462002188289e-01,-3.312469824590592860e-02,-8.632142430117353826e-02,2.080183718292386297e-01,-2.477680517200807342e-02,-1.653375581640318115e-01,3.274287469564619024e-01,-1.934683044284943657e-02,-2.856598311061172568e-01,3.243803791798961084e-02,-1.341937258396626864e-01,-1.718483691452180745e-02,4.272700719198012642e-01,4.400642063873963505e-02,7.801581284465540500e-02,-1.879654982941150188e-01,3.867387886262123042e-01,4.819425406676200452e-02,-5.509748787151708474e-03,-4.976770474015502349e-02,-7.228110763646784787e-02,3.253953171320366211e-01,2.990481889590126952e-01,1.244912943409830081e-01,-2.274936058079429432e-02,-7.357595533279616407e-02,2.274435795908402724e-01,-8.308178071569016776e-02,-1.646870424938361166e-01,1.942084020989666426e-01,-2.468138927570746322e-01,-4.581911769095605574e-02,-3.764210424175621905e-01,1.558663741253701052e-01,1.575633420143325025e-01,2.796005690798263332e-01,1.722920225166067743e-02,2.224113562932819588e-01
0.000000000000000000e+00,0.000000000000000000e+00,0.000000000000000000e+00,0.000000000000000000e+00,0.000000000000000000e+00,0.000000000000000000e+00,0.000000000000000000e+00,0.000000000000000000e+00,0.000000000000000000e+00,0.000000000000000000e+00,0.000000000000000000e+00,0.000000000000000000e+00,0.000000000000000000e+00,0.000000000000000000e+00,0.000000000000000000e+00,0.000000000000000000e+00,0.000000000000000000e+00,0.000000000000000000e+00,0.000000000000000000e+00,0.000000000000000000e+00,0.000000000000000000e+00,0.000000000000000000e+00,0.000000000000000000e+00,0.000000000000000000e+00,0.000000000000000000e+00,0.000000000000000000e+00,0.000000000000000000e+00,0.000000000000000000e+00,0.000000000000000000e+00,0.000000000000000000e+00,0.000000000000000000e+00,0.000000000000000000e+00,0.000000000000000000e+00,0.000000000000000000e+00,0.000000000000000000e+00,0.000000000000000000e+00,0.000000000000000000e+00,0.000000000000000000e+00,0.000000000000000000e+00,0.000000000000000000e+00,0.000000000000000000e+00,0.000000000000000000e+00,0.000000000000000000e+00,0.000000000000000000e+00,0.000000000000000000e+00,0.000000000000000000e+00,0.000000000000000000e+00,0.000000000000000000e+00,0.000000000000000000e+00,0.000000000000000000e+00,1.000000000000000000e+00,4.887137092317246634e-02,2.430476649736243167e-01,7.100972826122060877e-02,2.836439646247507773e-01,-1.204854750812024873e-02,1.039564254814771133e-02,-6.653670694064643676e-02,3.274078673277938667e-01,7.205651499612178434e-02,1.488859720680510423e-01,2.087696896468904384e-01,-1.292961131936618824e-01,2.600030289458447191e-02,1.031666189494058611e-01,1.313244538298916353e-01,1.796452834399425158e-01,-1.817712308028543444e-02,1.111299900628412302e-01,-2.288700899722553861e-02,-1.617180436123157039e-02,2.480572975535155211e-01,6.677924332750534431e-02,6.075862098855418919e-02,-8.351638919920863213e-03,4.101643309432053131e-01,2.425137285938380131e-03,3.213413752472149554e-02,1.594672344223799498e-01,1.327193575639597778e-01,1.053877461891463835e-01,1.968459314525906612e-01,1.392318022637403230e-01,3.154005882136081684e-01,3.831609928715045132e-01,1.840679069373817311e-01,7.549579368949248248e-02,5.821135935055843369e-02,4.795570239773801896e-02,-1.320076252155726326e-01,5.334381244239200237e-02,2.277182727002418638e-01,3.931789915028881949e-02,1.587686306935919833e-01,-2.325213834558987058e-01,2.360287253848057376e-01,5.165374264073816502e-01,4.422011260399306143e-01,2.118479980646259253e-01,2.564266105713804422e-01
0.000000000000000000e+00,0.000000000000000000e+00,0.000000000000000000e+00,0.000000000000000000e+00,0.000000000000000000e+00,0.000000000000000000e+00,0.000000000000000000e+00,0.000000000000000000e+00,0.000000000000000000e+00,0.000000000000000000e+00,0.000000000000000000e+00,0.000000000000000000e+00,0.000000000000000000e+00,0.000000000000000000e+00,0.000000000000000000e+00,0.000000000000000000e+00,0.000000000000000000e+00,0.000000000000000000e+00,0.000000000000000000e+00,0.000000000000000000e+00,0.000000000000000000e+00,0.000000000000000000e+00,0.000000000000000000e+00,0.000000000000000000e+00,0.000000000000000000e+00,0.000000000000000000e+00,0.000000000000000000e+00,0.000000000000000000e+00,0.000000000000000000e+00,0.000000000000000000e+00,0.000000000000000000e+00,0.000000000000000000e+00,0.000000000000000000e+00,0.000000000000000000e+00,0.000000000000000000e+00,0.000000000000000000e+00,0.000000000000000000e+00,0.000000000000000000e+00,0.000000000000000000e+00,0.000000000000000000e+00,0.000000000000000000e+00,0.000000000000000000e+00,0.000000000000000000e+00,0.000000000000000000e+00,0.000000000000000000e+00,0.000000000000000000e+00,0.000000000000000000e+00,0.000000000000000000e+00,0.000000000000000000e+00,0.000000000000000000e+00,0.000000000000000000e+00,1.000000000000000000e+00,1.965836627447029028e-01,7.771127510830355689e-02,-2.197210143800275572e-01,-4.426972102280395810e-02,2.451622438012868166e-01,2.385047668457088432e-01,1.146704521037858471e-01,2.009849324424776706e-01,4.263700101326097294e-03,-2.805714709071993954e-02,3.150723612048292321e-01,-4.223647422479148011e-02,3.670799213780524539e-01,2.384365459237362470e-02,1.302569240303131093e-01,9.556659944819448360e-02,-2.117162796951611858e-01,-1.510214832559676756e-02,1.404864033175750870e-01,-5.237373536609477367e-03,6.758225076567943475e-03,5.929581026128951521e-02,7.706331973922610212e-02,1.853719707129977967e-01,1.949960044405172899e-01,-2.424776738807509630e-02,2.163891404864129453e-01,4.432074632701264727e-02,4.184767606862894729e-01,-1.666948224639899501e-01,1.618938628933917212e-01,2.417148309926623120e-02,2.395020200787691955e-01,1.771815892133635495e-01,1.818798895542305671e-01,6.956643602411036187e-02,1.690169628563696069e-01,2.596675580645015913e-01,1.286432192885111070e-01,-7.148747358204372848e-02,2.484991876683821654e-01,9.096613497983052632e-02,-7.593036358846153022e-02,2.051837643932749866e-01,1.512969981828765111e-02,3.064398562440339147e-01,9.393391399174350065e-02,-2.183437416896481797e-01
0.000000000000000000e+00,0.000000000000000000e+00,0.000000000000000000e+00,0.000000000000000000e+00,0.000000000000000000e+00,0.000000000000000000e+00,0.000000000000000000e+00,0.000000000000000000e+00,0.000000000000000000e+00,0.000000000000000000e+00,0.000000000000000000e+00,0.000000000000000000e+00,0.000000000000000000e+00,0.000000000000000000e+00,0.000000000000000000e+00,0.000000000000000000e+00,0.000000000000000000e+00,0.000000000000000000e+00,0.000000000000000000e+00,0.000000000000000000e+00,0.000000000000000000e+00,0.000000000000000000e+00,0.000000000000000000e+00,0.000000000000000000e+00,0.000000000000000000e+00,0.000000000000000000e+00,0.000000000000000000e+00,0.000000000000000000e+00,0.000000000000000000e+00,0.000000000000000000e+00,0.000000000000000000e+00,0.000000000000000000e+00,0.000000000000000000e+00,0.000000000000000000e+00,0.000000000000000000e+00,0.000000000000000000e+00,0.000000000000000000e+00,0.000000000000000000e+00,0.000000000000000000e+00,0.000000000000000000e+00,0.000000000000000000e+00,0.000000000000000000e+00,0.000000000000000000e+00,0.000000000000000000e+00,0.000000000000000000e+00,0.000000000000000000e+00,0.000000000000000000e+00,0.000000000000000000e+00,0.000000000000000000e+00,0.000000000000000000e+00,0.000000000000000000e+00,0.000000000000000000e+00,1.000000000000000000e+00,1.783504580618313351e-01,1.333338077735996552e-01,-1.139760129480729169e-03,1.213490755205201971e-01,-1.505611245414458128e-02,2.407828006227873407e-01,1.579124055354384493e-01,-1.214418360665273783e-01,3.550049854619072298e-02,1.903730666364441063e-02,7.975257818920153396e-02,3.805702497288011021e-01,-2.669797347386540509e-01,1.903539345528283966e-01,5.635565097361178513e-03,3.040680708078351002e-01,1.934751491900539577e-01,1.450634077798675092e-01,-2.522376251187530838e-01,1.542978999839958454e-01,-2.197172262423785216e-01,-1.607631209890097654e-02,2.711399626042912958e-01,-1.596894756345186919e-02,-2.890832242085772386e-01,8.794150784980150903e-02,2.595964882279813146e-01,2.217869948012277659e-01,-1.914056212703494353e-01,-9.470574710864935325e-03,8.899090185439996470e-02,-2.423289573168097011e-02,1.836058723093403067e-01,-1.012868891328193716e-01,-1.929370523603258225e-01,-9.125548843682189382e-02,1.918965830230249248e-01,2.854738313002085359e-01,-4.449423925858426304e-02,2.126840384690763808e-01,6.514089738592396261e-02,-3.558019836512509304e-01,1.003645395427955334e-01,3.082076259696492695e-02,2.778398337953641994e-01,2.007209406095038229e-02,3.528270648898272910e-01
0.000000000000000000e+00,0.000000000000000000e+00,0.000000000000000000e+00,0.000000000000000000e+00,0.000000000000000000e+00,0.000000000000000000e+00,0.000000000000000000e+00,0.000000000000000000e+00,0.000000000000000000e+00,0.000000000000000000e+00,0.000000000000000000e+00,0.000000000000000000e+00,0.000000000000000000e+00,0.000000000000000000e+00,0.000000000000000000e+00,0.000000000000000000e+00,0.000000000000000000e+00,0.000000000000000000e+00,0.000000000000000000e+00,0.000000000000000000e+00,0.000000000000000000e+00,0.000000000000000000e+00,0.000000000000000000e+00,0.000000000000000000e+00,0.000000000000000000e+00,0.000000000000000000e+00,0.000000000000000000e+00,0.000000000000000000e+00,0.000000000000000000e+00,0.000000000000000000e+00,0.000000000000000000e+00,0.000000000000000000e+00,0.000000000000000000e+00,0.000000000000000000e+00,0.000000000000000000e+00,0.000000000000000000e+00,0.000000000000000000e+00,0.000000000000000000e+00,0.000000000000000000e+00,0.000000000000000000e+00,0.000000000000000000e+00,0.000000000000000000e+00,0.000000000000000000e+00,0.000000000000000000e+00,0.000000000000000000e+00,0.000000000000000000e+00,0.000000000000000000e+00,0.000000000000000000e+00,0.000000000000000000e+00,0.000000000000000000e+00,0.000000000000000000e+00,0.000000000000000000e+00,0.000000000000000000e+00,1.000000000000000000e+00,-2.325622908074092554e-01,-1.186012814689726275e-01,1.766551681451954403e-01,-1.177980519615888094e-01,-5.266264160314237941e-02,-5.908990098467691715e-02,-1.851323704678998483e-01,-1.904480993929504387e-02,-3.859912572016246934e-02,-6.429602660010087789e-02,2.000379994268829398e-01,3.357151924968622587e-03,1.863083037712564560e-01,-9.790105556410597099e-02,1.338115272142555434e-01,1.805302503964633654e-01,-1.386700752104554069e-01,-3.123943552326632345e-01,-2.479405449973627051e-01,-1.619413895733172459e-01,2.745193181143496530e-01,7.380302400964028342e-02,-1.101631177503977488e-01,-2.063068164733521392e-01,4.426966505960879678e-02,8.757230199198456910e-02,5.374626721965854864e-02,-2.093332630137130779e-01,-2.132507268859806793e-01,1.167597851248841634e-01,-4.397668525911892570e-03,-1.476791403198371710e-01,6.053571092590650377e-02,-1.777475369573168762e-01,-2.167278535024128039e-01,-7.989868714398787319e-02,1.404904548974972855e-01,-2.142292703747502858e-01,1.350751945836039247e-01,-8.871413637705784228e-02,-2.010097740309288172e-01,-9.073540948048570975e-02,1.113416283959648284e-01,6.890688648307513597e-02,-7.315586034760490630e-02,2.942181467083310187e-01
0.000000000000000000e+00,0.000000000000000000e+00,0.000000000000000000e+00,0.000000000000000000e+00,0.000000000000000000e+00,0.000000000000000000e+00,0.000000000000000000e+00,0.000000000000000000e+00,0.000000000000000000e+00,0.000000000000000000e+00,0.000000000000000000e+00,0.000000000000000000e+00,0.000000000000000000e+00,0.000000000000000000e+00,0.000000000000000000e+00,0.000000000000000000e+00,0.000000000000000000e+00,0.000000000000000000e+00,0.000000000000000000e+00,0.000000000000000000e+00,0.000000000000000000e+00,0.000000000000000000e+00,0.000000000000000000e+00,0.000000000000000000e+00,0.000000000000000000e+00,0.000000000000000000e+00,0.000000000000000000e+00,0.000000000000000000e+00,0.000000000000000000e+00,0.000000000000000000e+00,0.000000000000000000e+00,0.000000000000000000e+00,0.000000000000000000e+00,0.000000000000000000e+00,0.000000000000000000e+00,0.000000000000000000e+00,0.000000000000000000e+00,0.000000000000000000e+00,0.000000000000000000e+00,0.000000000000000000e+00,0.000000000000000000e+00,0.000000000000000000e+00,0.000000000000000000e+00,0.000000000000000000e+00,0.000000000000000000e+00,0.000000000000000000e+00,0.000000000000000000e+00,0.000000000000000000e+00,0.000000000000000000e+00,0.000000000000000000e+00,0.000000000000000000e+00,0.000000000000000000e+00,0.000000000000000000e+00,0.000000000000000000e+00,1.000000000000000000e+00,4.151488511579032314e-02,-8.065478538930588581e-02,-8.039999898534344602e-02,2.321214288179222485e-01,-2.435798581986716664e-04,2.593935974722507698e-01,1.780813070676603715e-01,-2.182523544749416233e-01,-5.629929667761392198e-02,-7.765342659106075351e-02,1.509812994564357219e-02,4.920141352806535473e-02,4.955718687121749705e-02,7.464832156020331788e-02,-4.973005042067185633e-03,-1.790888354285715689e-01,1.006868111836238117e-01,2.317465152471790690e-01,1.613960643621882018e-01,-8.000960719018136366e-03,2.857383552078514577e-01,-1.947683326020598071e-01,-3.465776728381622651e-02,6.627857171196832597e-02,3.419360003033487805e-02,2.355594667150272964e-02,-2.800672981758194763e-02,1.135320143680506044e-01,6.358723917099820544e-02,6.186418038534942376e-02,-5.367699517413385829e-02,-6.481430945949641365e-02,2.719999991349770704e-02,1.809451137632197767e-02,8.155215874659274555e-02,-1.038652565069455025e-01,3.856564757097737106e-02,-1.213783013415574430e-01,-4.094157847103301745e-02,-1.376731905778185404e-02,-7.894309932637589081e-03,2.298138390673529485e-01,1.744605388523796097e-01,-2.184509219384418374e-02,2.155290634039249975e-01
0.000000000000000000e+00,0.000000000000000000e+00,0.000000000000000000e+00,0.000000000000000000e+00,0.000000000000000000e+00,0.000000000000000000e+00,0.000000000000000000e+00,0.000000000000000000e+00,0.000000000000000000e+00,0.000000000000000000e+00,0.000000000000000000e+00,0.000000000000000000e+00,0.000000000000000000e+00,0.000000000000000000e+00,0.000000000000000000e+00,0.000000000000000000e+00,0.000000000000000000e+00,0.000000000000000000e+00,0.000000000000000000e+00,0.000000000000000000e+00,0.000000000000000000e+00,0.000000000000000000e+00,0.000000000000000000e+00,0.000000000000000000e+00,0.000000000000000000e+00,0.000000000000000000e+00,0.000000000000000000e+00,0.000000000000000000e+00,0.000000000000000000e+00,0.000000000000000000e+00,0.000000000000000000e+00,0.000000000000000000e+00,0.000000000000000000e+00,0.000000000000000000e+00,0.000000000000000000e+00,0.000000000000000000e+00,0.000000000000000000e+00,0.000000000000000000e+00,0.000000000000000000e+00,0.000000000000000000e+00,0.000000000000000000e+00,0.000000000000000000e+00,0.000000000000000000e+00,0.000000000000000000e+00,0.000000000000000000e+00,0.000000000000000000e+00,0.000000000000000000e+00,0.000000000000000000e+00,0.000000000000000000e+00,0.000000000000000000e+00,0.000000000000000000e+00,0.000000000000000000e+00,0.000000000000000000e+00,0.000000000000000000e+00,0.000000000000000000e+00,1.000000000000000000e+00,7.547073627837792842e-02,1.773493118465462592e-01,2.422243934424514189e-01,6.062275014787815025e-02,2.337930159416607423e-01,1.458983070275956806e-01,-2.140637037725685587e-01,-2.322062703548960147e-02,2.313733327481646285e-01,-6.891293375126375000e-03,2.050989584059328963e-01,1.698337681502642416e-01,2.354990153589878732e-01,-5.353434708987506174e-02,3.525271102882718364e-03,7.392692958762141220e-02,3.358574772949579068e-01,-1.465268624723506941e-01,-1.778206148395557462e-01,3.196614574463716996e-01,2.679604334572927016e-02,1.298851513616790521e-01,-1.802476397579823031e-01,9.270070900060013719e-02,-4.719291361577078459e-02,3.386250107106509866e-01,1.703741597858925427e-01,1.581688238168643679e-01,2.747188688004882900e-03,8.189517074861185630e-02,2.918634718962383467e-01,2.173528477754268495e-01,3.922659196687314914e-02,-2.428840971824910711e-01,-1.664340257366702103e-01,-1.126823072384573743e-01,7.423323539391658843e-02,2.383926680493430039e-01,2.529518810351841229e-01,1.392542800951667159e-01,-2.226730456667234959e-01,-4.569816144303804478e-02,2.197761281497914998e-01,1.768716327806659494e-01
0.000000000000000000e+00,0.000000000000000000e+00,0.000000000000000000e+00,0.000000000000000000e+00,0.000000000000000000e+00,0.000000000000000000e+00,0.000000000000000000e+00,0.000000000000000000e+00,0.000000000000000000e+00,0.000000000000000000e+00,0.000000000000000000e+00,0.000000000000000000e+00,0.000000000000000000e+00,0.000000000000000000e+00,0.000000000000000000e+00,0.000000000000000000e+00,0.000000000000000000e+00,0.000000000000000000e+00,0.000000000000000000e+00,0.000000000000000000e+00,0.000000000000000000e+00,0.000000000000000000e+00,0.000000000000000000e+00,0.000000000000000000e+00,0.000000000000000000e+00,0.000000000000000000e+00,0.000000000000000000e+00,0.000000000000000000e+00,0.000000000000000000e+00,0.000000000000000000e+00,0.000000000000000000e+00,0.000000000000000000e+00,0.000000000000000000e+00,0.000000000000000000e+00,0.000000000000000000e+00,0.000000000000000000e+00,0.000000000000000000e+00,0.000000000000000000e+00,0.000000000000000000e+00,0.000000000000000000e+00,0.000000000000000000e+00,0.000000000000000000e+00,0.000000000000000000e+00,0.000000000000000000e+00,0.000000000000000000e+00,0.000000000000000000e+00,0.000000000000000000e+00,0.000000000000000000e+00,0.000000000000000000e+00,0.000000000000000000e+00,0.000000000000000000e+00,0.000000000000000000e+00,0.000000000000000000e+00,0.000000000000000000e+00,0.000000000000000000e+00,0.000000000000000000e+00,1.000000000000000000e+00,1.781611846530310739e-01,-4.016892408129494468e-02,-6.022556738674259003e-02,-9.737614057963117631e-02,-1.651106254379193228e-01,1.068297011891588127e-01,1.905784993596387478e-01,3.879849186252371518e-01,-1.757365541440273626e-01,2.038525462806037858e-01,3.224555398469616252e-01,-1.131116172766715722e-01,1.086379851030084970e-01,1.509361758960609257e-01,-6.523413359941492018e-02,2.520428184477269129e-01,6.668140310239141499e-02,-2.110013543317668105e-01,-8.453038825166280315e-03,1.696784038156307628e-01,1.040984784758927223e-01,2.739241638338246188e-01,3.396662688862487345e-01,4.653960279107690612e-01,2.191526296596308376e-01,2.295197787384221921e-01,1.255818555426682082e-01,5.034116280475033761e-02,-4.365999194636219216e-02,5.978542995973723517e-02,2.168070195456991700e-01,1.095973277612686814e-01,4.836213246401447341e-01,-4.131771046333024971e-02,-1.926607249216691631e-01,1.738711449132596953e-01,4.014322705581949147e-01,8.400576528042232038e-02,3.096450484237647793e-01,2.362698534810148132e-01,2.213405155507333633e-01,2.589310869299446538e-01,-4.607829872583601299e-02
0.000000000000000000e+00,0.000000000000000000e+00,0.000000000000000000e+00,0.000000000000000000e+00,0.000000000000000000e+00,0.000000000000000000e+00,0.000000000000000000e+00,0.000000000000000000e+00,0.000000000000000000e+00,0.000000000000000000e+00,0.000000000000000000e+00,0.000000000000000000e+00,0.000000000000000000e+00,0.000000000000000000e+00,0.000000000000000000e+00,0.000000000000000000e+00,0.000000000000000000e+00,0.000000000000000000e+00,0.000000000000000000e+00,0.000000000000000000e+00,0.000000000000000000e+00,0.000000000000000000e+00,0.000000000000000000e+00,0.000000000000000000e+00,0.000000000000000000e+00,0.000000000000000000e+00,0.000000000000000000e+00,0.000000000000000000e+00,0.000000000000000000e+00,0.000000000000000000e+00,0.000000000000000000e+00,0.000000000000000000e+00,0.000000000000000000e+00,0.000000000000000000e+00,0.000000000000000000e+00,0.000000000000000000e+00,0.000000000000000000e+00,0.000000000000000000e+00,0.000000000000000000e+00,0.000000000000000000e+00,0.000000000000000000e+00,0.000000000000000000e+00,0.000000000000000000e+00,0.000000000000000000e+00,0.000000000000000000e+00,0.000000000000000000e+00,0.000000000000000000e+00,0.000000000000000000e+00,0.000000000000000000e+00,0.000000000000000000e+00,0.000000000000000000e+00,0.000000000000000000e+00,0.000000000000000000e+00,0.000000000000000000e+00,0.000000000000000000e+00,0.000000000000000000e+00,0.000000000000000000e+00,1.000000000000000000e+00,1.743005480865659207e-01,8.306026445774654376e-02,2.056346022886188230e-01,2.418160480798132450e-01,1.166483814144301245e-01,-1.175539440828935883e-01,1.011038099129502044e-01,-1.511627968699767732e-01,-1.373701682338846278e-02,8.076004929792215958e-02,7.920666971614172269e-02,1.800537568090468110e-01,4.327849803308627535e-02,-1.525948040731973654e-01,7.506729623593888512e-02,5.044223309023273790e-04,-8.504638102787866194e-02,-6.650456216818631527e-03,2.579514570539718221e-01,7.124241199688097215e-02,5.677619222002855404e-02,-5.011139291625320291e-02,2.518243912961941056e-01,2.065700868708416627e-01,1.708172045554124663e-01,6.003921395517423931e-02,1.503496725973695047e-01,1.738957847721128713e-01,1.391387487986966709e-01,1.991704347018743437e-01,-1.237263669049641591e-03,1.221474742212197151e-01,-5.599574649667000276e-02,-8.796712241205183191e-02,2.164980915078722756e-01,1.540390783042233369e-01,1.492793819660044874e-01,2.821445082712803476e-01,-8.774902497087565256e-02,6.412466198827995734e-02,-4.216940686039722525e-02,-2.216687551285438998e-02
0.000000000000000000e+00,0.000000000000000000e+00,0.000000000000000000e+00,0.000000000000000000e+00,0.000000000000000000e+00,0.000000000000000000e+00,0.000000000000000000e+00,0.000000000000000000e+00,0.000000000000000000e+00,0.000000000000000000e+00,0.000000000000000000e+00,0.000000000000000000e+00,0.000000000000000000e+00,0.000000000000000000e+00,0.000000000000000000e+00,0.000000000000000000e+00,0.000000000000000000e+00,0.000000000000000000e+00,0.000000000000000000e+00,0.000000000000000000e+00,0.000000000000000000e+00,0.000000000000000000e+00,0.000000000000000000e+00,0.000000000000000000e+00,0.000000000000000000e+00,0.000000000000000000e+00,0.000000000000000000e+00,0.000000000000000000e+00,0.000000000000000000e+00,0.000000000000000000e+00,0.000000000000000000e+00,0.000000000000000000e+00,0.000000000000000000e+00,0.000000000000000000e+00,0.000000000000000000e+00,0.000000000000000000e+00,0.000000000000000000e+00,0.000000000000000000e+00,0.000000000000000000e+00,0.000000000000000000e+00,0.000000000000000000e+00,0.000000000000000000e+00,0.000000000000000000e+00,0.000000000000000000e+00,0.000000000000000000e+00,0.000000000000000000e+00,0.000000000000000000e+00,0.000000000000000000e+00,0.000000000000000000e+00,0.000000000000000000e+00,0.000000000000000000e+00,0.000000000000000000e+00,0.000000000000000000e+00,0.000000000000000000e+00,0.000000000000000000e+00,0.000000000000000000e+00,0.000000000000000000e+00,0.000000000000000000e+00,1.000000000000000000e+00,3.304953414426816533e-02,1.823555065731366498e-01,4.341727729834981564e-01,-1.494239221340232793e-01,-2.375216889178326518e-01,4.004104328695495818e-01,3.889072582198069283e-02,1.533726897932721489e-01,1.311615950208201015e-02,1.098045729216082511e-01,-3.960559055219191327e-02,-1.538119791566282084e-02,1.558113454950610377e-01,4.173472205874251273e-01,7.771334758584393099e-02,3.700579207701186479e-02,6.978313584054888219e-01,-9.393722943791729674e-02,1.082649837141454463e-01,7.362614517013718607e-02,3.142675396189397417e-03,2.937408117787996820e-01,1.782041820701568968e-01,1.958199623336810136e-01,6.926566403841727393e-02,1.907425177524700588e-01,1.465250062582571511e-01,3.113626069152211073e-01,2.458738395012888545e-01,-2.970777518450411561e-02,-1.135491506669369932e-01,1.042121945520671639e-01,2.253646564215660078e-02,7.414780970655235337e-02,1.509449603946982077e-01,4.989862177101937746e-02,3.022732999350983274e-01,1.808647846436726436e-01,3.773120078186907311e-01,2.265237048547488474e-01,1.980249563728285478e-01
0.000000000000000000e+00,0.000000000000000000e+00,0.000000000000000000e+00,0.000000000000000000e+00,0.000000000000000000e+00,0.000000000000000000e+00,0.000000000000000000e+00,0.000000000000000000e+00,0.000000000000000000e+00,0.000000000000000000e+00,0.000000000000000000e+00,0.000000000000000000e+00,0.000000000000000000e+00,0.000000000000000000e+00,0.000000000000000000e+00,0.000000000000000000e+00,0.000000000000000000e+00,0.000000000000000000e+00,0.000000000000000000e+00,0.000000000000000000e+00,0.000000000000000000e+00,0.000000000000000000e+00,0.000000000000000000e+00,0.000000000000000000e+00,0.000000000000000000e+00,0.000000000000000000e+00,0.000000000000000000e+00,0.000000000000000000e+00,0.000000000000000000e+00,0.000000000000000000e+00,0.000000000000000000e+00,0.000000000000000000e+00,0.000000000000000000e+00,0.000000000000000000e+00,0.000000000000000000e+00,0.000000000000000000e+00,0.000000000000000000e+00,0.000000000000000000e+00,0.000000000000000000e+00,0.000000000000000000e+00,0.000000000000000000e+00,0.000000000000000000e+00,0.000000000000000000e+00,0.000000000000000000e+00,0.000000000000000000e+00,0.000000000000000000e+00,0.000000000000000000e+00,0.000000000000000000e+00,0.000000000000000000e+00,0.000000000000000000e+00,0.000000000000000000e+00,0.000000000000000000e+00,0.000000000000000000e+00,0.000000000000000000e+00,0.000000000000000000e+00,0.000000000000000000e+00,0.000000000000000000e+00,0.000000000000000000e+00,0.000000000000000000e+00,1.000000000000000000e+00,3.929691056621838485e-01,-1.588660512420363713e-01,2.332970377723055377e-01,-9.365716730414677671e-02,1.855694433014552225e-01,-7.512914556722855020e-02,2.352231848503677503e-01,5.317753059144404437e-01,-2.983961202441199889e-01,2.359152127530401988e-01,3.062778304119761486e-01,8.364657894698727947e-02,-4.607196080802241495e-02,3.502472492204013466e-01,2.881048958075749233e-01,2.468291520629051494e-01,8.304239549818859256e-02,-9.731127126739598510e-02,1.918257631553365317e-01,3.890267814237778621e-02,4.319445056110462512e-03,-2.552659289579727320e-01,3.770338044917087017e-01,1.604249833070710840e-01,4.163516698503427760e-01,2.580839290864140878e-01,1.505791514485406157e-01,4.929424137400004180e-02,1.229424482959021181e-01,2.273290743491557520e-01,1.580597717305416428e-01,-1.264181795712955303e-01,4.160961291147130536e-01,-7.652059528774786401e-02,5.958939884050164226e-02,1.609457364982029848e-01,-6.823448312723225107e-02,2.255544721242385420e-01,-1.584109837972596802e-01,1.848522547879075939e-01
0.000000000000000000e+00,0.000000000000000000e+00,0.000000000000000000e+00,0.000000000000000000e+00,0.000000000000000000e+00,0.000000000000000000e+00,0.000000000000000000e+00,0.000000000000000000e+00,0.000000000000000000e+00,0.000000000000000000e+00,0.000000000000000000e+00,0.000000000000000000e+00,0.000000000000000000e+00,0.000000000000000000e+00,0.000000000000000000e+00,0.000000000000000000e+00,0.000000000000000000e+00,0.000000000000000000e+00,0.000000000000000000e+00,0.000000000000000000e+00,0.000000000000000000e+00,0.000000000000000000e+00,0.000000000000000000e+00,0.000000000000000000e+00,0.000000000000000000e+00,0.000000000000000000e+00,0.000000000000000000e+00,0.000000000000000000e+00,0.000000000000000000e+00,0.000000000000000000e+00,0.000000000000000000e+00,0.000000000000000000e+00,0.000000000000000000e+00,0.000000000000000000e+00,0.000000000000000000e+00,0.000000000000000000e+00,0.000000000000000000e+00,0.000000000000000000e+00,0.000000000000000000e+00,0.000000000000000000e+00,0.000000000000000000e+00,0.000000000000000000e+00,0.000000000000000000e+00,0.000000000000000000e+00,0.000000000000000000e+00,0.000000000000000000e+00,0.000000000000000000e+00,0.000000000000000000e+00,0.000000000000000000e+00,0.000000000000000000e+00,0.000000000000000000e+00,0.000000000000000000e+00,0.000000000000000000e+00,0.000000000000000000e+00,0.000000000000000000e+00,0.000000000000000000e+00,0.000000000000000000e+00,0.000000000000000000e+00,0.000000000000000000e+00,0.000000000000000000e+00,1.000000000000000000e+00,2.428722393304548755e-01,-9.316835261387237943e-02,-6.529279107709728969e-03,-2.094740507305261137e-02,3.111477178700369772e-02,1.787661378950337054e-01,1.211621921341403674e-01,5.015207851106991133e-02,1.191737987138510174e-01,-1.232134980901853499e-01,-1.131393187828283464e-02,2.821271939639232174e-01,8.228204176621427279e-02,3.313174609752395083e-01,1.253256323613637924e-01,-1.525404451339874845e-02,1.160161979354347728e-01,9.048562195570220013e-02,-4.133174574289134873e-02,-1.968069885086280030e-02,-1.732188259361594007e-03,2.701574985044893351e-01,2.754121309185615374e-01,2.144111861531717567e-01,1.798140183444714435e-01,1.305854774476508662e-01,9.502496607979556142e-02,2.414599932641450508e-01,-1.036275258653135412e-02,3.014280328667684472e-03,-4.133514444483837869e-02,7.002659791966381331e-02,7.785289446993670648e-02,1.002487864070871065e-01,1.564001559788623374e-01,1.973020994553358332e-01,9.916841354653331553e-02,-5.835876130347295715e-02,3.041559318125902633e-01
0.000000000000000000e+00,0.000000000000000000e+00,0.000000000000000000e+00,0.000000000000000000e+00,0.000000000000000000e+00,0.000000000000000000e+00,0.000000000000000000e+00,0.000000000000000000e+00,0.000000000000000000e+00,0.000000000000000000e+00,0.000000000000000000e+00,0.000000000000000000e+00,0.000000000000000000e+00,0.000000000000000000e+00,0.000000000000000000e+00,0.000000000000000000e+00,0.000000000000000000e+00,0.000000000000000000e+00,0.000000000000000000e+00,0.000000000000000000e+00,0.000000000000000000e+00,0.000000000000000000e+00,0.000000000000000000e+00,0.000000000000000000e+00,0.000000000000000000e+00,0.000000000000000000e+00,0.000000000000000000e+00,0.000000000000000000e+00,0.000000000000000000e+00,0.000000000000000000e+00,0.000000000000000000e+00,0.000000000000000000e+00,0.000000000000000000e+00,0.000000000000000000e+00,0.000000000000000000e+00,0.000000000000000000e+00,0.000000000000000000e+00,0.000000000000000000e+00,0.000000000000000000e+00,0.000000000000000000e+00,0.000000000000000000e+00,0.000000000000000000e+00,0.000000000000000000e+00,0.000000000000000000e+00,0.000000000000000000e+00,0.000000000000000000e+00,0.000000000000000000e+00,0.000000000000000000e+00,0.000000000000000000e+00,0.000000000000000000e+00,0.000000000000000000e+00,0.000000000000000000e+00,0.000000000000000000e+00,0.000000000000000000e+00,0.000000000000000000e+00,0.000000000000000000e+00,0.000000000000000000e+00,0.000000000000000000e+00,0.000000000000000000e+00,0.000000000000000000e+00,0.000000000000000000e+00,1.000000000000000000e+00,-7.963947516732577947e-02,-4.646068782361986726e-02,6.780146818192924786e-03,1.894422807064102821e-01,1.060781267064472705e-01,-2.620340435484389552e-01,3.975185521343979622e-01,-7.590776010217628600e-02,-3.776861914253917818e-01,-1.027983761583300126e-01,1.853741474974350545e-01,-1.668842498361965687e-01,2.423466619602363537e-01,2.971053885013998364e-01,-3.375264959038330737e-02,1.657231149307767937e-01,-1.447597968415867686e-01,-1.687120764412487206e-01,1.671172566851219232e-01,2.548973501694747346e-01,-3.460364356716152251e-02,1.810812964297220662e-01,1.281573476224178443e-01,1.112157208484025744e-01,1.881233154665490070e-01,9.740094807687509071e-02,9.591732716861794961e-02,-3.166232038507887925e-01,1.931624877600849818e-02,1.320354574665728864e-01,7.290346586450516253e-02,2.145060904554493830e-01,2.238967238218973060e-02,1.795007315854732222e-01,8.231588114766394404e-02,2.206714249751227930e-01,1.266351948537643157e-01,3.110169977002926744e-01
0.000000000000000000e+00,0.000000000000000000e+00,0.000000000000000000e+00,0.000000000000000000e+00,0.000000000000000000e+00,0.000000000000000000e+00,0.000000000000000000e+00,0.000000000000000000e+00,0.000000000000000000e+00,0.000000000000000000e+00,0.000000000000000000e+00,0.000000000000000000e+00,0.000000000000000000e+00,0.000000000000000000e+00,0.000000000000000000e+00,0.000000000000000000e+00,0.000000000000000000e+00,0.000000000000000000e+00,0.000000000000000000e+00,0.000000000000000000e+00,0.000000000000000000e+00,0.000000000000000000e+00,0.000000000000000000e+00,0.000000000000000000e+00,0.000000000000000000e+00,0.000000000000000000e+00,0.000000000000000000e+00,0.000000000000000000e+00,0.000000000000000000e+00,0.000000000000000000e+00,0.000000000000000000e+00,0.000000000000000000e+00,0.000000000000000000e+00,0.000000000000000000e+00,0.000000000000000000e+00,0.000000000000000000e+00,0.000000000000000000e+00,0.000000000000000000e+00,0.000000000000000000e+00,0.000000000000000000e+00,0.000000000000000000e+00,0.000000000000000000e+00,0.000000000000000000e+00,0.000000000000000000e+00,0.000000000000000000e+00,0.000000000000000000e+00,0.000000000000000000e+00,0.000000000000000000e+00,0.000000000000000000e+00,0.000000000000000000e+00,0.000000000000000000e+00,0.000000000000000000e+00,0.000000000000000000e+00,0.000000000000000000e+00,0.000000000000000000e+00,0.000000000000000000e+00,0.000000000000000000e+00,0.000000000000000000e+00,0.000000000000000000e+00,0.000000000000000000e+00,0.000000000000000000e+00,0.000000000000000000e+00,1.000000000000000000e+00,5.769623258134657512e-02,8.893119773520152815e-02,-1.163239373577405200e-01,7.402369804348153670e-02,7.037740334955273902e-02,-1.677026886384979654e-01,-1.258857346639712937e-01,-2.566355995189549544e-02,-9.170248529154205464e-02,-9.515304747692723830e-02,1.147211387329391263e-01,9.545078297188368255e-02,-1.761665818251580418e-01,-7.063133075360084057e-02,1.953101772751712067e-02,-5.138361309225165929e-02,5.483750324124906511e-03,1.716492485660096601e-01,4.834553322631746086e-03,-1.829139640921469828e-02,-1.610072469424036756e-01,2.282993211243443746e-02,1.240564863785591360e-01,8.176686828712220745e-02,8.492676266534227025e-02,-1.666140579519968454e-02,1.141601834331299956e-02,1.321901830178567883e-01,1.968796881574703950e-02,2.671981898684274714e-01,7.936883374457098794e-02,1.631647307621187648e-01,-2.925864093470553415e-02,1.907536425660809332e-02,-3.781722937407201723e-02,-4.020022649224469502e-02,-2.136959051634969298e-01
0.000000000000000000e+00,0.000000000000000000e+00,0.000000000000000000e+00,0.000000000000000000e+00,0.000000000000000000e+00,0.000000000000000000e+00,0.000000000000000000e+00,0.000000000000000000e+00,0.000000000000000000e+00,0.000000000000000000e+00,0.000000000000000000e+00,0.000000000000000000e+00,0.000000000000000000e+00,0.000000000000000000e+00,0.000000000000000000e+00,0.000000000000000000e+00,0.000000000000000000e+00,0.000000000000000000e+00,0.000000000000000000e+00,0.000000000000000000e+00,0.000000000000000000e+00,0.000000000000000000e+00,0.000000000000000000e+00,0.000000000000000000e+00,0.000000000000000000e+00,0.000000000000000000e+00,0.000000000000000000e+00,0.000000000000000000e+00,0.000000000000000000e+00,0.000000000000000000e+00,0.000000000000000000e+00,0.000000000000000000e+00,0.000000000000000000e+00,0.000000000000000000e+00,0.000000000000000000e+00,0.000000000000000000e+00,0.000000000000000000e+00,0.000000000000000000e+00,0.000000000000000000e+00,0.000000000000000000e+00,0.000000000000000000e+00,0.000000000000000000e+00,0.000000000000000000e+00,0.000000000000000000e+00,0.000000000000000000e+00,0.000000000000000000e+00,0.000000000000000000e+00,0.000000000000000000e+00,0.000000000000000000e+00,0.000000000000000000e+00,0.000000000000000000e+00,0.000000000000000000e+00,0.000000000000000000e+00,0.000000000000000000e+00,0.000000000000000000e+00,0.000000000000000000e+00,0.000000000000000000e+00,0.000000000000000000e+00,0.000000000000000000e+00,0.000000000000000000e+00,0.000000000000000000e+00,0.000000000000000000e+00,0.000000000000000000e+00,1.000000000000000000e+00,-1.719734438925493714e-01,9.532652626567959808e-02,-7.437809639427012121e-02,1.537365686141772270e-01,1.971613116535948229e-01,-2.705390633699292779e-01,-1.637645567522839907e-01,2.479128050185218923e-01,-1.158468644164469680e-01,-1.317304869777025794e-02,-3.926164310928105527e-02,-1.957095118598482508e-01,-2.489526111625382787e-01,-3.349649444394548620e-02,3.672084285027309158e-02,3.181802881543236428e-01,-1.145077054802120242e-01,3.447843544540354910e-02,-2.172863032575967357e-01,-1.174353733234183850e-01,-5.846822196857532662e-03,-2.166737056947434237e-01,-3.238639999417560755e-01,-1.076746602511694934e-01,-2.069362553851781736e-02,3.578603806067351956e-01,3.781293481404793266e-01,3.684536896964671904e-01,5.253042948542530760e-02,4.515700664073649673e-01,-2.613906527497060761e-01,-3.682536784542204955e-02,2.201800258169234539e-02,-1.221576621729390938e-01,1.256282608599524342e-01,1.760209361117615889e-01
0.000000000000000000e+00,0.000000000000000000e+00,0.000000000000000000e+00,0.000000000000000000e+00,0.000000000000000000e+00,0.000000000000000000e+00,0.000000000000000000e+00,0.000000000000000000e+00,0.000000000000000000e+00,0.000000000000000000e+00,0.000000000000000000e+00,0.000000000000000000e+00,0.000000000000000000e+00,0.000000000000000000e+00,0.000000000000000000e+00,0.000000000000000000e+00,0.000000000000000000e+00,0.000000000000000000e+00,0.000000000000000000e+00,0.000000000000000000e+00,0.000000000000000000e+00,0.000000000000000000e+00,0.000000000000000000e+00,0.000000000000000000e+00,0.000000000000000000e+00,0.000000000000000000e+00,0.000000000000000000e+00,0.000000000000000000e+00,0.000000000000000000e+00,0.000000000000000000e+00,0.000000000000000000e+00,0.000000000000000000e+00,0.000000000000000000e+00,0.000000000000000000e+00,0.000000000000000000e+00,0.000000000000000000e+00,0.000000000000000000e+00,0.000000000000000000e+00,0.000000000000000000e+00,0.000000000000000000e+00,0.000000000000000000e+00,0.000000000000000000e+00,0.000000000000000000e+00,0.000000000000000000e+00,0.000000000000000000e+00,0.000000000000000000e+00,0.000000000000000000e+00,0.000000000000000000e+00,0.000000000000000000e+00,0.000000000000000000e+00,0.000000000000000000e+00,0.000000000000000000e+00,0.000000000000000000e+00,0.000000000000000000e+00,0.000000000000000000e+00,0.000000000000000000e+00,0.000000000000000000e+00,0.000000000000000000e+00,0.000000000000000000e+00,0.000000000000000000e+00,0.000000000000000000e+00,0.000000000000000000e+00,0.000000000000000000e+00,0.000000000000000000e+00,1.000000000000000000e+00,-2.501882798878767855e-01,4.271142040147920538e-01,1.322372855428297911e-01,1.520416584839830339e-02,7.886010386608779954e-02,2.367707439746551124e-01,-7.011389309328044939e-02,3.946999473162269845e-01,4.608751748456382802e-02,5.403091846154589595e-02,3.260939093308189429e-01,-4.157632038673356872e-02,-4.491809316428986565e-03,2.892249757063547477e-01,2.959683721241059828e-01,4.684526044060731698e-01,5.435244672567799556e-02,3.065669846751306604e-01,4.319888517534690303e-02,8.371771878653722077e-02,2.112536664628599792e-01,3.256845306242936999e-01,1.570213149388376694e-01,6.499494023742427573e-02,2.187832967753148283e-01,2.347553111387522817e-01,-3.016583693569066527e-01,2.636724053044366411e-01,2.359252986820543074e-01,7.823880586092020473e-02,3.038759880191438945e-01,5.345144421808135232e-02,3.665767157032211454e-01,2.038305630919174938e-01,1.004528867231502774e-02
0.000000000000000000e+00,0.000000000000000000e+00,0.000000000000000000e+00,0.000000000000000000e+00,0.000000000000000000e+00,0.000000000000000000e+00,0.000000000000000000e+00,0.000000000000000000e+00,0.000000000000000000e+00,0.000000000000000000e+00,0.000000000000000000e+00,0.000000000000000000e+00,0.000000000000000000e+00,0.000000000000000000e+00,0.000000000000000000e+00,0.000000000000000000e+00,0.000000000000000000e+00,0.000000000000000000e+00,0.000000000000000000e+00,0.000000000000000000e+00,0.000000000000000000e+00,0.000000000000000000e+00,0.000000000000000000e+00,0.000000000000000000e+00,0.000000000000000000e+00,0.000000000000000000e+00,0.000000000000000000e+00,0.000000000000000000e+00,0.000000000000000000e+00,0.000000000000000000e+00,0.000000000000000000e+00,0.000000000000000000e+00,0.000000000000000000e+00,0.000000000000000000e+00,0.000000000000000000e+00,0.000000000000000000e+00,0.000000000000000000e+00,0.000000000000000000e+00,0.000000000000000000e+00,0.000000000000000000e+00,0.000000000000000000e+00,0.000000000000000000e+00,0.000000000000000000e+00,0.000000000000000000e+00,0.000000000000000000e+00,0.000000000000000000e+00,0.000000000000000000e+00,0.000000000000000000e+00,0.000000000000000000e+00,0.000000000000000000e+00,0.000000000000000000e+00,0.000000000000000000e+00,0.000000000000000000e+00,0.000000000000000000e+00,0.000000000000000000e+00,0.000000000000000000e+00,0.000000000000000000e+00,0.000000000000000000e+00,0.000000000000000000e+00,0.000000000000000000e+00,0.000000000000000000e+00,0.000000000000000000e+00,0.000000000000000000e+00,0.000000000000000000e+00,0.000000000000000000e+00,1.000000000000000000e+00,-2.144909800489804841e-01,-1.592330498417407481e-01,-1.231609154013533630e-01,-2.453911004377436755e-01,-3.155879260245346429e-02,3.626229677465639401e-01,-2.444700771469550116e-01,4.337584286172821782e-03,6.465245826374572957e-02,1.163544634185715715e-01,-4.295478975672664679e-02,9.312670786113445842e-02,-8.989268013987154748e-02,-4.162820685683729094e-01,-2.233189399196995051e-01,-7.041806024437845257e-02,-1.429816611278982574e-01,2.348843822658651728e-02,-5.261948228323366089e-02,-2.824999368341151174e-01,-6.691777527956487004e-02,2.298597761207835793e-02,1.158452896048478287e-01,-3.363643173696944655e-01,-1.775524855900690313e-01,3.944168045990040228e-01,-3.069519947827228368e-01,-1.168217311276536496e-01,6.547219816862125119e-02,-3.956611560451432918e-01,1.339183944549605931e-01,1.056333387927810008e-01,2.758984505946987520e-01,-1.844083301369869032e-01
0.000000000000000000e+00,0.000000000000000000e+00,0.000000000000000000e+00,0.000000000000000000e+00,0.000000000000000000e+00,0.000000000000000000e+00,0.000000000000000000e+00,0.000000000000000000e+00,0.000000000000000000e+00,0.000000000000000000e+00,0.000000000000000000e+00,0.000000000000000000e+00,0.000000000000000000e+00,0.000000000000000000e+00,0.000000000000000000e+00,0.000000000000000000e+00,0.000000000000000000e+00,0.000000000000000000e+00,0.000000000000000000e+00,0.000000000000000000e+00,0.000000000000000000e+00,0.000000000000000000e+00,0.000000000000000000e+00,0.000000000000000000e+00,0.000000000000000000e+00,0.000000000000000000e+00,0.000000000000000000e+00,0.000000000000000000e+00,0.000000000000000000e+00,0.000000000000000000e+00,0.000000000000000000e+00,0.000000000000000000e+00,0.000000000000000000e+00,0.000000000000000000e+00,0.000000000000000000e+00,0.000000000000000000e+00,0.000000000000000000e+00,0.000000000000000000e+00,0.000000000000000000e+00,0.000000000000000000e+00,0.000000000000000000e+00,0.000000000000000000e+00,0.000000000000000000e+00,0.000000000000000000e+00,0.000000000000000000e+00,0.000000000000000000e+00,0.000000000000000000e+00,0.000000000000000000e+00,0.000000000000000000e+00,0.000000000000000000e+00,0.000000000000000000e+00,0.000000000000000000e+00,0.000000000000000000e+00,0.000000000000000000e+00,0.000000000000000000e+00,0.000000000000000000e+00,0.000000000000000000e+00,0.000000000000000000e+00,0.000000000000000000e+00,0.000000000000000000e+00,0.000000000000000000e+00,0.000000000000000000e+00,0.000000000000000000e+00,0.000000000000000000e+00,0.000000000000000000e+00,0.000000000000000000e+00,1.000000000000000000e+00,5.524797047216926937e-02,-6.574567939748260370e-02,-4.122083196753636297e-02,7.159433802230061317e-02,-8.842968817587547325e-02,3.816724616936131298e-01,2.200553275058659761e-02,1.007633956525304658e-01,2.396801549992826907e-01,-1.329771283913844249e-01,2.284260321879326427e-01,4.291452467397716825e-02,3.076623903104123703e-01,2.844685576260200244e-01,8.155235682361178240e-03,2.344801580386024487e-01,-1.215525380122207434e-02,1.560451004866417885e-02,2.258822977887452177e-01,2.347196490585491679e-01,3.002513995071226516e-01,1.678474946694232250e-01,1.345167553554743045e-01,7.790575779738453943e-02,-2.395702669441995558e-01,4.005403812177299461e-01,3.235104972942159929e-01,2.860841898872941158e-01,4.185093490197026589e-01,2.204417118201924541e-01,2.161578592492959250e-01,2.301212765174540098e-01,2.145068748520555513e-01
0.000000000000000000e+00,0.000000000000000000e+00,0.000000000000000000e+00,0.000000000000000000e+00,0.000000000000000000e+00,0.000000000000000000e+00,0.000000000000000000e+00,0.000000000000000000e+00,0.000000000000000000e+00,0.000000000000000000e+00,0.000000000000000000e+00,0.000000000000000000e+00,0.000000000000000000e+00,0.000000000000000000e+00,0.000000000000000000e+00,0.000000000000000000e+00,0.000000000000000000e+00,0.000000000000000000e+00,0.000000000000000000e+00,0.000000000000000000e+00,0.000000000000000000e+00,0.000000000000000000e+00,0.000000000000000000e+00,0.000000000000000000e+00,0.000000000000000000e+00,0.000000000000000000e+00,0.000000000000000000e+00,0.000000000000000000e+00,0.000000000000000000e+00,0.000000000000000000e+00,0.000000000000000000e+00,0.000000000000000000e+00,0.000000000000000000e+00,0.000000000000000000e+00,0.000000000000000000e+00,0.000000000000000000e+00,0.000000000000000000e+00,0.000000000000000000e+00,0.000000000000000000e+00,0.000000000000000000e+00,0.000000000000000000e+00,0.000000000000000000e+00,0.000000000000000000e+00,0.000000000000000000e+00,0.000000000000000000e+00,0.000000000000000000e+00,0.000000000000000000e+00,0.000000000000000000e+00,0.000000000000000000e+00,0.000000000000000000e+00,0.000000000000000000e+00,0.000000000000000000e+00,0.000000000000000000e+00,0.000000000000000000e+00,0.000000000000000000e+00,0.000000000000000000e+00,0.000000000000000000e+00,0.000000000000000000e+00,0.000000000000000000e+00,0.000000000000000000e+00,0.000000000000000000e+00,0.000000000000000000e+00,0.000000000000000000e+00,0.000000000000000000e+00,0.000000000000000000e+00,0.000000000000000000e+00,0.000000000000000000e+00,1.000000000000000000e+00,-2.193835859176542225e-01,1.813255513739378821e-01,1.015581407876200853e-01,1.849419693041763624e-01,1.751988991917970695e-01,5.544057618866291559e-01,6.284231073398773015e-02,1.577557531221338016e-01,6.575347204471262974e-02,1.980491996427813373e-01,1.739517165546736188e-01,1.706109576915671167e-01,6.053515331155517876e-02,2.351475875881215982e-01,3.226614437461207685e-01,-3.231486031368253908e-02,3.324866604753262123e-01,3.896395359164223776e-02,7.614790096578714917e-02,1.057771883954138348e-01,9.126519319790089846e-02,2.479818603460743065e-01,1.410929661265528448e-02,3.555724786140702226e-02,4.040334924501757241e-01,1.138857763821431446e-01,1.076880670147260105e-01,1.438362944487492912e-01,8.034339148554939247e-02,8.235921278033495052e-02,-1.013817409400541714e-01,4.072765815024358523e-05
0.000000000000000000e+00,0.000000000000000000e+00,0.000000000000000000e+00,0.000000000000000000e+00,0.000000000000000000e+00,0.000000000000000000e+00,0.000000000000000000e+00,0.000000000000000000e+00,0.000000000000000000e+00,0.000000000000000000e+00,0.000000000000000000e+00,0.000000000000000000e+00,0.000000000000000000e+00,0.000000000000000000e+00,0.000000000000000000e+00,0.000000000000000000e+00,0.000000000000000000e+00,0.000000000000000000e+00,0.000000000000000000e+00,0.000000000000000000e+00,0.000000000000000000e+00,0.000000000000000000e+00,0.000000000000000000e+00,0.000000000000000000e+00,0.000000000000000000e+00,0.000000000000000000e+00,0.000000000000000000e+00,0.000000000000000000e+00,0.000000000000000000e+00,0.000000000000000000e+00,0.000000000000000000e+00,0.000000000000000000e+00,0.000000000000000000e+00,0.000000000000000000e+00,0.000000000000000000e+00,0.000000000000000000e+00,0.000000000000000000e+00,0.000000000000000000e+00,0.000000000000000000e+00,0.000000000000000000e+00,0.000000000000000000e+00,0.000000000000000000e+00,0.000000000000000000e+00,0.000000000000000000e+00,0.000000000000000000e+00,0.000000000000000000e+00,0.000000000000000000e+00,0.000000000000000000e+00,0.000000000000000000e+00,0.000000000000000000e+00,0.000000000000000000e+00,0.000000000000000000e+00,0.000000000000000000e+00,0.000000000000000000e+00,0.000000000000000000e+00,0.000000000000000000e+00,0.000000000000000000e+00,0.000000000000000000e+00,0.000000000000000000e+00,0.000000000000000000e+00,0.000000000000000000e+00,0.000000000000000000e+00,0.000000000000000000e+00,0.000000000000000000e+00,0.000000000000000000e+00,0.000000000000000000e+00,0.000000000000000000e+00,0.000000000000000000e+00,1.000000000000000000e+00,-9.634135985889609802e-03,-2.760262217444044985e-01,-9.561166024952431897e-02,-8.367108994088433283e-02,-2.834914827416495919e-01,1.026794090404306026e-01,-9.275362294586665668e-02,-1.492171133422387497e-01,-2.950369102790224574e-01,1.085786585715776825e-01,4.182174128159983628e-02,-2.062492977586418696e-01,1.698249973289418877e-03,-9.193801489571450103e-02,2.405344948678349998e-02,2.248426703668151075e-02,1.025879292648080449e-01,-1.138383474457092398e-01,-2.130808208351976651e-01,-1.787311035010113736e-01,-1.587808321810204593e-01,-8.941573723425932929e-02,1.118279712242136181e-01,-1.160998826863443301e-01,1.414053881319888850e-01,-1.063133430141846719e-01,-6.509077467594177879e-02,-1.605947954643364428e-01,-1.056502655060593959e-01,-8.855815376014941620e-02,2.940612224450823153e-01
0.000000000000000000e+00,0.000000000000000000e+00,0.000000000000000000e+00,0.000000000000000000e+00,0.000000000000000000e+00,0.000000000000000000e+00,0.000000000000000000e+00,0.000000000000000000e+00,0.000000000000000000e+00,0.000000000000000000e+00,0.000000000000000000e+00,0.000000000000000000e+00,0.000000000000000000e+00,0.000000000000000000e+00,0.000000000000000000e+00,0.000000000000000000e+00,0.000000000000000000e+00,0.000000000000000000e+00,0.000000000000000000e+00,0.000000000000000000e+00,0.000000000000000000e+00,0.000000000000000000e+00,0.000000000000000000e+00,0.000000000000000000e+00,0.000000000000000000e+00,0.000000000000000000e+00,0.000000000000000000e+00,0.000000000000000000e+00,0.000000000000000000e+00,0.000000000000000000e+00,0.000000000000000000e+00,0.000000000000000000e+00,0.000000000000000000e+00,0.000000000000000000e+00,0.000000000000000000e+00,0.000000000000000000e+00,0.000000000000000000e+00,0.000000000000000000e+00,0.000000000000000000e+00,0.000000000000000000e+00,0.000000000000000000e+00,0.000000000000000000e+00,0.000000000000000000e+00,0.000000000000000000e+00,0.000000000000000000e+00,0.000000000000000000e+00,0.000000000000000000e+00,0.000000000000000000e+00,0.000000000000000000e+00,0.000000000000000000e+00,0.000000000000000000e+00,0.000000000000000000e+00,0.000000000000000000e+00,0.000000000000000000e+00,0.000000000000000000e+00,0.000000000000000000e+00,0.000000000000000000e+00,0.000000000000000000e+00,0.000000000000000000e+00,0.000000000000000000e+00,0.000000000000000000e+00,0.000000000000000000e+00,0.000000000000000000e+00,0.000000000000000000e+00,0.000000000000000000e+00,0.000000000000000000e+00,0.000000000000000000e+00,0.000000000000000000e+00,0.000000000000000000e+00,1.000000000000000000e+00,2.472171636247763038e-01,-1.352893787427900674e-01,8.987712379729467793e-02,2.627798375964652405e-02,7.398559516940581005e-02,-5.083564854908167313e-03,2.948557941572774177e-01,-3.305922133281736369e-02,8.775957314938169496e-02,-9.119871048031212568e-02,-2.084237086070902731e-02,7.897525559170112675e-02,2.512988194326275515e-01,3.406671314096241798e-01,8.281116248700301496e-02,1.569920329075476240e-01,1.847376013619578816e-01,-3.518548973364973159e-02,4.084751204014084452e-02,1.923866919603834102e-01,2.337415014404219116e-01,-2.485690125358981373e-01,8.686007166348092001e-02,-2.481749849083543513e-01,-8.331135603979301918e-02,1.266248168324649870e-01,1.799872717973879099e-01,1.524335028308981543e-01,-4.125276796466567086e-01,2.982756483161076444e-01
0.000000000000000000e+00,0.000000000000000000e+00,0.000000000000000000e+00,0.000000000000000000e+00,0.000000000000000000e+00,0.000000000000000000e+00,0.000000000000000000e+00,0.000000000000000000e+00,0.000000000000000000e+00,0.000000000000000000e+00,0.000000000000000000e+00,0.000000000000000000e+00,0.000000000000000000e+00,0.000000000000000000e+00,0.000000000000000000e+00,0.000000000000000000e+00,0.000000000000000000e+00,0.000000000000000000e+00,0.000000000000000000e+00,0.000000000000000000e+00,0.000000000000000000e+00,0.000000000000000000e+00,0.000000000000000000e+00,0.000000000000000000e+00,0.000000000000000000e+00,0.000000000000000000e+00,0.000000000000000000e+00,0.000000000000000000e+00,0.000000000000000000e+00,0.000000000000000000e+00,0.000000000000000000e+00,0.000000000000000000e+00,0.000000000000000000e+00,0.000000000000000000e+00,0.000000000000000000e+00,0.000000000000000000e+00,0.000000000000000000e+00,0.000000000000000000e+00,0.000000000000000000e+00,0.000000000000000000e+00,0.000000000000000000e+00,0.000000000000000000e+00,0.000000000000000000e+00,0.000000000000000000e+00,0.000000000000000000e+00,0.000000000000000000e+00,0.000000000000000000e+00,0.000000000000000000e+00,0.000000000000000000e+00,0.000000000000000000e+00,0.000000000000000000e+00,0.000000000000000000e+00,0.000000000000000000e+00,0.000000000000000000e+00,0.000000000000000000e+00,0.000000000000000000e+00,0.000000000000000000e+00,0.000000000000000000e+00,0.000000000000000000e+00,0.000000000000000000e+00,0.000000000000000000e+00,0.000000000000000000e+00,0.000000000000000000e+00,0.000000000000000000e+00,0.000000000000000000e+00,0.000000000000000000e+00,0.000000000000000000e+00,0.000000000000000000e+00,0.000000000000000000e+00,0.000000000000000000e+00,1.000000000000000000e+00,3.895220103831573133e-02,1.528547286527340843e-01,1.082583608273974402e-01,-8.169790066119110572e-02,5.395548856893583184e-02,4.255328045456482911e-01,1.526655353917529823e-01,1.201879159081964930e-02,-1.795570815852914615e-01,1.616286901020188571e-01,-6.200754409859178008e-03,1.705288235605331160e-01,-7.308800811393521835e-02,-5.124796746222787247e-02,9.936769868152751928e-02,-5.874774386524837105e-02,6.727129555735140987e-02,1.654261554059306139e-01,1.001368840911989744e-01,2.004667040610467466e-01,4.228242200970763753e-02,1.419374014944677909e-01,-5.321240181775507144e-02,5.696403544480672931e-02,-4.165397807915092315e-02,3.483084953503025674e-03,1.007215901615764880e-01,1.522870360831821979e-01,-1.121424356802542543e-01
0.000000000000000000e+00,0.000000000000000000e+00,0.000000000000000000e+00,0.000000000000000000e+00,0.000000000000000000e+00,0.000000000000000000e+00,0.000000000000000000e+00,0.000000000000000000e+00,0.000000000000000000e+00,0.000000000000000000e+00,0.000000000000000000e+00,0.000000000000000000e+00,0.000000000000000000e+00,0.000000000000000000e+00,0.000000000000000000e+00,0.000000000000000000e+00,0.000000000000000000e+00,0.000000000000000000e+00,0.000000000000000000e+00,0.000000000000000000e+00,0.000000000000000000e+00,0.000000000000000000e+00,0.000000000000000000e+00,0.000000000000000000e+00,0.000000000000000000e+00,0.000000000000000000e+00,0.000000000000000000e+00,0.000000000000000000e+00,0.000000000000000000e+00,0.000000000000000000e+00,0.000000000000000000e+00,0.000000000000000000e+00,0.000000000000000000e+00,0.000000000000000000e+00,0.000000000000000000e+00,0.000000000000000000e+00,0.000000000000000000e+00,0.000000000000000000e+00,0.000000000000000000e+00,0.000000000000000000e+00,0.000000000000000000e+00,0.000000000000000000e+00,0.000000000000000000e+00,0.000000000000000000e+00,0.000000000000000000e+00,0.000000000000000000e+00,0.000000000000000000e+00,0.000000000000000000e+00,0.000000000000000000e+00,0.000000000000000000e+00,0.000000000000000000e+00,0.000000000000000000e+00,0.000000000000000000e+00,0.000000000000000000e+00,0.000000000000000000e+00,0.000000000000000000e+00,0.000000000000000000e+00,0.000000000000000000e+00,0.000000000000000000e+00,0.000000000000000000e+00,0.000000000000000000e+00,0.000000000000000000e+00,0.000000000000000000e+00,0.000000000000000000e+00,0.000000000000000000e+00,0.000000000000000000e+00,0.000000000000000000e+00,0.000000000000000000e+00,0.000000000000000000e+00,0.000000000000000000e+00,0.000000000000000000e+00,1.000000000000000000e+00,3.630250914691999370e-02,2.471624140896104271e-01,-2.945803779501741590e-02,2.433622307470837687e-01,-5.666201197809754564e-02,2.107975349511275465e-01,9.677074163523256833e-02,-1.049648354680103174e-01,-2.433077196810183238e-03,1.588464058957037850e-01,3.029559876654030481e-01,-9.378757339869008003e-02,2.403525636305738344e-01,-3.940445921682580316e-02,1.829451051854011912e-01,1.613330707601808578e-01,1.399531800595998909e-01,9.952621730615628104e-02,1.745315978997918072e-01,1.302279242647443325e-01,-1.948429891512262757e-01,6.796387841246058492e-02,1.628022737588397384e-01,1.096346781623565442e-01,3.380945456677200700e-02,1.083706053490308407e-01,1.337785658037448921e-01,-8.765008573145664783e-02
0.000000000000000000e+00,0.000000000000000000e+00,0.000000000000000000e+00,0.000000000000000000e+00,0.000000000000000000e+00,0.000000000000000000e+00,0.000000000000000000e+00,0.000000000000000000e+00,0.000000000000000000e+00,0.000000000000000000e+00,0.000000000000000000e+00,0.000000000000000000e+00,0.000000000000000000e+00,0.000000000000000000e+00,0.000000000000000000e+00,0.000000000000000000e+00,0.000000000000000000e+00,0.000000000000000000e+00,0.000000000000000000e+00,0.000000000000000000e+00,0.000000000000000000e+00,0.000000000000000000e+00,0.000000000000000000e+00,0.000000000000000000e+00,0.000000000000000000e+00,0.000000000000000000e+00,0.000000000000000000e+00,0.000000000000000000e+00,0.000000000000000000e+00,0.000000000000000000e+00,0.000000000000000000e+00,0.000000000000000000e+00,0.000000000000000000e+00,0.000000000000000000e+00,0.000000000000000000e+00,0.000000000000000000e+00,0.000000000000000000e+00,0.000000000000000000e+00,0.000000000000000000e+00,0.000000000000000000e+00,0.000000000000000000e+00,0.000000000000000000e+00,0.000000000000000000e+00,0.000000000000000000e+00,0.000000000000000000e+00,0.000000000000000000e+00,0.000000000000000000e+00,0.000000000000000000e+00,0.000000000000000000e+00,0.000000000000000000e+00,0.000000000000000000e+00,0.000000000000000000e+00,0.000000000000000000e+00,0.000000000000000000e+00,0.000000000000000000e+00,0.000000000000000000e+00,0.000000000000000000e+00,0.000000000000000000e+00,0.000000000000000000e+00,0.000000000000000000e+00,0.000000000000000000e+00,0.000000000000000000e+00,0.000000000000000000e+00,0.000000000000000000e+00,0.000000000000000000e+00,0.000000000000000000e+00,0.000000000000000000e+00,0.000000000000000000e+00,0.000000000000000000e+00,0.000000000000000000e+00,0.000000000000000000e+00,0.000000000000000000e+00,1.000000000000000000e+00,1.160686829139818271e-01,-1.498001784814694815e-01,2.904632550461793139e-01,5.286034805474396081e-02,2.123734181742826521e-01,1.184341104229130470e-01,2.648027415958341679e-01,2.700044419681645880e-01,1.093059800467072601e-01,3.013921579751384083e-01,1.368181046503089693e-01,-6.719766779712775528e-02,1.401354700442581924e-01,2.304459915303272710e-01,2.483645506118211110e-01,1.975875597511452808e-01,1.983112979705984602e-01,-2.398838486665399658e-02,-1.783623955252939264e-01,6.621098770287940638e-02,1.792365044757328330e-01,2.532916604441872721e-01,2.260914226809205285e-01,2.245892351252339880e-01,2.163848485368187746e-01,7.277472168243882822e-02,6.660114317158669084e-02
0.000000000000000000e+00,0.000000000000000000e+00,0.000000000000000000e+00,0.000000000000000000e+00,0.000000000000000000e+00,0.000000000000000000e+00,0.000000000000000000e+00,0.000000000000000000e+00,0.000000000000000000e+00,0.000000000000000000e+00,0.000000000000000000e+00,0.000000000000000000e+00,0.000000000000000000e+00,0.000000000000000000e+00,0.000000000000000000e+00,0.000000000000000000e+00,0.000000000000000000e+00,0.000000000000000000e+00,0.000000000000000000e+00,0.000000000000000000e+00,0.000000000000000000e+00,0.000000000000000000e+00,0.000000000000000000e+00,0.000000000000000000e+00,0.000000000000000000e+00,0.000000000000000000e+00,0.000000000000000000e+00,0.000000000000000000e+00,0.000000000000000000e+00,0.000000000000000000e+00,0.000000000000000000e+00,0.000000000000000000e+00,0.000000000000000000e+00,0.000000000000000000e+00,0.000000000000000000e+00,0.000000000000000000e+00,0.000000000000000000e+00,0.000000000000000000e+00,0.000000000000000000e+00,0.000000000000000000e+00,0.000000000000000000e+00,0.000000000000000000e+00,0.000000000000000000e+00,0.000000000000000000e+00,0.000000000000000000e+00,0.000000000000000000e+00,0.000000000000000000e+00,0.000000000000000000e+00,0.000000000000000000e+00,0.000000000000000000e+00,0.000000000000000000e+00,0.000000000000000000e+00,0.000000000000000000e+00,0.000000000000000000e+00,0.000000000000000000e+00,0.000000000000000000e+00,0.000000000000000000e+00,0.000000000000000000e+00,0.000000000000000000e+00,0.000000000000000000e+00,0.000000000000000000e+00,0.000000000000000000e+00,0.000000000000000000e+00,0.000000000000000000e+00,0.000000000000000000e+00,0.000000000000000000e+00,0.000000000000000000e+00,0.000000000000000000e+00,0.000000000000000000e+00,0.000000000000000000e+00,0.000000000000000000e+00,0.000000000000000000e+00,0.000000000000000000e+00,1.000000000000000000e+00,5.130904165630503083e-02,9.348822677851131857e-02,-2.830636684961407301e-02,1.626545309181854637e-01,1.897251437808991081e-01,7.039195585348240192e-02,8.943817884746910196e-02,7.432577595413751570e-02,2.657564680720554962e-01,-1.531630602578142597e-01,1.824473319457961262e-01,-6.569627334303364263e-02,-3.251908558786342079e-02,6.832078512885508825e-02,4.890357316626620099e-02,1.779830289243982955e-01,-4.816235895575392278e-02,8.105351595015712618e-02,1.927140156050467512e-01,-1.267451364581554663e-01,1.479263518084771023e-01,-6.227092294514297542e-03,1.521141112301724330e-01,1.428654229158753397e-01,-1.078957800630555436e-01,-2.158477188884779796e-01
0.000000000000000000e+00,0.000000000000000000e+00,0.000000000000000000e+00,0.000000000000000000e+00,0.000000000000000000e+00,0.000000000000000000e+00,0.000000000000000000e+00,0.000000000000000000e+00,0.000000000000000000e+00,0.000000000000000000e+00,0.000000000000000000e+00,0.000000000000000000e+00,0.000000000000000000e+00,0.000000000000000000e+00,0.000000000000000000e+00,0.000000000000000000e+00,0.000000000000000000e+00,0.000000000000000000e+00,0.000000000000000000e+00,0.000000000000000000e+00,0.000000000000000000e+00,0.000000000000000000e+00,0.000000000000000000e+00,0.000000000000000000e+00,0.000000000000000000e+00,0.000000000000000000e+00,0.000000000000000000e+00,0.000000000000000000e+00,0.000000000000000000e+00,0.000000000000000000e+00,0.000000000000000000e+00,0.000000000000000000e+00,0.000000000000000000e+00,0.000000000000000000e+00,0.000000000000000000e+00,0.000000000000000000e+00,0.000000000000000000e+00,0.000000000000000000e+00,0.000000000000000000e+00,0.000000000000000000e+00,0.000000000000000000e+00,0.000000000000000000e+00,0.000000000000000000e+00,0.000000000000000000e+00,0.000000000000000000e+00,0.000000000000000000e+00,0.000000000000000000e+00,0.000000000000000000e+00,0.000000000000000000e+00,0.000000000000000000e+00,0.000000000000000000e+00,0.000000000000000000e+00,0.000000000000000000e+00,0.000000000000000000e+00,0.000000000000000000e+00,0.000000000000000000e+00,0.000000000000000000e+00,0.000000000000000000e+00,0.000000000000000000e+00,0.000000000000000000e+00,0.000000000000000000e+00,0.000000000000000000e+00,0.000000000000000000e+00,0.000000000000000000e+00,0.000000000000000000e+00,0.000000000000000000e+00,0.000000000000000000e+00,0.000000000000000000e+00,0.000000000000000000e+00,0.000000000000000000e+00,0.000000000000000000e+00,0.000000000000000000e+00,0.000000000000000000e+00,0.000000000000000000e+00,1.000000000000000000e+00,5.265378832273810705e-02,1.301947819803053741e-02,1.218376880046758218e-02,8.152309606874184877e-02,-8.635485321598936059e-02,-4.873686715790180070e-03,-1.874544188253442212e-01,7.878719927175427407e-02,-4.281111373580785695e-02,2.103031338294575614e-01,1.301241003556679321e-01,2.379726794105452639e-02,-1.382709252132783284e-01,1.252626871568169320e-01,-7.764201384598021227e-02,8.567638456088721988e-02,1.179915005979991077e-01,2.011204977142931616e-01,-7.943582135134104327e-02,-6.910634375867724666e-02,-1.697187735938963660e-01,4.020186121621554393e-02,2.519666681753637144e-02,-1.174063124234002720e-01,1.558008310382779371e-01
0.000000000000000000e+00,0.000000000000000000e+00,0.000000000000000000e+00,0.000000000000000000e+00,0.000000000000000000e+00,0.000000000000000000e+00,0.000000000000000000e+00,0.000000000000000000e+00,0.000000000000000000e+00,0.000000000000000000e+00,0.000000000000000000e+00,0.000000000000000000e+00,0.000000000000000000e+00,0.000000000000000000e+00,0.000000000000000000e+00,0.000000000000000000e+00,0.000000000000000000e+00,0.000000000000000000e+00,0.000000000000000000e+00,0.000000000000000000e+00,0.000000000000000000e+00,0.000000000000000000e+00,0.000000000000000000e+00,0.000000000000000000e+00,0.000000000000000000e+00,0.000000000000000000e+00,0.000000000000000000e+00,0.000000000000000000e+00,0.000000000000000000e+00,0.000000000000000000e+00,0.000000000000000000e+00,0.000000000000000000e+00,0.000000000000000000e+00,0.000000000000000000e+00,0.000000000000000000e+00,0.000000000000000000e+00,0.000000000000000000e+00,0.000000000000000000e+00,0.000000000000000000e+00,0.000000000000000000e+00,0.000000000000000000e+00,0.000000000000000000e+00,0.000000000000000000e+00,0.000000000000000000e+00,0.000000000000000000e+00,0.000000000000000000e+00,0.000000000000000000e+00,0.000000000000000000e+00,0.000000000000000000e+00,0.000000000000000000e+00,0.000000000000000000e+00,0.000000000000000000e+00,0.000000000000000000e+00,0.000000000000000000e+00,0.000000000000000000e+00,0.000000000000000000e+00,0.000000000000000000e+00,0.000000000000000000e+00,0.000000000000000000e+00,0.000000000000000000e+00,0.000000000000000000e+00,0.000000000000000000e+00,0.000000000000000000e+00,0.000000000000000000e+00,0.000000000000000000e+00,0.000000000000000000e+00,0.000000000000000000e+00,0.000000000000000000e+00,0.000000000000000000e+00,0.000000000000000000e+00,0.000000000000000000e+00,0.000000000000000000e+00,0.000000000000000000e+00,0.000000000000000000e+00,0.000000000000000000e+00,1.000000000000000000e+00,-1.397725866853887226e-04,2.015536306283345902e-01,1.950312834082756908e-02,8.795129395615045031e-02,2.422067842458253961e-01,8.487533158370522135e-02,1.286307993693776575e-01,1.044484157124683371e-01,1.863243315003287326e-01,7.326860529177556258e-02,1.677938610404390574e-01,1.696597788768411663e-01,1.133628254594534236e-02,1.708176954375292475e-02,9.084814358565961034e-02,-8.614541270248202154e-03,8.856713764927776067e-02,1.623148117341602706e-02,-5.051449173399039788e-02,1.337496589284625226e-01,1.742547681160772355e-01,2.883809641540455715e-01,2.237443897152196215e-01,1.196075582701546930e-01
0.000000000000000000e+00,0.000000000000000000e+00,0.000000000000000000e+00,0.000000000000000000e+00,0.000000000000000000e+00,0.000000000000000000e+00,0.000000000000000000e+00,0.000000000000000000e+00,0.000000000000000000e+00,0.000000000000000000e+00,0.000000000000000000e+00,0.000000000000000000e+00,0.000000000000000000e+00,0.000000000000000000e+00,0.000000000000000000e+00,0.000000000000000000e+00,0.000000000000000000e+00,0.000000000000000000e+00,0.000000000000000000e+00,0.000000000000000000e+00,0.000000000000000000e+00,0.000000000000000000e+00,0.000000000000000000e+00,0.000000000000000000e+00,0.000000000000000000e+00,0.000000000000000000e+00,0.000000000000000000e+00,0.000000000000000000e+00,0.000000000000000000e+00,0.000000000000000000e+00,0.000000000000000000e+00,0.000000000000000000e+00,0.000000000000000000e+00,0.000000000000000000e+00,0.000000000000000000e+00,0.000000000000000000e+00,0.000000000000000000e+00,0.000000000000000000e+00,0.000000000000000000e+00,0.000000000000000000e+00,0.000000000000000000e+00,0.000000000000000000e+00,0.000000000000000000e+00,0.000000000000000000e+00,0.000000000000000000e+00,0.000000000000000000e+00,0.000000000000000000e+00,0.000000000000000000e+00,0.000000000000000000e+00,0.000000000000000000e+00,0.000000000000000000e+00,0.000000000000000000e+00,0.000000000000000000e+00,0.000000000000000000e+00,0.000000000000000000e+00,0.000000000000000000e+00,0.000000000000000000e+00,0.000000000000000000e+00,0.000000000000000000e+00,0.000000000000000000e+00,0.000000000000000000e+00,0.000000000000000000e+00,0.000000000000000000e+00,0.000000000000000000e+00,0.000000000000000000e+00,0.000000000000000000e+00,0.000000000000000000e+00,0.000000000000000000e+00,0.000000000000000000e+00,0.000000000000000000e+00,0.000000000000000000e+00,0.000000000000000000e+00,0.000000000000000000e+00,0.000000000000000000e+00,0.000000000000000000e+00,0.000000000000000000e+00,1.000000000000000000e+00,2.629861528713006713e-01,1.316670652224091048e-02,-7.164871723889633393e-02,1.977782819477644782e-01,1.530214367119545338e-01,2.465574242547623196e-02,9.787012936059286128e-02,1.501708051276191280e-01,1.983877002338385043e-01,6.900065428079704688e-02,2.320618248287767763e-02,2.519596521400941924e-01,-1.984374516651815634e-02,-7.948025366324118490e-02,7.151565154688911685e-02,1.088317523827926486e-01,2.628338588927059752e-02,-3.546801298471983360e-02,4.329545751871458070e-02,-6.269565375555373465e-02,-7.054459177914167677e-03,1.933033522446191491e-02,-7.492927096147612709e-02
0.000000000000000000e+00,0.000000000000000000e+00,0.000000000000000000e+00,0.000000000000000000e+00,0.000000000000000000e+00,0.000000000000000000e+00,0.000000000000000000e+00,0.000000000000000000e+00,0.000000000000000000e+00,0.000000000000000000e+00,0.000000000000000000e+00,0.000000000000000000e+00,0.000000000000000000e+00,0.000000000000000000e+00,0.000000000000000000e+00,0.000000000000000000e+00,0.000000000000000000e+00,0.000000000000000000e+00,0.000000000000000000e+00,0.000000000000000000e+00,0.000000000000000000e+00,0.000000000000000000e+00,0.000000000000000000e+00,0.000000000000000000e+00,0.000000000000000000e+00,0.000000000000000000e+00,0.000000000000000000e+00,0.000000000000000000e+00,0.000000000000000000e+00,0.000000000000000000e+00,0.000000000000000000e+00,0.000000000000000000e+00,0.000000000000000000e+00,0.000000000000000000e+00,0.000000000000000000e+00,0.000000000000000000e+00,0.000000000000000000e+00,0.000000000000000000e+00,0.000000000000000000e+00,0.000000000000000000e+00,0.000000000000000000e+00,0.000000000000000000e+00,0.000000000000000000e+00,0.000000000000000000e+00,0.000000000000000000e+00,0.000000000000000000e+00,0.000000000000000000e+00,0.000000000000000000e+00,0.000000000000000000e+00,0.000000000000000000e+00,0.000000000000000000e+00,0.000000000000000000e+00,0.000000000000000000e+00,0.000000000000000000e+00,0.000000000000000000e+00,0.000000000000000000e+00,0.000000000000000000e+00,0.000000000000000000e+00,0.000000000000000000e+00,0.000000000000000000e+00,0.000000000000000000e+00,0.000000000000000000e+00,0.000000000000000000e+00,0.000000000000000000e+00,0.000000000000000000e+00,0.000000000000000000e+00,0.000000000000000000e+00,0.000000000000000000e+00,0.000000000000000000e+00,0.000000000000000000e+00,0.000000000000000000e+00,0.000000000000000000e+00,0.000000000000000000e+00,0.000000000000000000e+00,0.000000000000000000e+00,0.000000000000000000e+00,0.000000000000000000e+00,1.000000000000000000e+00,-2.318565885252521219e-01,-9.397053133736585351e-02,2.715028291752105694e-01,4.484924251644651916e-01,1.459786271456530171e-01,-1.302621310766171603e-01,1.646235660417326441e-01,1.971354900172129221e-01,3.524951095608888640e-01,3.258799421860897327e-01,3.627293767159153193e-01,-6.535300355698367425e-02,4.576046561308699800e-02,2.567944527307285812e-02,2.982364364513964694e-01,1.876190171284480845e-01,4.028305943640971831e-01,2.071474266254637042e-01,1.031873917475667757e-01,-8.235807801705868902e-02,1.875902444324657470e-01,-1.918892485213333499e-01
0.000000000000000000e+00,0.000000000000000000e+00,0.000000000000000000e+00,0.000000000000000000e+00,0.000000000000000000e+00,0.000000000000000000e+00,0.000000000000000000e+00,0.000000000000000000e+00,0.000000000000000000e+00,0.000000000000000000e+00,0.000000000000000000e+00,0.000000000000000000e+00,0.000000000000000000e+00,0.000000000000000000e+00,0.000000000000000000e+00,0.000000000000000000e+00,0.000000000000000000e+00,0.000000000000000000e+00,0.000000000000000000e+00,0.000000000000000000e+00,0.000000000000000000e+00,0.000000000000000000e+00,0.000000000000000000e+00,0.000000000000000000e+00,0.000000000000000000e+00,0.000000000000000000e+00,0.000000000000000000e+00,0.000000000000000000e+00,0.000000000000000000e+00,0.000000000000000000e+00,0.000000000000000000e+00,0.000000000000000000e+00,0.000000000000000000e+00,0.000000000000000000e+00,0.000000000000000000e+00,0.000000000000000000e+00,0.000000000000000000e+00,0.000000000000000000e+00,0.000000000000000000e+00,0.000000000000000000e+00,0.000000000000000000e+00,0.000000000000000000e+00,0.000000000000000000e+00,0.000000000000000000e+00,0.000000000000000000e+00,0.000000000000000000e+00,0.000000000000000000e+00,0.000000000000000000e+00,0.000000000000000000e+00,0.000000000000000000e+00,0.000000000000000000e+00,0.000000000000000000e+00,0.000000000000000000e+00,0.000000000000000000e+00,0.000000000000000000e+00,0.000000000000000000e+00,0.000000000000000000e+00,0.000000000000000000e+00,0.000000000000000000e+00,0.000000000000000000e+00,0.000000000000000000e+00,0.000000000000000000e+00,0.000000000000000000e+00,0.000000000000000000e+00,0.000000000000000000e+00,0.000000000000000000e+00,0.000000000000000000e+00,0.000000000000000000e+00,0.000000000000000000e+00,0.000000000000000000e+00,0.000000000000000000e+00,0.000000000000000000e+00,0.000000000000000000e+00,0.000000000000000000e+00,0.000000000000000000e+00,0.000000000000000000e+00,0.000000000000000000e+00,0.000000000000000000e+00,1.000000000000000000e+00,1.157996688988224970e-01,1.340973262524266241e-01,-1.545618049032300989e-01,2.714854609668789776e-01,1.679895886390334048e-01,2.916613762246053621e-01,1.942928360075972805e-01,1.298163946071228224e-02,1.751900302839588114e-02,1.476351065022173392e-01,3.472906069118951167e-01,-1.279107163074824638e-01,2.158805432890539833e-02,-7.559959405138085009e-02,-6.073503653777362343e-02,-5.222175545523813356e-02,1.091631127316526478e-01,1.840182647805644334e-01,2.950838165171275063e-01,-7.918778092375783340e-02,7.949675719550662600e-02
0.000000000000000000e+00,0.000000000000000000e+00,0.000000000000000000e+00,0.000000000000000000e+00,0.000000000000000000e+00,0.000000000000000000e+00,0.000000000000000000e+00,0.000000000000000000e+00,0.000000000000000000e+00,0.000000000000000000e+00,0.000000000000000000e+00,0.000000000000000000e+00,0.000000000000000000e+00,0.000000000000000000e+00,0.000000000000000000e+00,0.000000000000000000e+00,0.000000000000000000e+00,0.000000000000000000e+00,0.000000000000000000e+00,0.000000000000000000e+00,0.000000000000000000e+00,0.000000000000000000e+00,0.000000000000000000e+00,0.000000000000000000e+00,0.000000000000000000e+00,0.000000000000000000e+00,0.000000000000000000e+00,0.000000000000000000e+00,0.000000000000000000e+00,0.000000000000000000e+00,0.000000000000000000e+00,0.000000000000000000e+00,0.000000000000000000e+00,0.000000000000000000e+00,0.000000000000000000e+00,0.000000000000000000e+00,0.000000000000000000e+00,0.000000000000000000e+00,0.000000000000000000e+00,0.000000000000000000e+00,0.000000000000000000e+00,0.000000000000000000e+00,0.000000000000000000e+00,0.000000000000000000e+00,0.000000000000000000e+00,0.000000000000000000e+00,0.000000000000000000e+00,0.000000000000000000e+00,0.000000000000000000e+00,0.000000000000000000e+00,0.000000000000000000e+00,0.000000000000000000e+00,0.000000000000000000e+00,0.000000000000000000e+00,0.000000000000000000e+00,0.000000000000000000e+00,0.000000000000000000e+00,0.000000000000000000e+00,0.000000000000000000e+00,0.000000000000000000e+00,0.000000000000000000e+00,0.000000000000000000e+00,0.000000000000000000e+00,0.000000000000000000e+00,0.000000000000000000e+00,0.000000000000000000e+00,0.000000000000000000e+00,0.000000000000000000e+00,0.000000000000000000e+00,0.000000000000000000e+00,0.000000000000000000e+00,0.000000000000000000e+00,0.000000000000000000e+00,0.000000000000000000e+00,0.000000000000000000e+00,0.000000000000000000e+00,0.000000000000000000e+00,0.000000000000000000e+00,0.000000000000000000e+00,1.000000000000000000e+00,1.550139358571349657e-01,1.155658796792060211e-01,1.125702749715649584e-02,6.617666682100331599e-02,6.098473124406794676e-02,7.095846854942146863e-03,-1.609146250910048481e-02,5.158216192223278457e-02,-4.586382057126477119e-02,2.894505254537541039e-01,-3.380212135812102336e-02,-9.068356164611320047e-02,1.147941914120649554e-01,3.916721290981666215e-01,-1.514018595545404688e-01,3.570461093874394143e-01,1.324865421760207662e-01,1.197154540500590669e-01,3.443697214922829264e-02,1.272394541300498338e-01
0.000000000000000000e+00,0.000000000000000000e+00,0.000000000000000000e+00,0.000000000000000000e+00,0.000000000000000000e+00,0.000000000000000000e+00,0.000000000000000000e+00,0.000000000000000000e+00,0.000000000000000000e+00,0.000000000000000000e+00,0.000000000000000000e+00,0.000000000000000000e+00,0.000000000000000000e+00,0.000000000000000000e+00,0.000000000000000000e+00,0.000000000000000000e+00,0.000000000000000000e+00,0.000000000000000000e+00,0.000000000000000000e+00,0.000000000000000000e+00,0.000000000000000000e+00,0.000000000000000000e+00,0.000000000000000000e+00,0.000000000000000000e+00,0.000000000000000000e+00,0.000000000000000000e+00,0.000000000000000000e+00,0.000000000000000000e+00,0.000000000000000000e+00,0.000000000000000000e+00,0.000000000000000000e+00,0.000000000000000000e+00,0.000000000000000000e+00,0.000000000000000000e+00,0.000000000000000000e+00,0.000000000000000000e+00,0.000000000000000000e+00,0.000000000000000000e+00,0.000000000000000000e+00,0.000000000000000000e+00,0.000000000000000000e+00,0.000000000000000000e+00,0.000000000000000000e+00,0.000000000000000000e+00,0.000000000000000000e+00,0.000000000000000000e+00,0.000000000000000000e+00,0.000000000000000000e+00,0.000000000000000000e+00,0.000000000000000000e+00,0.000000000000000000e+00,0.000000000000000000e+00,0.000000000000000000e+00,0.000000000000000000e+00,0.000000000000000000e+00,0.000000000000000000e+00,0.000000000000000000e+00,0.000000000000000000e+00,0.000000000000000000e+00,0.000000000000000000e+00,0.000000000000000000e+00,0.000000000000000000e+00,0.000000000000000000e+00,0.000000000000000000e+00,0.000000000000000000e+00,0.000000000000000000e+00,0.000000000000000000e+00,0.000000000000000000e+00,0.000000000000000000e+00,0.000000000000000000e+00,0.000000000000000000e+00,0.000000000000000000e+00,0.000000000000000000e+00,0.000000000000000000e+00,0.000000000000000000e+00,0.000000000000000000e+00,0.000000000000000000e+00,0.000000000000000000e+00,0.000000000000000000e+00,0.000000000000000000e+00,1.000000000000000000e+00,1.759760047488206913e-01,2.270690557772071794e-01,-1.951202578639206833e-02,1.226222819160528582e-01,8.785653655096017922e-02,2.502593009711950311e-01,2.135068171569009521e-01,1.689486271625653957e-01,3.005393443278107646e-01,1.471153993692655704e-01,-1.215941092539113283e-01,2.568976352950873010e-01,3.692101500104099654e-01,7.651897637936357077e-02,3.655363349249268201e-01,2.231065675723948594e-01,3.348069626102684326e-01,2.564512719755741021e-01,-2.487684026359389677e-01
0.000000000000000000e+00,0.000000000000000000e+00,0.000000000000000000e+00,0.000000000000000000e+00,0.000000000000000000e+00,0.000000000000000000e+00,0.000000000000000000e+00,0.000000000000000000e+00,0.000000000000000000e+00,0.000000000000000000e+00,0.000000000000000000e+00,0.000000000000000000e+00,0.000000000000000000e+00,0.000000000000000000e+00,0.000000000000000000e+00,0.000000000000000000e+00,0.000000000000000000e+00,0.000000000000000000e+00,0.000000000000000000e+00,0.000000000000000000e+00,0.000000000000000000e+00,0.000000000000000000e+00,0.000000000000000000e+00,0.000000000000000000e+00,0.000000000000000000e+00,0.000000000000000000e+00,0.000000000000000000e+00,0.000000000000000000e+00,0.000000000000000000e+00,0.000000000000000000e+00,0.000000000000000000e+00,0.000000000000000000e+00,0.000000000000000000e+00,0.000000000000000000e+00,0.000000000000000000e+00,0.000000000000000000e+00,0.000000000000000000e+00,0.000000000000000000e+00,0.000000000000000000e+00,0.000000000000000000e+00,0.000000000000000000e+00,0.000000000000000000e+00,0.000000000000000000e+00,0.000000000000000000e+00,0.000000000000000000e+00,0.000000000000000000e+00,0.000000000000000000e+00,0.000000000000000000e+00,0.000000000000000000e+00,0.000000000000000000e+00,0.000000000000000000e+00,0.000000000000000000e+00,0.000000000000000000e+00,0.000000000000000000e+00,0.000000000000000000e+00,0.000000000000000000e+00,0.000000000000000000e+00,0.000000000000000000e+00,0.000000000000000000e+00,0.000000000000000000e+00,0.000000000000000000e+00,0.000000000000000000e+00,0.000000000000000000e+00,0.000000000000000000e+00,0.000000000000000000e+00,0.000000000000000000e+00,0.000000000000000000e+00,0.000000000000000000e+00,0.000000000000000000e+00,0.000000000000000000e+00,0.000000000000000000e+00,0.000000000000000000e+00,0.000000000000000000e+00,0.000000000000000000e+00,0.000000000000000000e+00,0.000000000000000000e+00,0.000000000000000000e+00,0.000000000000000000e+00,0.000000000000000000e+00,0.000000000000000000e+00,0.000000000000000000e+00,1.000000000000000000e+00,1.162452934201406718e-01,1.678562543314913169e-01,1.724684692357321136e-01,1.226472719724886334e-01,3.004795899017503880e-01,2.420676956340208630e-01,1.424969668925057942e-01,-1.872945375423762659e-01,-2.171489823312118886e-02,1.175902638436937403e-01,-8.897147339287038784e-03,2.873043523283566603e-01,2.686107723128770483e-02,2.995588683605493463e-01,6.200169564800521449e-02,1.008745009143456259e-02,2.706120783313185618e-01,-9.552172398306212064e-02
0.000000000000000000e+00,0.000000000000000000e+00,0.000000000000000000e+00,0.000000000000000000e+00,0.000000000000000000e+00,0.000000000000000000e+00,0.000000000000000000e+00,0.000000000000000000e+00,0.000000000000000000e+00,0.000000000000000000e+00,0.000000000000000000e+00,0.000000000000000000e+00,0.000000000000000000e+00,0.000000000000000000e+00,0.000000000000000000e+00,0.000000000000000000e+00,0.000000000000000000e+00,0.000000000000000000e+00,0.000000000000000000e+00,0.000000000000000000e+00,0.000000000000000000e+00,0.000000000000000000e+00,0.000000000000000000e+00,0.000000000000000000e+00,0.000000000000000000e+00,0.000000000000000000e+00,0.000000000000000000e+00,0.000000000000000000e+00,0.000000000000000000e+00,0.000000000000000000e+00,0.000000000000000000e+00,0.000000000000000000e+00,0.000000000000000000e+00,0.000000000000000000e+00,0.000000000000000000e+00,0.000000000000000000e+00,0.000000000000000000e+00,0.000000000000000000e+00,0.000000000000000000e+00,0.000000000000000000e+00,0.000000000000000000e+00,0.000000000000000000e+00,0.000000000000000000e+00,0.000000000000000000e+00,0.000000000000000000e+00,0.000000000000000000e+00,0.000000000000000000e+00,0.000000000000000000e+00,0.000000000000000000e+00,0.000000000000000000e+00,0.000000000000000000e+00,0.000000000000000000e+00,0.000000000000000000e+00,0.000000000000000000e+00,0.000000000000000000e+00,0.000000000000000000e+00,0.000000000000000000e+00,0.000000000000000000e+00,0.000000000000000000e+00,0.000000000000000000e+00,0.000000000000000000e+00,0.000000000000000000e+00,0.000000000000000000e+00,0.000000000000000000e+00,0.000000000000000000e+00,0.000000000000000000e+00,0.000000000000000000e+00,0.000000000000000000e+00,0.000000000000000000e+00,0.000000000000000000e+00,0.000000000000000000e+00,0.000000000000000000e+00,0.000000000000000000e+00,0.000000000000000000e+00,0.000000000000000000e+00,0.000000000000000000e+00,0.000000000000000000e+00,0.000000000000000000e+00,0.000000000000000000e+00,0.000000000000000000e+00,0.000000000000000000e+00,0.000000000000000000e+00,1.000000000000000000e+00,-7.622806331926200267e-03,2.091035303916621291e-01,7.921761488289122410e-02,2.139270518694517675e-01,3.353026000814887664e-02,9.748880811868210206e-02,2.517508980198645552e-01,-7.645162455349736874e-02,-8.335451913469199559e-02,7.245225605140012681e-02,4.686942921461756395e-02,2.822118669086572940e-01,8.817182965673531214e-02,1.770528853222040344e-01,2.454686848699857149e-01,7.164357864981633905e-02,-1.094972126214030367e-01
0.000000000000000000e+00,0.000000000000000000e+00,0.000000000000000000e+00,0.000000000000000000e+00,0.000000000000000000e+00,0.000000000000000000e+00,0.000000000000000000e+00,0.000000000000000000e+00,0.000000000000000000e+00,0.000000000000000000e+00,0.000000000000000000e+00,0.000000000000000000e+00,0.000000000000000000e+00,0.000000000000000000e+00,0.000000000000000000e+00,0.000000000000000000e+00,0.000000000000000000e+00,0.000000000000000000e+00,0.000000000000000000e+00,0.000000000000000000e+00,0.000000000000000000e+00,0.000000000000000000e+00,0.000000000000000000e+00,0.000000000000000000e+00,0.000000000000000000e+00,0.000000000000000000e+00,0.000000000000000000e+00,0.000000000000000000e+00,0.000000000000000000e+00,0.000000000000000000e+00,0.000000000000000000e+00,0.000000000000000000e+00,0.000000000000000000e+00,0.000000000000000000e+00,0.000000000000000000e+00,0.000000000000000000e+00,0.000000000000000000e+00,0.000000000000000000e+00,0.000000000000000000e+00,0.000000000000000000e+00,0.000000000000000000e+00,0.000000000000000000e+00,0.000000000000000000e+00,0.000000000000000000e+00,0.000000000000000000e+00,0.000000000000000000e+00,0.000000000000000000e+00,0.000000000000000000e+00,0.000000000000000000e+00,0.000000000000000000e+00,0.000000000000000000e+00,0.000000000000000000e+00,0.000000000000000000e+00,0.000000000000000000e+00,0.000000000000000000e+00,0.000000000000000000e+00,0.000000000000000000e+00,0.000000000000000000e+00,0.000000000000000000e+00,0.000000000000000000e+00,0.000000000000000000e+00,0.000000000000000000e+00,0.000000000000000000e+00,0.000000000000000000e+00,0.000000000000000000e+00,0.000000000000000000e+00,0.000000000000000000e+00,0.000000000000000000e+00,0.000000000000000000e+00,0.000000000000000000e+00,0.000000000000000000e+00,0.000000000000000000e+00,0.000000000000000000e+00,0.000000000000000000e+00,0.000000000000000000e+00,0.000000000000000000e+00,0.000000000000000000e+00,0.000000000000000000e+00,0.000000000000000000e+00,0.000000000000000000e+00,0.000000000000000000e+00,0.000000000000000000e+00,0.000000000000000000e+00,1.000000000000000000e+00,1.420568896724014318e-01,1.795167735252881369e-01,2.174191275255860367e-01,9.404831351392634042e-02,1.829848167918655677e-01,-1.064928593257487982e-01,-9.214175187571380099e-02,-5.560604907263000385e-02,-3.570662440394537507e-01,-6.062149050662282712e-02,-2.479437433684537340e-01,2.060072653191120928e-01,3.033772657564035580e-01,2.107860072443216992e-01,-4.460895720610690701e-02,3.063024287665863099e-01
0.000000000000000000e+00,0.000000000000000000e+00,0.000000000000000000e+00,0.000000000000000000e+00,0.000000000000000000e+00,0.000000000000000000e+00,0.000000000000000000e+00,0.000000000000000000e+00,0.000000000000000000e+00,0.000000000000000000e+00,0.000000000000000000e+00,0.000000000000000000e+00,0.000000000000000000e+00,0.000000000000000000e+00,0.000000000000000000e+00,0.000000000000000000e+00,0.000000000000000000e+00,0.000000000000000000e+00,0.000000000000000000e+00,0.000000000000000000e+00,0.000000000000000000e+00,0.000000000000000000e+00,0.000000000000000000e+00,0.000000000000000000e+00,0.000000000000000000e+00,0.000000000000000000e+00,0.000000000000000000e+00,0.000000000000000000e+00,0.000000000000000000e+00,0.000000000000000000e+00,0.000000000000000000e+00,0.000000000000000000e+00,0.000000000000000000e+00,0.000000000000000000e+00,0.000000000000000000e+00,0.000000000000000000e+00,0.000000000000000000e+00,0.000000000000000000e+00,0.000000000000000000e+00,0.000000000000000000e+00,0.000000000000000000e+00,0.000000000000000000e+00,0.000000000000000000e+00,0.000000000000000000e+00,0.000000000000000000e+00,0.000000000000000000e+00,0.000000000000000000e+00,0.000000000000000000e+00,0.000000000000000000e+00,0.000000000000000000e+00,0.000000000000000000e+00,0.000000000000000000e+00,0.000000000000000000e+00,0.000000000000000000e+00,0.000000000000000000e+00,0.000000000000000000e+00,0.000000000000000000e+00,0.000000000000000000e+00,0.000000000000000000e+00,0.000000000000000000e+00,0.000000000000000000e+00,0.000000000000000000e+00,0.000000000000000000e+00,0.000000000000000000e+00,0.000000000000000000e+00,0.000000000000000000e+00,0.000000000000000000e+00,0.000000000000000000e+00,0.000000000000000000e+00,0.000000000000000000e+00,0.000000000000000000e+00,0.000000000000000000e+00,0.000000000000000000e+00,0.000000000000000000e+00,0.000000000000000000e+00,0.000000000000000000e+00,0.000000000000000000e+00,0.000000000000000000e+00,0.000000000000000000e+00,0.000000000000000000e+00,0.000000000000000000e+00,0.000000000000000000e+00,0.000000000000000000e+00,0.000000000000000000e+00,1.000000000000000000e+00,2.782385882621905560e-01,1.886140024380806024e-01,7.237675389017834970e-02,2.200474728158601512e-01,-1.816550098821145473e-02,8.124557394833813173e-02,1.410601305814297990e-01,1.913427997962662275e-01,1.177501438591048583e-01,-5.433434133344644534e-02,2.122724438757477849e-01,8.661706833774386605e-02,2.181887905691455021e-01,7.718717559216123868e-03,1.794894984969541418e-01
0.000000000000000000e+00,0.000000000000000000e+00,0.000000000000000000e+00,0.000000000000000000e+00,0.000000000000000000e+00,0.000000000000000000e+00,0.000000000000000000e+00,0.000000000000000000e+00,0.000000000000000000e+00,0.000000000000000000e+00,0.000000000000000000e+00,0.000000000000000000e+00,0.000000000000000000e+00,0.000000000000000000e+00,0.000000000000000000e+00,0.000000000000000000e+00,0.000000000000000000e+00,0.000000000000000000e+00,0.000000000000000000e+00,0.000000000000000000e+00,0.000000000000000000e+00,0.000000000000000000e+00,0.000000000000000000e+00,0.000000000000000000e+00,0.000000000000000000e+00,0.000000000000000000e+00,0.000000000000000000e+00,0.000000000000000000e+00,0.000000000000000000e+00,0.000000000000000000e+00,0.000000000000000000e+00,0.000000000000000000e+00,0.000000000000000000e+00,0.000000000000000000e+00,0.000000000000000000e+00,0.000000000000000000e+00,0.000000000000000000e+00,0.000000000000000000e+00,0.000000000000000000e+00,0.000000000000000000e+00,0.000000000000000000e+00,0.000000000000000000e+00,0.000000000000000000e+00,0.000000000000000000e+00,0.000000000000000000e+00,0.000000000000000000e+00,0.000000000000000000e+00,0.000000000000000000e+00,0.000000000000000000e+00,0.000000000000000000e+00,0.000000000000000000e+00,0.000000000000000000e+00,0.000000000000000000e+00,0.000000000000000000e+00,0.000000000000000000e+00,0.000000000000000000e+00,0.000000000000000000e+00,0.000000000000000000e+00,0.000000000000000000e+00,0.000000000000000000e+00,0.000000000000000000e+00,0.000000000000000000e+00,0.000000000000000000e+00,0.000000000000000000e+00,0.000000000000000000e+00,0.000000000000000000e+00,0.000000000000000000e+00,0.000000000000000000e+00,0.000000000000000000e+00,0.000000000000000000e+00,0.000000000000000000e+00,0.000000000000000000e+00,0.000000000000000000e+00,0.000000000000000000e+00,0.000000000000000000e+00,0.000000000000000000e+00,0.000000000000000000e+00,0.000000000000000000e+00,0.000000000000000000e+00,0.000000000000000000e+00,0.000000000000000000e+00,0.000000000000000000e+00,0.000000000000000000e+00,0.000000000000000000e+00,0.000000000000000000e+00,1.000000000000000000e+00,3.382563102699606694e-01,2.485669190178398935e-01,3.437543642439414016e-01,-1.756314298140828623e-01,1.533325275832704560e-01,3.014102690041435897e-02,2.524724614155973712e-01,5.063707213438912308e-02,6.558705679321663595e-02,2.120350319435733988e-01,4.987325363208119922e-02,5.863305445082773321e-02,6.506544541819941734e-03,1.989258494664693233e-01
0.000000000000000000e+00,0.000000000000000000e+00,0.000000000000000000e+00,0.000000000000000000e+00,0.000000000000000000e+00,0.000000000000000000e+00,0.000000000000000000e+00,0.000000000000000000e+00,0.000000000000000000e+00,0.000000000000000000e+00,0.000000000000000000e+00,0.000000000000000000e+00,0.000000000000000000e+00,0.000000000000000000e+00,0.000000000000000000e+00,0.000000000000000000e+00,0.000000000000000000e+00,0.000000000000000000e+00,0.000000000000000000e+00,0.000000000000000000e+00,0.000000000000000000e+00,0.000000000000000000e+00,0.000000000000000000e+00,0.000000000000000000e+00,0.000000000000000000e+00,0.000000000000000000e+00,0.000000000000000000e+00,0.000000000000000000e+00,0.000000000000000000e+00,0.000000000000000000e+00,0.000000000000000000e+00,0.000000000000000000e+00,0.000000000000000000e+00,0.000000000000000000e+00,0.000000000000000000e+00,0.000000000000000000e+00,0.000000000000000000e+00,0.000000000000000000e+00,0.000000000000000000e+00,0.000000000000000000e+00,0.000000000000000000e+00,0.000000000000000000e+00,0.000000000000000000e+00,0.000000000000000000e+00,0.000000000000000000e+00,0.000000000000000000e+00,0.000000000000000000e+00,0.000000000000000000e+00,0.000000000000000000e+00,0.000000000000000000e+00,0.000000000000000000e+00,0.000000000000000000e+00,0.000000000000000000e+00,0.000000000000000000e+00,0.000000000000000000e+00,0.000000000000000000e+00,0.000000000000000000e+00,0.000000000000000000e+00,0.000000000000000000e+00,0.000000000000000000e+00,0.000000000000000000e+00,0.000000000000000000e+00,0.000000000000000000e+00,0.000000000000000000e+00,0.000000000000000000e+00,0.000000000000000000e+00,0.000000000000000000e+00,0.000000000000000000e+00,0.000000000000000000e+00,0.000000000000000000e+00,0.000000000000000000e+00,0.000000000000000000e+00,0.000000000000000000e+00,0.000000000000000000e+00,0.000000000000000000e+00,0.000000000000000000e+00,0.000000000000000000e+00,0.000000000000000000e+00,0.000000000000000000e+00,0.000000000000000000e+00,0.000000000000000000e+00,0.000000000000000000e+00,0.000000000000000000e+00,0.000000000000000000e+00,0.000000000000000000e+00,0.000000000000000000e+00,1.000000000000000000e+00,3.896645591902700434e-01,2.818469542218540180e-01,-8.105852242332947308e-03,1.250751304563477995e-01,-2.773295148801477317e-01,8.282548519720779601e-02,5.984214071590518436e-02,2.688348261711825948e-01,3.629622629873922590e-01,5.796591381224659723e-02,1.331874267880348572e-01,1.220446522741503587e-01,1.431979017817596768e-02
0.000000000000000000e+00,0.000000000000000000e+00,0.000000000000000000e+00,0.000000000000000000e+00,0.000000000000000000e+00,0.000000000000000000e+00,0.000000000000000000e+00,0.000000000000000000e+00,0.000000000000000000e+00,0.000000000000000000e+00,0.000000000000000000e+00,0.000000000000000000e+00,0.000000000000000000e+00,0.000000000000000000e+00,0.000000000000000000e+00,0.000000000000000000e+00,0.000000000000000000e+00,0.000000000000000000e+00,0.000000000000000000e+00,0.000000000000000000e+00,0.000000000000000000e+00,0.000000000000000000e+00,0.000000000000000000e+00,0.000000000000000000e+00,0.000000000000000000e+00,0.000000000000000000e+00,0.000000000000000000e+00,0.000000000000000000e+00,0.000000000000000000e+00,0.000000000000000000e+00,0.000000000000000000e+00,0.000000000000000000e+00,0.000000000000000000e+00,0.000000000000000000e+00,0.000000000000000000e+00,0.000000000000000000e+00,0.000000000000000000e+00,0.000000000000000000e+00,0.000000000000000000e+00,0.000000000000000000e+00,0.000000000000000000e+00,0.000000000000000000e+00,0.000000000000000000e+00,0.000000000000000000e+00,0.000000000000000000e+00,0.000000000000000000e+00,0.000000000000000000e+00,0.000000000000000000e+00,0.000000000000000000e+00,0.000000000000000000e+00,0.000000000000000000e+00,0.000000000000000000e+00,0.000000000000000000e+00,0.000000000000000000e+00,0.000000000000000000e+00,0.000000000000000000e+00,0.000000000000000000e+00,0.000000000000000000e+00,0.000000000000000000e+00,0.000000000000000000e+00,0.000000000000000000e+00,0.000000000000000000e+00,0.000000000000000000e+00,0.000000000000000000e+00,0.000000000000000000e+00,0.000000000000000000e+00,0.000000000000000000e+00,0.000000000000000000e+00,0.000000000000000000e+00,0.000000000000000000e+00,0.000000000000000000e+00,0.000000000000000000e+00,0.000000000000000000e+00,0.000000000000000000e+00,0.000000000000000000e+00,0.000000000000000000e+00,0.000000000000000000e+00,0.000000000000000000e+00,0.000000000000000000e+00,0.000000000000000000e+00,0.000000000000000000e+00,0.000000000000000000e+00,0.000000000000000000e+00,0.000000000000000000e+00,0.000000000000000000e+00,0.000000000000000000e+00,0.000000000000000000e+00,1.000000000000000000e+00,3.049406919396541737e-01,5.899894363315979356e-02,5.074562748047423133e-02,-1.505923241816290725e-01,1.701737945164001342e-01,1.795774539649980517e-01,4.537308814395635825e-01,5.359810152872478417e-01,1.242644911299713439e-01,1.712079140175030434e-01,2.820744311531688253e-01,-4.432994104241456956e-02
0.000000000000000000e+00,0.000000000000000000e+00,0.000000000000000000e+00,0.000000000000000000e+00,0.000000000000000000e+00,0.000000000000000000e+00,0.000000000000000000e+00,0.000000000000000000e+00,0.000000000000000000e+00,0.000000000000000000e+00,0.000000000000000000e+00,0.000000000000000000e+00,0.000000000000000000e+00,0.000000000000000000e+00,0.000000000000000000e+00,0.000000000000000000e+00,0.000000000000000000e+00,0.000000000000000000e+00,0.000000000000000000e+00,0.000000000000000000e+00,0.000000000000000000e+00,0.000000000000000000e+00,0.000000000000000000e+00,0.000000000000000000e+00,0.000000000000000000e+00,0.000000000000000000e+00,0.000000000000000000e+00,0.000000000000000000e+00,0.000000000000000000e+00,0.000000000000000000e+00,0.000000000000000000e+00,0.000000000000000000e+00,0.000000000000000000e+00,0.000000000000000000e+00,0.000000000000000000e+00,0.000000000000000000e+00,0.000000000000000000e+00,0.000000000000000000e+00,0.000000000000000000e+00,0.000000000000000000e+00,0.000000000000000000e+00,0.000000000000000000e+00,0.000000000000000000e+00,0.000000000000000000e+00,0.000000000000000000e+00,0.000000000000000000e+00,0.000000000000000000e+00,0.000000000000000000e+00,0.000000000000000000e+00,0.000000000000000000e+00,0.000000000000000000e+00,0.000000000000000000e+00,0.000000000000000000e+00,0.000000000000000000e+00,0.000000000000000000e+00,0.000000000000000000e+00,0.000000000000000000e+00,0.000000000000000000e+00,0.000000000000000000e+00,0.000000000000000000e+00,0.000000000000000000e+00,0.000000000000000000e+00,0.000000000000000000e+00,0.000000000000000000e+00,0.000000000000000000e+00,0.000000000000000000e+00,0.000000000000000000e+00,0.000000000000000000e+00,0.000000000000000000e+00,0.000000000000000000e+00,0.000000000000000000e+00,0.000000000000000000e+00,0.000000000000000000e+00,0.000000000000000000e+00,0.000000000000000000e+00,0.000000000000000000e+00,0.000000000000000000e+00,0.000000000000000000e+00,0.000000000000000000e+00,0.000000000000000000e+00,0.000000000000000000e+00,0.000000000000000000e+00,0.000000000000000000e+00,0.000000000000000000e+00,0.000000000000000000e+00,0.000000000000000000e+00,0.000000000000000000e+00,0.000000000000000000e+00,1.000000000000000000e+00,4.707460997751435061e-02,4.267670573528111605e-02,2.281888528936412350e-02,1.512356202371260665e-02,-3.842007381165615798e-02,4.693771385644161104e-02,2.301771260784753192e-01,1.346891036508479078e-01,1.454459189073797065e-01,1.967695353914349632e-01,1.402026924625152928e-03
0.000000000000000000e+00,0.000000000000000000e+00,0.000000000000000000e+00,0.000000000000000000e+00,0.000000000000000000e+00,0.000000000000000000e+00,0.000000000000000000e+00,0.000000000000000000e+00,0.000000000000000000e+00,0.000000000000000000e+00,0.000000000000000000e+00,0.000000000000000000e+00,0.000000000000000000e+00,0.000000000000000000e+00,0.000000000000000000e+00,0.000000000000000000e+00,0.000000000000000000e+00,0.000000000000000000e+00,0.000000000000000000e+00,0.000000000000000000e+00,0.000000000000000000e+00,0.000000000000000000e+00,0.000000000000000000e+00,0.000000000000000000e+00,0.000000000000000000e+00,0.000000000000000000e+00,0.000000000000000000e+00,0.000000000000000000e+00,0.000000000000000000e+00,0.000000000000000000e+00,0.000000000000000000e+00,0.000000000000000000e+00,0.000000000000000000e+00,0.000000000000000000e+00,0.000000000000000000e+00,0.000000000000000000e+00,0.000000000000000000e+00,0.000000000000000000e+00,0.000000000000000000e+00,0.000000000000000000e+00,0.000000000000000000e+00,0.000000000000000000e+00,0.000000000000000000e+00,0.000000000000000000e+00,0.000000000000000000e+00,0.000000000000000000e+00,0.000000000000000000e+00,0.000000000000000000e+00,0.000000000000000000e+00,0.000000000000000000e+00,0.000000000000000000e+00,0.000000000000000000e+00,0.000000000000000000e+00,0.000000000000000000e+00,0.000000000000000000e+00,0.000000000000000000e+00,0.000000000000000000e+00,0.000000000000000000e+00,0.000000000000000000e+00,0.000000000000000000e+00,0.000000000000000000e+00,0.000000000000000000e+00,0.000000000000000000e+00,0.000000000000000000e+00,0.000000000000000000e+00,0.000000000000000000e+00,0.000000000000000000e+00,0.000000000000000000e+00,0.000000000000000000e+00,0.000000000000000000e+00,0.000000000000000000e+00,0.000000000000000000e+00,0.000000000000000000e+00,0.000000000000000000e+00,0.000000000000000000e+00,0.000000000000000000e+00,0.000000000000000000e+00,0.000000000000000000e+00,0.000000000000000000e+00,0.000000000000000000e+00,0.000000000000000000e+00,0.000000000000000000e+00,0.000000000000000000e+00,0.000000000000000000e+00,0.000000000000000000e+00,0.000000000000000000e+00,0.000000000000000000e+00,0.000000000000000000e+00,0.000000000000000000e+00,1.000000000000000000e+00,1.263632723232792077e-01,-1.597222502229276031e-01,6.584796575077489500e-02,1.124971614191836444e-01,-1.902154145566277779e-02,2.618835310004001271e-01,1.796616204795359051e-01,1.868278335945821600e-01,-6.211898948545621635e-02,-4.222779678573913148e-02
0.000000000000000000e+00,0.000000000000000000e+00,0.000000000000000000e+00,0.000000000000000000e+00,0.000000000000000000e+00,0.000000000000000000e+00,0.000000000000000000e+00,0.000000000000000000e+00,0.000000000000000000e+00,0.000000000000000000e+00,0.000000000000000000e+00,0.000000000000000000e+00,0.000000000000000000e+00,0.000000000000000000e+00,0.000000000000000000e+00,0.000000000000000000e+00,0.000000000000000000e+00,0.000000000000000000e+00,0.000000000000000000e+00,0.000000000000000000e+00,0.000000000000000000e+00,0.000000000000000000e+00,0.000000000000000000e+00,0.000000000000000000e+00,0.000000000000000000e+00,0.000000000000000000e+00,0.000000000000000000e+00,0.000000000000000000e+00,0.000000000000000000e+00,0.000000000000000000e+00,0.000000000000000000e+00,0.000000000000000000e+00,0.000000000000000000e+00,0.000000000000000000e+00,0.000000000000000000e+00,0.000000000000000000e+00,0.000000000000000000e+00,0.000000000000000000e+00,0.000000000000000000e+00,0.000000000000000000e+00,0.000000000000000000e+00,0.000000000000000000e+00,0.000000000000000000e+00,0.000000000000000000e+00,0.000000000000000000e+00,0.000000000000000000e+00,0.000000000000000000e+00,0.000000000000000000e+00,0.000000000000000000e+00,0.000000000000000000e+00,0.000000000000000000e+00,0.000000000000000000e+00,0.000000000000000000e+00,0.000000000000000000e+00,0.000000000000000000e+00,0.000000000000000000e+00,0.000000000000000000e+00,0.000000000000000000e+00,0.000000000000000000e+00,0.000000000000000000e+00,0.000000000000000000e+00,0.000000000000000000e+00,0.000000000000000000e+00,0.000000000000000000e+00,0.000000000000000000e+00,0.000000000000000000e+00,0.000000000000000000e+00,0.000000000000000000e+00,0.000000000000000000e+00,0.000000000000000000e+00,0.000000000000000000e+00,0.000000000000000000e+00,0.000000000000000000e+00,0.000000000000000000e+00,0.000000000000000000e+00,0.000000000000000000e+00,0.000000000000000000e+00,0.000000000000000000e+00,0.000000000000000000e+00,0.000000000000000000e+00,0.000000000000000000e+00,0.000000000000000000e+00,0.000000000000000000e+00,0.000000000000000000e+00,0.000000000000000000e+00,0.000000000000000000e+00,0.000000000000000000e+00,0.000000000000000000e+00,0.000000000000000000e+00,0.000000000000000000e+00,1.000000000000000000e+00,-8.905284619093777401e-03,1.871072614104365983e-01,-4.929835735883381607e-03,-1.759349658054259191e-01,8.885691337767478992e-02,9.309701757510230324e-02,6.372760801369084516e-02,1.056685965287411551e-02,1.803841475848336207e-01
0.000000000000000000e+00,0.000000000000000000e+00,0.000000000000000000e+00,0.000000000000000000e+00,0.000000000000000000e+00,0.000000000000000000e+00,0.000000000000000000e+00,0.000000000000000000e+00,0.000000000000000000e+00,0.000000000000000000e+00,0.000000000000000000e+00,0.000000000000000000e+00,0.000000000000000000e+00,0.000000000000000000e+00,0.000000000000000000e+00,0.000000000000000000e+00,0.000000000000000000e+00,0.000000000000000000e+00,0.000000000000000000e+00,0.000000000000000000e+00,0.000000000000000000e+00,0.000000000000000000e+00,0.000000000000000000e+00,0.000000000000000000e+00,0.000000000000000000e+00,0.000000000000000000e+00,0.000000000000000000e+00,0.000000000000000000e+00,0.000000000000000000e+00,0.000000000000000000e+00,0.000000000000000000e+00,0.000000000000000000e+00,0.000000000000000000e+00,0.000000000000000000e+00,0.000000000000000000e+00,0.000000000000000000e+00,0.000000000000000000e+00,0.000000000000000000e+00,0.000000000000000000e+00,0.000000000000000000e+00,0.000000000000000000e+00,0.000000000000000000e+00,0.000000000000000000e+00,0.000000000000000000e+00,0.000000000000000000e+00,0.000000000000000000e+00,0.000000000000000000e+00,0.000000000000000000e+00,0.000000000000000000e+00,0.000000000000000000e+00,0.000000000000000000e+00,0.000000000000000000e+00,0.000000000000000000e+00,0.000000000000000000e+00,0.000000000000000000e+00,0.000000000000000000e+00,0.000000000000000000e+00,0.000000000000000000e+00,0.000000000000000000e+00,0.000000000000000000e+00,0.000000000000000000e+00,0.000000000000000000e+00,0.000000000000000000e+00,0.000000000000000000e+00,0.000000000000000000e+00,0.000000000000000000e+00,0.000000000000000000e+00,0.000000000000000000e+00,0.000000000000000000e+00,0.000000000000000000e+00,0.000000000000000000e+00,0.000000000000000000e+00,0.000000000000000000e+00,0.000000000000000000e+00,0.000000000000000000e+00,0.000000000000000000e+00,0.000000000000000000e+00,0.000000000000000000e+00,0.000000000000000000e+00,0.000000000000000000e+00,0.000000000000000000e+00,0.000000000000000000e+00,0.000000000000000000e+00,0.000000000000000000e+00,0.000000000000000000e+00,0.000000000000000000e+00,0.000000000000000000e+00,0.000000000000000000e+00,0.000000000000000000e+00,0.000000000000000000e+00,0.000000000000000000e+00,1.000000000000000000e+00,-8.617446521447666430e-02,1.163305171249338771e-01,-1.862377856844096013e-01,-2.481647804957194947e-01,1.684190803193118258e-01,3.997468377176555815e-02,1.084496313539830559e-01,-1.353832113582560150e-02
0.000000000000000000e+00,0.000000000000000000e+00,0.000000000000000000e+00,0.000000000000000000e+00,0.000000000000000000e+00,0.000000000000000000e+00,0.000000000000000000e+00,0.000000000000000000e+00,0.000000000000000000e+00,0.000000000000000000e+00,0.000000000000000000e+00,0.000000000000000000e+00,0.000000000000000000e+00,0.000000000000000000e+00,0.000000000000000000e+00,0.000000000000000000e+00,0.000000000000000000e+00,0.000000000000000000e+00,0.000000000000000000e+00,0.000000000000000000e+00,0.000000000000000000e+00,0.000000000000000000e+00,0.000000000000000000e+00,0.000000000000000000e+00,0.000000000000000000e+00,0.000000000000000000e+00,0.000000000000000000e+00,0.000000000000000000e+00,0.000000000000000000e+00,0.000000000000000000e+00,0.000000000000000000e+00,0.000000000000000000e+00,0.000000000000000000e+00,0.000000000000000000e+00,0.000000000000000000e+00,0.000000000000000000e+00,0.000000000000000000e+00,0.000000000000000000e+00,0.000000000000000000e+00,0.000000000000000000e+00,0.000000000000000000e+00,0.000000000000000000e+00,0.000000000000000000e+00,0.000000000000000000e+00,0.000000000000000000e+00,0.000000000000000000e+00,0.000000000000000000e+00,0.000000000000000000e+00,0.000000000000000000e+00,0.000000000000000000e+00,0.000000000000000000e+00,0.000000000000000000e+00,0.000000000000000000e+00,0.000000000000000000e+00,0.000000000000000000e+00,0.000000000000000000e+00,0.000000000000000000e+00,0.000000000000000000e+00,0.000000000000000000e+00,0.000000000000000000e+00,0.000000000000000000e+00,0.000000000000000000e+00,0.000000000000000000e+00,0.000000000000000000e+00,0.000000000000000000e+00,0.000000000000000000e+00,0.000000000000000000e+00,0.000000000000000000e+00,0.000000000000000000e+00,0.000000000000000000e+00,0.000000000000000000e+00,0.000000000000000000e+00,0.000000000000000000e+00,0.000000000000000000e+00,0.000000000000000000e+00,0.000000000000000000e+00,0.000000000000000000e+00,0.000000000000000000e+00,0.000000000000000000e+00,0.000000000000000000e+00,0.000000000000000000e+00,0.000000000000000000e+00,0.000000000000000000e+00,0.000000000000000000e+00,0.000000000000000000e+00,0.000000000000000000e+00,0.000000000000000000e+00,0.000000000000000000e+00,0.000000000000000000e+00,0.000000000000000000e+00,0.000000000000000000e+00,0.000000000000000000e+00,1.000000000000000000e+00,1.169894679133941240e-01,1.434362866898978572e-01,4.757509385311804034e-02,-7.454306328070201167e-03,3.771772491619545392e-02,-1.242175471790738228e-01,1.707557208974526050e-02
0.000000000000000000e+00,0.000000000000000000e+00,0.000000000000000000e+00,0.000000000000000000e+00,0.000000000000000000e+00,0.000000000000000000e+00,0.000000000000000000e+00,0.000000000000000000e+00,0.000000000000000000e+00,0.000000000000000000e+00,0.000000000000000000e+00,0.000000000000000000e+00,0.000000000000000000e+00,0.000000000000000000e+00,0.000000000000000000e+00,0.000000000000000000e+00,0.000000000000000000e+00,0.000000000000000000e+00,0.000000000000000000e+00,0.000000000000000000e+00,0.000000000000000000e+00,0.000000000000000000e+00,0.000000000000000000e+00,0.000000000000000000e+00,0.000000000000000000e+00,0.000000000000000000e+00,0.000000000000000000e+00,0.000000000000000000e+00,0.000000000000000000e+00,0.000000000000000000e+00,0.000000000000000000e+00,0.000000000000000000e+00,0.000000000000000000e+00,0.000000000000000000e+00,0.000000000000000000e+00,0.000000000000000000e+00,0.000000000000000000e+00,0.000000000000000000e+00,0.000000000000000000e+00,0.000000000000000000e+00,0.000000000000000000e+00,0.000000000000000000e+00,0.000000000000000000e+00,0.000000000000000000e+00,0.000000000000000000e+00,0.000000000000000000e+00,0.000000000000000000e+00,0.000000000000000000e+00,0.000000000000000000e+00,0.000000000000000000e+00,0.000000000000000000e+00,0.000000000000000000e+00,0.000000000000000000e+00,0.000000000000000000e+00,0.000000000000000000e+00,0.000000000000000000e+00,0.000000000000000000e+00,0.000000000000000000e+00,0.000000000000000000e+00,0.000000000000000000e+00,0.000000000000000000e+00,0.000000000000000000e+00,0.000000000000000000e+00,0.000000000000000000e+00,0.000000000000000000e+00,0.000000000000000000e+00,0.000000000000000000e+00,0.000000000000000000e+00,0.000000000000000000e+00,0.000000000000000000e+00,0.000000000000000000e+00,0.000000000000000000e+00,0.000000000000000000e+00,0.000000000000000000e+00,0.000000000000000000e+00,0.000000000000000000e+00,0.000000000000000000e+00,0.000000000000000000e+00,0.000000000000000000e+00,0.000000000000000000e+00,0.000000000000000000e+00,0.000000000000000000e+00,0.000000000000000000e+00,0.000000000000000000e+00,0.000000000000000000e+00,0.000000000000000000e+00,0.000000000000000000e+00,0.000000000000000000e+00,0.000000000000000000e+00,0.000000000000000000e+00,0.000000000000000000e+00,0.000000000000000000e+00,0.000000000000000000e+00,1.000000000000000000e+00,1.476094880833596357e-01,3.754136318331304234e-01,1.124433294962912389e-01,5.308091373584889611e-02,2.863577120281268207e-01,8.917067415107894635e-02
0.000000000000000000e+00,0.000000000000000000e+00,0.000000000000000000e+00,0.000000000000000000e+00,0.000000000000000000e+00,0.000000000000000000e+00,0.000000000000000000e+00,0.000000000000000000e+00,0.000000000000000000e+00,0.000000000000000000e+00,0.000000000000000000e+00,0.000000000000000000e+00,0.000000000000000000e+00,0.000000000000000000e+00,0.000000000000000000e+00,0.000000000000000000e+00,0.000000000000000000e+00,0.000000000000000000e+00,0.000000000000000000e+00,0.000000000000000000e+00,0.000000000000000000e+00,0.000000000000000000e+00,0.000000000000000000e+00,0.000000000000000000e+00,0.000000000000000000e+00,0.000000000000000000e+00,0.000000000000000000e+00,0.000000000000000000e+00,0.000000000000000000e+00,0.000000000000000000e+00,0.000000000000000000e+00,0.000000000000000000e+00,0.000000000000000000e+00,0.000000000000000000e+00,0.000000000000000000e+00,0.000000000000000000e+00,0.000000000000000000e+00,0.000000000000000000e+00,0.000000000000000000e+00,0.000000000000000000e+00,0.000000000000000000e+00,0.000000000000000000e+00,0.000000000000000000e+00,0.000000000000000000e+00,0.000000000000000000e+00,0.000000000000000000e+00,0.000000000000000000e+00,0.000000000000000000e+00,0.000000000000000000e+00,0.000000000000000000e+00,0.000000000000000000e+00,0.000000000000000000e+00,0.000000000000000000e+00,0.000000000000000000e+00,0.000000000000000000e+00,0.000000000000000000e+00,0.000000000000000000e+00,0.000000000000000000e+00,0.000000000000000000e+00,0.000000000000000000e+00,0.000000000000000000e+00,0.000000000000000000e+00,0.000000000000000000e+00,0.000000000000000000e+00,0.000000000000000000e+00,0.000000000000000000e+00,0.000000000000000000e+00,0.000000000000000000e+00,0.000000000000000000e+00,0.000000000000000000e+00,0.000000000000000000e+00,0.000000000000000000e+00,0.000000000000000000e+00,0.000000000000000000e+00,0.000000000000000000e+00,0.000000000000000000e+00,0.000000000000000000e+00,0.000000000000000000e+00,0.000000000000000000e+00,0.000000000000000000e+00,0.000000000000000000e+00,0.000000000000000000e+00,0.000000000000000000e+00,0.000000000000000000e+00,0.000000000000000000e+00,0.000000000000000000e+00,0.000000000000000000e+00,0.000000000000000000e+00,0.000000000000000000e+00,0.000000000000000000e+00,0.000000000000000000e+00,0.000000000000000000e+00,0.000000000000000000e+00,0.000000000000000000e+00,1.000000000000000000e+00,2.666045210390564218e-02,-1.328081547513189700e-02,-8.049492338467655050e-02,2.384685759677562106e-02,-1.618505028151792924e-01
0.000000000000000000e+00,0.000000000000000000e+00,0.000000000000000000e+00,0.000000000000000000e+00,0.000000000000000000e+00,0.000000000000000000e+00,0.000000000000000000e+00,0.000000000000000000e+00,0.000000000000000000e+00,0.000000000000000000e+00,0.000000000000000000e+00,0.000000000000000000e+00,0.000000000000000000e+00,0.000000000000000000e+00,0.000000000000000000e+00,0.000000000000000000e+00,0.000000000000000000e+00,0.000000000000000000e+00,0.000000000000000000e+00,0.000000000000000000e+00,0.000000000000000000e+00,0.000000000000000000e+00,0.000000000000000000e+00,0.000000000000000000e+00,0.000000000000000000e+00,0.000000000000000000e+00,0.000000000000000000e+00,0.000000000000000000e+00,0.000000000000000000e+00,0.000000000000000000e+00,0.000000000000000000e+00,0.000000000000000000e+00,0.000000000000000000e+00,0.000000000000000000e+00,0.000000000000000000e+00,0.000000000000000000e+00,0.000000000000000000e+00,0.000000000000000000e+00,0.000000000000000000e+00,0.000000000000000000e+00,0.000000000000000000e+00,0.000000000000000000e+00,0.000000000000000000e+00,0.000000000000000000e+00,0.000000000000000000e+00,0.000000000000000000e+00,0.000000000000000000e+00,0.000000000000000000e+00,0.000000000000000000e+00,0.000000000000000000e+00,0.000000000000000000e+00,0.000000000000000000e+00,0.000000000000000000e+00,0.000000000000000000e+00,0.000000000000000000e+00,0.000000000000000000e+00,0.000000000000000000e+00,0.000000000000000000e+00,0.000000000000000000e+00,0.000000000000000000e+00,0.000000000000000000e+00,0.000000000000000000e+00,0.000000000000000000e+00,0.000000000000000000e+00,0.000000000000000000e+00,0.000000000000000000e+00,0.000000000000000000e+00,0.000000000000000000e+00,0.000000000000000000e+00,0.000000000000000000e+00,0.000000000000000000e+00,0.000000000000000000e+00,0.000000000000000000e+00,0.000000000000000000e+00,0.000000000000000000e+00,0.000000000000000000e+00,0.000000000000000000e+00,0.000000000000000000e+00,0.000000000000000000e+00,0.000000000000000000e+00,0.000000000000000000e+00,0.000000000000000000e+00,0.000000000000000000e+00,0.000000000000000000e+00,0.000000000000000000e+00,0.000000000000000000e+00,0.000000000000000000e+00,0.000000000000000000e+00,0.000000000000000000e+00,0.000000000000000000e+00,0.000000000000000000e+00,0.000000000000000000e+00,0.000000000000000000e+00,0.000000000000000000e+00,0.000000000000000000e+00,1.000000000000000000e+00,9.771553023114280812e-02,2.101344572514274867e-01,1.456524585292571505e-01,1.597073885797298531e-01
0.000000000000000000e+00,0.000000000000000000e+00,0.000000000000000000e+00,0.000000000000000000e+00,0.000000000000000000e+00,0.000000000000000000e+00,0.000000000000000000e+00,0.000000000000000000e+00,0.000000000000000000e+00,0.000000000000000000e+00,0.000000000000000000e+00,0.000000000000000000e+00,0.000000000000000000e+00,0.000000000000000000e+00,0.000000000000000000e+00,0.000000000000000000e+00,0.000000000000000000e+00,0.000000000000000000e+00,0.000000000000000000e+00,0.000000000000000000e+00,0.000000000000000000e+00,0.000000000000000000e+00,0.000000000000000000e+00,0.000000000000000000e+00,0.000000000000000000e+00,0.000000000000000000e+00,0.000000000000000000e+00,0.000000000000000000e+00,0.000000000000000000e+00,0.000000000000000000e+00,0.000000000000000000e+00,0.000000000000000000e+00,0.000000000000000000e+00,0.000000000000000000e+00,0.000000000000000000e+00,0.000000000000000000e+00,0.000000000000000000e+00,0.000000000000000000e+00,0.000000000000000000e+00,0.000000000000000000e+00,0.000000000000000000e+00,0.000000000000000000e+00,0.000000000000000000e+00,0.000000000000000000e+00,0.000000000000000000e+00,0.000000000000000000e+00,0.000000000000000000e+00,0.000000000000000000e+00,0.000000000000000000e+00,0.000000000000000000e+00,0.000000000000000000e+00,0.000000000000000000e+00,0.000000000000000000e+00,0.000000000000000000e+00,0.000000000000000000e+00,0.000000000000000000e+00,0.000000000000000000e+00,0.000000000000000000e+00,0.000000000000000000e+00,0.000000000000000000e+00,0.000000000000000000e+00,0.000000000000000000e+00,0.000000000000000000e+00,0.000000000000000000e+00,0.000000000000000000e+00,0.000000000000000000e+00,0.000000000000000000e+00,0.000000000000000000e+00,0.000000000000000000e+00,0.000000000000000000e+00,0.000000000000000000e+00,0.000000000000000000e+00,0.000000000000000000e+00,0.000000000000000000e+00,0.000000000000000000e+00,0.000000000000000000e+00,0.000000000000000000e+00,0.000000000000000000e+00,0.000000000000000000e+00,0.000000000000000000e+00,0.000000000000000000e+00,0.000000000000000000e+00,0.000000000000000000e+00,0.000000000000000000e+00,0.000000000000000000e+00,0.000000000000000000e+00,0.000000000000000000e+00,0.000000000000000000e+00,0.000000000000000000e+00,0.000000000000000000e+00,0.000000000000000000e+00,0.000000000000000000e+00,0.000000000000000000e+00,0.000000000000000000e+00,0.000000000000000000e+00,0.000000000000000000e+00,1.000000000000000000e+00,2.942142245305435777e-01,1.424270870908521912e-02,1.071284855437621836e-01
0.000000000000000000e+00,0.000000000000000000e+00,0.000000000000000000e+00,0.000000000000000000e+00,0.000000000000000000e+00,0.000000000000000000e+00,0.000000000000000000e+00,0.000000000000000000e+00,0.000000000000000000e+00,0.000000000000000000e+00,0.000000000000000000e+00,0.000000000000000000e+00,0.000000000000000000e+00,0.000000000000000000e+00,0.000000000000000000e+00,0.000000000000000000e+00,0.000000000000000000e+00,0.000000000000000000e+00,0.000000000000000000e+00,0.000000000000000000e+00,0.000000000000000000e+00,0.000000000000000000e+00,0.000000000000000000e+00,0.000000000000000000e+00,0.000000000000000000e+00,0.000000000000000000e+00,0.000000000000000000e+00,0.000000000000000000e+00,0.000000000000000000e+00,0.000000000000000000e+00,0.000000000000000000e+00,0.000000000000000000e+00,0.000000000000000000e+00,0.000000000000000000e+00,0.000000000000000000e+00,0.000000000000000000e+00,0.000000000000000000e+00,0.000000000000000000e+00,0.000000000000000000e+00,0.000000000000000000e+00,0.000000000000000000e+00,0.000000000000000000e+00,0.000000000000000000e+00,0.000000000000000000e+00,0.000000000000000000e+00,0.000000000000000000e+00,0.000000000000000000e+00,0.000000000000000000e+00,0.000000000000000000e+00,0.000000000000000000e+00,0.000000000000000000e+00,0.000000000000000000e+00,0.000000000000000000e+00,0.000000000000000000e+00,0.000000000000000000e+00,0.000000000000000000e+00,0.000000000000000000e+00,0.000000000000000000e+00,0.000000000000000000e+00,0.000000000000000000e+00,0.000000000000000000e+00,0.000000000000000000e+00,0.000000000000000000e+00,0.000000000000000000e+00,0.000000000000000000e+00,0.000000000000000000e+00,0.000000000000000000e+00,0.000000000000000000e+00,0.000000000000000000e+00,0.000000000000000000e+00,0.000000000000000000e+00,0.000000000000000000e+00,0.000000000000000000e+00,0.000000000000000000e+00,0.000000000000000000e+00,0.000000000000000000e+00,0.000000000000000000e+00,0.000000000000000000e+00,0.000000000000000000e+00,0.000000000000000000e+00,0.000000000000000000e+00,0.000000000000000000e+00,0.000000000000000000e+00,0.000000000000000000e+00,0.000000000000000000e+00,0.000000000000000000e+00,0.000000000000000000e+00,0.000000000000000000e+00,0.000000000000000000e+00,0.000000000000000000e+00,0.000000000000000000e+00,0.000000000000000000e+00,0.000000000000000000e+00,0.000000000000000000e+00,0.000000000000000000e+00,0.000000000000000000e+00,0.000000000000000000e+00,1.000000000000000000e+00,2.392709774041417436e-01,1.843922632335537326e-01
0.000000000000000000e+00,0.000000000000000000e+00,0.000000000000000000e+00,0.000000000000000000e+00,0.000000000000000000e+00,0.000000000000000000e+00,0.000000000000000000e+00,0.000000000000000000e+00,0.000000000000000000e+00,0.000000000000000000e+00,0.000000000000000000e+00,0.000000000000000000e+00,0.000000000000000000e+00,0.000000000000000000e+00,0.000000000000000000e+00,0.000000000000000000e+00,0.000000000000000000e+00,0.000000000000000000e+00,0.000000000000000000e+00,0.000000000000000000e+00,0.000000000000000000e+00,0.000000000000000000e+00,0.000000000000000000e+00,0.000000000000000000e+00,0.000000000000000000e+00,0.000000000000000000e+00,0.000000000000000000e+00,0.000000000000000000e+00,0.000000000000000000e+00,0.000000000000000000e+00,0.000000000000000000e+00,0.000000000000000000e+00,0.000000000000000000e+00,0.000000000000000000e+00,0.000000000000000000e+00,0.000000000000000000e+00,0.000000000000000000e+00,0.000000000000000000e+00,0.000000000000000000e+00,0.000000000000000000e+00,0.000000000000000000e+00,0.000000000000000000e+00,0.000000000000000000e+00,0.000000000000000000e+00,0.000000000000000000e+00,0.000000000000000000e+00,0.000000000000000000e+00,0.000000000000000000e+00,0.000000000000000000e+00,0.000000000000000000e+00,0.000000000000000000e+00,0.000000000000000000e+00,0.000000000000000000e+00,0.000000000000000000e+00,0.000000000000000000e+00,0.000000000000000000e+00,0.000000000000000000e+00,0.000000000000000000e+00,0.000000000000000000e+00,0.000000000000000000e+00,0.000000000000000000e+00,0.000000000000000000e+00,0.000000000000000000e+00,0.000000000000000000e+00,0.000000000000000000e+00,0.000000000000000000e+00,0.000000000000000000e+00,0.000000000000000000e+00,0.000000000000000000e+00,0.000000000000000000e+00,0.000000000000000000e+00,0.000000000000000000e+00,0.000000000000000000e+00,0.000000000000000000e+00,0.000000000000000000e+00,0.000000000000000000e+00,0.000000000000000000e+00,0.000000000000000000e+00,0.000000000000000000e+00,0.000000000000000000e+00,0.000000000000000000e+00,0.000000000000000000e+00,0.000000000000000000e+00,0.000000000000000000e+00,0.000000000000000000e+00,0.000000000000000000e+00,0.000000000000000000e+00,0.000000000000000000e+00,0.000000000000000000e+00,0.000000000000000000e+00,0.000000000000000000e+00,0.000000000000000000e+00,0.000000000000000000e+00,0.000000000000000000e+00,0.000000000000000000e+00,0.000000000000000000e+00,0.000000000000000000e+00,0.000000000000000000e+00,1.000000000000000000e+00,-9.643358621734468561e-02
0.000000000000000000e+00,0.000000000000000000e+00,0.000000000000000000e+00,0.000000000000000000e+00,0.000000000000000000e+00,0.000000000000000000e+00,0.000000000000000000e+00,0.000000000000000000e+00,0.000000000000000000e+00,0.000000000000000000e+00,0.000000000000000000e+00,0.000000000000000000e+00,0.000000000000000000e+00,0.000000000000000000e+00,0.000000000000000000e+00,0.000000000000000000e+00,0.000000000000000000e+00,0.000000000000000000e+00,0.000000000000000000e+00,0.000000000000000000e+00,0.000000000000000000e+00,0.000000000000000000e+00,0.000000000000000000e+00,0.000000000000000000e+00,0.000000000000000000e+00,0.000000000000000000e+00,0.000000000000000000e+00,0.000000000000000000e+00,0.000000000000000000e+00,0.000000000000000000e+00,0.000000000000000000e+00,0.000000000000000000e+00,0.000000000000000000e+00,0.000000000000000000e+00,0.000000000000000000e+00,0.000000000000000000e+00,0.000000000000000000e+00,0.000000000000000000e+00,0.000000000000000000e+00,0.000000000000000000e+00,0.000000000000000000e+00,0.000000000000000000e+00,0.000000000000000000e+00,0.000000000000000000e+00,0.000000000000000000e+00,0.000000000000000000e+00,0.000000000000000000e+00,0.000000000000000000e+00,0.000000000000000000e+00,0.000000000000000000e+00,0.000000000000000000e+00,0.000000000000000000e+00,0.000000000000000000e+00,0.000000000000000000e+00,0.000000000000000000e+00,0.000000000000000000e+00,0.000000000000000000e+00,0.000000000000000000e+00,0.000000000000000000e+00,0.000000000000000000e+00,0.000000000000000000e+00,0.000000000000000000e+00,0.000000000000000000e+00,0.000000000000000000e+00,0.000000000000000000e+00,0.000000000000000000e+00,0.000000000000000000e+00,0.000000000000000000e+00,0.000000000000000000e+00,0.000000000000000000e+00,0.000000000000000000e+00,0.000000000000000000e+00,0.000000000000000000e+00,0.000000000000000000e+00,0.000000000000000000e+00,0.000000000000000000e+00,0.000000000000000000e+00,0.000000000000000000e+00,0.000000000000000000e+00,0.000000000000000000e+00,0.000000000000000000e+00,0.000000000000000000e+00,0.000000000000000000e+00,0.000000000000000000e+00,0.000000000000000000e+00,0.000000000000000000e+00,0.000000000000000000e+00,0.000000000000000000e+00,0.000000000000000000e+00,0.000000000000000000e+00,0.000000000000000000e+00,0.000000000000000000e+00,0.000000000000000000e+00,0.000000000000000000e+00,0.000000000000000000e+00,0.000000000000000000e+00,0.000000000000000000e+00,0.000000000000000000e+00,0.000000000000000000e+00,1.000000000000000000e+00
