freq,psd_x_angle_1,psd_y_angle_1,psd_z_angle_1
0.0,1.9266065898286893e-27,2.87986821132684e-26,3.059593865456073e-25
0.00016666666666666666,362.195522098463,339.0143426934588,313.1106169481465
0.0003333333333333333,2.7585696360428864,57.54593730074239,19.576555831792962
0.0005,55.90645021655888,20.814400687152695,55.806238701248475
0.0006666666666666666,12.129583999415821,25.107430357954073,13.774957850900046
0.0008333333333333333,14.187463670925196,11.886322723020424,5.1483658193621675
0.001,16.61910705300341,24.5719626827744,10.97959865704329
0.0011666666666666665,11.549233778951828,6.217418676428859,3.208922454299461
0.0013333333333333333,1.8382666724666623,6.947247365960987,2.3387011796910078
0.0015,2.188221695552148,3.71905191153376,2.027541505752957
0.0016666666666666666,0.4189869726318391,2.815905956919277,1.2040016608670459
0.0018333333333333333,7.343107520598504,4.919491695701907,5.555827585585631
0.002,2.0668084493403756,1.2390610773588608,1.4243891050269066
0.0021666666666666666,1.1775004649296628,0.369585366821981,0.6673081098368457
0.002333333333333333,0.7693114085157088,1.3044635961885362,1.2099984860825157
0.0025,2.404103789084111,0.3381802556657909,1.20705255395688
0.0026666666666666666,0.7555337120028232,0.4293987102542092,1.5377559586584244
0.002833333333333333,0.6923672536352641,0.4567403034068623,0.6312777760256932
0.003,0.6682640787483194,0.7496835934025101,0.6893753575696383
0.0031666666666666666,0.9402601858890408,0.45183981563300746,0.6549277072576146
0.003333333333333333,0.13556578932543648,0.48439122552880187,0.3384018662459226
0.0035,0.1918874286961231,0.17166417753836916,0.26693336901385956
0.0036666666666666666,0.311435320093276,0.30012302283287373,0.4421111234621955
0.003833333333333333,0.4829726906054967,0.4036701618580419,0.607045434775656
0.004,0.8376119495952586,0.3572306669188432,0.6773798839853288
0.004166666666666667,0.43270801367630346,0.17698037699046096,0.26631958463385574
0.004333333333333333,0.13717516630832,0.12450524709207705,0.19272920319528639
0.0045,0.06069802903093889,0.36816919415672333,0.37300640225711595
0.004666666666666666,0.3307122887708464,0.18782870919303787,0.29460959887477867
0.004833333333333334,0.01379504501118908,0.15043049281242252,0.10968085104559298
0.005,0.5831172853328581,0.0261539268304022,0.09890705851732837
0.005166666666666667,0.23020425105888045,0.15715459242042804,0.26759174548363746
0.005333333333333333,0.3233991331321831,0.0582097657629384,0.17422349368042298
0.0055,0.13672868138056804,0.18307354351747354,0.16466032767385033
0.005666666666666666,0.05916611722634113,0.11097837173572679,0.15620665014504737
0.005833333333333333,0.10815880151441654,0.1361189353168091,0.18272696930486365
0.006,0.1853631623326757,0.11982657868563681,0.2287703258452473
0.006166666666666667,0.16051694347642573,0.14518046708033452,0.24341405840527985
0.006333333333333333,0.16175378793626458,0.06915054753560079,0.13036550892517368
0.0065,0.26085276637060556,0.07906971125540037,0.16740361304631837
0.006666666666666666,0.11122264665465063,0.062164245483118094,0.08923425627171502
0.006833333333333333,0.05513837327715411,0.15167133521480147,0.17010802221406132
0.007,0.08223018053171129,0.1157882382821439,0.15698906999771878
0.007166666666666667,0.17304383968697987,0.10149714732119827,0.16453973274239456
0.007333333333333333,0.1048151121601995,0.0944989277969413,0.13784726597398086
0.0075,0.1010111096683823,0.08007803783166402,0.16717421632886223
0.007666666666666666,0.08804150955832607,0.05623419655173289,0.10023530664166126
0.007833333333333333,0.12999385882292658,0.07493410417358828,0.0760895178186137
0.008,0.1032342188834884,0.06496406437706745,0.09629042667190336
0.008166666666666666,0.09119603492231086,0.03526365898785317,0.047426496105118836
0.008333333333333333,0.09177200215646752,0.0432155482066503,0.06545332739460759
0.008499999999999999,0.07244787360260907,0.03782107022385571,0.06211146623205638
0.008666666666666666,0.057487881464116194,0.04362473314403464,0.06554052601476543
0.008833333333333334,0.06350836413669789,0.032460851504186705,0.07985872246366921
0.009,0.052454968791847204,0.04323600435989043,0.062145979108194326
0.009166666666666667,0.05398649324264072,0.03795380465755263,0.07493157834982579
0.009333333333333332,0.06664872632381062,0.051420643805948234,0.059352092685026635
0.0095,0.050962011297149945,0.029077143141199944,0.038408671911630346
0.009666666666666667,0.029126265069923912,0.03345912391078109,0.04389401066082991
0.009833333333333333,0.07203996612094966,0.02625384312404994,0.03873276434724188
0.01,0.02128089378285517,0.03787974683039443,0.05351215349599442
0.010166666666666666,0.06501090246532679,0.031598053535487836,0.05715411700311583
0.010333333333333333,0.06918178033541704,0.04008272066643644,0.05814931084484864
0.010499999999999999,0.09062974171380625,0.02688542339658368,0.06014103747301439
0.010666666666666666,0.04472485923263739,0.03083234413798855,0.04359746164306904
0.010833333333333334,0.041586754699196385,0.015172964180971662,0.03215401742635697
0.011,0.026921735547112323,0.02204097276909485,0.022226935621599674
0.011166666666666667,0.0590036264033958,0.0163635223845704,0.03514005794680018
0.011333333333333332,0.02260149219742939,0.015340610768786832,0.025190616252786995
0.0115,0.06264438954364536,0.01869328657339878,0.02846549398918358
0.011666666666666665,0.03994347255406588,0.02039224550180175,0.018949457642850463
0.011833333333333333,0.06602650403887528,0.021911849766659542,0.029234429488127305
0.012,0.023324065879901837,0.03255617604349366,0.020766293187567304
0.012166666666666666,0.043375802531974636,0.025831414265425578,0.03168285714511792
0.012333333333333333,0.0877835637636537,0.011656264295872413,0.027269855859056988
0.012499999999999999,0.09926874608143356,0.015678141792802143,0.03131691081344344
0.012666666666666666,0.024735173686550455,0.01493244489540524,0.01835244892568972
0.012833333333333334,0.021258205482980425,0.026804404899340578,0.02557496618323521
0.013,0.010171470511901756,0.047034504856359606,0.038477521712306555
0.013166666666666667,0.02026520316981957,0.01808685464164748,0.022211923473856074
0.013333333333333332,0.02007439530448141,0.02239050086950967,0.02437661101907995
0.0135,0.0163686220906895,0.014277603978204167,0.021058008839048622
0.013666666666666666,0.03382230038284715,0.008939365786983015,0.026219729717576825
0.013833333333333333,0.03341043693149253,0.01548862633858429,0.02911421422832924
0.014,0.04010878549998389,0.012852018973947001,0.03044258750888901
0.014166666666666666,0.0029476634798313644,0.011999206728412077,0.018231163587275584
0.014333333333333333,0.02574043447470488,0.007869819179944997,0.023424834767215876
0.014499999999999999,0.01546959797417652,0.02301673996617904,0.03695493823340723
0.014666666666666666,0.04355135416206245,0.008494370566398313,0.030936823431321932
0.014833333333333332,0.029066748182061224,0.014138493772848074,0.02978515806655882
0.015,0.016485725352672048,0.005922941771924774,0.012828759340490211
0.015166666666666667,0.008812801039533184,0.010226655545879447,0.017452915021805494
0.015333333333333332,0.025214775922041213,0.015355609539444329,0.015331687669929152
0.0155,0.02095910712935725,0.00969170614189207,0.02146328762791531
0.015666666666666666,0.008422939906879433,0.01579119691198844,0.02142908084428
0.01583333333333333,0.02707884776682699,0.01401623242696898,0.010513053323519449
0.016,0.03900482539114124,0.008413242848036219,0.01766998023449712
0.016166666666666666,0.023627989210824926,0.005120880110200275,0.004734260701964594
0.01633333333333333,0.006818873202822455,0.013386941619033362,0.014607385024123083
0.0165,0.012703734105681076,0.016711571232363408,0.01777759842650593
0.016666666666666666,0.017889927218147077,0.008900480167753504,0.012895051323603092
0.016833333333333332,0.011205279557115653,0.009837707119387954,0.015430342039406764
0.016999999999999998,0.007839172198892182,0.01491060264914201,0.014310564286785487
0.017166666666666667,0.024690856375147216,0.0040249368039476634,0.014648326453746219
0.017333333333333333,0.010998243426941416,0.015552906784897064,0.013642701431949483
0.017499999999999998,0.0015289251261774016,0.023982421245997317,0.016310770515213957
0.017666666666666667,0.003850904374439648,0.0075542959020001915,0.004339872677648492
0.017833333333333333,0.001648878669461411,0.011885821559447415,0.0056904143752904614
0.018,0.00940565430052216,0.004690982450267957,0.008692071516104117
0.018166666666666668,0.013574742128430822,0.0075625577437762066,0.010819238692553877
0.018333333333333333,0.015638838934023104,0.004364007259119451,0.013093607284948764
0.0185,0.03305909119914815,0.004125245141630549,0.008936988655388577
0.018666666666666665,0.02749198483538897,0.010265197701495645,0.012703425281828322
0.018833333333333334,0.022189205558189016,0.004859755806163011,0.013812330661015166
0.019,0.007191756395602037,0.010018693479647756,0.011005696585639716
0.019166666666666665,0.006556124890792917,0.011797172235711527,0.00912287207351704
0.019333333333333334,0.015690231070410975,0.0042217386860826265,0.010248975695179595
0.0195,0.005259370648394321,0.011328261418662057,0.00988426314612277
0.019666666666666666,0.008836465375420299,0.004924084253855998,0.004016034792892813
0.01983333333333333,0.01726475334419075,0.012992232313561199,0.016795366226328656
0.02,0.00210206273737783,0.009749273120062645,0.007836032824263019
0.020166666666666666,0.014658784519613687,0.006220271268098923,0.010736933709866541
0.02033333333333333,0.013634182094345297,0.006776348222064323,0.00860350654872037
0.0205,0.02326142428736793,0.010200102674612167,0.010223735510740642
0.020666666666666667,0.01762505912277935,0.004110744605361998,0.007819595235920792
0.020833333333333332,0.022685948655764038,0.005804446481992196,0.013706960913548817
0.020999999999999998,0.022468591072776423,0.005195954080341415,0.012992259090278584
0.021166666666666667,0.007827938178671156,0.014752251782453487,0.017600680434017378
0.021333333333333333,0.003536280789933633,0.008082106157736203,0.010319456248204968
0.0215,0.006433460291308506,0.015157243981874003,0.01028755984771308
0.021666666666666667,0.008687741205023565,0.0049695485649780035,0.006852998903107773
0.021833333333333333,0.013579910010711752,0.009484294347328835,0.01142892893138463
0.022,0.014734237280670703,0.003168411347333673,0.00788927337117122
0.022166666666666664,0.02285950214568451,0.0011681485486770727,0.012629233791321073
0.022333333333333334,0.02386780553964253,0.0024715911888628433,0.008793042323538116
0.0225,0.010990361657339924,0.008604033678597202,0.013798690284816733
0.022666666666666665,0.01116708103036783,0.003439818745677854,0.006785535603033339
0.022833333333333334,0.014366302777343113,0.0013861534161192252,0.00782894128653261
0.023,0.018570068617067902,0.007820760688344834,0.012943182934099103
0.023166666666666665,0.02127072703200031,0.006561818505691261,0.01639423804979354
0.02333333333333333,0.022216628597490455,0.004302293540903735,0.011473214048941489
0.0235,0.011060852677956359,0.008529452000814005,0.014943902759718434
0.023666666666666666,0.008693260681492895,0.006546431008670937,0.010218079359844708
0.02383333333333333,0.0055405391383731625,0.005492289787231501,0.007787905366103499
0.024,0.009129970992249338,0.005733764926162381,0.013513556725696284
0.024166666666666666,0.006732963511362699,0.012180572462474986,0.012178966193365724
0.024333333333333332,0.004834029916571119,0.004826332318092682,0.004657511110269346
0.024499999999999997,0.00990282247169016,0.0067288653671122725,0.009492570555515181
0.024666666666666667,0.008003901674947498,0.006686422936710161,0.00750779234942996
0.024833333333333332,0.009641537753312005,0.006466450861917856,0.006769013423052675
0.024999999999999998,0.0032204942723199183,0.004816062783888173,0.00513434317851691
0.025166666666666667,0.007962845124758226,0.004896520164368507,0.00777469546464126
0.025333333333333333,0.008134448216063768,0.0061352487002240405,0.008965300781181199
0.0255,0.005358351357285398,0.007661807257360372,0.008473628493339052
0.025666666666666667,0.006787620203317001,0.007009301000937155,0.00899752822418233
0.025833333333333333,0.018400327320449415,0.005672648837843987,0.01006977430692359
0.026,0.01813384361369876,0.009162358364671962,0.014398604298776903
0.026166666666666664,0.011739438205481546,0.0039846520687870975,0.009774627883176158
0.026333333333333334,0.008931889083080347,0.0029876861805181883,0.004975899279816505
0.0265,0.006540766844562862,0.0041568425643415275,0.00810409227417759
0.026666666666666665,0.012716503551209332,0.007266560945969659,0.011807034441788041
0.026833333333333334,0.012420816915456236,0.00524426499213907,0.008228883276510791
0.027,0.013055898448518745,0.004818678537507177,0.008134219547683206
0.027166666666666665,0.007112828799197705,0.0037950875049626203,0.009443943056463403
0.02733333333333333,0.00426171126225567,0.006034886575448398,0.00733965728810072
0.0275,0.00987035543294616,0.00443832110757846,0.0072956020884029525
0.027666666666666666,0.004338717412740729,0.004361815333203264,0.00585307457150218
0.02783333333333333,0.006188027055724097,0.0036353314927465145,0.004790191743964361
0.028,0.003677020190688999,0.004054712236157425,0.004649283497285398
0.028166666666666666,0.006771888903111431,0.004931598761750365,0.008229739526483317
0.028333333333333332,0.007909055575572374,0.004548691142617728,0.006558941235887698
0.028499999999999998,0.005150783949650894,0.004043815438622005,0.006736454721570119
0.028666666666666667,0.009084692133085192,0.0039011782796513485,0.00661340962119597
0.028833333333333332,0.006682764274428604,0.004019398912905794,0.005919673831218445
0.028999999999999998,0.005431826270730396,0.004032032961906432,0.00648983829730187
0.029166666666666667,0.002937603361348539,0.002740313620977023,0.003305550050175702
0.029333333333333333,0.007219737855780876,0.0039013348274603878,0.006478292932778702
0.0295,0.007383263929074565,0.0036612537641327993,0.005790410912052207
0.029666666666666664,0.006102582264756095,0.004631437653036776,0.006234652838758983
0.029833333333333333,0.005184329297630771,0.0034104627458926918,0.005079247050501003
0.03,0.006385933206531534,0.005136613929231687,0.008135703471576274
0.030166666666666665,0.004383300695204492,0.003997036440207594,0.004317297399761863
0.030333333333333334,0.0048181389024520615,0.0026297462715944332,0.0031165078098127894
0.0305,0.0037485609654947486,0.0024593561325597924,0.004826121627812415
0.030666666666666665,0.007249928275436727,0.0032042231326235163,0.006091374689619613
0.03083333333333333,0.007717818398810495,0.003995238525495815,0.007717033685113293
0.031,0.006491900932545922,0.003298837639962312,0.005889492591407642
0.031166666666666665,0.005519620867427624,0.004080604921767371,0.005355679581044722
0.03133333333333333,0.004282643454399977,0.0033155223630918092,0.00401075964318828
0.0315,0.005839716841965931,0.0035991844715755946,0.006096524428778352
0.03166666666666666,0.003385097352534467,0.0033358176494323807,0.0046382796149898875
0.03183333333333333,0.003682817742584813,0.0028161114007922193,0.004227192251172084
0.032,0.003111791223747312,0.003035279200779875,0.0034148743237753833
0.03216666666666666,0.0034004726082035005,0.0033592015020061533,0.0036963012632274432
0.03233333333333333,0.0034813664525120296,0.002349628836275395,0.003825451112906959
0.0325,0.004119134880788335,0.003078606737105553,0.00428168468294565
0.03266666666666666,0.00444141487615695,0.003407693487376602,0.005188215858775219
0.03283333333333333,0.0025182537996094726,0.0035709841011683434,0.003768193336127667
0.033,0.003971963731614786,0.0032306375095547237,0.004901001113501633
0.033166666666666664,0.004781968814901416,0.0034636917108496123,0.0051542210872880375
0.03333333333333333,0.004067352933015982,0.003092550985599393,0.00418065414251385
0.0335,0.00430254632158193,0.002354428596622759,0.0035764266024680756
0.033666666666666664,0.004156087313929993,0.0026021785212977247,0.003982047527067999
0.03383333333333333,0.0037489285398718893,0.0029125847057376144,0.00440344929856827
0.033999999999999996,0.004517518781348486,0.0032823263479106538,0.004885045104549197
0.034166666666666665,0.004665672990123602,0.003845841502640237,0.005429154808817009
0.034333333333333334,0.0047257785319800155,0.003595152980838429,0.004810944907297003
0.034499999999999996,0.0027969543745267372,0.002589124301183888,0.0031857703187197204
0.034666666666666665,0.0036912550998767168,0.003093880611426832,0.003966544829493387
0.034833333333333334,0.0040159626051672675,0.0032347263123181074,0.004868491925359855
0.034999999999999996,0.004482838967808638,0.002864293042511318,0.005053641213386524
0.035166666666666666,0.00364046353008706,0.0029522936910813956,0.004713712118638666
0.035333333333333335,0.003210400290889744,0.0030409683253461886,0.004191277123006284
0.0355,0.0029129955185864336,0.0024446607360228815,0.003256344110213557
0.035666666666666666,0.0031356883426572014,0.0026573448468131676,0.0035845001194467732
0.035833333333333335,0.003618553730957918,0.0029775252967284296,0.003985252546919546
0.036,0.004315371801079528,0.0025835103953934244,0.0039977789925725905
0.036166666666666666,0.0032233453614787045,0.002607178367421582,0.003910313242966386
0.036333333333333336,0.003756366824852127,0.0028559316448445843,0.004496774635792261
0.0365,0.0034440338198188426,0.002532981708230956,0.004193282210348105
0.03666666666666667,0.003876994126404245,0.002706230582737666,0.004101871768247676
0.03683333333333333,0.0044797441160526925,0.0023986290563559843,0.003989406362536998
0.037,0.0031463765216945324,0.0025061019629115332,0.003600079530934499
0.03716666666666667,0.0028050235952012895,0.002532232468066507,0.003407280610315416
0.03733333333333333,0.0035944834031758736,0.002624532966945279,0.0040355236155187775
0.0375,0.003238642421067663,0.00251860463338479,0.003334267284314375
0.03766666666666667,0.003191854507701437,0.0022837780905530214,0.003282070526286341
0.03783333333333333,0.004840988115589892,0.0027353179216696947,0.004647952946271431
0.038,0.003620100690112525,0.0026256366071450727,0.0036647363682420124
0.03816666666666667,0.00365196360344173,0.002323812980212515,0.0037999187060242918
0.03833333333333333,0.002496450685630851,0.0020425735546088938,0.002701645995750305
0.0385,0.0024394603347112124,0.0019654511218420807,0.0028715151377738096
0.03866666666666667,0.002277995490587789,0.0020455043226234705,0.0029730401936725274
0.03883333333333333,0.0028148739386841364,0.0018417846847727057,0.002713685865479751
0.039,0.0038024511720266005,0.002451503373976761,0.0037895525669072085
0.03916666666666666,0.0035011493896616556,0.0021648510991707933,0.003678712110910661
0.03933333333333333,0.004023639020920821,0.002616755211723412,0.003908439726101754
0.0395,0.0020877726127023935,0.0017898761370690375,0.002372635946871002
0.03966666666666666,0.004084291110935378,0.0027028906681309875,0.004404079299024781
0.03983333333333333,0.002621357692907101,0.0024415064555924865,0.0033038261907087346
0.04,0.0031707126645250452,0.002204553572445003,0.003442869493182761
0.04016666666666666,0.002561596217760586,0.002244688707123997,0.00298867788926997
0.04033333333333333,0.0024267763513109437,0.0023276342484226187,0.0032068993321744945
0.0405,0.002103459657121207,0.0019552712643605428,0.0026854353065087775
0.04066666666666666,0.002642244054955233,0.002105504373907077,0.003324449762553348
0.04083333333333333,0.003007243805313381,0.0022010260205628292,0.0036686824495316623
0.041,0.0025634943732136505,0.0020909142313305265,0.0031111867082246275
0.041166666666666664,0.0023897594140248647,0.0018997600081060175,0.0027516303127780297
0.04133333333333333,0.0026935287041930044,0.0021336025010408426,0.0030508174735114093
0.041499999999999995,0.0027005630195520596,0.0023546814054962906,0.0030840023708799875
0.041666666666666664,0.0025160548198284085,0.0018630591670667732,0.002699590389245951
0.041833333333333333,0.003108521206628746,0.0021711776064317653,0.003466347535678926
0.041999999999999996,0.002278115184279952,0.001527585589783231,0.0022956702294184422
0.042166666666666665,0.0029581610223015364,0.0018789252539557746,0.0029736765687850024
0.042333333333333334,0.0027536319560789863,0.0019809851279681528,0.003229672944457223
0.042499999999999996,0.002500148787494451,0.0021092045076090866,0.0027904897336061083
0.042666666666666665,0.003112222259848713,0.0019676484496889066,0.003267877223902822
0.042833333333333334,0.0020787321875696927,0.0016893539222251489,0.0023573053486612193
0.043,0.0025566155911717764,0.0018904649479962912,0.003140804874709431
0.043166666666666666,0.0020468461001078475,0.0018081597932360454,0.0026402669501122624
0.043333333333333335,0.002164517352180607,0.0017582681280840413,0.002545360586213708
0.0435,0.0024932370686216163,0.002069598915327094,0.0027074202283011916
0.043666666666666666,0.002373941799206302,0.0016646925009867477,0.0023500299764736303
0.043833333333333335,0.002641295327549482,0.0017923540148517777,0.002444673266048666
0.044,0.002300740181107806,0.0018025237754808244,0.002519247873215161
0.04416666666666667,0.002261791675216014,0.0017597181585465404,0.0025691002979276647
0.04433333333333333,0.002042465500178842,0.0015217104967150858,0.0021886767344139633
0.0445,0.00230624809884461,0.0016809467284895827,0.0026378933054224877
0.04466666666666667,0.0023547718839085187,0.0017887521629578833,0.002508596034247271
0.04483333333333333,0.0024784904129230693,0.0017205787132240804,0.002650354077983838
0.045,0.002323756828528092,0.0015076565348918012,0.0025816686836721103
0.04516666666666667,0.0026145631188196302,0.0015529250675514901,0.0026982025953686695
0.04533333333333333,0.0020836849771730405,0.0016657858759318899,0.0024686611492053118
0.0455,0.0017429435768524944,0.0015929380421259847,0.0023706647076559787
0.04566666666666667,0.0020168982734533026,0.0015802790906249994,0.0023083414301838584
0.04583333333333333,0.0018012852729741029,0.0015241433780200137,0.00210384428021954
0.046,0.002328615653127528,0.001667612741695712,0.002512496280711379
0.04616666666666667,0.001911145147125301,0.0017462046822450661,0.002450168898254144
0.04633333333333333,0.0026470102223219473,0.0017914580693337977,0.002781417298951793
0.0465,0.002441047502477381,0.001652154020898117,0.002783413234700877
0.04666666666666666,0.001355821108275933,0.0015568514313913555,0.0019059780126385443
0.04683333333333333,0.002299227046221658,0.0015031915514801264,0.0022896773893728863
0.047,0.002309922832300221,0.0016273501384831406,0.0021317151317406147
0.04716666666666666,0.002160442010376901,0.0014238007954639803,0.0021325271638030236
0.04733333333333333,0.002182705710981273,0.0015078499258559838,0.0022120375260575643
0.0475,0.002196507786887251,0.0013949759913045477,0.0022215119334642428
0.04766666666666666,0.0020616453372115434,0.001276997508641881,0.0019450322833893174
0.04783333333333333,0.0016530608852910256,0.0014642692975134549,0.0018299978737075972
0.048,0.001852599651111141,0.0015623035993256945,0.002210513100419884
0.04816666666666666,0.001487171946154223,0.0013948550495588062,0.00178670110024778
0.04833333333333333,0.0022160948613023637,0.0016046676898092869,0.0022564095166991835
0.0485,0.002100401966721169,0.0014754158008423615,0.0022058691916272267
0.048666666666666664,0.0021160055854377545,0.0016194895118146065,0.002345944303867169
0.04883333333333333,0.0018354934803817482,0.0015593930035469258,0.002200129230663201
0.048999999999999995,0.001758127731887402,0.0014427378768712058,0.001980986098672117
0.049166666666666664,0.0018729669400079539,0.0015266160422281697,0.0020313147828685397
0.04933333333333333,0.0019760579443450993,0.0013546944471038126,0.0021203375138736107
0.049499999999999995,0.00200596749956935,0.001374289886680134,0.0020532352225630184
0.049666666666666665,0.001876974812804978,0.0012013445675313388,0.002048348552811626
0.049833333333333334,0.0018752699240087462,0.0015834964494689215,0.002296671738623398
0.049999999999999996,0.0019238027638805036,0.0014773113729319063,0.00193248034740019
0.050166666666666665,0.0018481042850279543,0.001484735251941869,0.001978401737119912
0.050333333333333334,0.0020313475706127205,0.0012863023307261056,0.001997240250011794
0.050499999999999996,0.0015771890277474286,0.0013952266621936299,0.001884702322743067
0.050666666666666665,0.0018524770512423799,0.0013398542844265042,0.002055862442437198
0.050833333333333335,0.002074330861863791,0.0012813731439464237,0.0019818239837461897
0.051,0.0017975134309002585,0.0013250870199445774,0.0018421852434963983
0.051166666666666666,0.0018675150343534952,0.0013902070561111327,0.002019153998196856
0.051333333333333335,0.0016539833970215865,0.0011434334960554867,0.001929085355340754
0.0515,0.0018587805737301669,0.001224104226692693,0.0019861275823424744
0.051666666666666666,0.0016502606975516414,0.0013456718210603396,0.0017548748615505716
0.05183333333333333,0.0016441337046333017,0.0012278792584575371,0.0018189374659411876
0.052,0.001996898233880236,0.001135517890715225,0.0019641678521805043
0.05216666666666667,0.0018830854331798195,0.0011977457957605762,0.0018930558139124752
0.05233333333333333,0.0017793389550159993,0.0012278822744668859,0.0018280076767105261
0.0525,0.001866238193656519,0.001091679566410443,0.0019826202743622183
0.05266666666666667,0.0017192579136091038,0.0013404544088146304,0.001908021907371413
0.05283333333333333,0.0017225794077778331,0.0012807392073245405,0.0020323563134643473
0.053,0.001706190404901377,0.0011397495009926007,0.0018499967197312
0.05316666666666667,0.001740475343263584,0.0011571410139369178,0.0017375737808581176
0.05333333333333333,0.0018269682911371324,0.0013342452429186192,0.001943094806942682
0.0535,0.001741261849890933,0.0011921363453599964,0.0019670514804581937
0.05366666666666667,0.0016014441263639053,0.0011269075399479465,0.0018332942529936064
0.05383333333333333,0.001413492452112873,0.0011879609497266333,0.0017620357740542264
0.054,0.0016979016099914694,0.0012344502884389127,0.001769358616197892
0.05416666666666666,0.0014738125408369992,0.001184585132309264,0.0016530870112942803
0.05433333333333333,0.0013863484621935353,0.0012814864328530903,0.0018136612784199536
0.0545,0.0014249873911373076,0.0011915206541960122,0.001479980351833651
0.05466666666666666,0.0016760788495126622,0.0011405283319050638,0.0017366843409900399
0.05483333333333333,0.0013733959726950407,0.0011707313490806081,0.001556715034574742
0.055,0.0014769598146837995,0.0012449325684870114,0.0017995023767558662
0.05516666666666666,0.0016830181532623424,0.0010216337728364353,0.0016652141086057606
0.05533333333333333,0.0016709337757126064,0.00107216032319458,0.0017593337540383856
0.0555,0.00176085635005393,0.0011922354000347935,0.00178748254549211
0.05566666666666666,0.0012755761743385172,0.0011049711262801222,0.0013889693671332941
0.05583333333333333,0.0014734002190629437,0.001097266414083724,0.0016528597306079656
0.056,0.0014202596568078218,0.0011098385844514529,0.0015501162597971684
0.05616666666666666,0.0013510828750115057,0.0008983228316701457,0.001573595568177961
0.05633333333333333,0.001427249463955465,0.0010340160531915454,0.001560281805631598
0.056499999999999995,0.0015469997259447074,0.0011706332168810835,0.001730072962582678
0.056666666666666664,0.0015782653649592815,0.0010955984926157003,0.0015494549731918396
0.05683333333333333,0.0015302964828715208,0.001030635358313724,0.0016756069369409867
0.056999999999999995,0.001314885734545903,0.001046986906285689,0.0015363734876803433
0.057166666666666664,0.001539472858637729,0.0011234665992206044,0.0016141535433630136
0.05733333333333333,0.0012415112436633562,0.0011205755400183826,0.0015104513619815696
0.057499999999999996,0.0016069038000655653,0.0010590793287050945,0.0016765636558514151
0.057666666666666665,0.0015555786957623138,0.0010840464635008178,0.0015713110155903586
0.057833333333333334,0.0015169879350188976,0.0010745256933667314,0.0016743637082081036
0.057999999999999996,0.0013328810109816832,0.0009530365437833363,0.0014968347241737687
0.058166666666666665,0.0015160091958015146,0.0010253713476964573,0.0016821857210001152
0.058333333333333334,0.0012879159991145666,0.0010327205374147507,0.0013813892139993948
0.058499999999999996,0.0015352995650584171,0.0010687315639697527,0.0015916152394469215
0.058666666666666666,0.0013458550291776524,0.0010557660237050267,0.0014604834650426752
0.058833333333333335,0.0013695174278850288,0.0010077235504217595,0.001453929729696162
0.059,0.0013723557331611295,0.0009852381445770884,0.0014763793477753856
0.059166666666666666,0.0014921951463113252,0.0009819910415892832,0.001625094241495303
0.05933333333333333,0.0014095951967481835,0.0009558462228239307,0.001466611680974843
0.0595,0.0014244123696401925,0.0009729336743218521,0.0014861858579276917
0.059666666666666666,0.0012117402481053043,0.001028425331405449,0.0014067911143998864
0.05983333333333333,0.0014255733541235428,0.0009743511083491935,0.001480885177895721
0.06,0.0013685097842017152,0.0009600417512446097,0.001390727643189298
0.06016666666666667,0.0011685232780927143,0.0007792867796614244,0.0013843531812848398
0.06033333333333333,0.0011944986948038265,0.0009176886156195975,0.001404232910285785
0.0605,0.0013025122349671246,0.0008503766801312666,0.001375347318313612
0.06066666666666667,0.001392206861401493,0.0008857681886819967,0.0014868327052889548
0.06083333333333333,0.001094778071656934,0.0009607141823323653,0.001318611708361371
0.061,0.0011332969521931483,0.0008334562049419212,0.0013264598957451069
0.06116666666666667,0.0012132832651445896,0.0009061925272390452,0.0013374330977242216
0.06133333333333333,0.001186262928563186,0.0010043124734494206,0.0013175191424909959
0.0615,0.0012088164434772351,0.0009415121232630519,0.001369272194027738
0.06166666666666666,0.0011551434198117517,0.0008606290107370196,0.0012707423003486124
0.06183333333333333,0.0012416465300299517,0.0008557812074213615,0.0013965633324549568
0.062,0.0011350893161747898,0.000785694658632858,0.0012823748690625992
0.06216666666666666,0.001309873268015487,0.0009570569859774581,0.0014028859535904518
0.06233333333333333,0.0010355609634685652,0.0008030775666376722,0.0012344402996560283
0.0625,0.0010519707186676364,0.0009734331104944108,0.0012908901166381016
0.06266666666666666,0.0012229674253462816,0.0008611463401221024,0.001317185810078057
0.06283333333333332,0.0011550367777965792,0.000861884836949366,0.0013228658466670497
0.063,0.0011541913959758337,0.0008743940106204694,0.0012747151514684394
0.06316666666666666,0.0011737008118839205,0.0009562223022694467,0.0012512692901236818
0.06333333333333332,0.0011589873593520867,0.000849938226958673,0.0012977694169252294
0.0635,0.0012340383958423843,0.0009392026734989223,0.001300157648938249
0.06366666666666666,0.0010409020663667279,0.0008247772496167946,0.0012523372759397752
0.06383333333333333,0.0010582897639240052,0.0007230538547105488,0.0011979738247694474
0.064,0.0010745885910616317,0.0007947164944416298,0.0012412337006832827
0.06416666666666666,0.001174906640377161,0.0009267182586182491,0.0013056839496811152
0.06433333333333333,0.0009817164647456115,0.0007692968748464525,0.0011687412119824037
0.0645,0.0011151807746841223,0.0009148021830942239,0.0012246484220846143
0.06466666666666666,0.0009754002845131337,0.0008249124025541414,0.0011454096669486207
0.06483333333333333,0.0010997043186468712,0.0008630302983312043,0.001256758645241496
0.065,0.0010226825005669837,0.000798193314303568,0.00120995583147023
0.06516666666666666,0.001121059734854026,0.0009000194020156543,0.0012227322053070537
0.06533333333333333,0.0011150748319163795,0.0009845349730052972,0.001273911909959886
0.0655,0.0009073120979873396,0.0008129717961219032,0.0011312771178553747
0.06566666666666666,0.00111409959740683,0.0007798767333893403,0.0011813394097790458
0.06583333333333333,0.000977452043755888,0.0008603662419142304,0.0011703756174792385
0.066,0.001052717090342893,0.0008425576982431535,0.0012404231940406091
0.06616666666666667,0.0010692028697931557,0.0008230140326099389,0.0011768970389803852
0.06633333333333333,0.0009614178382325891,0.0008162567374774395,0.0011121320314505469
0.0665,0.0009005413249697438,0.0007416706528841641,0.0010912072402441686
0.06666666666666667,0.0010754580750930675,0.0008971161944210371,0.0012090743140380348
0.06683333333333333,0.0010014079866195093,0.0007377925417289395,0.001118595689289828
0.067,0.0009386052570295296,0.0006516248894375731,0.0011239670479062393
0.06716666666666667,0.0010358681365119215,0.0007627732530667508,0.0011342639882669881
0.06733333333333333,0.0009522794763942392,0.0007051438939981789,0.0011032261486024068
0.0675,0.0009428181574668438,0.0007640008323783041,0.001101939798804757
0.06766666666666667,0.0009443157999463103,0.0006678900368292326,0.0010654178019919938
0.06783333333333333,0.0009949363002932266,0.0007723549257037877,0.0011000104658409286
0.06799999999999999,0.0009848410581283717,0.0007385372652027335,0.0011026332014097853
0.06816666666666667,0.0009927705509985062,0.000745410314922292,0.001101469049895439
0.06833333333333333,0.0009754216552577623,0.0007820037093381472,0.0010873290211328673
0.06849999999999999,0.0008964509832721424,0.0007802752173729413,0.001076357697890017
0.06866666666666667,0.0009691654341839897,0.000692933075333985,0.001091575150842176
0.06883333333333333,0.0009030410719142667,0.0007426635057449344,0.0010550081933947814
0.06899999999999999,0.000992327407173813,0.0007778769581908273,0.0010697856229806859
0.06916666666666667,0.0009457371442376892,0.0006451865755109889,0.0010861941150262723
0.06933333333333333,0.0009342552251954785,0.0007273797917005967,0.0010832112629604385
0.06949999999999999,0.0009727029936366347,0.0007547475958790589,0.001089279916620891
0.06966666666666667,0.0008972794259757662,0.0006218671216651057,0.0010198921274096877
0.06983333333333333,0.0008826703713159101,0.0006747356033477469,0.0010392450438657759
0.06999999999999999,0.0009511303303365294,0.0007795548207809394,0.0010708370146787585
0.07016666666666667,0.000978692576626398,0.0007386398854178709,0.001060041647844196
0.07033333333333333,0.0008866762826135058,0.0007273446822344218,0.0010384114213100027
0.0705,0.0009439780644943748,0.0007422689068877543,0.001056134671185993
0.07066666666666667,0.0008837358377534979,0.0006943973693235515,0.0009904538321353039
0.07083333333333333,0.0009812437791233413,0.0007378696171558715,0.0010533252614894982
0.071,0.0008771395840581436,0.000637891438630786,0.001028613668779742
0.07116666666666667,0.0008988420137852745,0.000680591887170092,0.0009886790835080185
0.07133333333333333,0.0008650154438642574,0.0007029068749936042,0.001031141035870888
0.0715,0.00089762060796728,0.0007176936069272693,0.00097859764732004
0.07166666666666667,0.0009016081452931326,0.0006418343574461098,0.0009695578553182335
0.07183333333333333,0.0008602393195863569,0.0006349164512732871,0.0009586189513132949
0.072,0.0008938742397294995,0.0006237269438752892,0.000996368267241375
0.07216666666666667,0.0008391874917048637,0.0007299799185615641,0.0009306701037708667
0.07233333333333333,0.0008140627309358077,0.0006562876063579148,0.0009265758999031434
0.0725,0.0008696825400337739,0.0007149811941876097,0.0009870942733023243
0.07266666666666667,0.0009000164724399791,0.0007153154272440976,0.0009886945408592572
0.07283333333333333,0.0008818485281709744,0.0007366664350016557,0.000958170119845774
0.073,0.0008484774152446269,0.0007501567202947331,0.0009557593499742844
0.07316666666666666,0.0008924138532179406,0.0007406337108258507,0.0009782800451654196
0.07333333333333333,0.0008995240933906758,0.0007126133160310871,0.000978932612740325
0.0735,0.0008933890744233361,0.0007103006174470086,0.0009470236299321513
0.07366666666666666,0.0008117007146137376,0.0006802669628230444,0.0009474793842878721
0.07383333333333333,0.0008447000951920822,0.0006514453676050673,0.0009171792212036846
0.074,0.0007575933089090704,0.000594860061897021,0.0008874025961982203
0.07416666666666666,0.0008783164045176391,0.0005968729030806679,0.0009183103923351805
0.07433333333333333,0.0008404338606621529,0.0005907275430440645,0.0009109010515399033
0.0745,0.0008567769284894921,0.0005824955114292488,0.0009101136771811671
0.07466666666666666,0.0007937279736630197,0.0005751304579944266,0.0009021819789992642
0.07483333333333334,0.0007780978819102296,0.0006588179990431116,0.0008926942238170994
0.075,0.0008022060834404706,0.0005956691540172557,0.0009013512460667378
0.07516666666666666,0.0008177881698595073,0.0006673810859851283,0.0008980234744390744
0.07533333333333334,0.000790569421259293,0.0005633694037075206,0.000885313983534588
0.0755,0.0007526613370113571,0.0005976470949475438,0.000881518271447244
0.07566666666666666,0.0008300898053714923,0.0006441177622045751,0.0008914772771053
0.07583333333333334,0.0007532972529966615,0.0005781346284511059,0.0008605241950666193
0.076,0.0007983645462677936,0.0006538217530616086,0.0008874771471841039
0.07616666666666666,0.0008170959862861662,0.0006346323975065162,0.0008815806425693455
0.07633333333333334,0.0007840106268351419,0.0006015805431831995,0.0008699382723074016
0.0765,0.0008076232950508177,0.0006612416600736306,0.0008675779325751632
0.07666666666666666,0.0007735969056760743,0.0006047824792139377,0.0008215135740900237
0.07683333333333334,0.0007580564428739372,0.0005959718970178109,0.0008712768164188452
0.077,0.0008266546770915872,0.0006444931038727625,0.0008750849343585699
0.07716666666666666,0.0007775340523422726,0.0006165713965062462,0.0008471083619026469
0.07733333333333334,0.0007534928266839572,0.0005964597659937013,0.0008524928872157719
0.0775,0.0007894968428758825,0.000580301106921749,0.0008548304103520591
0.07766666666666666,0.0007588771352130355,0.0005660430374246292,0.0008537856181074188
0.07783333333333332,0.0007372848274758918,0.0005213545689124001,0.0008094551707868854
0.078,0.0007679552991741766,0.000593558277666994,0.0008472075403739697
0.07816666666666666,0.0007347001102471037,0.0005570172126628482,0.0008286420537706598
0.07833333333333332,0.0007663666070729236,0.0005218942469842945,0.0008336196034235176
0.0785,0.0007424497100248364,0.0005911973985310582,0.000821439427648385
0.07866666666666666,0.0007820543892149433,0.0005835722905887624,0.0008432278807616699
0.07883333333333332,0.0007456272216919484,0.0006479140538085715,0.0008154258597338325
0.079,0.0007672812841848841,0.000518707228563392,0.0008214644972906435
0.07916666666666666,0.0006735695767176165,0.0005801389692986442,0.0007939944838677474
0.07933333333333333,0.0006998265285823508,0.0005538880198773652,0.0007888490444811975
0.0795,0.0007101288520903735,0.0005417446119382596,0.0008172442177202568
0.07966666666666666,0.0007073715126232589,0.0005306187261077171,0.0007949048024236602
0.07983333333333333,0.000698482231829414,0.0005583977362843879,0.0007989234733168362
0.08,0.0007305980572216085,0.0005227734959559211,0.0008026967561891928
0.08016666666666666,0.0007137592194149764,0.0005846870134712596,0.0008100756758029788
0.08033333333333333,0.0007399857564089571,0.0005219287889125602,0.0007975102310668089
0.0805,0.0007132792613858175,0.0005718449081370389,0.0007914541969768488
0.08066666666666666,0.0006912703124783908,0.000596911129292114,0.0007669328497254558
0.08083333333333333,0.0006862130710559676,0.0005283696943232865,0.0007953326016842861
0.081,0.0007325599900801513,0.0005010078932621395,0.0007941709525512782
0.08116666666666666,0.0007222680709860038,0.0005495889512882615,0.0007845244538269899
0.08133333333333333,0.0006886933390292384,0.0004459212201600339,0.000749211752315287
0.0815,0.000718867201142073,0.000549983778050229,0.0007739652451297322
0.08166666666666667,0.0007080275814129551,0.000553749129048668,0.0007657038156709767
0.08183333333333333,0.0006938329047399721,0.0004748001668680723,0.0007654644342105554
0.082,0.0006898297613713889,0.0005537513308432732,0.0007567017476686392
0.08216666666666667,0.000703897311025483,0.0005093712251702921,0.0007650232311102997
0.08233333333333333,0.0006641960393754542,0.0005394188505485389,0.0007446312184888436
0.0825,0.0007222240964585999,0.0005644698405321626,0.000765560662604252
0.08266666666666667,0.0006257758847079769,0.0004250391808152818,0.000737752062400583
0.08283333333333333,0.0006455546301662394,0.0004871503301003731,0.0007346470621490902
0.08299999999999999,0.0006672997722306454,0.0005077492635660355,0.000722113238148981
0.08316666666666667,0.0006781017595946682,0.0005133660257026496,0.000742349880027856
0.08333333333333333,0.0006675512636744665,0.0004686971618551441,0.0007344537722777916
0.08349999999999999,0.000652776998050338,0.0004403571818677683,0.0007207306792128951
0.08366666666666667,0.0006506654495361695,0.0005038985777154325,0.0007239481150214743
0.08383333333333333,0.0006504332297355297,0.0004901338225731876,0.0007358311399442699
0.08399999999999999,0.0006369039026907371,0.0004939288562997627,0.000724944038708388
0.08416666666666667,0.0006274373744873769,0.0004737952644663034,0.0007105228547842662
0.08433333333333333,0.0006522558654199165,0.0004888044529614368,0.0007167445431762986
0.08449999999999999,0.0006220513993226862,0.00042347763066521646,0.0006989454493419079
0.08466666666666667,0.000663799400368563,0.0005013028971637341,0.00072003603613995
0.08483333333333333,0.000635093377551898,0.0004750211623141656,0.0006928931704184853
0.08499999999999999,0.0006325492934506342,0.0004732940336346788,0.0007156274027257457
0.08516666666666667,0.0006368064342359426,0.0004989095170355152,0.0006927870476323904
0.08533333333333333,0.000628621695329497,0.00047729764071534125,0.0007146414953899018
0.08549999999999999,0.0006303286369976568,0.0004586328654322485,0.0006862862967529862
0.08566666666666667,0.0006089169739193557,0.0004857541034531622,0.0006914348960786466
0.08583333333333333,0.0006226597310789753,0.00041071910189337046,0.0006909121909587593
0.086,0.0006377141338346181,0.00043969229010882937,0.0006964041151694611
0.08616666666666667,0.0006135266276850327,0.0004840306787523143,0.0006871305581549465
0.08633333333333333,0.0006140044811311281,0.0004771343544348327,0.0006781201537511722
0.0865,0.0006111186836482346,0.000439502288921826,0.0006736064846037402
0.08666666666666667,0.0005996631897608311,0.000430322845132412,0.0006754839115350015
0.08683333333333333,0.0006052015161011917,0.0004621137110993009,0.0006659468933648917
0.087,0.0006223304728673255,0.0004640126636914737,0.0006750227406385007
0.08716666666666667,0.0005898516107583783,0.0004260966408040672,0.0006678811383012582
0.08733333333333333,0.0005980376870339367,0.00047453554183247824,0.0006684549086729958
0.0875,0.0005910472914084967,0.0004533962678136424,0.0006648940566988086
0.08766666666666667,0.000596862461109673,0.00045292615743324014,0.0006649865807546008
0.08783333333333333,0.0006010940875954046,0.0004579291296337367,0.0006595519905442217
0.088,0.0005773726998574435,0.00046802017916661593,0.000649171774233621
0.08816666666666666,0.0005961074406744236,0.0004269008829578215,0.0006678454479256967
0.08833333333333333,0.0005696752659657536,0.0004454480086943681,0.000653468583801757
0.0885,0.0005976542086410106,0.0004296289206585636,0.0006581689760470666
0.08866666666666666,0.0005770572124958541,0.0004803781769198394,0.0006542952910442069
0.08883333333333333,0.0005903265560498916,0.0004411431367845966,0.0006436119424539907
0.089,0.0005932376866405493,0.00045096951848315844,0.0006484481632690729
0.08916666666666666,0.0005816865447136063,0.00042709978171030246,0.000641272094708895
0.08933333333333333,0.0005715584477702328,0.0004245650240845665,0.000632423250869451
0.0895,0.0005786398276073214,0.0004166789592925619,0.0006509691055521734
0.08966666666666666,0.0005741532310970487,0.0004142131444510284,0.0006276130281775507
0.08983333333333333,0.000568621857737814,0.0004082333545788569,0.0006311395909693302
0.09,0.0005657237931401143,0.0004608450535083203,0.0006272547847167092
0.09016666666666666,0.0005486148791237307,0.00041622997368720546,0.0006198079680440864
0.09033333333333333,0.0005528839922450335,0.00037508240272046407,0.000614987814496348
0.0905,0.0005583887962692075,0.00048126724000630374,0.0006214341968778516
0.09066666666666666,0.0005614975468663974,0.00043675557391689024,0.00061842626204873
0.09083333333333334,0.0005558561846844879,0.0004108133419695582,0.0006238454405544002
0.091,0.0005556499947917191,0.00042251703012176106,0.0006209928273131658
0.09116666666666666,0.0005479815344962495,0.00039919020562950757,0.0006078084552218405
0.09133333333333334,0.0005382299907198989,0.00040141814810915467,0.0006175449685188061
0.0915,0.0005532288280043538,0.00039599900137294496,0.0006099262934381702
0.09166666666666666,0.0005444612529974654,0.00042285643149138753,0.0006104888425550397
0.09183333333333334,0.000542523561018729,0.00035990719236569734,0.0006073911951673266
0.092,0.0005542186262179475,0.00042051743040823,0.0006116710011684181
0.09216666666666666,0.0005392311862263589,0.00043358749058912014,0.0006021714415111059
0.09233333333333334,0.0005507106501231703,0.00044107336018245103,0.0006076667852014586
0.0925,0.0005343447660844299,0.00037431779511077116,0.0005936857754232362
0.09266666666666666,0.0005425374897571383,0.0003693088847934717,0.0005969593822843703
0.09283333333333334,0.0005300538898580336,0.0004174234103492877,0.0005876781058967739
0.093,0.0005424063957600901,0.00037796538667877317,0.0005939651056800996
0.09316666666666666,0.0005234241932269236,0.0004244789469518077,0.000595646372551962
0.09333333333333332,0.0005441510588358098,0.0004428202252787882,0.0006018831031986797
0.0935,0.0005303011234742286,0.00037875430789598245,0.0005995590643505408
0.09366666666666666,0.0005289459728363259,0.00039504111505319944,0.0005866837405322089
0.09383333333333332,0.0005174559773952448,0.00043016614972307915,0.0005789601644907038
0.094,0.0005135194307593639,0.00035354698052249875,0.0005789941515345878
0.09416666666666666,0.0005290749318726754,0.00042665524853654303,0.0005821741052221369
0.09433333333333332,0.0005225514144083778,0.00039632258166236194,0.0005772842164330768
0.0945,0.0005033121876789926,0.0003709223171861628,0.0005665951192182091
0.09466666666666666,0.0005074038584506446,0.0004179334977461997,0.0005702384775852118
0.09483333333333333,0.000515298869085707,0.0003573224087820969,0.0005735443069994818
0.095,0.0005098084619307625,0.0003761314970488017,0.0005649697550440847
0.09516666666666666,0.0004988902272878908,0.0003691871777035314,0.0005610577127501101
0.09533333333333333,0.0005134345081566124,0.00043040309234574774,0.0005672360085258775
0.0955,0.0005063029273402344,0.00041613650791369597,0.0005656161677060174
0.09566666666666666,0.0005095024691855446,0.0003671075550048396,0.000563572525440921
0.09583333333333333,0.0005066060498051362,0.00038369426650912165,0.0005624339604100349
0.096,0.0005087683499173206,0.00038756913440004967,0.0005646590226644468
0.09616666666666666,0.0004952216336781914,0.0004000888314492249,0.0005598901610699769
0.09633333333333333,0.0004898200776394715,0.0003513650218022246,0.0005510184224007273
0.0965,0.0004887977252009445,0.0004056401445142127,0.0005492373054121138
0.09666666666666666,0.0004945007016393126,0.0003608679497022322,0.0005478142339499915
0.09683333333333333,0.000495564071131273,0.0003876678570308722,0.0005581362135992282
0.097,0.0004964178321093574,0.0003804156020518507,0.0005477122736227518
0.09716666666666667,0.0004777018535131851,0.0003541434999890031,0.000540618649146805
0.09733333333333333,0.000491642278163609,0.00036575917997969603,0.0005442464881266366
0.0975,0.00048247294933857776,0.00036503415836711063,0.0005433250518245407
0.09766666666666667,0.0004913246552367188,0.000396444375812397,0.0005496085703582666
0.09783333333333333,0.0004854129773457151,0.00034297105945451934,0.0005359794405320849
0.09799999999999999,0.0004870005412028538,0.0003795794167100378,0.0005386070767220913
0.09816666666666667,0.0004841890257954382,0.0003720590527783182,0.0005391416593431295
0.09833333333333333,0.0004808310822803392,0.0003666170312433871,0.0005338377854599145
0.09849999999999999,0.00047467116159559706,0.0003479612229252177,0.0005294546410619117
0.09866666666666667,0.0004793888375874794,0.00036726740884716517,0.0005316811860245623
0.09883333333333333,0.000464097313588596,0.00034289081618604913,0.00052227891309802
0.09899999999999999,0.0004702192497836056,0.000354886195537599,0.0005229917874609209
0.09916666666666667,0.00047481457842844766,0.0003709843754138807,0.0005234157172812629
0.09933333333333333,0.0004715150223547436,0.0003476355915389186,0.000526636689770337
0.09949999999999999,0.00046629476998887514,0.00034378776096764954,0.000519449081566879
0.09966666666666667,0.00046035106922085286,0.00035640115473631605,0.0005172794177722932
0.09983333333333333,0.00045649262208442067,0.00032519344825349106,0.0005159653782641627
0.09999999999999999,0.0004628977907693519,0.000356355160447849,0.0005177713593712202
0.10016666666666667,0.00046427873656266165,0.0003622936782563109,0.0005217919783829371
0.10033333333333333,0.00046318269596786496,0.00035300031169347725,0.0005155226429919715
0.10049999999999999,0.00046286038102643203,0.0003295250905731663,0.0005144554849337355
0.10066666666666667,0.00046596163503530974,0.000346856620441256,0.0005155421640547883
0.10083333333333333,0.0004641450142962434,0.0003259863010919911,0.0005118959227883338
0.10099999999999999,0.0004541133332034023,0.0003678250703543693,0.0005067275391797526
0.10116666666666667,0.00045030736026769474,0.00033271383428617557,0.0005033803101442632
0.10133333333333333,0.0004459046884625121,0.00033648779347714803,0.0005007472666675889
0.10149999999999999,0.000447724470652172,0.0003406347140835829,0.00049940344743324
0.10166666666666667,0.0004402126984647674,0.0003329396429472028,0.0004970708900368825
0.10183333333333333,0.0004479363294747352,0.0003611477990795975,0.0004997604595874235
0.102,0.00044360195803855334,0.0003276210313639363,0.0004975242180488295
0.10216666666666667,0.0004460351804319579,0.00031969333335407624,0.0004971076770470047
0.10233333333333333,0.00044116134161717083,0.0003408097119259983,0.0004941728161295506
0.1025,0.000444234586890993,0.0003293149804401858,0.0004966312935710383
0.10266666666666667,0.00043807479197508734,0.00033348247658752055,0.00048753022952570174
0.10283333333333333,0.0004412443572354914,0.00032752709843362435,0.0004895375733304387
0.103,0.00043578265636816794,0.00032216146295748247,0.0004883034981968295
0.10316666666666666,0.0004391203355389232,0.0003219096986095812,0.000486439755476456
0.10333333333333333,0.00042840544510407125,0.0003362802871921423,0.00048086694779029643
0.1035,0.0004308555204107117,0.00032127824285640256,0.00048261707278363314
0.10366666666666666,0.00042864924079329114,0.00033321024432057345,0.00047719472641725205
0.10383333333333333,0.00042808553906644375,0.00030847384891990076,0.0004775781649068566
0.104,0.0004223013630232798,0.00033987266699846624,0.00047392645007984563
0.10416666666666666,0.0004293843706622983,0.00032475345419702786,0.0004759879471083857
0.10433333333333333,0.00042505869364457756,0.00030261160417855765,0.0004730056657362021
0.1045,0.0004305925966191018,0.00034378537776340486,0.000475559274060255
0.10466666666666666,0.0004162460454068174,0.00031623941883576957,0.0004683920392838523
0.10483333333333333,0.00041628201699563154,0.00032546151996066825,0.0004674100431990664
0.105,0.0004190407606522204,0.0003388342888765749,0.0004699001958392726
0.10516666666666666,0.00042881103926137656,0.00030475884113185327,0.0004730777649874485
0.10533333333333333,0.0004220012743151159,0.0003055472161356302,0.00046948637252711736
0.1055,0.0004213997503456801,0.00030535612785081095,0.00046696270344754145
0.10566666666666666,0.0004190224288868162,0.00031886673360298777,0.0004671270911108185
0.10583333333333333,0.0004170822772476258,0.0003108191335501572,0.00046357745250187187
0.106,0.00041330740793036274,0.0003120210708750189,0.0004609109393948216
0.10616666666666666,0.0004131097087944677,0.0003168510604156262,0.0004558812662106965
0.10633333333333334,0.0004079559201333872,0.00032847356670522406,0.00045710162340226954
0.1065,0.000407246624542401,0.00027907203040493817,0.00045112886227826807
0.10666666666666666,0.0004091310088468202,0.0003139332457927031,0.0004554761183584217
0.10683333333333334,0.00040806449681691115,0.0003042814094826713,0.0004524029306910968
0.107,0.00040683845552596485,0.0002921967577771209,0.0004536555144302643
0.10716666666666666,0.00040401416530710715,0.0003005453585765054,0.0004488332068744936
0.10733333333333334,0.0003989475004833756,0.00029870525155424577,0.00044426112383509056
0.1075,0.00040390087191303565,0.00029946946930432393,0.00044871360422613424
0.10766666666666666,0.0003978434178915441,0.00029123114466153235,0.00044371214861213147
0.10783333333333334,0.00040496917366334686,0.00030629936002250595,0.0004481027721543185
0.108,0.000394481761686948,0.00029906140706703507,0.000442787873765691
0.10816666666666666,0.00039890053417476024,0.00030761200013916073,0.00044379334450606424
0.10833333333333332,0.000392884874085823,0.0002964324243972647,0.0004394782899923329
0.1085,0.00039708838001589796,0.00030169157098228574,0.0004406065397320684
0.10866666666666666,0.00039268793965626384,0.0003100051574656431,0.00044049806995635884
0.10883333333333332,0.00039444599678526007,0.0003027729437818933,0.00043980634959142774
0.109,0.0003925077797958665,0.0003012808779446818,0.0004367742831915496
0.10916666666666666,0.0003920249884683234,0.00029144573792913873,0.0004340863665294742
0.10933333333333332,0.00039205780436422,0.000307953373481474,0.00043647716997703055
0.1095,0.0003909206450340663,0.0002992084351216006,0.0004332156711277525
0.10966666666666666,0.00038997492521852274,0.0002976753685297938,0.00043025108348949297
0.10983333333333332,0.00038244653361132303,0.0002919048626786767,0.00042633949925002817
0.11,0.000383084148272385,0.00030743242053132445,0.0004284945809828406
0.11016666666666666,0.0003846489557056164,0.0002801935872855644,0.0004285516838713532
0.11033333333333332,0.00038289804235709267,0.000276990831413635,0.0004242583675283642
0.1105,0.00037898263596024766,0.00028267475192860354,0.000423471194301735
0.11066666666666666,0.0003780882178675363,0.0002855279564441465,0.0004213062217499568
0.11083333333333333,0.0003791912217968975,0.00028794562950655735,0.00042320203575828725
0.111,0.0003754754562137321,0.00027840838029428717,0.000420641685353517
0.11116666666666666,0.00037599597563912614,0.0002772634153767906,0.0004175520606029813
0.11133333333333333,0.0003691487603701817,0.00028150215485024937,0.0004138365728783341
0.1115,0.00037238166257052457,0.00028376983195996914,0.0004163106932996989
0.11166666666666666,0.00037341143846672395,0.0002865568794071013,0.0004152372370074078
0.11183333333333333,0.0003724493373936446,0.00028117960370738877,0.00041730574303278187
0.112,0.00037285647702225695,0.0002883313239945615,0.0004161456094322917
0.11216666666666666,0.00037010870296301117,0.00027581960486723557,0.0004147780529173492
0.11233333333333333,0.0003696628653855046,0.0002817852523478458,0.00041039729948880285
0.1125,0.00036720211274374767,0.00027527874649781647,0.000409710449260573
0.11266666666666666,0.0003687962363141238,0.00028731628888654427,0.0004117755753345845
0.11283333333333333,0.0003634201135054898,0.0002627681333212291,0.00040660750239785126
0.11299999999999999,0.0003663299819003911,0.0002712284166421458,0.00040810315397830184
0.11316666666666667,0.0003585972135890313,0.00028230596708486017,0.00040394332267133093
0.11333333333333333,0.000365350360481365,0.00028086595675417815,0.0004077300726222429
0.11349999999999999,0.00036181858983280003,0.00028866647730793794,0.00040505361478755344
0.11366666666666667,0.0003630786772531362,0.00026863781779569066,0.0004036894316218154
0.11383333333333333,0.0003607920390003132,0.00028818973993611347,0.0004021103926219552
0.11399999999999999,0.00035813412845204926,0.0002659998605457473,0.0003981456717994723
0.11416666666666667,0.0003571665350099976,0.00027130063594174087,0.0004009335357920483
0.11433333333333333,0.00035747873517115236,0.00027439281294141973,0.00039937881596853377
0.11449999999999999,0.0003567324617751934,0.00026645333996108174,0.00039681194877497076
0.11466666666666667,0.0003525204728256678,0.00026989785749968,0.000394969399694856
0.11483333333333333,0.00035627226560946057,0.00028175454984173345,0.00039485339246890814
0.11499999999999999,0.00035024649202582565,0.0002752889139939307,0.00039167197623112573
0.11516666666666667,0.00035059027636022563,0.00026164416570065936,0.00039283332872050376
0.11533333333333333,0.00035067698335350064,0.00026855398125313884,0.00039068037492861747
0.11549999999999999,0.00034900065128915924,0.00026378722660440926,0.00038906460894602707
0.11566666666666667,0.00034888088136217783,0.0002670738867985628,0.000388835823584531
0.11583333333333333,0.0003442186713807064,0.0002628011941821896,0.00038772874993604696
0.11599999999999999,0.0003476025180675318,0.00026414501355690665,0.0003876014244065407
0.11616666666666667,0.0003447883303459714,0.0002619282468474559,0.00038489353499979417
0.11633333333333333,0.0003406979801834868,0.00026761110395672307,0.00038281830625856863
0.11649999999999999,0.00034574589271708423,0.00027495609270193557,0.0003864638262501697
0.11666666666666667,0.0003427595154915896,0.000264225444355228,0.0003835451902988191
0.11683333333333333,0.0003441323366984253,0.00026166431659351014,0.0003835232953093768
0.11699999999999999,0.00033879528221424717,0.0002554179476996387,0.00037798532459414714
0.11716666666666667,0.0003409575222484479,0.00025760315241385857,0.0003792496681854998
0.11733333333333333,0.00034009399604259646,0.0002551252906192563,0.000380776480085896
0.1175,0.0003406258507110465,0.00026533275804871686,0.00037963677132693313
0.11766666666666667,0.00033792514463586274,0.0002665398808829121,0.00037730934945208857
0.11783333333333333,0.00033702821272070055,0.0002482627585157666,0.00037522412125296195
0.118,0.00033355464783399013,0.00026476062393091806,0.0003727648817915973
0.11816666666666666,0.0003340838691215728,0.00025326907200358596,0.0003722124248627702
0.11833333333333333,0.0003335880270482704,0.00024909143377897656,0.00037286854745249544
0.1185,0.0003313000346422198,0.0002517792934648416,0.0003715348930861808
0.11866666666666666,0.0003330688933834951,0.00025356632999464456,0.00037120239791317225
0.11883333333333333,0.0003303914495958274,0.00025157112940364895,0.00036790409239749716
0.119,0.0003293926585119511,0.00025871191407705516,0.0003698115631655391
0.11916666666666666,0.0003261868748298615,0.0002505756811953949,0.0003654565535289277
0.11933333333333333,0.00032965353171177477,0.0002590751357835133,0.0003691581962544766
0.1195,0.00032642430352286723,0.0002559527671036863,0.0003657051403210884
0.11966666666666666,0.0003254793168163132,0.00025101413887376094,0.0003640579921374603
0.11983333333333333,0.0003291170998781762,0.00026182940079617537,0.00036646297824322884
0.12,0.0003245544190834428,0.0002502108376514402,0.00036252743443432
0.12016666666666666,0.00032705154497985066,0.00025434370227287877,0.0003642608455752117
0.12033333333333333,0.0003229845344562918,0.00025559477298329694,0.00036026458200608835
0.1205,0.00032301019564031844,0.00024306446245773362,0.0003609276765826182
0.12066666666666666,0.0003208325243923291,0.00025518045737960444,0.0003595029496514656
0.12083333333333333,0.00032085776755178496,0.0002486585169849046,0.00035836076871107267
0.121,0.0003199691314295482,0.00024698526992391506,0.00035790043793953465
0.12116666666666666,0.0003214031717877793,0.000246633391472329,0.0003583563785685859
0.12133333333333333,0.0003213040910450211,0.0002499008137416635,0.000357650551636889
0.1215,0.00031708922980692176,0.0002453178869793267,0.0003546252804724589
0.12166666666666666,0.000313223711295075,0.00024252385463578962,0.0003526339112482296
0.12183333333333334,0.00031601024775595993,0.00023891174646360476,0.00035388435097052375
0.122,0.0003154204500764087,0.0002398775474641474,0.0003512800261153129
0.12216666666666666,0.0003164558902054506,0.0002465901191860658,0.00035287672860348886
0.12233333333333334,0.0003121382657919556,0.00024293017723014046,0.0003500557883497421
0.1225,0.00031553686444603683,0.0002501668669746269,0.0003520385020708679
0.12266666666666666,0.0003121466627044419,0.00023395906104979535,0.00034776137237116795
0.12283333333333334,0.0003117684517940229,0.00023543014498162776,0.00034666064185180314
0.123,0.00030938413922587655,0.00024069853433609487,0.00034629003553835386
0.12316666666666666,0.000308903926375399,0.00023542030639122873,0.0003465233006484356
0.12333333333333332,0.00030760146256807706,0.0002365243615688474,0.00034485321283696236
0.1235,0.0003089036581359853,0.00024330007660685785,0.0003446503337685565
0.12366666666666666,0.0003073398378704917,0.0002391509415466757,0.00034260235918344553
0.12383333333333332,0.00030676979333123055,0.00023631036080537705,0.00034189818396370705
0.124,0.00030568219218901215,0.00023680260464001667,0.0003407886877971025
0.12416666666666666,0.00030351863918910704,0.00023524149506954395,0.0003395514011712432
0.12433333333333332,0.0003034272481195182,0.00023686246060490606,0.00033991518312005296
0.1245,0.0003015947872749745,0.00023286999839944463,0.0003388288347136628
0.12466666666666666,0.0003033046571085901,0.00023160880208777205,0.0003375488098846707
0.12483333333333332,0.0003018606829631033,0.00023168104890338416,0.00033815237102502205
0.125,0.00030306398490095507,0.0002288082944732582,0.00033743525175077336
0.12516666666666668,0.0003003818640652563,0.00023899584700083274,0.0003349462104892448
0.12533333333333332,0.0002994368199596382,0.0002251600317418494,0.00033345791815511227
0.1255,0.0002971733232933672,0.0002309396313097992,0.0003333480380959231
0.12566666666666665,0.0003005744775496209,0.00023376304792223536,0.00033429676114749994
0.12583333333333332,0.0002965465314112645,0.00022800389519986135,0.0003319515740605507
0.126,0.0002964671011990643,0.00022526755158490966,0.0003303560945527687
0.12616666666666665,0.0002949201380032947,0.000232583962224687,0.0003289798107490846
0.12633333333333333,0.000297371512171802,0.00022814509014948837,0.00033072465372530334
0.1265,0.00029156107599558403,0.000222998585123913,0.0003274180889026063
0.12666666666666665,0.0002941328567730914,0.0002288335915594633,0.00032898229682205106
0.12683333333333333,0.0002936299627876718,0.00022604447594229212,0.0003282528472318969
0.127,0.00029478767612307763,0.00022406526609162014,0.00032782423076531343
0.12716666666666665,0.0002903234918782207,0.0002205098085502124,0.0003246536698380226
0.12733333333333333,0.00029170457436500033,0.00022678755716086507,0.00032501099710080034
0.1275,0.00028820533211257484,0.00022508160178335567,0.00032382699841616256
0.12766666666666665,0.0002881982426917977,0.00021598321257870756,0.00032208790078240253
0.12783333333333333,0.00028975600356209795,0.000223683396581417,0.0003226787613025589
0.128,0.00028554018174695877,0.00021825699392751094,0.00031970913527701615
0.12816666666666665,0.00028660512884166097,0.00022116973102091837,0.0003212562005819673
0.12833333333333333,0.0002865857258232528,0.00022076848043827224,0.0003195020997091225
0.1285,0.00028624491021115217,0.0002166073057307272,0.0003191247261431879
0.12866666666666665,0.00028375080939629525,0.00021242540070360997,0.0003162921533588116
0.12883333333333333,0.00028566781351965325,0.00022143807787366928,0.00031866920867835107
0.129,0.00028265451333359256,0.0002142544993070816,0.0003166480856575156
0.12916666666666665,0.0002837091963533406,0.00021806107796796674,0.00031702024870209917
0.12933333333333333,0.0002828607914284712,0.00022323235669559368,0.00031645276969862444
0.1295,0.00028084599563033935,0.0002126044684362914,0.0003138589421492371
0.12966666666666665,0.00028240051522496754,0.00021497715294457387,0.00031443825474602674
0.12983333333333333,0.0002793622340001286,0.0002113427847586994,0.0003123083340050769
0.13,0.0002787755200067864,0.00021568016564210086,0.0003125577162585484
0.13016666666666665,0.0002799606612891564,0.0002164137486736147,0.00031241439710427536
0.13033333333333333,0.00027762390699914653,0.00020661001051856923,0.0003103930954810318
0.1305,0.0002784396502096515,0.00021578402400375176,0.0003102684857106733
0.13066666666666665,0.00027734345216091303,0.00021059724708590724,0.00030911298073077833
0.13083333333333333,0.0002745870683784702,0.00020947448062804197,0.0003082002763643429
0.131,0.0002767335234851699,0.00020872756436447924,0.0003076255132229561
0.13116666666666665,0.0002732993980615016,0.00020799406717662898,0.0003056436749970972
0.13133333333333333,0.00027447715484907293,0.0002079746050348061,0.0003070868482217026
0.1315,0.00027521314477971367,0.00021029234154975048,0.00030566306806576425
0.13166666666666665,0.00027343753456117925,0.00020609800182380585,0.00030513970815837364
0.13183333333333333,0.00027286132604013077,0.0002041055208569494,0.00030391933834610394
0.132,0.00027164779434332584,0.00020988603252044917,0.00030314158232651003
0.13216666666666665,0.0002695695991865979,0.00020663824323161457,0.00030112880166512155
0.13233333333333333,0.00027224995438873543,0.00020859996055956306,0.000303364589070436
0.1325,0.00026675966638702703,0.00020813641611304567,0.00030031418007207936
0.13266666666666665,0.00026815483629077144,0.0002075570893304082,0.00030120862325012785
0.13283333333333333,0.0002672879966095649,0.0002012337267723023,0.0002984196926239773
0.133,0.00026763128187066255,0.0002027441642192773,0.0002990947172647389
0.13316666666666666,0.00026670871581222394,0.00020279919334439107,0.0002981437840012023
0.13333333333333333,0.00026703892053203036,0.00020483014245714528,0.0002975235960507613
0.1335,0.0002640783092135251,0.00019890119398968575,0.00029548098710831293
0.13366666666666666,0.0002673483541338253,0.00019630627903074094,0.00029688844641718656
0.13383333333333333,0.00026419372419413687,0.00020607184292373718,0.00029570144932209553
0.134,0.0002634847893763128,0.00020071272128211024,0.00029485993728035485
0.13416666666666666,0.00026241367903850324,0.00020215817551347644,0.0002936570866274579
0.13433333333333333,0.00026236895495216305,0.00019710488898798536,0.00029319152296975256
0.1345,0.0002635801182645605,0.00019624342850225055,0.00029322209291958283
0.13466666666666666,0.0002601978103345688,0.00019764696563921006,0.00029167502293396416
0.13483333333333333,0.00026026230373319645,0.00019972047899296933,0.00029113315662381635
0.135,0.0002587064347442514,0.0001972682729510542,0.00028971343968919834
0.13516666666666666,0.00025923531089545605,0.00019611044010484609,0.00028998966187832915
0.13533333333333333,0.0002580301074582674,0.00019587825559427697,0.0002891681868118612
0.1355,0.0002580799042694594,0.00019752062449458267,0.00028772007072568127
0.13566666666666666,0.00025692367556535696,0.00019815453857401088,0.0002882072373757372
0.13583333333333333,0.0002555729617415728,0.00019412929680050618,0.0002868168866689954
0.13599999999999998,0.0002560133566725152,0.00019837738450599138,0.00028743943230664384
0.13616666666666666,0.0002561292780880086,0.00019498909620166245,0.00028678820179509794
0.13633333333333333,0.0002561577317767074,0.0001924117122656341,0.0002853406904839645
0.13649999999999998,0.00025406985926419533,0.00019790160656308833,0.00028487641057936444
0.13666666666666666,0.00025483587954333196,0.0001908451557079991,0.0002840280609557415
0.13683333333333333,0.00025435902247490807,0.00019468964942039184,0.0002835886832922096
0.13699999999999998,0.000254299340603505,0.00019300362026649327,0.0002835453210944482
0.13716666666666666,0.0002528908440867364,0.00019199752234732537,0.0002819136236911066
0.13733333333333334,0.00025138328209143066,0.00019326133259966983,0.0002811987771910246
0.13749999999999998,0.00025039316678765396,0.00019439022861687517,0.00028076282881027605
0.13766666666666666,0.0002499262492184503,0.00019034957123875452,0.00028013304412803414
0.13783333333333334,0.00025007243102091064,0.0001907569735322908,0.00028000594070245555
0.13799999999999998,0.0002485717463136386,0.00019134599568942893,0.0002789705489210872
0.13816666666666666,0.00024903358936121615,0.0001911498337927667,0.0002780729786332938
0.13833333333333334,0.00024852775304590825,0.00018978850626859154,0.00027799377549384636
0.13849999999999998,0.0002476314440871195,0.00018541949286600502,0.000276237036652273
0.13866666666666666,0.0002482116446240598,0.00018816670719787242,0.0002764950115723514
0.13883333333333334,0.0002459367854825161,0.000189133864698143,0.0002758162900470091
0.13899999999999998,0.0002473790259804917,0.00018745513718882343,0.0002756681293380051
0.13916666666666666,0.0002453026074027628,0.00018882069641682297,0.0002746901820682945
0.13933333333333334,0.0002455678612759508,0.00018543661438754518,0.00027433423006980375
0.13949999999999999,0.0002452275696202218,0.0001869376275954499,0.00027359551808213395
0.13966666666666666,0.0002437889357654992,0.0001891756044087447,0.00027277036673542396
0.13983333333333334,0.00024289273721336157,0.00018466525755813734,0.0002722893912258949
0.13999999999999999,0.00024262200218590901,0.0001846238514163598,0.00027098273977879553
0.14016666666666666,0.00024141383166946875,0.00018557339515086135,0.00027063913990126
0.14033333333333334,0.0002417658657626745,0.00018127555457774595,0.0002700112603511826
0.14049999999999999,0.0002419694539044178,0.00018584931872182446,0.00027006726498834857
0.14066666666666666,0.0002402075027068894,0.00018435757491852483,0.0002692600513714382
0.14083333333333334,0.00024096235049659605,0.0001864352177389146,0.00026921893864370047
0.141,0.00023950418787215737,0.00018332403698905186,0.00026783667551062793
0.14116666666666666,0.0002387828087011827,0.00017833968856078815,0.00026707682115548984
0.14133333333333334,0.0002383082739251061,0.00018272994347481197,0.00026658336619459237
0.1415,0.00023831628330635106,0.00018222014406065067,0.0002667854596326988
0.14166666666666666,0.00023899027429398955,0.00018073156568111773,0.00026705334742714457
0.14183333333333334,0.0002362570536066915,0.00018322582953045246,0.00026482193525849515
0.142,0.00023793394834640172,0.0001801491232542448,0.00026578301300593776
0.14216666666666666,0.00023707243260603136,0.00018098280979896332,0.0002645365792992321
0.14233333333333334,0.00023483487301165866,0.00018027504756577565,0.0002630753293966972
0.1425,0.00023462393978846986,0.00017898804671236224,0.00026225903262350767
0.14266666666666666,0.00023422239622727624,0.0001790146530289952,0.00026196888855619066
0.14283333333333334,0.00023303437626105703,0.0001798553862621431,0.0002614159707007285
0.143,0.0002336753235158298,0.00017595527091699448,0.0002609104666860049
0.14316666666666666,0.00023355283172333855,0.0001783652897939624,0.00026043418541480095
0.14333333333333334,0.00023250558039123026,0.00017709430870292957,0.00025998784367056276
0.1435,0.0002323185213454337,0.00017699392158844037,0.00025955731011941316
0.14366666666666666,0.0002313632973192307,0.00017674246069621742,0.00025854569517312403
0.14383333333333334,0.0002309850401924805,0.0001744615199787744,0.00025804439732988636
0.144,0.00023055981759898572,0.0001791652517649505,0.00025846575564257655
0.14416666666666667,0.00023005787331110435,0.0001776052821758894,0.0002573921582049075
0.14433333333333334,0.0002303413920439477,0.00017344303556255937,0.00025724426225656223
0.1445,0.00022861132239783758,0.00017493712579721987,0.0002556081362845459
0.14466666666666667,0.0002299199232329977,0.00017556265317028192,0.00025607053645366296
0.14483333333333334,0.0002283568999470996,0.00017466768976360996,0.0002558557217915857
0.145,0.00022745713093008595,0.00017524862406723758,0.00025396206276206095
0.14516666666666667,0.0002267036279459524,0.00017304973945703235,0.00025423120799548395
0.14533333333333334,0.00022657599515766747,0.00017277783457141785,0.0002534064747867683
0.1455,0.00022650232982014722,0.00017674970019748379,0.000253268970907474
0.14566666666666667,0.00022496916536685884,0.00017256572139709902,0.00025147028360834043
0.14583333333333331,0.0002243170104965565,0.00017313461535214966,0.000251459688829747
0.146,0.00022449008464988813,0.0001714631653776814,0.00025088472189898687
0.14616666666666667,0.00022423665115577513,0.00016922928158772004,0.0002504378615654458
0.14633333333333332,0.00022365883549143418,0.00017225797463271596,0.0002502190612768845
0.1465,0.00022321997937189842,0.00017002629420766757,0.00024977686571735783
0.14666666666666667,0.00022244307955513205,0.00017059771469794542,0.00024889906963837364
0.14683333333333332,0.00022230179520618375,0.00017011618635960597,0.00024824232385764857
0.147,0.00022117994416585247,0.0001672449079089167,0.00024723618317605735
0.14716666666666667,0.00022099442748663457,0.00016976594117674843,0.0002476235490722433
0.14733333333333332,0.00022072559789342784,0.00016999273577008786,0.0002470485301329934
0.1475,0.00022041500765868367,0.00016869281153509812,0.00024678779430200426
0.14766666666666667,0.00022015637337121304,0.00016630061081642758,0.0002454510696671383
0.14783333333333332,0.00021928040937708142,0.00016679879442280072,0.00024541710064168026
0.148,0.00022013523998534393,0.00016660604075502156,0.0002452972299037364
0.14816666666666667,0.00021808588617607715,0.00016780126430144052,0.00024389508739693585
0.14833333333333332,0.00021739930676880544,0.00016535449276720466,0.0002433885480246761
0.1485,0.00021771618230163173,0.0001665888260369149,0.00024329834581586222
0.14866666666666667,0.00021664998376145602,0.00016619597824977435,0.00024279564009172972
0.14883333333333332,0.00021689487452607666,0.0001669852164057081,0.00024262815176087526
0.149,0.00021665222427879382,0.0001659187437030258,0.00024195962277481748
0.14916666666666667,0.00021653688334157027,0.00016454115343430872,0.00024145946975422035
0.14933333333333332,0.0002142750679332801,0.00016461360975838054,0.00024041472853066618
0.1495,0.00021435467522633577,0.00016511466275363258,0.0002393201858011443
0.14966666666666667,0.0002141026530554149,0.00016489655587651766,0.00023996535866916354
0.14983333333333332,0.0002146020987440662,0.0001613022751524804,0.00023934102370367716
0.15,0.00021389902015616502,0.00016291371008559356,0.00023893193381431828
0.15016666666666667,0.00021275180518731584,0.00016126147982015344,0.00023749665160695035
0.15033333333333332,0.0002125056425853882,0.00016220249872473178,0.0002378134677168251
0.1505,0.00021221815353833666,0.00016168834629235715,0.00023753486886873815
0.15066666666666667,0.0002120603394331806,0.00016274819436109918,0.00023701240724721646
0.15083333333333332,0.0002114281365889817,0.0001621036608902221,0.00023663863398069366
0.151,0.0002109245212963194,0.00016065388951823527,0.00023594426669956296
0.15116666666666667,0.0002108059222208543,0.0001615043516675495,0.00023577028039660445
0.15133333333333332,0.00021016097326711483,0.00016057768414904128,0.0002347660843338817
0.1515,0.0002095742374107827,0.00015936582852432523,0.00023436516416498792
0.15166666666666667,0.00020925931394430875,0.00016006959042183625,0.0002338735846526164
0.15183333333333332,0.00020881545884636203,0.00015763863344459413,0.00023330534435498596
0.152,0.00020840213783584105,0.00015917856325451266,0.0002328431261328166
0.15216666666666667,0.0002083361207176996,0.0001599903108913495,0.00023265008594902534
0.15233333333333332,0.00020719873042469625,0.00015941072175455683,0.00023210093275921392
0.1525,0.00020740290994446727,0.00015585406318484424,0.00023165214941206995
0.15266666666666667,0.00020602041923860955,0.00015786644439851722,0.00023030013495125228
0.15283333333333332,0.00020640940849447412,0.00015678446642030888,0.00023058036732197446
0.153,0.00020631519983435435,0.00015824383152707584,0.000230273834513269
0.15316666666666667,0.0002053862010695243,0.00015634248801035236,0.00022983949532815425
0.15333333333333332,0.00020420668046605166,0.00015799029337317254,0.00022876581305230248
0.1535,0.0002043412979153145,0.0001564386493770033,0.00022860347088382726
0.15366666666666667,0.0002040042231562628,0.00015596665276343185,0.00022841355981536064
0.15383333333333332,0.0002035989033311922,0.00015558702299566698,0.00022766865906762016
0.154,0.00020336107894706242,0.000155513842882938,0.00022735500507628948
0.15416666666666667,0.00020296732713020096,0.00015459650224497202,0.00022713586127339941
0.15433333333333332,0.00020268674216053866,0.00015573060532670486,0.0002265092487244463
0.1545,0.00020284132401179774,0.000155323106707618,0.00022636936009179454
0.15466666666666667,0.00020133616193360052,0.0001523102689363864,0.00022555929030804509
0.15483333333333332,0.00020129602164447845,0.00015286458521326948,0.0002252222935778975
0.155,0.00020068347637405918,0.0001528003622472361,0.00022448912049446106
0.15516666666666667,0.00020028957060992252,0.00015224837874360122,0.0002236662509895258
0.15533333333333332,0.0001989477718896063,0.00015428341877275105,0.000223318422377173
0.1555,0.00019978365204200465,0.00015279531914190637,0.00022324249070002482
0.15566666666666665,0.00020012187758502667,0.00015279313846593265,0.00022347128768719843
0.15583333333333332,0.00019890176020203066,0.00015079637291954537,0.000222153194499092
0.156,0.00019795542232403277,0.00015124612887325873,0.00022160423009675418
0.15616666666666665,0.00019814506311707707,0.00015082610721638967,0.0002214494673137468
0.15633333333333332,0.00019842175548823868,0.00015061747325582233,0.00022148409323975067
0.1565,0.00019770367416742726,0.00015000186738582224,0.00022085679460829354
0.15666666666666665,0.00019703697512509372,0.00015238894321575357,0.00022061574635860118
0.15683333333333332,0.00019581238962607713,0.00015080669401433197,0.00021970595616000282
0.157,0.00019658364474835392,0.00014993704377814406,0.00021956251852975613
0.15716666666666665,0.00019503223800645017,0.0001498788001223893,0.00021859302471396406
0.15733333333333333,0.000194650926987765,0.0001480487614979863,0.00021830385730492932
0.1575,0.00019455994196081216,0.00014962133310695788,0.000218125177254415
0.15766666666666665,0.0001944452717743245,0.00014851014053556593,0.00021740504516043618
0.15783333333333333,0.00019427810848610447,0.00014696648720744385,0.00021734592697479927
0.158,0.0001942746908585193,0.00015058007029838957,0.00021750314229842748
0.15816666666666665,0.0001936152087038258,0.00014784014868441766,0.00021657651453948815
0.15833333333333333,0.00019381289801475692,0.00014836129639254336,0.00021642482941880656
0.1585,0.00019165175333877253,0.00014552183307334798,0.00021469846335983112
0.15866666666666665,0.00019236598992821303,0.00014746924014273483,0.00021500942248092787
0.15883333333333333,0.0001922164834290443,0.00014714514441626606,0.000214888564168674
0.159,0.00019219023776708755,0.00014740662909898137,0.00021487010140709388
0.15916666666666665,0.0001911631646360563,0.00014757945271318885,0.0002141298218523973
0.15933333333333333,0.0001907056474948684,0.0001457022312173172,0.00021327444199221242
0.1595,0.0001914404905628098,0.00014660719630450852,0.00021382587280580263
0.15966666666666665,0.0001903752446371116,0.00014505135253375226,0.0002121775087730781
0.15983333333333333,0.00019011419022237742,0.00014583995485869158,0.00021237608047791945
0.16,0.00018948796799190786,0.00014473636861750088,0.0002118358270179788
0.16016666666666665,0.00018953357184512006,0.00014552829617657,0.00021236590623717043
0.16033333333333333,0.00018921319411808728,0.000145335239729387,0.00021146944561866945
0.1605,0.00018880169369549766,0.00014350857326548628,0.00021137389926314355
0.16066666666666665,0.0001878785629604135,0.00014370773911353434,0.00021080339409985414
0.16083333333333333,0.00018808120817784195,0.0001431425558333363,0.00021013444307288646
0.161,0.00018705546825201,0.00014299082438977667,0.00020948018290625048
0.16116666666666665,0.00018657154366699642,0.00014282018036277706,0.00020888863382735427
0.16133333333333333,0.0001860605143272645,0.0001442767647148102,0.00020897808304797875
0.1615,0.00018697074405340922,0.0001436262974690131,0.00020861276400701797
0.16166666666666665,0.00018592813427406355,0.00014242244847609682,0.00020850455049807544
0.16183333333333333,0.00018542659246077102,0.00014186003816111975,0.0002073177655481851
0.162,0.00018540761473328496,0.00014254810804387668,0.00020757232349774324
0.16216666666666665,0.00018561792903482396,0.0001433602288490808,0.00020724073118190024
0.16233333333333333,0.0001847496587952585,0.00014089432736193148,0.00020654022356283053
0.1625,0.00018399515282395987,0.00014182184446272,0.00020594537760606146
0.16266666666666665,0.00018404555351900708,0.0001401711929707407,0.00020590755284580534
0.16283333333333333,0.00018430137921972894,0.0001409093484535531,0.00020559865429266327
0.163,0.00018350722636404168,0.00014030730589194242,0.00020517954299316372
0.16316666666666665,0.0001826441516830215,0.0001403787323780719,0.00020463245795118107
0.16333333333333333,0.00018261710768591066,0.00013988871360863715,0.00020428041094577883
0.1635,0.00018201460543700176,0.0001398572360688122,0.00020361897603700466
0.16366666666666665,0.00018174938522683737,0.00013935823033468263,0.00020379942632405975
0.16383333333333333,0.00018206263674421107,0.00013924831917099458,0.00020352128385525917
0.164,0.00018129163152760726,0.0001401120130278206,0.00020305501572426903
0.16416666666666666,0.00018133253357315637,0.00013859212800406998,0.0002022060493204769
0.16433333333333333,0.00018060989522331128,0.00013803009529378892,0.0002018419940922383
0.1645,0.00017989233394772542,0.00013771872023563456,0.00020125971583631323
0.16466666666666666,0.00018023820739272947,0.0001395545456223746,0.00020144295898127617
0.16483333333333333,0.00017975704959241888,0.00013733426600052174,0.00020099346485483996
0.165,0.0001797230957684014,0.0001369235144217068,0.00020070134901593718
0.16516666666666666,0.00017899269437059894,0.00013782118389617625,0.00020019791465596988
0.16533333333333333,0.00017888868757053278,0.00013718199528955056,0.0002002770486083572
0.1655,0.0001788143824684895,0.00013751982297437128,0.00020000005878519696
0.16566666666666666,0.00017766132214842875,0.00013624309417431608,0.0001987974097749949
0.16583333333333333,0.00017680561089148961,0.00013617514236488905,0.00019838516997009755
0.16599999999999998,0.00017793479733946226,0.00013586644066998542,0.00019828865036025886
0.16616666666666666,0.00017683017746512173,0.00013566267572193616,0.00019822187977573794
0.16633333333333333,0.000176833229772545,0.00013558564552806934,0.00019771178348374703
0.16649999999999998,0.0001769357741521693,0.0001345529176786312,0.0001976820663899214
0.16666666666666666,0.0001758332471469721,0.00013462896394916558,0.0001966363509027936
0.16683333333333333,0.00017554705284690095,0.00013492044955698055,0.00019659715111328108
0.16699999999999998,0.00017538019178425104,0.0001348451336073457,0.00019617721254825782
0.16716666666666666,0.00017497139328165857,0.00013333372272737647,0.00019595714589762378
0.16733333333333333,0.00017523693115013112,0.00013458984064595062,0.0001956155656166048
0.16749999999999998,0.0001751650432714465,0.0001328966570635167,0.0001953517106962819
0.16766666666666666,0.00017387682520490796,0.00013252990430327112,0.00019440447352698438
0.16783333333333333,0.00017440820945926441,0.00013375400875737252,0.00019482387122489523
0.16799999999999998,0.00017324495790505527,0.0001334886468693236,0.0001937780059510316
0.16816666666666666,0.00017346550501471696,0.00013284253333906872,0.00019405245676066152
0.16833333333333333,0.00017231658254657716,0.00013292340942954535,0.00019309379451649969
0.16849999999999998,0.00017193159144812654,0.00013222161478677484,0.0001925854708256732
0.16866666666666666,0.0001721716756961459,0.00013207340611796385,0.0001926856857738341
0.16883333333333334,0.00017187781366548017,0.00013141208752353624,0.00019246524292114927
0.16899999999999998,0.00017167219084201097,0.00013136957758831834,0.0001920438156607485
0.16916666666666666,0.00017160652608142046,0.000131342805924306,0.00019198518486199308
0.16933333333333334,0.00017111299845581755,0.00013113985713391054,0.00019141248096405384
0.16949999999999998,0.00017061757658575792,0.00013027815951919587,0.00019063251823401507
0.16966666666666666,0.00017101803082759235,0.0001311784515147442,0.00019093607965314845
0.16983333333333334,0.00017044319843704172,0.0001297229279884424,0.00019049555736356567
0.16999999999999998,0.00017009812826712027,0.00013050271938361616,0.0001900413942452773
0.17016666666666666,0.00016963766438552797,0.0001298855951114576,0.00018965520100578428
0.17033333333333334,0.00016920761276513772,0.0001302449981406393,0.0001893762623353326
0.17049999999999998,0.0001689599220064311,0.00012924384154089027,0.0001887078133147676
0.17066666666666666,0.00016813414689312604,0.0001296730577501395,0.00018842113898347317
0.17083333333333334,0.000168068287025321,0.00012804413362743535,0.00018786058861929304
0.17099999999999999,0.00016741263145142075,0.0001288714079555126,0.0001878456837172801
0.17116666666666666,0.00016771018008175735,0.00012808552445415247,0.00018746392081024136
0.17133333333333334,0.00016812485270727384,0.00012746633011021484,0.00018771446759988515
0.17149999999999999,0.00016743599363104456,0.00012882815370199538,0.00018707601001682916
0.17166666666666666,0.0001667812611976797,0.00012767949524884276,0.0001866404259885457
0.17183333333333334,0.0001672598151454661,0.0001274491547765655,0.00018648637333662898
0.172,0.00016575578440983633,0.0001266791889069029,0.00018583789186632545
0.17216666666666666,0.00016605228533211043,0.00012688674185567812,0.0001856052683793203
0.17233333333333334,0.00016593486093220396,0.00012652757461155596,0.00018550189625241934
0.1725,0.00016526802595583854,0.00012651722031607087,0.00018484360861231792
0.17266666666666666,0.00016531346038031047,0.0001262041140228192,0.00018495626634972584
0.17283333333333334,0.00016450834960427186,0.00012661236451128442,0.00018417412100138922
0.173,0.0001649891049771052,0.00012619869183499026,0.00018433075189406027
0.17316666666666666,0.00016443505306909886,0.00012519056627851723,0.00018381028616950822
0.17333333333333334,0.00016335778070127887,0.00012490151803481832,0.00018288384677215462
0.1735,0.00016373629951981606,0.00012493809665483832,0.0001831354909000638
0.17366666666666666,0.00016322247424406373,0.00012518983000380613,0.00018251775210867082
0.17383333333333334,0.00016310910007954907,0.00012477581662229538,0.0001826259474630905
0.174,0.00016283739957411678,0.0001242786610054239,0.00018173025359227702
0.17416666666666666,0.00016260034649953503,0.00012449679774205347,0.00018187164681986048
0.17433333333333334,0.00016212564707087398,0.0001230598945066381,0.0001810967577142654
0.1745,0.00016200335740616575,0.0001232389369729118,0.00018101207167357932
0.17466666666666666,0.0001611729650137523,0.0001233489218213008,0.00018060159917992116
0.17483333333333334,0.00016213593827778331,0.00012413174901190554,0.00018112561110713318
0.175,0.0001612364140144954,0.0001225310850923038,0.00018038520973152642
0.17516666666666666,0.00016118368192660225,0.00012264224270524873,0.00018002541814455972
0.17533333333333334,0.00016013507548121215,0.00012283249597962227,0.00017952008175888253
0.1755,0.00016010815980880327,0.00012317013379674802,0.0001791317982128339
0.17566666666666667,0.0001600875640365922,0.00012195050932738822,0.00017901680182140923
0.1758333333333333,0.00016016951399508894,0.00012104856915863011,0.00017851582825974944
0.176,0.00015932302418973356,0.00012241682804857396,0.0001783350611114595
0.17616666666666667,0.00015943254015823575,0.0001218769424737249,0.00017823031797123442
0.17633333333333331,0.00015944042724154892,0.00012155078907402848,0.000178010327955391
0.1765,0.00015877971247852876,0.00012065612306780834,0.0001774209960535188
0.17666666666666667,0.00015830203542533457,0.0001211254032436679,0.00017724889781240888
0.17683333333333331,0.0001580516129796159,0.00012069418701019178,0.0001767549557526602
0.177,0.00015800766427583008,0.0001198200795016253,0.00017672276330227857
0.17716666666666667,0.00015741563427346645,0.00012072772170148382,0.00017609787934228966
0.17733333333333332,0.00015762012111626646,0.0001200364668328301,0.00017609869932135584
0.1775,0.0001574276889435055,0.00011991704782485539,0.0001758868973798119
0.17766666666666667,0.00015700879008556217,0.00011920476315692587,0.00017543204048446503
0.17783333333333332,0.00015646513853091956,0.00011983304402353566,0.0001751373587718241
0.178,0.00015627604606457347,0.00011888696108210808,0.00017494955717136718
0.17816666666666667,0.00015588429073776084,0.00011940400232811774,0.00017438619454174752
0.17833333333333332,0.00015566950828029607,0.00011746680749238003,0.00017403970721215602
0.1785,0.00015557198931625757,0.00011930699602178814,0.00017403638645717892
0.17866666666666667,0.0001548223598876032,0.00011898390842795026,0.00017357828390317402
0.17883333333333332,0.00015509750625908918,0.00011848870912916078,0.0001733580915046764
0.179,0.00015520529632799117,0.00011755635318951808,0.00017299814299167593
0.17916666666666667,0.00015414340840595506,0.00011720398165748983,0.00017255176124229843
0.17933333333333332,0.00015393269791428416,0.00011777023691539627,0.00017242103688715785
0.1795,0.00015385834998870118,0.00011795670817658914,0.00017226729004106846
0.17966666666666667,0.00015372001112926712,0.00011692262579125324,0.00017190868594381254
0.17983333333333332,0.00015347755508633706,0.00011722976564611476,0.0001719179166874777
0.18,0.0001533153512876275,0.00011698707383697286,0.0001713391547841351
0.18016666666666667,0.00015248944168412976,0.00011653224222583255,0.00017120188817876128
0.18033333333333332,0.0001528569302740599,0.00011588745750257196,0.00017065002217298263
0.1805,0.00015218381012958968,0.0001166712514849646,0.0001704341265757783
0.18066666666666667,0.0001523794039747126,0.00011572390493270036,0.00017026011725197144
0.18083333333333332,0.0001525586941757553,0.00011655080528732679,0.00017034392879686244
0.181,0.00015217430038662493,0.00011579951291622744,0.00016992414768781676
0.18116666666666667,0.0001516277874851934,0.00011556201793901651,0.00016968612142393788
0.18133333333333332,0.00015127710953221615,0.00011534950679849767,0.000169202758397351
0.1815,0.00015102387339672953,0.00011517876872141988,0.00016886676268060023
0.18166666666666667,0.00015069569719122975,0.00011490972201856246,0.00016865722172818904
0.18183333333333332,0.0001502263957602856,0.00011570098582989936,0.0001680173245571857
0.182,0.00015017770767869514,0.00011481168739415604,0.00016814436831654697
0.18216666666666667,0.00015026599978192677,0.00011446999398841895,0.00016783742521354406
0.18233333333333332,0.00014976708019349215,0.0001140385378254322,0.0001674573793743382
0.1825,0.000149643759561077,0.00011347122694428834,0.00016733037277712903
0.18266666666666667,0.00014910421061400337,0.00011479140480121534,0.0001670419570342919
0.18283333333333332,0.00014916871896126043,0.00011314259173575684,0.0001668603909898827
0.183,0.0001486500251547187,0.00011389805569804366,0.00016649692446793032
0.18316666666666667,0.00014844675675573958,0.00011351221118729132,0.00016606524271893107
0.18333333333333332,0.00014824886232448002,0.00011294216790835347,0.00016593898476175667
0.1835,0.00014829546830797592,0.00011297486630045767,0.0001657895104457744
0.18366666666666667,0.0001478408882931243,0.00011293126868579484,0.00016551340277361364
0.18383333333333332,0.00014738486724708214,0.00011238999183377392,0.0001651183787770096
0.184,0.0001473142908379601,0.00011287965558202713,0.0001649447688284309
0.18416666666666667,0.0001470318832427537,0.00011237375738664779,0.0001643941245351226
0.18433333333333332,0.0001470502165595018,0.0001124713974011123,0.00016447619151371837
0.1845,0.0001465112896806904,0.00011226408098594468,0.00016395512700091193
0.18466666666666667,0.0001465049333542378,0.00011142799721414137,0.00016383983904469677
0.18483333333333332,0.00014680164425976037,0.00011202285728976777,0.00016379331124146554
0.185,0.00014616479333146403,0.00011111110072667528,0.0001635738534544169
0.18516666666666667,0.0001455417790519185,0.0001116477574230304,0.00016298061166211558
0.18533333333333332,0.00014574172972317169,0.00011143722247773099,0.0001629228118634258
0.1855,0.000145109758892434,0.0001110602227678994,0.00016255749887564533
0.18566666666666667,0.000144772228092528,0.00011088261217379018,0.000162142429651436
0.18583333333333332,0.00014482615392042282,0.00011047258486616453,0.000162005540517344
0.186,0.00014486610299478043,0.00011059608241386953,0.00016191227917103994
0.18616666666666665,0.00014462243771107915,0.00011072412001367519,0.00016188225767980194
0.18633333333333332,0.00014420569857382008,0.0001102204946872665,0.00016112027923148795
0.1865,0.0001435359243948732,0.0001099978537868055,0.00016102791961724146
0.18666666666666665,0.00014366316790833883,0.0001099505042186203,0.00016052934919420783
0.18683333333333332,0.00014325901028323755,0.00010985440662662766,0.000160401126336362
0.187,0.00014329898775920812,0.00010946670675700574,0.0001601221650097821
0.18716666666666665,0.00014291644697966214,0.00010880767296328823,0.0001600446339687838
0.18733333333333332,0.0001429067973299205,0.00010914922097477527,0.0001597817169179217
0.1875,0.00014248141753670253,0.00010957833074783293,0.00015939271797993327
0.18766666666666665,0.00014218073215210158,0.00010909217146266761,0.00015909592834013748
0.18783333333333332,0.0001414667216580529,0.0001087139457885086,0.00015868387849488443
0.188,0.00014237410685873967,0.00010835547299997107,0.0001588470010848204
0.18816666666666665,0.00014134500684171244,0.00010806627045293032,0.0001584015465683501
0.18833333333333332,0.00014134060923050778,0.00010746189328583225,0.00015816784412772295
0.1885,0.00014140694850901952,0.00010831261573942134,0.00015800809117335436
0.18866666666666665,0.0001407473094528381,0.00010808831890471145,0.00015770863235303701
0.18883333333333333,0.00014069976063770564,0.00010782887207714407,0.00015745003833736373
0.189,0.00014052425859533297,0.00010740296420828105,0.00015706667975271267
0.18916666666666665,0.00014018992694384127,0.00010697802393215889,0.00015684185734029688
0.18933333333333333,0.0001407462474301824,0.00010732472059096002,0.00015703540732972074
0.1895,0.00013968070199000886,0.00010663938458638457,0.00015646181174906897
0.18966666666666665,0.0001400035535242651,0.00010711114560599829,0.00015657198875523512
0.18983333333333333,0.00013957758138996245,0.0001063496471168628,0.00015598525530666164
0.19,0.00013893416589966709,0.00010678722563554664,0.00015590524651625635
0.19016666666666665,0.00013889866404122124,0.00010673369004517193,0.00015545878906161913
0.19033333333333333,0.00013870592855884639,0.0001066900371712324,0.00015531248372846313
0.1905,0.000138386198343782,0.00010531605401252043,0.00015476420039934162
0.19066666666666665,0.00013898495625670545,0.00010563408351363768,0.00015498275323388896
0.19083333333333333,0.0001379990458308936,0.00010556520585695709,0.00015435101496121385
0.191,0.00013797729730088873,0.00010568961341564041,0.00015443884431023966
0.19116666666666665,0.00013752282761897108,0.00010604936952744478,0.00015407823056366344
0.19133333333333333,0.00013727683213405074,0.00010553611900588104,0.00015379256391107922
0.1915,0.00013713639098456295,0.00010488756887791578,0.0001534249162834711
0.19166666666666665,0.00013732702286799208,0.0001045923765523809,0.00015332670819355248
0.19183333333333333,0.0001367278606867815,0.00010472779806579935,0.00015301444160139603
0.192,0.00013711053824220026,0.00010465975247154027,0.00015324514006623277
0.19216666666666665,0.00013644295006840965,0.00010464673198284477,0.0001527180263260681
0.19233333333333333,0.00013675090915885342,0.00010414035100497491,0.00015272514783928382
0.1925,0.00013614517729135668,0.00010449699660193425,0.00015214261963409986
0.19266666666666665,0.00013559972337894038,0.00010378699845136403,0.00015176251670586446
0.19283333333333333,0.0001355527440376193,0.0001037460913957116,0.00015152133763751322
0.193,0.00013544105934218663,0.0001033303287555558,0.00015144742859029032
0.19316666666666665,0.00013485141129647126,0.00010276463850495596,0.0001509698595538266
0.19333333333333333,0.00013518235538613886,0.0001037179722082266,0.00015111223575218902
0.1935,0.00013454530725640106,0.00010371208799472988,0.00015078473875297635
0.19366666666666665,0.000134552671956276,0.00010294639505310882,0.00015067042185457993
0.19383333333333333,0.0001343886733965896,0.00010232423381674409,0.00015031193343015091
0.194,0.00013410062271799857,0.00010233741740991476,0.00014995504650765478
0.19416666666666665,0.00013401284084223027,0.00010237567732586499,0.000149986334020077
0.19433333333333333,0.00013402000377127783,0.00010251707115408822,0.00014985918577988365
0.1945,0.00013345470425101048,0.00010252576527007788,0.00014956144472691804
0.19466666666666665,0.00013378547821526056,0.0001018657449438646,0.0001493857627585855
0.19483333333333333,0.00013313202523886403,0.00010224085400379726,0.0001490286358155293
0.195,0.0001329139093137935,0.00010123027064213107,0.0001486957419067287
0.19516666666666665,0.00013305499086807096,0.00010186379489860497,0.00014861950793434414
0.19533333333333333,0.0001325913077552543,0.00010108060860584942,0.00014840364408202014
0.1955,0.00013247254404994427,0.00010118552934530313,0.00014807366399168976
0.19566666666666666,0.00013235005067046199,0.00010094701339809059,0.0001479673529450627
0.19583333333333333,0.00013199378828381632,0.00010095886391945184,0.00014754873303518562
0.19599999999999998,0.00013179982748080714,0.00010111599475571057,0.000147593560574685
0.19616666666666666,0.00013148670048057098,0.00010110370102945548,0.00014722806855820892
0.19633333333333333,0.00013136163324564785,0.00010031669850409887,0.000146931697013217
0.19649999999999998,0.0001313635997592385,9.993341127904091e-05,0.0001467417384952831
0.19666666666666666,0.00013104911912428414,0.0001005263410194091,0.00014664098166690756
0.19683333333333333,0.00013115101544684067,0.00010018508147007162,0.00014648753562032614
0.19699999999999998,0.0001305443249634861,9.976625140538747e-05,0.00014617050771922977
0.19716666666666666,0.00013025922848403277,9.94835961656364e-05,0.00014579897364355357
0.19733333333333333,0.00013029452862437673,9.959671497667773e-05,0.0001457316579790576
0.19749999999999998,0.0001297722479099718,9.957306680244752e-05,0.00014537989991237474
0.19766666666666666,0.0001298636672020603,9.932563951517666e-05,0.0001451873180655332
0.19783333333333333,0.00012955818222427478,9.921368821772214e-05,0.00014503287096330548
0.19799999999999998,0.00012932715056804313,9.901534671158815e-05,0.00014460083142053706
0.19816666666666666,0.0001293782961584201,9.898115787252426e-05,0.00014472732577190626
0.19833333333333333,0.00012949448906522185,9.88754939269998e-05,0.00014467027872486516
0.19849999999999998,0.0001288827753688067,9.869749578254693e-05,0.00014437341057084302
0.19866666666666666,0.00012862732683245552,9.827558141155049e-05,0.00014405386350638824
0.19883333333333333,0.00012853252778987002,9.844533109667941e-05,0.0001437453298015306
0.19899999999999998,0.00012847140648991528,9.810119672124132e-05,0.00014361607758739856
0.19916666666666666,0.00012812582671270853,9.79290375142096e-05,0.0001433147309136584
0.19933333333333333,0.00012785490390363984,9.853331330195033e-05,0.00014311404071846035
0.19949999999999998,0.00012780263593714406,9.747009305930312e-05,0.00014306523538634973
0.19966666666666666,0.0001276834158029119,9.747305102772994e-05,0.00014284296562316827
0.19983333333333334,0.00012726421727938188,9.693038711710654e-05,0.00014253891691839548
0.19999999999999998,0.00012743372952652777,9.737448703023811e-05,0.00014235255249144788
0.20016666666666666,0.0001270215427445896,9.71480516198206e-05,0.0001422292354032557
0.20033333333333334,0.00012714960489157326,9.676718056274182e-05,0.00014202733171537942
0.20049999999999998,0.0001269164609224783,9.707269054654933e-05,0.00014199745438745633
0.20066666666666666,0.00012653524041734144,9.667202655449959e-05,0.00014142307193660249
0.20083333333333334,0.00012662230165277376,9.649653623671963e-05,0.00014156620524515099
0.20099999999999998,0.00012626546561447184,9.664444259521569e-05,0.00014115443321177347
0.20116666666666666,0.00012612894124144244,9.671598708485256e-05,0.00014129663477683953
0.20133333333333334,0.00012572685002626272,9.629417897192033e-05,0.00014068914771706871
0.20149999999999998,0.00012573060767053168,9.657655772569011e-05,0.0001405985893871423
0.20166666666666666,0.00012544215525868736,9.568388564174717e-05,0.0001403711420075499
0.20183333333333334,0.00012536729842932792,9.608558420515326e-05,0.00014028392531344056
0.20199999999999999,0.00012473773588103385,9.591564873101375e-05,0.00013989905029220714
0.20216666666666666,0.00012487291510938976,9.509448197708234e-05,0.0001397955740831477
0.20233333333333334,0.00012470473357770623,9.571263016011928e-05,0.00013968416107850768
0.20249999999999999,0.00012440234118968996,9.50584343688077e-05,0.0001392721716624701
0.20266666666666666,0.0001243223872536056,9.555334373889198e-05,0.00013936201382751292
0.20283333333333334,0.00012435319217225023,9.508349472036874e-05,0.00013903198078733155
0.20299999999999999,0.00012383312387334374,9.460697098687763e-05,0.00013863813788347234
0.20316666666666666,0.00012380715136834936,9.463470653613055e-05,0.0001385639816885825
0.20333333333333334,0.000123642210705273,9.456418701416602e-05,0.00013839691685176331
0.2035,0.00012370413607791546,9.431809252323819e-05,0.00013825448860914233
0.20366666666666666,0.00012336473390264785,9.475396334228416e-05,0.00013811664814860716
0.20383333333333334,0.0001234495271018765,9.437855790068599e-05,0.00013785639744940258
0.204,0.0001229725445812818,9.392751316417688e-05,0.00013765827898442587
0.20416666666666666,0.00012299116928305806,9.428767962608196e-05,0.00013756338054466896
0.20433333333333334,0.00012261539576000047,9.372754865200963e-05,0.00013732408062261213
0.2045,0.00012238944452123616,9.342321553915833e-05,0.00013720830071982197
0.20466666666666666,0.00012195385831824836,9.357585968782766e-05,0.000136815647356571
0.20483333333333334,0.00012226042587424785,9.359420862761106e-05,0.00013676282427696205
0.205,0.00012183865723343604,9.368506322953635e-05,0.00013653456571876128
0.20516666666666666,0.0001219695714723277,9.338570523083848e-05,0.00013630698729773664
0.20533333333333334,0.00012153047390619977,9.316739343997507e-05,0.00013614850331485586
0.2055,0.00012152377521276964,9.260241250442936e-05,0.00013589355038987636
0.20566666666666666,0.0001213261960845329,9.254481382387204e-05,0.00013581520320616138
0.2058333333333333,0.00012091467139426874,9.281876511770284e-05,0.00013559564599014334
0.206,0.00012103679901332104,9.336334016969438e-05,0.00013565256579343743
0.20616666666666666,0.00012065766833315978,9.24885158631077e-05,0.00013514173464200277
0.2063333333333333,0.00012073733732139771,9.244189342429766e-05,0.0001350967751896438
0.2065,0.00012027465179166159,9.225364571626243e-05,0.00013463882998963626
0.20666666666666667,0.00012017781726317791,9.19530210144302e-05,0.00013469970755664045
0.2068333333333333,0.00012034668632826473,9.232592102541744e-05,0.00013459736765193515
0.207,0.00011992474425813484,9.181130268557996e-05,0.00013433551996449488
0.20716666666666667,0.00011992445176420826,9.178967135918841e-05,0.00013425994783884375
0.20733333333333331,0.00011947364736257389,9.15692045598676e-05,0.00013370288488941356
0.2075,0.00011953093356453185,9.19552656856516e-05,0.00013383907711903709
0.20766666666666667,0.00011931878264766774,9.152087691354059e-05,0.00013359009103164866
0.20783333333333331,0.00011916021343897933,9.111633451244251e-05,0.00013338450929695686
0.208,0.00011896573810540573,9.108003193249536e-05,0.00013314292504674298
0.20816666666666667,0.00011903044757603605,9.092183265684544e-05,0.00013311664411329413
0.20833333333333331,0.00011869749581514459,9.115079307727099e-05,0.00013289535154646572
0.2085,0.00011831333512740853,9.051885139647786e-05,0.00013252696221088773
0.20866666666666667,0.00011866146280598987,9.123551756181967e-05,0.00013271786793789093
0.20883333333333332,0.00011809968300764486,9.01511028605617e-05,0.00013227592118444904
0.209,0.00011801284517843902,9.00260406220879e-05,0.00013205280361496035
0.20916666666666667,0.00011784700423341101,9.058607564515486e-05,0.0001319750316352742
0.20933333333333332,0.00011767929698439463,9.011742447536738e-05,0.00013183709730446268
0.2095,0.00011752189942798141,9.027972109869681e-05,0.00013163038297826107
0.20966666666666667,0.00011746032188901978,8.993910820326158e-05,0.00013146844490792987
0.20983333333333332,0.00011712195860266962,8.96871762281479e-05,0.0001310037870266804
0.21,0.00011732193109958126,8.985494681980555e-05,0.00013113928786630326
0.21016666666666667,0.00011694953343230249,8.952820887413926e-05,0.0001309058355674108
0.21033333333333332,0.00011663480127252203,8.937589647798568e-05,0.00013067753257047372
0.2105,0.00011641655339473416,8.907101805487991e-05,0.00013030598716393035
0.21066666666666667,0.00011643446150367905,8.954896755138099e-05,0.0001303585579574578
0.21083333333333332,0.00011653719687815186,8.952654625628017e-05,0.0001302982800796823
0.211,0.00011609963727382043,8.896815814452408e-05,0.00013008177339809767
0.21116666666666667,0.00011568893632435833,8.841018902313576e-05,0.00012964484434083406
0.21133333333333332,0.0001158645606627568,8.895417884721163e-05,0.00012965488846712405
0.2115,0.00011562971908597539,8.802376962585799e-05,0.00012945998440884335
0.21166666666666667,0.00011548663075505023,8.869965086197337e-05,0.00012932415228097892
0.21183333333333332,0.00011564333969451906,8.859910413510994e-05,0.0001292452939684667
0.212,0.00011515993117554474,8.841056086029584e-05,0.00012898401105610027
0.21216666666666667,0.000115221252416839,8.812060655288995e-05,0.0001287650636620314
0.21233333333333332,0.00011495352051578558,8.785973296021502e-05,0.00012857380434105108
0.2125,0.00011463927471091845,8.809190168716662e-05,0.00012832854126711713
0.21266666666666667,0.00011453850156873604,8.78832249509137e-05,0.0001283155989407601
0.21283333333333332,0.00011420646480029649,8.790321690780108e-05,0.00012800507559202216
0.213,0.0001140576788966979,8.748572125835861e-05,0.00012774587324997536
0.21316666666666667,0.00011421622437805786,8.756160733154387e-05,0.00012771475632935515
0.21333333333333332,0.00011366658484087823,8.716533340219792e-05,0.00012740574696256258
0.2135,0.00011415810223521061,8.721338271756088e-05,0.0001274953892493054
0.21366666666666667,0.00011351089066239365,8.703151890496861e-05,0.00012717880596410118
0.21383333333333332,0.00011375326381655604,8.684820748979205e-05,0.00012714568457632293
0.214,0.00011342613725313019,8.711958627535425e-05,0.00012682902293249104
0.21416666666666667,0.00011352252858843476,8.659495790699886e-05,0.0001268629275287647
0.21433333333333332,0.00011295526324786247,8.658095386447178e-05,0.00012650437251441807
0.2145,0.00011311230069638124,8.645509756918587e-05,0.0001265665492293793
0.21466666666666667,0.00011251081223719976,8.630942735929722e-05,0.0001261099830693704
0.21483333333333332,0.00011278028562995575,8.593324286210413e-05,0.00012612515274462296
0.215,0.00011239911608655793,8.61842620212201e-05,0.00012571376843187389
0.21516666666666667,0.00011259583123786798,8.614100050396669e-05,0.00012590506280342557
0.21533333333333332,0.00011207915447943789,8.577064279351216e-05,0.00012537180496274367
0.2155,0.00011213367514657529,8.58184298193323e-05,0.00012532962457089026
0.21566666666666667,0.0001118864094902421,8.559471427969944e-05,0.00012520016222429886
0.21583333333333332,0.00011188925553051814,8.563628594177936e-05,0.00012517090991350999
0.216,0.00011146347174093393,8.52828787513259e-05,0.00012491409460158666
0.21616666666666665,0.00011163791542608468,8.524082439602099e-05,0.00012481452144368782
0.21633333333333332,0.00011117836418650887,8.537881987546951e-05,0.00012447208863582796
0.2165,0.00011118068346219579,8.476584612765349e-05,0.0001244648735363971
0.21666666666666665,0.00011116481968601486,8.517185106986964e-05,0.00012422063267380015
0.21683333333333332,0.00011078683259080918,8.482124966100778e-05,0.0001239631247277324
0.217,0.00011074428718847997,8.460929756960802e-05,0.0001239407378803274
0.21716666666666665,0.00011071634825506551,8.437417174821758e-05,0.00012381823173964284
0.21733333333333332,0.00011041691935356505,8.466711384377383e-05,0.0001236330823766426
0.2175,0.00011031388243348381,8.428060254662432e-05,0.0001235435460687655
0.21766666666666665,0.00011025259913886434,8.45332356908795e-05,0.0001232977872543205
0.21783333333333332,0.00011004938085180826,8.41637887672058e-05,0.00012314328053723137
0.218,0.00010983656540490543,8.378251419446535e-05,0.0001228080062729156
0.21816666666666665,0.00010982861829240671,8.40889262208262e-05,0.00012291578680323256
0.21833333333333332,0.00010955335664878443,8.361179353961155e-05,0.00012262712222494375
0.2185,0.00010968802594597079,8.397976948025857e-05,0.00012272903516705001
0.21866666666666665,0.00010940428657727372,8.336091409404769e-05,0.00012234777762883182
0.21883333333333332,0.00010929666821071314,8.360145427076005e-05,0.0001221951241263408
0.219,0.00010909524963436301,8.333511449102997e-05,0.00012215588770810989
0.21916666666666665,0.00010885920482538199,8.303378844508456e-05,0.00012178958658441714
0.21933333333333332,0.00010856067601627657,8.294909129542977e-05,0.00012156238892699406
0.2195,0.0001088212862838578,8.340696878306737e-05,0.00012167847701430713
0.21966666666666665,0.00010847060092895689,8.262717727491597e-05,0.00012142181886656437
0.21983333333333333,0.00010844819321037384,8.28422686884099e-05,0.00012121435084002033
0.22,0.0001082449425677416,8.30793344780341e-05,0.00012107907155965365
0.22016666666666665,0.00010814026105043389,8.249162628070693e-05,0.00012088129544506073
0.22033333333333333,0.00010809128841161777,8.249094104973409e-05,0.00012080374324923196
0.2205,0.00010775082698843296,8.211024262589739e-05,0.00012068695003433594
0.22066666666666665,0.00010787302849061884,8.231665449420353e-05,0.0001205279624755356
0.22083333333333333,0.00010760947206714024,8.230703122924096e-05,0.00012049616360416859
0.221,0.00010749237367830898,8.20595043796266e-05,0.00012022960938389181
0.22116666666666665,0.00010739540392325049,8.199857420933717e-05,0.0001200407050058816
0.22133333333333333,0.00010702342721659966,8.141126558613815e-05,0.0001197340546565152
0.2215,0.00010695073069644423,8.195305532099676e-05,0.00011982219620125437
0.22166666666666665,0.00010706146423672499,8.151390862154392e-05,0.00011975975768501498
0.22183333333333333,0.00010667172632115087,8.13679668476329e-05,0.00011945832781267797
0.222,0.00010649936289595948,8.133540328930364e-05,0.00011926900744000913
0.22216666666666665,0.00010649416309609348,8.144323327763846e-05,0.00011913277154866061
0.22233333333333333,0.0001063450959122234,8.115923354723254e-05,0.00011900916144137025
0.2225,0.00010621965293259628,8.093167482212217e-05,0.00011865561528204754
0.22266666666666665,0.00010619224127148894,8.12797155260923e-05,0.00011882540240322076
0.22283333333333333,0.00010591128551121485,8.056118601177683e-05,0.00011849790466597305
0.223,0.00010592291837634929,8.078162605131443e-05,0.00011859089787258244
0.22316666666666665,0.00010572992825026847,8.06835622245248e-05,0.00011835446060122976
0.22333333333333333,0.0001057341169049286,8.11006038145892e-05,0.00011824369054776276
0.2235,0.00010550819128310179,8.051198488858355e-05,0.00011804999563430138
0.22366666666666665,0.00010540488074907373,8.050018976251578e-05,0.00011780618305280362
0.22383333333333333,0.000105084110919841,8.025322354756962e-05,0.00011760105526309873
0.224,0.00010490859767285041,8.011874455940708e-05,0.00011749265683137195
0.22416666666666665,0.00010483907987344953,8.02283406174383e-05,0.00011744262626580731
0.22433333333333333,0.00010495660924867034,8.00879205027909e-05,0.00011734924034130361
0.2245,0.00010444669054244188,7.980370989226323e-05,0.0001169246434463197
0.22466666666666665,0.00010448397860458878,7.964737025049471e-05,0.00011686756730901157
0.22483333333333333,0.00010443736965816834,7.992861814495724e-05,0.00011679069207060509
0.225,0.00010443385467069418,7.931403995939211e-05,0.00011674836049680507
0.22516666666666665,0.00010410992344030438,7.943198002729191e-05,0.0001164479757898427
0.22533333333333333,0.00010422993664425538,7.965679722200979e-05,0.00011660674677595489
0.2255,0.00010388956607647489,7.923282556261185e-05,0.0001162765504853702
0.22566666666666665,0.00010377670848448917,7.935640721712445e-05,0.00011608797698869585
0.22583333333333333,0.0001035888111462329,7.909787948859995e-05,0.00011588123252975082
0.22599999999999998,0.00010346444891663834,7.900772296747352e-05,0.00011581672647405313
0.22616666666666665,0.00010336496553297009,7.879708760138778e-05,0.00011561371904509466
0.22633333333333333,0.00010318792742840041,7.867913622408225e-05,0.0001156081808763624
0.22649999999999998,0.00010315851808090457,7.889601547709031e-05,0.0001154365665584238
0.22666666666666666,0.00010303708859896895,7.88791253435636e-05,0.00011533281847870041
0.22683333333333333,0.00010298750675332421,7.858590922631261e-05,0.00011522944543224318
0.22699999999999998,0.00010286358483901818,7.861162761047227e-05,0.00011492321950382683
0.22716666666666666,0.00010260368754042903,7.846686511125808e-05,0.00011482178739642727
0.22733333333333333,0.00010249337374029148,7.814941253890252e-05,0.00011466777850747712
0.22749999999999998,0.00010254404833053773,7.853534253569715e-05,0.00011469997614671181
0.22766666666666666,0.00010215542462916386,7.774296409363213e-05,0.00011434268911775804
0.22783333333333333,0.00010196323022873726,7.789474404043248e-05,0.00011430960898215165
0.22799999999999998,0.00010188789017119034,7.808588969364976e-05,0.0001140415605938399
0.22816666666666666,0.00010188316073057666,7.786967613693093e-05,0.00011395804476807019
0.22833333333333333,0.00010176064694227742,7.78958383508499e-05,0.00011387986011389527
0.22849999999999998,0.00010170157529837942,7.753343583421497e-05,0.0001136620976474955
0.22866666666666666,0.00010154967566233695,7.763440169219106e-05,0.00011366388783446735
0.22883333333333333,0.00010150378867288258,7.737911560585766e-05,0.00011351043817342861
0.22899999999999998,0.00010119828301697196,7.744135610435987e-05,0.00011337534330909878
0.22916666666666666,0.00010106483095469052,7.748546129570242e-05,0.000113217710632321
0.22933333333333333,0.00010108700421797938,7.75320653929574e-05,0.0001130920077025587
0.22949999999999998,0.00010082977912317031,7.69157615435627e-05,0.00011282422747473518
0.22966666666666666,0.00010085642339162447,7.717522533376153e-05,0.0001127985071829031
0.22983333333333333,0.00010065141241051227,7.708310283005523e-05,0.00011267012800948359
0.22999999999999998,0.00010047512318005822,7.669017281166171e-05,0.00011250088913815084
0.23016666666666666,0.00010054642735282868,7.702610837531017e-05,0.00011253042790496875
0.23033333333333333,0.00010036725693068156,7.665456319370868e-05,0.00011223170003097757
0.23049999999999998,0.000100065529510253,7.63955992624733e-05,0.00011211039259357842
0.23066666666666666,0.00010026832712418756,7.670456093890615e-05,0.00011208308291458883
0.23083333333333333,9.981051461826305e-05,7.625582196461583e-05,0.00011179233676741749
0.23099999999999998,9.995714054474334e-05,7.626850437327121e-05,0.00011178190594080654
0.23116666666666666,9.95209522518262e-05,7.62058979237531e-05,0.00011146839705210011
0.23133333333333334,9.961436564266873e-05,7.638687721606403e-05,0.00011151709261038062
0.23149999999999998,9.955772444419404e-05,7.610243259316471e-05,0.00011126722004003242
0.23166666666666666,9.943895747502824e-05,7.602441992124327e-05,0.00011117729886614014
0.23183333333333334,9.918067180917702e-05,7.579900685230412e-05,0.00011100528581475598
0.23199999999999998,9.921479763488473e-05,7.59182553338942e-05,0.00011102595944543516
0.23216666666666666,9.892614459346366e-05,7.559705658023702e-05,0.00011066324365497885
0.23233333333333334,9.893045550964655e-05,7.565992924905534e-05,0.00011077905656663475
0.23249999999999998,9.865097334964223e-05,7.588074802880858e-05,0.00011054701631101025
0.23266666666666666,9.858401474733367e-05,7.522800384587726e-05,0.00011031092885431728
0.23283333333333334,9.852150794340277e-05,7.553332751707117e-05,0.00011024238328180922
0.23299999999999998,9.845036818501355e-05,7.52530580741609e-05,0.00011016002907620518
0.23316666666666666,9.826751979847051e-05,7.516411814602714e-05,0.00011000351947719735
0.23333333333333334,9.829886810431098e-05,7.508829424848846e-05,0.00010996045225879721
0.23349999999999999,9.819780570849697e-05,7.512856759505162e-05,0.00010979871312095346
0.23366666666666666,9.786459318793754e-05,7.486127749962238e-05,0.0001096221631152055
0.23383333333333334,9.772849193555454e-05,7.491944235222948e-05,0.00010943539721913169
0.23399999999999999,9.767425269488406e-05,7.492236252612541e-05,0.00010931680027155505
0.23416666666666666,9.758293573331931e-05,7.467613704065741e-05,0.00010923843851946857
0.23433333333333334,9.745298965570091e-05,7.465040923936267e-05,0.00010905584051174169
0.2345,9.732342167233823e-05,7.438553312211316e-05,0.00010897044729976672
0.23466666666666666,9.736981973097007e-05,7.471169754633677e-05,0.00010886562252746825
0.23483333333333334,9.715208183444289e-05,7.442477076312473e-05,0.00010875311286949883
0.235,9.697444693050603e-05,7.415418357336486e-05,0.00010859664173644209
0.23516666666666666,9.69094800181118e-05,7.451874557731928e-05,0.00010846084597774813
0.23533333333333334,9.693553742458311e-05,7.377763240508931e-05,0.00010834561471725856
0.2355,9.648929868069279e-05,7.40452786285342e-05,0.00010814385756867831
0.23566666666666666,9.666947878412681e-05,7.40510810458116e-05,0.00010817167080127773
0.23583333333333334,9.644536731178879e-05,7.406572268094113e-05,0.00010801086652427583
0.236,9.632443382277676e-05,7.371152735134941e-05,0.00010777877833860879
0.23616666666666666,9.6227160744694e-05,7.382806042860598e-05,0.00010775916124142902
0.2363333333333333,9.61099228027108e-05,7.331397001143765e-05,0.0001075523209983366
0.2365,9.595334755370768e-05,7.362809725823466e-05,0.00010746231956534436
0.23666666666666666,9.603712163894085e-05,7.346312556650867e-05,0.00010744234790218761
0.2368333333333333,9.588794280894475e-05,7.334656660017521e-05,0.00010726992885914205
0.237,9.57994088007488e-05,7.356945421313602e-05,0.00010710385483113294
0.23716666666666666,9.556013892158298e-05,7.297882235661024e-05,0.00010695743836396373
0.2373333333333333,9.562318582669022e-05,7.361303391339464e-05,0.00010689433630557881
0.2375,9.520415508787194e-05,7.279393046745334e-05,0.0001066525851748631
0.23766666666666666,9.527651869396635e-05,7.29491816070425e-05,0.00010665172546042104
0.2378333333333333,9.520011015891672e-05,7.297748567245038e-05,0.00010654119349981145
0.238,9.49359931560571e-05,7.261214861610059e-05,0.0001063435023447329
0.23816666666666667,9.497385949153678e-05,7.28886108547352e-05,0.00010628427570128032
0.2383333333333333,9.509190145946907e-05,7.272431524866859e-05,0.00010622832516014156
0.2385,9.484177175806922e-05,7.254678379840577e-05,0.00010610064170601839
0.23866666666666667,9.473385306686326e-05,7.229700836278151e-05,0.00010588658176620582
0.23883333333333331,9.435972107258066e-05,7.252213373015201e-05,0.00010570834462909941
0.239,9.447973475180447e-05,7.215525041753029e-05,0.00010573931147473233
0.23916666666666667,9.433296855665285e-05,7.226763391978352e-05,0.00010560132073187909
0.23933333333333331,9.423625228459724e-05,7.19514002377296e-05,0.00010550996096303627
0.2395,9.407550878134454e-05,7.212229662189176e-05,0.00010527856351597942
0.23966666666666667,9.394849079370967e-05,7.215138694476796e-05,0.00010522738689248825
0.23983333333333332,9.388326612039189e-05,7.17017977026479e-05,0.00010503432820384538
0.24,9.38047005634197e-05,7.208499269644959e-05,0.00010499390268948744
0.24016666666666667,9.370238420488444e-05,7.160087070263492e-05,0.0001048099062382426
0.24033333333333332,9.349140962713346e-05,7.157960000202772e-05,0.00010472408080432976
0.2405,9.348040895480597e-05,7.160380120211057e-05,0.00010463027742351483
0.24066666666666667,9.337238932537013e-05,7.164557741640525e-05,0.0001044926335244817
0.24083333333333332,9.328474931522702e-05,7.123632053962252e-05,0.00010444343583227389
0.241,9.325950954418599e-05,7.148809442172363e-05,0.00010424849898451036
0.24116666666666667,9.291948909433179e-05,7.107613389986293e-05,0.00010408273608751314
0.24133333333333332,9.293378444661919e-05,7.103042179717213e-05,0.00010397234625997017
0.2415,9.292153496402828e-05,7.143517069205017e-05,0.00010399485222324066
0.24166666666666667,9.283601055127444e-05,7.089286821153103e-05,0.00010381189543420775
0.24183333333333332,9.278365746522623e-05,7.104034211684023e-05,0.00010378155263658232
0.242,9.260870687192779e-05,7.076491071595175e-05,0.00010355851426856831
0.24216666666666667,9.241816859702348e-05,7.083103889297063e-05,0.00010344198847353542
0.24233333333333332,9.231385987251466e-05,7.06058516009044e-05,0.00010334536376464595
0.2425,9.210593282013552e-05,7.033235987788085e-05,0.00010322456515636326
0.24266666666666667,9.211618892077953e-05,7.065200906938282e-05,0.00010308876702291986
0.24283333333333332,9.216083216419958e-05,7.060728611458744e-05,0.00010296982401664044
0.243,9.21095944665955e-05,7.034730314519606e-05,0.00010294574059450025
0.24316666666666667,9.203527539218546e-05,7.02412690845826e-05,0.00010282218020865954
0.24333333333333332,9.182170832912456e-05,7.044589346325735e-05,0.0001027281022332138
0.2435,9.161092391552364e-05,6.974456286829215e-05,0.00010258113558979345
0.24366666666666667,9.15134593647943e-05,7.019156009894745e-05,0.00010245833957031692
0.24383333333333332,9.136786672841322e-05,7.002903593089071e-05,0.00010241828220901139
0.244,9.129733264596243e-05,6.992383121921606e-05,0.00010215113570285723
0.24416666666666667,9.132139313057157e-05,6.995688172455984e-05,0.00010220863509164438
0.24433333333333332,9.115288728515961e-05,6.958746470180678e-05,0.00010197163946448721
0.2445,9.113679772823803e-05,6.972293122087566e-05,0.00010189638943226577
0.24466666666666667,9.088937748985771e-05,6.960958588305244e-05,0.00010187657727939625
0.24483333333333332,9.086081698272075e-05,6.972205196765129e-05,0.00010177595305820865
0.245,9.074927889670318e-05,6.942922891818104e-05,0.0001015955873666195
0.24516666666666667,9.065655465123917e-05,6.928656837824714e-05,0.00010147044913529562
0.24533333333333332,9.041276772592225e-05,6.944744347201898e-05,0.00010130493891145073
0.2455,9.060298347006181e-05,6.936463057643962e-05,0.0001012870436387434
0.24566666666666667,9.027275619801892e-05,6.898031020919234e-05,0.00010115146281920249
0.24583333333333332,9.030328217697e-05,6.906064911463274e-05,0.00010100451000868765
0.246,9.015864413611035e-05,6.928278750046706e-05,0.0001009828949064851
0.24616666666666664,9.01526802779421e-05,6.874435674599771e-05,0.00010081250200445332
0.24633333333333332,9.00273073599172e-05,6.894071531139685e-05,0.00010082199462516369
0.2465,9.003880700684445e-05,6.887714713536213e-05,0.00010063749560523147
0.24666666666666665,8.967962831345683e-05,6.870416488508433e-05,0.0001004509994879351
0.24683333333333332,8.989466510864458e-05,6.865687773876301e-05,0.00010052876424209478
0.247,8.949742902151181e-05,6.854717993188011e-05,0.00010033070972537176
0.24716666666666665,8.950886595751495e-05,6.870575681463825e-05,0.00010026565025662088
0.24733333333333332,8.940745009196692e-05,6.832332308696421e-05,0.00010011010293402502
0.2475,8.938492380147677e-05,6.844752861443776e-05,0.00010002572839489227
0.24766666666666665,8.926730074446343e-05,6.822775560568609e-05,9.990894217552664e-05
0.24783333333333332,8.915858245281096e-05,6.817169110553084e-05,9.983645100554354e-05
0.248,8.90389698661263e-05,6.805809717526685e-05,9.968328787779527e-05
0.24816666666666665,8.912450531188458e-05,6.817691684826486e-05,9.969241027011035e-05
0.24833333333333332,8.883390865895604e-05,6.779291568276374e-05,9.943196016559574e-05
0.2485,8.880717456179199e-05,6.794628899108355e-05,9.931432956637884e-05
0.24866666666666665,8.858132944816035e-05,6.807777601852852e-05,9.926123208190541e-05
0.24883333333333332,8.860356862245936e-05,6.769035793355283e-05,9.902304486849293e-05
0.249,8.846793267329641e-05,6.766396954576958e-05,9.901921556776094e-05
0.24916666666666665,8.838264403469146e-05,6.759586558817649e-05,9.904737964535917e-05
0.24933333333333332,8.835882182334627e-05,6.74955782615591e-05,9.891153933557097e-05
0.2495,8.815421025112728e-05,6.74283453558183e-05,9.876620630204334e-05
0.24966666666666665,8.806821582014177e-05,6.750847050211617e-05,9.867862389111967e-05
0.24983333333333332,8.802311842666203e-05,6.757390154265036e-05,9.853262721891197e-05
0.25,8.788596124089836e-05,6.711147074805772e-05,9.84279791795011e-05
0.25016666666666665,8.772323876582268e-05,6.721239012138647e-05,9.83361385100617e-05
0.25033333333333335,8.794600721465925e-05,6.707274585497325e-05,9.829294792596778e-05
0.2505,8.760519645040138e-05,6.719361766864692e-05,9.824667078898913e-05
0.25066666666666665,8.754827597580404e-05,6.689204833392255e-05,9.808154091256167e-05
0.25083333333333335,8.742378088593483e-05,6.714973925580585e-05,9.792125977628188e-05
0.251,8.741146052016158e-05,6.687399894578138e-05,9.779498182919959e-05
0.25116666666666665,8.722153458222274e-05,6.669335670728629e-05,9.772144258536473e-05
0.2513333333333333,8.721879893644865e-05,6.69352671122196e-05,9.760540042885954e-05
0.2515,8.714002504432701e-05,6.659441834091849e-05,9.752131126251875e-05
0.25166666666666665,8.71653868712855e-05,6.666329655516146e-05,9.754541858081714e-05
0.2518333333333333,8.692919319501331e-05,6.659911398528104e-05,9.7382192557642e-05
0.252,8.685433407256885e-05,6.655384114819172e-05,9.724136577110607e-05
0.25216666666666665,8.669954275576995e-05,6.633933200751888e-05,9.708879734751469e-05
0.2523333333333333,8.657932507026054e-05,6.639738570042132e-05,9.702828073777268e-05
0.2525,8.649872974912214e-05,6.620872807973527e-05,9.690756921486617e-05
0.25266666666666665,8.65082930013815e-05,6.602117591179107e-05,9.675927648246583e-05
0.2528333333333333,8.6396961413677e-05,6.607808477111801e-05,9.671645507512255e-05
0.253,8.643821321095413e-05,6.613649594106643e-05,9.671622704141778e-05
0.25316666666666665,8.616538568225794e-05,6.621223512094333e-05,9.653758542227977e-05
0.2533333333333333,8.607215458820267e-05,6.574024504680178e-05,9.638740641211635e-05
0.2535,8.588670254966482e-05,6.5990090667395e-05,9.62095383171685e-05
0.25366666666666665,8.598397451356528e-05,6.581857799463703e-05,9.627046063137043e-05
0.2538333333333333,8.585122439193227e-05,6.537153489352353e-05,9.606580519660176e-05
0.254,8.588754956764966e-05,6.58946270128509e-05,9.609229434978275e-05
0.25416666666666665,8.578172306944796e-05,6.555264606019484e-05,9.59844026167616e-05
0.2543333333333333,8.568367068588144e-05,6.560683938132864e-05,9.589807249335401e-05
0.2545,8.560221416774728e-05,6.564223741789702e-05,9.582786184892471e-05
0.25466666666666665,8.53559693983872e-05,6.556251382424177e-05,9.557037563581479e-05
0.2548333333333333,8.535916715279373e-05,6.522948747178979e-05,9.559547090680942e-05
0.255,8.518355228708483e-05,6.528788799720864e-05,9.542648300597731e-05
0.25516666666666665,8.522965324597128e-05,6.502162443270484e-05,9.538081615621214e-05
0.2553333333333333,8.514534814977562e-05,6.527298875844183e-05,9.526836914275522e-05
0.2555,8.508579861941736e-05,6.519696077527655e-05,9.526734482311034e-05
0.25566666666666665,8.490387942835704e-05,6.513312147319182e-05,9.505636168950912e-05
0.2558333333333333,8.490126204353709e-05,6.506525349226794e-05,9.495210892299903e-05
0.256,8.469198690302221e-05,6.464187243266693e-05,9.471429161854206e-05
0.25616666666666665,8.471484756475372e-05,6.488811470466573e-05,9.482756244496853e-05
0.2563333333333333,8.464844918068457e-05,6.49798184242859e-05,9.473672788388605e-05
0.2565,8.443718721139521e-05,6.453991798676894e-05,9.458652342347999e-05
0.25666666666666665,8.446656073019042e-05,6.474497166673461e-05,9.455821145775196e-05
0.2568333333333333,8.440273023620108e-05,6.459976241774894e-05,9.441477566408755e-05
0.257,8.411191789630396e-05,6.442478998629919e-05,9.417732211115425e-05
0.25716666666666665,8.42165340360105e-05,6.447982710252959e-05,9.425288830141515e-05
0.2573333333333333,8.395617428347806e-05,6.449977804202806e-05,9.401530421080795e-05
0.2575,8.416838762644755e-05,6.407537284593333e-05,9.410636771256929e-05
0.25766666666666665,8.385883533852258e-05,6.436369644097146e-05,9.389755299633403e-05
0.2578333333333333,8.385376820339967e-05,6.407937060243945e-05,9.383850645884774e-05
0.258,8.368006950580612e-05,6.429077965015049e-05,9.371303399388956e-05
0.25816666666666666,8.374087771437444e-05,6.393999587870396e-05,9.368846170827409e-05
0.2583333333333333,8.342457453466831e-05,6.385070377497881e-05,9.339717255839615e-05
0.2585,8.348879986521337e-05,6.408023163571396e-05,9.346751244397703e-05
0.25866666666666666,8.331718763656418e-05,6.370806626031984e-05,9.323840921047893e-05
0.2588333333333333,8.341030978097053e-05,6.395053208676742e-05,9.337448825633138e-05
0.259,8.33132015337219e-05,6.37763243371852e-05,9.31398046359015e-05
0.25916666666666666,8.319354883966134e-05,6.357637395036993e-05,9.30136278493403e-05
0.2593333333333333,8.310317624758171e-05,6.353325864978127e-05,9.295937629019563e-05
0.2595,8.300874353927048e-05,6.359867837820293e-05,9.288165596676125e-05
0.25966666666666666,8.285568779297967e-05,6.329305703226894e-05,9.277520677543056e-05
0.2598333333333333,8.28707800056272e-05,6.320784179952017e-05,9.265402891509499e-05
0.26,8.278714760942501e-05,6.346810655866071e-05,9.2690977771526e-05
0.26016666666666666,8.261794541470139e-05,6.318966944753986e-05,9.241149099174723e-05
0.2603333333333333,8.257349876581207e-05,6.339992819471635e-05,9.243249301358104e-05
0.2605,8.253801465615685e-05,6.316283857183409e-05,9.230761578517767e-05
0.26066666666666666,8.245649529673621e-05,6.31773142675659e-05,9.225990025707098e-05
0.2608333333333333,8.234203942626932e-05,6.285037797955451e-05,9.213712859600304e-05
0.261,8.213704860668506e-05,6.274908626165676e-05,9.201706645635199e-05
0.26116666666666666,8.222597186678305e-05,6.300823857781102e-05,9.196111775762187e-05
0.2613333333333333,8.210280561729035e-05,6.275919763945938e-05,9.192137057898586e-05
0.2615,8.20641894066463e-05,6.286817079218155e-05,9.180026482250314e-05
0.26166666666666666,8.196600976360543e-05,6.264974732124126e-05,9.159630032320021e-05
0.2618333333333333,8.18380928771868e-05,6.26239763185845e-05,9.163715311880616e-05
0.262,8.17030995354923e-05,6.248013608194428e-05,9.146088843553694e-05
0.26216666666666666,8.173725568157503e-05,6.265812238565078e-05,9.147425375901436e-05
0.2623333333333333,8.15133208066507e-05,6.223143047698725e-05,9.135654841823531e-05
0.2625,8.149476322340196e-05,6.238629614764298e-05,9.120726287879689e-05
0.26266666666666666,8.146005673585702e-05,6.231684807205356e-05,9.1209036325186e-05
0.2628333333333333,8.12788941710836e-05,6.219710472387438e-05,9.098100273101733e-05
0.263,8.131297763824768e-05,6.2328262712509e-05,9.10318281610186e-05
0.26316666666666666,8.110482200088487e-05,6.206870630749847e-05,9.080169040640083e-05
0.2633333333333333,8.12046878519917e-05,6.233571230778795e-05,9.08819381407679e-05
0.2635,8.103535381849997e-05,6.194592068742745e-05,9.068662308108905e-05
0.26366666666666666,8.105202363672013e-05,6.196344648534104e-05,9.075414844597267e-05
0.2638333333333333,8.091264925887786e-05,6.192374780696367e-05,9.050759636045428e-05
0.264,8.093729196861042e-05,6.16719088941681e-05,9.04727689107267e-05
0.26416666666666666,8.07422280014789e-05,6.165678161896784e-05,9.041703908050492e-05
0.2643333333333333,8.075614546734752e-05,6.172405540686176e-05,9.02885910915346e-05
0.2645,8.055883040854998e-05,6.174068276514295e-05,9.022736171217496e-05
0.26466666666666666,8.05119581791796e-05,6.147582600063617e-05,9.008260445224972e-05
0.2648333333333333,8.038797982740744e-05,6.167234451296128e-05,9.000601377244323e-05
0.265,8.036559939981467e-05,6.131578160347251e-05,8.993596869259951e-05
0.26516666666666666,8.034300973284059e-05,6.145298631866116e-05,8.987837695588976e-05
0.2653333333333333,8.027387522407947e-05,6.130680188074637e-05,8.981915162382579e-05
0.2655,8.012985716291331e-05,6.132687936601912e-05,8.965752639107141e-05
0.26566666666666666,8.00413817168896e-05,6.123619909078156e-05,8.961433475523452e-05
0.2658333333333333,7.98917718903405e-05,6.106572507671654e-05,8.939844469582387e-05
0.266,7.99486336851318e-05,6.127466834266218e-05,8.944264662168033e-05
0.26616666666666666,7.980687841302511e-05,6.098163859535663e-05,8.925773047022649e-05
0.2663333333333333,7.973466796676876e-05,6.094820679639256e-05,8.929302247274007e-05
0.2665,7.970123389522045e-05,6.09182282826424e-05,8.915184892380843e-05
0.26666666666666666,7.96710798264664e-05,6.095473728576212e-05,8.917267138018098e-05
0.2668333333333333,7.943241855488852e-05,6.068518522386466e-05,8.895934865795602e-05
0.267,7.954582322443544e-05,6.084194410340144e-05,8.896997987269603e-05
0.26716666666666666,7.937726171680164e-05,6.081086956318081e-05,8.87875790708564e-05
0.2673333333333333,7.928910568341003e-05,6.0482342451399386e-05,8.870402384331477e-05
0.2675,7.930699551545252e-05,6.066237358094854e-05,8.866650460490912e-05
0.26766666666666666,7.925493964487907e-05,6.0336343865830477e-05,8.856023713783182e-05
0.2678333333333333,7.91917509701593e-05,6.058162108364892e-05,8.857411291509548e-05
0.268,7.893516444986536e-05,6.0432139767330725e-05,8.840785581600184e-05
0.26816666666666666,7.889624825926179e-05,6.0447788151076506e-05,8.83469710836936e-05
0.2683333333333333,7.886878568578583e-05,6.0298669198183003e-05,8.822510602348852e-05
0.2685,7.872033880132186e-05,6.0119447060526455e-05,8.809710888709046e-05
0.26866666666666666,7.873331364034101e-05,6.0228519613910154e-05,8.814548472751203e-05
0.2688333333333333,7.869765800199294e-05,6.0171967073959504e-05,8.80044614926853e-05
0.269,7.856498205444242e-05,6.0087894869957e-05,8.799546928159187e-05
0.26916666666666667,7.849865718455118e-05,6.001739171142526e-05,8.788412770970653e-05
0.2693333333333333,7.840355703480381e-05,6.005638710779452e-05,8.775725009657463e-05
0.2695,7.828356303917702e-05,5.973147456975159e-05,8.76624631345175e-05
0.26966666666666667,7.833969254405052e-05,5.9876563572085186e-05,8.762405138484973e-05
0.2698333333333333,7.818947935629018e-05,5.97661215953498e-05,8.752894871626243e-05
0.27,7.811184922117602e-05,5.961543830680198e-05,8.746651310954711e-05
0.27016666666666667,7.804639950909882e-05,5.9721537406041034e-05,8.739577899126028e-05
0.2703333333333333,7.804041122442888e-05,5.968022770983187e-05,8.72691707885526e-05
0.2705,7.79381527893787e-05,5.967650995412181e-05,8.719665382264744e-05
0.27066666666666667,7.78944981274427e-05,5.952149190403111e-05,8.713397871548308e-05
0.2708333333333333,7.778783029941854e-05,5.943074618477016e-05,8.705478736768742e-05
0.271,7.774751154587989e-05,5.933629405170503e-05,8.696233868545555e-05
0.27116666666666667,7.757075459535004e-05,5.9416553597706395e-05,8.698029812177341e-05
0.2713333333333333,7.749143726424062e-05,5.936053042768147e-05,8.682627465250628e-05
0.27149999999999996,7.755882591448834e-05,5.9285783425452175e-05,8.682649924130296e-05
0.27166666666666667,7.738365652135562e-05,5.919410897657e-05,8.663675796257285e-05
0.2718333333333333,7.729131597089827e-05,5.915640724459596e-05,8.653198156521502e-05
0.27199999999999996,7.730590389758565e-05,5.926817666565557e-05,8.647530138849364e-05
0.27216666666666667,7.726775774095415e-05,5.888807366926738e-05,8.642671063849163e-05
0.2723333333333333,7.723824635491747e-05,5.8991643611897005e-05,8.639954400638888e-05
0.27249999999999996,7.712197868530308e-05,5.892347270872797e-05,8.635491681863248e-05
0.27266666666666667,7.696552365510302e-05,5.882460525287646e-05,8.61851505088005e-05
0.2728333333333333,7.690711762868857e-05,5.897752478047614e-05,8.611345011848125e-05
0.27299999999999996,7.681913565213301e-05,5.888705369169493e-05,8.606491945887528e-05
0.27316666666666667,7.675163930475529e-05,5.8803328889835e-05,8.589493481888273e-05
0.2733333333333333,7.676251493772454e-05,5.8614784028416013e-05,8.588159008703356e-05
0.27349999999999997,7.66974155654021e-05,5.869959261409287e-05,8.584548466506927e-05
0.27366666666666667,7.658253030840038e-05,5.8687809371975605e-05,8.57367975313331e-05
0.2738333333333333,7.652884640966464e-05,5.85791396258314e-05,8.572155749191571e-05
0.27399999999999997,7.644447375206728e-05,5.847430363862463e-05,8.555129734760819e-05
0.27416666666666667,7.643589839913053e-05,5.8462002424179954e-05,8.5492261482149e-05
0.2743333333333333,7.629206722285554e-05,5.8300374125403794e-05,8.538035793259983e-05
0.27449999999999997,7.62085173155005e-05,5.820851358466842e-05,8.535124432044798e-05
0.27466666666666667,7.622979417293307e-05,5.852926364696193e-05,8.532612280885334e-05
0.2748333333333333,7.610699344161686e-05,5.812622737423361e-05,8.518272676837106e-05
0.27499999999999997,7.597202052891506e-05,5.82365089432651e-05,8.508711273594342e-05
0.27516666666666667,7.596286730817419e-05,5.822209142319839e-05,8.506001161021675e-05
0.2753333333333333,7.578307015775545e-05,5.804995374759254e-05,8.491176723026565e-05
0.27549999999999997,7.581873321136857e-05,5.798073177507155e-05,8.484127087139311e-05
0.27566666666666667,7.573466615645041e-05,5.78888006375615e-05,8.47818009630698e-05
0.2758333333333333,7.562944772006358e-05,5.7925185744298365e-05,8.470590261943956e-05
0.27599999999999997,7.555637294874157e-05,5.7863264125860206e-05,8.4601979996552e-05
0.27616666666666667,7.561626489738733e-05,5.8011403397828485e-05,8.463711452475265e-05
0.2763333333333333,7.550218317626804e-05,5.772542263531911e-05,8.448868452364555e-05
0.27649999999999997,7.533328968957817e-05,5.778457163419044e-05,8.439554076606426e-05
0.27666666666666667,7.534475019120441e-05,5.7549376058059266e-05,8.43367713850641e-05
0.2768333333333333,7.533119244450882e-05,5.772883784413586e-05,8.429129158611139e-05
0.27699999999999997,7.523227961518485e-05,5.7532002847272545e-05,8.427239746658011e-05
0.2771666666666667,7.508941181844535e-05,5.738978055141445e-05,8.412634090994448e-05
0.2773333333333333,7.509804122750273e-05,5.7662166563949575e-05,8.407565019434129e-05
0.27749999999999997,7.498560100471342e-05,5.7429574289328286e-05,8.395075968517452e-05
0.2776666666666667,7.484197810054673e-05,5.735236111918323e-05,8.383924959237069e-05
0.2778333333333333,7.481754183679163e-05,5.7375813380118526e-05,8.37852083684276e-05
0.27799999999999997,7.4840833529592e-05,5.728310259118838e-05,8.375443974873539e-05
0.2781666666666667,7.474532675907279e-05,5.7102561466565627e-05,8.368340801805804e-05
0.2783333333333333,7.46415351480454e-05,5.713992253509245e-05,8.358854863610397e-05
0.27849999999999997,7.452701016423104e-05,5.7132827107271996e-05,8.354110155346624e-05
0.2786666666666667,7.45933557184926e-05,5.7115667024852464e-05,8.346605436840317e-05
0.2788333333333333,7.442699041144973e-05,5.710820166410191e-05,8.33621423071431e-05
0.27899999999999997,7.444390744154692e-05,5.683799862715448e-05,8.328900719433798e-05
0.2791666666666667,7.434566181389064e-05,5.706455514736234e-05,8.323804014392287e-05
0.2793333333333333,7.435769817008916e-05,5.6791149678716706e-05,8.319380322914169e-05
0.27949999999999997,7.426128204774705e-05,5.696925452544184e-05,8.306612684053808e-05
0.2796666666666667,7.419680439763245e-05,5.681987030397822e-05,8.302681538762217e-05
0.2798333333333333,7.399815325635699e-05,5.66630446243389e-05,8.288241868115367e-05
0.27999999999999997,7.406052914920666e-05,5.682591832776046e-05,8.291142502507174e-05
0.2801666666666667,7.400800774289985e-05,5.662384540689361e-05,8.277512853383712e-05
0.2803333333333333,7.379313396873197e-05,5.651097852893807e-05,8.271316471230389e-05
0.28049999999999997,7.382580467275815e-05,5.6567303532434805e-05,8.26293273313125e-05
0.2806666666666667,7.382496137407706e-05,5.6637543562340415e-05,8.260294344749398e-05
0.2808333333333333,7.368717152671669e-05,5.6363163211090756e-05,8.249742704360118e-05
0.28099999999999997,7.371057960540092e-05,5.650004670277522e-05,8.245632595700788e-05
0.2811666666666667,7.363050922192935e-05,5.636541979120067e-05,8.232720017439715e-05
0.2813333333333333,7.354279011277487e-05,5.6286694295117034e-05,8.231975504498782e-05
0.2815,7.341946260520831e-05,5.6216883584765804e-05,8.225126103904401e-05
0.2816666666666667,7.334540603366507e-05,5.6131572199118343e-05,8.209232042172444e-05
0.2818333333333333,7.332212021745593e-05,5.634663281068615e-05,8.20860295676149e-05
0.282,7.321640833261575e-05,5.5966201835179584e-05,8.195026383526386e-05
0.2821666666666667,7.319594544824512e-05,5.612655820545907e-05,8.18792126789258e-05
0.2823333333333333,7.315674508091444e-05,5.600802186737085e-05,8.187208087458519e-05
0.2825,7.303747584515218e-05,5.588588379517568e-05,8.179914896576524e-05
0.2826666666666667,7.295032342022106e-05,5.5901532133115864e-05,8.173494992281547e-05
0.2828333333333333,7.287516928388066e-05,5.5896770516228154e-05,8.160453534186673e-05
0.283,7.280853825957465e-05,5.5699519262640356e-05,8.155474876680968e-05
0.2831666666666667,7.282963754041913e-05,5.577025501063378e-05,8.147606261029771e-05
0.2833333333333333,7.274592660977892e-05,5.585161404259066e-05,8.146827012228778e-05
0.2835,7.263554965800765e-05,5.550423152657652e-05,8.126036329156213e-05
0.2836666666666667,7.261317716086203e-05,5.5714235658728495e-05,8.131785756244706e-05
0.2838333333333333,7.258268005610446e-05,5.563213579346921e-05,8.120801626469598e-05
0.284,7.252592885618141e-05,5.5574447117456984e-05,8.123859606714123e-05
0.2841666666666667,7.242969390992607e-05,5.539286490017963e-05,8.108006424240576e-05
0.2843333333333333,7.231961005878663e-05,5.54222045039024e-05,8.098933192646028e-05
0.2845,7.234369832810157e-05,5.546341168921493e-05,8.097252002400945e-05
0.2846666666666667,7.218936095271727e-05,5.524514787516401e-05,8.082518449931234e-05
0.2848333333333333,7.218674668175981e-05,5.529132633940115e-05,8.083931452326285e-05
0.285,7.212066433511946e-05,5.5260489455594215e-05,8.070386441485484e-05
0.2851666666666667,7.20588590244833e-05,5.5206380122444554e-05,8.072009489665333e-05
0.2853333333333333,7.207023581873587e-05,5.51759011879981e-05,8.062592196455168e-05
0.2855,7.200895892412804e-05,5.520841938487703e-05,8.060979936836699e-05
0.2856666666666667,7.190773425568733e-05,5.4915683599269725e-05,8.044888868458238e-05
0.28583333333333333,7.189847550308551e-05,5.4934142170081595e-05,8.041972786863122e-05
0.286,7.177388215189817e-05,5.4997709906614046e-05,8.036077138197992e-05
0.2861666666666667,7.177320985871785e-05,5.483874773747036e-05,8.030732832839944e-05
0.28633333333333333,7.162891171835844e-05,5.4960871166922186e-05,8.02384823591827e-05
0.2865,7.162719668644133e-05,5.481772411269778e-05,8.016082329128342e-05
0.2866666666666667,7.153411328713069e-05,5.4870829744264557e-05,8.005728522486087e-05
0.28683333333333333,7.147538924658341e-05,5.470401002034922e-05,7.997750501320023e-05
0.287,7.14306486338643e-05,5.468572421798422e-05,7.999128773564344e-05
0.2871666666666667,7.141698853051372e-05,5.466809724501946e-05,7.993681961758345e-05
0.28733333333333333,7.126317958042402e-05,5.444558958911181e-05,7.980115439999603e-05
0.2875,7.120784578023288e-05,5.453299597703195e-05,7.975992818687898e-05
0.2876666666666667,7.11986785217499e-05,5.4600434166879686e-05,7.963570766947762e-05
0.28783333333333333,7.116994782422699e-05,5.4542482688043005e-05,7.970121717672302e-05
0.288,7.099251320891002e-05,5.431046692265401e-05,7.947165475017966e-05
0.2881666666666667,7.105650796272022e-05,5.445431340119868e-05,7.951141270759738e-05
0.28833333333333333,7.092792046408663e-05,5.417081953963157e-05,7.941468511924493e-05
0.2885,7.088507402948111e-05,5.42453104751488e-05,7.943104538051433e-05
0.2886666666666667,7.086361313776466e-05,5.432638535080182e-05,7.932185527834314e-05
0.28883333333333333,7.082914150267652e-05,5.41162158899839e-05,7.927135931993346e-05
0.289,7.071531439595109e-05,5.4179447636372425e-05,7.91251026519473e-05
0.2891666666666667,7.063425985127509e-05,5.4058752498137935e-05,7.904763947739769e-05
0.28933333333333333,7.063938430274932e-05,5.4118446058305736e-05,7.90126297534487e-05
0.2895,7.063222178936519e-05,5.402655264918359e-05,7.901157849392601e-05
0.2896666666666667,7.049768563627734e-05,5.3880340228856995e-05,7.89643864459489e-05
0.28983333333333333,7.055966570856267e-05,5.39847999557807e-05,7.890701038702206e-05
0.29,7.036494085485876e-05,5.3884137298459414e-05,7.87974608325028e-05
0.2901666666666667,7.030790155498514e-05,5.380031143990438e-05,7.87228037795722e-05
0.29033333333333333,7.020874341913845e-05,5.3853320417581445e-05,7.866436866337482e-05
0.2905,7.019837837864306e-05,5.374640067530738e-05,7.860218341128921e-05
0.2906666666666667,7.015281561871683e-05,5.35504600813119e-05,7.849476861011946e-05
0.29083333333333333,7.019900785638053e-05,5.387835822500663e-05,7.857135164323155e-05
0.291,7.005552001520895e-05,5.3548190471424673e-05,7.845509069853701e-05
0.29116666666666663,7.000066458768199e-05,5.360298362579242e-05,7.843574454819365e-05
0.29133333333333333,6.994000205304229e-05,5.3586706262048226e-05,7.82845699812434e-05
0.2915,6.994332353266576e-05,5.347707620027169e-05,7.826297310716667e-05
0.29166666666666663,6.978378876046283e-05,5.343719408207325e-05,7.817740628398698e-05
0.29183333333333333,6.975584777568449e-05,5.3290447442790325e-05,7.811053506780798e-05
0.292,6.970170179081427e-05,5.339365181886562e-05,7.80760768423235e-05
0.29216666666666663,6.975328073518623e-05,5.335103468809779e-05,7.80634916536474e-05
0.29233333333333333,6.960723649622896e-05,5.325412223079348e-05,7.791524576956872e-05
0.2925,6.957553463436127e-05,5.3288718286142345e-05,7.784986780556004e-05
0.29266666666666663,6.954193641912696e-05,5.324107278744973e-05,7.784431595281615e-05
0.29283333333333333,6.947589619788486e-05,5.3005118056101846e-05,7.774997306125529e-05
0.293,6.945764352226187e-05,5.3077290449097465e-05,7.775992812256608e-05
0.29316666666666663,6.928756319632102e-05,5.3133399833995944e-05,7.761405015997733e-05
0.29333333333333333,6.932011520931912e-05,5.29586849669129e-05,7.760799969594116e-05
0.2935,6.923553486276443e-05,5.3176940963838837e-05,7.75062644200731e-05
0.29366666666666663,6.925785090940325e-05,5.293859322676664e-05,7.745047704990517e-05
0.29383333333333334,6.906197042384639e-05,5.285925993062815e-05,7.736012384662415e-05
0.294,6.91101648960725e-05,5.2880738453060435e-05,7.734940363832354e-05
0.29416666666666663,6.900018602871569e-05,5.27809135695796e-05,7.726327560543155e-05
0.29433333333333334,6.897840911375846e-05,5.285375566458199e-05,7.726712779998002e-05
0.2945,6.883783463755303e-05,5.269557687083861e-05,7.710922374658309e-05
0.29466666666666663,6.884740644413167e-05,5.2770064596334e-05,7.712272580355032e-05
0.29483333333333334,6.876994964085157e-05,5.261520570423361e-05,7.699624843230586e-05
0.295,6.870758084500812e-05,5.260445842112288e-05,7.695870735434876e-05
0.29516666666666663,6.86264798381836e-05,5.2497723125474704e-05,7.684139249883795e-05
0.29533333333333334,6.868668932235492e-05,5.2673237140427794e-05,7.690955613590017e-05
0.2955,6.856738000947226e-05,5.238546029679116e-05,7.675543412395486e-05
0.29566666666666663,6.860261150837968e-05,5.2477151076709166e-05,7.676539707446427e-05
0.29583333333333334,6.843164006988073e-05,5.2452648332006976e-05,7.665003655883135e-05
0.296,6.840275294651034e-05,5.2277692048596944e-05,7.658679071434097e-05
0.29616666666666663,6.835888756905787e-05,5.237820552965236e-05,7.650610016967277e-05
0.29633333333333334,6.83728634638144e-05,5.228033856215048e-05,7.652579863696073e-05
0.2965,6.82550388190183e-05,5.222844699932818e-05,7.642620895651197e-05
0.29666666666666663,6.827053688052853e-05,5.2223716683619214e-05,7.640052770681442e-05
0.29683333333333334,6.818252622553733e-05,5.224101061448753e-05,7.633426084369153e-05
0.297,6.808991853338785e-05,5.213511473670464e-05,7.620916682490704e-05
0.29716666666666663,6.801455459769342e-05,5.206030669020951e-05,7.619730745231441e-05
0.29733333333333334,6.803853036367061e-05,5.2039309893907804e-05,7.619273148406254e-05
0.2975,6.795771917653035e-05,5.197848727468791e-05,7.609083037373915e-05
0.29766666666666663,6.79316426610343e-05,5.196779002133154e-05,7.60742910547229e-05
0.29783333333333334,6.784008146398676e-05,5.187460413124549e-05,7.594890199775135e-05
0.298,6.784152923280271e-05,5.206810360410635e-05,7.592802192423865e-05
0.29816666666666664,6.776946391294924e-05,5.181553944437808e-05,7.58550452178832e-05
0.29833333333333334,6.767361681613156e-05,5.1855471540359186e-05,7.575297186226225e-05
0.2985,6.77009886551365e-05,5.183096860227469e-05,7.576883757031544e-05
0.29866666666666664,6.760690175495057e-05,5.1686478637094734e-05,7.56432729103895e-05
0.29883333333333334,6.760985462402538e-05,5.1743497617178484e-05,7.568258377326849e-05
0.299,6.742033327200174e-05,5.1676728140642065e-05,7.554783121438823e-05
0.29916666666666664,6.742461173441068e-05,5.165943965266377e-05,7.545966247287121e-05
0.29933333333333334,6.733547490293504e-05,5.161960626726493e-05,7.539157460659448e-05
0.2995,6.730645493214916e-05,5.1616915314884754e-05,7.54104994055945e-05
0.29966666666666664,6.724221622864301e-05,5.147360548394825e-05,7.525861457304356e-05
0.29983333333333334,6.724405929300843e-05,5.149658299769643e-05,7.530655963596306e-05
0.3,6.71509025323822e-05,5.138903967781231e-05,7.5212263329801e-05
0.30016666666666664,6.720912757509684e-05,5.142783572087257e-05,7.518162400294897e-05
0.30033333333333334,6.70072795302237e-05,5.132003751731618e-05,7.51044324269676e-05
0.3005,6.699805848252473e-05,5.1193604939369555e-05,7.499710123565837e-05
0.30066666666666664,6.699092142180952e-05,5.13821477605637e-05,7.496204413790499e-05
0.30083333333333334,6.690132711114595e-05,5.1172968024159005e-05,7.492729536925462e-05
0.301,6.681748138716285e-05,5.1269373271921856e-05,7.486900085721305e-05
0.30116666666666664,6.687489110073354e-05,5.119982760379148e-05,7.484170191152208e-05
0.30133333333333334,6.679507263064229e-05,5.116959574816694e-05,7.479404169161755e-05
0.3015,6.669973191152414e-05,5.1050216068866975e-05,7.469939042446046e-05
0.30166666666666664,6.65961910265582e-05,5.101557158552958e-05,7.45358795419128e-05
0.30183333333333334,6.666557017821809e-05,5.100470814047216e-05,7.459644331930207e-05
0.302,6.651498138521866e-05,5.086619726651213e-05,7.446560714047968e-05
0.30216666666666664,6.657878206819204e-05,5.095741348574519e-05,7.450945404134332e-05
0.30233333333333334,6.642770545469799e-05,5.0800248037420845e-05,7.436040573133102e-05
0.3025,6.639794651044475e-05,5.0922499562626324e-05,7.435621002451169e-05
0.30266666666666664,6.634716550105837e-05,5.078168265724235e-05,7.428800976021414e-05
0.30283333333333334,6.63617931212923e-05,5.0844457884334875e-05,7.425895555155274e-05
0.303,6.62358163943225e-05,5.066280426420467e-05,7.41560221009645e-05
0.30316666666666664,6.616108868542118e-05,5.058836067712147e-05,7.407998787672727e-05
0.30333333333333334,6.617365697624103e-05,5.0748193368067804e-05,7.411638042157001e-05
0.3035,6.610784303770701e-05,5.0536982058819755e-05,7.401837902977975e-05
0.30366666666666664,6.605635172131716e-05,5.050486113552213e-05,7.393953567639476e-05
0.30383333333333334,6.600809812695733e-05,5.055740958202145e-05,7.384947053472452e-05
0.304,6.5982232206018e-05,5.055538432422432e-05,7.382671700947597e-05
0.30416666666666664,6.592140495011701e-05,5.035403478210658e-05,7.375159990843741e-05
0.30433333333333334,6.584531575825307e-05,5.044834483777565e-05,7.375441133127855e-05
0.3045,6.581234238229267e-05,5.036690525773121e-05,7.368637664789118e-05
0.30466666666666664,6.57905652993823e-05,5.0260286645419704e-05,7.362863399673107e-05
0.30483333333333335,6.570573360181999e-05,5.036963181948188e-05,7.359793535209152e-05
0.305,6.561181747854172e-05,5.025565897826012e-05,7.345989041935881e-05
0.30516666666666664,6.566502216555357e-05,5.036569975767416e-05,7.348881620585755e-05
0.30533333333333335,6.557434383511588e-05,5.0104764867605355e-05,7.338538749599374e-05
0.3055,6.551784411610083e-05,5.014112982560996e-05,7.335187307366638e-05
0.30566666666666664,6.546221937956695e-05,5.007620254829598e-05,7.325130380520812e-05
0.30583333333333335,6.541579674020759e-05,5.005549586050192e-05,7.324766097386914e-05
0.306,6.543193082237665e-05,5.003602407200069e-05,7.319246610386571e-05
0.30616666666666664,6.532073009195619e-05,5.004029464225264e-05,7.313250719817927e-05
0.30633333333333335,6.521037064192363e-05,4.9870059508759427e-05,7.303923026431754e-05
0.3065,6.519148178579846e-05,4.9960578197293764e-05,7.29724787474606e-05
0.30666666666666664,6.522508324123416e-05,4.9969006639828046e-05,7.298698817394627e-05
0.30683333333333335,6.512533168015568e-05,4.9759506514203155e-05,7.28442532557189e-05
0.307,6.509763324644274e-05,4.9934769757786714e-05,7.289094810128758e-05
0.30716666666666664,6.501771707208309e-05,4.974395300727528e-05,7.278511461604618e-05
0.30733333333333335,6.500758046656092e-05,4.9726303922148114e-05,7.273933462603383e-05
0.3075,6.495563377459885e-05,4.973165794083002e-05,7.268630008823778e-05
0.30766666666666664,6.491306284249165e-05,4.963599306652769e-05,7.261544857968296e-05
0.30783333333333335,6.485784084436009e-05,4.9671091529392334e-05,7.260925851360684e-05
0.308,6.48019720110075e-05,4.9562046422414575e-05,7.254177210561405e-05
0.30816666666666664,6.476782497183791e-05,4.9565894307480186e-05,7.24514858484761e-05
0.30833333333333335,6.473820965709725e-05,4.957787739891499e-05,7.24499867101312e-05
0.3085,6.465653042806558e-05,4.945579673227568e-05,7.237881061912936e-05
0.30866666666666664,6.461489964519444e-05,4.942197132543051e-05,7.231153932360153e-05
0.30883333333333335,6.463762134712491e-05,4.943920121444025e-05,7.2280131844031e-05
0.309,6.453062557375891e-05,4.933153018610484e-05,7.222386432886379e-05
0.30916666666666665,6.440169237166259e-05,4.9306108887340454e-05,7.217382865241001e-05
0.30933333333333335,6.447181867810458e-05,4.937234093908375e-05,7.217343022402459e-05
0.3095,6.433196227441727e-05,4.918020195587657e-05,7.199786069797965e-05
0.30966666666666665,6.437518353492595e-05,4.9312778465020275e-05,7.202274621026439e-05
0.30983333333333335,6.435871263992862e-05,4.9193291603192156e-05,7.19269199118166e-05
0.31,6.433371898332654e-05,4.9179145979925296e-05,7.196907922290699e-05
0.31016666666666665,6.416487661592044e-05,4.902751331350446e-05,7.184175730068568e-05
0.31033333333333335,6.414801393798806e-05,4.905279638157259e-05,7.1847542529083e-05
0.3105,6.405648722937634e-05,4.906871870939767e-05,7.177032783887492e-05
0.31066666666666665,6.405697553001836e-05,4.8977162957411984e-05,7.168836461373522e-05
0.31083333333333335,6.394958018200157e-05,4.9034289776347366e-05,7.160808190459383e-05
0.311,6.401040889124377e-05,4.8990338975643646e-05,7.161061033102896e-05
0.31116666666666665,6.389528561401037e-05,4.884702405001418e-05,7.152048285355675e-05
0.3113333333333333,6.394324523646507e-05,4.88494980986492e-05,7.152294709407321e-05
0.3115,6.38659578230694e-05,4.893256397470101e-05,7.147087770919701e-05
0.31166666666666665,6.382174023663315e-05,4.8775904857864106e-05,7.145492058867073e-05
0.3118333333333333,6.372233692241371e-05,4.869154275512171e-05,7.13399437282537e-05
0.312,6.373529663833775e-05,4.883606632871625e-05,7.130559639451888e-05
0.31216666666666665,6.362296044949327e-05,4.860526549909199e-05,7.121739347425404e-05
0.3123333333333333,6.367980172252978e-05,4.869843232600377e-05,7.122617055616483e-05
0.3125,6.356246723372245e-05,4.8652493320193195e-05,7.116560787071199e-05
0.31266666666666665,6.35777612001318e-05,4.867543190472871e-05,7.115840359382732e-05
0.3128333333333333,6.344124312382639e-05,4.85910688165357e-05,7.103092951615723e-05
0.313,6.33767939825938e-05,4.8504990757189514e-05,7.099493595787765e-05
0.31316666666666665,6.339016756322755e-05,4.854423092327032e-05,7.098295280673221e-05
0.3133333333333333,6.334525071361051e-05,4.846915661749147e-05,7.08823177334832e-05
0.3135,6.330012607375011e-05,4.8373917441659764e-05,7.089883416613296e-05
0.31366666666666665,6.328991024023023e-05,4.8462527219078674e-05,7.08215378677087e-05
0.3138333333333333,6.318625349084435e-05,4.838059335674843e-05,7.077692968218122e-05
0.314,6.32114769583938e-05,4.833101473285845e-05,7.07534603372741e-05
0.31416666666666665,6.314970301344576e-05,4.839699746209644e-05,7.065036475269229e-05
0.3143333333333333,6.306054546092556e-05,4.824650463014836e-05,7.061329314910397e-05
0.3145,6.304377082713179e-05,4.816964226147248e-05,7.054268553950617e-05
0.31466666666666665,6.302820516187025e-05,4.829125301261594e-05,7.054164681887056e-05
0.3148333333333333,6.300054211118675e-05,4.809136850834864e-05,7.05155834565443e-05
0.315,6.293107245413625e-05,4.812773507813987e-05,7.046975088059294e-05
0.31516666666666665,6.289748221327046e-05,4.810768701938931e-05,7.03642492642936e-05
0.3153333333333333,6.281624128407002e-05,4.808543720198796e-05,7.032836163983395e-05
0.3155,6.280943912826483e-05,4.8048601990529634e-05,7.027129541919634e-05
0.31566666666666665,6.271746143011013e-05,4.7999282290233987e-05,7.021243378521512e-05
0.3158333333333333,6.27431489920946e-05,4.8027832200153054e-05,7.02158635880044e-05
0.316,6.271514156505887e-05,4.7991569410386946e-05,7.016484803855309e-05
0.31616666666666665,6.259977498684007e-05,4.788419466589319e-05,7.012348936462916e-05
0.3163333333333333,6.262297751490028e-05,4.7890613014310514e-05,7.005799869070359e-05
0.3165,6.247943299353165e-05,4.795691992682543e-05,6.996853385669926e-05
0.31666666666666665,6.243656316363317e-05,4.7778312040516157e-05,6.992532590293293e-05
0.3168333333333333,6.245469316009742e-05,4.791817462324452e-05,6.990593365844139e-05
0.317,6.235669469205987e-05,4.7677823998002735e-05,6.983240632858762e-05
0.31716666666666665,6.235474633164008e-05,4.768493505321324e-05,6.982102080423906e-05
0.3173333333333333,6.23767427271812e-05,4.774145101904991e-05,6.981314190936096e-05
0.3175,6.231819431981532e-05,4.765441126155301e-05,6.975748283248953e-05
0.31766666666666665,6.225068393410959e-05,4.763601965307761e-05,6.972010296493855e-05
0.3178333333333333,6.211960393366235e-05,4.758972972823842e-05,6.959652497679264e-05
0.318,6.207535209998065e-05,4.7548524601957435e-05,6.954798930052574e-05
0.31816666666666665,6.213876386181258e-05,4.752603141685336e-05,6.954640431498742e-05
0.3183333333333333,6.206776337086531e-05,4.7548270051737624e-05,6.953218961945773e-05
0.3185,6.207694180158781e-05,4.7546400086798234e-05,6.948017616088452e-05
0.31866666666666665,6.206493072870733e-05,4.744394515804172e-05,6.940915690013371e-05
0.3188333333333333,6.19320799556084e-05,4.738552077495472e-05,6.933802865538252e-05
0.319,6.185580970193785e-05,4.734034661442245e-05,6.92263441629474e-05
0.31916666666666665,6.186747777864042e-05,4.748672812169084e-05,6.929969387287543e-05
0.3193333333333333,6.178986763055819e-05,4.721666627509903e-05,6.92036746870672e-05
0.3195,6.17488706893564e-05,4.7301760968643865e-05,6.916087146083184e-05
0.31966666666666665,6.181371775608277e-05,4.7243294277983236e-05,6.914555436962157e-05
0.3198333333333333,6.169480870758318e-05,4.7228029636025915e-05,6.908467117279142e-05
0.32,6.166591080939267e-05,4.723096017219659e-05,6.898289385163844e-05
0.32016666666666665,6.165493582919296e-05,4.71900027156002e-05,6.899662218153762e-05
0.3203333333333333,6.165702853724568e-05,4.7071733769686725e-05,6.89790964534099e-05
0.3205,6.149662278810514e-05,4.706273560098435e-05,6.885834157668753e-05
0.32066666666666666,6.150567737078685e-05,4.705926951123508e-05,6.885693451994378e-05
0.3208333333333333,6.146216980703374e-05,4.701846055529045e-05,6.884952616664365e-05
0.321,6.142081485147589e-05,4.707010521265794e-05,6.880944954590226e-05
0.32116666666666666,6.137293293135005e-05,4.699596005443407e-05,6.871614645733047e-05
0.3213333333333333,6.12793539869556e-05,4.698675689470114e-05,6.859283355640295e-05
0.3215,6.133303333252794e-05,4.6891612369265805e-05,6.863130046766225e-05
0.32166666666666666,6.126009086770848e-05,4.6901498498013014e-05,6.859196861312503e-05
0.3218333333333333,6.125907996323755e-05,4.6877971519444786e-05,6.856678696393538e-05
0.322,6.111746350167537e-05,4.672364185260987e-05,6.844744978122641e-05
0.32216666666666666,6.110189711217259e-05,4.685943615360618e-05,6.845941899403317e-05
0.3223333333333333,6.104230923350659e-05,4.678585070585772e-05,6.833336683136862e-05
0.3225,6.104600259474382e-05,4.672175773986492e-05,6.833040673863339e-05
0.32266666666666666,6.095695715135185e-05,4.668107014799523e-05,6.823017735389377e-05
0.3228333333333333,6.103143940910958e-05,4.6720806101364654e-05,6.830482945630922e-05
0.323,6.0908414399239126e-05,4.660308816992247e-05,6.819977341212041e-05
0.32316666666666666,6.0887240087038624e-05,4.6609877917013765e-05,6.813776924257407e-05
0.3233333333333333,6.0854897903840205e-05,4.6643958336329456e-05,6.818356849978317e-05
0.3235,6.0813111549995175e-05,4.6586765215604685e-05,6.805101617479912e-05
0.32366666666666666,6.078712385227032e-05,4.654558526890488e-05,6.805871067725015e-05
0.3238333333333333,6.067298924777935e-05,4.645530440709979e-05,6.795077893149093e-05
0.324,6.068344100284745e-05,4.655885854029553e-05,6.794253089608467e-05
0.32416666666666666,6.070472125391864e-05,4.648027712191129e-05,6.793586545639112e-05
0.3243333333333333,6.056773029758434e-05,4.6414582865348644e-05,6.785027329356085e-05
0.3245,6.057086537741761e-05,4.642904073219706e-05,6.776495787073019e-05
0.32466666666666666,6.048877753977665e-05,4.632740683101091e-05,6.778577770029426e-05
0.3248333333333333,6.050533093191894e-05,4.633529185745145e-05,6.7744775147084e-05
0.325,6.0456938726559015e-05,4.62666423475386e-05,6.766781433777365e-05
0.32516666666666666,6.038100824986442e-05,4.626508819056214e-05,6.76364140863322e-05
0.3253333333333333,6.035774564559493e-05,4.620423147786688e-05,6.75598165612363e-05
0.3255,6.040552702104417e-05,4.629192751507175e-05,6.760399815299196e-05
0.32566666666666666,6.03100803917276e-05,4.613937036386375e-05,6.749295955191892e-05
0.3258333333333333,6.021565786331714e-05,4.615584201178118e-05,6.74238164070454e-05
0.326,6.019908304321107e-05,4.610741688191481e-05,6.737606142577121e-05
0.32616666666666666,6.020051377996319e-05,4.6045177960856694e-05,6.73737040087836e-05
0.3263333333333333,6.011323552199732e-05,4.603059112778264e-05,6.735054763560044e-05
0.3265,6.006268473851804e-05,4.601860476103916e-05,6.727963245276199e-05
0.32666666666666666,6.0157458117331546e-05,4.610497709384037e-05,6.731957886555233e-05
0.3268333333333333,6.001491955627482e-05,4.59570665282854e-05,6.716141736773925e-05
0.327,5.996225948604167e-05,4.592940069180201e-05,6.71496489627457e-05
0.32716666666666666,5.992990640075659e-05,4.591479530825339e-05,6.70564322754168e-05
0.3273333333333333,5.990134502917839e-05,4.582412639323709e-05,6.704422019705513e-05
0.3275,5.985730549519252e-05,4.581198840976882e-05,6.702560261489939e-05
0.32766666666666666,5.98394830341308e-05,4.581955737991094e-05,6.6960521418001e-05
0.3278333333333333,5.977446651120816e-05,4.576833322961039e-05,6.695598861669053e-05
0.328,5.975218827165842e-05,4.5722506931220024e-05,6.686681718729715e-05
0.32816666666666666,5.967225848760912e-05,4.57641104884268e-05,6.681498849033792e-05
0.3283333333333333,5.965451965819496e-05,4.566365496398744e-05,6.676547837744443e-05
0.3285,5.964547893920592e-05,4.572704345669408e-05,6.677308504158072e-05
0.32866666666666666,5.964690131398725e-05,4.56472997845169e-05,6.674358530155575e-05
0.3288333333333333,5.9570565988972175e-05,4.562183538376415e-05,6.669302513887417e-05
0.329,5.953483880499057e-05,4.5605501404181095e-05,6.661862907448011e-05
0.32916666666666666,5.9459782520992416e-05,4.549732128174308e-05,6.655418865549074e-05
0.3293333333333333,5.949632196504769e-05,4.559692420268337e-05,6.661111249108274e-05
0.3295,5.938875169636973e-05,4.545844264290967e-05,6.649507085476352e-05
0.32966666666666666,5.935734205789447e-05,4.5437419504265146e-05,6.644545132553348e-05
0.3298333333333333,5.9382210535523126e-05,4.549763668146998e-05,6.644283217991773e-05
0.33,5.933599046894486e-05,4.550991394903031e-05,6.644800975554827e-05
0.33016666666666666,5.9284726039578126e-05,4.5338688121773625e-05,6.639328686303943e-05
0.3303333333333333,5.9196785349458304e-05,4.5427958129922675e-05,6.631018990327291e-05
0.3305,5.923953251368307e-05,4.529421206742341e-05,6.625486468189524e-05
0.33066666666666666,5.9147684174287775e-05,4.5210001175929446e-05,6.623833579437418e-05
0.3308333333333333,5.909130171450608e-05,4.5320351917986295e-05,6.619386546633885e-05
0.331,5.906250097941183e-05,4.5191459864722014e-05,6.61297379529058e-05
0.33116666666666666,5.9094926610819135e-05,4.526560068955391e-05,6.614742364529567e-05
0.3313333333333333,5.8988817483309214e-05,4.518867695606289e-05,6.603874114008097e-05
0.33149999999999996,5.898529204958607e-05,4.521058198167833e-05,6.601236633242776e-05
0.33166666666666667,5.8934749482844725e-05,4.515936190169374e-05,6.596902002252057e-05
0.3318333333333333,5.887256500700214e-05,4.5066374576711986e-05,6.595839505502905e-05
0.33199999999999996,5.8898093757766807e-05,4.5075483503449034e-05,6.591709779982968e-05
0.33216666666666667,5.887622957725303e-05,4.504042962813633e-05,6.589694150062732e-05
0.3323333333333333,5.87973819324981e-05,4.498685713420295e-05,6.583716615938826e-05
0.33249999999999996,5.874230736532891e-05,4.502885437801632e-05,6.578510933002456e-05
0.33266666666666667,5.873105932286108e-05,4.5005047497580013e-05,6.57126123753965e-05
0.3328333333333333,5.8678047006489294e-05,4.488766439456377e-05,6.569646918051161e-05
0.33299999999999996,5.862998623989161e-05,4.4947771726559225e-05,6.566133314661611e-05
0.33316666666666667,5.867780745192467e-05,4.4894233931939115e-05,6.564827101862171e-05
0.3333333333333333,5.857135264078057e-05,4.482137614389406e-05,6.55962527616107e-05
0.33349999999999996,5.8567101821039396e-05,4.4855524423920065e-05,6.559109384675387e-05
0.33366666666666667,5.849707068389904e-05,4.475028606071502e-05,6.548442670943131e-05
0.3338333333333333,5.846777355516892e-05,4.4792679983705276e-05,6.54688240828588e-05
0.33399999999999996,5.844461561560301e-05,4.47128677632544e-05,6.543049247431877e-05
0.33416666666666667,5.845404997353764e-05,4.4788679397833773e-05,6.541852113471217e-05
0.3343333333333333,5.837835859500412e-05,4.466947632589186e-05,6.537329397851343e-05
0.33449999999999996,5.832597513074157e-05,4.463974503860854e-05,6.532456435398412e-05
0.33466666666666667,5.8345124335899945e-05,4.459792754766911e-05,6.524985723115955e-05
0.3348333333333333,5.832716936076712e-05,4.46680107107807e-05,6.524727324204502e-05
0.33499999999999996,5.821769671112245e-05,4.454992421214581e-05,6.517862634402523e-05
0.33516666666666667,5.819481496227423e-05,4.457022289911975e-05,6.511127279729404e-05
0.3353333333333333,5.819011702827402e-05,4.455549568327752e-05,6.512979865043033e-05
0.33549999999999996,5.814451046523219e-05,4.4463111294042264e-05,6.509346995101885e-05
0.33566666666666667,5.812365568975675e-05,4.4503017874050687e-05,6.506781282884842e-05
0.3358333333333333,5.807127280443468e-05,4.448425090574228e-05,6.502075478659711e-05
0.33599999999999997,5.806824035750191e-05,4.44034188879398e-05,6.497514425928915e-05
0.33616666666666667,5.802308277883234e-05,4.441252672484572e-05,6.495244569554812e-05
0.3363333333333333,5.793899602995532e-05,4.431473374340483e-05,6.486315366045977e-05
0.33649999999999997,5.7928429514166765e-05,4.436206799591705e-05,6.486771520769998e-05
0.33666666666666667,5.790776495213682e-05,4.427539183335629e-05,6.485722263637348e-05
0.3368333333333333,5.786055294189803e-05,4.429927218708712e-05,6.479577120174357e-05
0.33699999999999997,5.7878817908702914e-05,4.4322449999418784e-05,6.477258674672893e-05
0.33716666666666667,5.773981844543706e-05,4.4246064260223576e-05,6.468343854865474e-05
0.3373333333333333,5.774627659651784e-05,4.418585935537811e-05,6.467791493055081e-05
0.33749999999999997,5.766710603423857e-05,4.424756656788209e-05,6.461413396413564e-05
0.33766666666666667,5.771360961788739e-05,4.4104583069375676e-05,6.462515193471847e-05
0.3378333333333333,5.762722845580821e-05,4.4114123435913154e-05,6.455695060295213e-05
0.33799999999999997,5.767377692037191e-05,4.420380381530976e-05,6.457618567494215e-05
0.33816666666666667,5.7596500885085e-05,4.40675353968008e-05,6.45032076877127e-05
0.3383333333333333,5.763035169577881e-05,4.4094446609322876e-05,6.447048638714174e-05
0.33849999999999997,5.7540825230444995e-05,4.408328102326939e-05,6.439222423929153e-05
0.33866666666666667,5.7515006100195064e-05,4.403918023255691e-05,6.437859156023088e-05
0.3388333333333333,5.7491009325414114e-05,4.3977726086735125e-05,6.435251202734455e-05
0.33899999999999997,5.7454721282840484e-05,4.39648492262101e-05,6.430475917099924e-05
0.33916666666666667,5.7461740222508686e-05,4.397836762793795e-05,6.435263000539864e-05
0.3393333333333333,5.7411179541045235e-05,4.3890768425001135e-05,6.4240174852854e-05
0.33949999999999997,5.7350729127581585e-05,4.39026881635184e-05,6.423494503691398e-05
0.3396666666666667,5.725231007782664e-05,4.384980489377573e-05,6.411268551901068e-05
0.3398333333333333,5.722920056240018e-05,4.385614140225468e-05,6.410180028696655e-05
0.33999999999999997,5.719398751078055e-05,4.376827093978485e-05,6.406566989283111e-05
0.3401666666666667,5.722548147521975e-05,4.388912424042053e-05,6.408378526688623e-05
0.3403333333333333,5.714701302019785e-05,4.373689196794546e-05,6.401346680849672e-05
0.34049999999999997,5.711808703948882e-05,4.3689858841925415e-05,6.398530656592941e-05
0.3406666666666667,5.711607187989407e-05,4.3773786189385765e-05,6.394728340013889e-05
0.3408333333333333,5.708717165409798e-05,4.3687684073534415e-05,6.392877938903449e-05
0.34099999999999997,5.7069532265170604e-05,4.3620598378931534e-05,6.386852447587551e-05
0.3411666666666667,5.699349861313506e-05,4.365266791572449e-05,6.381907923360033e-05
0.3413333333333333,5.702532405742745e-05,4.3620581902497154e-05,6.381067708513671e-05
0.34149999999999997,5.693602754824735e-05,4.359152785156775e-05,6.378758656084803e-05
0.3416666666666667,5.692942512650982e-05,4.3571753787387394e-05,6.370905789846656e-05
0.3418333333333333,5.691932856109456e-05,4.352755730870346e-05,6.370242480254756e-05
0.34199999999999997,5.6821740640742025e-05,4.35136685650205e-05,6.363692065921995e-05
0.3421666666666667,5.687013573982971e-05,4.3438375894033266e-05,6.365355277875376e-05
0.3423333333333333,5.674836320305932e-05,4.3450800524249915e-05,6.354121881459925e-05
0.34249999999999997,5.6824760550377156e-05,4.347974604881525e-05,6.35855972239473e-05
0.3426666666666667,5.669084937230047e-05,4.335183754905846e-05,6.349108508956261e-05
0.3428333333333333,5.672728269114012e-05,4.3472908562186294e-05,6.349695872023339e-05
0.34299999999999997,5.666721216978238e-05,4.3421555509128805e-05,6.343867554616366e-05
0.3431666666666667,5.665380867784655e-05,4.3306103390454925e-05,6.338501676279928e-05
0.3433333333333333,5.666453435400862e-05,4.339347610978805e-05,6.339518005727127e-05
0.34349999999999997,5.6502922237522625e-05,4.329151732463338e-05,6.330896153986395e-05
0.3436666666666667,5.654515924289834e-05,4.325868603598237e-05,6.334111705753034e-05
0.3438333333333333,5.651552009370316e-05,4.327986037577921e-05,6.327146643699558e-05
0.344,5.6479883630346206e-05,4.3283955449474785e-05,6.325806113228113e-05
0.3441666666666667,5.647179657702539e-05,4.318311040459688e-05,6.317469799620657e-05
0.3443333333333333,5.635212775263517e-05,4.318043132641908e-05,6.314369855288503e-05
0.3445,5.6409418845983485e-05,4.313153382636469e-05,6.310794152435081e-05
0.3446666666666667,5.6332475682536616e-05,4.317419341471909e-05,6.30907027105053e-05
0.3448333333333333,5.6312041552131757e-05,4.3114452280306415e-05,6.307275914637163e-05
0.345,5.626693915936394e-05,4.3090700102286165e-05,6.303777710150588e-05
0.3451666666666667,5.6302360181576944e-05,4.310569966885799e-05,6.300488306272449e-05
0.3453333333333333,5.618895622847743e-05,4.2984083426733404e-05,6.29210944663478e-05
0.3455,5.619868572879788e-05,4.3047385277325e-05,6.29097128262283e-05
0.3456666666666667,5.6140956367873195e-05,4.299581732888697e-05,6.286602185478475e-05
0.3458333333333333,5.613526037435854e-05,4.2961287052362814e-05,6.283868513651813e-05
0.346,5.61191438109248e-05,4.293300123042628e-05,6.280844098584937e-05
0.3461666666666667,5.608578185880985e-05,4.2946784848617885e-05,6.277026973428165e-05
0.3463333333333333,5.602810335757507e-05,4.285312664476707e-05,6.271751141316625e-05
0.3465,5.6043288679579826e-05,4.2894933173255573e-05,6.270570191498061e-05
0.3466666666666667,5.597181542948043e-05,4.287409557014861e-05,6.269745102943156e-05
0.3468333333333333,5.591664775564062e-05,4.2756578254386643e-05,6.257602027493546e-05
0.347,5.588000501228226e-05,4.276965397030379e-05,6.259328379020853e-05
0.3471666666666667,5.58500539925484e-05,4.278464625059049e-05,6.25428599966257e-05
0.3473333333333333,5.590107267217601e-05,4.280365240723151e-05,6.25472294489703e-05
0.3475,5.5787452145735565e-05,4.26877040517356e-05,6.248121318665583e-05
0.3476666666666667,5.575868863606717e-05,4.263978300162262e-05,6.241866454362217e-05
0.3478333333333333,5.575165217143262e-05,4.2725616635633344e-05,6.240137232066025e-05
0.348,5.5690670096710525e-05,4.2576556149445934e-05,6.235860937569407e-05
0.3481666666666667,5.575256920119221e-05,4.2616439885305095e-05,6.237905090402404e-05
0.34833333333333333,5.562366012178725e-05,4.2625463766165105e-05,6.228969790275833e-05
0.3485,5.559033166132078e-05,4.26025447776906e-05,6.2318541958993e-05
0.3486666666666667,5.5597141567568266e-05,4.253411802711498e-05,6.22027898059625e-05
0.34883333333333333,5.551879909753952e-05,4.255890338075789e-05,6.21646809397392e-05
0.349,5.5566345258391886e-05,4.250416974461279e-05,6.220929700363135e-05
0.3491666666666667,5.545364952267087e-05,4.249224084964587e-05,6.208782157296697e-05
0.34933333333333333,5.550444165930637e-05,4.243462370506424e-05,6.215076477236414e-05
0.3495,5.542079202092091e-05,4.241844616723034e-05,6.205931398160695e-05
0.3496666666666667,5.5430924902153336e-05,4.246222343346249e-05,6.207878905306728e-05
0.34983333333333333,5.536980490793244e-05,4.235864755094349e-05,6.198945681091408e-05
0.35,5.5378607545351204e-05,4.240560793110428e-05,6.197989772464603e-05
0.3501666666666667,5.5287135709011704e-05,4.2319783890776894e-05,6.188653818905262e-05
0.35033333333333333,5.531726231731701e-05,4.230159234432618e-05,6.189397196211896e-05
0.3505,5.530570041928504e-05,4.242451244415458e-05,6.19112259301595e-05
0.3506666666666667,5.5277607313346686e-05,4.231602649992962e-05,6.189878768558989e-05
0.35083333333333333,5.520958027032336e-05,4.221802611497349e-05,6.181625899747969e-05
0.351,5.5182655756835295e-05,4.22206342936038e-05,6.175029015760921e-05
0.3511666666666667,5.511253288523855e-05,4.2184880108642196e-05,6.171049423222573e-05
0.35133333333333333,5.5106772406818075e-05,4.215552920410737e-05,6.16759651714859e-05
0.3515,5.514312168134731e-05,4.2197704018232305e-05,6.169434785983906e-05
0.3516666666666666,5.507495165813065e-05,4.2141148450582266e-05,6.164035772037543e-05
0.35183333333333333,5.5026762180770433e-05,4.214930130969809e-05,6.161656991671139e-05
0.352,5.498509808789742e-05,4.211707629802332e-05,6.158554218992836e-05
0.35216666666666663,5.4939026685589e-05,4.205876585489187e-05,6.151483946300548e-05
0.35233333333333333,5.4912697151424614e-05,4.20330661393485e-05,6.148435508354225e-05
0.3525,5.491561889769412e-05,4.2003433618486425e-05,6.148446207062033e-05
0.35266666666666663,5.4969846456437625e-05,4.204741046807654e-05,6.148352514064864e-05
0.35283333333333333,5.484693175872224e-05,4.1954242565718154e-05,6.139176007683476e-05
0.353,5.480469479132821e-05,4.199032024160392e-05,6.137200921183046e-05
0.35316666666666663,5.485752742638924e-05,4.201181685507022e-05,6.138870080598163e-05
0.35333333333333333,5.4772623501181766e-05,4.188146604482908e-05,6.128851235402013e-05
0.3535,5.468610952052122e-05,4.182214076426085e-05,6.12304932816768e-05
0.35366666666666663,5.470557367278031e-05,4.191101283464931e-05,6.124550269341337e-05
0.35383333333333333,5.4684517132464685e-05,4.185530532668875e-05,6.12085654631907e-05
0.354,5.4670724290289335e-05,4.181095954377551e-05,6.1220760731297e-05
0.35416666666666663,5.467330333468482e-05,4.186859290368763e-05,6.118450704059854e-05
0.35433333333333333,5.459427148146823e-05,4.1806618974239945e-05,6.108891469901999e-05
0.3545,5.458342006596445e-05,4.1779927904988524e-05,6.108327796868424e-05
0.35466666666666663,5.4538684763639304e-05,4.1754025286987375e-05,6.103749997003985e-05
0.35483333333333333,5.4544170398780337e-05,4.16937334129557e-05,6.1003380668126136e-05
0.355,5.4523987885501124e-05,4.173284302458995e-05,6.099607341364069e-05
0.35516666666666663,5.4458733996191395e-05,4.166256052488564e-05,6.097060687706174e-05
0.35533333333333333,5.4411600843152614e-05,4.167374328204705e-05,6.0930593343285035e-05
0.3555,5.438666740833334e-05,4.1643420689952534e-05,6.089897670571117e-05
0.35566666666666663,5.431923246437234e-05,4.1594564225238154e-05,6.083729665210214e-05
0.35583333333333333,5.437774991359508e-05,4.156361505123543e-05,6.081592968332781e-05
0.356,5.4327190348556494e-05,4.160731984529526e-05,6.0783467237438305e-05
0.35616666666666663,5.4309978219374445e-05,4.151265461774663e-05,6.0790546498053055e-05
0.35633333333333334,5.4291895596253306e-05,4.156783851462692e-05,6.076917051222132e-05
0.3565,5.431385957954322e-05,4.153456088230859e-05,6.074721856006886e-05
0.35666666666666663,5.4181261625551574e-05,4.141859440812238e-05,6.063514519409886e-05
0.35683333333333334,5.422979727452398e-05,4.14991290843516e-05,6.068594173455284e-05
0.357,5.41271563863703e-05,4.139560871530137e-05,6.0595656924880506e-05
0.35716666666666663,5.41763003908187e-05,4.144818795797753e-05,6.059355401672815e-05
0.35733333333333334,5.41197988832585e-05,4.143818571309551e-05,6.0567056580108476e-05
0.3575,5.41091887290676e-05,4.1428480843302e-05,6.057218040018227e-05
0.35766666666666663,5.4045867123581714e-05,4.1420049758208926e-05,6.0527559647637564e-05
0.35783333333333334,5.4024914447603085e-05,4.134018744275277e-05,6.0462658765485065e-05
0.358,5.404052659795126e-05,4.130810469659904e-05,6.043904377190682e-05
0.35816666666666663,5.396228128458036e-05,4.1324150892388536e-05,6.042474256176707e-05
0.35833333333333334,5.3906499857513456e-05,4.125673008563127e-05,6.0368683641319216e-05
0.3585,5.3892871542849505e-05,4.126072782633058e-05,6.035824911376284e-05
0.35866666666666663,5.38866019219165e-05,4.1307619531887396e-05,6.035841301486902e-05
0.35883333333333334,5.384931417503389e-05,4.1228213811079165e-05,6.029146632478113e-05
0.359,5.3801939061925505e-05,4.123000532110236e-05,6.025210610247448e-05
0.35916666666666663,5.385618661030862e-05,4.122120838596806e-05,6.02522510305012e-05
0.35933333333333334,5.3794041676669704e-05,4.1138192302760445e-05,6.0177308949762966e-05
0.3595,5.3797224209033616e-05,4.1173959052375005e-05,6.020983117448995e-05
0.35966666666666663,5.3731724314099615e-05,4.109005075431426e-05,6.0162789752872044e-05
0.35983333333333334,5.370602286602875e-05,4.109954373095164e-05,6.015345608013824e-05
0.36,5.364794206800507e-05,4.107468860405742e-05,6.0085213687353793e-05
0.36016666666666663,5.3663723404328625e-05,4.1085340235764086e-05,6.007277233163998e-05
0.36033333333333334,5.361383056310003e-05,4.1008947748856436e-05,5.999684627254346e-05
0.3605,5.3577140293000814e-05,4.102410623595837e-05,6.001687812575691e-05
0.36066666666666664,5.355064940227108e-05,4.1029673174824596e-05,5.995239035823005e-05
0.36083333333333334,5.356749219984402e-05,4.1015378019382553e-05,5.9974642914666504e-05
0.361,5.3527687127769496e-05,4.094327804296249e-05,5.9895755800123206e-05
0.36116666666666664,5.344222637631282e-05,4.0923605673995896e-05,5.986248828454684e-05
0.36133333333333334,5.35252663438069e-05,4.100177009853604e-05,5.9887711634407975e-05
0.3615,5.344053561684688e-05,4.085066117870439e-05,5.9832920045712677e-05
0.36166666666666664,5.339209635849819e-05,4.0876539358498097e-05,5.978515018417335e-05
0.36183333333333334,5.335990024059374e-05,4.0858424515814165e-05,5.977156451286284e-05
0.362,5.337150472073657e-05,4.0844267702310776e-05,5.975248792114362e-05
0.36216666666666664,5.336435620507593e-05,4.085039506897431e-05,5.9755773860198584e-05
0.36233333333333334,5.3299058749105975e-05,4.0789625345914495e-05,5.966997672565656e-05
0.3625,5.328206767297603e-05,4.0786173310464916e-05,5.966667380453808e-05
0.36266666666666664,5.323786242829e-05,4.074642109244442e-05,5.960463367943772e-05
0.36283333333333334,5.3185189428345805e-05,4.0784332068953614e-05,5.957584905614833e-05
0.363,5.321826956850759e-05,4.074023868874523e-05,5.956927720917324e-05
0.36316666666666664,5.3193907701841e-05,4.0787770558340206e-05,5.958391457562578e-05
0.36333333333333334,5.313047431542381e-05,4.070072062541836e-05,5.95455508085238e-05
0.3635,5.3194941683692984e-05,4.075157948701029e-05,5.952531795863887e-05
0.36366666666666664,5.307386405061919e-05,4.0619414506518206e-05,5.9405966321179905e-05
0.36383333333333334,5.302274220983663e-05,4.0619414309905216e-05,5.942816947218161e-05
0.364,5.3114774160640256e-05,4.067017627241018e-05,5.9422232369910966e-05
0.36416666666666664,5.301535021586106e-05,4.0508020457248857e-05,5.9352683329309224e-05
0.36433333333333334,5.299339108334741e-05,4.0584130461724326e-05,5.936746913830285e-05
0.3645,5.296029707735907e-05,4.0579724446469745e-05,5.929149901032738e-05
0.36466666666666664,5.2931753947555014e-05,4.057478629587077e-05,5.9291102997938004e-05
0.36483333333333334,5.2902999462196344e-05,4.0493803227655016e-05,5.923757453547395e-05
0.365,5.291166400100518e-05,4.051988790881522e-05,5.921941079755638e-05
0.36516666666666664,5.285149134699912e-05,4.045712836267131e-05,5.9181212282303736e-05
0.36533333333333334,5.284972991491838e-05,4.048317987423404e-05,5.918779109260841e-05
0.3655,5.284251895574388e-05,4.047103208211647e-05,5.9194859230901906e-05
0.36566666666666664,5.280604771154035e-05,4.042351723810453e-05,5.9137171680962943e-05
0.36583333333333334,5.279727945310469e-05,4.04253133604182e-05,5.9065386902031325e-05
0.366,5.270994094618356e-05,4.033683486725312e-05,5.904541401287224e-05
0.36616666666666664,5.272832673746743e-05,4.040790154428304e-05,5.903665703265924e-05
0.36633333333333334,5.2711294803684506e-05,4.036743639572196e-05,5.900431167606369e-05
0.3665,5.264382084436465e-05,4.030752160445716e-05,5.898597798187408e-05
0.36666666666666664,5.2702498282836465e-05,4.036848300457926e-05,5.900545575488344e-05
0.36683333333333334,5.263784365613831e-05,4.0280848806724655e-05,5.89210446237285e-05
0.367,5.2559408466403716e-05,4.025301902377232e-05,5.891209005453568e-05
0.36716666666666664,5.2579343738805987e-05,4.025644419318992e-05,5.885803786442729e-05
0.36733333333333335,5.255315028745775e-05,4.0261414641816074e-05,5.885213605200958e-05
0.3675,5.2510876599298755e-05,4.017346486326275e-05,5.8777076335608146e-05
0.36766666666666664,5.252082127949123e-05,4.024500411985657e-05,5.881515695110745e-05
0.36783333333333335,5.244437231936337e-05,4.01656714920701e-05,5.875758770479937e-05
0.368,5.246736765175652e-05,4.017904555227489e-05,5.875894034986447e-05
0.36816666666666664,5.2453824200738245e-05,4.012534051687216e-05,5.870632195504298e-05
0.36833333333333335,5.23886590759672e-05,4.013986588525983e-05,5.8688914992255924e-05
0.3685,5.240192922832461e-05,4.0158377460732535e-05,5.8664760028206724e-05
0.36866666666666664,5.2347176954222826e-05,4.004334888830246e-05,5.861673565156201e-05
0.36883333333333335,5.235132914530003e-05,4.009996674795416e-05,5.860784486620503e-05
0.369,5.234323216981861e-05,4.00938779953905e-05,5.8579105858353715e-05
0.36916666666666664,5.2295952214121456e-05,4.0030199647494576e-05,5.853266739091937e-05
0.36933333333333335,5.227269976823955e-05,4.008027627551909e-05,5.85177088634922e-05
0.3695,5.2209319890251245e-05,4.0044446572722525e-05,5.8484155248830255e-05
0.36966666666666664,5.219477192967318e-05,3.996625185404351e-05,5.846360457292248e-05
0.36983333333333335,5.217450058151113e-05,3.995726025393477e-05,5.843053802011077e-05
0.37,5.216246823742438e-05,3.989734357961013e-05,5.839316743697117e-05
0.37016666666666664,5.217647364096907e-05,3.990528393205387e-05,5.838847522526585e-05
0.37033333333333335,5.212987662671965e-05,3.991285663881837e-05,5.838223024069187e-05
0.3705,5.210356615200717e-05,3.987940794388126e-05,5.830350141233715e-05
0.37066666666666664,5.211619860707053e-05,3.9907723275462786e-05,5.829395907152834e-05
0.37083333333333335,5.206831099279795e-05,3.983469689420025e-05,5.82706251181984e-05
0.371,5.2050609237226414e-05,3.984423317893301e-05,5.8246523717640027e-05
0.37116666666666664,5.2003662937573553e-05,3.983690191253735e-05,5.822267626219245e-05
0.37133333333333335,5.196242203698436e-05,3.9800515898318265e-05,5.821783583439028e-05
0.3715,5.199569156569982e-05,3.9827611411198576e-05,5.8218337192964025e-05
0.37166666666666665,5.1941057926646955e-05,3.978114835240387e-05,5.811065030016142e-05
0.3718333333333333,5.19197233038373e-05,3.970246175238717e-05,5.809135687114262e-05
0.372,5.195429916891251e-05,3.974405302549959e-05,5.812540872848885e-05
0.37216666666666665,5.18831073259703e-05,3.9730315931362174e-05,5.8063734957459525e-05
0.3723333333333333,5.184997087437919e-05,3.9705858646168266e-05,5.805518350463119e-05
0.3725,5.181431231705375e-05,3.965905057868015e-05,5.800957932394616e-05
0.37266666666666665,5.1836832030539054e-05,3.965783207901742e-05,5.801210113963255e-05
0.3728333333333333,5.177807535658729e-05,3.959313484014928e-05,5.7951850675754035e-05
0.373,5.169459461527679e-05,3.962002926947087e-05,5.788375094663527e-05
0.37316666666666665,5.1678517886150226e-05,3.958398301863984e-05,5.790460821468869e-05
0.3733333333333333,5.172247033096733e-05,3.957770993773474e-05,5.787853393621531e-05
0.3735,5.170312215596773e-05,3.95561072903723e-05,5.7867461514996894e-05
0.37366666666666665,5.161951232936341e-05,3.9548509005007815e-05,5.780374765926718e-05
0.3738333333333333,5.172318950127638e-05,3.960519580600555e-05,5.7853475380161176e-05
0.374,5.162337385334807e-05,3.94956958569498e-05,5.77923288073794e-05
0.37416666666666665,5.1554944677162445e-05,3.9482480383346064e-05,5.773434164736771e-05
0.3743333333333333,5.1557292580940996e-05,3.948522876053303e-05,5.770819529655713e-05
0.3745,5.1528697269725525e-05,3.9454222816247636e-05,5.770440436902556e-05
0.37466666666666665,5.154105544968382e-05,3.941952082977934e-05,5.767826684661526e-05
0.3748333333333333,5.151854198186175e-05,3.944866908314232e-05,5.7669199924175156e-05
0.375,5.1464168736231036e-05,3.9417679764157797e-05,5.7650081015082045e-05
0.37516666666666665,5.1413378327573476e-05,3.9407773636970327e-05,5.758602041818753e-05
0.3753333333333333,5.148198781328204e-05,3.940211006905841e-05,5.759443797645526e-05
0.3755,5.1445382096658885e-05,3.935497609951862e-05,5.756108487653858e-05
0.37566666666666665,5.14150512386912e-05,3.935829835596739e-05,5.7532606240009024e-05
0.3758333333333333,5.1367759138150085e-05,3.934233526869475e-05,5.753606215242798e-05
0.376,5.1351021350473625e-05,3.928761320920624e-05,5.747849050865488e-05
0.37616666666666665,5.13094549515907e-05,3.930517140132712e-05,5.7456114507848414e-05
0.3763333333333333,5.1271887493326046e-05,3.926977191879481e-05,5.7389313656270054e-05
0.3765,5.135564097166249e-05,3.932517043739057e-05,5.742572688211656e-05
0.37666666666666665,5.124086169132282e-05,3.922623933498948e-05,5.735999021077214e-05
0.3768333333333333,5.1200890063043645e-05,3.9164620903217885e-05,5.734942542599734e-05
0.377,5.1248639511786505e-05,3.921706367736282e-05,5.7350064165796616e-05
0.37716666666666665,5.122018691648109e-05,3.919311257540067e-05,5.7349621078894e-05
0.3773333333333333,5.1164613526021376e-05,3.913845762504731e-05,5.727878568936046e-05
0.3775,5.1170620646008375e-05,3.91898775905982e-05,5.726123074400799e-05
0.37766666666666665,5.111019124676616e-05,3.912384780303284e-05,5.723413315271484e-05
0.3778333333333333,5.1092674622488696e-05,3.9098265671896724e-05,5.7207550922605546e-05
0.378,5.1133046908761685e-05,3.915868992184369e-05,5.7222510763655595e-05
0.37816666666666665,5.104175620433434e-05,3.9049475579158104e-05,5.71582601139997e-05
0.3783333333333333,5.1056836970503504e-05,3.908056683597001e-05,5.7165915382235735e-05
0.3785,5.1008987493294204e-05,3.9062525766925764e-05,5.713122078530816e-05
0.37866666666666665,5.100231156301106e-05,3.904000646469383e-05,5.708265152514338e-05
0.3788333333333333,5.096066585151472e-05,3.9051242661787836e-05,5.709635741817103e-05
0.379,5.09444284573211e-05,3.900509404793933e-05,5.7036123788664006e-05
0.37916666666666665,5.094934197089242e-05,3.9044181921119134e-05,5.7041849896528336e-05
0.3793333333333333,5.0939832066843114e-05,3.9021352757565594e-05,5.7021192661196114e-05
0.3795,5.0872536131980855e-05,3.8949774742493896e-05,5.69795381515913e-05
0.37966666666666665,5.087414039986969e-05,3.897234085722142e-05,5.6943013626088356e-05
0.3798333333333333,5.08299706544328e-05,3.893767873899403e-05,5.6951516112022095e-05
0.38,5.079563988036452e-05,3.8826922826924615e-05,5.687829341805535e-05
0.38016666666666665,5.084173774224668e-05,3.893684654058915e-05,5.6923806760241555e-05
0.3803333333333333,5.080168196586061e-05,3.8861975409528605e-05,5.684834214970544e-05
0.3805,5.0767642053864756e-05,3.8855328598262715e-05,5.6834435747320854e-05
0.38066666666666665,5.0765256974351425e-05,3.885155017924634e-05,5.682870598203851e-05
0.3808333333333333,5.0747009160124476e-05,3.8853882093069305e-05,5.6787303582118974e-05
0.381,5.070962009988431e-05,3.8832574627816125e-05,5.679213637785326e-05
0.38116666666666665,5.066563868765866e-05,3.878527371413861e-05,5.6724236385499134e-05
0.3813333333333333,5.071082810157549e-05,3.878637197706894e-05,5.6773208662151976e-05
0.3815,5.067192875369641e-05,3.8793889538242775e-05,5.673935040236413e-05
0.38166666666666665,5.065119618245878e-05,3.874218538004189e-05,5.6700421143564686e-05
0.3818333333333333,5.060275503502379e-05,3.872436600437716e-05,5.6638251142704745e-05
0.382,5.061388283401106e-05,3.87738884797324e-05,5.6656826340409796e-05
0.38216666666666665,5.0513766607296024e-05,3.8683455888493536e-05,5.65633206560962e-05
0.3823333333333333,5.058295214594747e-05,3.869940135050066e-05,5.657240781027223e-05
0.3825,5.053639924300993e-05,3.87071261278156e-05,5.65858548329944e-05
0.38266666666666665,5.0475740068801306e-05,3.862573637276821e-05,5.652213659616757e-05
0.3828333333333333,5.05122871989758e-05,3.866107378881678e-05,5.657428269912961e-05
0.383,5.048902187605935e-05,3.865135387917767e-05,5.652252055885393e-05
0.38316666666666666,5.043564408612779e-05,3.8581296106607355e-05,5.645919344674118e-05
0.3833333333333333,5.042664178002159e-05,3.860360468662829e-05,5.6453021455299705e-05
0.3835,5.040727666776486e-05,3.8599591849186075e-05,5.6426974036527966e-05
0.38366666666666666,5.044670890912774e-05,3.8584964658608915e-05,5.644706095935877e-05
0.3838333333333333,5.0358720399541285e-05,3.8592365244713996e-05,5.642177133861719e-05
0.384,5.040582497460855e-05,3.856008396901942e-05,5.6431337650980894e-05
0.38416666666666666,5.036621961680658e-05,3.8567342969898214e-05,5.637002222711789e-05
0.3843333333333333,5.032273686958793e-05,3.84921361893882e-05,5.634382963928283e-05
0.3845,5.025819303043306e-05,3.846252590578068e-05,5.626408818531134e-05
0.38466666666666666,5.028581497842395e-05,3.85339699223252e-05,5.6304148110121134e-05
0.3848333333333333,5.020305232927282e-05,3.840043763938275e-05,5.623129859051903e-05
0.385,5.023146050940506e-05,3.847373309946006e-05,5.6255713837777824e-05
0.38516666666666666,5.019100812085221e-05,3.8467737805732236e-05,5.62415864208321e-05
0.3853333333333333,5.018322255483671e-05,3.8403479028694605e-05,5.620359872718786e-05
0.3855,5.015351919935005e-05,3.840339785052848e-05,5.615549509692386e-05
0.38566666666666666,5.014407881615862e-05,3.839133679936548e-05,5.6143410833162555e-05
0.3858333333333333,5.016243362496405e-05,3.835333408817054e-05,5.6140179278873324e-05
0.386,5.0080536432117654e-05,3.8354458650606195e-05,5.6081387783495216e-05
0.38616666666666666,5.011251758946034e-05,3.840295890772079e-05,5.6140285998567535e-05
0.3863333333333333,5.009969849098163e-05,3.834395657478706e-05,5.6051136795047934e-05
0.3865,5.006784683303091e-05,3.8310163016210574e-05,5.6060963172291166e-05
0.38666666666666666,5.0021911235347196e-05,3.8293055503475535e-05,5.600429308205339e-05
0.3868333333333333,5.000175048670124e-05,3.8322302423472214e-05,5.599474402573744e-05
0.387,4.9984334805428466e-05,3.82765887351156e-05,5.600483608674448e-05
0.38716666666666666,4.9975631246066454e-05,3.826504995883601e-05,5.595653859368833e-05
0.3873333333333333,4.999687491080579e-05,3.828468872617526e-05,5.5983582054244466e-05
0.3875,4.992372074819972e-05,3.817950586107396e-05,5.590693213039208e-05
0.38766666666666666,4.992665936727559e-05,3.8248315291520665e-05,5.589828665648182e-05
0.3878333333333333,4.992922481476938e-05,3.824136626363704e-05,5.587383624862357e-05
0.388,4.988568541930892e-05,3.816029107203425e-05,5.585701792474429e-05
0.38816666666666666,4.988868151107512e-05,3.816349831196477e-05,5.5817748403380234e-05
0.3883333333333333,4.982858127860523e-05,3.814701280115775e-05,5.579248373050781e-05
0.3885,4.987640408028442e-05,3.8114597075256995e-05,5.582949131827127e-05
0.38866666666666666,4.9797165358331667e-05,3.809573451122628e-05,5.5748053576515195e-05
0.3888333333333333,4.979748153575057e-05,3.8139879188585346e-05,5.574740022260121e-05
0.389,4.976553286706674e-05,3.8102663598809836e-05,5.5712477080314556e-05
0.38916666666666666,4.9720992861588875e-05,3.809038984417092e-05,5.566496210136821e-05
0.3893333333333333,4.971193691788075e-05,3.804927569540536e-05,5.565582364861315e-05
0.3895,4.972654819684291e-05,3.811534192652332e-05,5.567325973001542e-05
0.38966666666666666,4.972324959034869e-05,3.806272073090868e-05,5.56559768863418e-05
0.3898333333333333,4.9715358513108646e-05,3.8005591773020804e-05,5.5622264158597344e-05
0.39,4.970143507655437e-05,3.801481213640994e-05,5.5610624327295284e-05
0.39016666666666666,4.9630038290622854e-05,3.797208222877968e-05,5.5553468281112266e-05
0.3903333333333333,4.960130567476144e-05,3.7927775986987176e-05,5.553161799561353e-05
0.3905,4.959164796719249e-05,3.7980246099308676e-05,5.550898837117028e-05
0.39066666666666666,4.9569669078873976e-05,3.792872595760863e-05,5.550802218012251e-05
0.3908333333333333,4.959209444255824e-05,3.791714387168469e-05,5.550421565003274e-05
0.391,4.9533550954441176e-05,3.7939248144653694e-05,5.547651172324023e-05
0.39116666666666666,4.950552223017103e-05,3.7893357564820164e-05,5.539283256315238e-05
0.3913333333333333,4.952588123818505e-05,3.788418903880979e-05,5.543496171152728e-05
0.3915,4.948154990868228e-05,3.7876646868190877e-05,5.539376053631186e-05
0.39166666666666666,4.9457796784535206e-05,3.783484302960365e-05,5.537414389666344e-05
0.3918333333333333,4.942068486434084e-05,3.786262291409935e-05,5.534902415320362e-05
0.39199999999999996,4.9403611672938314e-05,3.7795568622707825e-05,5.5306277626060144e-05
0.39216666666666666,4.942737993841535e-05,3.7861994931728105e-05,5.5363176355965596e-05
0.3923333333333333,4.9416332257908655e-05,3.781612461518479e-05,5.529576766022431e-05
0.39249999999999996,4.934293744704449e-05,3.7766018186791365e-05,5.5255365510397894e-05
0.39266666666666666,4.931636056498959e-05,3.7807309065432425e-05,5.5251300747878095e-05
0.3928333333333333,4.931458864240147e-05,3.774654048355255e-05,5.5207666379602745e-05
0.39299999999999996,4.92951789472518e-05,3.7740651447211396e-05,5.523238437743869e-05
0.39316666666666666,4.925589535762361e-05,3.774554000340656e-05,5.516601467637077e-05
0.3933333333333333,4.929667866306107e-05,3.771365729179614e-05,5.5202056802566154e-05
0.39349999999999996,4.925272543251925e-05,3.766595509535047e-05,5.5133295608958904e-05
0.39366666666666666,4.925398881737111e-05,3.770881515059249e-05,5.511235140453967e-05
0.3938333333333333,4.9238768729432844e-05,3.7695125345729467e-05,5.511311439232123e-05
0.39399999999999996,4.92422211800199e-05,3.76666232083039e-05,5.5115500314280704e-05
0.39416666666666667,4.9225385776365914e-05,3.76495445574539e-05,5.5059322141346695e-05
0.3943333333333333,4.911838606116696e-05,3.7649945735963106e-05,5.5041714761509234e-05
0.39449999999999996,4.917432725100278e-05,3.763697137937154e-05,5.5032668172132584e-05
0.39466666666666667,4.913237595998862e-05,3.75985464959014e-05,5.503072243369796e-05
0.3948333333333333,4.911629153901492e-05,3.763037440482035e-05,5.4975928526664046e-05
0.39499999999999996,4.911989074318913e-05,3.758278900495261e-05,5.4960410688199596e-05
0.39516666666666667,4.904998273344332e-05,3.7535541856998567e-05,5.492669019105845e-05
0.3953333333333333,4.902315090886338e-05,3.75430995744271e-05,5.4909105982024743e-05
0.39549999999999996,4.903405965251674e-05,3.756648173887837e-05,5.4919746054358103e-05
0.39566666666666667,4.9013299060246083e-05,3.748007186464822e-05,5.485807825914419e-05
0.3958333333333333,4.901043713720749e-05,3.75047000397529e-05,5.485563476632123e-05
0.39599999999999996,4.8994614014856116e-05,3.750766251044018e-05,5.4848434867239746e-05
0.39616666666666667,4.897979317748775e-05,3.746184425561409e-05,5.482825940997487e-05
0.3963333333333333,4.893503466584555e-05,3.7526836210197785e-05,5.4807508236179486e-05
0.39649999999999996,4.895092972256528e-05,3.744115005603935e-05,5.479325815427729e-05
0.39666666666666667,4.890601433785984e-05,3.744391293132289e-05,5.473735061700432e-05
0.3968333333333333,4.8915058996573985e-05,3.7447970257946594e-05,5.474833976602584e-05
0.39699999999999996,4.8857142057280134e-05,3.7422586476212465e-05,5.4694791456301296e-05
0.39716666666666667,4.8891967391312324e-05,3.741732687273846e-05,5.472662630235026e-05
0.3973333333333333,4.87916791756025e-05,3.7370471629376405e-05,5.4679605921062886e-05
0.39749999999999996,4.881740326281304e-05,3.7351978959339234e-05,5.46687345164696e-05
0.39766666666666667,4.882380085570342e-05,3.736790827130255e-05,5.465208470382581e-05
0.3978333333333333,4.8812455233579436e-05,3.736895625307708e-05,5.46673614180109e-05
0.39799999999999996,4.8784072078907464e-05,3.735458182518365e-05,5.461014650587984e-05
0.39816666666666667,4.8790725815661295e-05,3.734758190417954e-05,5.457948220627593e-05
0.3983333333333333,4.874915485472798e-05,3.728516523885521e-05,5.4546791437328064e-05
0.39849999999999997,4.874713760159775e-05,3.731819541385386e-05,5.4566676627255004e-05
0.39866666666666667,4.8762135564136304e-05,3.7349079778410946e-05,5.4568717137967476e-05
0.3988333333333333,4.873156784528526e-05,3.725898937494983e-05,5.454249891459583e-05
0.39899999999999997,4.867178920583722e-05,3.7275972029454334e-05,5.4521831794138e-05
0.39916666666666667,4.8676365098352795e-05,3.727641483155394e-05,5.45121044407542e-05
0.3993333333333333,4.864088776648487e-05,3.723136604865983e-05,5.4464212682706386e-05
0.39949999999999997,4.86178339207589e-05,3.719835425686012e-05,5.442251919419853e-05
0.39966666666666667,4.8601747943964336e-05,3.722963361413636e-05,5.438701189623695e-05
0.3998333333333333,4.862184359096632e-05,3.7192638119843335e-05,5.43992716282741e-05
0.39999999999999997,4.8592639058360183e-05,3.715966770945125e-05,5.438247271051395e-05
0.40016666666666667,4.8563301175045944e-05,3.721938665940893e-05,5.442569615223979e-05
0.4003333333333333,4.856209562556426e-05,3.719857543513275e-05,5.434274291807142e-05
0.40049999999999997,4.853573396545551e-05,3.7141359603876715e-05,5.431350780129172e-05
0.40066666666666667,4.849199821761763e-05,3.7111610624968555e-05,5.4286373555826126e-05
0.4008333333333333,4.8477722455763254e-05,3.7146279148990076e-05,5.427248274430725e-05
0.40099999999999997,4.846247259230327e-05,3.706773765169598e-05,5.424865158900319e-05
0.40116666666666667,4.8471449873728226e-05,3.711861219304267e-05,5.428528884556326e-05
0.4013333333333333,4.8453908885960246e-05,3.708878490744356e-05,5.424188967347615e-05
0.40149999999999997,4.842342361882693e-05,3.704161535808475e-05,5.419887265424882e-05
0.40166666666666667,4.841710851915634e-05,3.705474818230313e-05,5.416708667650642e-05
0.4018333333333333,4.840540454985952e-05,3.705266879698311e-05,5.416964394605181e-05
0.40199999999999997,4.841043231467561e-05,3.705328281738825e-05,5.4176940947031776e-05
0.4021666666666667,4.838759839287289e-05,3.704664487040079e-05,5.4157256935003096e-05
0.4023333333333333,4.8346463998371335e-05,3.704725167988287e-05,5.415804519452236e-05
0.40249999999999997,4.835006285986839e-05,3.703744218893623e-05,5.412264383239048e-05
0.4026666666666667,4.827592888299343e-05,3.6995650788589604e-05,5.406919514812607e-05
0.4028333333333333,4.8331547163549456e-05,3.6971866777078256e-05,5.4074855756154515e-05
0.40299999999999997,4.825535038795552e-05,3.6977397724153133e-05,5.403789449505218e-05
0.4031666666666667,4.828800018287581e-05,3.694198923626906e-05,5.405587999776856e-05
0.4033333333333333,4.827179102129598e-05,3.689236648588815e-05,5.401232016942027e-05
0.40349999999999997,4.823942260575661e-05,3.696418468541889e-05,5.400853341935216e-05
0.4036666666666667,4.821544971549304e-05,3.6938309993013414e-05,5.39969728712796e-05
0.4038333333333333,4.818279503887108e-05,3.689469187695567e-05,5.39619616409078e-05
0.40399999999999997,4.819235568321148e-05,3.691586845843243e-05,5.3935760592159395e-05
0.4041666666666667,4.81660076159591e-05,3.6876448953474526e-05,5.3937907302232106e-05
0.4043333333333333,4.8218473020376996e-05,3.687797405479218e-05,5.394693529071873e-05
0.40449999999999997,4.8148501788888355e-05,3.690093657961066e-05,5.3933372402721596e-05
0.4046666666666667,4.814610035166127e-05,3.6864585047587394e-05,5.3892129869264246e-05
0.4048333333333333,4.812594855088601e-05,3.6847223780908654e-05,5.3889541521274544e-05
0.40499999999999997,4.807200887088815e-05,3.6834599243865134e-05,5.385031238744024e-05
0.4051666666666667,4.809353651490784e-05,3.68475406850434e-05,5.384852218864653e-05
0.4053333333333333,4.811170922016006e-05,3.682535180897108e-05,5.383427379834645e-05
0.40549999999999997,4.8046864241099225e-05,3.677751170573826e-05,5.379888928865063e-05
0.4056666666666667,4.8057243074363925e-05,3.679552564013892e-05,5.379295706893499e-05
0.4058333333333333,4.802921150526107e-05,3.680709234347103e-05,5.3776113219860396e-05
0.40599999999999997,4.8022343609807323e-05,3.673822465184769e-05,5.376344603451846e-05
0.4061666666666667,4.801805581874907e-05,3.6747945306694886e-05,5.373919418319821e-05
0.4063333333333333,4.7959085100703285e-05,3.669883620763209e-05,5.366374584569507e-05
0.4065,4.797177536780556e-05,3.667905725039216e-05,5.369365712777156e-05
0.4066666666666667,4.7969100985966545e-05,3.6722561550826034e-05,5.3701917370744195e-05
0.4068333333333333,4.793280227337839e-05,3.668622169853131e-05,5.366940279149995e-05
0.407,4.791882341484877e-05,3.671688408565537e-05,5.365409839734162e-05
0.4071666666666667,4.792882056213973e-05,3.670043222535713e-05,5.363843363467917e-05
0.4073333333333333,4.788613779419936e-05,3.66606265338235e-05,5.36245330158031e-05
0.4075,4.79107209375625e-05,3.666188127697026e-05,5.3615024276913515e-05
0.4076666666666667,4.786210068592632e-05,3.667133379596531e-05,5.3601178222094984e-05
0.4078333333333333,4.7828323018869414e-05,3.6609444637432235e-05,5.357537108181417e-05
0.408,4.788960018749596e-05,3.6666938708771756e-05,5.358644596756039e-05
0.4081666666666667,4.77728080009373e-05,3.657509147998621e-05,5.35181692584888e-05
0.4083333333333333,4.7814259381456594e-05,3.6636538569691976e-05,5.3524788333754597e-05
0.4085,4.7836235927518625e-05,3.663591395892799e-05,5.353109556211211e-05
0.4086666666666667,4.7745539369696196e-05,3.65422961070695e-05,5.346774953425689e-05
0.4088333333333333,4.777249748172834e-05,3.656746934919845e-05,5.346480547876662e-05
0.409,4.776279588240351e-05,3.657607672187306e-05,5.3464330027321425e-05
0.4091666666666667,4.77227954434659e-05,3.652349192484464e-05,5.344448765573993e-05
0.4093333333333333,4.774410125953769e-05,3.6565590434340566e-05,5.3454585182185044e-05
0.4095,4.7696210615181666e-05,3.654784746314562e-05,5.343866695547628e-05
0.4096666666666667,4.768140280520316e-05,3.649140287834598e-05,5.337321149865201e-05
0.4098333333333333,4.7711543880602926e-05,3.648214828434411e-05,5.336547646482083e-05
0.41,4.7657390057662095e-05,3.648891145577896e-05,5.335047362056057e-05
0.4101666666666667,4.768574993693187e-05,3.651825991061192e-05,5.337366541856553e-05
0.4103333333333333,4.7631702523813095e-05,3.649812776324417e-05,5.3334483616413715e-05
0.4105,4.7613837099363235e-05,3.6468129609007714e-05,5.332268497209984e-05
0.4106666666666667,4.762226053957838e-05,3.647190326647952e-05,5.3303819169966175e-05
0.41083333333333333,4.759732606575544e-05,3.641860195083715e-05,5.326214202113648e-05
0.411,4.752412914905877e-05,3.642602273680672e-05,5.325753594815183e-05
0.4111666666666667,4.756187391542758e-05,3.6446103271167215e-05,5.325982228239122e-05
0.41133333333333333,4.751947677426755e-05,3.6371460484336597e-05,5.3223666818661e-05
0.4115,4.754712072105113e-05,3.641059890297598e-05,5.322238060573975e-05
0.4116666666666666,4.7518963504468526e-05,3.642990793747256e-05,5.3210548165629764e-05
0.41183333333333333,4.7477828894770306e-05,3.6386398213441693e-05,5.318661595554156e-05
0.412,4.750460963743174e-05,3.6340543917115735e-05,5.316231970401248e-05
0.4121666666666666,4.743526094152781e-05,3.635380655425746e-05,5.314396367304122e-05
0.41233333333333333,4.7441109068699664e-05,3.634142225222956e-05,5.312197613849042e-05
0.4125,4.744393215443281e-05,3.63191057431022e-05,5.3111220161229505e-05
0.4126666666666666,4.7433805480596676e-05,3.631967564757069e-05,5.3106821703712894e-05
0.41283333333333333,4.741840739416677e-05,3.633089625600281e-05,5.309667454544289e-05
0.413,4.739707266391294e-05,3.6288439159998435e-05,5.305523060665652e-05
0.4131666666666666,4.7360882850068774e-05,3.628572057310602e-05,5.305636469077445e-05
0.41333333333333333,4.738375709155873e-05,3.628337660431236e-05,5.302764469774698e-05
0.4135,4.733134776561035e-05,3.6234275198569064e-05,5.301864156395873e-05
0.4136666666666666,4.7320203481887794e-05,3.621777298616281e-05,5.300571815966658e-05
0.41383333333333333,4.730869719384714e-05,3.626728296231277e-05,5.299649026705105e-05
0.414,4.7323212722596076e-05,3.6225307118810045e-05,5.297583840941238e-05
0.4141666666666666,4.726121351115185e-05,3.6199406714817895e-05,5.293134525003823e-05
0.41433333333333333,4.7288002482942324e-05,3.62187602073248e-05,5.296122641751141e-05
0.4145,4.7277275192567425e-05,3.617857672486038e-05,5.290875272510819e-05
0.41466666666666663,4.7221698956805995e-05,3.614270960358912e-05,5.288485563474544e-05
0.41483333333333333,4.723802675217207e-05,3.6196661565339596e-05,5.291568511548172e-05
0.415,4.721959034338774e-05,3.613400476732611e-05,5.2873010347139066e-05
0.41516666666666663,4.722347580766806e-05,3.618551413968954e-05,5.28996114363566e-05
0.41533333333333333,4.7130769138908e-05,3.612345075390867e-05,5.281937676934359e-05
0.4155,4.7196040766007235e-05,3.61269774097362e-05,5.282205150389043e-05
0.41566666666666663,4.717833539400521e-05,3.615503342027881e-05,5.281495061812599e-05
0.41583333333333333,4.7127120038818964e-05,3.610638756488113e-05,5.279129414198469e-05
0.416,4.7195086447828704e-05,3.614640333099985e-05,5.284638945910261e-05
0.41616666666666663,4.717645756574721e-05,3.611579618130385e-05,5.2819846814876254e-05
0.41633333333333333,4.711694913831447e-05,3.607994179726559e-05,5.274617409241287e-05
0.4165,4.707700935782052e-05,3.6078157205508555e-05,5.273136691350736e-05
0.41666666666666663,4.706294726528442e-05,3.606329132914829e-05,5.269548526271594e-05
0.41683333333333333,4.7069563666094275e-05,3.603188660278757e-05,5.2703386679855467e-05
0.417,4.705618381976591e-05,3.6052244480700095e-05,5.2662986593917075e-05
0.41716666666666663,4.7045768895793695e-05,3.6032770984387806e-05,5.2676644147777824e-05
0.41733333333333333,4.7031865155015815e-05,3.604617447659719e-05,5.267966356794669e-05
0.4175,4.7032110951624535e-05,3.601989591035147e-05,5.26514977120246e-05
0.41766666666666663,4.702589351240643e-05,3.6010960238751735e-05,5.2657072171663015e-05
0.41783333333333333,4.695697061890922e-05,3.5958841480827256e-05,5.259337844168845e-05
0.418,4.6953801483063446e-05,3.5943551993479176e-05,5.256451941144976e-05
0.41816666666666663,4.7034583988566276e-05,3.596605850017688e-05,5.2595135824170176e-05
0.41833333333333333,4.6960281791654644e-05,3.596686907703448e-05,5.2588633476592416e-05
0.4185,4.6928260898643844e-05,3.593906927907046e-05,5.257075849360744e-05
0.41866666666666663,4.697045562357077e-05,3.59715388550991e-05,5.2578563023823605e-05
0.41883333333333334,4.686350813333607e-05,3.591184625157402e-05,5.2503460748474294e-05
0.419,4.6923755427226e-05,3.5949230126455744e-05,5.250889277808364e-05
0.41916666666666663,4.688832873220434e-05,3.590716536599498e-05,5.2514246405153496e-05
0.41933333333333334,4.688136924285391e-05,3.5915979961870465e-05,5.250221081490984e-05
0.4195,4.687406398628324e-05,3.584091118069021e-05,5.24678584765698e-05
0.41966666666666663,4.690048629629484e-05,3.5898704031015385e-05,5.246747057871473e-05
0.41983333333333334,4.685588368805873e-05,3.587461934633433e-05,5.2471453791105434e-05
0.42,4.6853365790247064e-05,3.5854845265717336e-05,5.243279299936332e-05
0.42016666666666663,4.679855467493855e-05,3.586981916575123e-05,5.240335620154866e-05
0.42033333333333334,4.682069849957537e-05,3.583264066622103e-05,5.242259260133e-05
0.4205,4.676246505882063e-05,3.5818549597181033e-05,5.236298304265989e-05
0.42066666666666663,4.6805865810217795e-05,3.5830407338499554e-05,5.240931621717209e-05
0.42083333333333334,4.6782469738725395e-05,3.580762426344196e-05,5.237911487213503e-05
0.421,4.678709602595447e-05,3.581420675152417e-05,5.236593311344699e-05
0.42116666666666663,4.672354195166557e-05,3.5749440549658175e-05,5.231521785126717e-05
0.42133333333333334,4.6712857367032326e-05,3.578315670635616e-05,5.231474966858798e-05
0.4215,4.673733436833199e-05,3.5801632430445244e-05,5.229112373021227e-05
0.42166666666666663,4.668576380034087e-05,3.5736134524050805e-05,5.2277263636538755e-05
0.42183333333333334,4.670862679745949e-05,3.575156598280394e-05,5.227153977274903e-05
0.422,4.669839868657473e-05,3.575484669121363e-05,5.22841179538715e-05
0.42216666666666663,4.6649735543084665e-05,3.5705868548202934e-05,5.223075562106747e-05
0.42233333333333334,4.66798071777004e-05,3.5741280963186516e-05,5.225623099813434e-05
0.4225,4.664183156060902e-05,3.5712280674120724e-05,5.222286455264501e-05
0.42266666666666663,4.663594020731637e-05,3.568930958757261e-05,5.219565234840751e-05
0.42283333333333334,4.66431337171707e-05,3.569352482651148e-05,5.2197536543132164e-05
0.423,4.6617990189560227e-05,3.5680419351786515e-05,5.221183027112201e-05
0.42316666666666664,4.663123452069855e-05,3.5685270467002244e-05,5.2183031911614916e-05
0.42333333333333334,4.6593732329011403e-05,3.564130020166485e-05,5.215304989894896e-05
0.4235,4.6576269708780336e-05,3.564968586962615e-05,5.214788520740989e-05
0.42366666666666664,4.654721154997587e-05,3.560854393134423e-05,5.2114101018331676e-05
0.42383333333333334,4.6523151134214364e-05,3.5609584559095245e-05,5.2126411685233696e-05
0.424,4.655308693112969e-05,3.5631025449381085e-05,5.211540475453248e-05
0.42416666666666664,4.651895874747687e-05,3.564512460123402e-05,5.207340234774183e-05
0.42433333333333334,4.6524419920589136e-05,3.559344082365073e-05,5.2061384170698036e-05
0.4245,4.6492759695358895e-05,3.559044193815627e-05,5.2032527691091716e-05
0.42466666666666664,4.6480709030183384e-05,3.561785931121324e-05,5.204241844397343e-05
0.42483333333333334,4.642976934864974e-05,3.557532137752205e-05,5.200400895869159e-05
0.425,4.643130269417863e-05,3.558174896685427e-05,5.2011201211139697e-05
0.42516666666666664,4.64446583421321e-05,3.5562255479112416e-05,5.201355192300892e-05
0.42533333333333334,4.6468973892198605e-05,3.5574534839069234e-05,5.202155632887624e-05
0.4255,4.643973255646085e-05,3.553510886697133e-05,5.200929067217204e-05
0.42566666666666664,4.6405172234573595e-05,3.552994570539081e-05,5.1949116179053594e-05
0.42583333333333334,4.6440343693057876e-05,3.550702495491187e-05,5.196022660114193e-05
0.426,4.641925710417024e-05,3.550294019481128e-05,5.193903918734638e-05
0.42616666666666664,4.642068240265995e-05,3.55431793594072e-05,5.197038369941928e-05
0.42633333333333334,4.643040610841166e-05,3.55073175490597e-05,5.1948043240843135e-05
0.4265,4.639217333381671e-05,3.549698902985469e-05,5.193648240978532e-05
0.42666666666666664,4.6349399638176053e-05,3.548391986335794e-05,5.1902874427843134e-05
0.42683333333333334,4.636020656347363e-05,3.552502362112627e-05,5.1917109692220094e-05
0.427,4.635243637110618e-05,3.548389465908474e-05,5.1876240880764915e-05
0.42716666666666664,4.631828815599937e-05,3.5492451913842595e-05,5.189104175846847e-05
0.42733333333333334,4.6358097057797636e-05,3.550213876658902e-05,5.1870474144880405e-05
0.4275,4.630613259037697e-05,3.543912549888117e-05,5.185107872671494e-05
0.42766666666666664,4.629229088995293e-05,3.5437037877902474e-05,5.183711818922114e-05
0.42783333333333334,4.627003494505411e-05,3.542485151843264e-05,5.1825021036814475e-05
0.428,4.62754545445507e-05,3.54300256812231e-05,5.1824359630070546e-05
0.42816666666666664,4.6245805622058825e-05,3.543918187371641e-05,5.179298449195953e-05
0.42833333333333334,4.6242925721438526e-05,3.5415226143716484e-05,5.1793420173033326e-05
0.4285,4.6247955821027394e-05,3.5403334812352186e-05,5.17764048289344e-05
0.42866666666666664,4.6229377687695444e-05,3.541229829351701e-05,5.1770333491822124e-05
0.42883333333333334,4.620340370918619e-05,3.537894962475102e-05,5.1748281059478134e-05
0.429,4.6207816978121594e-05,3.53888526502183e-05,5.172721677449162e-05
0.42916666666666664,4.6204802052196055e-05,3.5350820526241026e-05,5.171674348842338e-05
0.42933333333333334,4.6160872512775136e-05,3.533020912865029e-05,5.169546351393644e-05
0.4295,4.617853580694765e-05,3.5390464004197164e-05,5.172872738763092e-05
0.42966666666666664,4.6132893263299407e-05,3.5308912375092294e-05,5.166637274012206e-05
0.42983333333333335,4.614157941350543e-05,3.531875446099888e-05,5.170149469896903e-05
0.43,4.613199967811655e-05,3.533605169523472e-05,5.166161528975129e-05
0.43016666666666664,4.613758227417371e-05,3.53442357743849e-05,5.167369468803246e-05
0.43033333333333335,4.6129185208960986e-05,3.529768518329632e-05,5.160863687081288e-05
0.4305,4.611103918693833e-05,3.5310163798790496e-05,5.162792796924376e-05
0.43066666666666664,4.6086833478679356e-05,3.526818727983384e-05,5.1604340313489665e-05
0.43083333333333335,4.609369511012005e-05,3.529693346832249e-05,5.1618839937235994e-05
0.431,4.6073709362468414e-05,3.525950399736749e-05,5.159096295383438e-05
0.43116666666666664,4.60948025170544e-05,3.528692006765007e-05,5.160149592391425e-05
0.43133333333333335,4.607893968383203e-05,3.526478603520772e-05,5.1581516680032254e-05
0.4315,4.606655827248851e-05,3.524222313249119e-05,5.155495758920124e-05
0.43166666666666664,4.602385024915121e-05,3.525771035940444e-05,5.153981515507293e-05
0.4318333333333333,4.60767332596574e-05,3.525238145661214e-05,5.1554704476389016e-05
0.432,4.599775665480666e-05,3.520271196272481e-05,5.152929647811363e-05
0.43216666666666664,4.601323216232645e-05,3.522333074314483e-05,5.15248421277081e-05
0.4323333333333333,4.6002504934376935e-05,3.523602254314474e-05,5.151593876249797e-05
0.4325,4.5986892732191377e-05,3.519853368233274e-05,5.147404729690524e-05
0.43266666666666664,4.596628688505802e-05,3.519867423187594e-05,5.1477432158148475e-05
0.4328333333333333,4.598039476857246e-05,3.5179459051092796e-05,5.146276305309607e-05
0.433,4.595199538348037e-05,3.518919300183222e-05,5.146727429700033e-05
0.43316666666666664,4.5938182865303886e-05,3.517154229932386e-05,5.146023580348787e-05
0.4333333333333333,4.5955663712314624e-05,3.5195400299777e-05,5.146059221338957e-05
0.4335,4.593157763158387e-05,3.5184706526168314e-05,5.143223413195751e-05
0.43366666666666664,4.590364339750971e-05,3.512136913732136e-05,5.1389154558525916e-05
0.4338333333333333,4.58892287106098e-05,3.513235970026899e-05,5.138197661788426e-05
0.434,4.59415354597591e-05,3.5148424643146895e-05,5.1408593248943764e-05
0.43416666666666665,4.5878150189114824e-05,3.509289301430053e-05,5.135029684235794e-05
0.4343333333333333,4.583098378092404e-05,3.514121129771256e-05,5.1361337341873035e-05
0.4345,4.590948125360182e-05,3.5146995511274495e-05,5.13896153033512e-05
0.43466666666666665,4.585256280060664e-05,3.51067370102578e-05,5.1348318275451794e-05
0.4348333333333333,4.588506138178897e-05,3.511088199301805e-05,5.1342946671175347e-05
0.435,4.5835547880636717e-05,3.5113585361702524e-05,5.133301845905492e-05
0.43516666666666665,4.583327770416076e-05,3.5064178675242816e-05,5.129970842982358e-05
0.4353333333333333,4.581171979534562e-05,3.5082754625504067e-05,5.128553934533948e-05
0.4355,4.580495885507076e-05,3.5090057037936173e-05,5.131262722730034e-05
0.43566666666666665,4.57853736637083e-05,3.507279573225597e-05,5.1295026466166616e-05
0.4358333333333333,4.5781517356617e-05,3.505391220266964e-05,5.126228838326586e-05
0.436,4.5814249064964e-05,3.502783876576707e-05,5.1243435856831554e-05
0.43616666666666665,4.574001621095434e-05,3.502332490480669e-05,5.120913632505617e-05
0.4363333333333333,4.5721596942780354e-05,3.500840059187895e-05,5.1208525114222635e-05
0.4365,4.57639223619416e-05,3.5015406035178945e-05,5.1185345642745916e-05
0.43666666666666665,4.5771322367492624e-05,3.5046215270814374e-05,5.121005696651411e-05
0.4368333333333333,4.5687102367571774e-05,3.500682229053677e-05,5.1195346423336794e-05
0.437,4.57131407907619e-05,3.501088529620001e-05,5.120015181562769e-05
0.43716666666666665,4.570034828745514e-05,3.50038624248908e-05,5.117301090360455e-05
0.4373333333333333,4.5709065993189096e-05,3.4965318019560564e-05,5.113593059710302e-05
0.4375,4.571173929891759e-05,3.495456461353484e-05,5.1137669892807053e-05
0.43766666666666665,4.5703335682593456e-05,3.500189928921442e-05,5.115450547162942e-05
0.4378333333333333,4.563364905142082e-05,3.495518306146201e-05,5.111661804980768e-05
0.438,4.566966484572694e-05,3.499421782995455e-05,5.1157052229443445e-05
0.43816666666666665,4.567430077504395e-05,3.496339882726195e-05,5.11021483527482e-05
0.4383333333333333,4.564774525759756e-05,3.4951086573632e-05,5.1119679032581556e-05
0.4385,4.567139360045116e-05,3.494688677132542e-05,5.1082658627538226e-05
0.43866666666666665,4.56109283103813e-05,3.4925412697630554e-05,5.1052359344006054e-05
0.4388333333333333,4.560607314846335e-05,3.493447273700857e-05,5.106228946375985e-05
0.439,4.561561990156678e-05,3.490818861443388e-05,5.106483748365414e-05
0.43916666666666665,4.5634267944089636e-05,3.4933897750929497e-05,5.104734494140201e-05
0.4393333333333333,4.5623205029058245e-05,3.488706996143915e-05,5.1038546583229566e-05
0.4395,4.5578253520409665e-05,3.4888266799612685e-05,5.1013501525947265e-05
0.43966666666666665,4.551659498877865e-05,3.485593004842422e-05,5.09975852166683e-05
0.4398333333333333,4.555192851058568e-05,3.487204148104791e-05,5.099119481000722e-05
0.44,4.55159064394488e-05,3.4836244138587984e-05,5.0964816398600106e-05
0.44016666666666665,4.5556745910192135e-05,3.484584452886023e-05,5.0989360649577635e-05
0.4403333333333333,4.551710372987894e-05,3.488837503506776e-05,5.0964776612638695e-05
0.4405,4.5516359975666425e-05,3.481844096479846e-05,5.094606726868204e-05
0.44066666666666665,4.545903082252628e-05,3.4821213623696156e-05,5.092654721962934e-05
0.4408333333333333,4.551039666843157e-05,3.482666382423171e-05,5.0918615514985303e-05
0.441,4.5477600869082306e-05,3.480748642002238e-05,5.0914332893161476e-05
0.44116666666666665,4.547818624145732e-05,3.480182245272707e-05,5.091509103412668e-05
0.4413333333333333,4.547059817481473e-05,3.484395170994111e-05,5.09085790868263e-05
0.4415,4.547918110262573e-05,3.4807558887185135e-05,5.090769993057678e-05
0.44166666666666665,4.545801020362677e-05,3.482712574911788e-05,5.089161150750095e-05
0.4418333333333333,4.543188872442404e-05,3.477898447091217e-05,5.086551675041321e-05
0.442,4.54025261778095e-05,3.477689543028421e-05,5.083748282162661e-05
0.44216666666666665,4.5419027133174864e-05,3.476984759667866e-05,5.0843280298806505e-05
0.4423333333333333,4.537943295053475e-05,3.4766158930047026e-05,5.082775128074412e-05
0.4425,4.542475107183989e-05,3.474816053458301e-05,5.081935099525319e-05
0.44266666666666665,4.536334905493777e-05,3.477151725658897e-05,5.082434727202531e-05
0.4428333333333333,4.537642527000733e-05,3.4736427709594596e-05,5.079625780045211e-05
0.443,4.539445515736912e-05,3.477036389168129e-05,5.0803590394616125e-05
0.44316666666666665,4.5358347034738364e-05,3.475243167622965e-05,5.080531629804818e-05
0.4433333333333333,4.5349332368597416e-05,3.471566023036755e-05,5.075145291583139e-05
0.4435,4.537355426088467e-05,3.474105210283158e-05,5.079659277303287e-05
0.44366666666666665,4.532307396847521e-05,3.471674066388337e-05,5.0772795435661634e-05
0.4438333333333333,4.53570981708984e-05,3.470299580273176e-05,5.077301367340747e-05
0.444,4.5325154499386175e-05,3.4675249252538635e-05,5.0750192886661e-05
0.44416666666666665,4.5329678114491296e-05,3.474053456549395e-05,5.0753115494234226e-05
0.4443333333333333,4.5299419224148236e-05,3.468074018649854e-05,5.071385208222258e-05
0.4445,4.5280576221465576e-05,3.4694085711059435e-05,5.0722541351591884e-05
0.44466666666666665,4.531301315301174e-05,3.4657596897919435e-05,5.0716397081062855e-05
0.4448333333333333,4.529822422415375e-05,3.471132192066981e-05,5.0714169673230845e-05
0.445,4.52881129145635e-05,3.466344100411762e-05,5.0695960043074134e-05
0.44516666666666665,4.5260522919375034e-05,3.468535460422915e-05,5.0700835910037626e-05
0.4453333333333333,4.525133278352091e-05,3.464963961685333e-05,5.0655193177926104e-05
0.4455,4.522784258159274e-05,3.4593369248146476e-05,5.063731620545745e-05
0.44566666666666666,4.5228400991500355e-05,3.463047262747264e-05,5.0623546374268596e-05
0.4458333333333333,4.5257667204354134e-05,3.4678304207336624e-05,5.070087334971084e-05
0.446,4.522578226066809e-05,3.460076231163108e-05,5.062652902332552e-05
0.44616666666666666,4.52144034334698e-05,3.4646689543466305e-05,5.06316921921926e-05
0.4463333333333333,4.520906804994101e-05,3.460847009425935e-05,5.0609981993426044e-05
0.4465,4.5194238784322056e-05,3.4613034739460585e-05,5.06222211042643e-05
0.44666666666666666,4.522931144492609e-05,3.461455850973749e-05,5.0605945961120566e-05
0.4468333333333333,4.521811062714509e-05,3.459194145195482e-05,5.060832712890501e-05
0.447,4.5164585089549214e-05,3.456931463740443e-05,5.0576116863275464e-05
0.44716666666666666,4.516528735571752e-05,3.4586428576437906e-05,5.0567123698867934e-05
0.4473333333333333,4.5175765257187446e-05,3.456539283269249e-05,5.0559419634126785e-05
0.4475,4.518374686166281e-05,3.4594409038491135e-05,5.058425711007161e-05
0.44766666666666666,4.51448194215281e-05,3.459350656474612e-05,5.055337483958124e-05
0.4478333333333333,4.5133114356025486e-05,3.455088400107383e-05,5.0534050812795866e-05
0.448,4.516421198705302e-05,3.4586574278772814e-05,5.0548847984829075e-05
0.44816666666666666,4.5116775313548314e-05,3.451092094750742e-05,5.05066820137477e-05
0.4483333333333333,4.514007612775718e-05,3.455221123266782e-05,5.0537314401919607e-05
0.4485,4.511976073317079e-05,3.45430313771878e-05,5.051526686177458e-05
0.44866666666666666,4.508661398273257e-05,3.4542200227300115e-05,5.0509088692316946e-05
0.4488333333333333,4.5103120595779095e-05,3.4522265191901756e-05,5.0478522352599394e-05
0.449,4.508025789208836e-05,3.456149603520048e-05,5.049725816982332e-05
0.44916666666666666,4.509653137792358e-05,3.4514671614613596e-05,5.04707429360389e-05
0.4493333333333333,4.506689479643687e-05,3.4510276872342016e-05,5.046189694217232e-05
0.4495,4.5051372692057865e-05,3.45197063381834e-05,5.045579420350242e-05
0.44966666666666666,4.504395005198784e-05,3.4507471983856593e-05,5.045085432220325e-05
0.4498333333333333,4.505930191338192e-05,3.4498114972967095e-05,5.044142199944123e-05
0.45,4.503703877058644e-05,3.4463046471907694e-05,5.041521322794617e-05
0.45016666666666666,4.5038806981299504e-05,3.448276236709279e-05,5.040935000475897e-05
0.4503333333333333,4.5034857783256103e-05,3.44661635693499e-05,5.043679095599844e-05
0.4505,4.501884719962782e-05,3.448382288918499e-05,5.044073333024196e-05
0.45066666666666666,4.5041547220127614e-05,3.449055337798408e-05,5.042566633021858e-05
0.4508333333333333,4.5016493837035125e-05,3.443978176907506e-05,5.0398632529349205e-05
0.451,4.500174096704995e-05,3.448425108929923e-05,5.0393141703461706e-05
0.45116666666666666,4.4990452557265284e-05,3.4437856669890064e-05,5.0351925096190223e-05
0.4513333333333333,4.498025400476648e-05,3.4461701360993426e-05,5.0372695666134736e-05
0.4515,4.497717140237199e-05,3.4460295260592945e-05,5.0373542449699586e-05
0.45166666666666666,4.496735832284218e-05,3.4461621573467644e-05,5.037346254603934e-05
0.4518333333333333,4.4987689690514126e-05,3.4456489975039725e-05,5.0390177417286324e-05
0.45199999999999996,4.493650691549873e-05,3.442324310522388e-05,5.033455637395677e-05
0.45216666666666666,4.49210943508631e-05,3.439269859456017e-05,5.031970566942905e-05
0.4523333333333333,4.494033319915637e-05,3.4419881064893376e-05,5.0315150990521174e-05
0.45249999999999996,4.496851632288295e-05,3.4417320275786285e-05,5.032228336114611e-05
0.45266666666666666,4.4939550879612785e-05,3.439177422947194e-05,5.031565022977355e-05
0.4528333333333333,4.496303436806008e-05,3.438226090141204e-05,5.03216892894282e-05
0.45299999999999996,4.493442409584934e-05,3.439621705166507e-05,5.0311485786459534e-05
0.45316666666666666,4.491549796186143e-05,3.4411798686818694e-05,5.02892486361761e-05
0.4533333333333333,4.489782712460681e-05,3.43980218718773e-05,5.027195778182676e-05
0.45349999999999996,4.487113460959788e-05,3.4376624086807065e-05,5.027010459491119e-05
0.45366666666666666,4.48597119565858e-05,3.437132946021422e-05,5.024781335773175e-05
0.4538333333333333,4.493217553947864e-05,3.439191472885277e-05,5.0270036300574164e-05
0.45399999999999996,4.48314913532164e-05,3.435091529421901e-05,5.023313054496096e-05
0.45416666666666666,4.483709612853971e-05,3.436519232266593e-05,5.025936607491707e-05
0.4543333333333333,4.4890067849368294e-05,3.434691124269663e-05,5.022180026537409e-05
0.45449999999999996,4.484811426729331e-05,3.433191243615037e-05,5.0229153876933544e-05
0.45466666666666666,4.481346767504645e-05,3.433712916137105e-05,5.020175277074449e-05
0.4548333333333333,4.479978412280211e-05,3.431023980299045e-05,5.019067588268735e-05
0.45499999999999996,4.4838622853922776e-05,3.433600705527822e-05,5.02062399360228e-05
0.45516666666666666,4.482954709662006e-05,3.432613794064101e-05,5.0210975478715486e-05
0.4553333333333333,4.484646611985181e-05,3.42856351068362e-05,5.0185153541244993e-05
0.45549999999999996,4.4823166603886876e-05,3.4321963522323504e-05,5.0192819467963576e-05
0.45566666666666666,4.476708328818446e-05,3.428851439628163e-05,5.0125419362108724e-05
0.4558333333333333,4.478594259392877e-05,3.4301134928005654e-05,5.0172212336797335e-05
0.45599999999999996,4.4813932612898935e-05,3.429190473003423e-05,5.016129117578577e-05
0.45616666666666666,4.47866032655334e-05,3.430414253558885e-05,5.0156380515263584e-05
0.4563333333333333,4.4774030500536154e-05,3.428681626780486e-05,5.0137317504140395e-05
0.45649999999999996,4.481324467906333e-05,3.429795105747e-05,5.0160305835644144e-05
0.45666666666666667,4.470224329316247e-05,3.4249591940548434e-05,5.0089044506461336e-05
0.4568333333333333,4.474537384530962e-05,3.426002019072693e-05,5.012572373157555e-05
0.45699999999999996,4.4757202514611565e-05,3.428894212605102e-05,5.012856926384572e-05
0.45716666666666667,4.477430922345823e-05,3.426346015308477e-05,5.009777996134007e-05
0.4573333333333333,4.4772871388347856e-05,3.4259508975617314e-05,5.009278989167606e-05
0.45749999999999996,4.474155869836411e-05,3.427248995482597e-05,5.0092730800695974e-05
0.45766666666666667,4.473985103922761e-05,3.427473268013383e-05,5.010995705798489e-05
0.4578333333333333,4.471487122587504e-05,3.4231428391857955e-05,5.006244335843274e-05
0.45799999999999996,4.472718702598361e-05,3.424177503544605e-05,5.009230522275992e-05
0.45816666666666667,4.4711446550922446e-05,3.424460686492821e-05,5.006702286116675e-05
0.4583333333333333,4.4710095012036084e-05,3.424255976800537e-05,5.0055698316625446e-05
0.45849999999999996,4.471640837333572e-05,3.425410501015321e-05,5.0070327014288376e-05
0.45866666666666667,4.470586675508104e-05,3.4255017254385884e-05,5.006437646274413e-05
0.4588333333333333,4.470635835309448e-05,3.423756570884379e-05,5.004132323186005e-05
0.45899999999999996,4.4659377517630736e-05,3.4206087517666885e-05,5.00174806953779e-05
0.45916666666666667,4.467231990025471e-05,3.4205072058557535e-05,5.0015494711619944e-05
0.4593333333333333,4.469691386594474e-05,3.420562828846377e-05,5.0014461093423465e-05
0.45949999999999996,4.464797241801126e-05,3.421733155064837e-05,4.9983267862046135e-05
0.45966666666666667,4.4625928448812915e-05,3.418033668521446e-05,4.999521970216105e-05
0.4598333333333333,4.4628315404219974e-05,3.4192486829665584e-05,4.9994907327912526e-05
0.45999999999999996,4.4653392238037454e-05,3.416739071794467e-05,4.997864950739388e-05
0.46016666666666667,4.462460929648586e-05,3.4174874022135626e-05,4.997377718781121e-05
0.4603333333333333,4.461040841700819e-05,3.417405323590797e-05,4.994654785785528e-05
0.46049999999999996,4.463092956772988e-05,3.419827664729908e-05,4.9977317257891385e-05
0.46066666666666667,4.458842665527473e-05,3.414879952157751e-05,4.995437535866971e-05
0.4608333333333333,4.462241569647961e-05,3.418344865233785e-05,4.996844608632638e-05
0.46099999999999997,4.4636167648056615e-05,3.4162635725717175e-05,4.9966319337888376e-05
0.46116666666666667,4.4600721901670075e-05,3.414527319068635e-05,4.994979348314929e-05
0.4613333333333333,4.457383993540514e-05,3.411808541737528e-05,4.990645120477e-05
0.46149999999999997,4.46038920870733e-05,3.415360881137632e-05,4.99224379815674e-05
0.46166666666666667,4.4582192962782506e-05,3.412167243225326e-05,4.991469868256725e-05
0.4618333333333333,4.4587025546120034e-05,3.4139464272940317e-05,4.9907293961469995e-05
0.46199999999999997,4.4569737343285475e-05,3.417357109094972e-05,4.992411775480918e-05
0.46216666666666667,4.4603686670459324e-05,3.417240016074713e-05,4.9927824414813954e-05
0.4623333333333333,4.4558366145480596e-05,3.414503817649854e-05,4.9894252598174975e-05
0.46249999999999997,4.4567866921149575e-05,3.4113174545760736e-05,4.987352806491183e-05
0.46266666666666667,4.455046606675585e-05,3.4122472823569844e-05,4.9858451313053914e-05
0.4628333333333333,4.454736030589207e-05,3.40855713026313e-05,4.986503778998184e-05
0.46299999999999997,4.4524479785424256e-05,3.409050085389519e-05,4.985785136233745e-05
0.46316666666666667,4.4538323755049496e-05,3.41176306206251e-05,4.98468726124044e-05
0.4633333333333333,4.4553944925000284e-05,3.4104802400038026e-05,4.987712542099659e-05
0.46349999999999997,4.453207430903847e-05,3.4090991272429985e-05,4.987892861027877e-05
0.46366666666666667,4.4525859015375804e-05,3.407133962264958e-05,4.981671170114409e-05
0.4638333333333333,4.452671181564638e-05,3.40798764405957e-05,4.982013254526363e-05
0.46399999999999997,4.450910407481896e-05,3.4088641224176414e-05,4.9825439271162825e-05
0.46416666666666667,4.4487858064185436e-05,3.4080379481088906e-05,4.9803418975207715e-05
0.4643333333333333,4.450453102693853e-05,3.4081215601675904e-05,4.983221665681611e-05
0.46449999999999997,4.4492585404438555e-05,3.409095644909667e-05,4.98153930173236e-05
0.4646666666666667,4.448715465789027e-05,3.406898303296417e-05,4.9800634622415075e-05
0.4648333333333333,4.4481207935765635e-05,3.407018426521779e-05,4.979884154302831e-05
0.46499999999999997,4.445287207225545e-05,3.4053334311376644e-05,4.976354678868112e-05
0.4651666666666667,4.447797122830436e-05,3.405223674874744e-05,4.9795933701916985e-05
0.4653333333333333,4.44597489730519e-05,3.405432579723935e-05,4.978858794857069e-05
0.46549999999999997,4.4469602717183844e-05,3.4047124482079797e-05,4.978976572536742e-05
0.4656666666666667,4.442381810068251e-05,3.402967590105581e-05,4.976952652330726e-05
0.4658333333333333,4.442971410661048e-05,3.40195430358707e-05,4.9747627143722746e-05
0.46599999999999997,4.44526516432762e-05,3.402387170760934e-05,4.9763136987470464e-05
0.4661666666666667,4.4415900390957045e-05,3.395891326863107e-05,4.972681151204279e-05
0.4663333333333333,4.444239170532196e-05,3.40110109913378e-05,4.973323067292784e-05
0.46649999999999997,4.4391761506873403e-05,3.4040902822196986e-05,4.97452305054611e-05
0.4666666666666667,4.445353371752553e-05,3.4010170157832324e-05,4.9753374473734095e-05
0.4668333333333333,4.443077003663933e-05,3.40168373067065e-05,4.976945440366005e-05
0.46699999999999997,4.440640222361826e-05,3.400064397171664e-05,4.972913556880724e-05
0.4671666666666667,4.4387810545753997e-05,3.399477068138967e-05,4.972643948202879e-05
0.4673333333333333,4.442400068170195e-05,3.394534349532829e-05,4.971148924691976e-05
0.46749999999999997,4.439077671700288e-05,3.3984634043999756e-05,4.969188360506836e-05
0.4676666666666667,4.440108487385232e-05,3.401192533590301e-05,4.971171701605453e-05
0.4678333333333333,4.436128560948802e-05,3.397579160367345e-05,4.9683126874279785e-05
0.46799999999999997,4.440765370505107e-05,3.398972047419283e-05,4.96857756058574e-05
0.4681666666666667,4.4376741003622154e-05,3.4002833274567156e-05,4.970808268491142e-05
0.4683333333333333,4.435227440726174e-05,3.396597150025234e-05,4.96645260610085e-05
0.46849999999999997,4.4423892497575286e-05,3.397329272571544e-05,4.968072462320379e-05
0.4686666666666667,4.439105401927614e-05,3.399345424633822e-05,4.969167331212956e-05
0.4688333333333333,4.434617503993351e-05,3.3928257156616e-05,4.964740719066391e-05
0.469,4.436154107324453e-05,3.400275072440703e-05,4.9700863417948454e-05
0.4691666666666667,4.435519408571665e-05,3.3963144083694865e-05,4.967768496317009e-05
0.4693333333333333,4.4328992884008395e-05,3.393972010631048e-05,4.964946842068067e-05
0.4695,4.430534767761808e-05,3.392785850206039e-05,4.961518001737499e-05
0.4696666666666667,4.438245336986425e-05,3.390927650004966e-05,4.963899705720474e-05
0.4698333333333333,4.43344051993254e-05,3.3956805817925616e-05,4.965577348511298e-05
0.47,4.4306773423747124e-05,3.395365853501417e-05,4.961048545085793e-05
0.4701666666666667,4.431538744246075e-05,3.393373345792481e-05,4.964030340392075e-05
0.4703333333333333,4.433255576203797e-05,3.394658809249709e-05,4.965291852963453e-05
0.4705,4.431393260446892e-05,3.391453371257403e-05,4.9602979875929105e-05
0.4706666666666667,4.428413813566852e-05,3.394767736861088e-05,4.959682263934935e-05
0.4708333333333333,4.4313425198146665e-05,3.392787343942147e-05,4.960463023546128e-05
0.471,4.4295275656289334e-05,3.3915854215399346e-05,4.9616656656703236e-05
0.4711666666666667,4.432449480742246e-05,3.391644970285314e-05,4.960777730720089e-05
0.4713333333333333,4.426269124674816e-05,3.3919480478341926e-05,4.960728956931221e-05
0.4715,4.427310570293096e-05,3.390988266673982e-05,4.959980492181321e-05
0.4716666666666667,4.429062042467902e-05,3.3950430836090415e-05,4.959270228356009e-05
0.4718333333333333,4.4297963605444894e-05,3.389039991823864e-05,4.958438871513639e-05
0.472,4.42826012648632e-05,3.391254291438881e-05,4.9573727695260076e-05
0.4721666666666666,4.429098432461296e-05,3.392952203997345e-05,4.957325993717035e-05
0.4723333333333333,4.4262388650637366e-05,3.393046426139928e-05,4.9595474903710746e-05
0.4725,4.434158078251015e-05,3.392403010021838e-05,4.9596477392339755e-05
0.4726666666666666,4.4246578548616454e-05,3.387693716087343e-05,4.9549327182213054e-05
0.4728333333333333,4.424099593647255e-05,3.384922206477365e-05,4.955422901189137e-05
0.473,4.425831118348207e-05,3.3881927489614736e-05,4.953317036571105e-05
0.4731666666666666,4.42572659100783e-05,3.386042169085089e-05,4.95380752012989e-05
0.47333333333333333,4.4288164219826675e-05,3.3906910992076904e-05,4.9558791262114053e-05
0.4735,4.423477494256093e-05,3.392065245822776e-05,4.956154375543406e-05
0.4736666666666666,4.427090379958702e-05,3.3915219416846843e-05,4.957448514378805e-05
0.47383333333333333,4.426430434850092e-05,3.3834154493059996e-05,4.952668112532078e-05
0.474,4.427215474912626e-05,3.38851097964887e-05,4.953350772263451e-05
0.4741666666666666,4.42008678643874e-05,3.382886714879534e-05,4.9515346835762004e-05
0.47433333333333333,4.42652145546862e-05,3.389213152505401e-05,4.954754698284545e-05
0.4745,4.421800062501575e-05,3.390007187056418e-05,4.9542591696853644e-05
0.4746666666666666,4.4246292870647855e-05,3.3877515365724754e-05,4.95390425090121e-05
0.47483333333333333,4.423313435860521e-05,3.385200619110474e-05,4.952200959050604e-05
0.475,4.4245415522029424e-05,3.388576848583814e-05,4.953688118727933e-05
0.4751666666666666,4.421678128949652e-05,3.388201485283552e-05,4.9514352377003404e-05
0.47533333333333333,4.418669045877267e-05,3.381840941572534e-05,4.949047754753241e-05
0.4755,4.422904662368556e-05,3.387235153479115e-05,4.950566626734284e-05
0.4756666666666666,4.420024485992947e-05,3.384563402725231e-05,4.952080234032728e-05
0.47583333333333333,4.42089266956132e-05,3.3854341856720915e-05,4.9507892566291004e-05
0.476,4.424995556295579e-05,3.381486934781235e-05,4.9500735956196874e-05
0.4761666666666666,4.418574086828143e-05,3.3869213611677836e-05,4.948731372670779e-05
0.47633333333333333,4.41916296477122e-05,3.384970671627263e-05,4.950342941431667e-05
0.4765,4.4198104341655554e-05,3.3829441712433514e-05,4.946079955512774e-05
0.4766666666666666,4.41951551796736e-05,3.386692356859593e-05,4.948532933834534e-05
0.47683333333333333,4.420550787906317e-05,3.3829650509495585e-05,4.947126141517823e-05
0.477,4.420381863314988e-05,3.3815858068462544e-05,4.947484168850917e-05
0.47716666666666663,4.4207243359890696e-05,3.38458676371699e-05,4.9486770706507484e-05
0.47733333333333333,4.417954719594888e-05,3.3803009286721824e-05,4.945088772570484e-05
0.4775,4.417538660660696e-05,3.385866307358093e-05,4.9472030402342593e-05
0.47766666666666663,4.4182426561819014e-05,3.382827788958116e-05,4.94566458273552e-05
0.47783333333333333,4.4166538455246404e-05,3.384732844768883e-05,4.946463903751877e-05
0.478,4.4190670120332063e-05,3.381237781691793e-05,4.947827723096076e-05
0.47816666666666663,4.415606185676973e-05,3.379725870844861e-05,4.9431776827912714e-05
0.47833333333333333,4.416327795873996e-05,3.382489581774641e-05,4.9455085773416046e-05
0.4785,4.411406834252282e-05,3.378332295475768e-05,4.939321935141224e-05
0.47866666666666663,4.4119745507823344e-05,3.379988607399372e-05,4.941834017422471e-05
0.47883333333333333,4.417523138195292e-05,3.382785616242272e-05,4.944953280734687e-05
0.479,4.4142581157949914e-05,3.377003492197727e-05,4.9401700113661594e-05
0.47916666666666663,4.413121860895855e-05,3.378013325209902e-05,4.940769213618032e-05
0.47933333333333333,4.414020726173116e-05,3.380798260960335e-05,4.941896071795453e-05
0.4795,4.4167276143554006e-05,3.379890440676013e-05,4.9427050567690775e-05
0.47966666666666663,4.4128888055074764e-05,3.37768380418402e-05,4.939908173177876e-05
0.47983333333333333,4.416245208404945e-05,3.37756894995954e-05,4.938456837472573e-05
0.48,4.41123287712587e-05,3.377022572624198e-05,4.940014188858642e-05
0.48016666666666663,4.411513764749994e-05,3.376204006565492e-05,4.9412496856693504e-05
0.48033333333333333,4.412768266720265e-05,3.3782377164827754e-05,4.939035672477889e-05
0.4805,4.408965401653909e-05,3.377056349098114e-05,4.942055732164211e-05
0.48066666666666663,4.411790248702201e-05,3.375582521241477e-05,4.9373693008949275e-05
0.48083333333333333,4.408100907980192e-05,3.379265613949718e-05,4.9378542122400276e-05
0.481,4.412693458139078e-05,3.378485035194288e-05,4.938508763579562e-05
0.48116666666666663,4.409809533433629e-05,3.3792659907830764e-05,4.940005297147418e-05
0.48133333333333334,4.41139946473154e-05,3.379270686549405e-05,4.937596693564353e-05
0.4815,4.410840982113915e-05,3.378829196842253e-05,4.939439348108182e-05
0.48166666666666663,4.410909456352205e-05,3.378682363168749e-05,4.9376687675198133e-05
0.48183333333333334,4.410424945130632e-05,3.375440165975202e-05,4.9372139264767525e-05
0.482,4.409685955950231e-05,3.376754874459812e-05,4.937231132979539e-05
0.48216666666666663,4.405039793807415e-05,3.372844582038947e-05,4.932615876161749e-05
0.48233333333333334,4.4061105855153965e-05,3.3746909259865465e-05,4.933243902782795e-05
0.4825,4.4085287048944146e-05,3.3745236819056284e-05,4.934429649830483e-05
0.48266666666666663,4.408099588246988e-05,3.378556090479556e-05,4.936973371880719e-05
0.48283333333333334,4.4106294672656285e-05,3.373660089783503e-05,4.937336821523019e-05
0.483,4.404286016678119e-05,3.374615105088814e-05,4.935391137549219e-05
0.48316666666666663,4.403632230625568e-05,3.375160123778541e-05,4.93381823059825e-05
0.48333333333333334,4.408936392839776e-05,3.374317942815131e-05,4.933257251238185e-05
0.4835,4.405890693001325e-05,3.373778167015262e-05,4.931382915472586e-05
0.48366666666666663,4.406493627608548e-05,3.3775001039149236e-05,4.9348833673141015e-05
0.48383333333333334,4.4074201400496654e-05,3.374183291544515e-05,4.933764667673382e-05
0.484,4.4061355042568056e-05,3.3728314698223284e-05,4.932239393674673e-05
0.48416666666666663,4.40482321326302e-05,3.372265688339309e-05,4.930227767757615e-05
0.48433333333333334,4.408692981614078e-05,3.372652108611796e-05,4.9326754184843884e-05
0.4845,4.400803129589859e-05,3.370418272876594e-05,4.929414876264763e-05
0.48466666666666663,4.405453731655244e-05,3.371667671838811e-05,4.932471841143613e-05
0.48483333333333334,4.406829119661048e-05,3.3734476929305225e-05,4.933010634295183e-05
0.485,4.404777109393827e-05,3.37231455107972e-05,4.931177182676926e-05
0.48516666666666663,4.4056397893388396e-05,3.371016200836681e-05,4.933463062282252e-05
0.48533333333333334,4.402987983182054e-05,3.369705739884415e-05,4.9301371877311207e-05
0.4855,4.4050550851873223e-05,3.3708770800884766e-05,4.931772236226954e-05
0.48566666666666664,4.403327399735956e-05,3.369462281632178e-05,4.9275998483554116e-05
0.48583333333333334,4.405529994777507e-05,3.3696193824902204e-05,4.926188643700736e-05
0.486,4.401020168149574e-05,3.3726861118332655e-05,4.9292488864043486e-05
0.48616666666666664,4.401658920113003e-05,3.3727254399557204e-05,4.929564484900942e-05
0.48633333333333334,4.4038632610537394e-05,3.369669413674437e-05,4.929200983748137e-05
0.4865,4.404394963671993e-05,3.370240486741978e-05,4.9298909072720165e-05
0.48666666666666664,4.4017735178227956e-05,3.367655574093246e-05,4.9260750092361195e-05
0.48683333333333334,4.4006026529582844e-05,3.367564129856751e-05,4.925979801842909e-05
0.487,4.400579092728119e-05,3.369457626484203e-05,4.925398687298274e-05
0.48716666666666664,4.398974558234161e-05,3.3698285185902754e-05,4.927014382675333e-05
0.48733333333333334,4.3989055403109084e-05,3.36982231029367e-05,4.927176718794293e-05
0.4875,4.399679842901684e-05,3.3703760385097456e-05,4.926892690258469e-05
0.48766666666666664,4.398442547835147e-05,3.367867598828607e-05,4.924646432160598e-05
0.48783333333333334,4.3999086803326466e-05,3.3673662016770526e-05,4.924838218494317e-05
0.488,4.399099404427799e-05,3.367912925579744e-05,4.92520661796195e-05
0.48816666666666664,4.39827916099436e-05,3.369152106512483e-05,4.92265732435634e-05
0.48833333333333334,4.39884412926432e-05,3.369447801862697e-05,4.925903572031748e-05
0.4885,4.3958437591096586e-05,3.366281823515263e-05,4.9235037221244755e-05
0.48866666666666664,4.401544101788005e-05,3.370500137080854e-05,4.9291808174658244e-05
0.48883333333333334,4.397008554337538e-05,3.3701306103716445e-05,4.925033880786113e-05
0.489,4.401844864818434e-05,3.3692261462166386e-05,4.9267612492193656e-05
0.48916666666666664,4.397912457573056e-05,3.368098998853264e-05,4.9244297716066e-05
0.48933333333333334,4.401018793822616e-05,3.3675651861011735e-05,4.9253143812425684e-05
0.4895,4.3963930865784816e-05,3.3676374167445875e-05,4.923485930187882e-05
0.48966666666666664,4.395292026019527e-05,3.369236746856326e-05,4.92139854614248e-05
0.48983333333333334,4.395993556110812e-05,3.366851344324259e-05,4.924714832331992e-05
0.49,4.3947417552920745e-05,3.364874888025761e-05,4.921640253336709e-05
0.49016666666666664,4.4002403648212406e-05,3.3681869254833354e-05,4.923847456479344e-05
0.49033333333333334,4.398045027382695e-05,3.3657054440180127e-05,4.922138554316786e-05
0.4905,4.398698388463128e-05,3.3648203926037535e-05,4.922544122023608e-05
0.49066666666666664,4.402010258119629e-05,3.368349741239325e-05,4.924466153297724e-05
0.49083333333333334,4.394638175883027e-05,3.3672807315873676e-05,4.920736728685976e-05
0.491,4.397644081416281e-05,3.3681336500557546e-05,4.9253887784830436e-05
0.49116666666666664,4.397271895287452e-05,3.3630957297999e-05,4.919302038291187e-05
0.49133333333333334,4.397528323799579e-05,3.3673691289986606e-05,4.923695651274517e-05
0.4915,4.395424154323669e-05,3.366264080800618e-05,4.921768933533804e-05
0.49166666666666664,4.4002746737611724e-05,3.3671134374160673e-05,4.92453193365923e-05
0.49183333333333334,4.401039453209795e-05,3.3652867357934176e-05,4.9246705115802636e-05
0.492,4.395934357764494e-05,3.370875250863216e-05,4.926546036243818e-05
0.49216666666666664,4.391293261060869e-05,3.3653836546616915e-05,4.9219713151283094e-05
0.4923333333333333,4.3991041175262004e-05,3.368169019350501e-05,4.923122663839177e-05
0.4925,4.395487148702434e-05,3.3651614433284064e-05,4.920217325915367e-05
0.49266666666666664,4.398093649342863e-05,3.366583887786115e-05,4.923696624315526e-05
0.4928333333333333,4.3950985885309484e-05,3.366021138865809e-05,4.92272875167655e-05
0.493,4.395484396432047e-05,3.365811501783532e-05,4.9227568024966115e-05
0.49316666666666664,4.398026265079677e-05,3.3659324127753314e-05,4.922168559289545e-05
0.4933333333333333,4.397464941917425e-05,3.3667389795110734e-05,4.9223893309821215e-05
0.4935,4.397925665791332e-05,3.3654055473310434e-05,4.922304178007076e-05
0.49366666666666664,4.394448396722402e-05,3.369560067998649e-05,4.922389516946867e-05
0.4938333333333333,4.397181117891804e-05,3.3657476217219094e-05,4.9227359529478286e-05
0.494,4.4011369044024204e-05,3.368855704263501e-05,4.92518174083901e-05
0.49416666666666664,4.39681093004934e-05,3.3655986220043994e-05,4.921240993269301e-05
0.4943333333333333,4.3938305871996756e-05,3.3648745501243495e-05,4.9191404088814355e-05
0.4945,4.393780767921042e-05,3.3656366374555197e-05,4.921719600391208e-05
0.49466666666666664,4.395740997692922e-05,3.3661656050359e-05,4.9192393442230455e-05
0.4948333333333333,4.393092395555718e-05,3.363523847397221e-05,4.920395043561388e-05
0.495,4.393356536633749e-05,3.364759070774158e-05,4.921859085090187e-05
0.49516666666666664,4.396108296518795e-05,3.366652607050925e-05,4.920263337649806e-05
0.4953333333333333,4.394275729303282e-05,3.363991753811615e-05,4.922152995956971e-05
0.4955,4.395972418642923e-05,3.365617056485413e-05,4.923480622124699e-05
0.49566666666666664,4.395353947664488e-05,3.368297734393167e-05,4.9222585408127766e-05
0.4958333333333333,4.3922560697082694e-05,3.367291297410818e-05,4.920919895174959e-05
0.496,4.3955314585487267e-05,3.364976256715574e-05,4.921288588393507e-05
0.49616666666666664,4.392404054434166e-05,3.364206737386317e-05,4.918432968208908e-05
0.4963333333333333,4.396878828076249e-05,3.3644579073050096e-05,4.921320477933575e-05
0.4965,4.396717761510809e-05,3.366987626498984e-05,4.922704401050601e-05
0.49666666666666665,4.395236460448181e-05,3.364823121807185e-05,4.921154771477212e-05
0.4968333333333333,4.395641872184075e-05,3.366991439616005e-05,4.922438251824879e-05
0.497,4.3943817792818994e-05,3.365036226430886e-05,4.921790597934454e-05
0.49716666666666665,4.396237225571912e-05,3.3662057014473685e-05,4.922037105236336e-05
0.4973333333333333,4.3944125099943274e-05,3.368862986497338e-05,4.922961473273295e-05
0.4975,4.395671247315635e-05,3.365706457061189e-05,4.921962223117737e-05
0.49766666666666665,4.3940107413029476e-05,3.3652571766846626e-05,4.922006143063305e-05
0.4978333333333333,4.3966761190505686e-05,3.367091932818918e-05,4.920318750458672e-05
0.498,4.39383858221948e-05,3.362567434722939e-05,4.920907251015819e-05
0.49816666666666665,4.391803648642202e-05,3.364893873596915e-05,4.9206625154783026e-05
0.4983333333333333,4.391614484755142e-05,3.3653670248663866e-05,4.920420703734782e-05
0.4985,4.389955918229496e-05,3.3649914454008795e-05,4.919250287364488e-05
0.49866666666666665,4.394803629810003e-05,3.363504758482403e-05,4.920470515492312e-05
0.4988333333333333,4.3945596073945845e-05,3.363935368419426e-05,4.920845907384149e-05
0.499,4.395684793194323e-05,3.365664355172307e-05,4.9227318533132056e-05
0.49916666666666665,4.3931021621197254e-05,3.365817528295986e-05,4.922023808457183e-05
0.4993333333333333,4.3920018731223454e-05,3.364262001859836e-05,4.9210792404587975e-05
0.4995,4.39325014788106e-05,3.3662613472112415e-05,4.9200310012453584e-05
0.49966666666666665,4.388664974489843e-05,3.3661555658414045e-05,4.9179722415228086e-05
0.4998333333333333,4.3919557048715726e-05,3.362130476427394e-05,4.919779160613618e-05
0.5,4.3948057717872765e-05,3.367583878469792e-05,4.9234315334594526e-05
